track,geometry,system,target,n_units,n_frames,n_affected,g_variant,arch,setting,quota,ndg_defined,undefined_reason,eta_V,eta_V_lo,eta_V_hi,V_minus_random,V_minus_random_lo,V_minus_random_hi,eta_G,eta_G_lo,eta_G_hi,G_minus_random,G_minus_random_lo,G_minus_random_hi,diff,diff_lo,diff_hi,p_diff_le_0,oracle_reduction,abs_reduction_V,abs_reduction_G,boot_dropped,escalated_frac,sign_agree_train,sign_agree_train_n,sign_agree_fit,sign_agree_fit_n
nuScenes,oracle,brake,J,24,955,62,primary,gate_ridge,quota,0.1,True,,0.18434522848536988,-0.21985305592999446,0.5950921384439061,0.13351929448114988,-0.23983666120792405,0.5918183942998613,0.0714939748879921,-0.2529993437486965,0.28398892073503673,0.02013036899429635,-0.22474143965630275,0.29161833696156997,0.11285125359737778,-0.2749485341510298,0.6223874356356928,0.28772635814889336,0.1986690658005644,0.03662369432798003,0.0142036412013664,6,,0.5798816568047337,169,0.6157205240174672,229
nuScenes,oracle,brake,J,24,955,62,primary,gate_ridge,quota,0.2,True,,0.20217108660263017,-0.1758432875818128,0.6613986544157677,0.1817983029469789,-0.1951253114619343,0.6912982882919333,0.05020802933097202,-0.7023371843858008,0.41651532175868483,-0.06270015779835114,-0.5022144568840002,0.2856674835294198,0.15196305727165815,-0.2867220832172693,1.1028520793180927,0.21327967806841047,0.1986690658005644,0.040165140907229537,0.009974782282871547,6,,0.5798816568047337,169,0.6157205240174672,229
nuScenes,oracle,brake,J,24,955,62,primary,gate_ridge,quota,0.3,True,,0.3999724803037559,-0.08156640887878891,0.7574978982058772,0.2922446027496798,-0.14246231427258368,0.8230747607849185,0.04882157369962955,-0.7205449414943567,0.440341460274946,-0.05730352408581625,-0.38856388325568314,0.270369764826581,0.35115090660412634,-0.19179888805181153,1.1647131089823188,0.09356136820925554,0.1986690658005644,0.07946215900788182,0.009699336437818807,6,,0.5798816568047337,169,0.6157205240174672,229
nuScenes,oracle,brake,J,24,955,62,primary,gate_ridge,quota,0.5,True,,0.4100223396696762,-0.624409557796057,0.8838137087403332,0.2081107379045882,-0.3214330482669869,0.7800539893399794,-0.023522213760954088,-0.9756559072731257,0.4055889982836458,-0.20327236742686927,-0.5005406586815255,0.1307136009329706,0.4335445534306303,-0.21181996044993376,1.057729607427345,0.09859154929577464,0.1986690658005644,0.08145875517953627,-0.004673136233449929,6,,0.5798816568047337,169,0.6157205240174672,229
nuScenes,oracle,brake,J,24,955,62,primary,gate_gbm,quota,0.1,True,,-0.016077832659208834,-0.4878902971076514,0.35120958555353726,-0.04548810957087033,-0.4340727022383377,0.3010328110218421,0.1471024927686914,-0.10695626500640806,0.44516399162973624,0.1111226427111524,-0.11643292436271507,0.47543834497423487,-0.16318032542790023,-0.703396603875636,0.2116434232634588,0.7776659959758552,0.1986690658005644,-0.003194167994502823,0.0292247148152902,6,,0.5798816568047337,169,0.6157205240174672,229
nuScenes,oracle,brake,J,24,955,62,primary,gate_gbm,quota,0.2,True,,-0.06013962803689725,-0.8048700586883845,0.37960165030140824,-0.13050710044148287,-0.6078059834223472,0.23941413059130243,0.057221893618905256,-0.3923193664396427,0.3968472171806159,-0.004049880340113499,-0.26083906126528134,0.34778029806367977,-0.1173615216558025,-0.6699304386589564,0.2356056679027157,0.7032193158953722,0.1986690658005644,-0.011947883719683807,0.011368220148607184,6,,0.5798816568047337,169,0.6157205240174672,229
nuScenes,oracle,brake,J,24,955,62,primary,gate_gbm,quota,0.3,True,,-0.12899006001208407,-1.1209470989765769,0.3948648815153151,-0.231572991347221,-0.8142276206931606,0.19313351035322515,0.058335513080343036,-0.38220946382213167,0.3859643911038182,-0.0366789475978912,-0.2866540622396888,0.3935678081843592,-0.18732557309242712,-0.9801494863749142,0.2557109775336435,0.7263581488933601,0.1986690658005644,-0.02562633472015948,0.011589461886668356,6,,0.5798816568047337,169,0.6157205240174672,229
nuScenes,oracle,brake,J,24,955,62,primary,gate_gbm,quota,0.5,True,,0.15381395145955346,-1.0055105794719812,0.6530986240885773,-0.07951352870865203,-0.527118101152915,0.272280480851208,0.11638964387610491,-0.3482152198141038,0.5039802255551447,-0.03611733578584293,-0.37981760320978736,0.6282759770857989,0.03742430758344854,-0.9734145139076679,0.5536409651920662,0.4909456740442656,0.1986690658005644,0.030558074043562845,0.023123021817726144,6,,0.5798816568047337,169,0.6157205240174672,229
nuScenes,oracle,brake,J,24,955,62,primary,R1_mlp_reg,quota,0.1,True,,-0.023534545355087585,-0.43776310316982037,0.30195367213895646,-0.04519483273645177,-0.32657277459973766,0.23140322379890418,0.2899641269230573,0.0017721187752874296,0.563545863493592,0.24956407705547728,-0.032840170641286325,0.5980494234645471,-0.3134986722781449,-0.7816203609145124,0.028263496841534366,0.9527162977867203,0.1986690658005644,-0.004675586139736262,0.05760690221148008,6,,0.5798816568047337,169,0.6157205240174672,229
nuScenes,oracle,brake,J,24,955,62,primary,R1_mlp_reg,quota,0.2,True,,0.18580179832831845,-0.7414582591443016,0.5644008337634595,0.03937627234843321,-0.5165455972672682,0.42479131494301764,0.39574272276724476,0.08698638676967946,0.7318673004712155,0.352258321100679,-0.0037442002954088884,0.8143314401951808,-0.2099409244389263,-1.1964247732996094,0.18946394464136318,0.823943661971831,0.1986690658005644,0.03691306969795189,0.07862183702954026,6,,0.5798816568047337,169,0.6157205240174672,229
nuScenes,oracle,brake,J,24,955,62,primary,R1_mlp_reg,quota,0.3,True,,0.2946226536628813,-0.59869914321849,0.7297680924213922,0.18615688964278107,-0.2667328838537401,0.5283273569753717,0.582623755877143,0.2666056482340748,0.8436599730358231,0.4777382257670186,0.12400866154534212,0.970781196646786,-0.2880011022142617,-1.0940308954067666,0.15412227409029483,0.8531187122736419,0.1986690658005644,0.05853240736688786,0.11574931729332809,6,,0.5798816568047337,169,0.6157205240174672,229
nuScenes,oracle,brake,J,24,955,62,primary,R1_mlp_reg,quota,0.5,True,,0.515715759019793,-0.2788024704785347,0.9169496405594475,0.32034442803529933,-0.00516569906427245,0.6635191620400762,0.6041286265854252,0.3350126824485251,0.8582481341109838,0.44596587049300024,0.02287106126484618,1.2281629559623954,-0.08841286756563216,-0.8139809886219079,0.37819739127526947,0.6247484909456741,0.1986690658005644,0.10245676806309127,0.12002166986710444,6,,0.5798816568047337,169,0.6157205240174672,229
nuScenes,oracle,brake,J,24,955,62,primary,R1_mlp_clf,quota,0.1,True,,0.035594444764764865,-0.3942578366022591,0.32032768692433045,-0.01825053608453267,-0.29649106719052865,0.24482722359965345,0.15808942133876733,-0.11999203765162118,0.48200134054992555,0.12749298142409607,-0.13527631679848112,0.5087586164540657,-0.12249497657400246,-0.6857128640561051,0.28414094209169233,0.7193158953722334,0.1986690658005644,0.007071515089105626,0.031407477650324714,6,,0.5798816568047337,169,0.6157205240174672,229
nuScenes,oracle,brake,J,24,955,62,primary,R1_mlp_clf,quota,0.2,True,,0.13072451855751852,-0.35988344298031966,0.38750696717705435,0.03927860040695395,-0.18656497101275973,0.2619069084270816,0.2863070824042956,-0.09511288954672857,0.5456893552148715,0.20403687467209006,-0.11235102115820467,0.5975663842301604,-0.15558256384677707,-0.657760568634384,0.19026107961197877,0.7997987927565392,0.1986690658005644,0.025970917979050746,0.05688036059334661,6,,0.5798816568047337,169,0.6157205240174672,229
nuScenes,oracle,brake,J,24,955,62,primary,R1_mlp_clf,quota,0.3,True,,0.14854762702148058,-0.36001424698501927,0.4959113381262509,0.047752647143236286,-0.2655201818766647,0.3453847169930572,0.3477903704159894,-0.2435605885172581,0.5880291509263491,0.15573690179998184,-0.26927869071415406,0.621043534277113,-0.19924274339450884,-0.6519593522052323,0.3859173503400866,0.6750503018108652,0.1986690658005644,0.029511818287248224,0.06909518798497687,6,,0.5798816568047337,169,0.6157205240174672,229
nuScenes,oracle,brake,J,24,955,62,primary,R1_mlp_clf,quota,0.5,True,,0.14594872384861474,-0.8923519717430869,0.6845392502718882,-0.06133424944376266,-0.4828222636238854,0.3352116396807272,0.3525898205492031,-0.35765270554443984,0.7894684849047708,0.16875782379650156,-0.3054821541670098,0.6611939831096647,-0.2066410967005884,-0.7758109786066328,0.16964223899545558,0.8661971830985915,0.1986690658005644,0.028995496621788845,0.07004869025929883,6,,0.5798816568047337,169,0.6157205240174672,229
nuScenes,oracle,brake,J,24,955,62,primary,R1_gbm_reg,quota,0.1,True,,0.047955067979664354,-0.4591096953067214,0.30487822608444914,-0.013943750204792826,-0.34119541330274866,0.23398494230932035,0.23376646787944816,0.014794955675817607,0.593905222958756,0.20791205774043645,-0.006552910792849817,0.6032694511579756,-0.1858113998997838,-0.8399127653288329,0.1993924942775262,0.795774647887324,0.1986690658005644,0.009527188555922477,0.04644216578910761,6,,0.5798816568047337,169,0.6157205240174672,229
nuScenes,oracle,brake,J,24,955,62,primary,R1_gbm_reg,quota,0.2,True,,0.31722929948753875,-0.31334847142661665,0.7113638827694827,0.19914962662339258,-0.19058034992835957,0.6035991627833788,0.327947070048186,-0.16020114383147296,0.6959249552213349,0.23113480298638284,-0.1410402450362695,0.706441426822047,-0.010717770560647266,-0.7771413302234064,0.5944404617613968,0.48993963782696176,0.1986690658005644,0.06302364857375678,0.06515293803850537,6,,0.5798816568047337,169,0.6157205240174672,229
nuScenes,oracle,brake,J,24,955,62,primary,R1_gbm_reg,quota,0.3,True,,0.54025151318763,-0.14215909364777762,0.8391727929407867,0.334593284325041,-0.04430460760701037,0.7007850661245717,0.2985399541029091,-0.4179657610856806,0.638545327149453,0.17060694579717084,-0.11735649704169125,0.49354158905115025,0.24171155908472086,-0.36260061639608504,0.5930107584911617,0.21830985915492956,0.1986690658005644,0.10733126342232775,0.05931065378576833,6,,0.5798816568047337,169,0.6157205240174672,229
nuScenes,oracle,brake,J,24,955,62,primary,R1_gbm_reg,quota,0.5,True,,0.5012937390788932,-0.4720835508022497,0.8690188576947827,0.2867306223216152,0.03504791839167408,0.547968620986323,0.32555603430091484,-0.31366822390970867,0.7000034694732857,0.18218269752161323,-0.035494423926493344,0.5850249256349904,0.17573770477797834,-0.4122833011337186,0.45882597994088586,0.2605633802816901,0.1986690658005644,0.0995915588344756,0.06467791320029925,6,,0.5798816568047337,169,0.6157205240174672,229
nuScenes,oracle,brake,J,24,955,62,primary,R1_gbm_clf,quota,0.1,True,,-0.05455175025484875,-0.35947483438151456,0.3352762581260111,-0.06691768043343248,-0.23377242448073257,0.2771284665456163,0.02584705429759193,-0.6376029702827811,0.4203688337492365,-0.016750524952376677,-0.5056034411351639,0.35176210899359484,-0.08039880455244068,-0.4041212662205759,0.4550131602985301,0.6549295774647887,0.1986690658005644,-0.010837745260916501,0.0051350101309990525,6,,0.5798816568047337,169,0.6157205240174672,229
nuScenes,oracle,brake,J,24,955,62,primary,R1_gbm_clf,quota,0.2,True,,0.35483437329742334,-0.25304308095309264,0.7405535361508904,0.24883249706022778,-0.12796900314601686,0.6375618679208762,0.07187867848138414,-0.6152031071806041,0.4892649328279496,0.01091829296546608,-0.3916277898650149,0.3607611596572941,0.2829556948160392,-0.27773768057446924,0.8001767685650767,0.20925553319919518,0.1986690658005644,0.07049461345692783,0.014280069904875719,6,,0.5798816568047337,169,0.6157205240174672,229
nuScenes,oracle,brake,J,24,955,62,primary,R1_gbm_clf,quota,0.3,True,,0.4279501311472544,-0.445098331899958,0.8562939294460264,0.2740471454442868,-0.1848590747899684,0.6544838298914082,0.15419378979514473,-0.8162005881620503,0.5662783530162017,0.02798598073289476,-0.5490727397446583,0.3744072305962705,0.2737563413521097,-0.09765921355493593,0.7235023699818346,0.09456740442655935,0.1986690658005644,0.08502045276425405,0.030633536170850004,6,,0.5798816568047337,169,0.6157205240174672,229
nuScenes,oracle,brake,J,24,955,62,primary,R1_gbm_clf,quota,0.5,True,,0.32187824828300354,-1.1013063484875198,0.9419390193750825,0.10934893047252424,-0.5834180185658023,0.6035631180262696,0.18563330179774776,-0.9159137820440708,0.6327108010691849,0.00016303967989839442,-0.4171515265921973,0.3126784965576456,0.13624494648525579,-0.4382345221120951,0.5293958124917103,0.3058350100603622,0.1986690658005644,0.06394725088790644,0.03687959464963278,6,,0.5798816568047337,169,0.6157205240174672,229
nuScenes,oracle,brake,J,24,955,62,primary,gate_ridge,budget_ms_20,0.2,True,,0.0,0.0,0.0,-0.06209588451229212,-0.18726981160315007,0.2664527061088859,0.0,0.0,0.0,-0.06209588451229212,-0.18726981160315007,0.2664527061088859,0.0,0.0,0.0,1.0,0.1986690658005644,0.0,0.0,6,0.0,0.5798816568047337,169,0.6157205240174672,229
nuScenes,oracle,brake,J,24,955,62,primary,gate_gbm,budget_ms_20,0.2,True,,0.0,0.0,0.0,-0.06209588451229212,-0.18726981160315007,0.2664527061088859,0.0,0.0,0.0,-0.06209588451229212,-0.18726981160315007,0.2664527061088859,0.0,0.0,0.0,1.0,0.1986690658005644,0.0,0.0,6,0.0,0.5798816568047337,169,0.6157205240174672,229
nuScenes,oracle,brake,J,24,955,62,primary,R1_mlp_reg,budget_ms_20,0.2,True,,-0.038121801804444286,-0.7952076131631638,0.4538672862308954,-0.05187114810241937,-0.5690276458673029,0.30176857958508135,0.2909544523740162,0.028705798394735277,0.6141270430899847,0.2563915441550785,-0.06712846658798204,0.7214806912808326,-0.3290762541784605,-1.1535896934289784,0.22796010638176822,0.8279678068410463,0.1986690658005644,-0.007573622751123216,0.057803649243660604,6,0.16645221467687044,0.5798816568047337,169,0.6157205240174672,229
nuScenes,oracle,brake,J,24,955,62,primary,R1_mlp_clf,budget_ms_20,0.2,True,,0.12453333351214223,-0.37285460257296726,0.38798569767247043,0.03241549328066454,-0.1939092943002421,0.2606980848552988,0.27309444390450466,-0.1136418664549693,0.517516631969644,0.1682690695626408,-0.16850856956062135,0.5826069084326185,-0.14856111039236242,-0.6585466124342332,0.25523913414119703,0.7263581488933601,0.1986690658005644,0.024740921029887415,0.05425541804583258,6,0.16645221467687044,0.5798816568047337,169,0.6157205240174672,229
nuScenes,oracle,brake,J,24,955,62,primary,R1_gbm_reg,budget_ms_20,0.2,True,,0.0,0.0,0.0,-0.06209588451229212,-0.18726981160315007,0.2664527061088859,0.0,0.0,0.0,-0.06209588451229212,-0.18726981160315007,0.2664527061088859,0.0,0.0,0.0,1.0,0.1986690658005644,0.0,0.0,6,0.0,0.5798816568047337,169,0.6157205240174672,229
nuScenes,oracle,brake,J,24,955,62,primary,R1_gbm_clf,budget_ms_20,0.2,True,,0.0,0.0,0.0,-0.06209588451229212,-0.18726981160315007,0.2664527061088859,0.0,0.0,0.0,-0.06209588451229212,-0.18726981160315007,0.2664527061088859,0.0,0.0,0.0,1.0,0.1986690658005644,0.0,0.0,6,0.0,0.5798816568047337,169,0.6157205240174672,229
nuScenes,oracle,brake,J,24,955,62,primary,gate_gbm_batched,budget_ms_20,0.2,True,,-0.08754476986476699,-0.43054312795952526,0.17171542398085374,-0.1395263267214549,-0.39720577182333355,0.23102776027629657,0.0,0.0,0.018228139004789316,-0.060361731970877686,-0.18693617628513878,0.26810926683693326,-0.08754476986476699,-0.43514589147472577,0.17065121856406348,0.7736418511066399,0.1986690658005644,-0.01739243764475866,0.0,6,0.0172835013923785,0.5798816568047337,169,0.6157205240174672,229
nuScenes,oracle,brake,J,24,955,62,dE_exact,gate_ridge,quota,0.1,True,,0.18434522848536988,-0.21985305592999446,0.5950921384439061,0.13351929448114988,-0.23983666120792405,0.5918183942998613,-0.25960547629457753,-1.0862098671850315,0.219045645487627,-0.25126070319599486,-0.9739514087993212,0.1398208382049336,0.4439507047799474,-0.2650443575625747,1.388978786591737,0.12776659959758552,0.1986690658005644,0.03662369432798003,-0.051575577452154284,6,,0.5508474576271186,118,0.5796178343949044,157
nuScenes,oracle,brake,J,24,955,62,dE_exact,gate_ridge,quota,0.2,True,,0.20217108660263017,-0.1758432875818128,0.6613986544157677,0.1817983029469789,-0.1951253114619343,0.6912982882919333,-0.019440074960022313,-1.1990452109686789,0.5494981594213822,-0.14499819034567651,-0.9704739510291664,0.4156222368521389,0.22161116156265248,-0.46004415411319016,1.5780491580532334,0.2635814889336016,0.1986690658005644,0.040165140907229537,-0.003862141531400577,6,,0.5508474576271186,118,0.5796178343949044,157
nuScenes,oracle,brake,J,24,955,62,dE_exact,gate_ridge,quota,0.3,True,,0.3999724803037559,-0.08156640887878891,0.7574978982058772,0.2922446027496798,-0.14246231427258368,0.8230747607849185,0.12766313389200895,-0.9856383598558901,0.7579294880309158,0.06956699198633642,-0.6674712709618634,0.5436613886630587,0.2723093464117469,-0.635201716900424,1.4609701283007053,0.369215291750503,0.1986690658005644,0.07946215900788182,0.025362715547497788,6,,0.5508474576271186,118,0.5796178343949044,157
nuScenes,oracle,brake,J,24,955,62,dE_exact,gate_ridge,quota,0.5,True,,0.4100223396696762,-0.624409557796057,0.8838137087403332,0.2081107379045882,-0.3214330482669869,0.7800539893399794,0.36963298411907597,-0.8466465977925554,0.9402880095824809,0.16164285489189636,-0.3115158057674628,0.6012705498828685,0.04038935555060025,-0.6819197402700244,0.901056783766295,0.4476861167002012,0.1986690658005644,0.08145875517953627,0.07343463964401167,6,,0.5508474576271186,118,0.5796178343949044,157
nuScenes,oracle,brake,J,24,955,62,dE_exact,gate_gbm,quota,0.1,True,,-0.016077832659208834,-0.4878902971076514,0.35120958555353726,-0.04548810957087033,-0.4340727022383377,0.3010328110218421,-0.2086854060008445,-0.9369783537496301,0.10921350409022071,-0.2559335804080202,-0.8218282987185447,0.03429226923210105,0.19260757334163567,-0.2148685197817226,0.7973873268636003,0.17706237424547283,0.1986690658005644,-0.003194167994502823,-0.041459334656399276,6,,0.5508474576271186,118,0.5796178343949044,157
nuScenes,oracle,brake,J,24,955,62,dE_exact,gate_gbm,quota,0.2,True,,-0.06013962803689725,-0.8048700586883845,0.37960165030140824,-0.13050710044148287,-0.6078059834223472,0.23941413059130243,-0.1980646622102013,-1.2451604636596034,0.24363785267581217,-0.28767958532619087,-0.954284025807002,0.11277951182240747,0.13792503417330404,-0.21108941282726204,0.6059262238695077,0.1981891348088531,0.1986690658005644,-0.011947883719683807,-0.039349321409405044,6,,0.5508474576271186,118,0.5796178343949044,157
nuScenes,oracle,brake,J,24,955,62,dE_exact,gate_gbm,quota,0.3,True,,-0.12899006001208407,-1.1209470989765769,0.3948648815153151,-0.231572991347221,-0.8142276206931606,0.19313351035322515,-0.14412308736652496,-1.202855972879429,0.5227206687086248,-0.21730818027759446,-0.8407113520242623,0.32321232139532674,0.015133027354440887,-0.5478295025463075,0.3582003263797406,0.45271629778672035,0.1986690658005644,-0.02562633472015948,-0.02863279912740064,6,,0.5508474576271186,118,0.5796178343949044,157
nuScenes,oracle,brake,J,24,955,62,dE_exact,gate_gbm,quota,0.5,True,,0.15381395145955346,-1.0055105794719812,0.6530986240885773,-0.07951352870865203,-0.527118101152915,0.272280480851208,0.3342420703447592,-1.1475059293146488,0.8659591598986813,0.07514198145093502,-0.6346905160939271,0.5209836492697658,-0.18042811888520577,-0.5966168067871971,0.3404039606450156,0.7655935613682092,0.1986690658005644,0.030558074043562845,0.06640355986663984,6,,0.5508474576271186,118,0.5796178343949044,157
nuScenes,oracle,brake,J,24,955,62,dE_exact,R1_mlp_reg,quota,0.1,True,,-0.023534545355087585,-0.43776310316982037,0.30195367213895646,-0.04519483273645177,-0.32657277459973766,0.23140322379890418,-0.0013682365537264248,-0.019279576993034703,0.014813886568200312,-0.031335641352589046,-0.09594655755775491,0.13763114803715515,-0.02216630880136116,-0.43229433287441105,0.2962278133646246,0.4798792756539235,0.1986690658005644,-0.004675586139736262,-0.0002718262779230126,6,,0.5508474576271186,118,0.5796178343949044,157
nuScenes,oracle,brake,J,24,955,62,dE_exact,R1_mlp_reg,quota,0.2,True,,0.18580179832831845,-0.7414582591443016,0.5644008337634595,0.03937627234843321,-0.5165455972672682,0.42479131494301764,0.12564857958601017,-0.4045458957288016,0.5564377934979965,0.03618982260476555,-0.26406274623769677,0.45125475732401826,0.06015321874230828,-0.582590983876119,0.3666044947104803,0.42857142857142855,0.1986690658005644,0.03691306969795189,0.024962485925520507,6,,0.5508474576271186,118,0.5796178343949044,157
nuScenes,oracle,brake,J,24,955,62,dE_exact,R1_mlp_reg,quota,0.3,True,,0.2946226536628813,-0.59869914321849,0.7297680924213922,0.18615688964278107,-0.2667328838537401,0.5283273569753717,0.2883853966670033,-0.7416713099713077,0.7303332634976709,0.11717257545888181,-0.43117225553728333,0.5197781586273235,0.0062372569958780155,-0.3372372502023387,0.5501381875794866,0.39235412474849096,0.1986690658005644,0.05853240736688786,0.05729325734635874,6,,0.5508474576271186,118,0.5796178343949044,157
nuScenes,oracle,brake,J,24,955,62,dE_exact,R1_mlp_reg,quota,0.5,True,,0.515715759019793,-0.2788024704785347,0.9169496405594475,0.32034442803529933,-0.00516569906427245,0.6635191620400762,0.2535938111047619,-1.0427440820956242,0.7837903099932362,0.08368100325765208,-0.40106959106766893,0.40355852866737146,0.26212194791503113,-0.2242392226398234,0.9426160809128301,0.1891348088531187,0.1986690658005644,0.10245676806309127,0.050381245544987845,6,,0.5508474576271186,118,0.5796178343949044,157
nuScenes,oracle,brake,J,24,955,62,dE_exact,R1_mlp_clf,quota,0.1,True,,0.035594444764764865,-0.3942578366022591,0.32032768692433045,-0.01825053608453267,-0.29649106719052865,0.24482722359965345,0.0747391966017886,-0.07522656015725286,0.41434163895875104,0.09845187975763818,-0.09211614699198199,0.3977921833653217,-0.039144751837023734,-0.5605643549567149,0.29128311633322407,0.7062374245472837,0.1986690658005644,0.007071515089105626,0.014848366367562059,6,,0.5508474576271186,118,0.5796178343949044,157
nuScenes,oracle,brake,J,24,955,62,dE_exact,R1_mlp_clf,quota,0.2,True,,0.13072451855751852,-0.35988344298031966,0.38750696717705435,0.03927860040695395,-0.18656497101275973,0.2619069084270816,0.2437457968169071,-0.15372253783858542,0.5178158741934674,0.1470490621264936,-0.1571711621963979,0.5218673033074995,-0.1130212782593886,-0.676450209607188,0.3524555275515717,0.6408450704225352,0.1986690658005644,0.025970917979050746,0.048424749746429116,6,,0.5508474576271186,118,0.5796178343949044,157
nuScenes,oracle,brake,J,24,955,62,dE_exact,R1_mlp_clf,quota,0.3,True,,0.14854762702148058,-0.36001424698501927,0.4959113381262509,0.047752647143236286,-0.2655201818766647,0.3453847169930572,0.3007533632558889,-0.3400421818747667,0.5928058701320436,0.14427237767019047,-0.1644100743925649,0.46318082498190577,-0.15220573623440833,-0.5502080213055307,0.3984218441044971,0.6690140845070423,0.1986690658005644,0.029511818287248224,0.05975038971442524,6,,0.5508474576271186,118,0.5796178343949044,157
nuScenes,oracle,brake,J,24,955,62,dE_exact,R1_mlp_clf,quota,0.5,True,,0.14594872384861474,-0.8923519717430869,0.6845392502718882,-0.06133424944376266,-0.4828222636238854,0.3352116396807272,0.17625058388156925,-0.5995583814698652,0.6969243409673512,0.08445052789948393,-0.22809105556772444,0.4102270271558947,-0.030301860032954514,-0.6701285326120254,0.255473788856722,0.7394366197183099,0.1986690658005644,0.028995496621788845,0.03501553884655537,6,,0.5508474576271186,118,0.5796178343949044,157
nuScenes,oracle,brake,J,24,955,62,dE_exact,R1_gbm_reg,quota,0.1,True,,0.047955067979664354,-0.4591096953067214,0.30487822608444914,-0.013943750204792826,-0.34119541330274866,0.23398494230932035,0.00032530251153061677,-0.4659383398529947,0.20501842004295595,-0.08387632441721972,-0.37562741525641363,0.14706041138477727,0.04762976546813374,-0.25666579771828846,0.3501217682937426,0.306841046277666,0.1986690658005644,0.009527188555922477,6.462754606836497e-05,6,,0.5508474576271186,118,0.5796178343949044,157
nuScenes,oracle,brake,J,24,955,62,dE_exact,R1_gbm_reg,quota,0.2,True,,0.31722929948753875,-0.31334847142661665,0.7113638827694827,0.19914962662339258,-0.19058034992835957,0.6035991627833788,-0.10926102071497208,-0.788609559616549,0.4633467861061725,-0.06279079799915083,-0.5604847722323542,0.3122064714204877,0.4264903202025108,-0.24910194421806497,0.82507724312548,0.16096579476861167,0.1986690658005644,0.06302364857375678,-0.02170678491385962,6,,0.5508474576271186,118,0.5796178343949044,157
nuScenes,oracle,brake,J,24,955,62,dE_exact,R1_gbm_reg,quota,0.3,True,,0.54025151318763,-0.14215909364777762,0.8391727929407867,0.334593284325041,-0.04430460760701037,0.7007850661245717,0.18891917935018174,-0.8474883514695422,0.542706611537488,0.01409269601653379,-0.5088265726843441,0.3360973523034962,0.3513323338374482,-0.08794345324580291,0.916261281451365,0.06841046277665996,0.1986690658005644,0.10733126342232775,0.037532396873309885,6,,0.5508474576271186,118,0.5796178343949044,157
nuScenes,oracle,brake,J,24,955,62,dE_exact,R1_gbm_reg,quota,0.5,True,,0.5012937390788932,-0.4720835508022497,0.8690188576947827,0.2867306223216152,0.03504791839167408,0.547968620986323,0.3599252557278788,-0.9515959964491781,0.7935523614004565,0.08851183721096594,-0.43032999063921057,0.4434472954521125,0.14136848335101437,-0.1992054928178268,0.6355519358550435,0.17404426559356137,0.1986690658005644,0.0995915588344756,0.07150601431348692,6,,0.5508474576271186,118,0.5796178343949044,157
nuScenes,oracle,brake,J,24,955,62,dE_exact,R1_gbm_clf,quota,0.1,True,,-0.05455175025484875,-0.35947483438151456,0.3352762581260111,-0.06691768043343248,-0.23377242448073257,0.2771284665456163,0.08988528363189001,-0.05820196953325625,0.325387927052278,0.04607416782413251,-0.09120983997651895,0.33733464770007815,-0.14443703388673876,-0.4737325987270898,0.3125627256245593,0.8098591549295775,0.1986690658005644,-0.010837745260916501,0.01785742532836635,6,,0.5508474576271186,118,0.5796178343949044,157
nuScenes,oracle,brake,J,24,955,62,dE_exact,R1_gbm_clf,quota,0.2,True,,0.35483437329742334,-0.25304308095309264,0.7405535361508904,0.24883249706022778,-0.12796900314601686,0.6375618679208762,0.38209095086816985,-0.10508073526616668,0.7103338223773116,0.3166107065389476,-0.058554208904659226,0.6776359428497077,-0.02725657757074651,-0.613133072937868,0.5294752627175554,0.596579476861167,0.1986690658005644,0.07049461345692783,0.07590965225982865,6,,0.5508474576271186,118,0.5796178343949044,157
nuScenes,oracle,brake,J,24,955,62,dE_exact,R1_gbm_clf,quota,0.3,True,,0.4279501311472544,-0.445098331899958,0.8562939294460264,0.2740471454442868,-0.1848590747899684,0.6544838298914082,0.36872173339658243,-0.5360082702876543,0.8071505474642052,0.29027966812630296,-0.2278406764330103,0.6358309377229768,0.05922839775067196,-0.5672388120681952,0.5001402440233566,0.49798792756539234,0.1986690658005644,0.08502045276425405,0.0732536023142638,6,,0.5508474576271186,118,0.5796178343949044,157
nuScenes,oracle,brake,J,24,955,62,dE_exact,R1_gbm_clf,quota,0.5,True,,0.32187824828300354,-1.1013063484875198,0.9419390193750825,0.10934893047252424,-0.5834180185658023,0.6035631180262696,0.27928410426734,-1.0460063711859666,0.7650837442454033,0.07859491609577905,-0.37517369201249934,0.35380528995445554,0.042594144015663526,-0.5935568484328755,0.6026223967977393,0.43561368209255535,0.1986690658005644,0.06394725088790644,0.05548511208773986,6,,0.5508474576271186,118,0.5796178343949044,157
nuScenes,oracle,brake,J,24,955,62,dE_E6_risk_weighted,gate_ridge,quota,0.1,True,,0.18434522848536988,-0.21985305592999446,0.5950921384439061,0.13351929448114988,-0.23983666120792405,0.5918183942998613,0.24658393574598794,0.003849649763917449,0.501300526144713,0.2139200829832435,-0.03811005521817775,0.48639640776455495,-0.06223870726061806,-0.6008763635477706,0.44070709775274164,0.6408450704225352,0.1986690658005644,0.03662369432798003,0.04898860015608182,6,,0.5871559633027523,109,0.6013513513513513,148
nuScenes,oracle,brake,J,24,955,62,dE_E6_risk_weighted,gate_ridge,quota,0.2,True,,0.20217108660263017,-0.1758432875818128,0.6613986544157677,0.1817983029469789,-0.1951253114619343,0.6912982882919333,0.412974587340285,-0.33118941068633756,0.7681649339443027,0.2933746706344384,-0.1521732085292321,0.6088525311529885,-0.21080350073765486,-0.7163957703446842,0.7139393284235446,0.6619718309859155,0.1986690658005644,0.040165140907229537,0.08204527546626801,6,,0.5871559633027523,109,0.6013513513513513,148
nuScenes,oracle,brake,J,24,955,62,dE_E6_risk_weighted,gate_ridge,quota,0.3,True,,0.3999724803037559,-0.08156640887878891,0.7574978982058772,0.2922446027496798,-0.14246231427258368,0.8230747607849185,0.417259480509345,-0.6058532977313175,0.8367481055277933,0.2610473309462015,-0.2361014034207537,0.6055988346293308,-0.017287000205589154,-0.5038902494063312,0.9462082589376131,0.5583501006036218,0.1986690658005644,0.07946215900788182,0.08289655118922039,6,,0.5871559633027523,109,0.6013513513513513,148
nuScenes,oracle,brake,J,24,955,62,dE_E6_risk_weighted,gate_ridge,quota,0.5,True,,0.4100223396696762,-0.624409557796057,0.8838137087403332,0.2081107379045882,-0.3214330482669869,0.7800539893399794,0.4392080610371968,-0.945280227102043,0.9149774851049981,0.2092421444734676,-0.32801514870384757,0.48139608667460776,-0.029185721367520567,-0.5488602459837715,0.7838895541010783,0.5593561368209256,0.1986690658005644,0.08145875517953627,0.08725705517833715,6,,0.5871559633027523,109,0.6013513513513513,148
nuScenes,oracle,brake,J,24,955,62,dE_E6_risk_weighted,gate_gbm,quota,0.1,True,,-0.016077832659208834,-0.4878902971076514,0.35120958555353726,-0.04548810957087033,-0.4340727022383377,0.3010328110218421,0.44549455288077994,-0.2085253654139486,0.74413187796234,0.27671080173441454,-0.13974957746796668,0.713053055356712,-0.46157238553998875,-0.9667298309423712,0.3277352995641853,0.8319919517102615,0.1986690658005644,-0.003194167994502823,0.08850598664006469,6,,0.5871559633027523,109,0.6013513513513513,148
nuScenes,oracle,brake,J,24,955,62,dE_E6_risk_weighted,gate_gbm,quota,0.2,True,,-0.06013962803689725,-0.8048700586883845,0.37960165030140824,-0.13050710044148287,-0.6078059834223472,0.23941413059130243,0.3408054002428427,-0.5112177295805163,0.6996223556963798,0.18171557220313392,-0.32135042215769616,0.5652401808653351,-0.40094502827974,-0.9337476021686871,0.40148203660936754,0.8279678068410463,0.1986690658005644,-0.011947883719683807,0.067707490486033,6,,0.5871559633027523,109,0.6013513513513513,148
nuScenes,oracle,brake,J,24,955,62,dE_E6_risk_weighted,gate_gbm,quota,0.3,True,,-0.12899006001208407,-1.1209470989765769,0.3948648815153151,-0.231572991347221,-0.8142276206931606,0.19313351035322515,0.38644348103919407,-0.43289648398090397,0.7271485981525133,0.22353833284036692,-0.225934887525361,0.5539434480496271,-0.5154335410512781,-1.1698377425609345,0.29376941136273704,0.9094567404426559,0.1986690658005644,-0.02562633472015948,0.07677436536277481,6,,0.5871559633027523,109,0.6013513513513513,148
nuScenes,oracle,brake,J,24,955,62,dE_E6_risk_weighted,gate_gbm,quota,0.5,True,,0.15381395145955346,-1.0055105794719812,0.6530986240885773,-0.07951352870865203,-0.527118101152915,0.272280480851208,0.36446294051001027,-0.6467243180288278,0.8037363793974951,0.1475258308292872,-0.2102361552339598,0.4287994714979503,-0.21064898905045681,-0.6430416531992033,0.22631185663167563,0.8822937625754527,0.1986690658005644,0.030558074043562845,0.07240751191005042,6,,0.5871559633027523,109,0.6013513513513513,148
nuScenes,oracle,brake,J,24,955,62,dE_E6_risk_weighted,R1_mlp_reg,quota,0.1,True,,-0.023534545355087585,-0.43776310316982037,0.30195367213895646,-0.04519483273645177,-0.32657277459973766,0.23140322379890418,0.025139026713626327,-0.0020243162367901205,0.14256088473232295,-0.004900505095577519,-0.09141908289607745,0.18897112558324178,-0.04867357206871391,-0.4779477533204376,0.2475734426385536,0.5543259557344065,0.1986690658005644,-0.004675586139736262,0.004994346952331575,6,,0.5871559633027523,109,0.6013513513513513,148
nuScenes,oracle,brake,J,24,955,62,dE_E6_risk_weighted,R1_mlp_reg,quota,0.2,True,,0.18580179832831845,-0.7414582591443016,0.5644008337634595,0.03937627234843321,-0.5165455972672682,0.42479131494301764,0.3580454917635915,-0.010056825803781843,0.5049455429156268,0.21737516271124238,-0.0683882898888572,0.6416324973406725,-0.17224369343527307,-1.1061779713026663,0.3380593233617308,0.710261569416499,0.1986690658005644,0.03691306969795189,0.0711325633627764,6,,0.5871559633027523,109,0.6013513513513513,148
nuScenes,oracle,brake,J,24,955,62,dE_E6_risk_weighted,R1_mlp_reg,quota,0.3,True,,0.2946226536628813,-0.59869914321849,0.7297680924213922,0.18615688964278107,-0.2667328838537401,0.5283273569753717,0.36635631669424157,-0.3795373758665588,0.7266411426539872,0.1991708241102093,-0.22470053536504297,0.5698487429336839,-0.07173366303136025,-0.5823093838530027,0.5872769305211666,0.5321931589537223,0.1986690658005644,0.05853240736688786,0.07278366718778069,6,,0.5871559633027523,109,0.6013513513513513,148
nuScenes,oracle,brake,J,24,955,62,dE_E6_risk_weighted,R1_mlp_reg,quota,0.5,True,,0.515715759019793,-0.2788024704785347,0.9169496405594475,0.32034442803529933,-0.00516569906427245,0.6635191620400762,0.385784852724038,-0.34160465213776064,0.7443567263946611,0.17313509070994224,-0.23481681789586795,0.6518814285406216,0.12993090629575504,-0.4532584613693987,0.7775188751014,0.33903420523138833,0.1986690658005644,0.10245676806309127,0.07664351629069295,6,,0.5871559633027523,109,0.6013513513513513,148
nuScenes,oracle,brake,J,24,955,62,dE_E6_risk_weighted,R1_mlp_clf,quota,0.1,True,,0.035594444764764865,-0.3942578366022591,0.32032768692433045,-0.01825053608453267,-0.29649106719052865,0.24482722359965345,0.1627498068899714,-0.07258512522952691,0.41745468671005614,0.11210955296695044,-0.0925015839976937,0.4255057180120624,-0.12715536212520653,-0.6022531265044271,0.2925696501130068,0.727364185110664,0.1986690658005644,0.007071515089105626,0.03233335209405288,6,,0.5871559633027523,109,0.6013513513513513,148
nuScenes,oracle,brake,J,24,955,62,dE_E6_risk_weighted,R1_mlp_clf,quota,0.2,True,,0.13072451855751852,-0.35988344298031966,0.38750696717705435,0.03927860040695395,-0.18656497101275973,0.2619069084270816,0.17041447616364927,-0.1691697707853866,0.5272610879215193,0.15979539032720308,-0.17711007653284117,0.4938881201286565,-0.039689957606130755,-0.6074904968304827,0.32849209545875596,0.7132796780684104,0.1986690658005644,0.025970917979050746,0.03385608477832475,6,,0.5871559633027523,109,0.6013513513513513,148
nuScenes,oracle,brake,J,24,955,62,dE_E6_risk_weighted,R1_mlp_clf,quota,0.3,True,,0.14854762702148058,-0.36001424698501927,0.4959113381262509,0.047752647143236286,-0.2655201818766647,0.3453847169930572,0.39923595579325355,-0.12925476373955336,0.5846925509363274,0.21660352152412238,-0.14437110863098293,0.6102102388941762,-0.25068832877177294,-0.6981971508994955,0.3310847173536779,0.7796780684104627,0.1986690658005644,0.029511818287248224,0.07931583437144112,6,,0.5871559633027523,109,0.6013513513513513,148
nuScenes,oracle,brake,J,24,955,62,dE_E6_risk_weighted,R1_mlp_clf,quota,0.5,True,,0.14594872384861474,-0.8923519717430869,0.6845392502718882,-0.06133424944376266,-0.4828222636238854,0.3352116396807272,0.2374616404805405,-0.6007938170615321,0.6387433966600086,0.07370067937973618,-0.27118306971744294,0.3728569508989183,-0.09151291663192576,-0.6919761742484006,0.3910305525907367,0.6981891348088531,0.1986690658005644,0.028995496621788845,0.047176282277738464,6,,0.5871559633027523,109,0.6013513513513513,148
nuScenes,oracle,brake,J,24,955,62,dE_E6_risk_weighted,R1_gbm_reg,quota,0.1,True,,0.047955067979664354,-0.4591096953067214,0.30487822608444914,-0.013943750204792826,-0.34119541330274866,0.23398494230932035,0.059934034904430125,-0.020416203142905147,0.3090212874917501,0.05284087508808431,-0.0855458772208705,0.31905593648564134,-0.011978966924765772,-0.5634113466581915,0.2664073879963298,0.5835010060362174,0.1986690658005644,0.009527188555922477,0.011907038724121553,6,,0.5871559633027523,109,0.6013513513513513,148
nuScenes,oracle,brake,J,24,955,62,dE_E6_risk_weighted,R1_gbm_reg,quota,0.2,True,,0.31722929948753875,-0.31334847142661665,0.7113638827694827,0.19914962662339258,-0.19058034992835957,0.6035991627833788,0.25431167725200243,-0.11440405691409808,0.4851305300479854,0.15011130130415362,-0.165070321363614,0.5356536487449628,0.06291762223553632,-0.5132228632284158,0.4502145424614549,0.3611670020120724,0.1986690658005644,0.06302364857375678,0.05052386334182997,6,,0.5871559633027523,109,0.6013513513513513,148
nuScenes,oracle,brake,J,24,955,62,dE_E6_risk_weighted,R1_gbm_reg,quota,0.3,True,,0.54025151318763,-0.14215909364777762,0.8391727929407867,0.334593284325041,-0.04430460760701037,0.7007850661245717,0.44155274770807007,-0.05509063289897418,0.640270900214535,0.27031826377806634,-0.049086934823456475,0.7436658664246112,0.09869876547955991,-0.5282648568197539,0.5031426148873572,0.35110663983903423,0.1986690658005644,0.10733126342232775,0.08772287188883458,6,,0.5871559633027523,109,0.6013513513513513,148
nuScenes,oracle,brake,J,24,955,62,dE_E6_risk_weighted,R1_gbm_reg,quota,0.5,True,,0.5012937390788932,-0.4720835508022497,0.8690188576947827,0.2867306223216152,0.03504791839167408,0.547968620986323,0.2507528457472268,-0.7547631339235,0.6459190385230663,0.057603925120573635,-0.2878889485418718,0.3335027763044958,0.2505408933316664,-0.17078225524169585,0.6485986376848732,0.11066398390342053,0.1986690658005644,0.0995915588344756,0.049816833611434574,6,,0.5871559633027523,109,0.6013513513513513,148
nuScenes,oracle,brake,J,24,955,62,dE_E6_risk_weighted,R1_gbm_clf,quota,0.1,True,,-0.05455175025484875,-0.35947483438151456,0.3352762581260111,-0.06691768043343248,-0.23377242448073257,0.2771284665456163,0.2303350382784973,-0.0017709835730784435,0.48647511951716155,0.17611008425184965,-0.055191129561474886,0.49260253222960704,-0.28488678853334604,-0.6332041970198208,0.08847896217769571,0.9235412474849095,0.1986690658005644,-0.010837745260916501,0.0457604468759263,6,,0.5871559633027523,109,0.6013513513513513,148
nuScenes,oracle,brake,J,24,955,62,dE_E6_risk_weighted,R1_gbm_clf,quota,0.2,True,,0.35483437329742334,-0.25304308095309264,0.7405535361508904,0.24883249706022778,-0.12796900314601686,0.6375618679208762,0.13100618173365386,-0.5278454368155522,0.5291080592092023,0.07759395369309108,-0.3602143067403065,0.43267844163502234,0.22382819156376949,-0.25214412499049277,0.5662513207136727,0.1891348088531187,0.1986690658005644,0.07049461345692783,0.026026875739123975,6,,0.5871559633027523,109,0.6013513513513513,148
nuScenes,oracle,brake,J,24,955,62,dE_E6_risk_weighted,R1_gbm_clf,quota,0.3,True,,0.4279501311472544,-0.445098331899958,0.8562939294460264,0.2740471454442868,-0.1848590747899684,0.6544838298914082,0.20062525913532137,-0.6181847720187962,0.5296929027514337,0.052923993323839215,-0.3333385453167535,0.3450090101597413,0.22732487201193302,-0.15864431887416175,0.587662442118998,0.12173038229376258,0.1986690658005644,0.08502045276425405,0.039858032808410444,6,,0.5871559633027523,109,0.6013513513513513,148
nuScenes,oracle,brake,J,24,955,62,dE_E6_risk_weighted,R1_gbm_clf,quota,0.5,True,,0.32187824828300354,-1.1013063484875198,0.9419390193750825,0.10934893047252424,-0.5834180185658023,0.6035631180262696,0.15751600665528118,-1.404061850570016,0.8542677396655313,-0.01953993046837746,-0.8123612024501184,0.4041510424184949,0.16436224162772237,-0.4104523702386111,0.7855405795131172,0.35110663983903423,0.1986690658005644,0.06394725088790644,0.03129355789084019,6,,0.5871559633027523,109,0.6013513513513513,148
nuScenes,oracle,plan_ade,JC_ade,24,752,308,primary,gate_ridge,quota,0.1,True,,0.0038457712953036778,-0.17037630557841835,0.2255682724346698,0.02223423087357812,-0.14974018414945672,0.21780201925137727,0.06775996203275471,-0.1009023331490925,0.2037309548316682,0.0454860114231524,-0.07145520968814424,0.19185657630099587,-0.06391419073745103,-0.17350874548357156,0.16592351055933713,0.643,0.02601649489462611,0.00010005348927016778,0.001762876706285222,0,,0.5360983102918587,651,0.5230769230769231,910
nuScenes,oracle,plan_ade,JC_ade,24,752,308,primary,gate_ridge,quota,0.2,True,,-0.08372217133918496,-0.4189181830521369,0.1945054326478263,-0.06693489010714865,-0.37512994947208106,0.17324912190882275,0.1648044292770215,-0.22694292905526944,0.39742348751911555,0.10998982987558589,-0.19648072653955126,0.3607107296456717,-0.24852660061620646,-0.41520092587563656,0.12046198574506163,0.916,0.029890718618935438,-0.0025025158656658787,0.004926122822673695,0,,0.5360983102918587,651,0.5230769230769231,910
nuScenes,oracle,plan_ade,JC_ade,24,752,308,primary,gate_ridge,quota,0.3,True,,-0.011465363875793062,-0.4486193221854634,0.3266668546691392,-0.03135228020524289,-0.3644917640994865,0.2871967464150723,0.07067912362387242,-0.3621391018865229,0.40591548699554936,0.02529156077669995,-0.2603690802747719,0.34582987958916206,-0.08214448749966549,-0.3221858583013045,0.2865401932840606,0.687,0.029912355102641175,-0.0003429560356337164,0.0021141790441807466,0,,0.5360983102918587,651,0.5230769230769231,910
nuScenes,oracle,plan_ade,JC_ade,24,752,308,primary,gate_ridge,quota,0.5,True,,0.1113707388787408,-0.40038716047422956,0.4455944706456331,0.05947464252456369,-0.2739776692266957,0.37027649729782713,0.03517426695042222,-0.49767186654115464,0.3149098096970429,-0.013229097667763713,-0.27396591720352476,0.18494077436479708,0.07619647192831858,-0.33796759563247586,0.5504728535846467,0.385,0.029912355102641175,0.00333136108938442,0.001052145163496125,0,,0.5360983102918587,651,0.5230769230769231,910
nuScenes,oracle,plan_ade,JC_ade,24,752,308,primary,gate_gbm,quota,0.1,True,,-0.14090610717020552,-0.40358923330200913,0.09535955694669661,-0.12815503710682324,-0.3787315305677559,0.09742027308872006,-0.003846877293268663,-0.23200621792591533,0.061709120869469974,-0.0369803665182055,-0.2275253252686539,0.054991370993051375,-0.13705922987693686,-0.3646456616836769,0.1252141842656485,0.77,0.02601649489462611,-0.0036658830178152913,-0.00010008226346057728,0,,0.5360983102918587,651,0.5230769230769231,910
nuScenes,oracle,plan_ade,JC_ade,24,752,308,primary,gate_gbm,quota,0.2,True,,-0.13478833453055686,-0.43753704902434787,0.11650513149184126,-0.13315034540285609,-0.3794580341944625,0.11108957265201971,-0.0326552658849063,-0.3816622398035688,0.18905942224623254,-0.06697351246098397,-0.2905000233162453,0.1374002564802937,-0.10213306864565055,-0.26935363251984124,0.1970709328798162,0.751,0.029890718618935438,-0.004028920180567814,-0.0009760893639922559,0,,0.5360983102918587,651,0.5230769230769231,910
nuScenes,oracle,plan_ade,JC_ade,24,752,308,primary,gate_gbm,quota,0.3,True,,-0.1098889416299879,-0.48174967524097495,0.18358392786063749,-0.1084545198487366,-0.38078029646931283,0.14264924881868477,0.0027310253627088983,-0.3880275564106891,0.26941766899622865,-0.023017781060758562,-0.2659709918946057,0.1890417723978754,-0.1126199669926968,-0.2779695331731961,0.17676625726487427,0.792,0.029912355102641175,-0.003287037043889607,8.169140044366799e-05,0,,0.5360983102918587,651,0.5230769230769231,910
nuScenes,oracle,plan_ade,JC_ade,24,752,308,primary,gate_gbm,quota,0.5,True,,-0.06305355162816806,-0.45849091398661423,0.2551121889875862,-0.07432094591236604,-0.33035324746371114,0.18570934679518017,0.16924297900365462,-0.39927758201599,0.3925394513236295,0.07555823783215078,-0.19684554771701096,0.2735703126531672,-0.23229653063182268,-0.49157807381755947,0.17173874430662875,0.856,0.029912355102641175,-0.0018860802267844817,0.005062456086586162,0,,0.5360983102918587,651,0.5230769230769231,910
nuScenes,oracle,plan_ade,JC_ade,24,752,308,primary,R1_mlp_reg,quota,0.1,True,,0.04682033787815226,-0.04687848025172313,0.1691275903137076,0.0485645290624991,-0.04400030004806043,0.17322958495018737,-0.049928401365587544,-0.14671349625388014,0.04757076906461287,-0.05815487194924246,-0.141957396485819,0.05036362469161425,0.0967487392437398,-0.018965552258694455,0.23636860680036545,0.038,0.02601649489462611,0.0012181010813716179,-0.0012989619992246515,0,,0.5360983102918587,651,0.5230769230769231,910
nuScenes,oracle,plan_ade,JC_ade,24,752,308,primary,R1_mlp_reg,quota,0.2,True,,-0.06034190950035627,-0.2666681073099003,0.10262252286623023,-0.05754475480792454,-0.22811216730772907,0.10938696370255468,-0.021399763036233,-0.15522121982790624,0.10256857384575999,-0.028637964203957974,-0.13696338099309083,0.12616352698996094,-0.038942146464123265,-0.20115867384762806,0.11598033972060634,0.611,0.029890718618935438,-0.0018036630378044163,-0.0006396542954279362,0,,0.5360983102918587,651,0.5230769230769231,910
nuScenes,oracle,plan_ade,JC_ade,24,752,308,primary,R1_mlp_reg,quota,0.3,True,,-0.04646948307589533,-0.3319114832719572,0.15476990076456712,-0.060774865495174565,-0.2519619206210245,0.14105363506902688,0.03406985847510227,-0.1648556313813127,0.19885881462711388,0.02027105462644875,-0.11361941180753782,0.2031145614976938,-0.0805393415509976,-0.2398921160352035,0.07416121514976383,0.854,0.029912355102641175,-0.0013900116792023554,0.0010191097050039882,0,,0.5360983102918587,651,0.5230769230769231,910
nuScenes,oracle,plan_ade,JC_ade,24,752,308,primary,R1_mlp_reg,quota,0.5,True,,0.1468691332098433,-0.16161582861740603,0.35776623374714106,0.09772458424429778,-0.06571510210373312,0.310252546572598,0.011958994327798443,-0.25076619662192096,0.20198468494399224,-0.017915292893414706,-0.16762507331032875,0.20194229358894875,0.13491013888204484,-0.06310295758787955,0.2968374028827747,0.101,0.029912355102641175,0.004393201666189943,0.0003577216850035786,0,,0.5360983102918587,651,0.5230769230769231,910
nuScenes,oracle,plan_ade,JC_ade,24,752,308,primary,R1_mlp_clf,quota,0.1,True,,-0.050338350683062624,-0.23285089172789436,0.08693227749368253,-0.0454711395104922,-0.22324676755329148,0.09481133182367166,-0.06581240962338344,-0.1793187286843183,0.02187218687924213,-0.08054668218513361,-0.16242614500767572,0.002713514617237192,0.01547405894032082,-0.15937183890517576,0.20303539772512377,0.325,0.02601649489462611,-0.0013096274435497976,-0.0017122082189697976,0,,0.5360983102918587,651,0.5230769230769231,910
nuScenes,oracle,plan_ade,JC_ade,24,752,308,primary,R1_mlp_clf,quota,0.2,True,,0.04638566028854274,-0.23015562132731998,0.17714392279750663,0.0016107775936203565,-0.1891603942195546,0.16969847867107551,-0.06921724125256012,-0.1935393277991246,0.06547366547622477,-0.06771267157058258,-0.16364115974620533,0.051783273770844136,0.11560290154110286,-0.1989364441270343,0.29908005130946574,0.285,0.029890718618935438,0.0013865007196383586,-0.002068953081859245,0,,0.5360983102918587,651,0.5230769230769231,910
nuScenes,oracle,plan_ade,JC_ade,24,752,308,primary,R1_mlp_clf,quota,0.3,True,,0.04095296669368383,-0.23894178993482526,0.20624399361068058,0.00977395555046601,-0.18493061551092,0.20140757154448208,-0.008692496339660525,-0.2121847611671831,0.10980116357163866,-0.05060675344319942,-0.15848241673496746,0.10102664762678489,0.049645463033344356,-0.21329684709998736,0.29247323190063274,0.305,0.029912355102641175,0.0012249996822481077,-0.0002600130372403342,0,,0.5360983102918587,651,0.5230769230769231,910
nuScenes,oracle,plan_ade,JC_ade,24,752,308,primary,R1_mlp_clf,quota,0.5,True,,0.0343596119971833,-0.2791340947908453,0.23628079129650653,-0.006786943031600182,-0.17007108857669453,0.18708361189528985,0.004214074192200386,-0.26621226082812094,0.22765636104180167,-0.017862425729563227,-0.19323357160311766,0.22806576359084224,0.030145537804982914,-0.2361639870102489,0.2005103608888119,0.421,0.029912355102641175,0.0010277769152487169,0.0001260528836659737,0,,0.5360983102918587,651,0.5230769230769231,910
nuScenes,oracle,plan_ade,JC_ade,24,752,308,primary,R1_gbm_reg,quota,0.1,True,,-0.11433396141315035,-0.2626877965521579,0.056529975844787764,-0.08347029787387,-0.24552932232233654,0.0715839492710233,-0.01424828924686671,-0.09568423690062108,0.11528839758452288,-0.0070111870868060375,-0.10436010306058208,0.13479707137402536,-0.10008567216628364,-0.27393460231190353,0.0906826356922048,0.768,0.02601649489462611,-0.0029745689233876046,-0.0003706905444482639,0,,0.5360983102918587,651,0.5230769230769231,910
nuScenes,oracle,plan_ade,JC_ade,24,752,308,primary,R1_gbm_reg,quota,0.2,True,,-0.10987772467015096,-0.32182023120753517,0.0454510441847498,-0.1294257072702389,-0.2736908924739437,0.024034145557947757,-0.024631363057759273,-0.20791929819430427,0.1461878732368623,-0.037656560617918784,-0.17733238224587236,0.15363051683585438,-0.08524636161239169,-0.26743716766364006,0.06485559765637619,0.849,0.029890718618935438,-0.003284324150604343,-0.0007362491423603236,0,,0.5360983102918587,651,0.5230769230769231,910
nuScenes,oracle,plan_ade,JC_ade,24,752,308,primary,R1_gbm_reg,quota,0.3,True,,-0.1252196608219153,-0.38078292318481416,0.06677483392203644,-0.14077617569149944,-0.28351480731019674,0.02046926275466255,0.03177697497578771,-0.32801501913509606,0.2688448991766842,-0.02622084056474214,-0.2807167679483761,0.2523030513033821,-0.156996635797703,-0.34377744795924686,0.06989733739202378,0.845,0.029912355102641175,-0.003745614960337415,0.0009505241595635043,0,,0.5360983102918587,651,0.5230769230769231,910
nuScenes,oracle,plan_ade,JC_ade,24,752,308,primary,R1_gbm_reg,quota,0.5,True,,-0.019579642128692273,-0.4439588954052597,0.11766934332710621,-0.13757536677360233,-0.30254685265096365,0.05338385222688562,0.02782944770403916,-0.3239006298071376,0.2951994133868946,0.005028540341473363,-0.23281493060691086,0.3028927586975886,-0.047409089832731434,-0.43168687619874246,0.16515684039032835,0.837,0.029912355102641175,-0.0005856732081360764,0.0008324443220336015,0,,0.5360983102918587,651,0.5230769230769231,910
nuScenes,oracle,plan_ade,JC_ade,24,752,308,primary,R1_gbm_clf,quota,0.1,True,,-0.020150582133952228,-0.12907846544129034,0.09404684800681996,-0.029595824236831204,-0.13479694276496035,0.10295132170222153,0.0015055318862663353,-0.0924721588602913,0.1264572361687269,0.006140569943806668,-0.08101767495863303,0.12715656892008356,-0.021656114020218564,-0.19467756540716713,0.12214407300110414,0.687,0.02601649489462611,-0.0005242475172117123,3.9168662632744934e-05,0,,0.5360983102918587,651,0.5230769230769231,910
nuScenes,oracle,plan_ade,JC_ade,24,752,308,primary,R1_gbm_clf,quota,0.2,True,,-0.06382007457371967,-0.25066979370468323,0.08139342636083285,-0.06618408791235027,-0.1891555572258516,0.06126862722148059,-0.07227387682260966,-0.31814963005489066,0.16943670049668563,-0.064698944391652,-0.28348785989387176,0.16777766403024677,0.008453802248889988,-0.28320881910120155,0.2398579360960223,0.48,0.029890718618935438,-0.0019076278913225308,-0.002160318115604225,0,,0.5360983102918587,651,0.5230769230769231,910
nuScenes,oracle,plan_ade,JC_ade,24,752,308,primary,R1_gbm_clf,quota,0.3,True,,-0.05037431747308483,-0.32289830874216646,0.12537733869956932,-0.08334449008657709,-0.24271714917202955,0.10334979924956463,-0.09174510567734816,-0.4588970908750689,0.19237187529343616,-0.11065639605267191,-0.3795329600558569,0.1707536647271978,0.04137078820426333,-0.3357182924702847,0.3467729734942585,0.406,0.029912355102641175,-0.0015068144723080956,-0.002744312179950179,0,,0.5360983102918587,651,0.5230769230769231,910
nuScenes,oracle,plan_ade,JC_ade,24,752,308,primary,R1_gbm_clf,quota,0.5,True,,-0.029236786140526026,-0.5453463313894722,0.272042475868577,-0.08270462468394209,-0.3266846792985439,0.11987017743729368,-0.032571928253301734,-0.47413114783981614,0.2913147234263744,-0.05567804318801443,-0.34428120232614556,0.2369469755396357,0.003335142112775708,-0.32698401536723426,0.19779319032732143,0.531,0.029912355102641175,-0.0008745411290953924,-0.0009743030842905123,0,,0.5360983102918587,651,0.5230769230769231,910
nuScenes,oracle,plan_ade,JC_ade,24,752,308,primary,gate_ridge,budget_ms_20,0.2,True,,0.0,0.0,0.0,-0.008390293443678478,-0.0903597347497759,0.10680831032401218,0.0,0.0,0.0,-0.008390293443678478,-0.0903597347497759,0.10680831032401218,0.0,0.0,0.0,1.0,0.029890718618935438,0.0,0.0,0,0.0,0.5360983102918587,651,0.5230769230769231,910
nuScenes,oracle,plan_ade,JC_ade,24,752,308,primary,gate_gbm,budget_ms_20,0.2,True,,0.0,0.0,0.0,-0.008390293443678478,-0.0903597347497759,0.10680831032401218,0.0,0.0,0.0,-0.008390293443678478,-0.0903597347497759,0.10680831032401218,0.0,0.0,0.0,1.0,0.029890718618935438,0.0,0.0,0,0.0,0.5360983102918587,651,0.5230769230769231,910
nuScenes,oracle,plan_ade,JC_ade,24,752,308,primary,R1_mlp_reg,budget_ms_20,0.2,True,,0.029904190953025135,-0.21861175459976193,0.1121255648744999,-0.003398952123049374,-0.17891054986015625,0.11999862275088453,-0.03194714508331026,-0.1537451682162321,0.08695191187934909,-0.03710053863184803,-0.1383304303884225,0.09720067039046426,0.06185133603633539,-0.14917639738501884,0.14627461059678315,0.259,0.029890718618935438,0.0008938577573037891,-0.0009549231243635337,0,0.16645221467687044,0.5360983102918587,651,0.5230769230769231,910
nuScenes,oracle,plan_ade,JC_ade,24,752,308,primary,R1_mlp_clf,budget_ms_20,0.2,True,,-0.0360352545037818,-0.24419542182433918,0.15752858632702302,-0.02765982667633935,-0.2062351964614049,0.15968454425756407,-0.04656134269055648,-0.17264877705526313,0.044351376574414285,-0.07425460092798315,-0.16132662651172572,0.04076090534771806,0.010526088186774682,-0.20562150333391765,0.25464015463537587,0.337,0.029890718618935438,-0.0010771196527342675,-0.00139175199288325,0,0.16645221467687044,0.5360983102918587,651,0.5230769230769231,910
nuScenes,oracle,plan_ade,JC_ade,24,752,308,primary,R1_gbm_reg,budget_ms_20,0.2,True,,0.0,0.0,0.0,-0.008390293443678478,-0.0903597347497759,0.10680831032401218,0.0,0.0,0.0,-0.008390293443678478,-0.0903597347497759,0.10680831032401218,0.0,0.0,0.0,1.0,0.029890718618935438,0.0,0.0,0,0.0,0.5360983102918587,651,0.5230769230769231,910
nuScenes,oracle,plan_ade,JC_ade,24,752,308,primary,R1_gbm_clf,budget_ms_20,0.2,True,,0.0,0.0,0.0,-0.008390293443678478,-0.0903597347497759,0.10680831032401218,0.0,0.0,0.0,-0.008390293443678478,-0.0903597347497759,0.10680831032401218,0.0,0.0,0.0,1.0,0.029890718618935438,0.0,0.0,0,0.0,0.5360983102918587,651,0.5230769230769231,910
nuScenes,oracle,plan_ade,JC_ade,24,752,308,primary,gate_gbm_batched,budget_ms_20,0.2,True,,-0.01373996668999565,-0.16904833237059377,0.025389143130818435,-0.041557309474803544,-0.1485693160029173,0.09748606057668414,-0.012599268063763285,-0.05125372774169209,0.03662428468563438,-0.018069217924989504,-0.10803951402563033,0.10856294037378382,-0.0011406986262323653,-0.1672290940081783,0.05189772332115852,0.651,0.029890718618935438,-0.0004106974781642057,-0.00037660117649848787,0,0.0172835013923785,0.5360983102918587,651,0.5230769230769231,910
nuScenes,oracle,plan_ade,JC_ade,24,752,308,dE_exact,gate_ridge,quota,0.1,True,,0.0038457712953036778,-0.17037630557841835,0.2255682724346698,0.02223423087357812,-0.14974018414945672,0.21780201925137727,0.12580915560733766,-0.0899935443715067,0.33470605434450773,0.10704720556823716,-0.07830388159080517,0.3236616819649712,-0.12196338431203398,-0.212273026825958,0.07264861483373668,0.881,0.02601649489462611,0.00010005348927016778,0.003273113254555522,0,,0.4429223744292237,438,0.47217806041335453,629
nuScenes,oracle,plan_ade,JC_ade,24,752,308,dE_exact,gate_ridge,quota,0.2,True,,-0.08372217133918496,-0.4189181830521369,0.1945054326478263,-0.06693489010714865,-0.37512994947208106,0.17324912190882275,0.09815114290698511,-0.2053313812477753,0.3276248344986292,0.06817488187582035,-0.1380825738482753,0.30077705263744736,-0.18187331424617006,-0.40686598584642386,0.14204965392565733,0.846,0.029890718618935438,-0.0025025158656658787,0.0029338081947596125,0,,0.4429223744292237,438,0.47217806041335453,629
nuScenes,oracle,plan_ade,JC_ade,24,752,308,dE_exact,gate_ridge,quota,0.3,True,,-0.011465363875793062,-0.4486193221854634,0.3266668546691392,-0.03135228020524289,-0.3644917640994865,0.2871967464150723,0.0742270062247563,-0.40156333798122174,0.32111121564005224,0.03716731210061448,-0.2725531891273601,0.25424950537443575,-0.08569237010054936,-0.38347816315138433,0.291182703478058,0.678,0.029912355102641175,-0.0003429560356337164,0.0022203045684008674,0,,0.4429223744292237,438,0.47217806041335453,629
nuScenes,oracle,plan_ade,JC_ade,24,752,308,dE_exact,gate_ridge,quota,0.5,True,,0.1113707388787408,-0.40038716047422956,0.4455944706456331,0.05947464252456369,-0.2739776692266957,0.37027649729782713,-0.019153631356642692,-0.6343895357409467,0.3310862137361329,-0.07663787011466928,-0.38920188164658753,0.20251287745771157,0.1305243702353835,-0.14708025191038243,0.5212495994015748,0.172,0.029912355102641175,0.00333136108938442,-0.000572930222644979,0,,0.4429223744292237,438,0.47217806041335453,629
nuScenes,oracle,plan_ade,JC_ade,24,752,308,dE_exact,gate_gbm,quota,0.1,True,,-0.14090610717020552,-0.40358923330200913,0.09535955694669661,-0.12815503710682324,-0.3787315305677559,0.09742027308872006,0.0629629792795057,-0.10905022639170028,0.22545636239530856,0.05895009595175496,-0.08620725934742597,0.21506512447723974,-0.20386908644971122,-0.40390205935380924,0.12221266618510326,0.906,0.02601649489462611,-0.0036658830178152913,0.0016380760289757097,0,,0.4429223744292237,438,0.47217806041335453,629
nuScenes,oracle,plan_ade,JC_ade,24,752,308,dE_exact,gate_gbm,quota,0.2,True,,-0.13478833453055686,-0.43753704902434787,0.11650513149184126,-0.13315034540285609,-0.3794580341944625,0.11108957265201971,0.14137084805971728,-0.1856799349435878,0.3436415359871171,0.10557387117275603,-0.11395666315526809,0.3294022387220231,-0.27615918259027417,-0.5396465934248726,0.0814004561329017,0.925,0.029890718618935438,-0.004028920180567814,0.004225676240273284,0,,0.4429223744292237,438,0.47217806041335453,629
nuScenes,oracle,plan_ade,JC_ade,24,752,308,dE_exact,gate_gbm,quota,0.3,True,,-0.1098889416299879,-0.48174967524097495,0.18358392786063749,-0.1084545198487366,-0.38078029646931283,0.14264924881868477,0.10451913693701544,-0.33184357756220645,0.3299209957205811,0.06421091270686594,-0.22286978763320547,0.2771857656978666,-0.21440807856700334,-0.43439213999018667,0.17441819531623845,0.877,0.029912355102641175,-0.003287037043889607,0.0031264135390815856,0,,0.4429223744292237,438,0.47217806041335453,629
nuScenes,oracle,plan_ade,JC_ade,24,752,308,dE_exact,gate_gbm,quota,0.5,True,,-0.06305355162816806,-0.45849091398661423,0.2551121889875862,-0.07432094591236604,-0.33035324746371114,0.18570934679518017,0.048945600324737354,-0.518716680036803,0.39137938997362925,0.013474721242663397,-0.29915888694665055,0.22181373407108404,-0.11199915195290541,-0.35509284415117026,0.25193873099907754,0.748,0.029912355102641175,-0.0018860802267844817,0.001464078177625493,0,,0.4429223744292237,438,0.47217806041335453,629
nuScenes,oracle,plan_ade,JC_ade,24,752,308,dE_exact,R1_mlp_reg,quota,0.1,True,,0.04682033787815226,-0.04687848025172313,0.1691275903137076,0.0485645290624991,-0.04400030004806043,0.17322958495018737,0.09063641687357295,-0.08071051880120697,0.18017346548826582,0.04994773054020355,-0.06631137266662404,0.15974470121516515,-0.043816078995420685,-0.1433282721116642,0.15958065730663645,0.515,0.02601649489462611,0.0012181010813716179,0.0023580418768585146,0,,0.4429223744292237,438,0.47217806041335453,629
nuScenes,oracle,plan_ade,JC_ade,24,752,308,dE_exact,R1_mlp_reg,quota,0.2,True,,-0.06034190950035627,-0.2666681073099003,0.10262252286623023,-0.05754475480792454,-0.22811216730772907,0.10938696370255468,0.09778138792572341,-0.04375573014916738,0.21959398064662253,0.0799822778002339,-0.04012188959896682,0.20295651825179545,-0.15812329742607967,-0.3548322961293511,0.058819435834062295,0.91,0.029890718618935438,-0.0018036630378044163,0.0029227559526567694,0,,0.4429223744292237,438,0.47217806041335453,629
nuScenes,oracle,plan_ade,JC_ade,24,752,308,dE_exact,R1_mlp_reg,quota,0.3,True,,-0.04646948307589533,-0.3319114832719572,0.15476990076456712,-0.060774865495174565,-0.2519619206210245,0.14105363506902688,0.18909144123418498,-0.050270007720916346,0.3115939765786522,0.13671513701368593,0.012392147568330172,0.25629498044474613,-0.2355609243100803,-0.412379081775033,0.01640092604092214,0.965,0.029912355102641175,-0.0013900116792023554,0.005656170337067147,0,,0.4429223744292237,438,0.47217806041335453,629
nuScenes,oracle,plan_ade,JC_ade,24,752,308,dE_exact,R1_mlp_reg,quota,0.5,True,,0.1468691332098433,-0.16161582861740603,0.35776623374714106,0.09772458424429778,-0.06571510210373312,0.310252546572598,0.22491955994318058,-0.07908465754426652,0.3755795463319011,0.1694831988324084,0.04147386564750658,0.323344396440243,-0.07805042673333729,-0.22274478177628002,0.1141122719993304,0.834,0.029912355102641175,0.004393201666189943,0.006727873746550205,0,,0.4429223744292237,438,0.47217806041335453,629
nuScenes,oracle,plan_ade,JC_ade,24,752,308,dE_exact,R1_mlp_clf,quota,0.1,True,,-0.050338350683062624,-0.23285089172789436,0.08693227749368253,-0.0454711395104922,-0.22324676755329148,0.09481133182367166,0.06399106388050402,-0.10138846081427812,0.2022572684506567,0.040729247542020855,-0.09677257995825872,0.1983962611399823,-0.11432941456356664,-0.2642667771784581,0.08087918590551048,0.843,0.02601649489462611,-0.0013096274435497976,0.001664823186748826,0,,0.4429223744292237,438,0.47217806041335453,629
nuScenes,oracle,plan_ade,JC_ade,24,752,308,dE_exact,R1_mlp_clf,quota,0.2,True,,0.04638566028854274,-0.23015562132731998,0.17714392279750663,0.0016107775936203565,-0.1891603942195546,0.16969847867107551,0.08087744767124797,-0.05491849913861671,0.23609493128935571,0.09002533015929509,-0.043180729933537956,0.22677840557264325,-0.034491787382705225,-0.2907958004218496,0.09492800019680941,0.821,0.029890718618935438,0.0013865007196383586,0.002417485030958948,0,,0.4429223744292237,438,0.47217806041335453,629
nuScenes,oracle,plan_ade,JC_ade,24,752,308,dE_exact,R1_mlp_clf,quota,0.3,True,,0.04095296669368383,-0.23894178993482526,0.20624399361068058,0.00977395555046601,-0.18493061551092,0.20140757154448208,0.16501304855474172,-0.08227057493268536,0.2999336914521084,0.12835304842965192,-0.009091280805326684,0.2751141529623996,-0.12406008186105788,-0.3889633331456561,0.12416193661101234,0.822,0.029912355102641175,0.0012249996822481077,0.0049359289049388045,0,,0.4429223744292237,438,0.47217806041335453,629
nuScenes,oracle,plan_ade,JC_ade,24,752,308,dE_exact,R1_mlp_clf,quota,0.5,True,,0.0343596119971833,-0.2791340947908453,0.23628079129650653,-0.006786943031600182,-0.17007108857669453,0.18708361189528985,0.09232759188181386,-0.3411714136307694,0.36029602475200184,0.06602423111046378,-0.11979253144735065,0.22502426372544723,-0.05796797988463056,-0.32765113910579985,0.24966856840052032,0.761,0.029912355102641175,0.0010277769152487169,0.0027617357141405466,0,,0.4429223744292237,438,0.47217806041335453,629
nuScenes,oracle,plan_ade,JC_ade,24,752,308,dE_exact,R1_gbm_reg,quota,0.1,True,,-0.11433396141315035,-0.2626877965521579,0.056529975844787764,-0.08347029787387,-0.24552932232233654,0.0715839492710233,0.14505920002657974,-0.10135461034379546,0.39396048949947343,0.11363237771708161,-0.09192106758768932,0.3828660467990618,-0.25939316143973007,-0.4475718196466668,0.04904091528074327,0.94,0.02601649489462611,-0.0029745689233876046,0.0037739319369100594,0,,0.4429223744292237,438,0.47217806041335453,629
nuScenes,oracle,plan_ade,JC_ade,24,752,308,dE_exact,R1_gbm_reg,quota,0.2,True,,-0.10987772467015096,-0.32182023120753517,0.0454510441847498,-0.1294257072702389,-0.2736908924739437,0.024034145557947757,0.09746604456187498,-0.09774257264011135,0.2933531134463597,0.08415424493552408,-0.07237554487859407,0.2868365871571009,-0.20734376923202594,-0.430157898334316,-0.003864893927286901,0.979,0.029890718618935438,-0.003284324150604343,0.0029133301128996276,0,,0.4429223744292237,438,0.47217806041335453,629
nuScenes,oracle,plan_ade,JC_ade,24,752,308,dE_exact,R1_gbm_reg,quota,0.3,True,,-0.1252196608219153,-0.38078292318481416,0.06677483392203644,-0.14077617569149944,-0.28351480731019674,0.02046926275466255,0.1948756350777288,-0.05584544682999705,0.34913999905998,0.15724883987475055,-0.0037337979829575557,0.3345668385387119,-0.3200952958996441,-0.5072541806395486,-0.06976384126303929,0.99,0.029912355102641175,-0.003745614960337415,0.00582918919729774,0,,0.4429223744292237,438,0.47217806041335453,629
nuScenes,oracle,plan_ade,JC_ade,24,752,308,dE_exact,R1_gbm_reg,quota,0.5,True,,-0.019579642128692273,-0.4439588954052597,0.11766934332710621,-0.13757536677360233,-0.30254685265096365,0.05338385222688562,0.30042269520034515,-0.07094501786126868,0.48176596467126753,0.2377946144235856,0.09208931168091243,0.3723708736396241,-0.32000233732903743,-0.5730529563074723,-0.13605956709501518,0.996,0.029912355102641175,-0.0005856732081360764,0.008986350339725259,0,,0.4429223744292237,438,0.47217806041335453,629
nuScenes,oracle,plan_ade,JC_ade,24,752,308,dE_exact,R1_gbm_clf,quota,0.1,True,,-0.020150582133952228,-0.12907846544129034,0.09404684800681996,-0.029595824236831204,-0.13479694276496035,0.10295132170222153,0.061744845585224015,-0.08435754739237891,0.16446121058204263,0.032631311976068764,-0.06958762216960003,0.17152822788149139,-0.08189542771917624,-0.246268994295322,0.10338964037462083,0.764,0.02601649489462611,-0.0005242475172117123,0.001606384459937458,0,,0.4429223744292237,438,0.47217806041335453,629
nuScenes,oracle,plan_ade,JC_ade,24,752,308,dE_exact,R1_gbm_clf,quota,0.2,True,,-0.06382007457371967,-0.25066979370468323,0.08139342636083285,-0.06618408791235027,-0.1891555572258516,0.06126862722148059,0.13912295607902106,-0.14409377470344223,0.3085720089493014,0.08932141483800288,-0.0777043123000053,0.29305389044089203,-0.20294303065274072,-0.36056311352615567,0.02980638505140584,0.953,0.029890718618935438,-0.0019076278913225308,0.004158485133592532,0,,0.4429223744292237,438,0.47217806041335453,629
nuScenes,oracle,plan_ade,JC_ade,24,752,308,dE_exact,R1_gbm_clf,quota,0.3,True,,-0.05037431747308483,-0.32289830874216646,0.12537733869956932,-0.08334449008657709,-0.24271714917202955,0.10334979924956463,0.09024348163053565,-0.24626948482895272,0.34631479765664835,0.07140531951364995,-0.14489945323699796,0.2871115206976998,-0.1406177991036205,-0.401805881609743,0.10012147992757515,0.879,0.029912355102641175,-0.0015068144723080956,0.002699395068231258,0,,0.4429223744292237,438,0.47217806041335453,629
nuScenes,oracle,plan_ade,JC_ade,24,752,308,dE_exact,R1_gbm_clf,quota,0.5,True,,-0.029236786140526026,-0.5453463313894722,0.272042475868577,-0.08270462468394209,-0.3266846792985439,0.11987017743729368,0.13041616696961336,-0.2501830476794902,0.4392608788317412,0.12050679373498398,-0.06407761481178632,0.3089593948593064,-0.15965295311013938,-0.4577126828667693,0.01708597940924008,0.963,0.029912355102641175,-0.0008745411290953924,0.003901054697520418,0,,0.4429223744292237,438,0.47217806041335453,629
nuScenes,oracle,plan_ade,JC_ade,24,752,308,dE_E6_risk_weighted,gate_ridge,quota,0.1,True,,0.0038457712953036778,-0.17037630557841835,0.2255682724346698,0.02223423087357812,-0.14974018414945672,0.21780201925137727,0.09797078889245694,-0.12491411152859203,0.2564605517431332,0.07376170380865321,-0.10858870577978406,0.24361979616445018,-0.09412501759715326,-0.17432637467108475,0.0971595505378304,0.795,0.02601649489462611,0.00010005348927016778,0.0025488565290430983,0,,0.44836272040302266,397,0.48484848484848486,561
nuScenes,oracle,plan_ade,JC_ade,24,752,308,dE_E6_risk_weighted,gate_ridge,quota,0.2,True,,-0.08372217133918496,-0.4189181830521369,0.1945054326478263,-0.06693489010714865,-0.37512994947208106,0.17324912190882275,0.10298296190758416,-0.3168011724401436,0.2707289568959185,0.0383196558163873,-0.23780871104325627,0.24550315830869252,-0.18670513324676913,-0.3045291954222124,0.1724738678246546,0.868,0.029890718618935438,-0.0025025158656658787,0.0030782347369241445,0,,0.44836272040302266,397,0.48484848484848486,561
nuScenes,oracle,plan_ade,JC_ade,24,752,308,dE_E6_risk_weighted,gate_ridge,quota,0.3,True,,-0.011465363875793062,-0.4486193221854634,0.3266668546691392,-0.03135228020524289,-0.3644917640994865,0.2871967464150723,0.013969126513316499,-0.39764652493765273,0.2336124514992846,-0.016842120006488274,-0.2625170689739352,0.16211863990235614,-0.02543449038910956,-0.3448786932335858,0.3760141756777524,0.552,0.029912355102641175,-0.0003429560356337164,0.0004178494727400429,0,,0.44836272040302266,397,0.48484848484848486,561
nuScenes,oracle,plan_ade,JC_ade,24,752,308,dE_E6_risk_weighted,gate_ridge,quota,0.5,True,,0.1113707388787408,-0.40038716047422956,0.4455944706456331,0.05947464252456369,-0.2739776692266957,0.37027649729782713,0.04119718103070409,-0.4210055091579187,0.27624855620709166,-0.0013492699402025648,-0.20250873897604654,0.14976921140986146,0.07017355784803671,-0.2769227529438645,0.45533733858720304,0.364,0.029912355102641175,0.00333136108938442,0.0012323047082182137,0,,0.44836272040302266,397,0.48484848484848486,561
nuScenes,oracle,plan_ade,JC_ade,24,752,308,dE_E6_risk_weighted,gate_gbm,quota,0.1,True,,-0.14090610717020552,-0.40358923330200913,0.09535955694669661,-0.12815503710682324,-0.3787315305677559,0.09742027308872006,-0.018719824727995802,-0.21654840693788263,0.15833207164127258,-0.024898477507511316,-0.19763876773787944,0.14196953354069658,-0.12218628244220972,-0.3617717391939918,0.2120993434819925,0.767,0.02601649489462611,-0.0036658830178152913,-0.0004870242244641984,0,,0.44836272040302266,397,0.48484848484848486,561
nuScenes,oracle,plan_ade,JC_ade,24,752,308,dE_E6_risk_weighted,gate_gbm,quota,0.2,True,,-0.13478833453055686,-0.43753704902434787,0.11650513149184126,-0.13315034540285609,-0.3794580341944625,0.11108957265201971,0.021065829041427814,-0.2950094640470846,0.23275143680326407,-0.0013429630450996698,-0.22236121517513838,0.18855660201335733,-0.15585416357198467,-0.4176309637701168,0.24763260971046902,0.822,0.029890718618935438,-0.004028920180567814,0.0006296727683519172,0,,0.44836272040302266,397,0.48484848484848486,561
nuScenes,oracle,plan_ade,JC_ade,24,752,308,dE_E6_risk_weighted,gate_gbm,quota,0.3,True,,-0.1098889416299879,-0.48174967524097495,0.18358392786063749,-0.1084545198487366,-0.38078029646931283,0.14264924881868477,-0.0570735994904556,-0.4709610688293967,0.23379482103438703,-0.06656418955110534,-0.3376710870774816,0.16717778066661465,-0.0528153421395323,-0.3087573747025668,0.3300017243082432,0.652,0.029912355102641175,-0.003287037043889607,-0.0017072057749444283,0,,0.44836272040302266,397,0.48484848484848486,561
nuScenes,oracle,plan_ade,JC_ade,24,752,308,dE_E6_risk_weighted,gate_gbm,quota,0.5,True,,-0.06305355162816806,-0.45849091398661423,0.2551121889875862,-0.07432094591236604,-0.33035324746371114,0.18570934679518017,-0.013816318171309771,-0.5032822274367805,0.25015092061301775,-0.06433860771748591,-0.258810255346226,0.09799570762692363,-0.049237233456858286,-0.2560905548941999,0.32202579157064154,0.572,0.029912355102641175,-0.0018860802267844817,-0.00041327861535129184,0,,0.44836272040302266,397,0.48484848484848486,561
nuScenes,oracle,plan_ade,JC_ade,24,752,308,dE_E6_risk_weighted,R1_mlp_reg,quota,0.1,True,,0.04682033787815226,-0.04687848025172313,0.1691275903137076,0.0485645290624991,-0.04400030004806043,0.17322958495018737,0.11747402752450659,-0.0578744521481005,0.29115172508331033,0.10044240189540937,-0.03430814167449378,0.2855213364827421,-0.07065368964635432,-0.25559528686884475,0.1063593767468073,0.674,0.02601649489462611,0.0012181010813716179,0.0030562624373424926,0,,0.44836272040302266,397,0.48484848484848486,561
nuScenes,oracle,plan_ade,JC_ade,24,752,308,dE_E6_risk_weighted,R1_mlp_reg,quota,0.2,True,,-0.06034190950035627,-0.2666681073099003,0.10262252286623023,-0.05754475480792454,-0.22811216730772907,0.10938696370255468,0.11908550708999689,-0.24278366681451066,0.29965577843516056,0.06536098878206943,-0.19014117155565194,0.26185430310916297,-0.17942741659035316,-0.2966142463812446,0.09881129709072149,0.867,0.029890718618935438,-0.0018036630378044163,0.0035595513840203383,0,,0.44836272040302266,397,0.48484848484848486,561
nuScenes,oracle,plan_ade,JC_ade,24,752,308,dE_E6_risk_weighted,R1_mlp_reg,quota,0.3,True,,-0.04646948307589533,-0.3319114832719572,0.15476990076456712,-0.060774865495174565,-0.2519619206210245,0.14105363506902688,-0.030503485906943646,-0.4620687882908891,0.2823988846205267,-0.06287717309088717,-0.3676237691600882,0.20289484766437857,-0.015965997168951685,-0.18092099767453473,0.2541539719812299,0.533,0.029912355102641175,-0.0013900116792023554,-0.000912431102316909,0,,0.44836272040302266,397,0.48484848484848486,561
nuScenes,oracle,plan_ade,JC_ade,24,752,308,dE_E6_risk_weighted,R1_mlp_reg,quota,0.5,True,,0.1468691332098433,-0.16161582861740603,0.35776623374714106,0.09772458424429778,-0.06571510210373312,0.310252546572598,-0.05302929674489294,-0.5547076106402543,0.24941260527240378,-0.10252178453590756,-0.34817903072993867,0.11141493717213853,0.19989842995473622,-0.05342874622814003,0.49509070141568834,0.063,0.029912355102641175,0.004393201666189943,-0.0015862311550765714,0,,0.44836272040302266,397,0.48484848484848486,561
nuScenes,oracle,plan_ade,JC_ade,24,752,308,dE_E6_risk_weighted,R1_mlp_clf,quota,0.1,True,,-0.050338350683062624,-0.23285089172789436,0.08693227749368253,-0.0454711395104922,-0.22324676755329148,0.09481133182367166,0.024363787313399204,-0.11870247714390651,0.12125990208255612,0.0025770860849534884,-0.1146785086387247,0.12152007530090339,-0.07470213799646183,-0.24043806346994018,0.10298081875480847,0.755,0.02601649489462611,-0.0013096274435497976,0.0006338603482528068,0,,0.44836272040302266,397,0.48484848484848486,561
nuScenes,oracle,plan_ade,JC_ade,24,752,308,dE_E6_risk_weighted,R1_mlp_clf,quota,0.2,True,,0.04638566028854274,-0.23015562132731998,0.17714392279750663,0.0016107775936203565,-0.1891603942195546,0.16969847867107551,-0.027026011716296955,-0.1785221043586315,0.08704881581416497,-0.043434615855897404,-0.13560818889099222,0.07992378663985056,0.0734116720048397,-0.15802640128889478,0.22261943753693206,0.285,0.029890718618935438,0.0013865007196383586,-0.0008078269116038847,0,,0.44836272040302266,397,0.48484848484848486,561
nuScenes,oracle,plan_ade,JC_ade,24,752,308,dE_E6_risk_weighted,R1_mlp_clf,quota,0.3,True,,0.04095296669368383,-0.23894178993482526,0.20624399361068058,0.00977395555046601,-0.18493061551092,0.20140757154448208,-0.0048012349434272674,-0.20917030613661114,0.171449268380787,-0.017387099585385514,-0.13367639393728956,0.14824993220571225,0.0457542016371111,-0.20822966582442343,0.23204941752790387,0.38,0.029912355102641175,0.0012249996822481077,-0.00014361624455900573,0,,0.44836272040302266,397,0.48484848484848486,561
nuScenes,oracle,plan_ade,JC_ade,24,752,308,dE_E6_risk_weighted,R1_mlp_clf,quota,0.5,True,,0.0343596119971833,-0.2791340947908453,0.23628079129650653,-0.006786943031600182,-0.17007108857669453,0.18708361189528985,-0.019939224242550097,-0.39477769620809333,0.22571122412797326,-0.07031564538937378,-0.21965221744703195,0.1113220758796728,0.054298836239733396,-0.18280492860983957,0.3234093058801999,0.27,0.029912355102641175,0.0010277769152487169,-0.00059642915601435,0,,0.44836272040302266,397,0.48484848484848486,561
nuScenes,oracle,plan_ade,JC_ade,24,752,308,dE_E6_risk_weighted,R1_gbm_reg,quota,0.1,True,,-0.11433396141315035,-0.2626877965521579,0.056529975844787764,-0.08347029787387,-0.24552932232233654,0.0715839492710233,0.11261163213975171,-0.09006143496615063,0.3896415927547193,0.1174508346861137,-0.06285668654604738,0.3768057614506607,-0.22694559355290206,-0.448891252085408,0.06500622211565757,0.919,0.02601649489462611,-0.0029745689233876046,0.002929759952639364,0,,0.44836272040302266,397,0.48484848484848486,561
nuScenes,oracle,plan_ade,JC_ade,24,752,308,dE_E6_risk_weighted,R1_gbm_reg,quota,0.2,True,,-0.10987772467015096,-0.32182023120753517,0.0454510441847498,-0.1294257072702389,-0.2736908924739437,0.024034145557947757,0.14497957449471596,-0.14782800297524262,0.3219154301256583,0.11300375338578397,-0.08989756902216017,0.284519458171801,-0.25485729916486694,-0.4614756541123474,0.03320162282797084,0.956,0.029890718618935438,-0.003284324150604343,0.004333543666714543,0,,0.44836272040302266,397,0.48484848484848486,561
nuScenes,oracle,plan_ade,JC_ade,24,752,308,dE_E6_risk_weighted,R1_gbm_reg,quota,0.3,True,,-0.1252196608219153,-0.38078292318481416,0.06677483392203644,-0.14077617569149944,-0.28351480731019674,0.02046926275466255,0.10422984759690937,-0.23344179622222855,0.3395270589473632,0.07397587554811907,-0.12344251299378889,0.26386676371625956,-0.22944950841882467,-0.4364119406364245,0.07543411221122458,0.932,0.029912355102641175,-0.003745614960337415,0.003117760213612924,0,,0.44836272040302266,397,0.48484848484848486,561
nuScenes,oracle,plan_ade,JC_ade,24,752,308,dE_E6_risk_weighted,R1_gbm_reg,quota,0.5,True,,-0.019579642128692273,-0.4439588954052597,0.11766934332710621,-0.13757536677360233,-0.30254685265096365,0.05338385222688562,0.19391362762087452,-0.19420129211103848,0.38775916144629063,0.14380640396959946,0.02217942283068764,0.27191773632478033,-0.21349326974956678,-0.4618954705146217,-0.03615373508694396,0.984,0.029912355102641175,-0.0005856732081360764,0.005800413288636927,0,,0.44836272040302266,397,0.48484848484848486,561
nuScenes,oracle,plan_ade,JC_ade,24,752,308,dE_E6_risk_weighted,R1_gbm_clf,quota,0.1,True,,-0.020150582133952228,-0.12907846544129034,0.09404684800681996,-0.029595824236831204,-0.13479694276496035,0.10295132170222153,0.029869308942112604,-0.21181566267572036,0.23044009201290672,0.023605447701527487,-0.19413067312498666,0.21688994838325196,-0.05001989107606483,-0.26858186933931794,0.20392525972693065,0.685,0.02601649489462611,-0.0005242475172117123,0.0007770947235984825,0,,0.44836272040302266,397,0.48484848484848486,561
nuScenes,oracle,plan_ade,JC_ade,24,752,308,dE_E6_risk_weighted,R1_gbm_clf,quota,0.2,True,,-0.06382007457371967,-0.25066979370468323,0.08139342636083285,-0.06618408791235027,-0.1891555572258516,0.06126862722148059,0.10091590651801109,-0.22795664724952586,0.34280998759837145,0.0701100692854231,-0.18225376892585016,0.320520875317581,-0.16473598109173077,-0.35268435635727563,0.09127708701075002,0.88,0.029890718618935438,-0.0019076278913225308,0.0030164489659046624,0,,0.44836272040302266,397,0.48484848484848486,561
nuScenes,oracle,plan_ade,JC_ade,24,752,308,dE_E6_risk_weighted,R1_gbm_clf,quota,0.3,True,,-0.05037431747308483,-0.32289830874216646,0.12537733869956932,-0.08334449008657709,-0.24271714917202955,0.10334979924956463,0.11643866341107582,-0.264271973626294,0.37788303760006603,0.0705613560870452,-0.19233020575893267,0.3388173217523949,-0.16681298088416066,-0.4444352869534783,0.11169861336952916,0.884,0.029912355102641175,-0.0015068144723080956,0.0034829546476290124,0,,0.44836272040302266,397,0.48484848484848486,561
nuScenes,oracle,plan_ade,JC_ade,24,752,308,dE_E6_risk_weighted,R1_gbm_clf,quota,0.5,True,,-0.029236786140526026,-0.5453463313894722,0.272042475868577,-0.08270462468394209,-0.3266846792985439,0.11987017743729368,0.06567126447650015,-0.4282200662374285,0.3117210444572512,-0.002129967729248213,-0.29413437155404243,0.22948569550711698,-0.09490805061702617,-0.31712944230731976,0.18671327836673227,0.766,0.029912355102641175,-0.0008745411290953924,0.0019643821830605374,0,,0.44836272040302266,397,0.48484848484848486,561
nuScenes,oracle,plan_fde,JC_fde,24,752,120,primary,gate_ridge,quota,0.1,True,,0.05588855650660879,-0.28062878803872593,0.19874150361122436,-0.01938403465870921,-0.2781666287602688,0.1443429891629691,0.10929264827244704,-0.028187984504303213,0.23722076920751234,0.07205753213711998,-0.03966211578771728,0.21060459764410186,-0.053404091765838255,-0.3278733180425818,0.03621933879340186,0.865,0.04743900052874271,0.0026512972616676814,0.005184733999184307,0,,0.5476190476190477,294,0.5219638242894057,387
nuScenes,oracle,plan_fde,JC_fde,24,752,120,primary,gate_ridge,quota,0.2,True,,-0.013077775202718649,-0.46701627378489724,0.3136167841331668,-0.06611655236559426,-0.43350257603359815,0.2305073833041647,0.27129468795721845,-0.12611882487193357,0.5081349346268864,0.17346203208870675,-0.14544909727110647,0.43344411856636755,-0.2843724631599371,-0.6065470550638001,0.09888799042128177,0.902,0.04743900052874271,-0.0006203965847565484,0.012869948845447576,0,,0.5476190476190477,294,0.5219638242894057,387
nuScenes,oracle,plan_fde,JC_fde,24,752,120,primary,gate_ridge,quota,0.3,True,,0.0011076805142467782,-0.4301056499908332,0.5191588056596226,0.006481562013091943,-0.3678113782027532,0.3830532330535247,0.13747526263253412,-0.27498585865660835,0.4974334447639652,0.053635543877721764,-0.22799345377515673,0.3573870454458932,-0.13636758211828734,-0.349422303833806,0.4121311559703367,0.62,0.04743900052874271,5.254725650103091e-05,0.00652168905671383,0,,0.5476190476190477,294,0.5219638242894057,387
nuScenes,oracle,plan_fde,JC_fde,24,752,120,primary,gate_ridge,quota,0.5,True,,0.20485184769345785,-0.3725459418639767,0.5807553801221715,0.06968982922153814,-0.263556942085354,0.3323231987703584,0.1330668266357902,-0.3507714270293855,0.5302811927011407,0.021259784020651373,-0.30534514828070725,0.27750365036315383,0.07178502105766765,-0.3416026108650239,0.51046812242713,0.441,0.04743900052874271,0.009717966911043869,0.006312557259133366,0,,0.5476190476190477,294,0.5219638242894057,387
nuScenes,oracle,plan_fde,JC_fde,24,752,120,primary,gate_gbm,quota,0.1,True,,-0.17027269474420517,-0.46466723672188603,0.04416126413106678,-0.17959767896946402,-0.4486409969732295,0.0053158700291023805,0.04037447476643438,-0.20018988474026578,0.11789106243687165,-0.027436220748584268,-0.19885470590154944,0.09570004843520855,-0.21064716951063955,-0.4488265693536926,0.07559004978714519,0.886,0.04743900052874271,-0.008077566456000796,0.0019153247297925898,0,,0.5476190476190477,294,0.5219638242894057,387
nuScenes,oracle,plan_fde,JC_fde,24,752,120,primary,gate_gbm,quota,0.2,True,,-0.21301692640251485,-0.6347066437426615,0.05067299883981347,-0.2649680220837875,-0.5925142289693606,-0.004128198821884162,0.055000138457540294,-0.32760107953577444,0.3385928857158857,-0.03785093186962896,-0.28721428347155464,0.23156407881234772,-0.26801706486005517,-0.5089379574753514,0.11950348020498203,0.913,0.04743900052874271,-0.01010531008424005,0.0026091515973681763,0,,0.5476190476190477,294,0.5219638242894057,387
nuScenes,oracle,plan_fde,JC_fde,24,752,120,primary,gate_gbm,quota,0.3,True,,-0.160377899918356,-0.567836676532063,0.10696329275775036,-0.2393449231713883,-0.5412909377196949,0.024048779018622228,0.11494215960421046,-0.29235709440892627,0.4556111833513125,0.04422235651086823,-0.2347692284749337,0.30313643508372534,-0.27532005952256644,-0.556782339226742,0.11142334374209437,0.948,0.04743900052874271,-0.007608167279025535,0.005452741170238969,0,,0.5476190476190477,294,0.5219638242894057,387
nuScenes,oracle,plan_fde,JC_fde,24,752,120,primary,gate_gbm,quota,0.5,True,,-0.12221890696199544,-0.357714187459767,0.28389915916426567,-0.1773147112584652,-0.3555181830577948,0.09309275014477932,0.33722413071171636,-0.23839742772680222,0.613453034617641,0.15765878977458114,-0.10520934497139467,0.3298726345480951,-0.4594430376737118,-0.6496423277942472,0.13278294249376954,0.947,0.04743900052874271,-0.005797942791992458,0.015997575715137914,0,,0.5476190476190477,294,0.5219638242894057,387
nuScenes,oracle,plan_fde,JC_fde,24,752,120,primary,R1_mlp_reg,quota,0.1,True,,0.08628802436548957,-0.005304650969014586,0.25087725322284765,0.07732984994552891,-0.019001898498672638,0.2300114431071308,0.009449721345882841,-0.12519606547966314,0.15800678919475503,-0.01704117146951259,-0.12397651645022757,0.12833726178667315,0.07683830301960673,-0.02465948064297543,0.25269669969925773,0.047,0.04743900052874271,0.004093417633498624,0.00044828533592380736,0,,0.5476190476190477,294,0.5219638242894057,387
nuScenes,oracle,plan_fde,JC_fde,24,752,120,primary,R1_mlp_reg,quota,0.2,True,,0.10705249163704837,-0.06955747750929311,0.2977412010612254,0.07794921424875405,-0.08086989861400859,0.26950310198849803,0.003151277090257433,-0.182685741416323,0.20858568308291778,-0.023387446278773892,-0.16931249817897603,0.1482379691568986,0.10390121454679094,-0.08051775484591557,0.2846557204127206,0.13,0.04743900052874271,0.005078463207373162,0.00014949343555093717,0,,0.5476190476190477,294,0.5219638242894057,387
nuScenes,oracle,plan_fde,JC_fde,24,752,120,primary,R1_mlp_reg,quota,0.3,True,,0.18713002707693946,0.0382024631835411,0.33102329306152073,0.11145312446912364,-0.07371326382801136,0.28381754521692726,0.12150189702049287,-0.18975292210982042,0.3954130135393195,0.043890684384320804,-0.17452612402235052,0.27803179944787315,0.06562813005644659,-0.20675578970980338,0.3415272608537488,0.313,0.04743900052874271,0.00887726145344657,0.005763928556998404,0,,0.5476190476190477,294,0.5219638242894057,387
nuScenes,oracle,plan_fde,JC_fde,24,752,120,primary,R1_mlp_reg,quota,0.5,True,,0.17117351668820138,-0.047930673359434205,0.30917646815800487,0.030792513418829402,-0.20295397469744933,0.2767333628853238,0.10904333589102722,-0.2776025839940635,0.39189036975291097,-0.03141037117148468,-0.24593494491054319,0.19397855877970172,0.06213018079717417,-0.19230652051055844,0.3672673797871598,0.357,0.04743900052874271,0.008120300548678334,0.005172906868990309,0,,0.5476190476190477,294,0.5219638242894057,387
nuScenes,oracle,plan_fde,JC_fde,24,752,120,primary,R1_mlp_clf,quota,0.1,True,,0.20489331026795266,0.023798933101265553,0.4264230751065179,0.18162238437096698,0.01598281597542623,0.3896788217462603,0.05093736607135227,-0.05895630795033131,0.12887880607548502,0.013970427082347971,-0.07436433129553671,0.10471299668907254,0.15395594419660039,-0.05656023893479039,0.40160503009050474,0.079,0.04743900052874271,0.00971993385413725,0.0024164177359916415,0,,0.5476190476190477,294,0.5219638242894057,387
nuScenes,oracle,plan_fde,JC_fde,24,752,120,primary,R1_mlp_clf,quota,0.2,True,,0.18186591110092737,-0.0775125555562202,0.4047944425773765,0.126718509913315,-0.058686199369270386,0.3299519883444768,0.030559112753103784,-0.08451337386222132,0.19948613161887133,-0.001880306061947209,-0.11244402159304305,0.1572119153283569,0.1513067983478236,-0.19150638858443284,0.3879023889773045,0.174,0.04743900052874271,0.008627537052877169,0.0014496937660523985,0,,0.5476190476190477,294,0.5219638242894057,387
nuScenes,oracle,plan_fde,JC_fde,24,752,120,primary,R1_mlp_clf,quota,0.3,True,,0.12983224588112652,-0.1678652786279745,0.3760351052191699,0.04916473653775941,-0.13497703137916583,0.25041107604910895,0.13179211822509082,-0.10718985269940422,0.291251338655391,0.018450887841040084,-0.11651270934552538,0.18125771065698854,-0.001959872343964303,-0.2737267487022593,0.3312065695756732,0.406,0.04743900052874271,0.006159111981002614,0.006252086366164205,0,,0.5476190476190477,294,0.5219638242894057,387
nuScenes,oracle,plan_fde,JC_fde,24,752,120,primary,R1_mlp_clf,quota,0.5,True,,0.18183942136706,-0.19982703513840547,0.38664851659217875,0.032284348545555966,-0.2333183776140261,0.26291010996423764,0.17068169225569324,-0.08843906387279955,0.41006747589397563,0.05102974494881705,-0.1356175771302629,0.2638039320943697,0.011157729111366754,-0.4250317228515221,0.29256234380135654,0.498,0.04743900052874271,0.008626280406378228,0.008096968889164533,0,,0.5476190476190477,294,0.5219638242894057,387
nuScenes,oracle,plan_fde,JC_fde,24,752,120,primary,R1_gbm_reg,quota,0.1,True,,0.07029598374748897,-0.011591124860989968,0.19194116546793222,0.05309806415596649,-0.05467520443863206,0.20247448151447311,-0.022881337375590238,-0.12542629961391208,0.07280486490265814,-0.0503024497401953,-0.13107796742134847,0.04572649458283928,0.09317732112307921,-0.03722165317500507,0.2597467301143879,0.076,0.04743900052874271,0.0033347712101656182,-0.0010854677758589657,0,,0.5476190476190477,294,0.5219638242894057,387
nuScenes,oracle,plan_fde,JC_fde,24,752,120,primary,R1_gbm_reg,quota,0.2,True,,-0.04939200307473224,-0.289985126921983,0.19529221861738374,-0.06956159184499225,-0.28082902732194065,0.16895511547135694,-0.061901490667826214,-0.35986980940451463,0.14680713906317908,-0.12720404104601388,-0.3478286877219555,0.08995720284829822,0.012509487593093976,-0.10611741284679557,0.25609197661345195,0.259,0.04743900052874271,-0.0023431072599778844,-0.0029365448485209698,0,,0.5476190476190477,294,0.5219638242894057,387
nuScenes,oracle,plan_fde,JC_fde,24,752,120,primary,R1_gbm_reg,quota,0.3,True,,-0.012000292672340393,-0.227187028009478,0.29498124876443127,-0.05508950432136674,-0.24236875898373295,0.2348408463846983,-0.01853803881798046,-0.5216170847096725,0.36483989838967074,-0.10742781880890506,-0.4782651727201923,0.26111893803163233,0.006537746145640068,-0.20774564744107196,0.37338268970519983,0.361,0.04743900052874271,-0.0005692818904282232,-0.000879426033288028,0,,0.5476190476190477,294,0.5219638242894057,387
nuScenes,oracle,plan_fde,JC_fde,24,752,120,primary,R1_gbm_reg,quota,0.5,True,,0.30937688898056454,-0.1532262538898674,0.6124801368253945,0.13671100844981435,-0.13855703089025734,0.43843732579144185,0.024794861728566223,-0.5045978618753798,0.39389752571103775,-0.0980598778630061,-0.43454506220239447,0.1993680965008669,0.2845820272519983,-0.11310893294127869,0.6185952688088122,0.103,0.04743900052874271,0.014676530399929777,0.0011762434586515555,0,,0.5476190476190477,294,0.5219638242894057,387
nuScenes,oracle,plan_fde,JC_fde,24,752,120,primary,R1_gbm_clf,quota,0.1,True,,0.10610863041813762,-0.02984638316819136,0.16903367219727142,0.05213828363339564,-0.0681223007581116,0.17196440021281884,-0.032422013724591164,-0.1600331055467833,0.11133850267283023,-0.04048578884495012,-0.15072293125763808,0.07371682935398349,0.13853064414272878,-0.1009249056063348,0.27663451886979035,0.152,0.04743900052874271,0.005033687374510196,-0.0015380679262237836,0,,0.5476190476190477,294,0.5219638242894057,387
nuScenes,oracle,plan_fde,JC_fde,24,752,120,primary,R1_gbm_clf,quota,0.2,True,,0.20232613820483877,-0.04523690815699692,0.41048939648336213,0.12823020089456713,-0.10995081971267912,0.3628592246098707,-0.06506121349855956,-0.432349840359282,0.21233536634854352,-0.1053686824592636,-0.4072628955308233,0.12480765059486826,0.26738735170339833,-0.18301484757890282,0.6056237329780214,0.131,0.04743900052874271,0.009598149777277817,-0.0030864389415588096,0,,0.5476190476190477,294,0.5219638242894057,387
nuScenes,oracle,plan_fde,JC_fde,24,752,120,primary,R1_gbm_clf,quota,0.3,True,,0.21417120970247444,-0.0022387592558138734,0.38293440613298296,0.11513384120121183,-0.10275225683544173,0.3187510357821022,-0.07737029857767735,-0.5197341129942784,0.2682888919268349,-0.1518837448773876,-0.4651366095449158,0.13300534785026158,0.2915415082801518,-0.16309026632153523,0.6699817172078103,0.102,0.04743900052874271,0.01016006813031715,-0.0036703696351354175,0,,0.5476190476190477,294,0.5219638242894057,387
nuScenes,oracle,plan_fde,JC_fde,24,752,120,primary,R1_gbm_clf,quota,0.5,True,,0.1750484299121583,-0.19599547637848946,0.5626881126181936,0.09820623998520972,-0.18544155329890366,0.40904635661189487,0.10346348137168529,-0.3873480366366337,0.4792814289051121,-0.027692623932244254,-0.3202404780202525,0.24334155847034616,0.07158494854047301,-0.1236953859840755,0.4469162506369354,0.147,0.04743900052874271,0.00830412255915846,0.00490820414749694,0,,0.5476190476190477,294,0.5219638242894057,387
nuScenes,oracle,plan_fde,JC_fde,24,752,120,primary,gate_ridge,budget_ms_20,0.2,True,,0.0,0.0,0.0,-0.04906064182698683,-0.13032591916173022,0.06736391539102683,0.0,0.0,0.0,-0.04906064182698683,-0.13032591916173022,0.06736391539102683,0.0,0.0,0.0,1.0,0.04743900052874271,0.0,0.0,0,0.0,0.5476190476190477,294,0.5219638242894057,387
nuScenes,oracle,plan_fde,JC_fde,24,752,120,primary,gate_gbm,budget_ms_20,0.2,True,,0.0,0.0,0.0,-0.04906064182698683,-0.13032591916173022,0.06736391539102683,0.0,0.0,0.0,-0.04906064182698683,-0.13032591916173022,0.06736391539102683,0.0,0.0,0.0,1.0,0.04743900052874271,0.0,0.0,0,0.0,0.5476190476190477,294,0.5219638242894057,387
nuScenes,oracle,plan_fde,JC_fde,24,752,120,primary,R1_mlp_reg,budget_ms_20,0.2,True,,0.1268303708950266,-0.0494689304791797,0.28749447776293985,0.07653055784466119,-0.06093426145897275,0.26289296103485676,0.04428968313799685,-0.1603016024961226,0.21273675359740749,-0.018508277698922184,-0.1412676925408541,0.15875892089467303,0.08254068775702975,-0.09227859159873857,0.2574692414651924,0.114,0.04743900052874271,0.0060167060319498014,0.00210105830180128,0,0.16645221467687044,0.5476190476190477,294,0.5219638242894057,387
nuScenes,oracle,plan_fde,JC_fde,24,752,120,primary,R1_mlp_clf,budget_ms_20,0.2,True,,0.225947652862839,-0.047185717258602905,0.4314033623628261,0.14429689517116653,-0.05716637521526006,0.36019620073484954,0.05800847196089819,-0.05186878395588915,0.18640942782133316,-0.005463641868287843,-0.11245771000522763,0.15336673698300998,0.1679391809019408,-0.17362303832798592,0.4019193263623921,0.138,0.04743900052874271,0.010718730823628394,0.002751863932024606,0,0.16645221467687044,0.5476190476190477,294,0.5219638242894057,387
nuScenes,oracle,plan_fde,JC_fde,24,752,120,primary,R1_gbm_reg,budget_ms_20,0.2,True,,0.0,0.0,0.0,-0.04906064182698683,-0.13032591916173022,0.06736391539102683,0.0,0.0,0.0,-0.04906064182698683,-0.13032591916173022,0.06736391539102683,0.0,0.0,0.0,1.0,0.04743900052874271,0.0,0.0,0,0.0,0.5476190476190477,294,0.5219638242894057,387
nuScenes,oracle,plan_fde,JC_fde,24,752,120,primary,R1_gbm_clf,budget_ms_20,0.2,True,,0.0,0.0,0.0,-0.04906064182698683,-0.13032591916173022,0.06736391539102683,0.0,0.0,0.0,-0.04906064182698683,-0.13032591916173022,0.06736391539102683,0.0,0.0,0.0,1.0,0.04743900052874271,0.0,0.0,0,0.0,0.5476190476190477,294,0.5219638242894057,387
nuScenes,oracle,plan_fde,JC_fde,24,752,120,primary,gate_gbm_batched,budget_ms_20,0.2,True,,-0.0049979250192191535,-0.02889367941932287,0.009068856767656957,-0.05667180651398592,-0.13306468485719408,0.05362897459712878,0.0003849880471098299,-0.04604593426552826,0.04284133655899905,-0.048484742294988524,-0.14067439051552438,0.07330996899731508,-0.0053829130663289836,-0.05742925280606913,0.04067814093461751,0.66,0.04743900052874271,-0.00023709656762935385,1.8263448170402842e-05,0,0.0172835013923785,0.5476190476190477,294,0.5219638242894057,387
nuScenes,oracle,plan_fde,JC_fde,24,752,120,dE_exact,gate_ridge,quota,0.1,True,,0.05588855650660879,-0.28062878803872593,0.19874150361122436,-0.01938403465870921,-0.2781666287602688,0.1443429891629691,0.08504543902640735,-0.0654806267505336,0.2249076957171323,0.05382101346423155,-0.08536243806617161,0.19331391809941986,-0.02915688251979856,-0.3175590229660413,0.1477546922600441,0.759,0.04743900052874271,0.0026512972616676814,0.004034470626940894,0,,0.40703517587939697,199,0.45018450184501846,271
nuScenes,oracle,plan_fde,JC_fde,24,752,120,dE_exact,gate_ridge,quota,0.2,True,,-0.013077775202718649,-0.46701627378489724,0.3136167841331668,-0.06611655236559426,-0.43350257603359815,0.2305073833041647,0.19288860416879128,-0.05178631966567388,0.38631568797790816,0.10212605677385801,-0.06810611002599404,0.34362341596215856,-0.20596637937150994,-0.5260047031675293,0.15097747518425736,0.817,0.04743900052874271,-0.0006203965847565484,0.009150442595151733,0,,0.40703517587939697,199,0.45018450184501846,271
nuScenes,oracle,plan_fde,JC_fde,24,752,120,dE_exact,gate_ridge,quota,0.3,True,,0.0011076805142467782,-0.4301056499908332,0.5191588056596226,0.006481562013091943,-0.3678113782027532,0.3830532330535247,0.1867576116966938,-0.2000228925269581,0.4240712614404159,0.09066937816480868,-0.18562427580593788,0.3066945989740419,-0.18564993118244702,-0.42819030263098884,0.3326928546344562,0.689,0.04743900052874271,5.254725650103091e-05,0.008859594440026184,0,,0.40703517587939697,199,0.45018450184501846,271
nuScenes,oracle,plan_fde,JC_fde,24,752,120,dE_exact,gate_ridge,quota,0.5,True,,0.20485184769345785,-0.3725459418639767,0.5807553801221715,0.06968982922153814,-0.263556942085354,0.3323231987703584,0.13194524558282109,-0.46185646182002077,0.5233691014251336,-0.005359956253749166,-0.3690320614053381,0.32412199449941786,0.07290660211063676,-0.2308448936265052,0.34947774596409636,0.294,0.04743900052874271,0.009717966911043869,0.006259350574968537,0,,0.40703517587939697,199,0.45018450184501846,271
nuScenes,oracle,plan_fde,JC_fde,24,752,120,dE_exact,gate_gbm,quota,0.1,True,,-0.17027269474420517,-0.46466723672188603,0.04416126413106678,-0.17959767896946402,-0.4486409969732295,0.0053158700291023805,0.07608363927199,-0.05383799202600207,0.21215308939288127,0.05218034547305354,-0.06613401152534884,0.1846451614580515,-0.24635633401619517,-0.49753586590192755,0.019243024612366554,0.963,0.04743900052874271,-0.008077566456000796,0.003609331803652603,0,,0.40703517587939697,199,0.45018450184501846,271
nuScenes,oracle,plan_fde,JC_fde,24,752,120,dE_exact,gate_gbm,quota,0.2,True,,-0.21301692640251485,-0.6347066437426615,0.05067299883981347,-0.2649680220837875,-0.5925142289693606,-0.004128198821884162,0.18391693989737873,-0.05849545346658369,0.37063186645463303,0.11180030271363074,-0.08201998110123064,0.3155884002298857,-0.3969338662998936,-0.7984948442403439,0.009736356519661489,0.969,0.04743900052874271,-0.01010531008424005,0.00872483580903649,0,,0.40703517587939697,199,0.45018450184501846,271
nuScenes,oracle,plan_fde,JC_fde,24,752,120,dE_exact,gate_gbm,quota,0.3,True,,-0.160377899918356,-0.567836676532063,0.10696329275775036,-0.2393449231713883,-0.5412909377196949,0.024048779018622228,0.19947311943455254,-0.16963259571129877,0.4093336399598161,0.09161595770206966,-0.17089194944863947,0.31986985815302055,-0.35985101935290853,-0.7333551874579936,0.09923751280123917,0.938,0.04743900052874271,-0.007608167279025535,0.009462805418325696,0,,0.40703517587939697,199,0.45018450184501846,271
nuScenes,oracle,plan_fde,JC_fde,24,752,120,dE_exact,gate_gbm,quota,0.5,True,,-0.12221890696199544,-0.357714187459767,0.28389915916426567,-0.1773147112584652,-0.3555181830577948,0.09309275014477932,0.16715970268289,-0.27204306075968665,0.5313879945448579,0.06489690273824737,-0.20110642208817764,0.3122643514565048,-0.28937860964488543,-0.5585501872414187,0.12306629045361557,0.922,0.04743900052874271,-0.005797942791992458,0.007929889223958092,0,,0.40703517587939697,199,0.45018450184501846,271
nuScenes,oracle,plan_fde,JC_fde,24,752,120,dE_exact,R1_mlp_reg,quota,0.1,True,,0.08628802436548957,-0.005304650969014586,0.25087725322284765,0.07732984994552891,-0.019001898498672638,0.2300114431071308,0.09210590471228694,-0.0645975047392057,0.1934884166688835,0.042637686377627146,-0.09117127015160939,0.1924263189767587,-0.005817880346797366,-0.1349011382173363,0.2429197503741897,0.378,0.04743900052874271,0.004093417633498624,0.004369412062346506,0,,0.40703517587939697,199,0.45018450184501846,271
nuScenes,oracle,plan_fde,JC_fde,24,752,120,dE_exact,R1_mlp_reg,quota,0.2,True,,0.10705249163704837,-0.06955747750929311,0.2977412010612254,0.07794921424875405,-0.08086989861400859,0.26950310198849803,0.1646522255597982,0.02066586373278356,0.3163791471696357,0.11911509186514403,-0.05744230859697837,0.31594369255646026,-0.05759973392274982,-0.3052695987344565,0.218414126374334,0.614,0.04743900052874271,0.005078463207373162,0.007810937015389931,0,,0.40703517587939697,199,0.45018450184501846,271
nuScenes,oracle,plan_fde,JC_fde,24,752,120,dE_exact,R1_mlp_reg,quota,0.3,True,,0.18713002707693946,0.0382024631835411,0.33102329306152073,0.11145312446912364,-0.07371326382801136,0.28381754521692726,0.30274310265665605,0.10210623475284519,0.43338788727097166,0.20351805739667786,-0.010483528723671703,0.42335688197203325,-0.11561307557971659,-0.2694048937074362,0.14684281967470697,0.815,0.04743900052874271,0.00887726145344657,0.014361830207002315,0,,0.40703517587939697,199,0.45018450184501846,271
nuScenes,oracle,plan_fde,JC_fde,24,752,120,dE_exact,R1_mlp_reg,quota,0.5,True,,0.17117351668820138,-0.047930673359434205,0.30917646815800487,0.030792513418829402,-0.20295397469744933,0.2767333628853238,0.42405622008145977,0.1551624329254007,0.6231333971522117,0.2718412563827571,-0.004773162141976102,0.523625252397951,-0.25288270339325836,-0.5268981765276328,-0.0023490001218947018,0.977,0.04743900052874271,0.008120300548678334,0.020116803248661004,0,,0.40703517587939697,199,0.45018450184501846,271
nuScenes,oracle,plan_fde,JC_fde,24,752,120,dE_exact,R1_mlp_clf,quota,0.1,True,,0.20489331026795266,0.023798933101265553,0.4264230751065179,0.18162238437096698,0.01598281597542623,0.3896788217462603,0.06070343381707562,-0.11961013159198343,0.13783107910636358,0.011468896568431372,-0.11630168270245751,0.12497699499960395,0.14418987645087705,-0.019179417127791046,0.39924279078335917,0.043,0.04743900052874271,0.00971993385413725,0.0028797102289447483,0,,0.40703517587939697,199,0.45018450184501846,271
nuScenes,oracle,plan_fde,JC_fde,24,752,120,dE_exact,R1_mlp_clf,quota,0.2,True,,0.18186591110092737,-0.0775125555562202,0.4047944425773765,0.126718509913315,-0.058686199369270386,0.3299519883444768,0.10263525986447067,0.041146501295662156,0.21799672435054696,0.07460665012452838,-0.03300571063599687,0.20808457312017828,0.0792306512364567,-0.2117406982576211,0.3136001888923377,0.345,0.04743900052874271,0.008627537052877169,0.004868914146978269,0,,0.40703517587939697,199,0.45018450184501846,271
nuScenes,oracle,plan_fde,JC_fde,24,752,120,dE_exact,R1_mlp_clf,quota,0.3,True,,0.12983224588112652,-0.1678652786279745,0.3760351052191699,0.04916473653775941,-0.13497703137916583,0.25041107604910895,0.14107448482460236,-0.004866839568536973,0.2919963067093699,0.06685641794275858,-0.09893346191112004,0.26359890947200487,-0.01124223894347584,-0.37476880492053005,0.3014974896001183,0.543,0.04743900052874271,0.006159111981002614,0.006692432560186417,0,,0.40703517587939697,199,0.45018450184501846,271
nuScenes,oracle,plan_fde,JC_fde,24,752,120,dE_exact,R1_mlp_clf,quota,0.5,True,,0.18183942136706,-0.19982703513840547,0.38664851659217875,0.032284348545555966,-0.2333183776140261,0.26291010996423764,0.21392194149300095,-0.09948280666905157,0.4669050000720523,0.08232571027882785,-0.13455097217020287,0.3267356696706726,-0.032082520125940955,-0.32701747504943457,0.17672821053238746,0.633,0.04743900052874271,0.008626280406378228,0.01014824309559614,0,,0.40703517587939697,199,0.45018450184501846,271
nuScenes,oracle,plan_fde,JC_fde,24,752,120,dE_exact,R1_gbm_reg,quota,0.1,True,,0.07029598374748897,-0.011591124860989968,0.19194116546793222,0.05309806415596649,-0.05467520443863206,0.20247448151447311,0.11592662212468202,-0.07659998816895684,0.29343677835601123,0.06805951709626781,-0.08503428020187723,0.2536150044204473,-0.045630638377193056,-0.24210500145708186,0.2166011482699844,0.547,0.04743900052874271,0.0033347712101656182,0.005499443088268147,0,,0.40703517587939697,199,0.45018450184501846,271
nuScenes,oracle,plan_fde,JC_fde,24,752,120,dE_exact,R1_gbm_reg,quota,0.2,True,,-0.04939200307473224,-0.289985126921983,0.19529221861738374,-0.06956159184499225,-0.28082902732194065,0.16895511547135694,0.14831007608889693,-0.06772765559009071,0.3834688536666101,0.09637419533826502,-0.08672309798708953,0.32340734280150596,-0.19770207916362917,-0.42393396461164246,0.1301256318035551,0.9,0.04743900052874271,-0.0023431072599778844,0.007035681777999053,0,,0.40703517587939697,199,0.45018450184501846,271
nuScenes,oracle,plan_fde,JC_fde,24,752,120,dE_exact,R1_gbm_reg,quota,0.3,True,,-0.012000292672340393,-0.227187028009478,0.29498124876443127,-0.05508950432136674,-0.24236875898373295,0.2348408463846983,0.2419922727152039,0.005556486132891911,0.45852753128882684,0.16159152306361552,-0.03472007539528979,0.3669135061580493,-0.2539925653875443,-0.47027355250883235,0.09970742417552783,0.926,0.04743900052874271,-0.0005692818904282232,0.011479871553288208,0,,0.40703517587939697,199,0.45018450184501846,271
nuScenes,oracle,plan_fde,JC_fde,24,752,120,dE_exact,R1_gbm_reg,quota,0.5,True,,0.30937688898056454,-0.1532262538898674,0.6124801368253945,0.13671100844981435,-0.13855703089025734,0.43843732579144185,0.5714868244441653,0.2079370691844662,0.740690485050285,0.3726682381927884,0.09264642666910046,0.5718855259162611,-0.2621099354636008,-0.5455282997338977,0.16767112756613664,0.9,0.04743900052874271,0.014676530399929777,0.027110763766976253,0,,0.40703517587939697,199,0.45018450184501846,271
nuScenes,oracle,plan_fde,JC_fde,24,752,120,dE_exact,R1_gbm_clf,quota,0.1,True,,0.10610863041813762,-0.02984638316819136,0.16903367219727142,0.05213828363339564,-0.0681223007581116,0.17196440021281884,0.09745629668639641,-0.006407321712581726,0.18354122383270197,0.06132925734051935,-0.01862652215423177,0.16808959375604812,0.008652333731741207,-0.14700575141856448,0.11101357851456675,0.531,0.04743900052874271,0.005033687374510196,0.004623229310035266,0,,0.40703517587939697,199,0.45018450184501846,271
nuScenes,oracle,plan_fde,JC_fde,24,752,120,dE_exact,R1_gbm_clf,quota,0.2,True,,0.20232613820483877,-0.04523690815699692,0.41048939648336213,0.12823020089456713,-0.10995081971267912,0.3628592246098707,0.18418225095396742,-0.03914202137419649,0.34278194687565405,0.10945162213526166,-0.043882948773391786,0.27905452379169715,0.01814388725087135,-0.28065402569118364,0.23328643407590838,0.403,0.04743900052874271,0.009598149777277817,0.008737421900390284,0,,0.40703517587939697,199,0.45018450184501846,271
nuScenes,oracle,plan_fde,JC_fde,24,752,120,dE_exact,R1_gbm_clf,quota,0.3,True,,0.21417120970247444,-0.0022387592558138734,0.38293440613298296,0.11513384120121183,-0.10275225683544173,0.3187510357821022,0.13712668318158222,-0.16910985088514421,0.39294529994285005,0.07832725113862594,-0.13686238944244533,0.27468926308371777,0.07704452652089222,-0.20828156550666627,0.284715947671335,0.389,0.04743900052874271,0.01016006813031715,0.006505152795955814,0,,0.40703517587939697,199,0.45018450184501846,271
nuScenes,oracle,plan_fde,JC_fde,24,752,120,dE_exact,R1_gbm_clf,quota,0.5,True,,0.1750484299121583,-0.19599547637848946,0.5626881126181936,0.09820623998520972,-0.18544155329890366,0.40904635661189487,0.2791153064144743,-0.023282715753708504,0.6667220419498053,0.22141474233523092,-0.06100372056742964,0.42837872307311015,-0.104066876502316,-0.4570501654160985,0.2152812033134453,0.786,0.04743900052874271,0.00830412255915846,0.01324095116857643,0,,0.40703517587939697,199,0.45018450184501846,271
nuScenes,oracle,plan_fde,JC_fde,24,752,120,dE_E6_risk_weighted,gate_ridge,quota,0.1,True,,0.05588855650660879,-0.28062878803872593,0.19874150361122436,-0.01938403465870921,-0.2781666287602688,0.1443429891629691,0.14337363333348088,-0.03199344366981057,0.2664758992847667,0.08547464514162849,-0.04697748096955572,0.24660943079750985,-0.0874850768268721,-0.3356606261502697,0.08096561790332499,0.871,0.04743900052874271,0.0026512972616676814,0.006801501867514763,0,,0.41397849462365593,186,0.45849802371541504,253
nuScenes,oracle,plan_fde,JC_fde,24,752,120,dE_E6_risk_weighted,gate_ridge,quota,0.2,True,,-0.013077775202718649,-0.46701627378489724,0.3136167841331668,-0.06611655236559426,-0.43350257603359815,0.2305073833041647,0.15245842244176258,-0.17002700608160037,0.33583228846204827,0.0671835588591397,-0.16204588806233627,0.26972968620422644,-0.16553619764448124,-0.4592681713457825,0.21845436041782879,0.782,0.04743900052874271,-0.0006203965847565484,0.007232475182826055,0,,0.41397849462365593,186,0.45849802371541504,253
nuScenes,oracle,plan_fde,JC_fde,24,752,120,dE_E6_risk_weighted,gate_ridge,quota,0.3,True,,0.0011076805142467782,-0.4301056499908332,0.5191588056596226,0.006481562013091943,-0.3678113782027532,0.3830532330535247,0.12471524590812845,-0.1843867535477169,0.31327828003505576,0.03687259294507469,-0.1765846098694083,0.2010827469850514,-0.12360756539388167,-0.47284771218529215,0.4424538725336225,0.582,0.04743900052874271,5.254725650103091e-05,0.005916366616577982,0,,0.41397849462365593,186,0.45849802371541504,253
nuScenes,oracle,plan_fde,JC_fde,24,752,120,dE_E6_risk_weighted,gate_ridge,quota,0.5,True,,0.20485184769345785,-0.3725459418639767,0.5807553801221715,0.06968982922153814,-0.263556942085354,0.3323231987703584,0.17836915369188444,-0.11759340114225149,0.39999887736492895,0.058142959808899435,-0.14276748068782225,0.22967679303643276,0.02648269400157341,-0.3872379155709533,0.3865694161767002,0.464,0.04743900052874271,0.009717966911043869,0.008461654376300696,0,,0.41397849462365593,186,0.45849802371541504,253
nuScenes,oracle,plan_fde,JC_fde,24,752,120,dE_E6_risk_weighted,gate_gbm,quota,0.1,True,,-0.17027269474420517,-0.46466723672188603,0.04416126413106678,-0.17959767896946402,-0.4486409969732295,0.0053158700291023805,0.030131382092573135,-0.09690242773888977,0.18193545167738565,0.018436206058952954,-0.0917839345085715,0.153790052408762,-0.2004040768367783,-0.4808767800983651,0.03843034737162971,0.947,0.04743900052874271,-0.008077566456000796,0.0014294026510213256,0,,0.41397849462365593,186,0.45849802371541504,253
nuScenes,oracle,plan_fde,JC_fde,24,752,120,dE_E6_risk_weighted,gate_gbm,quota,0.2,True,,-0.21301692640251485,-0.6347066437426615,0.05067299883981347,-0.2649680220837875,-0.5925142289693606,-0.004128198821884162,0.11916722248819754,-0.13198765674933832,0.31324748069536495,0.05514044509917478,-0.14197524197068048,0.24540045723029574,-0.3321841488907124,-0.6795694668340727,0.10611995020994751,0.933,0.04743900052874271,-0.01010531008424005,0.005653173930626403,0,,0.41397849462365593,186,0.45849802371541504,253
nuScenes,oracle,plan_fde,JC_fde,24,752,120,dE_E6_risk_weighted,gate_gbm,quota,0.3,True,,-0.160377899918356,-0.567836676532063,0.10696329275775036,-0.2393449231713883,-0.5412909377196949,0.024048779018622228,0.037856082558644914,-0.2958080685836671,0.3423443707955588,-0.01910339934867548,-0.2798692871135357,0.23068292968558812,-0.19823398247700091,-0.5876639141677213,0.2316284247265672,0.879,0.04743900052874271,-0.007608167279025535,0.0017958547205156837,0,,0.41397849462365593,186,0.45849802371541504,253
nuScenes,oracle,plan_fde,JC_fde,24,752,120,dE_E6_risk_weighted,gate_gbm,quota,0.5,True,,-0.12221890696199544,-0.357714187459767,0.28389915916426567,-0.1773147112584652,-0.3555181830577948,0.09309275014477932,0.1558481191400732,-0.22960127760634536,0.39310347666063455,0.005928239857438482,-0.1846728008553481,0.17769291585913474,-0.2780670261020687,-0.45887917442240905,0.21330027999970538,0.863,0.04743900052874271,-0.005797942791992458,0.00739327900628949,0,,0.41397849462365593,186,0.45849802371541504,253
nuScenes,oracle,plan_fde,JC_fde,24,752,120,dE_E6_risk_weighted,R1_mlp_reg,quota,0.1,True,,0.08628802436548957,-0.005304650969014586,0.25087725322284765,0.07732984994552891,-0.019001898498672638,0.2300114431071308,0.1586758022970804,-0.07538804178062594,0.363050195234345,0.10459000445040378,-0.07182938820826557,0.3243839189899953,-0.07238777793159082,-0.23627882860443394,0.18587076401725852,0.604,0.04743900052874271,0.004093417633498624,0.007527421469069871,0,,0.41397849462365593,186,0.45849802371541504,253
nuScenes,oracle,plan_fde,JC_fde,24,752,120,dE_E6_risk_weighted,R1_mlp_reg,quota,0.2,True,,0.10705249163704837,-0.06955747750929311,0.2977412010612254,0.07794921424875405,-0.08086989861400859,0.26950310198849803,0.18100111180174774,-0.15210174726364115,0.40088939949761565,0.10095477123204208,-0.1467730578399311,0.32237965463519425,-0.07394862016469937,-0.20341817686154542,0.24304743448299904,0.653,0.04743900052874271,0.005078463207373162,0.00858651183846613,0,,0.41397849462365593,186,0.45849802371541504,253
nuScenes,oracle,plan_fde,JC_fde,24,752,120,dE_E6_risk_weighted,R1_mlp_reg,quota,0.3,True,,0.18713002707693946,0.0382024631835411,0.33102329306152073,0.11145312446912364,-0.07371326382801136,0.28381754521692726,0.07044513097145873,-0.369519802128908,0.39963445140555004,-0.005321774476129978,-0.3386738038449861,0.30395198311494437,0.11668489610548073,-0.21611899676212667,0.4972320178613715,0.287,0.04743900052874271,0.00887726145344657,0.00334184660540238,0,,0.41397849462365593,186,0.45849802371541504,253
nuScenes,oracle,plan_fde,JC_fde,24,752,120,dE_E6_risk_weighted,R1_mlp_reg,quota,0.5,True,,0.17117351668820138,-0.047930673359434205,0.30917646815800487,0.030792513418829402,-0.20295397469744933,0.2767333628853238,0.09640478990918486,-0.40386877629173146,0.4254645254039913,-0.04300293974319838,-0.3339613731419527,0.2670415528744954,0.07476872677901653,-0.268428926745177,0.5048739389520347,0.39,0.04743900052874271,0.008120300548678334,0.0045733468794751505,0,,0.41397849462365593,186,0.45849802371541504,253
nuScenes,oracle,plan_fde,JC_fde,24,752,120,dE_E6_risk_weighted,R1_mlp_clf,quota,0.1,True,,0.20489331026795266,0.023798933101265553,0.4264230751065179,0.18162238437096698,0.01598281597542623,0.3896788217462603,0.0109188862308893,-0.1066648497614152,0.06946651128419344,-0.027982791129190873,-0.11436887876247462,0.041853503660881246,0.19397442403706336,0.05059347697425194,0.42881408176810826,0.003,0.04743900052874271,0.00971993385413725,0.0005179810496804391,0,,0.41397849462365593,186,0.45849802371541504,253
nuScenes,oracle,plan_fde,JC_fde,24,752,120,dE_E6_risk_weighted,R1_mlp_clf,quota,0.2,True,,0.18186591110092737,-0.0775125555562202,0.4047944425773765,0.126718509913315,-0.058686199369270386,0.3299519883444768,-0.016861516239800492,-0.1404880588602986,0.09519764224361561,-0.07300607441057301,-0.14924184426908504,0.03898414536642575,0.19872742734072785,-0.05159416508030859,0.42208115385736544,0.058,0.04743900052874271,0.008627537052877169,-0.0007998934778152994,0,,0.41397849462365593,186,0.45849802371541504,253
nuScenes,oracle,plan_fde,JC_fde,24,752,120,dE_E6_risk_weighted,R1_mlp_clf,quota,0.3,True,,0.12983224588112652,-0.1678652786279745,0.3760351052191699,0.04916473653775941,-0.13497703137916583,0.25041107604910895,0.014970540817244924,-0.11404006041329083,0.17777128959503694,-0.050976582187668144,-0.15461932954635935,0.10440497426754733,0.11486170506388159,-0.19046678725457866,0.3451045216228691,0.214,0.04743900052874271,0.006159111981002614,0.0007101874937448463,0,,0.41397849462365593,186,0.45849802371541504,253
nuScenes,oracle,plan_fde,JC_fde,24,752,120,dE_E6_risk_weighted,R1_mlp_clf,quota,0.5,True,,0.18183942136706,-0.19982703513840547,0.38664851659217875,0.032284348545555966,-0.2333183776140261,0.26291010996423764,-0.011573613809494582,-0.3130848350097886,0.21768748929173778,-0.14134516790765744,-0.28801516787719733,0.05472191809924213,0.1934130351765546,-0.2303909651562555,0.48013541597251524,0.152,0.04743900052874271,0.008626280406378228,-0.0005490406716280775,0,,0.41397849462365593,186,0.45849802371541504,253
nuScenes,oracle,plan_fde,JC_fde,24,752,120,dE_E6_risk_weighted,R1_gbm_reg,quota,0.1,True,,0.07029598374748897,-0.011591124860989968,0.19194116546793222,0.05309806415596649,-0.05467520443863206,0.20247448151447311,0.09416983626370767,-0.0722782156014049,0.2902222259382251,0.07800161300290877,-0.07193358226674047,0.25225164965418934,-0.023873852516218708,-0.24286109734582945,0.2039899461668292,0.591,0.04743900052874271,0.0033347712101656182,0.004467322912305643,0,,0.41397849462365593,186,0.45849802371541504,253
nuScenes,oracle,plan_fde,JC_fde,24,752,120,dE_E6_risk_weighted,R1_gbm_reg,quota,0.2,True,,-0.04939200307473224,-0.289985126921983,0.19529221861738374,-0.06956159184499225,-0.28082902732194065,0.16895511547135694,0.12103077542698984,-0.08886728741032004,0.2816772610628096,0.061128125869743095,-0.10041639857325219,0.20799535406924632,-0.17042277850172208,-0.37708796177308046,0.1656754699638774,0.857,0.04743900052874271,-0.0023431072599778844,0.005741579019475112,0,,0.41397849462365593,186,0.45849802371541504,253
nuScenes,oracle,plan_fde,JC_fde,24,752,120,dE_E6_risk_weighted,R1_gbm_reg,quota,0.3,True,,-0.012000292672340393,-0.227187028009478,0.29498124876443127,-0.05508950432136674,-0.24236875898373295,0.2348408463846983,0.15411515421787322,-0.13060209260912453,0.3457077266677806,0.05633280458120886,-0.1300667217483395,0.23039780046439956,-0.16611544689021362,-0.35593644493151455,0.25411934728184316,0.808,0.04743900052874271,-0.0005692818904282232,0.007311068882428952,0,,0.41397849462365593,186,0.45849802371541504,253
nuScenes,oracle,plan_fde,JC_fde,24,752,120,dE_E6_risk_weighted,R1_gbm_reg,quota,0.5,True,,0.30937688898056454,-0.1532262538898674,0.6124801368253945,0.13671100844981435,-0.13855703089025734,0.43843732579144185,0.2733027748834713,-0.04082792909207364,0.49344193133605385,0.14028211114566289,-0.043666878827810646,0.2899542546431313,0.03607411409709321,-0.34457971321605513,0.40207662739036654,0.54,0.04743900052874271,0.014676530399929777,0.012965210482203846,0,,0.41397849462365593,186,0.45849802371541504,253
nuScenes,oracle,plan_fde,JC_fde,24,752,120,dE_E6_risk_weighted,R1_gbm_clf,quota,0.1,True,,0.10610863041813762,-0.02984638316819136,0.16903367219727142,0.05213828363339564,-0.0681223007581116,0.17196440021281884,0.05330219216965226,-0.14882558714080404,0.194653931631278,0.01909102948637468,-0.14532062051695088,0.16040475739144,0.052806438248485355,-0.1347684706960974,0.22528503563380822,0.373,0.04743900052874271,0.005033687374510196,0.0025286027225192792,0,,0.41397849462365593,186,0.45849802371541504,253
nuScenes,oracle,plan_fde,JC_fde,24,752,120,dE_E6_risk_weighted,R1_gbm_clf,quota,0.2,True,,0.20232613820483877,-0.04523690815699692,0.41048939648336213,0.12823020089456713,-0.10995081971267912,0.3628592246098707,0.09952601128877786,-0.22900615589305637,0.31120616039730614,0.02824101199946228,-0.2099826400316365,0.22823498146781884,0.10280012691606091,-0.17032554737510594,0.33622951435347737,0.19,0.04743900052874271,0.009598149777277817,0.004721414502151986,0,,0.41397849462365593,186,0.45849802371541504,253
nuScenes,oracle,plan_fde,JC_fde,24,752,120,dE_E6_risk_weighted,R1_gbm_clf,quota,0.3,True,,0.21417120970247444,-0.0022387592558138734,0.38293440613298296,0.11513384120121183,-0.10275225683544173,0.3187510357821022,0.12503312418681123,-0.23616940819114315,0.385658568247618,0.04187099807022357,-0.18754441073592057,0.27501357359609596,0.08913808551566321,-0.21265253545533655,0.349215335447297,0.298,0.04743900052874271,0.01016006813031715,0.005931446444408491,0,,0.41397849462365593,186,0.45849802371541504,253
nuScenes,oracle,plan_fde,JC_fde,24,752,120,dE_E6_risk_weighted,R1_gbm_clf,quota,0.5,True,,0.1750484299121583,-0.19599547637848946,0.5626881126181936,0.09820623998520972,-0.18544155329890366,0.40904635661189487,0.22297805468630108,-0.2881688748293678,0.48710058808930706,0.053380517946589094,-0.2630128316942102,0.2892296265786095,-0.04792962477414278,-0.2318163771120562,0.3507577445540399,0.374,0.04743900052874271,0.00830412255915846,0.010577856054161458,0,,0.41397849462365593,186,0.45849802371541504,253
nuScenes,mono,brake,J,24,955,120,primary,gate_ridge,quota,0.1,True,,0.15732510139205744,-0.0864071398507004,0.4825304775329507,0.15553987452957968,-0.07629587129257266,0.4566220393728499,0.07014912425792685,-0.044072036805407215,0.24139946290817924,0.04543204690085436,-0.07467474442758527,0.24360087839643227,0.08717597713413058,-0.14432594657285644,0.39454092202731006,0.2032032032032032,0.25623852968068733,0.04031275266256586,0.017974908458239014,1,,0.5433962264150943,265,0.559228650137741,363
nuScenes,mono,brake,J,24,955,120,primary,gate_ridge,quota,0.2,True,,0.2513530972218521,-0.032533205808698146,0.6341626160166863,0.2210205178511685,-0.056118674935547286,0.5674040653715399,0.08872515817486314,-0.32246541538678125,0.35320386628790423,-0.00677091547597777,-0.2614984190129153,0.26037267609626563,0.16262793904698897,-0.03743995650085214,0.594656722537016,0.05005005005005005,0.25623852968068733,0.06440634806281424,0.022734804076413345,1,,0.5433962264150943,265,0.559228650137741,363
nuScenes,mono,brake,J,24,955,120,primary,gate_ridge,quota,0.3,True,,0.23948254677996553,-0.140534689659736,0.6529594096059744,0.18518629943246745,-0.1514073824975839,0.5328931176706769,0.012271549191533315,-0.38141161380466315,0.3047769074107065,-0.06382763178130121,-0.294055759063724,0.20874815017109286,0.22721099758843222,-0.001670918951542878,0.5480727998638498,0.028028028028028028,0.25623852968068733,0.06136465567108479,0.003144443721742724,1,,0.5433962264150943,265,0.559228650137741,363
nuScenes,mono,brake,J,24,955,120,primary,gate_ridge,quota,0.5,True,,0.15631452117857803,-0.3454469026739715,0.6232594600879566,0.031902655014829986,-0.3285012000413141,0.41609363469293376,-0.03174474967724575,-0.5492431993387101,0.2913558380750867,-0.18153051040668883,-0.44255577348614966,0.1416152121497263,0.18805927085582377,-0.08979420988348559,0.5348282921473215,0.06806806806806807,0.25623852968068733,0.04005380307453949,-0.008134227982378924,1,,0.5433962264150943,265,0.559228650137741,363
nuScenes,mono,brake,J,24,955,120,primary,gate_gbm,quota,0.1,True,,0.1303837362881611,-0.15508753722247004,0.5171228618041593,0.13616183749948588,-0.15699942484498353,0.4906099250448173,0.1195872594889905,-0.03769148374004885,0.3045630802686979,0.08552097521329607,-0.06103279128870316,0.32014627173982596,0.010796476799170604,-0.25961945284551513,0.36137670349067696,0.35735735735735735,0.25623852968068733,0.03340933688075288,0.03064286354000175,1,,0.5433962264150943,265,0.559228650137741,363
nuScenes,mono,brake,J,24,955,120,primary,gate_gbm,quota,0.2,True,,0.2744455725425959,-0.1195725291850275,0.5434170290520477,0.20124852934047438,-0.124203779102007,0.5003482551792791,0.1282279525288482,-0.13293245934421083,0.4155746649547256,0.08273033929054263,-0.14158528522608466,0.3884298077508963,0.1462176200137477,-0.28155542082169865,0.4298282164492173,0.23023023023023023,0.25623852968068733,0.07032352998568918,0.032856942019957036,1,,0.5433962264150943,265,0.559228650137741,363
nuScenes,mono,brake,J,24,955,120,primary,gate_gbm,quota,0.3,True,,0.31109539885594134,-0.11749132750261003,0.5501542861213329,0.19501715351978102,-0.10120936788508483,0.5236993587764056,0.132526966305401,-0.08865361334563747,0.46977605405188405,0.11026988419901666,-0.1612559291967143,0.42356802983402214,0.17856843255054033,-0.32248826461837815,0.42193547828070804,0.3233233233233233,0.25623852968068733,0.07971462759327338,0.03395851498913795,1,,0.5433962264150943,265,0.559228650137741,363
nuScenes,mono,brake,J,24,955,120,primary,gate_gbm,quota,0.5,True,,0.3528633747439552,-0.26012675010038466,0.5986134653417229,0.15011684027763933,-0.08873486551521952,0.39821078793862213,0.2943967321961312,-0.1739231732788618,0.5826061425876106,0.14029886985564866,-0.13396444195360951,0.5276710597894966,0.058466642547823966,-0.3637928521077412,0.28548666269304146,0.4134134134134134,0.25623852968068733,0.09041719232255646,0.07543578580073573,1,,0.5433962264150943,265,0.559228650137741,363
nuScenes,mono,brake,J,24,955,120,primary,R1_mlp_reg,quota,0.1,True,,0.07690773201605963,-0.16256428942887638,0.3038413438921105,0.05050372888630694,-0.12899813999347887,0.29624221410856816,0.1177326897197775,-0.1790724946939583,0.4002114963613533,0.07065760293693416,-0.16832248001608793,0.3848440083117362,-0.04082495770371787,-0.38592830471533013,0.368599913830764,0.5485485485485485,0.25623852968068733,0.019706724172871445,0.03016765130914836,1,,0.5433962264150943,265,0.559228650137741,363
nuScenes,mono,brake,J,24,955,120,primary,R1_mlp_reg,quota,0.2,True,,0.0805396730425995,-0.16561603041956868,0.3612120822104137,0.02422107144960917,-0.17474075764337815,0.34594180335612307,0.18136760213503886,-0.09775258822099818,0.47687659419886164,0.1261131003336948,-0.1279471153212107,0.484171924725754,-0.10082792909243936,-0.47474173884487003,0.2884605553513899,0.7467467467467468,0.25623852968068733,0.020637367401398984,0.04647336770279425,1,,0.5433962264150943,265,0.559228650137741,363
nuScenes,mono,brake,J,24,955,120,primary,R1_mlp_reg,quota,0.3,True,,0.08377385968897796,-0.29740458106008216,0.3628970780658901,-0.0074804022006934034,-0.22440015971721688,0.274103446809297,0.3076080519152962,-0.06453152030159272,0.5881019111424713,0.20099709942102711,-0.1020510820974712,0.6011887497709408,-0.22383419222631826,-0.6664410668579417,0.2332231174747432,0.8648648648648649,0.25623852968068733,0.021466090632379916,0.07882103494071604,1,,0.5433962264150943,265,0.559228650137741,363
nuScenes,mono,brake,J,24,955,120,primary,R1_mlp_reg,quota,0.5,True,,0.0971872468251705,-0.39190000782177564,0.37189768766208664,-0.06204770563643031,-0.2560994312278156,0.21839544332496946,0.43862818221143546,-0.11662264958140715,0.6790542640525018,0.2676828426147457,-0.08313393304051984,0.7401796375229698,-0.34144093538626497,-0.7899590357670265,0.13077951440148977,0.9359359359359359,0.25623852968068733,0.02490311723019574,0.11239344048637083,1,,0.5433962264150943,265,0.559228650137741,363
nuScenes,mono,brake,J,24,955,120,primary,R1_mlp_clf,quota,0.1,True,,0.12328813771792305,-0.05184383803055953,0.2848588839023633,0.09614445510274729,-0.05199087686605461,0.27396657840446914,0.09962466564222383,-0.11284005000179867,0.3581326303582429,0.07906141055794601,-0.12877430503793846,0.3621110581724984,0.023663472075699216,-0.2682371806484732,0.24521660354208252,0.42842842842842843,0.25623852968068733,0.031591171135910694,0.025527677844093523,1,,0.5433962264150943,265,0.559228650137741,363
nuScenes,mono,brake,J,24,955,120,primary,R1_mlp_clf,quota,0.2,True,,0.25747500455152644,-0.027833519771017157,0.3924254664454763,0.1628671652551574,-0.04881270018815846,0.3438390824458152,0.36235329148187456,-0.023881940089332733,0.5972892930004449,0.28599704485782124,-0.06457207987483514,0.5599294163445245,-0.10487828693034812,-0.35201905115396875,0.19308204126123743,0.8218218218218218,0.25623852968068733,0.06597501659581141,0.09284887463427306,1,,0.5433962264150943,265,0.559228650137741,363
nuScenes,mono,brake,J,24,955,120,primary,R1_mlp_clf,quota,0.3,True,,0.15606424933378105,-0.3114185135701543,0.3987032940030358,0.04696772318999002,-0.22145526873102633,0.26433615450068515,0.38542903225786385,-0.14080968307681468,0.6065021668469962,0.2312642940032485,-0.12355439942525075,0.5284221433842983,-0.2293647829240828,-0.475710301656628,0.09578230721284263,0.9159159159159159,0.25623852968068733,0.03998967378500824,0.09876176852200524,1,,0.5433962264150943,265,0.559228650137741,363
nuScenes,mono,brake,J,24,955,120,primary,R1_mlp_clf,quota,0.5,True,,0.14115878072894997,-0.48651877932777304,0.439851914448755,-0.039814199557109894,-0.272521482923207,0.1862212132763563,0.3009456035999819,-0.3997485245704368,0.6855955241703362,0.11577570007830987,-0.26595926617839916,0.42989507391081505,-0.15978682287103194,-0.49424376085713667,0.24152845064293113,0.8058058058058059,0.25623852968068733,0.03617031842550468,0.07711385898032633,1,,0.5433962264150943,265,0.559228650137741,363
nuScenes,mono,brake,J,24,955,120,primary,R1_gbm_reg,quota,0.1,True,,0.04267501050260609,-0.18529126918030125,0.26855012840021686,0.028139127535986547,-0.15242214718777353,0.23736270225554534,0.104548873991399,-9.030566976389746e-05,0.3013608232710727,0.09084811225527863,-0.03969693243468895,0.2890343235789222,-0.06187386348879292,-0.34002576526526274,0.1942603724847032,0.7497497497497497,0.25623852968068733,0.010934981945295673,0.026789449751327535,1,,0.5433962264150943,265,0.559228650137741,363
nuScenes,mono,brake,J,24,955,120,primary,R1_gbm_reg,quota,0.2,True,,0.2705794578062933,-0.08303591015904849,0.4161025553800544,0.18686840262457585,-0.008029048059006443,0.3431428020308024,0.24027578516708487,-0.15416258439237834,0.5493952886037928,0.1599136440110594,-0.1414843917113718,0.5287722536188553,0.030303672639208412,-0.4443785187759878,0.3914597655019901,0.4214214214214214,0.25623852968068733,0.06933288243008216,0.06156791390908653,1,,0.5433962264150943,265,0.559228650137741,363
nuScenes,mono,brake,J,24,955,120,primary,R1_gbm_reg,quota,0.3,True,,0.2720147430549996,-0.028480789461058965,0.4754468034922929,0.19512484637553335,0.011652983975132241,0.38716582423668966,0.22006879682701427,-0.31453072247374786,0.512773639529636,0.10073828130161133,-0.20580861651401514,0.4476163127832845,0.051945946227985346,-0.3019828820395247,0.45797084972069757,0.2732732732732733,0.25623852968068733,0.06970065781188306,0.056390104927552046,1,,0.5433962264150943,265,0.559228650137741,363
nuScenes,mono,brake,J,24,955,120,primary,R1_gbm_reg,quota,0.5,True,,0.564675540699516,0.0006608544453612451,0.7801259350748063,0.3380805130557221,0.07275672620679369,0.5999568045139926,0.17057219878875637,-0.28656208230887575,0.491752166542741,0.04058468607919051,-0.18969093193128952,0.3915573615290505,0.3941033419107596,-0.18155085929586362,0.6835368006214073,0.10810810810810811,0.25623852968068733,0.1446916302954911,0.04370716942203285,1,,0.5433962264150943,265,0.559228650137741,363
nuScenes,mono,brake,J,24,955,120,primary,R1_gbm_clf,quota,0.1,True,,0.18877854698861965,-0.2856434902981453,0.42351986364644645,0.11682313592963584,-0.23734665465312152,0.37382136591216686,-0.03453271148078991,-0.4783681243145976,0.19000859762963163,-0.08642025803074764,-0.41371670567875135,0.14200921439834033,0.22331125846940955,-0.21881507892084998,0.5837405341959198,0.13313313313313313,0.25623852968068733,0.04837233731562045,-0.008848611215724998,1,,0.5433962264150943,265,0.559228650137741,363
nuScenes,mono,brake,J,24,955,120,primary,R1_gbm_clf,quota,0.2,True,,0.25256421635077797,-0.1935775938839416,0.48898516589696583,0.16339538889031371,-0.13036470623027915,0.39555070719593777,-0.06664483160840161,-0.47192677915411835,0.22802760527065813,-0.0973622778705069,-0.3693316547419437,0.14400801396706636,0.3192090479591796,-0.123438974243623,0.6194947630699458,0.07707707707707707,0.25623852968068733,0.06471668344767836,-0.017076973662153824,1,,0.5433962264150943,265,0.559228650137741,363
nuScenes,mono,brake,J,24,955,120,primary,R1_gbm_clf,quota,0.3,True,,0.25475872194972804,-0.1971856928731928,0.7123330265252356,0.20283128210474907,-0.12242524021152235,0.5670884065858146,-0.0007785264151323966,-0.572213057661467,0.30165446225127357,-0.09718638989052104,-0.421291047812514,0.17037097279844057,0.2555372483648604,-0.14359399999871403,0.7846782946955227,0.09309309309309309,0.25623852968068733,0.06527900033572936,-0.00019948846393110173,1,,0.5433962264150943,265,0.559228650137741,363
nuScenes,mono,brake,J,24,955,120,primary,R1_gbm_clf,quota,0.5,True,,0.4968983187920999,-0.08542558850879904,0.7555789611991905,0.2861424844421959,-0.030812091817326668,0.5611366599843381,-0.005165575544233745,-0.7817778041013363,0.4266272068697332,-0.1466833467674191,-0.423484476723651,0.17097957319009124,0.5020638943363336,0.03192909740380312,0.9034357236832675,0.014014014014014014,0.25623852968068733,0.12732449460809311,-0.0013236194824089711,1,,0.5433962264150943,265,0.559228650137741,363
nuScenes,mono,brake,J,24,955,120,primary,gate_ridge,budget_ms_20,0.2,True,,0.0,0.0,0.0,-0.054502846331145466,-0.1537178564356232,0.14545334682117453,0.0,0.0,0.0,-0.054502846331145466,-0.1537178564356232,0.14545334682117453,0.0,0.0,0.0,1.0,0.25623852968068733,0.0,0.0,1,0.0,0.5433962264150943,265,0.559228650137741,363
nuScenes,mono,brake,J,24,955,120,primary,gate_gbm,budget_ms_20,0.2,True,,0.0,0.0,0.0,-0.054502846331145466,-0.1537178564356232,0.14545334682117453,0.0,0.0,0.0,-0.054502846331145466,-0.1537178564356232,0.14545334682117453,0.0,0.0,0.0,1.0,0.25623852968068733,0.0,0.0,1,0.0,0.5433962264150943,265,0.559228650137741,363
nuScenes,mono,brake,J,24,955,120,primary,R1_mlp_reg,budget_ms_20,0.2,True,,0.06775258228737188,-0.16191826741465692,0.3260292918474672,0.015507405521836288,-0.17012919641887267,0.30731222827509874,0.11876550935193478,-0.16524256534220091,0.42192697018608266,0.06440390120806697,-0.17969694968248162,0.44461784213156735,-0.051012927064562896,-0.42453444551567376,0.3235211645776147,0.6206206206206206,0.25623852968068733,0.017360822067385952,0.03043229949311769,1,0.16645221467687044,0.5433962264150943,265,0.559228650137741,363
nuScenes,mono,brake,J,24,955,120,primary,R1_mlp_clf,budget_ms_20,0.2,True,,0.17409036187831178,-0.018595496758760117,0.363252206057334,0.12646022218055739,-0.06264155994776127,0.32670242657738674,0.35029299568745836,-0.06411480276443782,0.5667408075691753,0.21716068408226488,-0.12142750890178218,0.5139779573248455,-0.17620263380914658,-0.36737670876884265,0.2797358727278023,0.7047047047047047,0.25623852968068733,0.044608658359277395,0.08975856217239768,1,0.16645221467687044,0.5433962264150943,265,0.559228650137741,363
nuScenes,mono,brake,J,24,955,120,primary,R1_gbm_reg,budget_ms_20,0.2,True,,0.0,0.0,0.0,-0.054502846331145466,-0.1537178564356232,0.14545334682117453,0.0,0.0,0.0,-0.054502846331145466,-0.1537178564356232,0.14545334682117453,0.0,0.0,0.0,1.0,0.25623852968068733,0.0,0.0,1,0.0,0.5433962264150943,265,0.559228650137741,363
nuScenes,mono,brake,J,24,955,120,primary,R1_gbm_clf,budget_ms_20,0.2,True,,0.0,0.0,0.0,-0.054502846331145466,-0.1537178564356232,0.14545334682117453,0.0,0.0,0.0,-0.054502846331145466,-0.1537178564356232,0.14545334682117453,0.0,0.0,0.0,1.0,0.25623852968068733,0.0,0.0,1,0.0,0.5433962264150943,265,0.559228650137741,363
nuScenes,mono,brake,J,24,955,120,primary,gate_gbm_batched,budget_ms_20,0.2,True,,0.1438317120935062,-0.0548303931056876,0.32672686425869046,0.06507753801004776,-0.10995012820269645,0.3720039980127562,0.0005916353570275629,0.0,0.01113696982800974,-0.0531551305755367,-0.15343395879739538,0.14711455855013497,0.14324007673647865,-0.06133005086447444,0.322264642175916,0.08708708708708708,0.25623852968068733,0.036855226428295966,0.00015159977399185123,1,0.0172835013923785,0.5433962264150943,265,0.559228650137741,363
nuScenes,mono,brake,J,24,955,120,dE_exact,gate_ridge,quota,0.1,True,,0.15732510139205744,-0.0864071398507004,0.4825304775329507,0.15553987452957968,-0.07629587129257266,0.4566220393728499,-0.1835591533052719,-0.7060622010979556,0.13662792879643101,-0.18657388516844228,-0.658504973360949,0.08674471009006317,0.3408842546973293,0.015231772784512349,0.8270615765010222,0.01901901901901902,0.25623852968068733,0.04031275266256586,-0.04703492755237475,1,,0.553072625698324,179,0.5458333333333333,240
nuScenes,mono,brake,J,24,955,120,dE_exact,gate_ridge,quota,0.2,True,,0.2513530972218521,-0.032533205808698146,0.6341626160166863,0.2210205178511685,-0.056118674935547286,0.5674040653715399,-0.049373245066943836,-0.6960170289439208,0.37476829059437067,-0.10155877221652128,-0.6184719425077018,0.2759882016627565,0.30072634228879597,-0.04213661535524115,0.959755433523496,0.04704704704704705,0.25623852968068733,0.06440634806281424,-0.012651327721517938,1,,0.553072625698324,179,0.5458333333333333,240
nuScenes,mono,brake,J,24,955,120,dE_exact,gate_ridge,quota,0.3,True,,0.23948254677996553,-0.140534689659736,0.6529594096059744,0.18518629943246745,-0.1514073824975839,0.5328931176706769,0.01682202226902842,-0.595303307879846,0.5041415549927521,-0.013950578890419554,-0.45708215036668115,0.3497208955424582,0.2226605245109371,-0.12049206120106587,0.6889464810455511,0.14814814814814814,0.25623852968068733,0.06136465567108479,0.004310450252471622,1,,0.553072625698324,179,0.5458333333333333,240
nuScenes,mono,brake,J,24,955,120,dE_exact,gate_ridge,quota,0.5,True,,0.15631452117857803,-0.3454469026739715,0.6232594600879566,0.031902655014829986,-0.3285012000413141,0.41609363469293376,0.1428655501975394,-0.6193735708083876,0.5658718765396877,-0.01836119075273865,-0.3252200703276896,0.3024563959139853,0.013448970981038616,-0.25065089185693984,0.44968568852035395,0.3993993993993994,0.25623852968068733,0.04005380307453949,0.03660765852463993,1,,0.553072625698324,179,0.5458333333333333,240
nuScenes,mono,brake,J,24,955,120,dE_exact,gate_gbm,quota,0.1,True,,0.1303837362881611,-0.15508753722247004,0.5171228618041593,0.13616183749948588,-0.15699942484498353,0.4906099250448173,-0.10582417307376105,-0.4809066173040208,0.12770778933281612,-0.12695212371256379,-0.42714775091315266,0.0763029758294311,0.23620790936192215,-0.0953472099529506,0.828268176693803,0.08708708708708708,0.25623852968068733,0.03340933688075288,-0.027116230513095113,1,,0.553072625698324,179,0.5458333333333333,240
nuScenes,mono,brake,J,24,955,120,dE_exact,gate_gbm,quota,0.2,True,,0.2744455725425959,-0.1195725291850275,0.5434170290520477,0.20124852934047438,-0.124203779102007,0.5003482551792791,-0.08188649516688849,-0.7432679761348868,0.20747474212473943,-0.19558060469961275,-0.6369910930851782,0.12305876323217964,0.3563320677094844,-0.0743320741049889,0.9905864111613846,0.04804804804804805,0.25623852968068733,0.07032352998568918,-0.020982475122268217,1,,0.553072625698324,179,0.5458333333333333,240
nuScenes,mono,brake,J,24,955,120,dE_exact,gate_gbm,quota,0.3,True,,0.31109539885594134,-0.11749132750261003,0.5501542861213329,0.19501715351978102,-0.10120936788508483,0.5236993587764056,-0.18011806518231627,-0.8637402006079836,0.28119553041188255,-0.2522029222262326,-0.6783451974554255,0.11735366385219864,0.4912134640382576,-0.047395169066973865,1.0723575142728883,0.036036036036036036,0.25623852968068733,0.07971462759327338,-0.046153188191246926,1,,0.553072625698324,179,0.5458333333333333,240
nuScenes,mono,brake,J,24,955,120,dE_exact,gate_gbm,quota,0.5,True,,0.3528633747439552,-0.26012675010038466,0.5986134653417229,0.15011684027763933,-0.08873486551521952,0.39821078793862213,0.16227756842133345,-0.7656733413092472,0.5491131312922266,-0.05063285696673385,-0.4620020048021915,0.2421396072906322,0.19058580632262173,-0.22212706856528777,0.7267531365755617,0.1871871871871872,0.25623852968068733,0.09041719232255646,0.04158176553243962,1,,0.553072625698324,179,0.5458333333333333,240
nuScenes,mono,brake,J,24,955,120,dE_exact,R1_mlp_reg,quota,0.1,True,,0.07690773201605963,-0.16256428942887638,0.3038413438921105,0.05050372888630694,-0.12899813999347887,0.29624221410856816,-0.04930892848797336,-0.2700735464389105,0.14610076673312414,-0.059873154408522665,-0.25451020338900543,0.13834146395519764,0.126216660504033,-0.16953424568847414,0.4744395567087609,0.1991991991991992,0.25623852968068733,0.019706724172871445,-0.01263484733588845,1,,0.553072625698324,179,0.5458333333333333,240
nuScenes,mono,brake,J,24,955,120,dE_exact,R1_mlp_reg,quota,0.2,True,,0.0805396730425995,-0.16561603041956868,0.3612120822104137,0.02422107144960917,-0.17474075764337815,0.34594180335612307,0.05522443126820531,-0.41130936066840945,0.38616304396420853,-0.033066727067135884,-0.3462724079924864,0.30162882813676056,0.02531524177439419,-0.31090235890780743,0.5506077973351216,0.4024024024024024,0.25623852968068733,0.020637367401398984,0.014150627070617103,1,,0.553072625698324,179,0.5458333333333333,240
nuScenes,mono,brake,J,24,955,120,dE_exact,R1_mlp_reg,quota,0.3,True,,0.08377385968897796,-0.29740458106008216,0.3628970780658901,-0.0074804022006934034,-0.22440015971721688,0.274103446809297,0.2102078821573939,-0.4108343522415093,0.5894405305807074,0.07379584224467252,-0.2955770351199478,0.46682540080928975,-0.12643402246841592,-0.5004864558638259,0.3270938994784613,0.6536536536536537,0.25623852968068733,0.021466090632379916,0.0538633586513018,1,,0.553072625698324,179,0.5458333333333333,240
nuScenes,mono,brake,J,24,955,120,dE_exact,R1_mlp_reg,quota,0.5,True,,0.0971872468251705,-0.39190000782177564,0.37189768766208664,-0.06204770563643031,-0.2560994312278156,0.21839544332496946,0.12817198198703905,-0.6104867904484754,0.5449138503630739,0.0019098725197108952,-0.32491989979419766,0.3216002359158034,-0.030984735161868546,-0.4891637874335842,0.42388206902678666,0.6636636636636637,0.25623852968068733,0.02490311723019574,0.032842600210618425,1,,0.553072625698324,179,0.5458333333333333,240
nuScenes,mono,brake,J,24,955,120,dE_exact,R1_mlp_clf,quota,0.1,True,,0.12328813771792305,-0.05184383803055953,0.2848588839023633,0.09614445510274729,-0.05199087686605461,0.27396657840446914,0.13716658029312223,-0.02507561301352825,0.35404609793077646,0.11894549967371187,-0.04371120767432865,0.3508576823375941,-0.013878442575199185,-0.3383203605373931,0.2096508155969501,0.5275275275275275,0.25623852968068733,0.031591171135910694,0.03514736285563758,1,,0.553072625698324,179,0.5458333333333333,240
nuScenes,mono,brake,J,24,955,120,dE_exact,R1_mlp_clf,quota,0.2,True,,0.25747500455152644,-0.027833519771017157,0.3924254664454763,0.1628671652551574,-0.04881270018815846,0.3438390824458152,0.18731763061161485,-0.17732007480155315,0.4894525325188991,0.10165713105808376,-0.18919529581791208,0.4726504700361384,0.07015737393991159,-0.3802438677051998,0.42293514007584826,0.3533533533533533,0.25623852968068733,0.06597501659581141,0.0479979942511903,1,,0.553072625698324,179,0.5458333333333333,240
nuScenes,mono,brake,J,24,955,120,dE_exact,R1_mlp_clf,quota,0.3,True,,0.15606424933378105,-0.3114185135701543,0.3987032940030358,0.04696772318999002,-0.22145526873102633,0.26433615450068515,0.11426176530410517,-0.30339781381625375,0.449429573698093,0.03155657716702053,-0.23425592155474134,0.35090746747547175,0.041802484029675874,-0.39558279641264,0.380548985646562,0.44044044044044045,0.25623852968068733,0.03998967378500824,0.029278266740243683,1,,0.553072625698324,179,0.5458333333333333,240
nuScenes,mono,brake,J,24,955,120,dE_exact,R1_mlp_clf,quota,0.5,True,,0.14115878072894997,-0.48651877932777304,0.439851914448755,-0.039814199557109894,-0.272521482923207,0.1862212132763563,0.06692176033658459,-0.4351821141372149,0.4244990807906196,-0.043008840127036985,-0.24277783132562505,0.21798227953323238,0.07423702039236538,-0.32496883565912715,0.2574762692139278,0.44744744744744747,0.25623852968068733,0.03617031842550468,0.017147933472289774,1,,0.553072625698324,179,0.5458333333333333,240
nuScenes,mono,brake,J,24,955,120,dE_exact,R1_gbm_reg,quota,0.1,True,,0.04267501050260609,-0.18529126918030125,0.26855012840021686,0.028139127535986547,-0.15242214718777353,0.23736270225554534,0.0034113022766129675,-0.34904965797697296,0.17634304855488675,-0.06694681047375378,-0.2963002030121455,0.13377987940064437,0.03926370822599312,-0.08847968006341175,0.38410539555852696,0.1961961961961962,0.25623852968068733,0.010934981945295673,0.0008741070796556881,1,,0.553072625698324,179,0.5458333333333333,240
nuScenes,mono,brake,J,24,955,120,dE_exact,R1_gbm_reg,quota,0.2,True,,0.2705794578062933,-0.08303591015904849,0.4161025553800544,0.18686840262457585,-0.008029048059006443,0.3431428020308024,-0.05075350707456382,-0.4636301087700489,0.2897684554565445,-0.07052420738560788,-0.36464610969415023,0.17703386237487218,0.3213329648808571,-0.05014766439129418,0.5723184438080011,0.05105105105105105,0.25623852968068733,0.06933288243008216,-0.013005004028924596,1,,0.553072625698324,179,0.5458333333333333,240
nuScenes,mono,brake,J,24,955,120,dE_exact,R1_gbm_reg,quota,0.3,True,,0.2720147430549996,-0.028480789461058965,0.4754468034922929,0.19512484637553335,0.011652983975132241,0.38716582423668966,0.08464154108499321,-0.5069292956338913,0.3519940203131926,-0.04383340609175265,-0.3443331614605668,0.2161175835211827,0.1873732019700064,-0.11805942704442068,0.6185951125457745,0.08508508508508508,0.25623852968068733,0.06970065781188306,0.021688424037526147,1,,0.553072625698324,179,0.5458333333333333,240
nuScenes,mono,brake,J,24,955,120,dE_exact,R1_gbm_reg,quota,0.5,True,,0.564675540699516,0.0006608544453612451,0.7801259350748063,0.3380805130557221,0.07275672620679369,0.5999568045139926,0.14945469163065914,-0.6422079938895041,0.5549139146565215,-0.03652793857825243,-0.3509035764984059,0.3166461367823265,0.4152208490688568,-0.15634287241930636,0.8616205880258617,0.08308308308308308,0.25623852968068733,0.1446916302954911,0.03829605043732062,1,,0.553072625698324,179,0.5458333333333333,240
nuScenes,mono,brake,J,24,955,120,dE_exact,R1_gbm_clf,quota,0.1,True,,0.18877854698861965,-0.2856434902981453,0.42351986364644645,0.11682313592963584,-0.23734665465312152,0.37382136591216686,0.06371688032794551,-0.1196743571468486,0.2325472528232952,0.028426529554409576,-0.13225756248051188,0.23899310941848786,0.12506166666067414,-0.35346241446884247,0.4117537244265344,0.27627627627627627,0.25623852968068733,0.04837233731562045,0.016326719731073067,1,,0.553072625698324,179,0.5458333333333333,240
nuScenes,mono,brake,J,24,955,120,dE_exact,R1_gbm_clf,quota,0.2,True,,0.25256421635077797,-0.1935775938839416,0.48898516589696583,0.16339538889031371,-0.13036470623027915,0.39555070719593777,0.17752426442575975,-0.18073149263672486,0.4416722436773058,0.10982694957000778,-0.13065223291506914,0.38779069435329055,0.07503995192501822,-0.295019412051962,0.35446370873906663,0.34934934934934936,0.25623852968068733,0.06471668344767836,0.045488556499102224,1,,0.553072625698324,179,0.5458333333333333,240
nuScenes,mono,brake,J,24,955,120,dE_exact,R1_gbm_clf,quota,0.3,True,,0.25475872194972804,-0.1971856928731928,0.7123330265252356,0.20283128210474907,-0.12242524021152235,0.5670884065858146,0.10389168853271899,-0.5963019640162538,0.5070470026494953,0.017401680842916906,-0.4191267789369003,0.395883994344887,0.15086703341700905,-0.26538887696855856,0.7107090201812671,0.23023023023023023,0.25623852968068733,0.06527900033572936,0.026621053515667837,1,,0.553072625698324,179,0.5458333333333333,240
nuScenes,mono,brake,J,24,955,120,dE_exact,R1_gbm_clf,quota,0.5,True,,0.4968983187920999,-0.08542558850879904,0.7555789611991905,0.2861424844421959,-0.030812091817326668,0.5611366599843381,0.04522363323761556,-0.7931260092292709,0.46206822923910174,-0.12104626733471678,-0.4526029006940092,0.18390872404799652,0.4516746855544843,-0.06365056717723741,0.9177843200598843,0.04804804804804805,0.25623852968068733,0.12732449460809311,0.011588037287625273,1,,0.553072625698324,179,0.5458333333333333,240
nuScenes,mono,brake,J,24,955,120,dE_E6_risk_weighted,gate_ridge,quota,0.1,True,,0.15732510139205744,-0.0864071398507004,0.4825304775329507,0.15553987452957968,-0.07629587129257266,0.4566220393728499,0.08689077713503078,-0.15326587318724305,0.30550733925426793,0.06356455250632483,-0.1510676780476674,0.29879677700394336,0.07043432425702666,-0.23418409888958105,0.4910506647306402,0.32232232232232233,0.25623852968068733,0.04031275266256586,0.022264764975892574,1,,0.5443786982248521,169,0.5462555066079295,227
nuScenes,mono,brake,J,24,955,120,dE_E6_risk_weighted,gate_ridge,quota,0.2,True,,0.2513530972218521,-0.032533205808698146,0.6341626160166863,0.2210205178511685,-0.056118674935547286,0.5674040653715399,0.15161825941644425,-0.33100038691760464,0.4197055598808311,0.060165390005901556,-0.2336196826549682,0.29966085566491435,0.09973483780540787,-0.17569154740797593,0.6358179799645135,0.22922922922922923,0.25623852968068733,0.06440634806281424,0.0388504398656147,1,,0.5443786982248521,169,0.5462555066079295,227
nuScenes,mono,brake,J,24,955,120,dE_E6_risk_weighted,gate_ridge,quota,0.3,True,,0.23948254677996553,-0.140534689659736,0.6529594096059744,0.18518629943246745,-0.1514073824975839,0.5328931176706769,0.2105350295795578,-0.46083306241419036,0.4782992535067755,0.08025092395992492,-0.23618280651078064,0.2897523329774437,0.028947517200407724,-0.25463555330641185,0.6012704789923932,0.36236236236236236,0.25623852968068733,0.06136465567108479,0.053947186425745905,1,,0.5443786982248521,169,0.5462555066079295,227
nuScenes,mono,brake,J,24,955,120,dE_E6_risk_weighted,gate_ridge,quota,0.5,True,,0.15631452117857803,-0.3454469026739715,0.6232594600879566,0.031902655014829986,-0.3285012000413141,0.41609363469293376,0.18215638211547258,-0.6241712885196908,0.5185361319885663,0.009270359141787369,-0.2774112561063247,0.22081736503970165,-0.025841860936894556,-0.33475738056518284,0.522563938712581,0.5235235235235235,0.25623852968068733,0.04005380307453949,0.04667548352522215,1,,0.5443786982248521,169,0.5462555066079295,227
nuScenes,mono,brake,J,24,955,120,dE_E6_risk_weighted,gate_gbm,quota,0.1,True,,0.1303837362881611,-0.15508753722247004,0.5171228618041593,0.13616183749948588,-0.15699942484498353,0.4906099250448173,0.26140773041875415,-0.11736987858411921,0.39115722647279166,0.15495199706107274,-0.09442097040987854,0.3549723769813197,-0.13102399413059304,-0.4172922105055696,0.48240455976225677,0.5715715715715716,0.25623852968068733,0.03340933688075288,0.06698273248966705,1,,0.5443786982248521,169,0.5462555066079295,227
nuScenes,mono,brake,J,24,955,120,dE_E6_risk_weighted,gate_gbm,quota,0.2,True,,0.2744455725425959,-0.1195725291850275,0.5434170290520477,0.20124852934047438,-0.124203779102007,0.5003482551792791,0.157979717509242,-0.38532279791193547,0.38287404121035445,0.05313576433400381,-0.2986890793990378,0.300905547255925,0.11646585503335388,-0.2186497055343383,0.6320702272263834,0.2182182182182182,0.25623852968068733,0.07032352998568918,0.040480490533938505,1,,0.5443786982248521,169,0.5462555066079295,227
nuScenes,mono,brake,J,24,955,120,dE_E6_risk_weighted,gate_gbm,quota,0.3,True,,0.31109539885594134,-0.11749132750261003,0.5501542861213329,0.19501715351978102,-0.10120936788508483,0.5236993587764056,0.17348117337111346,-0.35590088994600083,0.3799312349209291,0.04502000204309598,-0.22927897651089324,0.25119401888464976,0.13761422548482788,-0.1966029698910443,0.622821698797167,0.20520520520520522,0.25623852968068733,0.07971462759327338,0.044452560791894524,1,,0.5443786982248521,169,0.5462555066079295,227
nuScenes,mono,brake,J,24,955,120,dE_E6_risk_weighted,gate_gbm,quota,0.5,True,,0.3528633747439552,-0.26012675010038466,0.5986134653417229,0.15011684027763933,-0.08873486551521952,0.39821078793862213,0.26061790033614873,-0.6108905626479775,0.6534136827879719,0.05704139117449608,-0.3139817159647954,0.33115680881792525,0.09224547440780645,-0.23133681554644184,0.6126578946274651,0.36236236236236236,0.25623852968068733,0.09041719232255646,0.06678034759060265,1,,0.5443786982248521,169,0.5462555066079295,227
nuScenes,mono,brake,J,24,955,120,dE_E6_risk_weighted,R1_mlp_reg,quota,0.1,True,,0.07690773201605963,-0.16256428942887638,0.3038413438921105,0.05050372888630694,-0.12899813999347887,0.29624221410856816,0.0421634790221028,0.001520619637061303,0.09573534659046477,0.012092823484662231,-0.05975203024768893,0.13698844305839897,0.03474425299395683,-0.1890113225354252,0.2756256892884203,0.35035035035035034,0.25623852968068733,0.019706724172871445,0.010803907870846126,1,,0.5443786982248521,169,0.5462555066079295,227
nuScenes,mono,brake,J,24,955,120,dE_E6_risk_weighted,R1_mlp_reg,quota,0.2,True,,0.0805396730425995,-0.16561603041956868,0.3612120822104137,0.02422107144960917,-0.17474075764337815,0.34594180335612307,0.23659340606433693,0.01257892716705535,0.3726895249635281,0.13365428908563015,-0.05731018376741458,0.4521539821228261,-0.15605373302173742,-0.4431941330932151,0.19446717085364404,0.7647647647647647,0.25623852968068733,0.020637367401398984,0.06062434650207151,1,,0.5443786982248521,169,0.5462555066079295,227
nuScenes,mono,brake,J,24,955,120,dE_E6_risk_weighted,R1_mlp_reg,quota,0.3,True,,0.08377385968897796,-0.29740458106008216,0.3628970780658901,-0.0074804022006934034,-0.22440015971721688,0.274103446809297,0.2006699523769162,-0.2869448427960259,0.43583874437245257,0.07014403047638869,-0.22235127023250698,0.34071941475300893,-0.11689609268793824,-0.4069781783870508,0.34222973601326045,0.6936936936936937,0.25623852968068733,0.021466090632379916,0.051419373548154554,1,,0.5443786982248521,169,0.5462555066079295,227
nuScenes,mono,brake,J,24,955,120,dE_E6_risk_weighted,R1_mlp_reg,quota,0.5,True,,0.0971872468251705,-0.39190000782177564,0.37189768766208664,-0.06204770563643031,-0.2560994312278156,0.21839544332496946,0.08202260983122733,-0.4130003500092301,0.32218751128000606,-0.09448077963379085,-0.3436451597456871,0.19359691761051906,0.015164636993943173,-0.29949806943032037,0.4586358339531708,0.46846846846846846,0.25623852968068733,0.02490311723019574,0.02101735294372638,1,,0.5443786982248521,169,0.5462555066079295,227
nuScenes,mono,brake,J,24,955,120,dE_E6_risk_weighted,R1_mlp_clf,quota,0.1,True,,0.12328813771792305,-0.05184383803055953,0.2848588839023633,0.09614445510274729,-0.05199087686605461,0.27396657840446914,0.11124730062413664,-0.08439344062414891,0.3586080109732341,0.0811261777313148,-0.11970880985473861,0.37615503034239334,0.012040837093786408,-0.3487325642297526,0.3057088981267136,0.4214214214214214,0.25623852968068733,0.031591171135910694,0.02850584474287418,1,,0.5443786982248521,169,0.5462555066079295,227
nuScenes,mono,brake,J,24,955,120,dE_E6_risk_weighted,R1_mlp_clf,quota,0.2,True,,0.25747500455152644,-0.027833519771017157,0.3924254664454763,0.1628671652551574,-0.04881270018815846,0.3438390824458152,0.15463512311868527,-0.060764003601931224,0.4545368187546098,0.150200142684453,-0.08416273558339914,0.4456418904006449,0.10283988143284117,-0.38820593813806864,0.34890691235341287,0.45845845845845845,0.25623852968068733,0.06597501659581141,0.039623476584923975,1,,0.5443786982248521,169,0.5462555066079295,227
nuScenes,mono,brake,J,24,955,120,dE_E6_risk_weighted,R1_mlp_clf,quota,0.3,True,,0.15606424933378105,-0.3114185135701543,0.3987032940030358,0.04696772318999002,-0.22145526873102633,0.26433615450068515,0.29147426420693845,-0.1145091288443209,0.5152166319827658,0.1650563430806597,-0.122975817080888,0.4907123582212512,-0.1354100148731574,-0.5329563239012134,0.22234129399690375,0.7277277277277278,0.25623852968068733,0.03998967378500824,0.0746869369001461,1,,0.5443786982248521,169,0.5462555066079295,227
nuScenes,mono,brake,J,24,955,120,dE_E6_risk_weighted,R1_mlp_clf,quota,0.5,True,,0.14115878072894997,-0.48651877932777304,0.439851914448755,-0.039814199557109894,-0.272521482923207,0.1862212132763563,0.28016718943847624,-0.308230647162674,0.5998023092006725,0.12940449768924517,-0.14349293525982912,0.3383071299638513,-0.13900840870952627,-0.4509890818616523,0.17883679951909937,0.8808808808808809,0.25623852968068733,0.03617031842550468,0.07178962868648574,1,,0.5443786982248521,169,0.5462555066079295,227
nuScenes,mono,brake,J,24,955,120,dE_E6_risk_weighted,R1_gbm_reg,quota,0.1,True,,0.04267501050260609,-0.18529126918030125,0.26855012840021686,0.028139127535986547,-0.15242214718777353,0.23736270225554534,0.029211968653107576,-0.004640535609298677,0.1513782456032437,0.020601551358105232,-0.06868802896515658,0.16727840842024022,0.013463041849498512,-0.2552989710885142,0.2384136661689286,0.42242242242242245,0.25623852968068733,0.010934981945295673,0.007485231896750614,1,,0.5443786982248521,169,0.5462555066079295,227
nuScenes,mono,brake,J,24,955,120,dE_E6_risk_weighted,R1_gbm_reg,quota,0.2,True,,0.2705794578062933,-0.08303591015904849,0.4161025553800544,0.18686840262457585,-0.008029048059006443,0.3431428020308024,0.20834184750846552,0.02690425922020161,0.34777229570890345,0.12034212032686839,-0.04590127618455892,0.387591921103966,0.06223761029782776,-0.25675407342408496,0.26851221403269243,0.26226226226226224,0.25623852968068733,0.06933288243008216,0.05338520867652718,1,,0.5443786982248521,169,0.5462555066079295,227
nuScenes,mono,brake,J,24,955,120,dE_E6_risk_weighted,R1_gbm_reg,quota,0.3,True,,0.2720147430549996,-0.028480789461058965,0.4754468034922929,0.19512484637553335,0.011652983975132241,0.38716582423668966,0.3228236558183184,0.011601710881724188,0.5438722220657608,0.20725186491272152,-0.04737559719678525,0.5855860062812757,-0.05080891276331878,-0.4000547961008119,0.32809393836821915,0.4974974974974975,0.25623852968068733,0.06970065781188306,0.08271985891303017,1,,0.5443786982248521,169,0.5462555066079295,227
nuScenes,mono,brake,J,24,955,120,dE_E6_risk_weighted,R1_gbm_reg,quota,0.5,True,,0.564675540699516,0.0006608544453612451,0.7801259350748063,0.3380805130557221,0.07275672620679369,0.5999568045139926,0.205269777924528,-0.42104244328700563,0.5096421395562352,0.04393991036542592,-0.20957497672671815,0.3496371532629932,0.359405762774988,-0.14514366209043605,0.6975023812297018,0.1041041041041041,0.25623852968068733,0.1446916302954911,0.052598026083262264,1,,0.5443786982248521,169,0.5462555066079295,227
nuScenes,mono,brake,J,24,955,120,dE_E6_risk_weighted,R1_gbm_clf,quota,0.1,True,,0.18877854698861965,-0.2856434902981453,0.42351986364644645,0.11682313592963584,-0.23734665465312152,0.37382136591216686,0.17700809841363033,-0.0007118767980855897,0.27116098054185184,0.1124880902355081,-0.029754783254222324,0.2754240117993582,0.011770448574989323,-0.41085665909415153,0.2689762884245924,0.4194194194194194,0.25623852968068733,0.04837233731562045,0.04535629487908304,1,,0.5443786982248521,169,0.5462555066079295,227
nuScenes,mono,brake,J,24,955,120,dE_E6_risk_weighted,R1_gbm_clf,quota,0.2,True,,0.25256421635077797,-0.1935775938839416,0.48898516589696583,0.16339538889031371,-0.13036470623027915,0.39555070719593777,0.029211463737901493,-0.3885913815805357,0.2742834673161018,-0.0221137669947302,-0.2747947875477581,0.21872102523706433,0.2233527526128765,-0.14350939485228453,0.45728050597768893,0.08808808808808809,0.25623852968068733,0.06471668344767836,0.007485102518020594,1,,0.5443786982248521,169,0.5462555066079295,227
nuScenes,mono,brake,J,24,955,120,dE_E6_risk_weighted,R1_gbm_clf,quota,0.3,True,,0.25475872194972804,-0.1971856928731928,0.7123330265252356,0.20283128210474907,-0.12242524021152235,0.5670884065858146,0.03583654109359829,-0.497208385611754,0.26887936675134416,-0.08380396335350257,-0.318806223054885,0.11157783011554162,0.21892218085612974,-0.044578842678386396,0.681964029311755,0.05005005005005005,0.25623852968068733,0.06527900033572936,0.009182702598665157,1,,0.5443786982248521,169,0.5462555066079295,227
nuScenes,mono,brake,J,24,955,120,dE_E6_risk_weighted,R1_gbm_clf,quota,0.5,True,,0.4968983187920999,-0.08542558850879904,0.7555789611991905,0.2861424844421959,-0.030812091817326668,0.5611366599843381,0.03093149851662354,-0.8265025548679854,0.46334124735301774,-0.10925114284808236,-0.524904030128254,0.1506407862246801,0.46596682027547637,-0.07812308961816952,1.040165645340736,0.05105105105105105,0.25623852968068733,0.12732449460809311,0.007925841700719978,1,,0.5443786982248521,169,0.5462555066079295,227
nuScenes,mono,plan_ade,JC_ade,24,752,422,primary,gate_ridge,quota,0.1,True,,-0.023937206381151366,-0.11963157822657808,0.04368448277020365,-0.06829524260963732,-0.14153865279501254,0.016590112761173424,-0.03711898964530794,-0.1450180394795472,0.04390340855432879,-0.07859717658251195,-0.16797379494454084,0.031262420654344175,0.01318178326415657,-0.11912623010465564,0.1270142712991311,0.41,0.05020643052223412,-0.0012018016890716554,-0.0018636119746826807,0,,0.4939919893190921,749,0.4904632152588556,1101
nuScenes,mono,plan_ade,JC_ade,24,752,422,primary,gate_ridge,quota,0.2,True,,0.021792383987890244,-0.18546823009923694,0.13187103105514372,-0.07513705094866126,-0.2190247763597567,0.07517387517911282,-0.0007590352813155267,-0.09933867809234857,0.10933799933321887,-0.08285877967344209,-0.19040780248864958,0.088496127422625,0.022551419269205772,-0.18176096616950665,0.13909207284812788,0.422,0.05640454249832535,0.00122918944878478,-4.281303778268996e-05,0,,0.4939919893190921,749,0.4904632152588556,1101
nuScenes,mono,plan_ade,JC_ade,24,752,422,primary,gate_ridge,quota,0.3,True,,0.07666779505986933,-0.12144729764263287,0.2078545131676589,-0.0491264658312409,-0.1839932514606285,0.1632720220393308,0.03227298798131206,-0.1852506721618745,0.1472639480471677,-0.09531520762814337,-0.23581734669098564,0.057858181829225336,0.044394807078557266,-0.12116742648739963,0.28193504665705005,0.307,0.057543909564307716,0.004411764665419999,0.0018571139017666111,0,,0.4939919893190921,749,0.4904632152588556,1101
nuScenes,mono,plan_ade,JC_ade,24,752,422,primary,gate_ridge,quota,0.5,True,,0.16109867027592156,-0.09449003622862204,0.27377181721078,-0.05697749735821844,-0.20029258916924472,0.18255051030417002,0.1954023132309803,-0.13162793207214954,0.3484781295853823,-0.024730109222268874,-0.16901437618809503,0.15623323871685726,-0.03430364295505875,-0.27262684211625904,0.18939720340930652,0.623,0.057543909564307716,0.009270247313287858,0.01124421304122006,0,,0.4939919893190921,749,0.4904632152588556,1101
nuScenes,mono,plan_ade,JC_ade,24,752,422,primary,gate_gbm,quota,0.1,True,,0.004950310532173366,-0.1576474699154267,0.09509507559017184,-0.06318533120183402,-0.17018512388732698,0.03544778846483807,-0.031214892816726427,-0.08545980869245244,0.1225431469744677,-0.04705548171920709,-0.11807683421495553,0.09882810652295801,0.03616520334889979,-0.2021411048594524,0.1009442815295006,0.531,0.05020643052223412,0.00024853742179704587,-0.0015671883474619602,0,,0.4939919893190921,749,0.4904632152588556,1101
nuScenes,mono,plan_ade,JC_ade,24,752,422,primary,gate_gbm,quota,0.2,True,,0.08862901548960772,-0.15401021966016262,0.2099401090651298,-0.029981836140819743,-0.19470068712864613,0.10815724519829165,0.09230980504600658,-0.06881670350881038,0.18179084265115733,-0.003377076759690041,-0.10163726010224938,0.1160443103630604,-0.0036807895563988613,-0.19947735042333858,0.1119540396378612,0.592,0.05640454249832535,0.004999079070768314,0.005206692321729606,0,,0.4939919893190921,749,0.4904632152588556,1101
nuScenes,mono,plan_ade,JC_ade,24,752,422,primary,gate_gbm,quota,0.3,True,,0.153166509506939,-0.08943989644685484,0.24102244113276772,-0.002197218006515709,-0.15186679095012148,0.14243489077649177,0.1433339882816919,-0.05893608479637028,0.27460846034168107,0.010120855329271723,-0.11071901185426782,0.14151301121431106,0.00983252122524711,-0.14996483661923557,0.1308856167619262,0.594,0.057543909564307716,0.008813799771347976,0.00824799805917322,0,,0.4939919893190921,749,0.4904632152588556,1101
nuScenes,mono,plan_ade,JC_ade,24,752,422,primary,gate_gbm,quota,0.5,True,,0.1400666162009699,-0.19109484215510875,0.34289826993557293,-0.06749406570861248,-0.24121136654680464,0.13977135679672345,0.38084348012922314,-0.027755948365743924,0.5643496534271679,0.13492947820123327,-0.074083295916827,0.3002582233838987,-0.24077686392825323,-0.4338624879954104,0.033600804138364776,0.955,0.057543909564307716,0.008059980695647211,0.02191522277871224,0,,0.4939919893190921,749,0.4904632152588556,1101
nuScenes,mono,plan_ade,JC_ade,24,752,422,primary,R1_mlp_reg,quota,0.1,True,,0.11212069398636333,-0.15928845056981827,0.25483147591666755,0.02437159674519879,-0.1681824206670428,0.19709028150727956,0.02236512974535019,-0.1037433841315854,0.10641521494038007,-0.032190971376916684,-0.12774607688454317,0.08819622256755753,0.08975556424101314,-0.22412645877367532,0.2586702724065875,0.303,0.05020643052223412,0.005629179832731024,0.001122873332680676,0,,0.4939919893190921,749,0.4904632152588556,1101
nuScenes,mono,plan_ade,JC_ade,24,752,422,primary,R1_mlp_reg,quota,0.2,True,,0.13636997476716792,-0.17111911324975174,0.35757137450088217,0.03581624802248716,-0.18538779043235537,0.24453769299894426,0.04578853833748278,-0.12181059613001408,0.1267160756751159,-0.047861453167834654,-0.14577395738731805,0.05672722673800254,0.09058143642968514,-0.17844067600921576,0.29758986559442135,0.254,0.05640454249832535,0.007691886037250279,0.002582681556592747,0,,0.4939919893190921,749,0.4904632152588556,1101
nuScenes,mono,plan_ade,JC_ade,24,752,422,primary,R1_mlp_reg,quota,0.3,True,,0.25074640975862733,-0.2529192554071022,0.4768938089332967,0.06023308968560167,-0.23976265383667658,0.2836384056551099,0.05065346780471204,-0.13675983476831396,0.17944417413275507,-0.07017496499934064,-0.18000919099822266,0.0577750668728943,0.2000929419539153,-0.26472185394640146,0.3865599744097207,0.211,0.057543909564307716,0.014428928726725297,0.002914798570472922,0,,0.4939919893190921,749,0.4904632152588556,1101
nuScenes,mono,plan_ade,JC_ade,24,752,422,primary,R1_mlp_reg,quota,0.5,True,,0.2656973273251882,-0.27491379124207777,0.5211818768691512,0.007441238726098225,-0.2523750912033828,0.19942464004777627,0.0701115319041401,-0.2250704061994349,0.22490675687013192,-0.1379518294449291,-0.2796170356581217,0.03320032555263517,0.1955857954210481,-0.23576236190217315,0.41421642711607715,0.19,0.057543909564307716,0.015289262975078894,0.004034491651306913,0,,0.4939919893190921,749,0.4904632152588556,1101
nuScenes,mono,plan_ade,JC_ade,24,752,422,primary,R1_mlp_clf,quota,0.1,True,,0.06929418670451297,-0.12186213794133867,0.24486885153536325,0.013295933657984222,-0.1339320673402632,0.20934708002960048,0.07502814940888121,-0.18680674323914076,0.20300916995721038,-0.0364922519875791,-0.19705297654302303,0.13783781994183,-0.0057339627043682395,-0.10386946376704859,0.2785996132994153,0.329,0.05020643052223412,0.00347901377037485,0.0037668955705087953,0,,0.4939919893190921,749,0.4904632152588556,1101
nuScenes,mono,plan_ade,JC_ade,24,752,422,primary,R1_mlp_clf,quota,0.2,True,,0.13504024890663607,0.014697105512719709,0.2736949018027647,0.0647435201563346,-0.05196606368295371,0.2222556543435397,0.038955903438537956,-0.2720329003341378,0.19237606316530753,-0.07595299849700052,-0.2659383240792743,0.06954218785827339,0.09608434546809812,-0.05888563863089025,0.3871873757375211,0.109,0.05640454249832535,0.0076168834584387874,0.002197289911059673,0,,0.4939919893190921,749,0.4904632152588556,1101
nuScenes,mono,plan_ade,JC_ade,24,752,422,primary,R1_mlp_clf,quota,0.3,True,,0.24476089374606724,0.0390684920105521,0.3710380682666883,0.1113029466042655,-0.021160614123140617,0.2356175164323756,0.09830631310848481,-0.20865728401329858,0.22595643608276597,-0.06478141391103938,-0.238807637404997,0.09603126475816016,0.14645458063758243,0.033585533215428794,0.34480729263260185,0.007,0.057543909564307716,0.014084498734602824,0.005656929591115168,0,,0.4939919893190921,749,0.4904632152588556,1101
nuScenes,mono,plan_ade,JC_ade,24,752,422,primary,R1_mlp_clf,quota,0.5,True,,0.3988177829968545,0.021489647687866188,0.5645983229219879,0.15665232129958753,0.02060242616549901,0.24462528640478842,0.19789137913263116,-0.14849753548983735,0.36295263960899904,-0.03144143414499088,-0.20499872388514842,0.12684801610649366,0.20092640386422334,0.02193053341402426,0.33924131620132464,0.017,0.057543909564307716,0.022949534437408693,0.011387443624364259,0,,0.4939919893190921,749,0.4904632152588556,1101
nuScenes,mono,plan_ade,JC_ade,24,752,422,primary,R1_gbm_reg,quota,0.1,True,,0.08423705336585757,-0.2013809207182932,0.21750892334696414,0.012351565847146624,-0.1955291203457015,0.14680648989525388,-0.04893171583909713,-0.23770246493843453,0.09060347781367827,-0.09625551568979741,-0.24200678326040087,0.06303862422051848,0.1331687692049547,-0.19014325381544112,0.3084579493218915,0.171,0.05020643052223412,0.004229241767210656,-0.0024566867916093332,0,,0.4939919893190921,749,0.4904632152588556,1101
nuScenes,mono,plan_ade,JC_ade,24,752,422,primary,R1_gbm_reg,quota,0.2,True,,0.1370489784501209,-0.16371216854068144,0.2773131938018617,0.01991363166615184,-0.18073205098766726,0.16358181584305453,0.05884954463129359,-0.16989354384881258,0.17999286378245608,-0.04044006872766252,-0.19259742361943946,0.11227306567474091,0.07819943381882731,-0.23212927744430445,0.3151279132411564,0.297,0.05640454249832535,0.00773018492934192,0.0033193816411628938,0,,0.4939919893190921,749,0.4904632152588556,1101
nuScenes,mono,plan_ade,JC_ade,24,752,422,primary,R1_gbm_reg,quota,0.3,True,,0.15023421686952032,-0.1983345659778061,0.3387040946708072,-0.016412947757550853,-0.19836393154101373,0.145474229205723,0.19052596003979425,-0.12110181098655515,0.37956890883081257,0.037553489110858936,-0.14876713687560442,0.23815111898059269,-0.040291743170273925,-0.263709683585017,0.1786265483059534,0.683,0.057543909564307716,0.00864506418900427,0.010963608614182826,0,,0.4939919893190921,749,0.4904632152588556,1101
nuScenes,mono,plan_ade,JC_ade,24,752,422,primary,R1_gbm_reg,quota,0.5,True,,0.24078911221148797,-0.17538989468481295,0.4426846603230122,-0.006084546492149473,-0.17933274754605139,0.1184332617977992,0.2913804279780831,-0.09968588560623248,0.4790326309800517,0.05039498274659639,-0.10475678224832782,0.18094501480229205,-0.050591315766595146,-0.22120846577799874,0.05954708910812465,0.814,0.057543909564307716,0.013855946897167806,0.016767168996380092,0,,0.4939919893190921,749,0.4904632152588556,1101
nuScenes,mono,plan_ade,JC_ade,24,752,422,primary,R1_gbm_clf,quota,0.1,True,,0.019688130925161147,-0.11618314247406376,0.10575962647535869,-0.036170072037945374,-0.12994185126079302,0.05308365898184788,0.005170228456018053,-0.12702482510755947,0.08085835703051132,-0.0455249341677624,-0.13312872721576716,0.0314772859624776,0.014517902469143095,-0.0931817634663021,0.10460471312357349,0.413,0.05020643052223412,0.000988470777406752,0.00025957871576114816,0,,0.4939919893190921,749,0.4904632152588556,1101
nuScenes,mono,plan_ade,JC_ade,24,752,422,primary,R1_gbm_clf,quota,0.2,True,,0.12064650888375544,-0.05420773738761928,0.18391274226233453,-0.00011649876118067103,-0.08762880744796331,0.08588826331057807,0.14349362343740735,-0.09342324961144251,0.2518378026211705,0.022865615832623136,-0.11083821165981252,0.13572336646629918,-0.022847114553651904,-0.1261911241003077,0.11011530277933898,0.672,0.05640454249832535,0.006805011137608371,0.008093692181413937,0,,0.4939919893190921,749,0.4904632152588556,1101
nuScenes,mono,plan_ade,JC_ade,24,752,422,primary,R1_gbm_clf,quota,0.3,True,,0.15180509741794138,-0.09887964292378144,0.30020368916994306,0.0062076458685872945,-0.11488315025604347,0.13544741177623124,0.1112342652296045,-0.21665176197245728,0.29207620638114395,-0.02211165488963887,-0.19923042374407707,0.10597290153783066,0.040570832188336875,-0.09879771316909883,0.1751419619300851,0.381,0.057543909564307716,0.008735458797218942,0.00640085449882458,0,,0.4939919893190921,749,0.4904632152588556,1101
nuScenes,mono,plan_ade,JC_ade,24,752,422,primary,R1_gbm_clf,quota,0.5,True,,0.2779365018496663,-0.2529519783110885,0.5427210539921793,-0.0037174882207048603,-0.24360734933134726,0.21862493455434426,0.12795150872551175,-0.29451031421895213,0.42130670117598806,-0.07132600263201404,-0.2832309195387987,0.15209068226338554,0.14998499312415453,-0.23926268373877052,0.23745314949627344,0.247,0.057543909564307716,0.01599355292705724,0.007362830046717578,0,,0.4939919893190921,749,0.4904632152588556,1101
nuScenes,mono,plan_ade,JC_ade,24,752,422,primary,gate_ridge,budget_ms_20,0.2,True,,0.0,0.0,0.0,-0.07786589952539683,-0.14261159865694373,0.027794389384741526,0.0,0.0,0.0,-0.07786589952539683,-0.14261159865694373,0.027794389384741526,0.0,0.0,0.0,1.0,0.05640454249832535,0.0,0.0,0,0.0,0.4939919893190921,749,0.4904632152588556,1101
nuScenes,mono,plan_ade,JC_ade,24,752,422,primary,gate_gbm,budget_ms_20,0.2,True,,0.0,0.0,0.0,-0.07786589952539683,-0.14261159865694373,0.027794389384741526,0.0,0.0,0.0,-0.07786589952539683,-0.14261159865694373,0.027794389384741526,0.0,0.0,0.0,1.0,0.05640454249832535,0.0,0.0,0,0.0,0.4939919893190921,749,0.4904632152588556,1101
nuScenes,mono,plan_ade,JC_ade,24,752,422,primary,R1_mlp_reg,budget_ms_20,0.2,True,,0.13550099479798583,-0.14564743417365364,0.29096133357342535,0.026427388866964264,-0.1622734615989769,0.17710559991529473,0.03623295949483661,-0.11972779182528445,0.11359578860932316,-0.062087217120571705,-0.15637896548467745,0.04928563781079359,0.09926803530314922,-0.14766846032063205,0.25233205664780056,0.21,0.05640454249832535,0.007642871619648353,0.0020437035036666128,0,0.16645221467687044,0.4939919893190921,749,0.4904632152588556,1101
nuScenes,mono,plan_ade,JC_ade,24,752,422,primary,R1_mlp_clf,budget_ms_20,0.2,True,,0.1336884783607576,-0.032958481329748796,0.24890013663513724,0.036923725392609553,-0.09423335595375551,0.2025466493009306,0.046564914214633095,-0.256139171871652,0.19541253764627184,-0.07229152568127874,-0.2568732967253744,0.07508008574861164,0.08712356414612449,-0.07224834819022884,0.36686494321828894,0.197,0.05640454249832535,0.0075406374592358,0.0026264726827501467,0,0.16645221467687044,0.4939919893190921,749,0.4904632152588556,1101
nuScenes,mono,plan_ade,JC_ade,24,752,422,primary,R1_gbm_reg,budget_ms_20,0.2,True,,0.0,0.0,0.0,-0.07786589952539683,-0.14261159865694373,0.027794389384741526,0.0,0.0,0.0,-0.07786589952539683,-0.14261159865694373,0.027794389384741526,0.0,0.0,0.0,1.0,0.05640454249832535,0.0,0.0,0,0.0,0.4939919893190921,749,0.4904632152588556,1101
nuScenes,mono,plan_ade,JC_ade,24,752,422,primary,R1_gbm_clf,budget_ms_20,0.2,True,,0.0,0.0,0.0,-0.07786589952539683,-0.14261159865694373,0.027794389384741526,0.0,0.0,0.0,-0.07786589952539683,-0.14261159865694373,0.027794389384741526,0.0,0.0,0.0,1.0,0.05640454249832535,0.0,0.0,0,0.0,0.4939919893190921,749,0.4904632152588556,1101
nuScenes,mono,plan_ade,JC_ade,24,752,422,primary,gate_gbm_batched,budget_ms_20,0.2,True,,0.004059405587631136,-0.015174592520829509,0.027616490441198405,-0.07075705883057908,-0.1410912162382617,0.04704567756385355,0.001884479849253039,-0.019554115969434356,0.023646047279379745,-0.0767896367511726,-0.14233333660631187,0.03638947935335966,0.002174925738378097,-0.024699800186669403,0.03391355458002009,0.271,0.05640454249832535,0.0002289689149854798,0.00010629322374443079,0,0.0172835013923785,0.4939919893190921,749,0.4904632152588556,1101
nuScenes,mono,plan_ade,JC_ade,24,752,422,dE_exact,gate_ridge,quota,0.1,True,,-0.023937206381151366,-0.11963157822657808,0.04368448277020365,-0.06829524260963732,-0.14153865279501254,0.016590112761173424,-0.029905806550592898,-0.2562071682977775,0.19852269642051315,-0.05440494406777091,-0.27895539823030713,0.15267218925577306,0.005968600169441531,-0.22511184314590268,0.22937661410726773,0.59,0.05020643052223412,-0.0012018016890716554,-0.0015014637987937163,0,,0.45662100456621,438,0.4788519637462236,662
nuScenes,mono,plan_ade,JC_ade,24,752,422,dE_exact,gate_ridge,quota,0.2,True,,0.021792383987890244,-0.18546823009923694,0.13187103105514372,-0.07513705094866126,-0.2190247763597567,0.07517387517911282,0.09470947360998411,-0.19561393500672355,0.2165311321157148,-0.017491241423670256,-0.2079963477753853,0.13564661716096998,-0.07291708962209387,-0.20742891660354898,0.12938771677405134,0.796,0.05640454249832535,0.00122918944878478,0.005342044529228372,0,,0.45662100456621,438,0.4788519637462236,662
nuScenes,mono,plan_ade,JC_ade,24,752,422,dE_exact,gate_ridge,quota,0.3,True,,0.07666779505986933,-0.12144729764263287,0.2078545131676589,-0.0491264658312409,-0.1839932514606285,0.1632720220393308,0.1348545218416169,-0.1864266902086363,0.38580120325650613,0.008991361180287061,-0.19474193765351283,0.20499551583608727,-0.058186726781747564,-0.2979111569331481,0.21588045960038843,0.693,0.057543909564307716,0.004411764665419999,0.007760056409191962,0,,0.45662100456621,438,0.4788519637462236,662
nuScenes,mono,plan_ade,JC_ade,24,752,422,dE_exact,gate_ridge,quota,0.5,True,,0.16109867027592156,-0.09449003622862204,0.27377181721078,-0.05697749735821844,-0.20029258916924472,0.18255051030417002,0.30071393540510266,-0.19835723136194044,0.49581225253524247,0.04034013680594187,-0.1459019088636297,0.16855363886076322,-0.1396152651291811,-0.30658428027188006,0.28856922500400806,0.79,0.057543909564307716,0.009270247313287858,0.017304255503678298,0,,0.45662100456621,438,0.4788519637462236,662
nuScenes,mono,plan_ade,JC_ade,24,752,422,dE_exact,gate_gbm,quota,0.1,True,,0.004950310532173366,-0.1576474699154267,0.09509507559017184,-0.06318533120183402,-0.17018512388732698,0.03544778846483807,0.06828971855473835,-0.1310000077266911,0.1801152951168837,0.0170079732534722,-0.14058347724479575,0.14038818486946175,-0.06333940802256499,-0.2636142229223352,0.08685273754892622,0.855,0.05020643052223412,0.00024853742179704587,0.003428583010001393,0,,0.45662100456621,438,0.4788519637462236,662
nuScenes,mono,plan_ade,JC_ade,24,752,422,dE_exact,gate_gbm,quota,0.2,True,,0.08862901548960772,-0.15401021966016262,0.2099401090651298,-0.029981836140819743,-0.19470068712864613,0.10815724519829165,0.09278734649361818,-0.16564842740455496,0.26236118338316156,0.008541127749517752,-0.18096704833285124,0.18147801891230492,-0.00415833100401046,-0.33656796902838626,0.2458526198347768,0.602,0.05640454249832535,0.004999079070768314,0.005233627828606126,0,,0.45662100456621,438,0.4788519637462236,662
nuScenes,mono,plan_ade,JC_ade,24,752,422,dE_exact,gate_gbm,quota,0.3,True,,0.153166509506939,-0.08943989644685484,0.24102244113276772,-0.002197218006515709,-0.15186679095012148,0.14243489077649177,0.15283826177809962,-0.22552009942003678,0.39011258018123535,0.002725838409356398,-0.21877708640201549,0.21325807299947627,0.00032824772883938147,-0.2788231349948417,0.3475396932407325,0.556,0.057543909564307716,0.008813799771347976,0.008794911113724952,0,,0.45662100456621,438,0.4788519637462236,662
nuScenes,mono,plan_ade,JC_ade,24,752,422,dE_exact,gate_gbm,quota,0.5,True,,0.1400666162009699,-0.19109484215510875,0.34289826993557293,-0.06749406570861248,-0.24121136654680464,0.13977135679672345,0.42302235769063073,-0.1801520136916766,0.6682754182834331,0.13355175578318018,-0.15954623952960645,0.3418536288941671,-0.28295574148966085,-0.4866571964712735,0.24783712474420083,0.86,0.057543909564307716,0.008059980695647211,0.024342360294629887,0,,0.45662100456621,438,0.4788519637462236,662
nuScenes,mono,plan_ade,JC_ade,24,752,422,dE_exact,R1_mlp_reg,quota,0.1,True,,0.11212069398636333,-0.15928845056981827,0.25483147591666755,0.02437159674519879,-0.1681824206670428,0.19709028150727956,0.09784090813314641,-0.08761129474883812,0.15329922778720254,0.026241021597249937,-0.09561572149274972,0.10553599120349709,0.014279785853216917,-0.18685990955144277,0.15777947962874136,0.485,0.05020643052223412,0.005629179832731024,0.004912242756419107,0,,0.45662100456621,438,0.4788519637462236,662
nuScenes,mono,plan_ade,JC_ade,24,752,422,dE_exact,R1_mlp_reg,quota,0.2,True,,0.13636997476716792,-0.17111911324975174,0.35757137450088217,0.03581624802248716,-0.18538779043235537,0.24453769299894426,0.1421968503217241,-0.05790416196924627,0.24096437411805233,0.018774276408270254,-0.077914319289481,0.11755855083577088,-0.005826875554556188,-0.163629699536877,0.18273285108938286,0.386,0.05640454249832535,0.007691886037250279,0.008020548287099695,0,,0.45662100456621,438,0.4788519637462236,662
nuScenes,mono,plan_ade,JC_ade,24,752,422,dE_exact,R1_mlp_reg,quota,0.3,True,,0.25074640975862733,-0.2529192554071022,0.4768938089332967,0.06023308968560167,-0.23976265383667658,0.2836384056551099,0.16169843312784205,-0.13157048765857762,0.2865205746431507,-0.001213819178152455,-0.14142538364303472,0.11201044112416633,0.08904797663078529,-0.19256957762587582,0.24132475122249708,0.271,0.057543909564307716,0.014428928726725297,0.009304760012598801,0,,0.45662100456621,438,0.4788519637462236,662
nuScenes,mono,plan_ade,JC_ade,24,752,422,dE_exact,R1_mlp_reg,quota,0.5,True,,0.2656973273251882,-0.27491379124207777,0.5211818768691512,0.007441238726098225,-0.2523750912033828,0.19942464004777627,0.22732753119351262,-0.1792577121429306,0.45893574510659035,0.0037663990685463293,-0.17929766541882378,0.17611053204217617,0.03836979613167557,-0.26550886071133906,0.2228046796806685,0.436,0.057543909564307716,0.015289262975078894,0.013081314896476832,0,,0.45662100456621,438,0.4788519637462236,662
nuScenes,mono,plan_ade,JC_ade,24,752,422,dE_exact,R1_mlp_clf,quota,0.1,True,,0.06929418670451297,-0.12186213794133867,0.24486885153536325,0.013295933657984222,-0.1339320673402632,0.20934708002960048,-0.07265652537762057,-0.1953214563160912,0.0037640710151589916,-0.1171733617748819,-0.19922748860906098,-0.04081484970749071,0.14195071208213356,-0.03318152473158043,0.35142322519772995,0.071,0.05020643052223412,0.00347901377037485,-0.0036478247933584475,0,,0.45662100456621,438,0.4788519637462236,662
nuScenes,mono,plan_ade,JC_ade,24,752,422,dE_exact,R1_mlp_clf,quota,0.2,True,,0.13504024890663607,0.014697105512719709,0.2736949018027647,0.0647435201563346,-0.05196606368295371,0.2222556543435397,0.0427629314494294,-0.1701958922393757,0.14339416662875343,-0.07219585014071143,-0.18666310242214337,0.02224938700815396,0.09227731745720667,-0.012417321867272357,0.34912811846567604,0.043,0.05640454249832535,0.0076168834584387874,0.0024120235842923143,0,,0.45662100456621,438,0.4788519637462236,662
nuScenes,mono,plan_ade,JC_ade,24,752,422,dE_exact,R1_mlp_clf,quota,0.3,True,,0.24476089374606724,0.0390684920105521,0.3710380682666883,0.1113029466042655,-0.021160614123140617,0.2356175164323756,0.1643153524551787,-0.21268356961814813,0.3437058139664017,-0.033612049941403696,-0.21486481799917315,0.1494923999586733,0.08044554129088854,-0.03731566546340644,0.36259610380393326,0.083,0.057543909564307716,0.014084498734602824,0.00945534778170815,0,,0.45662100456621,438,0.4788519637462236,662
nuScenes,mono,plan_ade,JC_ade,24,752,422,dE_exact,R1_mlp_clf,quota,0.5,True,,0.3988177829968545,0.021489647687866188,0.5645983229219879,0.15665232129958753,0.02060242616549901,0.24462528640478842,0.26388655620854296,-0.17032730512228958,0.5220490440666846,0.030034771045611273,-0.17970335706823462,0.2159381306691539,0.13493122678831154,-0.034318748173756804,0.303108693261935,0.062,0.057543909564307716,0.022949534437408693,0.015185064125701,0,,0.45662100456621,438,0.4788519637462236,662
nuScenes,mono,plan_ade,JC_ade,24,752,422,dE_exact,R1_gbm_reg,quota,0.1,True,,0.08423705336585757,-0.2013809207182932,0.21750892334696414,0.012351565847146624,-0.1955291203457015,0.14680648989525388,0.027389852044737595,-0.08373663389076078,0.1625423713225663,-0.010249403257933932,-0.12807561936880024,0.14532161195073987,0.05684720132111998,-0.27600874454707014,0.21757621365622468,0.382,0.05020643052223412,0.004229241767210656,0.0013751467036983902,0,,0.45662100456621,438,0.4788519637462236,662
nuScenes,mono,plan_ade,JC_ade,24,752,422,dE_exact,R1_gbm_reg,quota,0.2,True,,0.1370489784501209,-0.16371216854068144,0.2773131938018617,0.01991363166615184,-0.18073205098766726,0.16358181584305453,0.047178829187291854,-0.19755353398385525,0.18991272118800134,-0.05684285924364558,-0.203276635675381,0.0782724409332934,0.08987014926282905,-0.12966422725046112,0.22658136511913932,0.176,0.05640454249832535,0.00773018492934192,0.0026611002759158358,0,,0.45662100456621,438,0.4788519637462236,662
nuScenes,mono,plan_ade,JC_ade,24,752,422,dE_exact,R1_gbm_reg,quota,0.3,True,,0.15023421686952032,-0.1983345659778061,0.3387040946708072,-0.016412947757550853,-0.19836393154101373,0.145474229205723,0.1787856170842644,-0.19651581935293994,0.38091165099915,0.019470670212727605,-0.17741953480097308,0.19770285907504434,-0.028551400214744088,-0.2491076045648838,0.17997007476039023,0.639,0.057543909564307716,0.00864506418900427,0.01028802338089586,0,,0.45662100456621,438,0.4788519637462236,662
nuScenes,mono,plan_ade,JC_ade,24,752,422,dE_exact,R1_gbm_reg,quota,0.5,True,,0.24078911221148797,-0.17538989468481295,0.4426846603230122,-0.006084546492149473,-0.17933274754605139,0.1184332617977992,0.34516028455614634,-0.1368007140590785,0.5560968941932216,0.08912491062856792,-0.1379409400243912,0.23618794246877248,-0.10437117234465837,-0.31216318920424163,0.1352257648337486,0.839,0.057543909564307716,0.013855946897167806,0.0198618721996896,0,,0.45662100456621,438,0.4788519637462236,662
nuScenes,mono,plan_ade,JC_ade,24,752,422,dE_exact,R1_gbm_clf,quota,0.1,True,,0.019688130925161147,-0.11618314247406376,0.10575962647535869,-0.036170072037945374,-0.12994185126079302,0.05308365898184788,0.10586437441775584,-0.0856994479146943,0.25015916782716097,0.030346415407782594,-0.09368756776273995,0.2184287686384099,-0.0861762434925947,-0.29956327371572294,0.1011328874464364,0.75,0.05020643052223412,0.000988470777406752,0.005315072358984838,0,,0.45662100456621,438,0.4788519637462236,662
nuScenes,mono,plan_ade,JC_ade,24,752,422,dE_exact,R1_gbm_clf,quota,0.2,True,,0.12064650888375544,-0.05420773738761928,0.18391274226233453,-0.00011649876118067103,-0.08762880744796331,0.08588826331057807,0.2534813270344903,-0.036267002275113855,0.40026782188932747,0.1124254357058696,-0.06791039860497519,0.28629147885169554,-0.13283481815073483,-0.2908952732859534,0.08174874788055873,0.836,0.05640454249832535,0.006805011137608371,0.014297498283248812,0,,0.45662100456621,438,0.4788519637462236,662
nuScenes,mono,plan_ade,JC_ade,24,752,422,dE_exact,R1_gbm_clf,quota,0.3,True,,0.15180509741794138,-0.09887964292378144,0.30020368916994306,0.0062076458685872945,-0.11488315025604347,0.13544741177623124,0.34300571890013615,-0.042529143351077506,0.4979909563095892,0.16225052503195048,-0.04566573074444567,0.3204151858628857,-0.19120062148219477,-0.31240702815539867,0.04273523698078653,0.946,0.057543909564307716,0.008735458797218942,0.019737890068429787,0,,0.45662100456621,438,0.4788519637462236,662
nuScenes,mono,plan_ade,JC_ade,24,752,422,dE_exact,R1_gbm_clf,quota,0.5,True,,0.2779365018496663,-0.2529519783110885,0.5427210539921793,-0.0037174882207048603,-0.24360734933134726,0.21862493455434426,0.3201007570896582,-0.0949618564483296,0.5405279089803492,0.08686577499127739,-0.09709795467683958,0.22317697319249188,-0.0421642552399919,-0.324793385379247,0.068270423061769,0.812,0.057543909564307716,0.01599355292705724,0.018419849017433723,0,,0.45662100456621,438,0.4788519637462236,662
nuScenes,mono,plan_ade,JC_ade,24,752,422,dE_E6_risk_weighted,gate_ridge,quota,0.1,True,,-0.023937206381151366,-0.11963157822657808,0.04368448277020365,-0.06829524260963732,-0.14153865279501254,0.016590112761173424,0.11122416776131697,-0.2545402551768481,0.24309603782858968,-0.01000830384818903,-0.2541527903577822,0.16931524566236208,-0.13516137414246834,-0.24590235519280107,0.18891039308441998,0.719,0.05020643052223412,-0.0012018016890716554,0.0055841684511018725,0,,0.45591939546599497,397,0.4734133790737564,583
nuScenes,mono,plan_ade,JC_ade,24,752,422,dE_E6_risk_weighted,gate_ridge,quota,0.2,True,,0.021792383987890244,-0.18546823009923694,0.13187103105514372,-0.07513705094866126,-0.2190247763597567,0.07517387517911282,0.12638345784495353,-0.266598997518089,0.3184836706089995,-0.019873898166145328,-0.2664111366653428,0.187293912050377,-0.10459107385706329,-0.2580770327088974,0.22418891060845395,0.695,0.05640454249832535,0.00122918944878478,0.007128601119100991,0,,0.45591939546599497,397,0.4734133790737564,583
nuScenes,mono,plan_ade,JC_ade,24,752,422,dE_E6_risk_weighted,gate_ridge,quota,0.3,True,,0.07666779505986933,-0.12144729764263287,0.2078545131676589,-0.0491264658312409,-0.1839932514606285,0.1632720220393308,0.20287898294626255,-0.2606691916108757,0.45820877799775456,0.018698094084614304,-0.2560126015489956,0.25643921430290506,-0.12621118788639324,-0.36160952138529273,0.32219964057024175,0.67,0.057543909564307716,0.004411764665419999,0.01167444984715846,0,,0.45591939546599497,397,0.4734133790737564,583
nuScenes,mono,plan_ade,JC_ade,24,752,422,dE_E6_risk_weighted,gate_ridge,quota,0.5,True,,0.16109867027592156,-0.09449003622862204,0.27377181721078,-0.05697749735821844,-0.20029258916924472,0.18255051030417002,0.2667362829067641,-0.23429617390367827,0.5154962371403545,0.005311205431398817,-0.21916964587382132,0.18963386468883378,-0.10563761263084254,-0.3114975740381932,0.3139155338992208,0.682,0.057543909564307716,0.009270247313287858,0.015349048541106431,0,,0.45591939546599497,397,0.4734133790737564,583
nuScenes,mono,plan_ade,JC_ade,24,752,422,dE_E6_risk_weighted,gate_gbm,quota,0.1,True,,0.004950310532173366,-0.1576474699154267,0.09509507559017184,-0.06318533120183402,-0.17018512388732698,0.03544778846483807,0.09403707381729147,-0.2487858662413558,0.2115425019060384,-0.014262385236530672,-0.24956426719802918,0.137431827358438,-0.08908676328511811,-0.18813078632093672,0.14974981962739634,0.8,0.05020643052223412,0.00024853742179704587,0.004721265813122045,0,,0.45591939546599497,397,0.4734133790737564,583
nuScenes,mono,plan_ade,JC_ade,24,752,422,dE_E6_risk_weighted,gate_gbm,quota,0.2,True,,0.08862901548960772,-0.15401021966016262,0.2099401090651298,-0.029981836140819743,-0.19470068712864613,0.10815724519829165,0.13236032077147677,-0.31264000749893506,0.3374509373764604,-0.011951660127709825,-0.30480645520842203,0.1988530267055284,-0.043731305281869054,-0.2133828198597998,0.3282459305182884,0.641,0.05640454249832535,0.004999079070768314,0.007465723338046737,0,,0.45591939546599497,397,0.4734133790737564,583
nuScenes,mono,plan_ade,JC_ade,24,752,422,dE_E6_risk_weighted,gate_gbm,quota,0.3,True,,0.153166509506939,-0.08943989644685484,0.24102244113276772,-0.002197218006515709,-0.15186679095012148,0.14243489077649177,0.13913482686000667,-0.3534098021531306,0.3769587891469573,-0.04540875392832143,-0.34296612945483207,0.17753336942106193,0.01403168264693233,-0.2261173314920649,0.4867512312879855,0.482,0.057543909564307716,0.008813799771347976,0.008006361894077836,0,,0.45591939546599497,397,0.4734133790737564,583
nuScenes,mono,plan_ade,JC_ade,24,752,422,dE_E6_risk_weighted,gate_gbm,quota,0.5,True,,0.1400666162009699,-0.19109484215510875,0.34289826993557293,-0.06749406570861248,-0.24121136654680464,0.13977135679672345,0.3001019677476227,-0.3131680772158725,0.6132874169935252,0.0028971984374548277,-0.3165046829391247,0.28929795440334055,-0.1600353515466528,-0.40650233584162704,0.3712387461008145,0.687,0.057543909564307716,0.008059980695647211,0.01726904049213999,0,,0.45591939546599497,397,0.4734133790737564,583
nuScenes,mono,plan_ade,JC_ade,24,752,422,dE_E6_risk_weighted,R1_mlp_reg,quota,0.1,True,,0.11212069398636333,-0.15928845056981827,0.25483147591666755,0.02437159674519879,-0.1681824206670428,0.19709028150727956,0.13037479085453935,-0.051573772534574236,0.25845195895566825,0.06438514691062612,-0.0736805990506953,0.19236570323030083,-0.018254096868176015,-0.16655206717648374,0.07347413613682782,0.719,0.05020643052223412,0.005629179832731024,0.006545652878889234,0,,0.45591939546599497,397,0.4734133790737564,583
nuScenes,mono,plan_ade,JC_ade,24,752,422,dE_E6_risk_weighted,R1_mlp_reg,quota,0.2,True,,0.13636997476716792,-0.17111911324975174,0.35757137450088217,0.03581624802248716,-0.18538779043235537,0.24453769299894426,0.20319808871880313,-0.0671952354336123,0.3208826872566049,0.06131564888071083,-0.09334099484018352,0.19775120866224039,-0.06682811395163521,-0.173089090190059,0.1091411692046018,0.648,0.05640454249832535,0.007691886037250279,0.011461295230718215,0,,0.45591939546599497,397,0.4734133790737564,583
nuScenes,mono,plan_ade,JC_ade,24,752,422,dE_E6_risk_weighted,R1_mlp_reg,quota,0.3,True,,0.25074640975862733,-0.2529192554071022,0.4768938089332967,0.06023308968560167,-0.23976265383667658,0.2836384056551099,0.2196977583057252,-0.09993185289295291,0.3782907490923852,0.058789941513593805,-0.10513113350729897,0.1960872796350167,0.031048651452902143,-0.2067181976734155,0.16120741799467178,0.441,0.057543909564307716,0.014428928726725297,0.012642267935425784,0,,0.45591939546599497,397,0.4734133790737564,583
nuScenes,mono,plan_ade,JC_ade,24,752,422,dE_E6_risk_weighted,R1_mlp_reg,quota,0.5,True,,0.2656973273251882,-0.27491379124207777,0.5211818768691512,0.007441238726098225,-0.2523750912033828,0.19942464004777627,0.26798369822901313,-0.2171316244639847,0.5329912907129298,0.007261187248080805,-0.24008074974906782,0.2126824630892315,-0.0022863709038249413,-0.16145356429537944,0.16931955860749892,0.51,0.057543909564307716,0.015289262975078894,0.015420829695599061,0,,0.45591939546599497,397,0.4734133790737564,583
nuScenes,mono,plan_ade,JC_ade,24,752,422,dE_E6_risk_weighted,R1_mlp_clf,quota,0.1,True,,0.06929418670451297,-0.12186213794133867,0.24486885153536325,0.013295933657984222,-0.1339320673402632,0.20934708002960048,-0.005612500435065975,-0.16887337493684865,0.04657231326064125,-0.08151336260794798,-0.18753483830378023,-0.009228576729386598,0.07490668713957895,-0.08867237501304838,0.36146656248047526,0.192,0.05020643052223412,0.00347901377037485,-0.00028178361314914866,0,,0.45591939546599497,397,0.4734133790737564,583
nuScenes,mono,plan_ade,JC_ade,24,752,422,dE_E6_risk_weighted,R1_mlp_clf,quota,0.2,True,,0.13504024890663607,0.014697105512719709,0.2736949018027647,0.0647435201563346,-0.05196606368295371,0.2222556543435397,-0.0010120072491120924,-0.312552176785503,0.14536880639462788,-0.14311619636748196,-0.30649082398277405,0.011640725666094963,0.13605225615574817,0.002851849263122467,0.45986753175868794,0.023,0.05640454249832535,0.0076168834584387874,-5.7081805891156343e-05,0,,0.45591939546599497,397,0.4734133790737564,583
nuScenes,mono,plan_ade,JC_ade,24,752,422,dE_E6_risk_weighted,R1_mlp_clf,quota,0.3,True,,0.24476089374606724,0.0390684920105521,0.3710380682666883,0.1113029466042655,-0.021160614123140617,0.2356175164323756,0.10211724451776533,-0.3465256068874202,0.33944937077686144,-0.09822956329629717,-0.3403772179072178,0.14117811190659305,0.14264364922830192,-0.0283337362479624,0.49635581225301667,0.059,0.057543909564307716,0.014084498734602824,0.0058762254834865855,0,,0.45591939546599497,397,0.4734133790737564,583
nuScenes,mono,plan_ade,JC_ade,24,752,422,dE_E6_risk_weighted,R1_mlp_clf,quota,0.5,True,,0.3988177829968545,0.021489647687866188,0.5645983229219879,0.15665232129958753,0.02060242616549901,0.24462528640478842,0.2564037421297169,-0.2820049016474591,0.5397852617905573,-0.03036141262273596,-0.2974079968406711,0.22073005867598172,0.1424140408671376,-0.030419305437859555,0.4541092634127723,0.049,0.057543909564307716,0.022949534437408693,0.014754473749062505,0,,0.45591939546599497,397,0.4734133790737564,583
nuScenes,mono,plan_ade,JC_ade,24,752,422,dE_E6_risk_weighted,R1_gbm_reg,quota,0.1,True,,0.08423705336585757,-0.2013809207182932,0.21750892334696414,0.012351565847146624,-0.1955291203457015,0.14680648989525388,0.15433016206033295,-0.08296388300808916,0.29691070535360525,0.09850659519745561,-0.08742482011830965,0.23890036402263473,-0.07009310869447538,-0.21319553219654833,0.03134016312688809,0.941,0.05020643052223412,0.004229241767210656,0.007748366558967238,0,,0.45591939546599497,397,0.4734133790737564,583
nuScenes,mono,plan_ade,JC_ade,24,752,422,dE_E6_risk_weighted,R1_gbm_reg,quota,0.2,True,,0.1370489784501209,-0.16371216854068144,0.2773131938018617,0.01991363166615184,-0.18073205098766726,0.16358181584305453,0.2678921784187912,-0.10779653615725605,0.437272163557619,0.11861627995209591,-0.12245189163087869,0.3160103840749986,-0.1308431999686703,-0.23929019236768204,0.09124755374339011,0.868,0.05640454249832535,0.00773018492934192,0.015110335762591666,0,,0.45591939546599497,397,0.4734133790737564,583
nuScenes,mono,plan_ade,JC_ade,24,752,422,dE_E6_risk_weighted,R1_gbm_reg,quota,0.3,True,,0.15023421686952032,-0.1983345659778061,0.3387040946708072,-0.016412947757550853,-0.19836393154101373,0.145474229205723,0.3072607966733307,-0.07630835014368828,0.5287899459984622,0.1334963869542167,-0.07849710791653415,0.33510177099204264,-0.1570265798038104,-0.2536685312284002,-0.016200691812221744,0.983,0.057543909564307716,0.00864506418900427,0.017680987496427283,0,,0.45591939546599497,397,0.4734133790737564,583
nuScenes,mono,plan_ade,JC_ade,24,752,422,dE_E6_risk_weighted,R1_gbm_reg,quota,0.5,True,,0.24078911221148797,-0.17538989468481295,0.4426846603230122,-0.006084546492149473,-0.17933274754605139,0.1184332617977992,0.43071487230784034,-0.051599592889454975,0.6670293106273322,0.15512545730463215,-0.070963676223638,0.34599976536780763,-0.18992576009635237,-0.3407156494342131,0.048906349277143074,0.94,0.057543909564307716,0.013855946897167806,0.02478501766008471,0,,0.45591939546599497,397,0.4734133790737564,583
nuScenes,mono,plan_ade,JC_ade,24,752,422,dE_E6_risk_weighted,R1_gbm_clf,quota,0.1,True,,0.019688130925161147,-0.11618314247406376,0.10575962647535869,-0.036170072037945374,-0.12994185126079302,0.05308365898184788,0.14872852734990485,-0.09185085848800596,0.2935253933135049,0.0937551773326515,-0.09872511011623597,0.2475106079267742,-0.12904039642474371,-0.2922685294917473,0.04960416860967801,0.931,0.05020643052223412,0.000988470777406752,0.007467128475067196,0,,0.45591939546599497,397,0.4734133790737564,583
nuScenes,mono,plan_ade,JC_ade,24,752,422,dE_E6_risk_weighted,R1_gbm_clf,quota,0.2,True,,0.12064650888375544,-0.05420773738761928,0.18391274226233453,-0.00011649876118067103,-0.08762880744796331,0.08588826331057807,0.17546101002354578,-0.13859283815157214,0.3270785975890863,0.05744608785388185,-0.14997320096712985,0.20746483321704473,-0.054814501139790334,-0.18946911513474507,0.14921822126669573,0.769,0.05640454249832535,0.006805011137608371,0.009896797996672178,0,,0.45591939546599497,397,0.4734133790737564,583
nuScenes,mono,plan_ade,JC_ade,24,752,422,dE_E6_risk_weighted,R1_gbm_clf,quota,0.3,True,,0.15180509741794138,-0.09887964292378144,0.30020368916994306,0.0062076458685872945,-0.11488315025604347,0.13544741177623124,0.21412263522501174,-0.13531233728207387,0.3762927010849251,0.03758560976074541,-0.15193079195594597,0.18285381350553037,-0.06231753780707036,-0.1562032936659409,0.1376664082519872,0.696,0.057543909564307716,0.008735458797218942,0.012321453557059325,0,,0.45591939546599497,397,0.4734133790737564,583
nuScenes,mono,plan_ade,JC_ade,24,752,422,dE_E6_risk_weighted,R1_gbm_clf,quota,0.5,True,,0.2779365018496663,-0.2529519783110885,0.5427210539921793,-0.0037174882207048603,-0.24360734933134726,0.21862493455434426,0.29067717935837495,-0.15578119476797134,0.5172478457546846,0.0372159822389639,-0.16751714906921059,0.18528767170844518,-0.012740677508708664,-0.25564087626632415,0.10638382613571518,0.632,0.057543909564307716,0.01599355292705724,0.01672670132140638,0,,0.45591939546599497,397,0.4734133790737564,583
nuScenes,mono,plan_fde,JC_fde,24,752,178,primary,gate_ridge,quota,0.1,True,,-0.024753373341244014,-0.11746649050688059,0.04766787925159896,-0.05781856833705393,-0.14684291964492752,0.06128019211130409,-0.12577509283701596,-0.36235441920571654,0.023053391268452707,-0.16325142687166844,-0.35053675538212997,-0.0210886183096518,0.10102171949577195,-0.06281294276228123,0.37909431429015794,0.16,0.07645239608367893,-0.0018924547030919664,-0.009615807215037034,0,,0.5271084337349398,332,0.5262054507337526,477
nuScenes,mono,plan_fde,JC_fde,24,752,178,primary,gate_ridge,quota,0.2,True,,-0.06447427028240947,-0.16771124161563147,-0.00526157878991718,-0.12536409611517635,-0.2147713498417151,6.076705059573158e-05,-0.09899929700027162,-0.320746862797044,0.01114572599208415,-0.17057635202390872,-0.3065634567888377,-0.04498262807239009,0.034525026717862145,-0.0850869899170233,0.22804593383199134,0.258,0.07868256897183751,-0.005073001218404576,-0.007789519014387298,0,,0.5271084337349398,332,0.5262054507337526,477
nuScenes,mono,plan_fde,JC_fde,24,752,178,primary,gate_ridge,quota,0.3,True,,-0.05364060263786844,-0.24441290604167468,0.03987542452021296,-0.15310556679442786,-0.28747055270429384,0.03889126766401802,-0.07118941385787207,-0.36546396680885546,0.09506012745554643,-0.17608001324461472,-0.32194470560260363,-0.04830280811661507,0.01754881122000363,-0.16308367552205,0.271689554001873,0.441,0.07868256897183751,-0.0042205804167450124,-0.005601365965936704,0,,0.5271084337349398,332,0.5262054507337526,477
nuScenes,mono,plan_fde,JC_fde,24,752,178,primary,gate_ridge,quota,0.5,True,,0.15591130559298666,-0.2677112938645512,0.4216918976704176,-0.00992808126032126,-0.2229613233382443,0.23088059556856141,0.1119485560625808,-0.3749792902345799,0.4211213142779994,-0.0601761896604919,-0.27718509710990963,0.17365549689694323,0.043962749530405854,-0.22601334703730355,0.3768748683238156,0.368,0.07868256897183751,0.012267502055809407,0.008808399983691633,0,,0.5271084337349398,332,0.5262054507337526,477
nuScenes,mono,plan_fde,JC_fde,24,752,178,primary,gate_gbm,quota,0.1,True,,-0.07906025729083098,-0.2309295018395323,0.02519572793559929,-0.10468069878772522,-0.2245918962615908,0.02105213184215339,-0.08625643271832559,-0.22296848223128346,0.13416472458443657,-0.08734115385047192,-0.2117152702318226,0.10039867179644749,0.007196175427494608,-0.17768215977835325,0.1618248586247074,0.631,0.07645239608367893,-0.006044346104876175,-0.00659451095894663,0,,0.5271084337349398,332,0.5262054507337526,477
nuScenes,mono,plan_fde,JC_fde,24,752,178,primary,gate_gbm,quota,0.2,True,,-0.03966268572963357,-0.25912557440039474,0.2674765135525663,-0.07493838712962503,-0.24235654194178505,0.20793690636281764,-0.026234450831047723,-0.36841415653472503,0.2039112288209774,-0.0902823929667529,-0.31950894681920883,0.11492173330555355,-0.013428234898585849,-0.20067987071576582,0.3031922946999172,0.497,0.07868256897183751,-0.0031207620055302087,-0.0020641939869521925,0,,0.5271084337349398,332,0.5262054507337526,477
nuScenes,mono,plan_fde,JC_fde,24,752,178,primary,gate_gbm,quota,0.3,True,,0.09268219616651728,-0.17266300252073288,0.3280212165203426,0.004467873780943026,-0.1949751529987818,0.25591444377471523,0.04729611210676723,-0.3612877096366359,0.3556056925478997,-0.060349794167017135,-0.29956705133256517,0.23251255958007663,0.04538608405975005,-0.20582098096471746,0.37716291725328993,0.353,0.07868256897183751,0.00729247329233337,0.0037213796029404713,0,,0.5271084337349398,332,0.5262054507337526,477
nuScenes,mono,plan_fde,JC_fde,24,752,178,primary,gate_gbm,quota,0.5,True,,0.30250513960542574,-0.13092398888334694,0.5518779777897479,0.1347498443875503,-0.04656848699172496,0.3275732382075175,0.3161783370693239,-0.3117466716163482,0.6193214336280431,0.1176717406083784,-0.1894276897036202,0.3313723407688585,-0.013673197463898168,-0.20505373825436515,0.3346143974784414,0.485,0.07868256897183751,0.023801881511339246,0.024877723813857968,0,,0.5271084337349398,332,0.5262054507337526,477
nuScenes,mono,plan_fde,JC_fde,24,752,178,primary,R1_mlp_reg,quota,0.1,True,,0.17042584555989113,0.0026410571482869873,0.2642021907463677,0.11214305238845101,-0.022677715110644366,0.2225746839014743,-0.005268468323982403,-0.14140402555524523,0.09068233666003714,-0.05092842767198164,-0.12923880391860815,0.044603088918917955,0.17569431388387352,0.009318341005476422,0.29070546700871797,0.017,0.07645239608367893,0.01302946424764069,-0.0004027870270594187,0,,0.5271084337349398,332,0.5262054507337526,477
nuScenes,mono,plan_fde,JC_fde,24,752,178,primary,R1_mlp_reg,quota,0.2,True,,0.16550149368443937,-0.17750866786246577,0.3647996492234173,0.08933383418582919,-0.1370263143268553,0.24228719225543094,0.0014444216748279223,-0.21691216909697578,0.12100535873910966,-0.08030856881599334,-0.18698805972320331,0.01304156448491165,0.16405707200961145,-0.027967150420820003,0.3053930199154475,0.037,0.07868256897183751,0.01302208269176803,0.00011365080805406504,0,,0.5271084337349398,332,0.5262054507337526,477
nuScenes,mono,plan_fde,JC_fde,24,752,178,primary,R1_mlp_reg,quota,0.3,True,,0.12340656035265463,-0.3136498484586911,0.35546940926094234,0.0019944199498353483,-0.22579148658374437,0.1790621397426384,-0.016312853319677925,-0.299567528861838,0.21540406636830142,-0.1043473709739308,-0.2581878938812712,0.07300415032662666,0.13971941367233254,-0.1520155210750665,0.26278131560534274,0.155,0.07868256897183751,0.009709945196524976,-0.0012835372064530267,0,,0.5271084337349398,332,0.5262054507337526,477
nuScenes,mono,plan_fde,JC_fde,24,752,178,primary,R1_mlp_reg,quota,0.5,True,,0.12761068210123974,-0.34569865038967323,0.3865861765395604,-0.04943598202702415,-0.23335935371230332,0.12059228597772452,0.057412627250492,-0.2881159467178445,0.24296569437937027,-0.11843156179158097,-0.2635862605448584,0.07564791256167662,0.07019805485074773,-0.15514914027919804,0.23212232885275683,0.195,0.07868256897183751,0.010040736295974026,0.004517373003491235,0,,0.5271084337349398,332,0.5262054507337526,477
nuScenes,mono,plan_fde,JC_fde,24,752,178,primary,R1_mlp_clf,quota,0.1,True,,0.06726314362487643,-0.04693353320606929,0.15118962378053385,0.03576978423235908,-0.049957279672357795,0.13534512701567875,0.016109982628055658,-0.3582825161687509,0.20743447678140048,-0.08562548281232103,-0.3320955181991341,0.14419297938147774,0.05115316099682077,-0.11860333363189479,0.4000701040986142,0.219,0.07645239608367893,0.005142428498242436,0.001231646772781298,0,,0.5271084337349398,332,0.5262054507337526,477
nuScenes,mono,plan_fde,JC_fde,24,752,178,primary,R1_mlp_clf,quota,0.2,True,,0.11421619310145305,-0.10366326366517155,0.25904704977308673,0.05282288884483728,-0.06942838456708236,0.16014621247168437,-0.0314495902744492,-0.40738140717695465,0.18740079611440336,-0.11320365528117202,-0.35822260729921834,0.06993810914176896,0.14566578337590225,-0.006782502632411237,0.39772283087744903,0.034,0.07868256897183751,0.00898682349140579,-0.002474534555905379,0,,0.5271084337349398,332,0.5262054507337526,477
nuScenes,mono,plan_fde,JC_fde,24,752,178,primary,R1_mlp_clf,quota,0.3,True,,0.1968122349700922,-0.12959646942912023,0.3578072066235237,0.07657488732642469,-0.06575449538050064,0.18760331031432662,0.01002082997625837,-0.3517256838667333,0.22953922390229595,-0.10049271518152199,-0.30516928847750524,0.08712961376885199,0.18679140499383384,-0.0382023132459564,0.3687836523656472,0.045,0.07868256897183751,0.015485692252535769,0.0007884646457620059,0,,0.5271084337349398,332,0.5262054507337526,477
nuScenes,mono,plan_fde,JC_fde,24,752,178,primary,R1_mlp_clf,quota,0.5,True,,0.11732055754765137,-0.3463128628228299,0.42255208552648316,-0.02179650697219193,-0.23686411480603184,0.21232688856012408,0.17035461933273705,-0.2698130798236616,0.4123822276461708,-0.009008177296006867,-0.2011611796738243,0.19360539702019997,-0.05303406178508567,-0.2960068271853989,0.28714698507845215,0.561,0.07868256897183751,0.009231082861057512,0.013403939085319207,0,,0.5271084337349398,332,0.5262054507337526,477
nuScenes,mono,plan_fde,JC_fde,24,752,178,primary,R1_gbm_reg,quota,0.1,True,,0.03516177235982171,-0.2241100831850211,0.2028580720549057,-0.002415186712435032,-0.21479635878888415,0.15695168944358667,-0.07027725847565959,-0.3057874848879245,0.13357950451893716,-0.09340201714325205,-0.2961013215084163,0.11128515900291719,0.1054390308354813,-0.07203847046977968,0.22808829947267,0.11,0.07645239608367893,0.002688201747457243,-0.0053728648006562095,0,,0.5271084337349398,332,0.5262054507337526,477
nuScenes,mono,plan_fde,JC_fde,24,752,178,primary,R1_gbm_reg,quota,0.2,True,,0.034216223502314944,-0.3590766916909162,0.2261233502299092,-0.06823164708761334,-0.31209030552278577,0.103363693878003,0.0698030649964874,-0.2694108143638322,0.2556347356361217,-0.009749358228379844,-0.23678462739364559,0.16853579419897347,-0.03558684149417246,-0.2922149640178149,0.13199367034855727,0.698,0.07868256897183751,0.0026922203656767033,0.0054922844760317766,0,,0.5271084337349398,332,0.5262054507337526,477
nuScenes,mono,plan_fde,JC_fde,24,752,178,primary,R1_gbm_reg,quota,0.3,True,,0.014935849873105712,-0.45873517445062484,0.27307509435528615,-0.11632563084114274,-0.3825519078280312,0.08899140987327353,0.16390207383432895,-0.25508816886013247,0.40336629978831845,0.03835567040930157,-0.19841516056676936,0.25573137840972904,-0.14896622396122325,-0.4319902970169032,0.06338125990665007,0.925,0.07868256897183751,0.0011751910377936507,0.01289623622909679,0,,0.5271084337349398,332,0.5262054507337526,477
nuScenes,mono,plan_fde,JC_fde,24,752,178,primary,R1_gbm_reg,quota,0.5,True,,0.10072282219214125,-0.3601764339836463,0.35820172672348066,-0.08572849555459935,-0.26315643465244615,0.06465714546167985,0.20116416084038743,-0.39431041451571086,0.4872643608867486,-0.0032124793279727656,-0.28074690250906714,0.21064595030060146,-0.10044133864824618,-0.27110786522456765,0.14580661834247907,0.822,0.07868256897183751,0.007925130404171279,0.0158281129599856,0,,0.5271084337349398,332,0.5262054507337526,477
nuScenes,mono,plan_fde,JC_fde,24,752,178,primary,R1_gbm_clf,quota,0.1,True,,0.015040682357135899,-0.29307920487223255,0.20892560460738635,-0.050461605515352066,-0.2774896436609588,0.16059433654402405,-0.0374694929295101,-0.22407811000461567,0.10729877636074356,-0.06719984436401114,-0.20748318099598853,0.05728976473226405,0.052510175286646,-0.144891610738553,0.1593755229811589,0.389,0.07645239608367893,0.0011498962049365554,-0.002864632514501513,0,,0.5271084337349398,332,0.5262054507337526,477
nuScenes,mono,plan_fde,JC_fde,24,752,178,primary,R1_gbm_clf,quota,0.2,True,,0.017543014222165716,-0.4635517681057534,0.2910329980066739,-0.08628773454490084,-0.408359439323809,0.17681776425505308,0.14398678467191067,-0.18747301586349613,0.2963811015015324,0.038691704689275866,-0.13862438888098957,0.18891715550663238,-0.12644377044974495,-0.37289637264269143,0.0783290174129663,0.85,0.07868256897183751,0.0013803294265094803,0.011329250115980728,0,,0.5271084337349398,332,0.5262054507337526,477
nuScenes,mono,plan_fde,JC_fde,24,752,178,primary,R1_gbm_clf,quota,0.3,True,,0.02946193241090585,-0.5653405328271737,0.41281038004552373,-0.11142090116725953,-0.48440343079131365,0.22491388030915993,0.10384432703821109,-0.32682640126998924,0.33359237353827403,-0.007297112606893657,-0.2443325608690341,0.16287239491424468,-0.07438239462730524,-0.3973068211361811,0.15425739962383583,0.731,0.07868256897183751,0.0023181405289647147,0.008170738424518095,0,,0.5271084337349398,332,0.5262054507337526,477
nuScenes,mono,plan_fde,JC_fde,24,752,178,primary,R1_gbm_clf,quota,0.5,True,,0.14915242764337278,-0.5587993095544849,0.5487947417889689,-0.06727928589637819,-0.4534951470987312,0.24163242400292248,0.010057357651407884,-0.5810818166771984,0.4318263157976627,-0.1423943342136968,-0.45591164570430376,0.16642408003223386,0.1390950699919649,-0.191880993112852,0.23167946501619566,0.196,0.07868256897183751,0.011735696175366682,0.0007913387370813385,0,,0.5271084337349398,332,0.5262054507337526,477
nuScenes,mono,plan_fde,JC_fde,24,752,178,primary,gate_ridge,budget_ms_20,0.2,True,,0.0,0.0,0.0,-0.05482797224886569,-0.13414210847018876,0.07914545802461416,0.0,0.0,0.0,-0.05482797224886569,-0.13414210847018876,0.07914545802461416,0.0,0.0,0.0,1.0,0.07868256897183751,0.0,0.0,0,0.0,0.5271084337349398,332,0.5262054507337526,477
nuScenes,mono,plan_fde,JC_fde,24,752,178,primary,gate_gbm,budget_ms_20,0.2,True,,0.0,0.0,0.0,-0.05482797224886569,-0.13414210847018876,0.07914545802461416,0.0,0.0,0.0,-0.05482797224886569,-0.13414210847018876,0.07914545802461416,0.0,0.0,0.0,1.0,0.07868256897183751,0.0,0.0,0,0.0,0.5271084337349398,332,0.5262054507337526,477
nuScenes,mono,plan_fde,JC_fde,24,752,178,primary,R1_mlp_reg,budget_ms_20,0.2,True,,0.17748718549263695,-0.13061316803436462,0.32826192955285977,0.0938968061492267,-0.09936502691298356,0.2219448584468066,0.00482153801270833,-0.2004490838302014,0.11968352201181129,-0.07495682535136805,-0.16430219043436836,0.013739968634472454,0.17266564747992863,-0.009619152557507046,0.29927163557014674,0.031,0.07868256897183751,0.013965147714141724,0.00037937099723525956,0,0.16645221467687044,0.5271084337349398,332,0.5262054507337526,477
nuScenes,mono,plan_fde,JC_fde,24,752,178,primary,R1_mlp_clf,budget_ms_20,0.2,True,,0.1251054452424611,-0.07411509392263695,0.23473514848109245,0.05415437832128981,-0.050705660712803094,0.15728973539224625,-0.013907760612243877,-0.3989466162220101,0.1916923179271811,-0.10355989245193811,-0.3520907224739083,0.07445697250820214,0.13901320585470497,-0.011926061890122347,0.4078160478495782,0.043,0.07868256897183751,0.009843617824042385,-0.0010942983336166838,0,0.16645221467687044,0.5271084337349398,332,0.5262054507337526,477
nuScenes,mono,plan_fde,JC_fde,24,752,178,primary,R1_gbm_reg,budget_ms_20,0.2,True,,0.0,0.0,0.0,-0.05482797224886569,-0.13414210847018876,0.07914545802461416,0.0,0.0,0.0,-0.05482797224886569,-0.13414210847018876,0.07914545802461416,0.0,0.0,0.0,1.0,0.07868256897183751,0.0,0.0,0,0.0,0.5271084337349398,332,0.5262054507337526,477
nuScenes,mono,plan_fde,JC_fde,24,752,178,primary,R1_gbm_clf,budget_ms_20,0.2,True,,0.0,0.0,0.0,-0.05482797224886569,-0.13414210847018876,0.07914545802461416,0.0,0.0,0.0,-0.05482797224886569,-0.13414210847018876,0.07914545802461416,0.0,0.0,0.0,1.0,0.07868256897183751,0.0,0.0,0,0.0,0.5271084337349398,332,0.5262054507337526,477
nuScenes,mono,plan_fde,JC_fde,24,752,178,primary,gate_gbm_batched,budget_ms_20,0.2,True,,0.001441898762776398,-0.015066491286816044,0.02625274142265429,-0.05190079788591633,-0.1308225857283263,0.0875372588319616,0.009761767000825467,-0.05104216985694481,0.027006135212560105,-0.05290072172932953,-0.13894396543294865,0.07989590793529112,-0.00831986823804907,-0.030833000773268806,0.05267319021958459,0.544,0.07868256897183751,0.00011345229885256112,0.0007680809053294572,0,0.0172835013923785,0.5271084337349398,332,0.5262054507337526,477
nuScenes,mono,plan_fde,JC_fde,24,752,178,dE_exact,gate_ridge,quota,0.1,True,,-0.024753373341244014,-0.11746649050688059,0.04766787925159896,-0.05781856833705393,-0.14684291964492752,0.06128019211130409,-0.030329906086356304,-0.14603457954588797,0.1359693427335353,-0.045994006837169144,-0.15081666482260497,0.10942401641693374,0.00557653274511229,-0.16430369332343772,0.13856872993624095,0.547,0.07645239608367893,-0.0018924547030919664,-0.0023187939932948964,0,,0.45098039215686275,204,0.4901315789473684,304
nuScenes,mono,plan_fde,JC_fde,24,752,178,dE_exact,gate_ridge,quota,0.2,True,,-0.06447427028240947,-0.16771124161563147,-0.00526157878991718,-0.12536409611517635,-0.2147713498417151,6.076705059573158e-05,0.04792832296911316,-0.18273852150374637,0.19148923749646493,-0.029644239070337444,-0.1639853731636301,0.09376552318598674,-0.11240259325152263,-0.25354799671045186,0.10700257123794452,0.865,0.07868256897183751,-0.005073001218404576,0.00377112357772175,0,,0.45098039215686275,204,0.4901315789473684,304
nuScenes,mono,plan_fde,JC_fde,24,752,178,dE_exact,gate_ridge,quota,0.3,True,,-0.05364060263786844,-0.24441290604167468,0.03987542452021296,-0.15310556679442786,-0.28747055270429384,0.03889126766401802,0.07885436857036081,-0.2627663536859103,0.34206520312806393,-0.009607501989301903,-0.1770289799743447,0.16219377996138468,-0.13249497120822926,-0.3901094551941085,0.13099007748331415,0.877,0.07868256897183751,-0.0042205804167450124,0.00620446429376811,0,,0.45098039215686275,204,0.4901315789473684,304
nuScenes,mono,plan_fde,JC_fde,24,752,178,dE_exact,gate_ridge,quota,0.5,True,,0.15591130559298666,-0.2677112938645512,0.4216918976704176,-0.00992808126032126,-0.2229613233382443,0.23088059556856141,0.2651043168206904,-0.3153738965908883,0.5058941718846742,0.0429934954197875,-0.16221254941074092,0.20908851901485825,-0.10919301122770375,-0.38312933109450004,0.34448628904750717,0.632,0.07868256897183751,0.012267502055809407,0.020859088692975834,0,,0.45098039215686275,204,0.4901315789473684,304
nuScenes,mono,plan_fde,JC_fde,24,752,178,dE_exact,gate_gbm,quota,0.1,True,,-0.07906025729083098,-0.2309295018395323,0.02519572793559929,-0.10468069878772522,-0.2245918962615908,0.02105213184215339,0.04721067412819482,-0.07334037879449633,0.1471687090805759,0.016243243179438174,-0.06937570422702838,0.11089242064519385,-0.1262709314190258,-0.26900140493791513,0.04802376497726036,0.937,0.07645239608367893,-0.006044346104876175,0.0036093691578262437,0,,0.45098039215686275,204,0.4901315789473684,304
nuScenes,mono,plan_fde,JC_fde,24,752,178,dE_exact,gate_gbm,quota,0.2,True,,-0.03966268572963357,-0.25912557440039474,0.2674765135525663,-0.07493838712962503,-0.24235654194178505,0.20793690636281764,0.11161000114689325,-0.1126846057781634,0.21639598312435665,0.024550958225546836,-0.116774534298952,0.16571479305880477,-0.1512726868765268,-0.3556231556793158,0.25713949769219135,0.767,0.07868256897183751,-0.0031207620055302087,0.008781761613187292,0,,0.45098039215686275,204,0.4901315789473684,304
nuScenes,mono,plan_fde,JC_fde,24,752,178,dE_exact,gate_gbm,quota,0.3,True,,0.09268219616651728,-0.17266300252073288,0.3280212165203426,0.004467873780943026,-0.1949751529987818,0.25591444377471523,0.07577519375914447,-0.2959077720062645,0.2969920469174043,-0.031696408004985084,-0.24222581475048652,0.14746465468867523,0.016907002407372806,-0.2577065994458455,0.3993120139344484,0.451,0.07868256897183751,0.00729247329233337,0.005962186909308236,0,,0.45098039215686275,204,0.4901315789473684,304
nuScenes,mono,plan_fde,JC_fde,24,752,178,dE_exact,gate_gbm,quota,0.5,True,,0.30250513960542574,-0.13092398888334694,0.5518779777897479,0.1347498443875503,-0.04656848699172496,0.3275732382075175,0.3151290415819905,-0.3106509562102875,0.6221134218795965,0.08884351870415491,-0.18036591982629005,0.319497395842509,-0.012623901976564766,-0.2699055607535849,0.455522341881816,0.419,0.07868256897183751,0.023801881511339246,0.024795162549304018,0,,0.45098039215686275,204,0.4901315789473684,304
nuScenes,mono,plan_fde,JC_fde,24,752,178,dE_exact,R1_mlp_reg,quota,0.1,True,,0.17042584555989113,0.0026410571482869873,0.2642021907463677,0.11214305238845101,-0.022677715110644366,0.2225746839014743,0.06641715178143778,-0.07850512964085088,0.15500289587518876,0.021688923186520118,-0.07491852781314066,0.11187055437564583,0.10400869377845334,-0.056253190785551806,0.21063309679645545,0.083,0.07645239608367893,0.01302946424764069,0.005077750394744303,0,,0.45098039215686275,204,0.4901315789473684,304
nuScenes,mono,plan_fde,JC_fde,24,752,178,dE_exact,R1_mlp_reg,quota,0.2,True,,0.16550149368443937,-0.17750866786246577,0.3647996492234173,0.08933383418582919,-0.1370263143268553,0.24228719225543094,0.06276467322912418,-0.2040825053836053,0.20684015960763769,-0.043348451154335,-0.19476223521801667,0.10308945972580309,0.10273682045531518,-0.060953972956627946,0.2901753921047262,0.067,0.07868256897183751,0.01302208269176803,0.004938485730345407,0,,0.45098039215686275,204,0.4901315789473684,304
nuScenes,mono,plan_fde,JC_fde,24,752,178,dE_exact,R1_mlp_reg,quota,0.3,True,,0.12340656035265463,-0.3136498484586911,0.35546940926094234,0.0019944199498353483,-0.22579148658374437,0.1790621397426384,0.03242078850515816,-0.3221043470692691,0.24875013712691824,-0.08296278643345059,-0.2898649124839263,0.10871702218888057,0.09098577184749647,-0.1494253510029655,0.24973063198174814,0.152,0.07868256897183751,0.009709945196524976,0.0025509509276784633,0,,0.45098039215686275,204,0.4901315789473684,304
nuScenes,mono,plan_fde,JC_fde,24,752,178,dE_exact,R1_mlp_reg,quota,0.5,True,,0.12761068210123974,-0.34569865038967323,0.3865861765395604,-0.04943598202702415,-0.23335935371230332,0.12059228597772452,0.18624475760919273,-0.32101352924241533,0.5312213960481541,0.016331480916168286,-0.24305733520776635,0.2796956442483551,-0.05863407550795299,-0.3591432832982657,0.2086881739717551,0.678,0.07868256897183751,0.010040736295974026,0.014654215986228465,0,,0.45098039215686275,204,0.4901315789473684,304
nuScenes,mono,plan_fde,JC_fde,24,752,178,dE_exact,R1_mlp_clf,quota,0.1,True,,0.06726314362487643,-0.04693353320606929,0.15118962378053385,0.03576978423235908,-0.049957279672357795,0.13534512701567875,-0.09406386803513332,-0.2146190080332226,0.0025192405638399303,-0.11915396048534004,-0.2058562207132799,-0.030414084603468547,0.16132701166000973,0.03647994531687716,0.2882566557135102,0.005,0.07645239608367893,0.005142428498242436,-0.007191408096184918,0,,0.45098039215686275,204,0.4901315789473684,304
nuScenes,mono,plan_fde,JC_fde,24,752,178,dE_exact,R1_mlp_clf,quota,0.2,True,,0.11421619310145305,-0.10366326366517155,0.25904704977308673,0.05282288884483728,-0.06942838456708236,0.16014621247168437,-0.02574958990789604,-0.2896729225862714,0.11839583060496112,-0.12194401627024154,-0.2661359060772522,0.004726752903234663,0.1399657830093491,0.005191453787511373,0.36017389127664434,0.023,0.07868256897183751,0.00898682349140579,-0.002026043883924561,0,,0.45098039215686275,204,0.4901315789473684,304
nuScenes,mono,plan_fde,JC_fde,24,752,178,dE_exact,R1_mlp_clf,quota,0.3,True,,0.1968122349700922,-0.12959646942912023,0.3578072066235237,0.07657488732642469,-0.06575449538050064,0.18760331031432662,0.02414646957713597,-0.4849139700367068,0.3076002352167049,-0.14386710156441865,-0.4123001549056746,0.12979540755542104,0.17266576539295622,-0.010097787285687663,0.4939101689113359,0.035,0.07868256897183751,0.015485692252535769,0.0018999062579293771,0,,0.45098039215686275,204,0.4901315789473684,304
nuScenes,mono,plan_fde,JC_fde,24,752,178,dE_exact,R1_mlp_clf,quota,0.5,True,,0.11732055754765137,-0.3463128628228299,0.42255208552648316,-0.02179650697219193,-0.23686411480603184,0.21232688856012408,0.14107972735112878,-0.5003444313889454,0.4882814871116959,-0.05594785834842054,-0.3622197832705058,0.1956908556237882,-0.023759169803477406,-0.26194438890384325,0.47785630569742416,0.489,0.07868256897183751,0.009231082861057512,0.011100515377833221,0,,0.45098039215686275,204,0.4901315789473684,304
nuScenes,mono,plan_fde,JC_fde,24,752,178,dE_exact,R1_gbm_reg,quota,0.1,True,,0.03516177235982171,-0.2241100831850211,0.2028580720549057,-0.002415186712435032,-0.21479635878888415,0.15695168944358667,0.0011197014750721367,-0.07129606121980758,0.09288167470404632,-0.025761850107344785,-0.09264832756688048,0.08411496383229297,0.03404207088474957,-0.21697643611236034,0.2028262648174912,0.377,0.07645239608367893,0.002688201747457243,8.560386066769454e-05,0,,0.45098039215686275,204,0.4901315789473684,304
nuScenes,mono,plan_fde,JC_fde,24,752,178,dE_exact,R1_gbm_reg,quota,0.2,True,,0.034216223502314944,-0.3590766916909162,0.2261233502299092,-0.06823164708761334,-0.31209030552278577,0.103363693878003,-9.692813808954988e-05,-0.24230986959222786,0.21101431862221318,-0.06970851801190048,-0.21464679186607244,0.12322522621173357,0.03431315164040449,-0.2868660686927,0.18566418149701347,0.429,0.07868256897183751,0.0026922203656767033,-7.626554910542798e-06,0,,0.45098039215686275,204,0.4901315789473684,304
nuScenes,mono,plan_fde,JC_fde,24,752,178,dE_exact,R1_gbm_reg,quota,0.3,True,,0.014935849873105712,-0.45873517445062484,0.27307509435528615,-0.11632563084114274,-0.3825519078280312,0.08899140987327353,0.16606330870262342,-0.2264196593664603,0.4151464342288951,0.031723322505799505,-0.20252965188390748,0.2584442142031507,-0.15112745882951772,-0.5096883657309945,0.138114793646666,0.816,0.07868256897183751,0.0011751910377936507,0.013066287740685712,0,,0.45098039215686275,204,0.4901315789473684,304
nuScenes,mono,plan_fde,JC_fde,24,752,178,dE_exact,R1_gbm_reg,quota,0.5,True,,0.10072282219214125,-0.3601764339836463,0.35820172672348066,-0.08572849555459935,-0.26315643465244615,0.06465714546167985,0.32598567713047966,-0.22676765977886126,0.6394636604245854,0.13287122782824168,-0.10472828868502027,0.36470359464907176,-0.22526285493833842,-0.507873013288114,0.0671741335345036,0.949,0.07868256897183751,0.007925130404171279,0.02564939052465012,0,,0.45098039215686275,204,0.4901315789473684,304
nuScenes,mono,plan_fde,JC_fde,24,752,178,dE_exact,R1_gbm_clf,quota,0.1,True,,0.015040682357135899,-0.29307920487223255,0.20892560460738635,-0.050461605515352066,-0.2774896436609588,0.16059433654402405,0.07930348278528639,-0.19677784115042352,0.24809711117602246,0.008505624403652743,-0.17466833964215622,0.23356947006115528,-0.06426280042815048,-0.33677380592183875,0.1760136613475208,0.678,0.07645239608367893,0.0011498962049365554,0.0060629412767159285,0,,0.45098039215686275,204,0.4901315789473684,304
nuScenes,mono,plan_fde,JC_fde,24,752,178,dE_exact,R1_gbm_clf,quota,0.2,True,,0.017543014222165716,-0.4635517681057534,0.2910329980066739,-0.08628773454490084,-0.408359439323809,0.17681776425505308,0.2103104365999194,-0.0917525356243728,0.4233295249516807,0.1281832082342506,-0.06636922190211203,0.32940431561305056,-0.19276742237775368,-0.5066409790105038,0.07479167386135077,0.93,0.07868256897183751,0.0013803294265094803,0.01654776543327042,0,,0.45098039215686275,204,0.4901315789473684,304
nuScenes,mono,plan_fde,JC_fde,24,752,178,dE_exact,R1_gbm_clf,quota,0.3,True,,0.02946193241090585,-0.5653405328271737,0.41281038004552373,-0.11142090116725953,-0.48440343079131365,0.22491388030915993,0.3236298234949968,-0.076640311302614,0.510623570153712,0.18350069517445272,-0.01778576958615919,0.3419693844144797,-0.29416789108409097,-0.6004332115249301,-0.02189446832304611,0.984,0.07868256897183751,0.0023181405289647147,0.025464025908488685,0,,0.45098039215686275,204,0.4901315789473684,304
nuScenes,mono,plan_fde,JC_fde,24,752,178,dE_exact,R1_gbm_clf,quota,0.5,True,,0.14915242764337278,-0.5587993095544849,0.5487947417889689,-0.06727928589637819,-0.4534951470987312,0.24163242400292248,0.27576513948375164,-0.20179050594724254,0.6216070579431885,0.13522741405372898,-0.09955076718964043,0.3466685280502253,-0.12661271184037887,-0.5495261996046917,0.0851971144765079,0.909,0.07868256897183751,0.011735696175366682,0.02169790960745868,0,,0.45098039215686275,204,0.4901315789473684,304
nuScenes,mono,plan_fde,JC_fde,24,752,178,dE_E6_risk_weighted,gate_ridge,quota,0.1,True,,-0.024753373341244014,-0.11746649050688059,0.04766787925159896,-0.05781856833705393,-0.14684291964492752,0.06128019211130409,0.04758360999334795,-0.251843828535824,0.2491116922324178,0.00032411671238370666,-0.2325907013740411,0.18619696113369558,-0.07233698333459196,-0.28576339377931603,0.24586378124130034,0.703,0.07645239608367893,-0.0018924547030919664,0.0036378809983027404,0,,0.4869109947643979,191,0.5107913669064749,278
nuScenes,mono,plan_fde,JC_fde,24,752,178,dE_E6_risk_weighted,gate_ridge,quota,0.2,True,,-0.06447427028240947,-0.16771124161563147,-0.00526157878991718,-0.12536409611517635,-0.2147713498417151,6.076705059573158e-05,0.013041653181989013,-0.4522230558610277,0.28016028791144504,-0.09474891835709202,-0.4012350442696555,0.1544492816426264,-0.07751592346439848,-0.3322715288828493,0.3602620648179035,0.612,0.07868256897183751,-0.005073001218404576,0.0010261507759986347,0,,0.4869109947643979,191,0.5107913669064749,278
nuScenes,mono,plan_fde,JC_fde,24,752,178,dE_E6_risk_weighted,gate_ridge,quota,0.3,True,,-0.05364060263786844,-0.24441290604167468,0.03987542452021296,-0.15310556679442786,-0.28747055270429384,0.03889126766401802,0.06187492220805488,-0.4964747722860853,0.3911829760837788,-0.0834712068760946,-0.4011797763183386,0.20734645340672372,-0.11551552484592331,-0.43917895113664207,0.4086630105906513,0.646,0.07868256897183751,-0.0042205804167450124,0.004868477834262358,0,,0.4869109947643979,191,0.5107913669064749,278
nuScenes,mono,plan_fde,JC_fde,24,752,178,dE_E6_risk_weighted,gate_ridge,quota,0.5,True,,0.15591130559298666,-0.2677112938645512,0.4216918976704176,-0.00992808126032126,-0.2229613233382443,0.23088059556856141,0.1370445788895745,-0.4783111106130202,0.4585401052056319,-0.06208300452531132,-0.29172564349063834,0.13648353785918532,0.018866726703412162,-0.2775584489396448,0.4493925756797804,0.434,0.07868256897183751,0.012267502055809407,0.010783019530695373,0,,0.4869109947643979,191,0.5107913669064749,278
nuScenes,mono,plan_fde,JC_fde,24,752,178,dE_E6_risk_weighted,gate_gbm,quota,0.1,True,,-0.07906025729083098,-0.2309295018395323,0.02519572793559929,-0.10468069878772522,-0.2245918962615908,0.02105213184215339,0.0019715693566517275,-0.27045446782949617,0.16274239689431114,-0.02180080626994832,-0.2569514498869033,0.12261029745251158,-0.08103182664748271,-0.31486808114387943,0.21030560493095693,0.771,0.07645239608367893,-0.006044346104876175,0.0001507312013611819,0,,0.4869109947643979,191,0.5107913669064749,278
nuScenes,mono,plan_fde,JC_fde,24,752,178,dE_E6_risk_weighted,gate_gbm,quota,0.2,True,,-0.03966268572963357,-0.25912557440039474,0.2674765135525663,-0.07493838712962503,-0.24235654194178505,0.20793690636281764,0.04438751007095378,-0.3970823997007326,0.2833587683347928,-0.07387903155841806,-0.34322029637607876,0.15453790189735367,-0.08405019580058735,-0.30230109218973555,0.4529415233084299,0.574,0.07868256897183751,-0.0031207620055302087,0.003492523322645953,0,,0.4869109947643979,191,0.5107913669064749,278
nuScenes,mono,plan_fde,JC_fde,24,752,178,dE_E6_risk_weighted,gate_gbm,quota,0.3,True,,0.09268219616651728,-0.17266300252073288,0.3280212165203426,0.004467873780943026,-0.1949751529987818,0.25591444377471523,0.040715021558413424,-0.4326932859753816,0.3150256833093611,-0.1030446562766695,-0.3703011784990152,0.14326808635701943,0.05196717460810386,-0.28519253926445104,0.5803837497693278,0.346,0.07868256897183751,0.00729247329233337,0.0032035624919597152,0,,0.4869109947643979,191,0.5107913669064749,278
nuScenes,mono,plan_fde,JC_fde,24,752,178,dE_E6_risk_weighted,gate_gbm,quota,0.5,True,,0.30250513960542574,-0.13092398888334694,0.5518779777897479,0.1347498443875503,-0.04656848699172496,0.3275732382075175,0.15847092291558482,-0.4410276201077333,0.5236527284746959,-0.08017778527570825,-0.39866729674190937,0.2228268133872653,0.14403421668984093,-0.180240074093847,0.6907348395028897,0.164,0.07868256897183751,0.023801881511339246,0.012468899322336247,0,,0.4869109947643979,191,0.5107913669064749,278
nuScenes,mono,plan_fde,JC_fde,24,752,178,dE_E6_risk_weighted,R1_mlp_reg,quota,0.1,True,,0.17042584555989113,0.0026410571482869873,0.2642021907463677,0.11214305238845101,-0.022677715110644366,0.2225746839014743,0.08074672366141136,-0.12996089887513657,0.23965117216505558,0.04888488512157774,-0.12705957816062718,0.18694637398370623,0.08967912189847976,-0.036265949983938894,0.20983971651348318,0.134,0.07645239608367893,0.01302946424764069,0.006173280499821591,0,,0.4869109947643979,191,0.5107913669064749,278
nuScenes,mono,plan_fde,JC_fde,24,752,178,dE_E6_risk_weighted,R1_mlp_reg,quota,0.2,True,,0.16550149368443937,-0.17750866786246577,0.3647996492234173,0.08933383418582919,-0.1370263143268553,0.24228719225543094,0.15787472532211314,-0.20103683037570277,0.34572343572978115,0.04599829077750454,-0.159282075722939,0.23422585299812299,0.0076267683623262306,-0.07635667403615505,0.1977717826598023,0.265,0.07868256897183751,0.01302208269176803,0.012421988964067068,0,,0.4869109947643979,191,0.5107913669064749,278
nuScenes,mono,plan_fde,JC_fde,24,752,178,dE_E6_risk_weighted,R1_mlp_reg,quota,0.3,True,,0.12340656035265463,-0.3136498484586911,0.35546940926094234,0.0019944199498353483,-0.22579148658374437,0.1790621397426384,0.144432705418535,-0.29468151251125557,0.3919146137706643,0.0024655581178864754,-0.2441936688188944,0.22080487451041297,-0.02102614506588038,-0.17827255473839648,0.2255195120595853,0.536,0.07868256897183751,0.009709945196524976,0.01136433630588297,0,,0.4869109947643979,191,0.5107913669064749,278
nuScenes,mono,plan_fde,JC_fde,24,752,178,dE_E6_risk_weighted,R1_mlp_reg,quota,0.5,True,,0.12761068210123974,-0.34569865038967323,0.3865861765395604,-0.04943598202702415,-0.23335935371230332,0.12059228597772452,0.1633967776522084,-0.3742040981899175,0.4877904300723723,-0.035631248966482044,-0.2811449835276967,0.2030071429596984,-0.03578609555096865,-0.20252551285626844,0.23357586002440744,0.6,0.07868256897183751,0.010040736295974026,0.012856478227395884,0,,0.4869109947643979,191,0.5107913669064749,278
nuScenes,mono,plan_fde,JC_fde,24,752,178,dE_E6_risk_weighted,R1_mlp_clf,quota,0.1,True,,0.06726314362487643,-0.04693353320606929,0.15118962378053385,0.03576978423235908,-0.049957279672357795,0.13534512701567875,-0.009514864052460388,-0.17929085060249525,0.06344793770591382,-0.07141811309144024,-0.16608001214804116,0.022435554311511192,0.07677800767733681,-0.003910570442728794,0.24385131464395446,0.031,0.07645239608367893,0.005142428498242436,-0.00072743415522106,0,,0.4869109947643979,191,0.5107913669064749,278
nuScenes,mono,plan_fde,JC_fde,24,752,178,dE_E6_risk_weighted,R1_mlp_clf,quota,0.2,True,,0.11421619310145305,-0.10366326366517155,0.25904704977308673,0.05282288884483728,-0.06942838456708236,0.16014621247168437,0.0016310587826629556,-0.2812030434139282,0.18402557822555943,-0.10244460897326621,-0.2609936596734477,0.06936370580843529,0.1125851343187901,-0.032037585391149925,0.34165932318665126,0.069,0.07868256897183751,0.00898682349140579,0.00012833589516399933,0,,0.4869109947643979,191,0.5107913669064749,278
nuScenes,mono,plan_fde,JC_fde,24,752,178,dE_E6_risk_weighted,R1_mlp_clf,quota,0.3,True,,0.1968122349700922,-0.12959646942912023,0.3578072066235237,0.07657488732642469,-0.06575449538050064,0.18760331031432662,0.03686307470398236,-0.3537535134829309,0.29795903314892724,-0.0875301427629371,-0.3257652557980691,0.13409797345905322,0.15994916026610984,-0.026690337150170593,0.3803684932276838,0.039,0.07868256897183751,0.015485692252535769,0.0029004814179100905,0,,0.4869109947643979,191,0.5107913669064749,278
nuScenes,mono,plan_fde,JC_fde,24,752,178,dE_E6_risk_weighted,R1_mlp_clf,quota,0.5,True,,0.11732055754765137,-0.3463128628228299,0.42255208552648316,-0.02179650697219193,-0.23686411480603184,0.21232688856012408,0.1346055783584703,-0.5505320111333173,0.4734449041165776,-0.09692406128843922,-0.38802029364888707,0.15795029239443825,-0.017285020810818938,-0.17790822849077137,0.4882749364221556,0.382,0.07868256897183751,0.009231082861057512,0.010591112703184418,0,,0.4869109947643979,191,0.5107913669064749,278
nuScenes,mono,plan_fde,JC_fde,24,752,178,dE_E6_risk_weighted,R1_gbm_reg,quota,0.1,True,,0.03516177235982171,-0.2241100831850211,0.2028580720549057,-0.002415186712435032,-0.21479635878888415,0.15695168944358667,0.11927431905943077,-0.04657781187106221,0.306172810949495,0.10433424164927581,-0.05046417737355547,0.26570010596413,-0.08411254669960906,-0.42285201606199235,0.15963278962081823,0.79,0.07645239608367893,0.002688201747457243,0.009118807483342695,0,,0.4869109947643979,191,0.5107913669064749,278
nuScenes,mono,plan_fde,JC_fde,24,752,178,dE_E6_risk_weighted,R1_gbm_reg,quota,0.2,True,,0.034216223502314944,-0.3590766916909162,0.2261233502299092,-0.06823164708761334,-0.31209030552278577,0.103363693878003,0.238071454460594,-0.0806310640900817,0.410695863357562,0.11222386130056144,-0.08468057396192266,0.3044300539717657,-0.20385523095827907,-0.3800738290443647,0.04997571720998258,0.951,0.07868256897183751,0.0026922203656767033,0.01873207363582136,0,,0.4869109947643979,191,0.5107913669064749,278
nuScenes,mono,plan_fde,JC_fde,24,752,178,dE_E6_risk_weighted,R1_gbm_reg,quota,0.3,True,,0.014935849873105712,-0.45873517445062484,0.27307509435528615,-0.11632563084114274,-0.3825519078280312,0.08899140987327353,0.24934575418762647,-0.14522174290583975,0.5161545456095558,0.13566212044621084,-0.09791804735004198,0.34289523236558056,-0.23440990431452077,-0.42985028398933095,-0.10408350112173424,0.998,0.07868256897183751,0.0011751910377936507,0.01961916450170276,0,,0.4869109947643979,191,0.5107913669064749,278
nuScenes,mono,plan_fde,JC_fde,24,752,178,dE_E6_risk_weighted,R1_gbm_reg,quota,0.5,True,,0.10072282219214125,-0.3601764339836463,0.35820172672348066,-0.08572849555459935,-0.26315643465244615,0.06465714546167985,0.34361091624148754,-0.24802821846743034,0.6450170707926343,0.129079945301032,-0.12174038330402107,0.36984203829121304,-0.2428880940493463,-0.4586910163107,0.043264270016090324,0.96,0.07868256897183751,0.007925130404171279,0.027036189616647124,0,,0.4869109947643979,191,0.5107913669064749,278
nuScenes,mono,plan_fde,JC_fde,24,752,178,dE_E6_risk_weighted,R1_gbm_clf,quota,0.1,True,,0.015040682357135899,-0.29307920487223255,0.20892560460738635,-0.050461605515352066,-0.2774896436609588,0.16059433654402405,0.126581145303253,-0.04336976145700883,0.2627273572498626,0.08499461600900468,-0.0345535942714549,0.20794837078437964,-0.11154046294611711,-0.32995309803022754,0.04232453701597113,0.917,0.07645239608367893,0.0011498962049365554,0.009677431857450014,0,,0.4869109947643979,191,0.5107913669064749,278
nuScenes,mono,plan_fde,JC_fde,24,752,178,dE_E6_risk_weighted,R1_gbm_clf,quota,0.2,True,,0.017543014222165716,-0.4635517681057534,0.2910329980066739,-0.08628773454490084,-0.408359439323809,0.17681776425505308,0.1785834772682889,-0.14835081739149006,0.34199929416412983,0.09543073054029516,-0.09150773871914478,0.22680869419429556,-0.16104046304612318,-0.47437528108336224,0.07390968597837151,0.928,0.07868256897183751,0.0013803294265094803,0.014051406767392718,0,,0.4869109947643979,191,0.5107913669064749,278
nuScenes,mono,plan_fde,JC_fde,24,752,178,dE_E6_risk_weighted,R1_gbm_clf,quota,0.3,True,,0.02946193241090585,-0.5653405328271737,0.41281038004552373,-0.11142090116725953,-0.48440343079131365,0.22491388030915993,0.20685286258673344,-0.12977781192253227,0.38175429930133037,0.08826491941643198,-0.07800061481910765,0.21120687537038252,-0.17739093017582758,-0.5556506043617319,0.08389056683446472,0.891,0.07868256897183751,0.0023181405289647147,0.01627571462750268,0,,0.4869109947643979,191,0.5107913669064749,278
nuScenes,mono,plan_fde,JC_fde,24,752,178,dE_E6_risk_weighted,R1_gbm_clf,quota,0.5,True,,0.14915242764337278,-0.5587993095544849,0.5487947417889689,-0.06727928589637819,-0.4534951470987312,0.24163242400292248,0.23891158488960337,-0.3528550945386925,0.5066068665880898,0.0260845852986066,-0.18694152230054803,0.21991229156029257,-0.0897591572462306,-0.4241739785862253,0.14739634720184847,0.716,0.07868256897183751,0.011735696175366682,0.018798177256247228,0,,0.4869109947643979,191,0.5107913669064749,278
KITTI,oracle,brake,J,6,3536,888,primary,gate_ridge,quota,0.1,True,,0.05873106624552544,0.007394394760781472,0.24533061510440865,0.018469712408085186,-0.08653069840761564,0.16019384995669583,0.011379267790350594,-0.044213255999645235,0.08292904355789806,-0.0567771007662306,-0.11119044889776394,0.0170937947592068,0.04735179845517484,-0.039944722012963334,0.2534410946134472,0.11770623742454728,0.3982363668357314,0.02338884644200671,0.004531638262080082,6,,0.8257309941520468,855,0.8288100208768268,958
KITTI,oracle,brake,J,6,3536,888,primary,gate_ridge,quota,0.2,True,,0.23358204690953963,0.021533548952318352,0.2992823308633362,0.05572942389337264,-0.09168156994995458,0.22221882607994772,0.13865882188229078,-0.04124105954620786,0.2520101576278239,-0.012696051402912587,-0.11320872322734249,0.11799733926616923,0.09492322502724884,-0.14448059951532613,0.2936651001978906,0.27895266868076535,0.4033493476259723,0.09421516623810207,0.05592794534880788,7,,0.8257309941520468,855,0.8288100208768268,958
KITTI,oracle,brake,J,6,3536,888,primary,gate_ridge,quota,0.3,True,,0.27863214050644164,0.002136887462507833,0.46258305281767226,0.06951794412824895,-0.09569748970042614,0.3628931063372827,0.2617281386555342,-0.04066413010147214,0.3889087969649383,0.04178235343790834,-0.11357843780023733,0.16918223767622442,0.016904001850907457,-0.16878239850807025,0.29404272650881536,0.48539778449144005,0.4033493476259723,0.11238609210090149,0.10556787398206974,7,,0.8257309941520468,855,0.8288100208768268,958
KITTI,oracle,brake,J,6,3536,888,primary,gate_ridge,quota,0.5,True,,0.26654905463147943,-0.028508708529839284,0.607065719810604,-0.018492134558805513,-0.19047116446640616,0.3722334752456643,0.40992572990337145,-0.020049191424556797,0.5751606592880165,0.05871537464226549,-0.14064472721730992,0.2064327301898104,-0.14337667527189202,-0.3196744609504081,0.2505818615167007,0.716012084592145,0.4033493476259723,0.10751238729592688,0.1653432757316254,7,,0.8257309941520468,855,0.8288100208768268,958
KITTI,oracle,brake,J,6,3536,888,primary,gate_gbm,quota,0.1,True,,0.07823735273260969,0.026907994297546315,0.2900060407004339,0.05154215007309199,-0.060580445494317604,0.2279228375013389,0.03371766744792489,-0.025672086986167592,0.06302746791823127,-0.043811866237069126,-0.09664041308208701,0.010792694320733816,0.0445196852846848,-0.006208335299693581,0.2709038915040413,0.03822937625754527,0.3982363668357314,0.031156959103080063,0.013427601382637017,6,,0.8257309941520468,855,0.8288100208768268,958
KITTI,oracle,brake,J,6,3536,888,primary,gate_gbm,quota,0.2,True,,0.2013597056903986,0.10126493060219531,0.45954843142215834,0.09800909753084769,-0.06084969245027831,0.28294525655311065,0.08947647406530394,0.0059386952306446006,0.1680197781823317,-0.038601468098006006,-0.11588537228851667,0.06982808503954697,0.11188323162509466,-0.009607686474166696,0.39355692928087205,0.04934541792547835,0.4033493476259723,0.08121830592838006,0.03609027744211257,7,,0.8257309941520468,855,0.8288100208768268,958
KITTI,oracle,brake,J,6,3536,888,primary,gate_gbm,quota,0.3,True,,0.37693452516508624,0.18330540313637156,0.5929185737730005,0.19996354727595084,-0.027531315181318405,0.4028387318489106,0.11923451530896416,-0.008820019919727567,0.23464393822670399,-0.06096692042587427,-0.14599627667685025,0.0951027874331642,0.25770000985612207,0.04004381418086114,0.5069265664099687,0.004028197381671702,0.4033493476259723,0.15203629482304318,0.0480931639643697,7,,0.8257309941520468,855,0.8288100208768268,958
KITTI,oracle,brake,J,6,3536,888,primary,gate_gbm,quota,0.5,True,,0.6311644506614923,0.31919723276278594,0.7591888446862057,0.2968105119768304,0.19955437743130655,0.3562809206418692,0.2295112081576434,-0.0538947980903847,0.37914169940028136,-0.08033538400594879,-0.2050907047250803,0.11190563587862223,0.40165324250384893,0.1983688902150044,0.524539937160314,0.0,0.4033493476259723,0.2545797694190181,0.0925731960832342,7,,0.8257309941520468,855,0.8288100208768268,958
KITTI,oracle,brake,J,6,3536,888,primary,R1_mlp_reg,quota,0.1,True,,0.09618746876223509,-0.030887557776101474,0.3018975444288698,0.04463350241896064,-0.04483770699474813,0.193434999246358,-0.011425120923569338,-0.10990514510887332,0.0886681553851907,-0.08067625088426253,-0.13676326898799535,-0.04440266667852006,0.10761258968580444,0.028116824608878516,0.27837438294834793,0.004024144869215292,0.3982363668357314,0.03830534809499791,-0.004549898647261149,6,,0.8257309941520468,855,0.8288100208768268,958
KITTI,oracle,brake,J,6,3536,888,primary,R1_mlp_reg,quota,0.2,True,,0.2385842173630035,0.02169205646409322,0.4157256541256777,0.10175476256628575,-0.008845317041083772,0.261190786068473,0.031187204831137585,-0.08595291147467786,0.17834601093004857,-0.08410932334890553,-0.15810753117058265,0.005848552907122079,0.20739701253186593,-0.0026006886566624977,0.35865684886614463,0.03323262839879154,0.4033493476259723,0.09623278842722063,0.012579338722916916,7,,0.8257309941520468,855,0.8288100208768268,958
KITTI,oracle,brake,J,6,3536,888,primary,R1_mlp_reg,quota,0.3,True,,0.40667847621066816,0.03567279165375544,0.529701991717898,0.15829880009543223,-0.036105380619715105,0.2911551588239525,0.12225717844660844,-0.09722703467860896,0.2936971246983155,-0.06830001314490049,-0.18184693842894234,0.04391218751032355,0.2844212977640597,-0.015624443712140834,0.3447978984113117,0.03625377643504532,0.4033493476259723,0.1640334980730975,0.0493123531690316,7,,0.8257309941520468,855,0.8288100208768268,958
KITTI,oracle,brake,J,6,3536,888,primary,R1_mlp_reg,quota,0.5,True,,0.5078170811873821,-0.03393658068378146,0.7153048621881573,0.14944724141021612,-0.13379069616470238,0.30172621796072707,0.3297495075192222,-0.11323070205566726,0.5092185684115357,-0.010047910448473559,-0.2398824026741127,0.08968865938850441,0.1780675736681599,0.057306492008045114,0.26096206611757045,0.00906344410876133,0.4033493476259723,0.20482768841025598,0.13300424873786393,7,,0.8257309941520468,855,0.8288100208768268,958
KITTI,oracle,brake,J,6,3536,888,primary,R1_mlp_clf,quota,0.1,True,,0.1754526445711225,0.04996639291690636,0.31115493167991554,0.10720144796779284,0.013209000075518224,0.20877157826921322,0.1010629304249908,-0.0569911967247553,0.20247155428298852,0.023989124347683858,-0.09695094836918344,0.17991251738291764,0.0743897141461317,-0.15093881031062256,0.24238146800061472,0.2283702213279678,0.3982363668357314,0.06987162372572474,0.040246934234220634,6,,0.8257309941520468,855,0.8288100208768268,958
KITTI,oracle,brake,J,6,3536,888,primary,R1_mlp_clf,quota,0.2,True,,0.2944599313668216,0.04400957715959134,0.42256490269365915,0.15444901574054876,0.0013310654420723475,0.2728419297637014,0.11895722080084105,-0.0987973426821126,0.3353449253878915,0.0119398963743997,-0.158792915591763,0.2772351311867514,0.17550271056598055,-0.2855962136803936,0.3422310735715544,0.11983887210473314,0.4033493476259723,0.11877022121879606,0.04798131740541798,7,,0.8257309941520468,855,0.8288100208768268,958
KITTI,oracle,brake,J,6,3536,888,primary,R1_mlp_clf,quota,0.3,True,,0.3938023647101328,0.060762824738894904,0.5527053866821796,0.18055302725821754,-0.005361393726165886,0.32116801107796,0.18632870458623324,0.0017910409546726827,0.3074741803040982,0.01165168856249742,-0.08311942154288789,0.20702339137335474,0.20747366012389956,-0.2074541726028977,0.36618169804063044,0.08761329305135952,0.4033493476259723,0.15883992689939727,0.07515556143884969,7,,0.8257309941520468,855,0.8288100208768268,958
KITTI,oracle,brake,J,6,3536,888,primary,R1_mlp_clf,quota,0.5,True,,0.5791711592161148,0.03734680056244776,0.7221901524926757,0.1954774622232214,-0.09329017608719252,0.3232841208325124,0.38550959334856366,0.16817445437364142,0.4638732858571935,0.06201741836022109,-0.03320883872123396,0.2206562122262981,0.19366156586755118,-0.29239710412931075,0.321468819244404,0.13293051359516617,0.4033493476259723,0.23360830923359804,0.15549504298069702,7,,0.8257309941520468,855,0.8288100208768268,958
KITTI,oracle,brake,J,6,3536,888,primary,R1_gbm_reg,quota,0.1,True,,0.1259484419261831,0.04171736524000192,0.36035140834902324,0.08605235425512578,0.008044735936333005,0.27270831243356963,0.10361646262020506,0.004831332678852541,0.18618265486645275,0.0358032529002008,-0.04830757894854763,0.16060865757153958,0.022331979305978036,-0.13573994987739507,0.2404790012867828,0.1448692152917505,0.3982363668357314,0.05015724992130426,0.04126384361824083,6,,0.8257309941520468,855,0.8288100208768268,958
KITTI,oracle,brake,J,6,3536,888,primary,R1_gbm_reg,quota,0.2,True,,0.2730397235270348,0.06649274726683138,0.48856461204562757,0.14951882845524342,-0.0011673250831035764,0.3410837662363061,0.1575409999953449,0.06542737223048851,0.2701870804483988,0.04322978399047147,-0.04293248586244243,0.22653505240256863,0.11549872353168991,-0.19279882621468325,0.31577316234060787,0.09566968781470292,0.4033493476259723,0.11013039436060533,0.06354405957246567,7,,0.8257309941520468,855,0.8288100208768268,958
KITTI,oracle,brake,J,6,3536,888,primary,R1_gbm_reg,quota,0.3,True,,0.4764025808848761,0.06798521769584509,0.5990798272494637,0.21678195074092366,-0.02217601363788521,0.3731890433827462,0.22933407843009726,0.13765752135016165,0.31626944037277993,0.05705557892751113,-0.03830474134805048,0.24458599896843253,0.24706850245477882,-0.2295567768780062,0.3436164807533093,0.10574018126888217,0.4033493476259723,0.19215667020724428,0.0925017509231833,7,,0.8257309941520468,855,0.8288100208768268,958
KITTI,oracle,brake,J,6,3536,888,primary,R1_gbm_reg,quota,0.5,True,,0.5589809682409129,0.03187293177372031,0.7562083477931691,0.20798759080390908,-0.08348884399587901,0.35166256826046155,0.43536458171545556,0.1954418435549278,0.5186859288715119,0.10438423672805858,0.008619528778842533,0.19680938188649227,0.12361638652545737,-0.240532363265295,0.2986144150639405,0.2406847935548842,0.4033493476259723,0.22546460887530656,0.1756040200143833,7,,0.8257309941520468,855,0.8288100208768268,958
KITTI,oracle,brake,J,6,3536,888,primary,R1_gbm_clf,quota,0.1,True,,0.26526145507954324,0.06830875529857093,0.4392815514524648,0.1852394341613398,0.04345094242521043,0.34967302738785727,0.1074208973807884,-0.009629377613661148,0.21915299229322777,0.038104155295808684,-0.04556359182533956,0.16275882530321306,0.15784055769875482,-0.005667296316950066,0.2804890428370035,0.026156941649899398,0.3982363668357314,0.10563675813243686,0.042778907895159105,6,,0.8257309941520468,855,0.8288100208768268,958
KITTI,oracle,brake,J,6,3536,888,primary,R1_gbm_clf,quota,0.2,True,,0.3486827082780155,0.1378914122882004,0.5486763250969263,0.23521818847787426,0.10499515674284784,0.39817091475766636,0.18756083701811532,0.023439919189109277,0.271145966442002,0.04671270272693212,-0.03126334154640249,0.14476810043870417,0.16112187125990018,0.07837131190098501,0.35593773477154306,0.011077542799597181,0.4033493476259723,0.14064094291239476,0.07565254125143812,7,,0.8257309941520468,855,0.8288100208768268,958
KITTI,oracle,brake,J,6,3536,888,primary,R1_gbm_clf,quota,0.3,True,,0.5116088147507714,0.19444665094031827,0.6771490946245623,0.28503835339744815,0.12829660375307306,0.44437214314163676,0.25014866522693807,0.05347086063748164,0.31904967278155183,0.05002662498519965,-0.021572900823015103,0.12176849568358784,0.2614601495238333,0.06928108138402017,0.39115369544947437,0.008056394763343404,0.4033493476259723,0.20635708166942054,0.10089730092879322,7,,0.8257309941520468,855,0.8288100208768268,958
KITTI,oracle,brake,J,6,3536,888,primary,R1_gbm_clf,quota,0.5,True,,0.6265633450587214,0.14737585991206814,0.8105095060854035,0.27139802505317984,0.035190666001514104,0.39719082548869955,0.42849652822036177,0.1021675852180828,0.5362023193295476,0.09429594915114708,-0.014094047579654956,0.21493798478263074,0.19806681683835958,-0.09904146777939027,0.37267302799894625,0.07150050352467271,0.4033493476259723,0.25272391647578224,0.17283379511767694,7,,0.8257309941520468,855,0.8288100208768268,958
KITTI,oracle,brake,J,6,3536,888,primary,gate_ridge,budget_ms_20,0.2,True,,0.0,0.0,0.0,-0.12118397507749067,-0.17985616792198683,-0.02661176367693296,0.0,0.0,0.0,-0.12118397507749067,-0.17985616792198683,-0.02661176367693296,0.0,0.0,0.0,1.0,0.4033493476259723,0.0,0.0,7,0.0,0.8257309941520468,855,0.8288100208768268,958
KITTI,oracle,brake,J,6,3536,888,primary,gate_gbm,budget_ms_20,0.2,True,,0.0,0.0,0.0,-0.12118397507749067,-0.17985616792198683,-0.02661176367693296,0.0,0.0,0.0,-0.12118397507749067,-0.17985616792198683,-0.02661176367693296,0.0,0.0,0.0,1.0,0.4033493476259723,0.0,0.0,7,0.0,0.8257309941520468,855,0.8288100208768268,958
KITTI,oracle,brake,J,6,3536,888,primary,R1_mlp_reg,budget_ms_20,0.2,True,,0.16423340632977623,0.004768537326524555,0.3517331556460999,0.05591605287323323,-0.03988112905063038,0.19308980272021972,0.01624611101728037,-0.10052965008219499,0.12669378412347454,-0.11204077651321834,-0.16161071347298595,-0.04614971802693485,0.14798729531249585,0.01848715600811489,0.31499365370984256,0.010070493454179255,0.4033493476259723,0.06624343730150647,0.0065528582802791575,7,0.16456837818364362,0.8257309941520468,855,0.8288100208768268,958
KITTI,oracle,brake,J,6,3536,888,primary,R1_mlp_clf,budget_ms_20,0.2,True,,0.2634832813782769,0.04353847496749375,0.37860590750347123,0.12137469495642579,-0.0020140976175064044,0.22502483454556052,0.11070919621507963,-0.09819419208834446,0.3136353329550504,0.00026778676131404517,-0.17161661179662807,0.2541979392412389,0.1527740851631973,-0.267457543524443,0.32535709213574826,0.1510574018126888,0.4033493476259723,0.10627580965427849,0.04465448206954813,7,0.16456837818364362,0.8257309941520468,855,0.8288100208768268,958
KITTI,oracle,brake,J,6,3536,888,primary,R1_gbm_reg,budget_ms_20,0.2,True,,0.0,0.0,0.0,-0.12118397507749067,-0.17985616792198683,-0.02661176367693296,0.0,0.0,0.0,-0.12118397507749067,-0.17985616792198683,-0.02661176367693296,0.0,0.0,0.0,1.0,0.4033493476259723,0.0,0.0,7,0.0,0.8257309941520468,855,0.8288100208768268,958
KITTI,oracle,brake,J,6,3536,888,primary,R1_gbm_clf,budget_ms_20,0.2,True,,0.0,0.0,0.0,-0.12118397507749067,-0.17985616792198683,-0.02661176367693296,0.0,0.0,0.0,-0.12118397507749067,-0.17985616792198683,-0.02661176367693296,0.0,0.0,0.0,1.0,0.4033493476259723,0.0,0.0,7,0.0,0.8257309941520468,855,0.8288100208768268,958
KITTI,oracle,brake,J,6,3536,888,primary,gate_gbm_batched,budget_ms_20,0.2,True,,0.012117974121319519,-0.0015919618641612688,0.06737868824366318,-0.10408745641631009,-0.1765244563958419,0.02901024829366014,-0.0004236637800939919,-0.0026052950782912546,0.0006585586118419183,-0.1215115610547963,-0.18023880394530675,-0.026460631427075845,0.012541637901413511,-0.0017724827266986628,0.06811021600125194,0.0866062437059416,0.4033493476259723,0.004887776956382643,-0.00017088450931366503,7,0.00821577645625418,0.8257309941520468,855,0.8288100208768268,958
KITTI,oracle,brake,J,6,3536,888,dE_exact,gate_ridge,quota,0.1,True,,0.05873106624552544,0.007394394760781472,0.24533061510440865,0.018469712408085186,-0.08653069840761564,0.16019384995669583,0.1115174040514085,-0.045093949696309026,0.17984785166255676,-0.0032129828066139914,-0.1149642261430979,0.14700942433774336,-0.052786337805883064,-0.11903209772595533,0.21451834329364847,0.46680080482897385,0.3982363668357314,0.02338884644200671,0.044410285828385195,6,,0.8068493150684931,730,0.8262967430639324,829
KITTI,oracle,brake,J,6,3536,888,dE_exact,gate_ridge,quota,0.2,True,,0.23358204690953963,0.021533548952318352,0.2992823308633362,0.05572942389337264,-0.09168156994995458,0.22221882607994772,0.08253440610344767,-0.052143573644289724,0.33994135190842495,-0.016501218597499562,-0.16235616392586052,0.2732235789649346,0.15104764080609195,-0.27687622520455796,0.2943459827411784,0.2014098690835851,0.4033493476259723,0.09421516623810207,0.033290198858522684,7,,0.8068493150684931,730,0.8262967430639324,829
KITTI,oracle,brake,J,6,3536,888,dE_exact,gate_ridge,quota,0.3,True,,0.27863214050644164,0.002136887462507833,0.46258305281767226,0.06951794412824895,-0.09569748970042614,0.3628931063372827,0.0876600117712248,-0.005128915798692119,0.31267568975691945,-0.05469766996656002,-0.189537088062611,0.21927598917176558,0.19097212873521685,-0.2978550667251627,0.42647331235298375,0.17220543806646527,0.4033493476259723,0.11238609210090149,0.03535760856080858,7,,0.8068493150684931,730,0.8262967430639324,829
KITTI,oracle,brake,J,6,3536,888,dE_exact,gate_ridge,quota,0.5,True,,0.26654905463147943,-0.028508708529839284,0.607065719810604,-0.018492134558805513,-0.19047116446640616,0.3722334752456643,0.2230448435654247,0.10657328458846578,0.39792269473427416,-0.06428212713822977,-0.2156075234317661,0.14823916881703098,0.04350421106605473,-0.26802524308724296,0.34006971727390667,0.3021148036253776,0.4033493476259723,0.10751238729592688,0.08996499214345109,7,,0.8068493150684931,730,0.8262967430639324,829
KITTI,oracle,brake,J,6,3536,888,dE_exact,gate_gbm,quota,0.1,True,,0.07823735273260969,0.026907994297546315,0.2900060407004339,0.05154215007309199,-0.060580445494317604,0.2279228375013389,0.0012163919918382106,-0.049734705783268586,0.14267673850813586,-0.051451406184836346,-0.0994302866380332,0.02161243801487997,0.07702096074077149,-0.06777903816056187,0.2850780967927625,0.07042253521126761,0.3982363668357314,0.031156959103080063,0.0004844115274777276,6,,0.8068493150684931,730,0.8262967430639324,829
KITTI,oracle,brake,J,6,3536,888,dE_exact,gate_gbm,quota,0.2,True,,0.2013597056903986,0.10126493060219531,0.45954843142215834,0.09800909753084769,-0.06084969245027831,0.28294525655311065,0.051622143614433215,-0.07498242809464577,0.29426789397592,-0.06975198175961647,-0.14061298087218546,0.12443472591807724,0.1497375620759654,-0.1369734817531416,0.42148309184486416,0.13494461228600202,0.4033493476259723,0.08121830592838006,0.02082175794993589,7,,0.8068493150684931,730,0.8262967430639324,829
KITTI,oracle,brake,J,6,3536,888,dE_exact,gate_gbm,quota,0.3,True,,0.37693452516508624,0.18330540313637156,0.5929185737730005,0.19996354727595084,-0.027531315181318405,0.4028387318489106,0.18637428063798475,-0.07286648771637962,0.4523645463400253,-0.031395026641941395,-0.1843896399127644,0.19989805198733707,0.1905602445271015,-0.1717288547335203,0.5678798384878737,0.15709969788519637,0.4033493476259723,0.15203629482304318,0.07517394450959103,7,,0.8068493150684931,730,0.8262967430639324,829
KITTI,oracle,brake,J,6,3536,888,dE_exact,gate_gbm,quota,0.5,True,,0.6311644506614923,0.31919723276278594,0.7591888446862057,0.2968105119768304,0.19955437743130655,0.3562809206418692,0.47329944319110845,0.01742467625832294,0.7212377668641107,0.10923236220211888,-0.09212927424545186,0.3042441044687827,0.15786500747038384,-0.0893030397091239,0.42566063801360116,0.1148036253776435,0.4033493476259723,0.2545797694190181,0.19090502164286952,7,,0.8068493150684931,730,0.8262967430639324,829
KITTI,oracle,brake,J,6,3536,888,dE_exact,R1_mlp_reg,quota,0.1,True,,0.09618746876223509,-0.030887557776101474,0.3018975444288698,0.04463350241896064,-0.04483770699474813,0.193434999246358,0.02287961474080157,-0.07792559360762992,0.06698333167072251,-0.05237809966686787,-0.1125646324036979,0.010708848085521541,0.07330785402143353,-0.0594171735503239,0.25153193115960853,0.05734406438631791,0.3982363668357314,0.03830534809499791,0.00911149464897806,6,,0.8068493150684931,730,0.8262967430639324,829
KITTI,oracle,brake,J,6,3536,888,dE_exact,R1_mlp_reg,quota,0.2,True,,0.2385842173630035,0.02169205646409322,0.4157256541256777,0.10175476256628575,-0.008845317041083772,0.261190786068473,0.05627570992133559,-0.15562059718492008,0.15238515686290297,-0.06552327392121811,-0.21806586695567598,0.08078548802247398,0.1823085074416679,-0.058077415381008045,0.3514305426517971,0.06545820745216516,0.4033493476259723,0.09623278842722063,0.022698770883959166,7,,0.8068493150684931,730,0.8262967430639324,829
KITTI,oracle,brake,J,6,3536,888,dE_exact,R1_mlp_reg,quota,0.3,True,,0.40667847621066816,0.03567279165375544,0.529701991717898,0.15829880009543223,-0.036105380619715105,0.2911551588239525,0.13488808979787456,-0.052940964475324113,0.2955243321660393,-0.04566297822573141,-0.14172186427071135,0.07009238228729818,0.2717903864127936,-0.05901966806882518,0.3627957676977224,0.06948640483383686,0.4033493476259723,0.1640334980730975,0.054407023022486276,7,,0.8068493150684931,730,0.8262967430639324,829
KITTI,oracle,brake,J,6,3536,888,dE_exact,R1_mlp_reg,quota,0.5,True,,0.5078170811873821,-0.03393658068378146,0.7153048621881573,0.14944724141021612,-0.13379069616470238,0.30172621796072707,0.3633299568243536,0.09874718457005559,0.5239777427517726,0.038542441580955024,-0.06574235376077564,0.15315227648930427,0.14448712436302852,-0.1972516504219967,0.2636470772937386,0.1500503524672709,0.4033493476259723,0.20482768841025598,0.1465489010580757,7,,0.8068493150684931,730,0.8262967430639324,829
KITTI,oracle,brake,J,6,3536,888,dE_exact,R1_mlp_clf,quota,0.1,True,,0.1754526445711225,0.04996639291690636,0.31115493167991554,0.10720144796779284,0.013209000075518224,0.20877157826921322,0.01586798742948867,-0.06365389277426475,0.06661644661764872,-0.05240498638430842,-0.10096476143756153,-0.0049256109516261325,0.15958465714163383,0.03826671086449363,0.27967151649376276,0.002012072434607646,0.3982363668357314,0.06987162372572474,0.006319209662914624,6,,0.8068493150684931,730,0.8262967430639324,829
KITTI,oracle,brake,J,6,3536,888,dE_exact,R1_mlp_clf,quota,0.2,True,,0.2944599313668216,0.04400957715959134,0.42256490269365915,0.15444901574054876,0.0013310654420723475,0.2728419297637014,0.02768906171049369,-0.06935540975558865,0.11283221515911969,-0.09059056417268704,-0.14042106502687146,-0.01747971941848743,0.2667708696563279,0.015579990220263698,0.3835134903638284,0.006042296072507553,0.4033493476259723,0.11877022121879606,0.011168364977302917,7,,0.8068493150684931,730,0.8262967430639324,829
KITTI,oracle,brake,J,6,3536,888,dE_exact,R1_mlp_clf,quota,0.3,True,,0.3938023647101328,0.060762824738894904,0.5527053866821796,0.18055302725821754,-0.005361393726165886,0.32116801107796,0.057384401984168575,-0.09338262810631504,0.21794253225615326,-0.12615006797675174,-0.19976316756321433,-0.025149813703377374,0.33641796272596425,0.03417324958915952,0.48206147200909666,0.015105740181268883,0.4033493476259723,0.15883992689939727,0.023145961104220944,7,,0.8068493150684931,730,0.8262967430639324,829
KITTI,oracle,brake,J,6,3536,888,dE_exact,R1_mlp_clf,quota,0.5,True,,0.5791711592161148,0.03734680056244776,0.7221901524926757,0.1954774622232214,-0.09329017608719252,0.3232841208325124,0.20283508920712962,-0.07732064653855711,0.44770355682531454,-0.12552644991160442,-0.2533394620546701,0.018817533543714664,0.3763360700089852,0.052039242290844646,0.4715908807617245,0.0,0.4033493476259723,0.23360830923359804,0.08181340090735162,7,,0.8068493150684931,730,0.8262967430639324,829
KITTI,oracle,brake,J,6,3536,888,dE_exact,R1_gbm_reg,quota,0.1,True,,0.1259484419261831,0.04171736524000192,0.36035140834902324,0.08605235425512578,0.008044735936333005,0.27270831243356963,0.1286010939940997,-0.10580288186837598,0.3288323764129067,0.05401504711864206,-0.127609991666872,0.30673683919452055,-0.0026526520679165944,-0.2756945562692749,0.30352060365700295,0.36519114688128773,0.3982363668357314,0.05015724992130426,0.051213632443310654,6,,0.8068493150684931,730,0.8262967430639324,829
KITTI,oracle,brake,J,6,3536,888,dE_exact,R1_gbm_reg,quota,0.2,True,,0.2730397235270348,0.06649274726683138,0.48856461204562757,0.14951882845524342,-0.0011673250831035764,0.3410837662363061,0.1370881752838693,-0.04110939104649205,0.39528664915954786,0.03906911834434274,-0.12977205133250347,0.33417585369737757,0.13595154824316552,-0.3320952798124497,0.35217557219264234,0.16012084592145015,0.4033493476259723,0.11013039436060533,0.05529442606798362,7,,0.8068493150684931,730,0.8262967430639324,829
KITTI,oracle,brake,J,6,3536,888,dE_exact,R1_gbm_reg,quota,0.3,True,,0.4764025808848761,0.06798521769584509,0.5990798272494637,0.21678195074092366,-0.02217601363788521,0.3731890433827462,0.1755078543571899,-0.031893616218582034,0.3835990518092922,0.014128004641927185,-0.14701307594444016,0.2973556371737002,0.3008947265276862,-0.27384009465929815,0.46178254932966517,0.12185297079556898,0.4033493476259723,0.19215667020724428,0.07079097855820671,7,,0.8068493150684931,730,0.8262967430639324,829
KITTI,oracle,brake,J,6,3536,888,dE_exact,R1_gbm_reg,quota,0.5,True,,0.5589809682409129,0.03187293177372031,0.7562083477931691,0.20798759080390908,-0.08348884399587901,0.35166256826046155,0.32677409767914606,0.0711148087428861,0.4892046639868628,0.0075670662314740594,-0.10695533484354924,0.19539833877324833,0.23220687056176686,-0.27846799009651013,0.4318925833246168,0.11883182275931521,0.4033493476259723,0.22546460887530656,0.1318041191199493,7,,0.8068493150684931,730,0.8262967430639324,829
KITTI,oracle,brake,J,6,3536,888,dE_exact,R1_gbm_clf,quota,0.1,True,,0.26526145507954324,0.06830875529857093,0.4392815514524648,0.1852394341613398,0.04345094242521043,0.34967302738785727,0.07840503937221936,-0.03882271665097026,0.22148875578424718,0.014483380507689192,-0.07719268021649119,0.14837726635604673,0.18685641570732386,0.0024376158707732007,0.29186476266690203,0.025150905432595575,0.3982363668357314,0.10563675813243686,0.03122373802120511,6,,0.8068493150684931,730,0.8262967430639324,829
KITTI,oracle,brake,J,6,3536,888,dE_exact,R1_gbm_clf,quota,0.2,True,,0.3486827082780155,0.1378914122882004,0.5486763250969263,0.23521818847787426,0.10499515674284784,0.39817091475766636,0.13237796170862773,-0.052728657328267176,0.2689658289841811,0.0035204875993642094,-0.12924140424363345,0.14815785344947968,0.21630474656938778,0.03665934114606117,0.4012987591795816,0.017119838872104734,0.4033493476259723,0.14064094291239476,0.05339456449523094,7,,0.8068493150684931,730,0.8262967430639324,829
KITTI,oracle,brake,J,6,3536,888,dE_exact,R1_gbm_clf,quota,0.3,True,,0.5116088147507714,0.19444665094031827,0.6771490946245623,0.28503835339744815,0.12829660375307306,0.44437214314163676,0.19213574174860343,-0.04428693586365462,0.3375306861615997,-0.0033641572378494346,-0.16056220097189364,0.1480672838533363,0.31947307300216793,0.06781975298870584,0.4715416407569443,0.014098690835850957,0.4033493476259723,0.20635708166942054,0.07749782608993148,7,,0.8068493150684931,730,0.8262967430639324,829
KITTI,oracle,brake,J,6,3536,888,dE_exact,R1_gbm_clf,quota,0.5,True,,0.6265633450587214,0.14737585991206814,0.8105095060854035,0.27139802505317984,0.035190666001514104,0.39719082548869955,0.37459683320936904,0.06189645345812625,0.5457681363659667,0.04199138245597365,-0.09641295418284536,0.15845583587171497,0.2519665118493523,-0.06105498520245908,0.409160059662037,0.038267875125881166,0.4033493476259723,0.25272391647578224,0.15109338829775415,7,,0.8068493150684931,730,0.8262967430639324,829
KITTI,oracle,brake,J,6,3536,888,dE_E6_risk_weighted,gate_ridge,quota,0.1,True,,0.05873106624552544,0.007394394760781472,0.24533061510440865,0.018469712408085186,-0.08653069840761564,0.16019384995669583,0.07619219799766558,-0.11042738344981935,0.3294891590859632,0.01794406345531361,-0.14893388811340025,0.30066051474479905,-0.01746113175214014,-0.2935303178018348,0.24719431559123708,0.5080482897384306,0.3982363668357314,0.02338884644200671,0.030342504111819026,6,,0.8180574555403557,731,0.8329238329238329,814
KITTI,oracle,brake,J,6,3536,888,dE_E6_risk_weighted,gate_ridge,quota,0.2,True,,0.23358204690953963,0.021533548952318352,0.2992823308633362,0.05572942389337264,-0.09168156994995458,0.22221882607994772,0.06959819576170684,-0.07783183508799785,0.2590204701586222,-0.03773564221958301,-0.18167533578481213,0.18713029407812032,0.1639838511478328,-0.2027778027043252,0.2779212713535494,0.15206445115810674,0.4033493476259723,0.09421516623810207,0.028072386856429165,7,,0.8180574555403557,731,0.8329238329238329,814
KITTI,oracle,brake,J,6,3536,888,dE_E6_risk_weighted,gate_ridge,quota,0.3,True,,0.27863214050644164,0.002136887462507833,0.46258305281767226,0.06951794412824895,-0.09569748970042614,0.3628931063372827,0.0998408138256855,-0.09285532589864517,0.28452201586559617,-0.0706126144777916,-0.2522879952836578,0.1933182476601152,0.17879132668075615,-0.23507744772798697,0.5028941222685891,0.16314199395770393,0.4033493476259723,0.11238609210090149,0.04027072712303641,7,,0.8180574555403557,731,0.8329238329238329,814
KITTI,oracle,brake,J,6,3536,888,dE_E6_risk_weighted,gate_ridge,quota,0.5,True,,0.26654905463147943,-0.028508708529839284,0.607065719810604,-0.018492134558805513,-0.19047116446640616,0.3722334752456643,0.17751382343372998,0.015711521436723812,0.3850464203686871,-0.10163194631187981,-0.2822974253977592,0.1856331851139823,0.08903523119774945,-0.32827214552860506,0.46734730873798475,0.2326283987915408,0.4033493476259723,0.10751238729592688,0.07160008487658702,7,,0.8180574555403557,731,0.8329238329238329,814
KITTI,oracle,brake,J,6,3536,888,dE_E6_risk_weighted,gate_gbm,quota,0.1,True,,0.07823735273260969,0.026907994297546315,0.2900060407004339,0.05154215007309199,-0.060580445494317604,0.2279228375013389,0.0713131749847601,-0.08006037928160578,0.2686429237316839,0.030662789530543806,-0.12276118989931553,0.16138852337021203,0.006924177747849591,-0.17690233625032578,0.296241896834197,0.48088531187122735,0.3982363668357314,0.031156959103080063,0.028399499713451626,6,,0.8180574555403557,731,0.8329238329238329,814
KITTI,oracle,brake,J,6,3536,888,dE_E6_risk_weighted,gate_gbm,quota,0.2,True,,0.2013597056903986,0.10126493060219531,0.45954843142215834,0.09800909753084769,-0.06084969245027831,0.28294525655311065,0.17280535563911034,-0.06189749736617322,0.32913274286398453,0.04289264302092428,-0.12184995161292989,0.1966684285360022,0.028554350051288258,-0.19801521395174448,0.35993657622113495,0.28298086606243705,0.4033493476259723,0.08121830592838006,0.06970092746330929,7,,0.8180574555403557,731,0.8329238329238329,814
KITTI,oracle,brake,J,6,3536,888,dE_E6_risk_weighted,gate_gbm,quota,0.3,True,,0.37693452516508624,0.18330540313637156,0.5929185737730005,0.19996354727595084,-0.027531315181318405,0.4028387318489106,0.2058486675909083,-0.0019666316257533267,0.4487612874786464,0.04864874051328437,-0.10784784439767213,0.23230178553581934,0.17108585757417794,-0.18462655688500346,0.4113181569778095,0.12084592145015106,0.4033493476259723,0.15203629482304318,0.0830289257824685,7,,0.8180574555403557,731,0.8329238329238329,814
KITTI,oracle,brake,J,6,3536,888,dE_E6_risk_weighted,gate_gbm,quota,0.5,True,,0.6311644506614923,0.31919723276278594,0.7591888446862057,0.2968105119768304,0.19955437743130655,0.3562809206418692,0.4090175501285476,0.0024096213891171394,0.6165612912565201,0.06663040708050062,-0.15611741503479082,0.21303771650496697,0.22214690053294467,0.01756608209351207,0.48415201073602554,0.019133937562940583,0.4033493476259723,0.2545797694190181,0.1649769620119231,7,,0.8180574555403557,731,0.8329238329238329,814
KITTI,oracle,brake,J,6,3536,888,dE_E6_risk_weighted,R1_mlp_reg,quota,0.1,True,,0.09618746876223509,-0.030887557776101474,0.3018975444288698,0.04463350241896064,-0.04483770699474813,0.193434999246358,-0.0033179931011531926,-0.044599248740255046,0.04030460125477676,-0.07012953665829348,-0.1145715087454417,-0.022417263004948975,0.09950546186338828,-0.02339969466969041,0.2795451767077097,0.04124748490945674,0.3982363668357314,0.03830534809499791,-0.0013213455177892687,6,,0.8180574555403557,731,0.8329238329238329,814
KITTI,oracle,brake,J,6,3536,888,dE_E6_risk_weighted,R1_mlp_reg,quota,0.2,True,,0.2385842173630035,0.02169205646409322,0.4157256541256777,0.10175476256628575,-0.008845317041083772,0.261190786068473,0.006539180188790394,-0.12074923176809178,0.0803270462101983,-0.1247212758947706,-0.17395837996867086,-0.07557662994066336,0.2320450371742131,0.0769764976470392,0.39439611467273966,0.0,0.4033493476259723,0.09623278842722063,0.0026375740631572877,7,,0.8180574555403557,731,0.8329238329238329,814
KITTI,oracle,brake,J,6,3536,888,dE_E6_risk_weighted,R1_mlp_reg,quota,0.3,True,,0.40667847621066816,0.03567279165375544,0.529701991717898,0.15829880009543223,-0.036105380619715105,0.2911551588239525,0.027206051691720457,-0.12999492928633663,0.12941933867385758,-0.16644338841995357,-0.20524348027182363,-0.12239522419121669,0.3794724245189477,0.10455700435061335,0.4509429010560057,0.0,0.4033493476259723,0.1640334980730975,0.010973543201333926,7,,0.8180574555403557,731,0.8329238329238329,814
KITTI,oracle,brake,J,6,3536,888,dE_E6_risk_weighted,R1_mlp_reg,quota,0.5,True,,0.5078170811873821,-0.03393658068378146,0.7153048621881573,0.14944724141021612,-0.13379069616470238,0.30172621796072707,0.15311556862727177,-0.15354332707049057,0.3023595163762479,-0.17164425951165574,-0.2384341753605912,-0.10570620821786779,0.35470151256011034,0.08970630643740507,0.46959830942071606,0.0,0.4033493476259723,0.20482768841025598,0.06175906471718986,7,,0.8180574555403557,731,0.8329238329238329,814
KITTI,oracle,brake,J,6,3536,888,dE_E6_risk_weighted,R1_mlp_clf,quota,0.1,True,,0.1754526445711225,0.04996639291690636,0.31115493167991554,0.10720144796779284,0.013209000075518224,0.20877157826921322,-0.0082674710152904,-0.08017016664262681,0.02671589628104706,-0.07871670989283369,-0.12390752149767728,-0.03071981071068509,0.1837201155864129,0.06604545476314376,0.29940471456571444,0.0,0.3982363668357314,0.06987162372572474,-0.0032924076200489642,6,,0.8180574555403557,731,0.8329238329238329,814
KITTI,oracle,brake,J,6,3536,888,dE_E6_risk_weighted,R1_mlp_clf,quota,0.2,True,,0.2944599313668216,0.04400957715959134,0.42256490269365915,0.15444901574054876,0.0013310654420723475,0.2728419297637014,-0.00034540363096161394,-0.11466012992483957,0.08327860707616278,-0.1280143087971018,-0.17419193811019223,-0.06076756060611463,0.2948053349977832,0.06736429290598006,0.41448020932114477,0.0,0.4033493476259723,0.11877022121879606,-0.00013931832921600906,7,,0.8180574555403557,731,0.8329238329238329,814
KITTI,oracle,brake,J,6,3536,888,dE_E6_risk_weighted,R1_mlp_clf,quota,0.3,True,,0.3938023647101328,0.060762824738894904,0.5527053866821796,0.18055302725821754,-0.005361393726165886,0.32116801107796,0.010657435006045492,-0.11316350512540699,0.21404409165649904,-0.15378264944694817,-0.2234174408983605,-0.01230533365553732,0.3831449297040873,0.07391641570891999,0.514483472948582,0.0010070493454179255,0.4033493476259723,0.15883992689939727,0.004298669457054649,7,,0.8180574555403557,731,0.8329238329238329,814
KITTI,oracle,brake,J,6,3536,888,dE_E6_risk_weighted,R1_mlp_clf,quota,0.5,True,,0.5791711592161148,0.03734680056244776,0.7221901524926757,0.1954774622232214,-0.09329017608719252,0.3232841208325124,0.2878377675580267,-0.055419772249145814,0.5188889793469041,-0.060712456415194634,-0.22657932204727976,0.12466707202624805,0.29133339165808814,0.01731125088555305,0.4155285923003876,0.02416918429003021,0.4033493476259723,0.23360830923359804,0.11609917576664633,7,,0.8180574555403557,731,0.8329238329238329,814
KITTI,oracle,brake,J,6,3536,888,dE_E6_risk_weighted,R1_gbm_reg,quota,0.1,True,,0.1259484419261831,0.04171736524000192,0.36035140834902324,0.08605235425512578,0.008044735936333005,0.27270831243356963,0.022236645678397546,-0.07074252551558038,0.11281912044336663,-0.038088784508285935,-0.10528469357554762,0.06817425538159694,0.10371179624778555,-0.05090292835871299,0.3114407140742762,0.047283702213279676,0.3982363668357314,0.05015724992130426,0.008855440985578505,6,,0.8180574555403557,731,0.8329238329238329,814
KITTI,oracle,brake,J,6,3536,888,dE_E6_risk_weighted,R1_gbm_reg,quota,0.2,True,,0.2730397235270348,0.06649274726683138,0.48856461204562757,0.14951882845524342,-0.0011673250831035764,0.3410837662363061,0.0527749694522338,-0.12343618885847267,0.15041366127628836,-0.06652647887636967,-0.1791102827403114,0.05847966588804942,0.220264754074801,-0.05522694334106844,0.4178969733112233,0.041289023162134945,0.4033493476259723,0.11013039436060533,0.02128674949953912,7,,0.8180574555403557,731,0.8329238329238329,814
KITTI,oracle,brake,J,6,3536,888,dE_E6_risk_weighted,R1_gbm_reg,quota,0.3,True,,0.4764025808848761,0.06798521769584509,0.5990798272494637,0.21678195074092366,-0.02217601363788521,0.3731890433827462,0.07184473027885234,-0.12143464366746068,0.21415541581492878,-0.10169067790444594,-0.20118050359654943,0.04702599835229538,0.40455785060602373,-0.03890229038354184,0.5311785541571291,0.041289023162134945,0.4033493476259723,0.19215667020724428,0.02897852508833903,7,,0.8180574555403557,731,0.8329238329238329,814
KITTI,oracle,brake,J,6,3536,888,dE_E6_risk_weighted,R1_gbm_reg,quota,0.5,True,,0.5589809682409129,0.03187293177372031,0.7562083477931691,0.20798759080390908,-0.08348884399587901,0.35166256826046155,0.246823909771046,0.03474223897549662,0.398714198063544,-0.06477029962158551,-0.14272952288599913,0.05377406375197617,0.3121570584698669,-0.12024902685784424,0.44615623286784156,0.08358509566968782,0.4033493476259723,0.22546460887530656,0.09955626298464326,7,,0.8180574555403557,731,0.8329238329238329,814
KITTI,oracle,brake,J,6,3536,888,dE_E6_risk_weighted,R1_gbm_clf,quota,0.1,True,,0.26526145507954324,0.06830875529857093,0.4392815514524648,0.1852394341613398,0.04345094242521043,0.34967302738785727,0.07814985848996994,-0.02652312772540587,0.16905216552646768,0.008315738293565947,-0.07514587975027397,0.10272505325759508,0.1871115965895733,-0.01671025254607515,0.30085662471741115,0.03118712273641851,0.3982363668357314,0.10563675813243686,0.031122115713772165,6,,0.8180574555403557,731,0.8329238329238329,814
KITTI,oracle,brake,J,6,3536,888,dE_E6_risk_weighted,R1_gbm_clf,quota,0.2,True,,0.3486827082780155,0.1378914122882004,0.5486763250969263,0.23521818847787426,0.10499515674284784,0.39817091475766636,0.10654693589092165,-0.02815847949235137,0.20749884541570895,-0.015495783949089214,-0.09860633495210847,0.0954726298251157,0.24213577238709386,0.058965425714296825,0.41113786429555443,0.007049345417925478,0.4033493476259723,0.14064094291239476,0.04297563708314954,7,,0.8180574555403557,731,0.8329238329238329,814
KITTI,oracle,brake,J,6,3536,888,dE_E6_risk_weighted,R1_gbm_clf,quota,0.3,True,,0.5116088147507714,0.19444665094031827,0.6771490946245623,0.28503835339744815,0.12829660375307306,0.44437214314163676,0.22588943731828406,-0.02694447818871776,0.34392866065076133,0.008517102354602275,-0.1230268485050408,0.10654331537722533,0.2857193774324873,0.08272590223077525,0.4748999316864365,0.002014098690835851,0.4033493476259723,0.20635708166942054,0.09111235717792784,7,,0.8180574555403557,731,0.8329238329238329,814
KITTI,oracle,brake,J,6,3536,888,dE_E6_risk_weighted,R1_gbm_clf,quota,0.5,True,,0.6265633450587214,0.14737585991206814,0.8105095060854035,0.27139802505317984,0.035190666001514104,0.39719082548869955,0.3355234328629003,0.06067506737260277,0.5063879588211537,0.005171378301119791,-0.14716632332648283,0.11405839519862276,0.29103991219582104,-0.025754941842420286,0.4602667033308363,0.038267875125881166,0.4033493476259723,0.25272391647578224,0.13533315775847757,7,,0.8180574555403557,731,0.8329238329238329,814
KITTI,oracle,traj,JB,6,3536,250,primary,gate_ridge,quota,0.1,True,,0.24042778771569362,0.0,0.6846927406351228,0.15002864834012905,-0.09857972479571817,0.5851778272562087,0.07232789341145147,0.002519425310694426,0.18455398635621814,-0.025932287918250932,-0.09705686248349019,0.08513074048721336,0.16809989430424216,-0.13440107480821853,0.6761009517741348,0.1825136612021858,0.5198394315034303,0.12498384448375359,0.03759889099284963,85,,0.85,440,0.8563327032136105,529
KITTI,oracle,traj,JB,6,3536,250,primary,gate_ridge,quota,0.2,True,,0.45595489004931256,0.09410992453141767,0.937314789975008,0.2393230851767793,-0.10518050822588432,0.7390590492275295,0.25530349967235255,0.08947624497876178,0.4118077677018421,0.04328378969288189,-0.10952603703952794,0.21322119163818024,0.20065139037696,-0.27871603141057855,0.8406065073126974,0.2972677595628415,0.5198394315034303,0.23702333083444369,0.13271682613051194,85,,0.85,440,0.8563327032136105,529
KITTI,oracle,traj,JB,6,3536,250,primary,gate_ridge,quota,0.3,True,,0.5382384802402096,0.18175084511620584,0.9572899781941471,0.2282070056939456,-0.11692358200615319,0.6586400360766227,0.48960617990459465,0.2968876920812426,0.6129333143889711,0.14114225320588222,-0.0010078122150627023,0.3171631102406793,0.04863230033561494,-0.4389681280864678,0.6557959662273756,0.4382513661202186,0.5198394315034303,0.2797975855813408,0.2545165982221707,85,,0.85,440,0.8563327032136105,529
KITTI,oracle,traj,JB,6,3536,250,primary,gate_ridge,quota,0.5,True,,0.5545415803766613,0.23333220658859935,0.9840358485462687,0.0960712003852132,-0.26493997585948914,0.4874354348165333,0.7343956148511085,0.5547893180829553,0.8659844518935818,0.19297933404714768,0.0559351998403223,0.370826803784658,-0.17985403447444714,-0.6229377186685271,0.3488969798826514,0.653551912568306,0.5198394315034303,0.2882725798880174,0.3817677989228124,85,,0.85,440,0.8563327032136105,529
KITTI,oracle,traj,JB,6,3536,250,primary,gate_gbm,quota,0.1,True,,0.2910553693730437,0.13738006021779578,0.6729819577468407,0.22274766876711563,0.037573059309073426,0.573815946227165,0.09458975272878604,0.0010468667678189194,0.22843353045434228,-0.0006159390216134951,-0.09890727351233096,0.12968334641153548,0.19646561664425766,-0.03065060683565315,0.6434681744225287,0.053551912568306013,0.5198394315034303,0.15130205775090394,0.04917148328458218,85,,0.85,440,0.8563327032136105,529
KITTI,oracle,traj,JB,6,3536,250,primary,gate_gbm,quota,0.2,True,,0.5750197548262174,0.37813684927417834,0.9265480581547386,0.4098826470387138,0.18071522227078018,0.7267858042172171,0.29425683970060174,0.08835061508639173,0.4919807585387912,0.09189090647541064,-0.11121160097634207,0.2938444777892679,0.28076291512561563,0.07391442940927878,0.823288512071304,0.001092896174863388,0.5198394315034303,0.2989179424521027,0.1529663082659568,85,,0.85,440,0.8563327032136105,529
KITTI,oracle,traj,JB,6,3536,250,primary,gate_gbm,quota,0.3,True,,0.760511248321243,0.5442456167581626,0.9833310821545223,0.4573908102462644,0.24503585641361247,0.6836055720999616,0.4212035079192008,0.21717031020921287,0.60111360430337,0.12322282184525409,-0.08265866784227313,0.30380283366351474,0.33930774040204215,0.0993185312163325,0.736523623329395,0.0,0.5198394315034303,0.395343734979279,0.21895819210396794,85,,0.85,440,0.8563327032136105,529
KITTI,oracle,traj,JB,6,3536,250,primary,gate_gbm,quota,0.5,True,,0.9692766767776011,0.8323960017038927,0.9913783553655054,0.4488601997432428,0.33681274772585873,0.49153821432858624,0.6679124735393716,0.46105097869717426,0.8690756457194527,0.18195412646844095,-0.037434208351097606,0.3731376501187113,0.30136420323822954,0.056536342103966325,0.5214912305738284,0.00546448087431694,0.5198394315034303,0.5038682366256023,0.3472072405387568,85,,0.85,440,0.8563327032136105,529
KITTI,oracle,traj,JB,6,3536,250,primary,R1_mlp_reg,quota,0.1,True,,0.2273446422502143,0.11529608399201857,0.4241958627164888,0.13134664872999946,0.016647298303120783,0.3250998659927154,0.03191155151679878,0.0005610105502477084,0.14863692510713705,-0.05627580495666109,-0.0990118424950206,0.04912947707693979,0.19543309073341553,-0.027387212824914155,0.42145338271096744,0.05573770491803279,0.5198394315034303,0.11818270958270213,0.016588882798885107,85,,0.85,440,0.8563327032136105,529
KITTI,oracle,traj,JB,6,3536,250,primary,R1_mlp_reg,quota,0.2,True,,0.4089410950023817,0.16203084073859245,0.732225542086657,0.20966765843217208,-0.037347553672153144,0.5329721801748641,0.16508754486954735,0.04117773447385842,0.3109807129859255,-0.02581251023598858,-0.15774013958669802,0.11160493369304941,0.24385355013283433,-0.1497943871246666,0.694051440817362,0.10273224043715846,0.5198394315034303,0.21258370634442836,0.08581901547328254,85,,0.85,440,0.8563327032136105,529
KITTI,oracle,traj,JB,6,3536,250,primary,R1_mlp_reg,quota,0.3,True,,0.5983482238539645,0.35074823939392374,0.8515813977549849,0.27632404619065226,0.051941652129702025,0.5538541768506018,0.2923467149856811,0.22947697131940395,0.34678930541643915,-0.00012840451281700453,-0.0678521535143275,0.04777081643709408,0.30600150886828337,0.015622018132433413,0.6068538698241494,0.019672131147540985,0.5198394315034303,0.3110450005293321,0.1519733501200518,85,,0.85,440,0.8563327032136105,529
KITTI,oracle,traj,JB,6,3536,250,primary,R1_mlp_reg,quota,0.5,True,,0.7734958233604255,0.6190835878396412,0.9465409610499338,0.2746597491780692,0.11977952391061522,0.45060701498101496,0.6189187061534376,0.5228093205266078,0.8024246547752992,0.1286999510640738,0.023891762786636194,0.30452212870784184,0.15457711720698797,0.0534321846516466,0.23072064079741927,0.001092896174863388,0.5198394315034303,0.40209362908596136,0.3217383483536416,85,,0.85,440,0.8563327032136105,529
KITTI,oracle,traj,JB,6,3536,250,primary,R1_mlp_clf,quota,0.1,True,,0.3085056494744147,0.17780702909555832,0.42406019042367465,0.19628174139465626,0.0785114233237476,0.3240047647642603,0.006033333469838429,0.001435941009792534,0.09726189543182076,-0.07475733119928829,-0.09792675877267246,-0.0024536718041582874,0.3024723160045763,0.13977147521680894,0.41725467377666764,0.0,0.5198394315034303,0.16037340143837628,0.003136364641031427,85,,0.85,440,0.8563327032136105,529
KITTI,oracle,traj,JB,6,3536,250,primary,R1_mlp_clf,quota,0.2,True,,0.46436139690971423,0.3476213665537189,0.7906778460620605,0.26397280479915886,0.1486025892498538,0.5923781588398648,0.07310309235804631,0.007260320526979017,0.37519219506749946,-0.07237118067084085,-0.1913940101280346,0.17621348329264688,0.39125830455166793,0.01963456602935331,0.7668650501574228,0.015300546448087432,0.5198394315034303,0.2413933645816846,0.03800186997254955,85,,0.85,440,0.8563327032136105,529
KITTI,oracle,traj,JB,6,3536,250,primary,R1_mlp_clf,quota,0.3,True,,0.5891245648096359,0.3977217689549358,0.9259239970577379,0.3113151883264122,0.09827122851306774,0.6283565710477368,0.27994237245050235,0.033826797279533985,0.47781355093344496,-0.01935346908653912,-0.264616750679325,0.17850910519180532,0.3091821923591336,-0.07198821880616511,0.8906891040450288,0.07868852459016394,0.5198394315034303,0.3062501788553469,0.14552508374839068,85,,0.85,440,0.8563327032136105,529
KITTI,oracle,traj,JB,6,3536,250,primary,R1_mlp_clf,quota,0.5,True,,0.8585938242762804,0.5871026868384507,0.9772124333870186,0.3239744229831064,0.0889573179148139,0.4807367126386216,0.5213617685925626,0.4023710077756216,0.6038695555411351,0.015802744271019284,-0.0921047342763074,0.10603414023856811,0.33723205568371784,-0.0068576709977826,0.5655728111389491,0.03715846994535519,0.5198394315034303,0.4463309255041377,0.27102440539278067,85,,0.85,440,0.8563327032136105,529
KITTI,oracle,traj,JB,6,3536,250,primary,R1_gbm_reg,quota,0.1,True,,0.30309365372623975,0.13641325262991671,0.5860363729466843,0.23156501443737018,0.03672442443401341,0.4870044245122941,0.09449820891962196,0.0028009889884875344,0.28152312803754725,0.000533405791130682,-0.0965296961534991,0.182298585414373,0.2085954448066178,-0.12427397049175909,0.5782503187076896,0.11693989071038251,0.5198394315034303,0.15756003264534602,0.04912389520286866,85,,0.85,440,0.8563327032136105,529
KITTI,oracle,traj,JB,6,3536,250,primary,R1_gbm_reg,quota,0.2,True,,0.48527628659454836,0.2765958516150851,0.8795837714200375,0.33621382790771337,0.07710901110536231,0.6818353580239287,0.25318243931002027,0.07123836372263147,0.5053456883793689,0.05288513700621564,-0.1276850274614375,0.30631287171922444,0.2320938472845281,-0.0793296900475784,0.7858764312323244,0.08306010928961749,0.5198394315034303,0.2522657489454057,0.13161421531757267,85,,0.85,440,0.8563327032136105,529
KITTI,oracle,traj,JB,6,3536,250,primary,R1_gbm_reg,quota,0.3,True,,0.7121731519283198,0.42442890231531544,0.9108258385790984,0.4072621642657794,0.12521914197076528,0.6127146479662633,0.3697584852339573,0.1729977076378404,0.5998425981166055,0.08207541105098118,-0.12293072508095648,0.3018235154378105,0.34241466669436244,-0.03589956326976762,0.7163140560974715,0.04590163934426229,0.5198394315034303,0.3702156864304238,0.19221504075758988,85,,0.85,440,0.8563327032136105,529
KITTI,oracle,traj,JB,6,3536,250,primary,R1_gbm_reg,quota,0.5,True,,0.8279354716746993,0.7477164482275938,0.9219578018489314,0.33344094606455416,0.2508037420067574,0.4252129490412737,0.7347498835021349,0.6317402481534814,0.8715482909919339,0.2380769517515647,0.13325904055215834,0.37433153662281565,0.0931855881725644,-0.07067164324998162,0.2690581875139142,0.1814207650273224,0.5198394315034303,0.43039350491690004,0.3819519617369614,85,,0.85,440,0.8563327032136105,529
KITTI,oracle,traj,JB,6,3536,250,primary,R1_gbm_clf,quota,0.1,True,,0.31537575896224773,0.18526117484198318,0.5789340672640574,0.2350841958070908,0.085369138074948,0.48012900547935583,0.14973068143756874,0.0398631236884698,0.23656653311022258,0.04223506172518435,-0.05921945072495483,0.13662973144868357,0.165645077524679,0.00272019309779764,0.481086332371443,0.013114754098360656,0.5198394315034303,0.1639447552488977,0.07783591231712694,85,,0.85,440,0.8563327032136105,529
KITTI,oracle,traj,JB,6,3536,250,primary,R1_gbm_clf,quota,0.2,True,,0.485957209844271,0.294097291819145,0.8090308028705029,0.32519454617528837,0.09451107395883253,0.6115435389091689,0.29822123401571854,0.10948858045197837,0.45955998071500365,0.07468372699441726,-0.08935185375412438,0.2603597464674997,0.18773597582855245,-0.022682412200456685,0.6686058881740786,0.04262295081967213,0.5198394315034303,0.252619719700439,0.15502715675298256,85,,0.85,440,0.8563327032136105,529
KITTI,oracle,traj,JB,6,3536,250,primary,R1_gbm_clf,quota,0.3,True,,0.6981492006598343,0.42046998419228176,0.9289179326726998,0.3813222203821244,0.12109364330879879,0.631328139046655,0.39916263147062425,0.271380970189747,0.5208273020270009,0.11992653356574574,-0.027827802044688814,0.2210931553267323,0.29898656918921007,0.046308871162568155,0.5371708732556557,0.0,0.5198394315034303,0.3629254835755825,0.20750047542110256,85,,0.85,440,0.8563327032136105,529
KITTI,oracle,traj,JB,6,3536,250,primary,R1_gbm_clf,quota,0.5,True,,0.9049080823281708,0.7103981829612943,0.9895442979364047,0.38086902216478147,0.21157266233471833,0.49160405027582876,0.7158102147170817,0.5207775167975769,0.8949773106043202,0.21202044356078914,0.022835731919415497,0.39681781682723094,0.18909786761108904,0.02960433394079931,0.381186560970804,0.006557377049180328,0.5198394315034303,0.47040690308033556,0.37210637508287614,85,,0.85,440,0.8563327032136105,529
KITTI,oracle,traj,JB,6,3536,250,primary,gate_ridge,budget_ms_20,0.2,True,,0.0,0.0,0.0,-0.1989386690333256,-0.19979334498310347,-0.1971525676849354,0.0,0.0,0.0,-0.1989386690333256,-0.19979334498310347,-0.1971525676849354,0.0,0.0,0.0,1.0,0.5198394315034303,0.0,0.0,85,0.0,0.85,440,0.8563327032136105,529
KITTI,oracle,traj,JB,6,3536,250,primary,gate_gbm,budget_ms_20,0.2,True,,0.0,0.0,0.0,-0.1989386690333256,-0.19979334498310347,-0.1971525676849354,0.0,0.0,0.0,-0.1989386690333256,-0.19979334498310347,-0.1971525676849354,0.0,0.0,0.0,1.0,0.5198394315034303,0.0,0.0,85,0.0,0.85,440,0.8563327032136105,529
KITTI,oracle,traj,JB,6,3536,250,primary,R1_mlp_reg,budget_ms_20,0.2,True,,0.32756915972277223,0.14760044356215712,0.6792545728564373,0.14340319488538658,-0.051355859853137065,0.48203941019455343,0.11708631195791475,0.0025636070517531346,0.25090537564480736,-0.0784485789582574,-0.19625383289518214,0.05221901190573807,0.21048284776485748,-0.09465390560155176,0.6738169869261941,0.11693989071038251,0.5198394315034303,0.17028336576834227,0.06086608184503569,85,0.16456837818364362,0.85,440,0.8563327032136105,529
KITTI,oracle,traj,JB,6,3536,250,primary,R1_mlp_clf,budget_ms_20,0.2,True,,0.40873016694697273,0.30767310511766566,0.6376478671310288,0.20766034713129694,0.10866911145369021,0.43782510266418306,0.05732707713421595,0.003037378658310722,0.3218963546198594,-0.11125118454032208,-0.19517684543008149,0.1228897952667434,0.3514030898127568,0.02775634935519783,0.6202826264157484,0.008743169398907104,0.5198394315034303,0.21247405762401644,0.029800875187204114,85,0.16456837818364362,0.85,440,0.8563327032136105,529
KITTI,oracle,traj,JB,6,3536,250,primary,R1_gbm_reg,budget_ms_20,0.2,True,,0.0,0.0,0.0,-0.1989386690333256,-0.19979334498310347,-0.1971525676849354,0.0,0.0,0.0,-0.1989386690333256,-0.19979334498310347,-0.1971525676849354,0.0,0.0,0.0,1.0,0.5198394315034303,0.0,0.0,85,0.0,0.85,440,0.8563327032136105,529
KITTI,oracle,traj,JB,6,3536,250,primary,R1_gbm_clf,budget_ms_20,0.2,True,,0.0,0.0,0.0,-0.1989386690333256,-0.19979334498310347,-0.1971525676849354,0.0,0.0,0.0,-0.1989386690333256,-0.19979334498310347,-0.1971525676849354,0.0,0.0,0.0,1.0,0.5198394315034303,0.0,0.0,85,0.0,0.85,440,0.8563327032136105,529
KITTI,oracle,traj,JB,6,3536,250,primary,gate_gbm_batched,budget_ms_20,0.2,True,,0.0,0.0,0.1098428455945591,-0.18405364533024413,-0.1996375417075698,-0.08997991887228667,0.0,0.0,0.00010220360571672736,-0.19893122149771367,-0.19979334498310347,-0.1971525676849354,0.0,-0.00010220360571672736,0.1098428455945591,0.6863387978142077,0.5198394315034303,0.0,0.0,85,0.00821577645625418,0.85,440,0.8563327032136105,529
KITTI,oracle,traj,JB,6,3536,250,dE_exact,gate_ridge,quota,0.1,True,,0.24042778771569362,0.0,0.6846927406351228,0.15002864834012905,-0.09857972479571817,0.5851778272562087,0.036658872025552625,0.002022278832983204,0.1274534738168935,-0.0655739919968617,-0.09795274023224995,0.027753294331439277,0.203768915690141,-0.07930033981024594,0.6709453819357929,0.06994535519125683,0.5198394315034303,0.12498384448375359,0.01905672719332028,85,,0.9498680738786279,379,0.9546436285097192,463
KITTI,oracle,traj,JB,6,3536,250,dE_exact,gate_ridge,quota,0.2,True,,0.45595489004931256,0.09410992453141767,0.937314789975008,0.2393230851767793,-0.10518050822588432,0.7390590492275295,0.055539095040959,0.03204994553066994,0.25432483611291906,-0.10973409564932937,-0.16756292244626206,0.0549244771420106,0.40041579500835356,-0.12645329255154242,0.8921248269442307,0.07213114754098361,0.5198394315034303,0.23702333083444369,0.02887141159230711,85,,0.9498680738786279,379,0.9546436285097192,463
KITTI,oracle,traj,JB,6,3536,250,dE_exact,gate_ridge,quota,0.3,True,,0.5382384802402096,0.18175084511620584,0.9572899781941471,0.2282070056939456,-0.11692358200615319,0.6586400360766227,0.12271268871314979,0.04236769589835807,0.384114418853884,-0.126332251011153,-0.2574510946520678,0.08460249649511525,0.4155257915270598,-0.15767466271554675,0.8992337281310497,0.12021857923497267,0.5198394315034303,0.2797975855813408,0.06379089433890119,85,,0.9498680738786279,379,0.9546436285097192,463
KITTI,oracle,traj,JB,6,3536,250,dE_exact,gate_ridge,quota,0.5,True,,0.5545415803766613,0.23333220658859935,0.9840358485462687,0.0960712003852132,-0.26493997585948914,0.4874354348165333,0.4312136868838984,0.1376963045902498,0.6220693319453743,-0.06983250986414327,-0.35868306829195384,0.1231271719846152,0.12332789349276296,-0.3077178925460129,0.7732366773742789,0.29180327868852457,0.5198394315034303,0.2882725798880174,0.2241618778462239,85,,0.9498680738786279,379,0.9546436285097192,463
KITTI,oracle,traj,JB,6,3536,250,dE_exact,gate_gbm,quota,0.1,True,,0.2910553693730437,0.13738006021779578,0.6729819577468407,0.22274766876711563,0.037573059309073426,0.573815946227165,0.0647391130625958,0.0,0.349763984878947,-0.015288200421962597,-0.09994856651541094,0.24992275826096227,0.2263162563104479,-0.2115861955116481,0.6729819577468407,0.14426229508196722,0.5198394315034303,0.15130205775090394,0.0336539437304961,85,,0.9498680738786279,379,0.9546436285097192,463
KITTI,oracle,traj,JB,6,3536,250,dE_exact,gate_gbm,quota,0.2,True,,0.5750197548262174,0.37813684927417834,0.9265480581547386,0.4098826470387138,0.18071522227078018,0.7267858042172171,0.21098714619599185,0.003027513962223702,0.6260430261433716,0.059539070662718865,-0.19547228488747423,0.42675259338606963,0.3640326086302255,-0.229773471261717,0.8136770316355488,0.13989071038251366,0.5198394315034303,0.2989179424521027,0.10967943813305553,85,,0.9498680738786279,379,0.9546436285097192,463
KITTI,oracle,traj,JB,6,3536,250,dE_exact,gate_gbm,quota,0.3,True,,0.760511248321243,0.5442456167581626,0.9833310821545223,0.4573908102462644,0.24503585641361247,0.6836055720999616,0.46749502792048,0.11904720193293593,0.7987134189781918,0.17108606940853907,-0.1784242676492153,0.5010085724722271,0.293016220400763,-0.22380784979583024,0.787780005309805,0.21092896174863388,0.5198394315034303,0.395343734979279,0.24302234954486257,85,,0.9498680738786279,379,0.9546436285097192,463
KITTI,oracle,traj,JB,6,3536,250,dE_exact,gate_gbm,quota,0.5,True,,0.9692766767776011,0.8323960017038927,0.9913783553655054,0.4488601997432428,0.33681274772585873,0.49153821432858624,0.8354573821349924,0.5593089191664113,0.9582742217571535,0.30889913932816765,0.06334838408006631,0.46136151553631716,0.13381929464260867,-0.03167241644852259,0.4070345558628572,0.07978142076502732,0.5198394315034303,0.5038682366256023,0.43430369057439855,85,,0.9498680738786279,379,0.9546436285097192,463
KITTI,oracle,traj,JB,6,3536,250,dE_exact,R1_mlp_reg,quota,0.1,True,,0.2273446422502143,0.11529608399201857,0.4241958627164888,0.13134664872999946,0.016647298303120783,0.3250998659927154,0.05327696624856003,0.002224353847172909,0.21509230368751456,-0.038535606524310054,-0.09712991251332292,0.11525806071861032,0.1740676760016543,-0.08543468808447482,0.4167519214045702,0.10273224043715846,0.5198394315034303,0.11818270958270213,0.027695467846878888,85,,0.9498680738786279,379,0.9546436285097192,463
KITTI,oracle,traj,JB,6,3536,250,dE_exact,R1_mlp_reg,quota,0.2,True,,0.4089410950023817,0.16203084073859245,0.732225542086657,0.20966765843217208,-0.037347553672153144,0.5329721801748641,0.15156744405854405,0.02127576619023645,0.31580348533739633,-0.04399568488861978,-0.1766759306762628,0.1160444227124827,0.25737365094383763,-0.13559247294077895,0.69868117365306,0.126775956284153,0.5198394315034303,0.21258370634442836,0.07879073395382151,85,,0.9498680738786279,379,0.9546436285097192,463
KITTI,oracle,traj,JB,6,3536,250,dE_exact,R1_mlp_reg,quota,0.3,True,,0.5983482238539645,0.35074823939392374,0.8515813977549849,0.27632404619065226,0.051941652129702025,0.5538541768506018,0.3074972447534657,0.04280066346182394,0.5530489828289397,0.006073227855172241,-0.25518728054776785,0.25377472924766836,0.2908509791004988,-0.154896899335116,0.8022783843523037,0.16830601092896175,0.5198394315034303,0.3110450005293321,0.15984919290151275,85,,0.9498680738786279,379,0.9546436285097192,463
KITTI,oracle,traj,JB,6,3536,250,dE_exact,R1_mlp_reg,quota,0.5,True,,0.7734958233604255,0.6190835878396412,0.9465409610499338,0.2746597491780692,0.11977952391061522,0.45060701498101496,0.6234491093664137,0.5260603418108843,0.7104972395664366,0.13521775758020954,0.032916052508299265,0.21092012855099518,0.15004671399401182,-0.03997742769949298,0.3845532415014269,0.08633879781420765,0.5198394315034303,0.40209362908596136,0.3240934305843564,85,,0.9498680738786279,379,0.9546436285097192,463
KITTI,oracle,traj,JB,6,3536,250,dE_exact,R1_mlp_clf,quota,0.1,True,,0.3085056494744147,0.17780702909555832,0.42406019042367465,0.19628174139465626,0.0785114233237476,0.3240047647642603,0.03350245855696063,-0.0002983278949149999,0.18194630486630084,-0.052514531302287476,-0.09977837377112389,0.08247498938883423,0.27500319091745407,0.09121228659952262,0.38948076624050265,0.002185792349726776,0.5198394315034303,0.16037340143837628,0.017415899010217645,85,,0.9498680738786279,379,0.9546436285097192,463
KITTI,oracle,traj,JB,6,3536,250,dE_exact,R1_mlp_clf,quota,0.2,True,,0.46436139690971423,0.3476213665537189,0.7906778460620605,0.26397280479915886,0.1486025892498538,0.5923781588398648,0.09812562631091189,0.0026398841368073796,0.3401119927786842,-0.08673174588939489,-0.1961009096050827,0.1415036103893755,0.36623577059880236,0.055097333255311354,0.7808784090261273,0.002185792349726776,0.5198394315034303,0.2413933645816846,0.05100956979738248,85,,0.9498680738786279,379,0.9546436285097192,463
KITTI,oracle,traj,JB,6,3536,250,dE_exact,R1_mlp_clf,quota,0.3,True,,0.5891245648096359,0.3977217689549358,0.9259239970577379,0.3113151883264122,0.09827122851306774,0.6283565710477368,0.20053804860269103,0.0105338074280592,0.4339081128547138,-0.10379091131023566,-0.2875529357990325,0.1345154644968681,0.3885865162069449,-0.01340543142881057,0.9135576233806244,0.03278688524590164,0.5198394315034303,0.3062501788553469,0.10424758518043017,85,,0.9498680738786279,379,0.9546436285097192,463
KITTI,oracle,traj,JB,6,3536,250,dE_exact,R1_mlp_clf,quota,0.5,True,,0.8585938242762804,0.5871026868384507,0.9772124333870186,0.3239744229831064,0.0889573179148139,0.4807367126386216,0.5264515309548706,0.13762549142295707,0.6416888363104734,-0.011988449325910606,-0.36014344053680625,0.1428608426255902,0.33214229332140977,-0.06422819727328809,0.8378648166509274,0.073224043715847,0.5198394315034303,0.4463309255041377,0.2736702645656905,85,,0.9498680738786279,379,0.9546436285097192,463
KITTI,oracle,traj,JB,6,3536,250,dE_exact,R1_gbm_reg,quota,0.1,True,,0.30309365372623975,0.13641325262991671,0.5860363729466843,0.23156501443737018,0.03672442443401341,0.4870044245122941,0.06772919405601305,0.0037480528569904022,0.24361250036350254,-0.02349073034852156,-0.0958579444830616,0.14373662139353185,0.2353644596702267,-0.10717694782335935,0.5720816925852402,0.08961748633879782,0.5198394315034303,0.15756003264534602,0.03520830573426333,85,,0.9498680738786279,379,0.9546436285097192,463
KITTI,oracle,traj,JB,6,3536,250,dE_exact,R1_gbm_reg,quota,0.2,True,,0.48527628659454836,0.2765958516150851,0.8795837714200375,0.33621382790771337,0.07710901110536231,0.6818353580239287,0.14775539909122787,0.035653748542186225,0.6020589079134999,0.00813354918542085,-0.1636365570008654,0.4022832124939277,0.3375208875033205,-0.24013120498784865,0.8414757832921047,0.16612021857923498,0.5198394315034303,0.2522657489454057,0.07680908266514636,85,,0.9498680738786279,379,0.9546436285097192,463
KITTI,oracle,traj,JB,6,3536,250,dE_exact,R1_gbm_reg,quota,0.3,True,,0.7121731519283198,0.42442890231531544,0.9108258385790984,0.4072621642657794,0.12521914197076528,0.6127146479662633,0.30609117354598564,0.04609262395815675,0.7536583386447461,0.03653686599800224,-0.251895320051435,0.45459564540789926,0.4060819783823341,-0.2353397577888694,0.8519876676722414,0.14098360655737704,0.5198394315034303,0.3702156864304238,0.159118261644363,85,,0.9498680738786279,379,0.9546436285097192,463
KITTI,oracle,traj,JB,6,3536,250,dE_exact,R1_gbm_reg,quota,0.5,True,,0.8279354716746993,0.7477164482275938,0.9219578018489314,0.33344094606455416,0.2508037420067574,0.4252129490412737,0.5844678594583042,0.20542045276917645,0.857478470823118,0.10104376176415865,-0.2910134239748544,0.3591977961156099,0.24346761221639512,-0.0925728712969178,0.6920176103523221,0.1726775956284153,0.5198394315034303,0.43039350491690004,0.3038294397928316,85,,0.9498680738786279,379,0.9546436285097192,463
KITTI,oracle,traj,JB,6,3536,250,dE_exact,R1_gbm_clf,quota,0.1,True,,0.31537575896224773,0.18526117484198318,0.5789340672640574,0.2350841958070908,0.085369138074948,0.48012900547935583,0.2558836226669886,0.05945047916159759,0.3964065692393702,0.1282012639707361,-0.03984109077555856,0.2966822686302467,0.059492136295259124,-0.1659572214433248,0.4652328568047128,0.2677595628415301,0.5198394315034303,0.1639447552488977,0.13301839693824563,85,,0.9498680738786279,379,0.9546436285097192,463
KITTI,oracle,traj,JB,6,3536,250,dE_exact,R1_gbm_clf,quota,0.2,True,,0.485957209844271,0.294097291819145,0.8090308028705029,0.32519454617528837,0.09451107395883253,0.6115435389091689,0.3874912579723895,0.11575109420853195,0.6106278596251778,0.1738295325543715,-0.08254879230152377,0.41116993193137863,0.09846595187188151,-0.2731720565597661,0.6521457353595906,0.3005464480874317,0.5198394315034303,0.252619719700439,0.20143323525691598,85,,0.9498680738786279,379,0.9546436285097192,463
KITTI,oracle,traj,JB,6,3536,250,dE_exact,R1_gbm_clf,quota,0.3,True,,0.6981492006598343,0.42046998419228176,0.9289179326726998,0.3813222203821244,0.12109364330879879,0.631328139046655,0.4681071798558226,0.16200889604666777,0.6967172919847227,0.16921470023693494,-0.13472772993179238,0.396853298664134,0.2300420208040117,-0.1452453828672877,0.7487386231921441,0.22513661202185792,0.5198394315034303,0.3629254835755825,0.2433405702589248,85,,0.9498680738786279,379,0.9546436285097192,463
KITTI,oracle,traj,JB,6,3536,250,dE_exact,R1_gbm_clf,quota,0.5,True,,0.9049080823281708,0.7103981829612943,0.9895442979364047,0.38086902216478147,0.21157266233471833,0.49160405027582876,0.6781634877483356,0.37431091510903797,0.8872586454876008,0.19017189490204411,-0.123667651643799,0.38831231844418357,0.2267445945798352,-0.1326662767827587,0.5960641750227124,0.23278688524590163,0.5198394315034303,0.47040690308033556,0.35253612193747824,85,,0.9498680738786279,379,0.9546436285097192,463
KITTI,oracle,traj,JB,6,3536,250,dE_E6_risk_weighted,gate_ridge,quota,0.1,True,,0.24042778771569362,0.0,0.6846927406351228,0.15002864834012905,-0.09857972479571817,0.5851778272562087,0.0066251642509026504,0.0010879576244576987,0.09934133623749036,-0.0823173848977332,-0.09851835943503175,-0.0006743023959368266,0.23380262346479097,-0.0061028728016764,0.6600261330122615,0.03934426229508197,0.5198394315034303,0.12498384448375359,0.003444021617806083,85,,0.9436997319034852,373,0.9477272727272728,440
KITTI,oracle,traj,JB,6,3536,250,dE_E6_risk_weighted,gate_ridge,quota,0.2,True,,0.45595489004931256,0.09410992453141767,0.937314789975008,0.2393230851767793,-0.10518050822588432,0.7390590492275295,0.009818208779217269,0.006406635372676183,0.3057502425438445,-0.13298303476817355,-0.1930314412962114,0.10561903548833872,0.4461366812700953,-0.08672498072735746,0.914257844681988,0.06885245901639345,0.5198394315034303,0.23702333083444369,0.005103892070170293,85,,0.9436997319034852,373,0.9477272727272728,440
KITTI,oracle,traj,JB,6,3536,250,dE_E6_risk_weighted,gate_ridge,quota,0.3,True,,0.5382384802402096,0.18175084511620584,0.9572899781941471,0.2282070056939456,-0.11692358200615319,0.6586400360766227,0.11624789799355766,0.02128905685213842,0.38834382180958754,-0.1436641463630255,-0.27669888715745333,0.08866079996427795,0.4219905822466519,-0.13176150013814858,0.9179832798299447,0.09508196721311475,0.5198394315034303,0.2797975855813408,0.060430241206439764,85,,0.9436997319034852,373,0.9477272727272728,440
KITTI,oracle,traj,JB,6,3536,250,dE_E6_risk_weighted,gate_ridge,quota,0.5,True,,0.5545415803766613,0.23333220658859935,0.9840358485462687,0.0960712003852132,-0.26493997585948914,0.4874354348165333,0.3293740227086311,0.1244793847190472,0.6080326527620702,-0.14344853628685353,-0.37195449202498365,0.10873129882648364,0.22516755766803026,-0.30603781071386543,0.8393155745739506,0.28743169398907104,0.5198394315034303,0.2882725798880174,0.17122160471685272,85,,0.9436997319034852,373,0.9477272727272728,440
KITTI,oracle,traj,JB,6,3536,250,dE_E6_risk_weighted,gate_gbm,quota,0.1,True,,0.2910553693730437,0.13738006021779578,0.6729819577468407,0.22274766876711563,0.037573059309073426,0.573815946227165,0.10233591153234686,0.003620018347469935,0.4674406735358626,0.047129538314042624,-0.09575037852347511,0.36771637292673914,0.18871945784069685,-0.29928538846115427,0.6575593268142038,0.23387978142076501,0.5198394315034303,0.15130205775090394,0.053198242073360526,85,,0.9436997319034852,373,0.9477272727272728,440
KITTI,oracle,traj,JB,6,3536,250,dE_E6_risk_weighted,gate_gbm,quota,0.2,True,,0.5750197548262174,0.37813684927417834,0.9265480581547386,0.4098826470387138,0.18071522227078018,0.7267858042172171,0.34264080346372566,0.011548541927723008,0.6101361529550814,0.13513645509707073,-0.18615997979461138,0.4105775520304067,0.2323789513624917,-0.21631022174037368,0.7006622723246401,0.1540983606557377,0.5198394315034303,0.2989179424521027,0.1781182004824617,85,,0.9436997319034852,373,0.9477272727272728,440
KITTI,oracle,traj,JB,6,3536,250,dE_E6_risk_weighted,gate_gbm,quota,0.3,True,,0.760511248321243,0.5442456167581626,0.9833310821545223,0.4573908102462644,0.24503585641361247,0.6836055720999616,0.4202991157123846,0.06776217826582866,0.7277076993148126,0.12906233690136212,-0.22677491460720095,0.428945951080044,0.34021213260885835,-0.09729015977250577,0.7832421858381418,0.10163934426229508,0.5198394315034303,0.395343734979279,0.21848805337332047,85,,0.9436997319034852,373,0.9477272727272728,440
KITTI,oracle,traj,JB,6,3536,250,dE_E6_risk_weighted,gate_gbm,quota,0.5,True,,0.9692766767776011,0.8323960017038927,0.9913783553655054,0.4488601997432428,0.33681274772585873,0.49153821432858624,0.5979193595185681,0.22401211473003252,0.8544584508275492,0.10161329131832514,-0.2724630532607312,0.35771345528558235,0.371357317259033,0.11896438198121703,0.7188502962777998,0.001092896174863388,0.5198394315034303,0.5038682366256023,0.3108220599370276,85,,0.9436997319034852,373,0.9477272727272728,440
KITTI,oracle,traj,JB,6,3536,250,dE_E6_risk_weighted,R1_mlp_reg,quota,0.1,True,,0.2273446422502143,0.11529608399201857,0.4241958627164888,0.13134664872999946,0.016647298303120783,0.3250998659927154,0.0033712815426312267,0.0008912930211764469,0.14586126088507054,-0.06962368251469628,-0.09892551805271536,0.04594259833312659,0.22397336070758309,-0.012447754956173193,0.41526966758162764,0.033879781420765025,0.5198394315034303,0.11818270958270213,0.0017525250805594244,85,,0.9436997319034852,373,0.9477272727272728,440
KITTI,oracle,traj,JB,6,3536,250,dE_E6_risk_weighted,R1_mlp_reg,quota,0.2,True,,0.4089410950023817,0.16203084073859245,0.732225542086657,0.20966765843217208,-0.037347553672153144,0.5329721801748641,0.10504950118095839,0.020125464698835693,0.27669819570682386,-0.08041656304016778,-0.17810355496006564,0.0770858295729329,0.3038915938214233,-0.10570334068637162,0.6906112898210255,0.07540983606557378,0.5198394315034303,0.21258370634442836,0.054608872973628333,85,,0.9436997319034852,373,0.9477272727272728,440
KITTI,oracle,traj,JB,6,3536,250,dE_E6_risk_weighted,R1_mlp_reg,quota,0.3,True,,0.5983482238539645,0.35074823939392374,0.8515813977549849,0.27632404619065226,0.051941652129702025,0.5538541768506018,0.20139328053372105,0.037171975558130683,0.353879408225785,-0.11019332958471116,-0.2614213071438905,0.05511765999101642,0.3969549433202434,0.03313217540742247,0.81186277473389,0.012021857923497269,0.5198394315034303,0.3110450005293321,0.1046921684612604,85,,0.9436997319034852,373,0.9477272727272728,440
KITTI,oracle,traj,JB,6,3536,250,dE_E6_risk_weighted,R1_mlp_reg,quota,0.5,True,,0.7734958233604255,0.6190835878396412,0.9465409610499338,0.2746597491780692,0.11977952391061522,0.45060701498101496,0.39843702185716495,0.2690244691438764,0.4547619177835085,-0.11075658399226426,-0.2289157785166996,-0.04223897625911609,0.3750588015032606,0.18484282225032264,0.6543281333028784,0.0,0.5198394315034303,0.40209362908596136,0.20712327493214844,85,,0.9436997319034852,373,0.9477272727272728,440
KITTI,oracle,traj,JB,6,3536,250,dE_E6_risk_weighted,R1_mlp_clf,quota,0.1,True,,0.3085056494744147,0.17780702909555832,0.42406019042367465,0.19628174139465626,0.0785114233237476,0.3240047647642603,0.016902544715877522,-0.0003939602516137057,0.09640997988456286,-0.07280228324052242,-0.09984566654910722,-0.0032296464537438247,0.2916031047585372,0.14315320563990405,0.403823312283306,0.0,0.5198394315034303,0.16037340143837628,0.00878660923606308,85,,0.9436997319034852,373,0.9477272727272728,440
KITTI,oracle,traj,JB,6,3536,250,dE_E6_risk_weighted,R1_mlp_clf,quota,0.2,True,,0.46436139690971423,0.3476213665537189,0.7906778460620605,0.26397280479915886,0.1486025892498538,0.5923781588398648,0.06771099355690025,0.004586768532963329,0.2900406156863185,-0.1195766309277308,-0.19407899955331728,0.08987065834689414,0.396650403352814,0.1000588517611103,0.7818449026309326,0.0,0.5198394315034303,0.2413933645816846,0.03519884439715145,85,,0.9436997319034852,373,0.9477272727272728,440
KITTI,oracle,traj,JB,6,3536,250,dE_E6_risk_weighted,R1_mlp_clf,quota,0.3,True,,0.5891245648096359,0.3977217689549358,0.9259239970577379,0.3113151883264122,0.09827122851306774,0.6283565710477368,0.13675040469047273,0.03697542432997722,0.3671057266213375,-0.14303342115994225,-0.2615031363798588,0.06781685831112363,0.4523741601191632,0.03945714003770774,0.8812725337668887,0.001092896174863388,0.5198394315034303,0.3062501788553469,0.07108825263215937,85,,0.9436997319034852,373,0.9477272727272728,440
KITTI,oracle,traj,JB,6,3536,250,dE_E6_risk_weighted,R1_mlp_clf,quota,0.5,True,,0.8585938242762804,0.5871026868384507,0.9772124333870186,0.3239744229831064,0.0889573179148139,0.4807367126386216,0.5092802878734939,0.19260113485045538,0.6462620414662908,0.0052955316407227605,-0.30461268303602923,0.14773745511557315,0.3493135364027865,-0.03825138963526492,0.770233583923765,0.05792349726775956,0.5198394315034303,0.4463309255041377,0.26474397532406035,85,,0.9436997319034852,373,0.9477272727272728,440
KITTI,oracle,traj,JB,6,3536,250,dE_E6_risk_weighted,R1_gbm_reg,quota,0.1,True,,0.30309365372623975,0.13641325262991671,0.5860363729466843,0.23156501443737018,0.03672442443401341,0.4870044245122941,0.035052246615678004,0.007214478265093885,0.1873100824780777,-0.043441558895825086,-0.0921452927174506,0.08760215672925672,0.26804140711056174,-0.02732236258406057,0.5725597207948406,0.04918032786885246,0.5198394315034303,0.15756003264534602,0.01822153995361209,85,,0.9436997319034852,373,0.9477272727272728,440
KITTI,oracle,traj,JB,6,3536,250,dE_E6_risk_weighted,R1_gbm_reg,quota,0.2,True,,0.48527628659454836,0.2765958516150851,0.8795837714200375,0.33621382790771337,0.07710901110536231,0.6818353580239287,0.12335524130886673,0.0397678846788534,0.4475120707885877,-0.03549564419194609,-0.15946985525171453,0.24773637536901544,0.36192104528568164,-0.11840195666854969,0.8301816790556587,0.10273224043715846,0.5198394315034303,0.2522657489454057,0.06412491851496974,85,,0.9436997319034852,373,0.9477272727272728,440
KITTI,oracle,traj,JB,6,3536,250,dE_E6_risk_weighted,R1_gbm_reg,quota,0.3,True,,0.7121731519283198,0.42442890231531544,0.9108258385790984,0.4072621642657794,0.12521914197076528,0.6127146479662633,0.2577513462254185,0.0508069513155861,0.6020733526323173,-0.0016385154857616094,-0.24718099269400567,0.3024748494654401,0.45442180570290125,-0.10582431414863858,0.8481706306534759,0.09726775956284153,0.5198394315034303,0.3702156864304238,0.1339893132910654,85,,0.9436997319034852,373,0.9477272727272728,440
KITTI,oracle,traj,JB,6,3536,250,dE_E6_risk_weighted,R1_gbm_reg,quota,0.5,True,,0.8279354716746993,0.7477164482275938,0.9219578018489314,0.33344094606455416,0.2508037420067574,0.4252129490412737,0.5436779223781267,0.3077231562939512,0.7262906161898771,0.04183311867878765,-0.1882174960925979,0.2270249377198119,0.28425754929657254,0.027819297480915717,0.5986367269827751,0.006557377049180328,0.5198394315034303,0.43039350491690004,0.2826252220900115,85,,0.9436997319034852,373,0.9477272727272728,440
KITTI,oracle,traj,JB,6,3536,250,dE_E6_risk_weighted,R1_gbm_clf,quota,0.1,True,,0.31537575896224773,0.18526117484198318,0.5789340672640574,0.2350841958070908,0.085369138074948,0.48012900547935583,0.14806780107612397,0.038329955351183526,0.2306740327530448,0.03717896732669791,-0.060657898956937115,0.13084997713805463,0.16730795788612376,-0.00797565051557686,0.47608658461054754,0.03934426229508197,0.5198394315034303,0.1639447552488977,0.07697148153537528,85,,0.9436997319034852,373,0.9477272727272728,440
KITTI,oracle,traj,JB,6,3536,250,dE_E6_risk_weighted,R1_gbm_clf,quota,0.2,True,,0.485957209844271,0.294097291819145,0.8090308028705029,0.32519454617528837,0.09451107395883253,0.6115435389091689,0.2649719996280772,0.199720282053785,0.3744290138273048,0.08036172201578956,0.0019309841348345764,0.17462456891415246,0.22098521021619377,-0.04804413259018079,0.6014819525087581,0.06229508196721312,0.5198394315034303,0.252619719700439,0.1377428936509868,85,,0.9436997319034852,373,0.9477272727272728,440
KITTI,oracle,traj,JB,6,3536,250,dE_E6_risk_weighted,R1_gbm_clf,quota,0.3,True,,0.6981492006598343,0.42046998419228176,0.9289179326726998,0.3813222203821244,0.12109364330879879,0.631328139046655,0.4672630129773014,0.24175938191961893,0.6451494321252781,0.16021605001526307,-0.05542737031199151,0.34598293219000575,0.23088618768253294,-0.08861318432790366,0.6518135727015247,0.11256830601092896,0.5198394315034303,0.3629254835755825,0.2429017390287003,85,,0.9436997319034852,373,0.9477272727272728,440
KITTI,oracle,traj,JB,6,3536,250,dE_E6_risk_weighted,R1_gbm_clf,quota,0.5,True,,0.9049080823281708,0.7103981829612943,0.9895442979364047,0.38086902216478147,0.21157266233471833,0.49160405027582876,0.5844954794164618,0.3632982786123393,0.7631251112147754,0.09175067560211447,-0.13291196172258574,0.26490803841164595,0.3204126029117089,-0.000994073417652469,0.6149716426098701,0.02622950819672131,0.5198394315034303,0.47040690308033556,0.3038437977361785,85,,0.9436997319034852,373,0.9477272727272728,440
KITTI,mono,brake,J,6,3536,1508,primary,gate_ridge,quota,0.1,True,,0.03404858335391997,-0.006766185481376426,0.22906544040565488,0.014226765456126063,-0.08775927150731029,0.1592840044087781,0.0016695754188102414,-0.046424068507901116,0.05318604596976409,-0.03876409549001642,-0.10015938598786349,0.017758675840720717,0.03237900793510973,-0.038654605125475576,0.221796066589977,0.16016016016016016,0.25688310946947013,0.008746505964985402,0.0004288857250777677,1,,0.6885838150289018,1384,0.6949934123847167,1518
KITTI,mono,brake,J,6,3536,1508,primary,gate_ridge,quota,0.2,True,,0.14930733082883615,0.035965750393943514,0.23056572505205897,0.05627009123698293,-0.08159146971040449,0.1442344900045067,0.06604618152051703,-0.07535219214000144,0.16287958996637641,-0.017043788919602936,-0.11214024490461562,0.053608088038670385,0.08326114930831913,-0.09687879907021169,0.21137060022697296,0.22188755020080322,0.2917041401751494,0.043553566561272225,0.019265944592294262,4,,0.6885838150289018,1384,0.6949934123847167,1518
KITTI,mono,brake,J,6,3536,1508,primary,gate_ridge,quota,0.3,True,,0.2328304911763842,0.03626244620716739,0.2825080815680811,0.08842688201812722,-0.056368524110147956,0.2063010850638224,0.16135516573726452,-0.057787408585176725,0.30849069343552105,0.039110685406184904,-0.06850290325501741,0.13178711832771628,0.07147532543911969,-0.12100465723498893,0.2587755893767565,0.3102409638554217,0.2920562822090154,0.06799960763787374,0.04712478982044498,4,,0.6885838150289018,1384,0.6949934123847167,1518
KITTI,mono,brake,J,6,3536,1508,primary,gate_ridge,quota,0.5,True,,0.16039431393943074,0.0046026215852173384,0.4028861696675871,0.03208714643799625,-0.10747800584764655,0.25361743397391157,0.29509521517946946,-0.105140548268679,0.46797321574596074,0.06858493404879554,-0.06970391114449967,0.16455402907027306,-0.13470090124003872,-0.22876088956848006,0.22251451707036737,0.6516064257028112,0.2920562822090154,0.0468441670166158,0.08618441144298526,4,,0.6885838150289018,1384,0.6949934123847167,1518
KITTI,mono,brake,J,6,3536,1508,primary,gate_gbm,quota,0.1,True,,0.060128389442166044,-0.010419476640496488,0.2311925635150317,0.03349485007787476,-0.06908701640361219,0.17698372159469605,0.0014574881803536479,-0.03822690299734398,0.038012904778745395,-0.04295416420398329,-0.09434730264130892,0.0030234678989627794,0.058670901261812396,-0.019701357485254794,0.2422254327789366,0.07707707707707707,0.25688310946947013,0.015445967647294872,0.00037440409578424496,1,,0.6885838150289018,1384,0.6949934123847167,1518
KITTI,mono,brake,J,6,3536,1508,primary,gate_gbm,quota,0.2,True,,0.11341785944589929,0.04040296589889326,0.3147568150417179,0.0649125565976761,-0.0664724176523753,0.21658449890562248,0.016344207565487042,-0.06564702058955325,0.09541645592655658,-0.05253480608151898,-0.10805585062263343,0.007600754421497477,0.09707365188041224,-0.01920785425161251,0.3115476079687203,0.045180722891566265,0.2917041401751494,0.033084459170172,0.0047676730147345695,4,,0.6885838150289018,1384,0.6949934123847167,1518
KITTI,mono,brake,J,6,3536,1508,primary,gate_gbm,quota,0.3,True,,0.22757381272329674,0.06359733792992095,0.4467251048601807,0.1277568828852334,-0.04928965803529153,0.26188279435123457,0.010001520052330591,-0.13606257688269702,0.1412504462248056,-0.07393514460566757,-0.14184039545824345,0.028370900901657586,0.21757229267096614,0.019710390323844668,0.3854090103056915,0.006024096385542169,0.2920562822090154,0.06646436167209678,0.0029210067629225895,4,,0.6885838150289018,1384,0.6949934123847167,1518
KITTI,mono,brake,J,6,3536,1508,primary,gate_gbm,quota,0.5,True,,0.3661989805366657,0.030735819475995223,0.6131670209743201,0.18693697502651985,0.07659177168021941,0.2757684062493835,0.098695954969692,-0.08185323973211757,0.25182236237307404,-0.055152810820874254,-0.1875396927279434,0.046609492417256135,0.2675030255669737,0.08648833708968005,0.43282940140963566,0.0,0.2920562822090154,0.10695071280427018,0.02882477367751664,4,,0.6885838150289018,1384,0.6949934123847167,1518
KITTI,mono,brake,J,6,3536,1508,primary,R1_mlp_reg,quota,0.1,True,,0.0731725124671035,-0.01963127313714383,0.26634735498882106,0.04392282738860778,-0.016048438544045165,0.19407340869922957,-0.00647647293524046,-0.08002019662866165,0.08458779959609286,-0.04603520127338363,-0.10070462420085868,-0.0013357823631399682,0.07964898540234397,0.0023636593414174123,0.25130525615180294,0.021021021021021023,0.25688310946947013,0.018796782530243118,-0.0016636965059994356,1,,0.6885838150289018,1384,0.6949934123847167,1518
KITTI,mono,brake,J,6,3536,1508,primary,R1_mlp_reg,quota,0.2,True,,0.17441354498483397,0.019565670575455107,0.3424607240892483,0.09455190009925757,0.0061951181940027794,0.21959051689368955,0.01923324039248435,-0.07461330219103485,0.15948874197520482,-0.0353373874532715,-0.09293354350275139,0.01792834156914822,0.1551803045923496,-0.002321705243355076,0.2664483340607607,0.03112449799196787,0.2917041401751494,0.050877153174700734,0.0056104158514716,4,,0.6885838150289018,1384,0.6949934123847167,1518
KITTI,mono,brake,J,6,3536,1508,primary,R1_mlp_reg,quota,0.3,True,,0.26769833960723205,0.014872893740577943,0.4310773945670617,0.14797251486802915,0.03483456214071797,0.2556501115801208,0.09986478083196415,-0.03917358260790886,0.2375971846360279,0.0017669144221285384,-0.06448290875567488,0.06375230682246481,0.1678335587752679,-0.012088945795366889,0.2647143034680205,0.04618473895582329,0.2920562822090154,0.07818298181921461,0.029166136613401596,4,,0.6885838150289018,1384,0.6949934123847167,1518
KITTI,mono,brake,J,6,3536,1508,primary,R1_mlp_reg,quota,0.5,True,,0.3915251627774832,-0.03846201935029165,0.615277221673407,0.18200361869800138,0.006029161756153921,0.2658873589121173,0.2634570648016925,0.030338793710204502,0.4302596279775157,0.08473500306826941,0.038978711445581626,0.13776614716150254,0.12806809797579072,-0.12643880125158036,0.21616946459141698,0.10943775100401607,0.2920562822090154,0.11434738343207133,0.07694429086768197,4,,0.6885838150289018,1384,0.6949934123847167,1518
KITTI,mono,brake,J,6,3536,1508,primary,R1_mlp_clf,quota,0.1,True,,0.07742124619458171,-0.019072347717943486,0.19104466942437,0.03308812255511956,-0.026258959009166267,0.1206941790384389,0.05989687296865869,-0.03516419581259277,0.08413605401270445,0.008288933184266371,-0.06510607595800448,0.09132703211043537,0.01752437322592302,-0.08819062986385569,0.13223415153216728,0.2862862862862863,0.25688310946947013,0.019888210461465532,0.015386494975686896,1,,0.6885838150289018,1384,0.6949934123847167,1518
KITTI,mono,brake,J,6,3536,1508,primary,R1_mlp_clf,quota,0.2,True,,0.16844804900571136,-0.019104580298034902,0.3090938943313606,0.08350155699396204,-0.01975239819191781,0.19285573345385473,0.04501706749021231,-0.022712903629649776,0.1759006001094406,0.0020605491256270874,-0.07223893523891745,0.14052060784556805,0.12343098151549906,-0.10963105726794915,0.2185145729910209,0.11947791164658635,0.2917041401751494,0.049136993299392466,0.013131664965439053,4,,0.6885838150289018,1384,0.6949934123847167,1518
KITTI,mono,brake,J,6,3536,1508,primary,R1_mlp_clf,quota,0.3,True,,0.23163325241312896,-0.01126561305189654,0.3822165945127484,0.11316416849501564,0.0042483841438626935,0.21343835173841394,0.10970764089401586,0.011408740808816828,0.2679369892450411,0.016167180831685515,-0.04257952870104364,0.08799439690884064,0.1219256115191131,-0.05887856682342789,0.24374221415616,0.08835341365461848,0.2920562822090154,0.0676499465357609,0.03204080572942802,4,,0.6885838150289018,1384,0.6949934123847167,1518
KITTI,mono,brake,J,6,3536,1508,primary,R1_mlp_clf,quota,0.5,True,,0.34293893278194976,0.0045898930517499666,0.5334573471934452,0.14094444798759098,0.02589395263811836,0.2494233163356256,0.2549679912503207,0.07598288860988087,0.40599519897630615,0.07081263124394448,-0.02355586533954755,0.17632402898016422,0.08797094153162904,-0.12015958014464968,0.21997572170194662,0.19477911646586346,0.2920562822090154,0.10015746973302368,0.07446500360686945,4,,0.6885838150289018,1384,0.6949934123847167,1518
KITTI,mono,brake,J,6,3536,1508,primary,R1_gbm_reg,quota,0.1,True,,0.08484189079980796,1.0651170587070836e-05,0.3435667968443773,0.06308053535456443,-0.00041080221232711036,0.2600388693776978,0.07150454427715586,-0.043876530263109115,0.1502649013753685,0.031058672445995427,-0.0687342039819337,0.15609262229740598,0.013337346522652102,-0.11651949940841572,0.22021272775653605,0.26426426426426425,0.25688310946947013,0.0217944487219239,0.0183683096751132,1,,0.6885838150289018,1384,0.6949934123847167,1518
KITTI,mono,brake,J,6,3536,1508,primary,R1_gbm_reg,quota,0.2,True,,0.203208438970616,0.04658551493521532,0.3897492922080941,0.12000657115869293,0.005097697926972705,0.2908767338996285,0.052889194352304846,-0.03831406347980674,0.15997422834702257,0.0036345757354955583,-0.06426644826635336,0.11807824694861534,0.15031924461831114,-0.04404828390087677,0.3002647946163524,0.06124497991967871,0.2917041401751494,0.05927674296625786,0.015427996963095452,4,,0.6885838150289018,1384,0.6949934123847167,1518
KITTI,mono,brake,J,6,3536,1508,primary,R1_gbm_reg,quota,0.3,True,,0.330367976670491,0.07706462530081304,0.4887518610596038,0.1873376297980948,0.02231145931981313,0.3123518422450177,0.11106293775985279,-0.02370580967531656,0.235572490758775,0.01245091955734906,-0.055685829603649054,0.1263861736460749,0.2193050389106382,-0.014246606916784702,0.3180296453696387,0.03815261044176707,0.2920562822090154,0.09648604302729834,0.03243662869335388,4,,0.6885838150289018,1384,0.6949934123847167,1518
KITTI,mono,brake,J,6,3536,1508,primary,R1_gbm_reg,quota,0.5,True,,0.399459912628632,-0.0034390578319204853,0.663459798940736,0.20290531553390842,0.04674876065537675,0.3023054044122509,0.2375905831043419,-0.03216473223988855,0.4149596102434537,0.056827132450883056,-0.011635699543612273,0.1309370683126719,0.16186932952429012,-0.029094950069591733,0.27588581765189735,0.071285140562249,0.2920562822090154,0.1166647769738564,0.0693898223893262,4,,0.6885838150289018,1384,0.6949934123847167,1518
KITTI,mono,brake,J,6,3536,1508,primary,R1_gbm_clf,quota,0.1,True,,0.15782553061292737,-0.011843627904795387,0.3728926273799276,0.11518140978060432,-0.0019863544527397147,0.2863483553013916,0.0921069047391976,-0.011011384715852878,0.18207628611764737,0.04732171151615874,-0.012289654183471247,0.1362477933058292,0.06571862587372977,-0.05199483899616057,0.21904643317319966,0.07907907907907907,0.25688310946947013,0.04054271305751783,0.023660708093013353,1,,0.6885838150289018,1384,0.6949934123847167,1518
KITTI,mono,brake,J,6,3536,1508,primary,R1_gbm_clf,quota,0.2,True,,0.2200246211351387,-0.06689710393682555,0.38910851251721573,0.13374936197208726,-0.04833669971651709,0.2720592010831756,0.14176168924653804,0.013466999336517247,0.221337365715047,0.06252045056091894,0.0010596169468401057,0.13138971658029003,0.07826293188860067,-0.14825048251433218,0.2215283984604112,0.10040160642570281,0.2917041401751494,0.06418209292558864,0.0413524716714381,4,,0.6885838150289018,1384,0.6949934123847167,1518
KITTI,mono,brake,J,6,3536,1508,primary,R1_gbm_clf,quota,0.3,True,,0.28665397485365995,-0.09092286176684487,0.48569027423043076,0.14233892475929436,-0.05670287354682236,0.2859224105903963,0.18264962355622136,0.06013873381017597,0.26757199495647843,0.08051301040459832,0.023254465959901927,0.15764992175257808,0.1040043512974386,-0.18916902610742062,0.23578819423202485,0.2178714859437751,0.2920562822090154,0.08371909417619652,0.053343970002706215,4,,0.6885838150289018,1384,0.6949934123847167,1518
KITTI,mono,brake,J,6,3536,1508,primary,R1_gbm_clf,quota,0.5,True,,0.3204424304060212,-0.12927507830924653,0.6097081417368002,0.11665488941942377,-0.07640988364600702,0.24616778547888563,0.252583864893449,-0.06079747643319623,0.4186054059016491,0.0707728162749125,-0.04250801114087143,0.12568974228094543,0.06785856551257224,-0.10172016016919232,0.21686268767850025,0.28815261044176704,0.2920562822090154,0.09358722488640371,0.07376870452676496,4,,0.6885838150289018,1384,0.6949934123847167,1518
KITTI,mono,brake,J,6,3536,1508,primary,gate_ridge,budget_ms_20,0.2,True,,0.0,0.0,0.0,-0.06651632269941338,-0.15956583987951123,0.02259422408080619,0.0,0.0,0.0,-0.06651632269941338,-0.15956583987951123,0.02259422408080619,0.0,0.0,0.0,1.0,0.2917041401751494,0.0,0.0,4,0.0,0.6885838150289018,1384,0.6949934123847167,1518
KITTI,mono,brake,J,6,3536,1508,primary,gate_gbm,budget_ms_20,0.2,True,,0.0,0.0,0.0,-0.06651632269941338,-0.15956583987951123,0.02259422408080619,0.0,0.0,0.0,-0.06651632269941338,-0.15956583987951123,0.02259422408080619,0.0,0.0,0.0,1.0,0.2917041401751494,0.0,0.0,4,0.0,0.6885838150289018,1384,0.6949934123847167,1518
KITTI,mono,brake,J,6,3536,1508,primary,R1_mlp_reg,budget_ms_20,0.2,True,,0.1038699605860247,-0.006032615736238126,0.30137256565179804,0.05997740380197973,-0.01835974310596638,0.18545875453505162,0.011871293626510652,-0.08758941317883713,0.111167969526968,-0.05606401269568272,-0.11152968026274201,0.001211307504048016,0.09199866695951404,0.014009205586761263,0.2474614149241455,0.012048192771084338,0.2917041401751494,0.030299297542772993,0.003462905500088021,4,0.16456837818364362,0.6885838150289018,1384,0.6949934123847167,1518
KITTI,mono,brake,J,6,3536,1508,primary,R1_mlp_clf,budget_ms_20,0.2,True,,0.14077008682871006,-0.026660283799641565,0.2543686436920917,0.05065513994774994,-0.04267033329726677,0.1541031476910779,0.03932242291920253,-0.04163975587338536,0.1493041797739848,-0.0063243534861993364,-0.08690562980352454,0.1416011578157481,0.10144766390950753,-0.10922599866583232,0.19059653995209472,0.18875502008032127,0.2917041401751494,0.041063217140749994,0.011470513567249561,4,0.16456837818364362,0.6885838150289018,1384,0.6949934123847167,1518
KITTI,mono,brake,J,6,3536,1508,primary,R1_gbm_reg,budget_ms_20,0.2,True,,0.0,0.0,0.0,-0.06651632269941338,-0.15956583987951123,0.02259422408080619,0.0,0.0,0.0,-0.06651632269941338,-0.15956583987951123,0.02259422408080619,0.0,0.0,0.0,1.0,0.2917041401751494,0.0,0.0,4,0.0,0.6885838150289018,1384,0.6949934123847167,1518
KITTI,mono,brake,J,6,3536,1508,primary,R1_gbm_clf,budget_ms_20,0.2,True,,0.0,0.0,0.0,-0.06651632269941338,-0.15956583987951123,0.02259422408080619,0.0,0.0,0.0,-0.06651632269941338,-0.15956583987951123,0.02259422408080619,0.0,0.0,0.0,1.0,0.2917041401751494,0.0,0.0,4,0.0,0.6885838150289018,1384,0.6949934123847167,1518
KITTI,mono,brake,J,6,3536,1508,primary,gate_gbm_batched,budget_ms_20,0.2,True,,0.01028647451400134,-0.004497079719473029,0.03952212571238161,-0.055531844075034135,-0.155160102158021,0.036424679610402994,-0.0013562423461034782,-0.0060809813892787655,0.0001281081600417149,-0.0683536969835943,-0.1607955756036393,0.022725510637524354,0.011642716860104818,-0.003994903877725872,0.04261303929096139,0.10943775100401607,0.2917041401751494,0.003000607203540349,-0.0003956215074392425,4,0.00821577645625418,0.6885838150289018,1384,0.6949934123847167,1518
KITTI,mono,brake,J,6,3536,1508,dE_exact,gate_ridge,quota,0.1,True,,0.03404858335391997,-0.006766185481376426,0.22906544040565488,0.014226765456126063,-0.08775927150731029,0.1592840044087781,0.04758627935906904,-0.05753446622272646,0.05849805775391664,-0.04123317237926588,-0.1074827200473108,0.05021267551240415,-0.01353769600514907,-0.045091816869727575,0.22417679921852293,0.25825825825825827,0.25688310946947013,0.008746505964985402,0.012224111409840518,1,,0.6802426343154246,1154,0.7018779342723005,1278
KITTI,mono,brake,J,6,3536,1508,dE_exact,gate_ridge,quota,0.2,True,,0.14930733082883615,0.035965750393943514,0.23056572505205897,0.05627009123698293,-0.08159146971040449,0.1442344900045067,0.03939854461218391,-0.07218298536332693,0.11014428199250234,-0.0331717340996459,-0.12868657268370143,0.11970788057488005,0.10990878621665225,-0.028945618972192153,0.20067344359708517,0.071285140562249,0.2917041401751494,0.043553566561272225,0.011492718580249372,4,,0.6802426343154246,1154,0.7018779342723005,1278
KITTI,mono,brake,J,6,3536,1508,dE_exact,gate_ridge,quota,0.3,True,,0.2328304911763842,0.03626244620716739,0.2825080815680811,0.08842688201812722,-0.056368524110147956,0.2063010850638224,-0.010184883465557251,-0.07078495205309565,0.14850822444185613,-0.06719724018247476,-0.16537486963782883,0.14252037253373573,0.24301537464194145,-0.0726746051132354,0.27381021864441013,0.07228915662650602,0.2920562822090154,0.06799960763787374,-0.0029745591996827234,4,,0.6802426343154246,1154,0.7018779342723005,1278
KITTI,mono,brake,J,6,3536,1508,dE_exact,gate_ridge,quota,0.5,True,,0.16039431393943074,0.0046026215852173384,0.4028861696675871,0.03208714643799625,-0.10747800584764655,0.25361743397391157,0.03166732185893598,-0.12076782743905957,0.29354856455869516,-0.10628206152226641,-0.21255171298070236,0.030246922316803336,0.12872699208049476,-0.008910179611886698,0.29047203333446603,0.03614457831325301,0.2920562822090154,0.0468441670166158,0.009248640289637131,4,,0.6802426343154246,1154,0.7018779342723005,1278
KITTI,mono,brake,J,6,3536,1508,dE_exact,gate_gbm,quota,0.1,True,,0.060128389442166044,-0.010419476640496488,0.2311925635150317,0.03349485007787476,-0.06908701640361219,0.17698372159469605,-0.043211696674639984,-0.10846296158286084,0.10843395435073248,-0.05779674630580992,-0.1275469756864209,0.004305719440024629,0.10334008611680603,-0.06218582227314774,0.23101123855720468,0.08308308308308308,0.25688310946947013,0.015445967647294872,-0.011100355007233081,1,,0.6802426343154246,1154,0.7018779342723005,1278
KITTI,mono,brake,J,6,3536,1508,dE_exact,gate_gbm,quota,0.2,True,,0.11341785944589929,0.04040296589889326,0.3147568150417179,0.0649125565976761,-0.0664724176523753,0.21658449890562248,-0.08044066046307159,-0.2119972520451993,0.21187178592292333,-0.11207219450223892,-0.20837617412320736,0.07152293709650769,0.19385851990897088,-0.10054635726259031,0.32048616979606,0.09437751004016064,0.2917041401751494,0.033084459170172,-0.023464873695501435,4,,0.6802426343154246,1154,0.7018779342723005,1278
KITTI,mono,brake,J,6,3536,1508,dE_exact,gate_gbm,quota,0.3,True,,0.22757381272329674,0.06359733792992095,0.4467251048601807,0.1277568828852334,-0.04928965803529153,0.26188279435123457,-0.058295509614046344,-0.296126220553719,0.3449490441025923,-0.1314961585547126,-0.2814984196839893,0.13104945381476457,0.2858693223373431,-0.12122542498589112,0.46917800587560005,0.11947791164658635,0.2920562822090154,0.06646436167209678,-0.01702556980735829,4,,0.6802426343154246,1154,0.7018779342723005,1278
KITTI,mono,brake,J,6,3536,1508,dE_exact,gate_gbm,quota,0.5,True,,0.3661989805366657,0.030735819475995223,0.6131670209743201,0.18693697502651985,0.07659177168021941,0.2757684062493835,0.16228732390140224,-0.34065810457532303,0.600084208647266,-0.03790145302225349,-0.29480326782966004,0.23244070233751596,0.20391165663526348,-0.03412403595007574,0.41742044125917616,0.05622489959839357,0.2920562822090154,0.10695071280427018,0.047397032468293826,4,,0.6802426343154246,1154,0.7018779342723005,1278
KITTI,mono,brake,J,6,3536,1508,dE_exact,R1_mlp_reg,quota,0.1,True,,0.0731725124671035,-0.01963127313714383,0.26634735498882106,0.04392282738860778,-0.016048438544045165,0.19407340869922957,0.02971046925640158,-0.06787830871347714,0.07020921589689211,-0.019715589520767178,-0.08618938170120242,0.055151120833943724,0.04346204321070192,-0.056896654194148064,0.21606581524808172,0.14214214214214213,0.25688310946947013,0.018796782530243118,0.007632117726381534,1,,0.6802426343154246,1154,0.7018779342723005,1278
KITTI,mono,brake,J,6,3536,1508,dE_exact,R1_mlp_reg,quota,0.2,True,,0.17441354498483397,0.019565670575455107,0.3424607240892483,0.09455190009925757,0.0061951181940027794,0.21959051689368955,0.02066584082777112,-0.13931114435612846,0.09629883914113391,-0.059242164859244356,-0.16753938179893904,0.04210337484028243,0.15374770415706285,0.015425939424543258,0.2850834954269642,0.014056224899598393,0.2917041401751494,0.050877153174700734,0.006028311329661472,4,,0.6802426343154246,1154,0.7018779342723005,1278
KITTI,mono,brake,J,6,3536,1508,dE_exact,R1_mlp_reg,quota,0.3,True,,0.26769833960723205,0.014872893740577943,0.4310773945670617,0.14797251486802915,0.03483456214071797,0.2556501115801208,0.026025255637932787,-0.14468669165965908,0.2486120799159349,-0.06294095120765189,-0.180636597676744,0.04849887509686235,0.24167308396929926,0.015583222323914757,0.3407009508746272,0.01706827309236948,0.2920562822090154,0.07818298181921461,0.007600839405153868,4,,0.6802426343154246,1154,0.7018779342723005,1278
KITTI,mono,brake,J,6,3536,1508,dE_exact,R1_mlp_reg,quota,0.5,True,,0.3915251627774832,-0.03846201935029165,0.615277221673407,0.18200361869800138,0.006029161756153921,0.2658873589121173,0.15401645453645751,-0.12958005310059809,0.4329562921148122,-0.016412063867701655,-0.09956316442417301,0.07340781973545257,0.2375087082410257,0.024707188615338393,0.2893745999175,0.020080321285140562,0.2920562822090154,0.11434738343207133,0.044981473110931626,4,,0.6802426343154246,1154,0.7018779342723005,1278
KITTI,mono,brake,J,6,3536,1508,dE_exact,R1_mlp_clf,quota,0.1,True,,0.07742124619458171,-0.019072347717943486,0.19104466942437,0.03308812255511956,-0.026258959009166267,0.1206941790384389,-0.031266403680141996,-0.09234986967280333,0.03946967132352209,-0.0716157990105246,-0.11657530288421092,-0.024034338806479122,0.10868764987472371,0.03803645468697844,0.18572489356047878,0.001001001001001001,0.25688310946947013,0.019888210461465532,-0.00803181099928256,1,,0.6802426343154246,1154,0.7018779342723005,1278
KITTI,mono,brake,J,6,3536,1508,dE_exact,R1_mlp_clf,quota,0.2,True,,0.16844804900571136,-0.019104580298034902,0.3090938943313606,0.08350155699396204,-0.01975239819191781,0.19285573345385473,-0.04952160451859414,-0.11283895825170667,0.09558890063334124,-0.10075103492316405,-0.1435721365137411,-0.041134485978554125,0.2179696535243055,0.06704539447817354,0.29359118743543317,0.0,0.2917041401751494,0.049136993299392466,-0.014445657066190295,4,,0.6802426343154246,1154,0.7018779342723005,1278
KITTI,mono,brake,J,6,3536,1508,dE_exact,R1_mlp_clf,quota,0.3,True,,0.23163325241312896,-0.01126561305189654,0.3822165945127484,0.11316416849501564,0.0042483841438626935,0.21343835173841394,-0.023181092487435304,-0.1443758999679688,0.17836159382192487,-0.12080276668044058,-0.18763272538641557,-0.02636599911117507,0.25481434490056426,0.08427985699452172,0.3681705976892691,0.0030120481927710845,0.2920562822090154,0.0676499465357609,-0.0067701836894236925,4,,0.6802426343154246,1154,0.7018779342723005,1278
KITTI,mono,brake,J,6,3536,1508,dE_exact,R1_mlp_clf,quota,0.5,True,,0.34293893278194976,0.0045898930517499666,0.5334573471934452,0.14094444798759098,0.02589395263811836,0.2494233163356256,0.060743811655795336,-0.2174660167853328,0.37042646869522566,-0.10944850183857464,-0.21370513743291888,0.002483903614804224,0.2821951211261544,0.07945314107987173,0.4169251729976587,0.004016064257028112,0.2920562822090154,0.10015746973302368,0.017740611799396244,4,,0.6802426343154246,1154,0.7018779342723005,1278
KITTI,mono,brake,J,6,3536,1508,dE_exact,R1_gbm_reg,quota,0.1,True,,0.08484189079980796,1.0651170587070836e-05,0.3435667968443773,0.06308053535456443,-0.00041080221232711036,0.2600388693776978,0.07825397958846732,-0.11669620422251874,0.1483185183565931,0.015253534445725726,-0.1433161184398279,0.15494044675811997,0.006587911211340641,-0.12301942264887983,0.23770707879880984,0.26426426426426425,0.25688310946947013,0.0217944487219239,0.020102125605045932,1,,0.6802426343154246,1154,0.7018779342723005,1278
KITTI,mono,brake,J,6,3536,1508,dE_exact,R1_gbm_reg,quota,0.2,True,,0.203208438970616,0.04658551493521532,0.3897492922080941,0.12000657115869293,0.005097697926972705,0.2908767338996285,-0.008671040004867589,-0.10750470402117009,0.19318604088588692,-0.03239336339825405,-0.1431644072883586,0.1911302831296092,0.2118794789754836,-0.09559579113019646,0.32766240853815093,0.071285140562249,0.2917041401751494,0.05927674296625786,-0.002529378269044223,4,,0.6802426343154246,1154,0.7018779342723005,1278
KITTI,mono,brake,J,6,3536,1508,dE_exact,R1_gbm_reg,quota,0.3,True,,0.330367976670491,0.07706462530081304,0.4887518610596038,0.1873376297980948,0.02231145931981313,0.3123518422450177,0.04062923154334132,-0.15064685750578588,0.24054733142445323,-0.05969517886001678,-0.1865967635228708,0.06907355739021065,0.2897387451271497,0.0139012037531977,0.4163141588017341,0.018072289156626505,0.2920562822090154,0.09648604302729834,0.011866022313557522,4,,0.6802426343154246,1154,0.7018779342723005,1278
KITTI,mono,brake,J,6,3536,1508,dE_exact,R1_gbm_reg,quota,0.5,True,,0.399459912628632,-0.0034390578319204853,0.663459798940736,0.20290531553390842,0.04674876065537675,0.3023054044122509,0.07920654701003181,-0.16322323837289432,0.3988085792412199,-0.06755887164088863,-0.1992055404389825,0.053631983288174166,0.3202533656186002,0.027123416609400965,0.40912033350184146,0.01606425702811245,0.2920562822090154,0.1166647769738564,0.0231327696463635,4,,0.6802426343154246,1154,0.7018779342723005,1278
KITTI,mono,brake,J,6,3536,1508,dE_exact,R1_gbm_clf,quota,0.1,True,,0.15782553061292737,-0.011843627904795387,0.3728926273799276,0.11518140978060432,-0.0019863544527397147,0.2863483553013916,0.08809030184285704,-0.03461745171138627,0.20092829423972836,0.03355042494737486,-0.05217902213864423,0.12917590469398763,0.06973522877007032,-0.07188544936387883,0.21903639870488242,0.12212212212212212,0.25688310946947013,0.04054271305751783,0.022628910651497313,1,,0.6802426343154246,1154,0.7018779342723005,1278
KITTI,mono,brake,J,6,3536,1508,dE_exact,R1_gbm_clf,quota,0.2,True,,0.2200246211351387,-0.06689710393682555,0.38910851251721573,0.13374936197208726,-0.04833669971651709,0.2720592010831756,0.006905163806666534,-0.2143341530091668,0.22789805935468666,-0.05760103105384399,-0.20435742462068818,0.10551060598826904,0.21311945732847218,0.026833553143954688,0.3399125471797571,0.015060240963855422,0.2917041401751494,0.06418209292558864,0.0020142648709922228,4,,0.6802426343154246,1154,0.7018779342723005,1278
KITTI,mono,brake,J,6,3536,1508,dE_exact,R1_gbm_clf,quota,0.3,True,,0.28665397485365995,-0.09092286176684487,0.48569027423043076,0.14233892475929436,-0.05670287354682236,0.2859224105903963,0.09304962903201092,-0.20608501809988647,0.2978590757624117,-0.02273862746425046,-0.19948780131606025,0.1128463673606255,0.19360434582164904,-0.026559787930651432,0.32904534766686067,0.03413654618473896,0.2920562822090154,0.08371909417619652,0.027175728716017176,4,,0.6802426343154246,1154,0.7018779342723005,1278
KITTI,mono,brake,J,6,3536,1508,dE_exact,R1_gbm_clf,quota,0.5,True,,0.3204424304060212,-0.12927507830924653,0.6097081417368002,0.11665488941942377,-0.07640988364600702,0.24616778547888563,0.14801479285210103,-0.1624972103664826,0.47597260911580086,-0.009771175425856581,-0.16351948473791844,0.12658058707878217,0.17242763755392018,-0.06681902590659665,0.2445904362970216,0.07530120481927711,0.2920562822090154,0.09358722488640371,0.04322865011232218,4,,0.6802426343154246,1154,0.7018779342723005,1278
KITTI,mono,brake,J,6,3536,1508,dE_E6_risk_weighted,gate_ridge,quota,0.1,True,,0.03404858335391997,-0.006766185481376426,0.22906544040565488,0.014226765456126063,-0.08775927150731029,0.1592840044087781,0.03533357680521274,-0.07738112682115099,0.15566614136489743,-0.004822866332808467,-0.12793998817125327,0.15831347911203242,-0.0012849934512927721,-0.11694119947787054,0.17279829592212048,0.43543543543543545,0.25688310946947013,0.008746505964985402,0.009076599078401396,1,,0.6846689895470384,1148,0.6996779388083736,1242
KITTI,mono,brake,J,6,3536,1508,dE_E6_risk_weighted,gate_ridge,quota,0.2,True,,0.14930733082883615,0.035965750393943514,0.23056572505205897,0.05627009123698293,-0.08159146971040449,0.1442344900045067,0.02680226198906506,-0.08843874223456889,0.13727202820625573,-0.027020134493631855,-0.16562017478310823,0.12376017022388858,0.1225050688397711,-0.0437947334958622,0.18941507147460093,0.10341365461847389,0.2917041401751494,0.043553566561272225,0.007818330788269313,4,,0.6846689895470384,1148,0.6996779388083736,1242
KITTI,mono,brake,J,6,3536,1508,dE_E6_risk_weighted,gate_ridge,quota,0.3,True,,0.2328304911763842,0.03626244620716739,0.2825080815680811,0.08842688201812722,-0.056368524110147956,0.2063010850638224,0.059485695719680494,-0.10493414805711525,0.19186054907068628,-0.03992832256005301,-0.2131870311016659,0.17022783128362268,0.17334479545670373,-0.08019490270614199,0.28283450886660894,0.0853413654618474,0.2920562822090154,0.06799960763787374,0.017373171136506625,4,,0.6846689895470384,1148,0.6996779388083736,1242
KITTI,mono,brake,J,6,3536,1508,dE_E6_risk_weighted,gate_ridge,quota,0.5,True,,0.16039431393943074,0.0046026215852173384,0.4028861696675871,0.03208714643799625,-0.10747800584764655,0.25361743397391157,0.07457082057923689,-0.1397379611259134,0.2964549175513254,-0.06591490283594614,-0.2862579602334929,0.19219492996594276,0.08582349336019385,-0.10565936972776983,0.3931749569589755,0.18072289156626506,0.2920562822090154,0.0468441670166158,0.021778876619647464,4,,0.6846689895470384,1148,0.6996779388083736,1242
KITTI,mono,brake,J,6,3536,1508,dE_E6_risk_weighted,gate_gbm,quota,0.1,True,,0.060128389442166044,-0.010419476640496488,0.2311925635150317,0.03349485007787476,-0.06908701640361219,0.17698372159469605,0.027356522040747448,-0.08294272133549752,0.2717732556108802,0.01723862745515406,-0.1065879154645482,0.1535489692441661,0.032771867401418596,-0.1733620491951533,0.1932377282048695,0.4064064064064064,0.25688310946947013,0.015445967647294872,0.007027428446097299,1,,0.6846689895470384,1148,0.6996779388083736,1242
KITTI,mono,brake,J,6,3536,1508,dE_E6_risk_weighted,gate_gbm,quota,0.2,True,,0.11341785944589929,0.04040296589889326,0.3147568150417179,0.0649125565976761,-0.0664724176523753,0.21658449890562248,0.07780084670119747,-0.07690075185251204,0.2711554403473773,0.017330038797947794,-0.0912672463531892,0.13819944240965087,0.03561701274470182,-0.18238931637964043,0.21786971252037549,0.2751004016064257,0.2917041401751494,0.033084459170172,0.022694829091871416,4,,0.6846689895470384,1148,0.6996779388083736,1242
KITTI,mono,brake,J,6,3536,1508,dE_E6_risk_weighted,gate_gbm,quota,0.3,True,,0.22757381272329674,0.06359733792992095,0.4467251048601807,0.1277568828852334,-0.04928965803529153,0.26188279435123457,0.11454712375200451,-0.07026201562705885,0.38042114441961217,0.03162221223732193,-0.10270499438706003,0.1708296466295863,0.11302668897129223,-0.15838232106187364,0.271781823125646,0.16164658634538154,0.2920562822090154,0.06646436167209678,0.033454207100746446,4,,0.6846689895470384,1148,0.6996779388083736,1242
KITTI,mono,brake,J,6,3536,1508,dE_E6_risk_weighted,gate_gbm,quota,0.5,True,,0.3661989805366657,0.030735819475995223,0.6131670209743201,0.18693697502651985,0.07659177168021941,0.2757684062493835,0.1973710578000596,-0.15464432364535152,0.5213915141540307,0.01653030899578265,-0.21812793673616415,0.17242510418192358,0.16882792273660613,-0.03580963187727149,0.47268721847741835,0.04417670682730924,0.2920562822090154,0.10695071280427018,0.0576434573567461,4,,0.6846689895470384,1148,0.6996779388083736,1242
KITTI,mono,brake,J,6,3536,1508,dE_E6_risk_weighted,R1_mlp_reg,quota,0.1,True,,0.0731725124671035,-0.01963127313714383,0.26634735498882106,0.04392282738860778,-0.016048438544045165,0.19407340869922957,-0.02318262479538709,-0.055602614295747345,0.03258574127349517,-0.0663597714236704,-0.10788385193222197,-0.02017756697143752,0.09635513726249059,0.007468570657112927,0.2863078696922421,0.018018018018018018,0.25688310946947013,0.018796782530243118,-0.005955224743103074,1,,0.6846689895470384,1148,0.6996779388083736,1242
KITTI,mono,brake,J,6,3536,1508,dE_E6_risk_weighted,R1_mlp_reg,quota,0.2,True,,0.17441354498483397,0.019565670575455107,0.3424607240892483,0.09455190009925757,0.0061951181940027794,0.21959051689368955,-0.01418755096225744,-0.08176028763917496,0.0555840222601172,-0.08754837502092995,-0.12293327197718924,-0.0282755468236227,0.1886010959470914,0.07568891860517596,0.3243760061092843,0.0,0.2917041401751494,0.050877153174700734,-0.00413856735463642,4,,0.6846689895470384,1148,0.6996779388083736,1242
KITTI,mono,brake,J,6,3536,1508,dE_E6_risk_weighted,R1_mlp_reg,quota,0.3,True,,0.26769833960723205,0.014872893740577943,0.4310773945670617,0.14797251486802915,0.03483456214071797,0.2556501115801208,-0.01386518417548732,-0.10030776368358431,0.10956674697294647,-0.10949403602559814,-0.1519549429675219,-0.031708369571307536,0.28156352378271937,0.0766018193176626,0.38069977932064203,0.0,0.2920562822090154,0.07818298181921461,-0.0040494141424361,4,,0.6846689895470384,1148,0.6996779388083736,1242
KITTI,mono,brake,J,6,3536,1508,dE_E6_risk_weighted,R1_mlp_reg,quota,0.5,True,,0.3915251627774832,-0.03846201935029165,0.615277221673407,0.18200361869800138,0.006029161756153921,0.2658873589121173,0.08300510948049478,-0.11616973468424696,0.2639707610179443,-0.08548836220924073,-0.12873845822346464,-0.0337182085676731,0.30852005329698845,0.04957053876030764,0.3837718113012128,0.015060240963855422,0.2920562822090154,0.11434738343207133,0.024242163679225603,4,,0.6846689895470384,1148,0.6996779388083736,1242
KITTI,mono,brake,J,6,3536,1508,dE_E6_risk_weighted,R1_mlp_clf,quota,0.1,True,,0.07742124619458171,-0.019072347717943486,0.19104466942437,0.03308812255511956,-0.026258959009166267,0.1206941790384389,-0.017127152108416897,-0.05720178209139087,0.029199588804430375,-0.05738288423475671,-0.09638811780183161,-0.014739407210138698,0.0945483983029986,0.019745858977907878,0.18077183820337295,0.0,0.25688310946947013,0.019888210461465532,-0.004399676089966724,1,,0.6846689895470384,1148,0.6996779388083736,1242
KITTI,mono,brake,J,6,3536,1508,dE_E6_risk_weighted,R1_mlp_clf,quota,0.2,True,,0.16844804900571136,-0.019104580298034902,0.3090938943313606,0.08350155699396204,-0.01975239819191781,0.19285573345385473,-0.04278269935450009,-0.11234366459606565,0.07463889289230734,-0.10265713217357805,-0.1503148981005762,-0.02659148919155741,0.21123074836021144,0.04825315400663706,0.3114816821650105,0.002008032128514056,0.2917041401751494,0.049136993299392466,-0.012479890529576368,4,,0.6846689895470384,1148,0.6996779388083736,1242
KITTI,mono,brake,J,6,3536,1508,dE_E6_risk_weighted,R1_mlp_clf,quota,0.3,True,,0.23163325241312896,-0.01126561305189654,0.3822165945127484,0.11316416849501564,0.0042483841438626935,0.21343835173841394,-0.06414420297346521,-0.15874126605180958,0.19273341710610525,-0.1373318228347215,-0.21000782895164857,0.007242548673099959,0.29577745538659417,0.09042590872609174,0.41088840110510744,0.008032128514056224,0.2920562822090154,0.0676499465357609,-0.01873371744569072,4,,0.6846689895470384,1148,0.6996779388083736,1242
KITTI,mono,brake,J,6,3536,1508,dE_E6_risk_weighted,R1_mlp_clf,quota,0.5,True,,0.34293893278194976,0.0045898930517499666,0.5334573471934452,0.14094444798759098,0.02589395263811836,0.2494233163356256,0.12952462736992815,-0.1740308594924266,0.43795573020478834,-0.04659673545087383,-0.16760541706757873,0.09391086920752048,0.2134143054120216,0.005683392832022002,0.3752504658168903,0.020080321285140562,0.2920562822090154,0.10015746973302368,0.0378284811241693,4,,0.6846689895470384,1148,0.6996779388083736,1242
KITTI,mono,brake,J,6,3536,1508,dE_E6_risk_weighted,R1_gbm_reg,quota,0.1,True,,0.08484189079980796,1.0651170587070836e-05,0.3435667968443773,0.06308053535456443,-0.00041080221232711036,0.2600388693776978,0.03860773930192257,-0.04109152651319064,0.09194476462198295,-0.005217498372517626,-0.07681586523870818,0.09673963798782545,0.04623415149788539,-0.06299657493090129,0.27189250231962747,0.11411411411411411,0.25688310946947013,0.0217944487219239,0.00991767612146454,1,,0.6846689895470384,1148,0.6996779388083736,1242
KITTI,mono,brake,J,6,3536,1508,dE_E6_risk_weighted,R1_gbm_reg,quota,0.2,True,,0.203208438970616,0.04658551493521532,0.3897492922080941,0.12000657115869293,0.005097697926972705,0.2908767338996285,0.040149084646331004,-0.10519011436122536,0.12768785670456462,-0.02269298134922706,-0.12981931363063876,0.11975075886407986,0.16305935432428498,-0.04224554599526052,0.3269031888909867,0.06526104417670683,0.2917041401751494,0.05927674296625786,0.011711654215577278,4,,0.6846689895470384,1148,0.6996779388083736,1242
KITTI,mono,brake,J,6,3536,1508,dE_E6_risk_weighted,R1_gbm_reg,quota,0.3,True,,0.330367976670491,0.07706462530081304,0.4887518610596038,0.1873376297980948,0.02231145931981313,0.3123518422450177,0.014570555913827577,-0.09847862422057047,0.19000381011038672,-0.05804219316603511,-0.13278387904343575,0.11629270840147625,0.31579742075666345,-0.004872739708772028,0.4058468372764494,0.028112449799196786,0.2920562822090154,0.09648604302729834,0.004255422389911065,4,,0.6846689895470384,1148,0.6996779388083736,1242
KITTI,mono,brake,J,6,3536,1508,dE_E6_risk_weighted,R1_gbm_reg,quota,0.5,True,,0.399459912628632,-0.0034390578319204853,0.663459798940736,0.20290531553390842,0.04674876065537675,0.3023054044122509,0.029599278233882368,-0.15355553649108228,0.35498326237568745,-0.09426890913545799,-0.186016670939528,0.026230982733941074,0.36986063439474964,0.04735900965306297,0.44184662093058924,0.0030120481927710845,0.2920562822090154,0.1166647769738564,0.008644655157057916,4,,0.6846689895470384,1148,0.6996779388083736,1242
KITTI,mono,brake,J,6,3536,1508,dE_E6_risk_weighted,R1_gbm_clf,quota,0.1,True,,0.15782553061292737,-0.011843627904795387,0.3728926273799276,0.11518140978060432,-0.0019863544527397147,0.2863483553013916,0.047417814862066,-0.06740989859391412,0.15142386212866127,-0.00022299271336762664,-0.08288161239552366,0.09385951001699125,0.11040771575086136,-0.022228253059416565,0.2718036930882578,0.036036036036036036,0.25688310946947013,0.04054271305751783,0.012180835726015167,1,,0.6846689895470384,1148,0.6996779388083736,1242
KITTI,mono,brake,J,6,3536,1508,dE_E6_risk_weighted,R1_gbm_clf,quota,0.2,True,,0.2200246211351387,-0.06689710393682555,0.38910851251721573,0.13374936197208726,-0.04833669971651709,0.2720592010831756,0.013833811183534507,-0.12253588595132674,0.18593343548052693,-0.0438561338227351,-0.13233920212796632,0.061800818004424676,0.20619080995160421,-0.014356558834396476,0.31371884201486255,0.03313253012048193,0.2917041401751494,0.06418209292558864,0.004035379996638299,4,,0.6846689895470384,1148,0.6996779388083736,1242
KITTI,mono,brake,J,6,3536,1508,dE_E6_risk_weighted,R1_gbm_clf,quota,0.3,True,,0.28665397485365995,-0.09092286176684487,0.48569027423043076,0.14233892475929436,-0.05670287354682236,0.2859224105903963,0.09722671278898157,-0.14422610521511098,0.30811747622244645,-0.014455203394821124,-0.14377399795352208,0.09388601749230119,0.1894272620646784,-0.03145156627572546,0.29143841050042774,0.04618473895582329,0.2920562822090154,0.08371909417619652,0.02839567226855369,4,,0.6846689895470384,1148,0.6996779388083736,1242
KITTI,mono,brake,J,6,3536,1508,dE_E6_risk_weighted,R1_gbm_clf,quota,0.5,True,,0.3204424304060212,-0.12927507830924653,0.6097081417368002,0.11665488941942377,-0.07640988364600702,0.24616778547888563,0.13389130670109808,-0.18714140169709503,0.44622823424665004,-0.03783954897259437,-0.16811651720998005,0.08912316234906459,0.18655112370492313,-0.025900465116827857,0.26229993738942947,0.04116465863453815,0.2920562822090154,0.09358722488640371,0.039103797255229736,4,,0.6846689895470384,1148,0.6996779388083736,1242
KITTI,mono,traj,JB,6,3536,478,primary,gate_ridge,quota,0.1,True,,0.13076173061407526,-0.0015911037950570356,0.23807544694445032,0.03049922676556594,-0.09695100635951288,0.2251147577998443,0.062348115419918665,0.01601081178301237,0.19503931026125707,0.0180098271397999,-0.056715071750115295,0.14299673282018946,0.06841361519415659,-0.1491252671455075,0.22401609388638347,0.45417095777548916,0.2459397592072119,0.032159508540743974,0.015333880493398252,29,,0.6181102362204725,762,0.6396807297605474,877
KITTI,mono,traj,JB,6,3536,478,primary,gate_ridge,quota,0.2,True,,0.12530580770444688,8.79819498445961e-05,0.35663784630319584,0.010172020531829928,-0.19176222812172944,0.31999904739855906,0.34048683875677144,0.19416421743336415,0.47721454117691364,0.20384613585530795,0.027778931078389933,0.391209402747014,-0.21518103105232456,-0.4392179939562953,0.04929827814488186,0.9474768280123584,0.2459397592072119,0.030817680174096862,0.08373925113706515,29,,0.6181102362204725,762,0.6396807297605474,877
KITTI,mono,traj,JB,6,3536,478,primary,gate_ridge,quota,0.3,True,,0.15652123119599715,0.009106123939348683,0.3475779794608033,-0.022717190495964063,-0.25027424342383386,0.29159785830008034,0.6258595607661155,0.36746040039495165,0.6658754252786626,0.367743602960596,0.09233276300684581,0.5112448382697223,-0.46933832957011834,-0.6018197231343029,-0.14752991603197513,1.0,0.2459397592072119,0.03849479391115988,0.15392374967234984,29,,0.6181102362204725,762,0.6396807297605474,877
KITTI,mono,traj,JB,6,3536,478,primary,gate_ridge,quota,0.5,True,,0.2508213540058849,0.20076362252724195,0.394059045112947,-0.04811038947872331,-0.2475186133961839,0.2663940132615633,0.7367262643524792,0.48747141679646605,0.8035007006921484,0.3670177244289603,0.08831197669156632,0.5660810602167629,-0.48590491034659433,-0.5512945671395825,-0.19055708871104782,1.0,0.2459397592072119,0.061686943408234184,0.18119028005647747,29,,0.6181102362204725,762,0.6396807297605474,877
KITTI,mono,traj,JB,6,3536,478,primary,gate_gbm,quota,0.1,True,,0.10211170950548476,-0.0021589956760022363,0.2945442546501773,0.06029026387941521,-0.08391895874070963,0.19980134917104586,0.15229094986604663,0.00020982912729083426,0.26460639262156405,0.05698443044543866,-0.0938510759305026,0.24000812331129878,-0.05017924036056187,-0.13895287107166174,0.262122312442571,0.5983522142121525,0.2459397592072119,0.02511332924801569,0.03745439953949309,29,,0.6181102362204725,762,0.6396807297605474,877
KITTI,mono,traj,JB,6,3536,478,primary,gate_gbm,quota,0.2,True,,0.25894652526682105,0.007536819580479295,0.35466331598178097,0.08988120658687283,-0.1543275181020612,0.20563299816240296,0.2546895669212371,0.016066676470247173,0.37877068443262746,0.12373082195893774,-0.14686817989557469,0.3251670770261374,0.004256958345583928,-0.2362792930493243,0.16682802648806144,0.6086508753861998,0.2459397592072119,0.06368524607166617,0.06263829076119813,29,,0.6181102362204725,762,0.6396807297605474,877
KITTI,mono,traj,JB,6,3536,478,primary,gate_gbm,quota,0.3,True,,0.31535652364593225,0.004179518730174328,0.4298751365646473,0.09835028035289321,-0.23878163090700658,0.23749441830398205,0.38212897189427136,0.1398323025479476,0.45157604735672585,0.16466899733086476,-0.11018197339819005,0.3809646944242449,-0.06677244824833911,-0.1696134486530485,0.09883363344131307,0.8877445932028837,0.2459397592072119,0.077558707489904,0.09398070733377654,29,,0.6181102362204725,762,0.6396807297605474,877
KITTI,mono,traj,JB,6,3536,478,primary,gate_gbm,quota,0.5,True,,0.4127139224212194,0.03691930226606638,0.5997885990633778,0.0553013068674243,-0.37182464896918055,0.2583458504775491,0.5070329122679486,0.2845192687913587,0.6940808096508455,0.193480212032429,-0.11260463702624574,0.4874500860602812,-0.09431898984672915,-0.34348577395993773,0.09165905074384106,0.9289392378990731,0.2459397592072119,0.10150276270173864,0.12469955235331066,29,,0.6181102362204725,762,0.6396807297605474,877
KITTI,mono,traj,JB,6,3536,478,primary,R1_mlp_reg,quota,0.1,True,,0.13980378267280494,0.06736904300640699,0.23215184451413054,0.07995580809526842,-0.026948009150112764,0.2083365954546083,0.056742887168350555,0.001116244696397564,0.15764837873529847,0.0010099813292129272,-0.09209129063585866,0.13908015137416638,0.08306089550445439,-0.02655912509687443,0.21502370625599945,0.15653964984552007,0.2459397592072119,0.034383308646807026,0.01395533200690613,29,,0.6181102362204725,762,0.6396807297605474,877
KITTI,mono,traj,JB,6,3536,478,primary,R1_mlp_reg,quota,0.2,True,,0.21338535030208974,0.03943989876452812,0.30525196498262397,0.0752172146357461,-0.1111500792686956,0.24551968615198458,0.21457410149042713,0.031517920973211565,0.3094136887395753,0.08102837222042429,-0.13160690629146868,0.23239747330096455,-0.0011887511883373891,-0.14661535666976963,0.17206236787860874,0.5736354273944387,0.2459397592072119,0.052479941671642515,0.0527723028526595,29,,0.6181102362204725,762,0.6396807297605474,877
KITTI,mono,traj,JB,6,3536,478,primary,R1_mlp_reg,quota,0.3,True,,0.11144478492381966,-0.09579770249237066,0.3536187155196001,-0.02214580481126374,-0.2327717603433929,0.26676917677685946,0.31372681754134457,0.10746654457657098,0.47526592875534945,0.11547912183757962,-0.1389117913438658,0.41841494216761776,-0.20228203261752492,-0.43277820519752347,0.12663648639095001,0.780638516992791,0.2459397592072119,0.027408703569063726,0.07715789796296318,29,,0.6181102362204725,762,0.6396807297605474,877
KITTI,mono,traj,JB,6,3536,478,primary,R1_mlp_reg,quota,0.5,True,,0.3032637122385547,-0.19719140896782317,0.6609833225049646,-0.07492601682307139,-0.3060310692742227,0.19854640443121618,0.3439905350165419,0.08660114891931836,0.5434963097751699,-0.005721250774605133,-0.2812303673117247,0.06703388639949925,-0.040726822777987226,-0.3422281464871163,0.3482311262819676,0.6374871266735325,0.2459397592072119,0.07458460436423534,0.08460094935152832,29,,0.6181102362204725,762,0.6396807297605474,877
KITTI,mono,traj,JB,6,3536,478,primary,R1_mlp_clf,quota,0.1,True,,0.25265451433459307,0.0026934669504783556,0.3551646756365284,0.17628416280730486,-0.07994592210720566,0.27331476571831836,0.030641435266359436,0.014290603087367277,0.08872161972719647,-0.02704110028409353,-0.07502208780439816,0.013369691410097438,0.22201307906823364,-0.08437837691989336,0.3279085306421238,0.057672502574665295,0.2459397592072119,0.06213779041806489,0.00753594721117181,29,,0.6181102362204725,762,0.6396807297605474,877
KITTI,mono,traj,JB,6,3536,478,primary,R1_mlp_clf,quota,0.2,True,,0.3367546667377614,-0.0006057161436777345,0.45755122376742535,0.17185371052640347,-0.16199803965995932,0.29346462554046815,0.06338605728336053,0.04269134527616297,0.3124919456706804,-0.006641117092858588,-0.12087482970112863,0.21035843043093508,0.2733686094544009,-0.13373650009206417,0.3709229123406264,0.10092687950566426,0.2459397592072119,0.08282136164938993,0.015589151665364228,29,,0.6181102362204725,762,0.6396807297605474,877
KITTI,mono,traj,JB,6,3536,478,primary,R1_mlp_clf,quota,0.3,True,,0.21687372775379407,-0.0860600870834139,0.5541669984953332,0.12893871205812668,-0.20382641272593988,0.3651332775625838,0.24038503974488257,0.09094285443655205,0.5261981560994439,0.09408597193938732,-0.16593292142182464,0.38120584209020925,-0.023511311991088496,-0.21679627397399426,0.4328506407815356,0.45417095777548916,0.2459397592072119,0.053337872382138544,0.05912023879187248,29,,0.6181102362204725,762,0.6396807297605474,877
KITTI,mono,traj,JB,6,3536,478,primary,R1_mlp_clf,quota,0.5,True,,0.38321395117528306,-0.12720722609765778,0.7315131082484896,-0.0010067001292818208,-0.22321046974874886,0.2571268883807053,0.3295919256884919,-0.1645681445196282,0.5835072582113938,-0.04282263155938957,-0.2807009264790651,0.14359036631876515,0.05362202548679118,-0.15345294901261775,0.22473972177669374,0.3470648815653965,0.2459397592072119,0.09424754687689338,0.08105975884046897,29,,0.6181102362204725,762,0.6396807297605474,877
KITTI,mono,traj,JB,6,3536,478,primary,R1_gbm_reg,quota,0.1,True,,0.1480079765890262,-0.0011277929349176904,0.31550856291265233,0.09281662825915628,-0.08287480839503411,0.22490932893505844,0.16579463881861942,0.015930432241533652,0.3253214662967615,0.08585063086946822,-0.05579470610779457,0.23727532641223834,-0.017786662229593214,-0.1631936707866214,0.24916020647508322,0.49742533470648814,0.2459397592072119,0.03640104612305176,0.04077549354889792,29,,0.6181102362204725,762,0.6396807297605474,877
KITTI,mono,traj,JB,6,3536,478,primary,R1_gbm_reg,quota,0.2,True,,0.2826693245661487,0.014008915195373202,0.46858694119756267,0.1291907011669966,-0.14583469983539196,0.27952276361899775,0.3411819536037113,0.2286498803601068,0.4425532003663075,0.20623931304998877,0.09933926395156803,0.33459175899998417,-0.0585126290375626,-0.2556911139112609,0.10955923243665956,0.8125643666323378,0.2459397592072119,0.06951962561906383,0.08391020751514289,29,,0.6181102362204725,762,0.6396807297605474,877
KITTI,mono,traj,JB,6,3536,478,primary,R1_gbm_reg,quota,0.3,True,,0.41707396676802355,0.09112484962801536,0.5663359006120048,0.17037858493652017,-0.14858078491598023,0.295952808814923,0.45033752106434727,0.2722906119878873,0.5286695364055558,0.24566444501780663,0.0856037729620836,0.36254513869409555,-0.033263554296323716,-0.29217064710366786,0.07860989242308733,0.7590113285272915,0.2459397592072119,0.1025750709585244,0.11075590149253828,29,,0.6181102362204725,762,0.6396807297605474,877
KITTI,mono,traj,JB,6,3536,478,primary,R1_gbm_reg,quota,0.5,True,,0.47425291587655444,0.11972508737316143,0.6982600088306298,0.16438514481123537,-0.249369067342927,0.44356778987212275,0.5736846190849093,0.3522528034089014,0.7527117150074987,0.21889239489675114,-0.03198352332625837,0.3205229319669361,-0.09943170320835487,-0.26756566963793144,0.14790513160220026,0.6436663233779608,0.2459397592072119,0.11663764793399792,0.14109185707862368,29,,0.6181102362204725,762,0.6396807297605474,877
KITTI,mono,traj,JB,6,3536,478,primary,R1_gbm_clf,quota,0.1,True,,0.04123639130863754,-0.24374392372502365,0.3053842029503214,-0.03354722580569514,-0.26223522368732366,0.21274369452826258,0.14125084887908462,-0.003170956132670432,0.21735815527962707,0.05012632188214815,-0.0835673180883349,0.1245110962784787,-0.10001445757044708,-0.2578091358692116,0.11841824891359012,0.7126673532440783,0.2459397592072119,0.010141668149020682,0.03473919976113635,29,,0.6181102362204725,762,0.6396807297605474,877
KITTI,mono,traj,JB,6,3536,478,primary,R1_gbm_clf,quota,0.2,True,,0.1148179589379224,-0.1897302982180723,0.4170475262372515,-0.019537086139575995,-0.22908025664457501,0.2247423790437174,0.2982987585639307,-0.013781243704458535,0.45530342959852393,0.138085139748569,-0.16884085134099308,0.2625165577292191,-0.18348079962600827,-0.3948343015830514,0.11050249927448597,0.8846549948506695,0.2459397592072119,0.02823830117385618,0.07336352485302335,29,,0.6181102362204725,762,0.6396807297605474,877
KITTI,mono,traj,JB,6,3536,478,primary,R1_gbm_clf,quota,0.3,True,,0.19585833274612405,-0.13809888114019434,0.6468812600453978,0.00046307976230156814,-0.20586319375519815,0.36599432816339306,0.35040065317108576,0.0024134877421451424,0.5296217226889458,0.14026329426799944,-0.24257335510857592,0.2695443347827727,-0.15454232042496172,-0.40212586446240345,0.2564674741742389,0.8166838311019567,0.2459397592072119,0.048169351194307736,0.0861774522669466,29,,0.6181102362204725,762,0.6396807297605474,877
KITTI,mono,traj,JB,6,3536,478,primary,R1_gbm_clf,quota,0.5,True,,0.46669325214719964,-0.04277667987791786,0.817703941077078,0.05117615792280177,-0.1726347163287566,0.3409788520319341,0.5450545839589209,0.10275282963126268,0.7022236648778019,0.16319085911107264,-0.3107067297999754,0.3075235689600003,-0.07836133181172128,-0.4117700097435012,0.2519975344271569,0.7147270854788877,0.2459397592072119,0.1147784260567129,0.13405059313364406,29,,0.6181102362204725,762,0.6396807297605474,877
KITTI,mono,traj,JB,6,3536,478,primary,gate_ridge,budget_ms_20,0.2,True,,0.0,0.0,0.0,-0.13097115748725105,-0.19312670611316476,-0.036582082497663676,0.0,0.0,0.0,-0.13097115748725105,-0.19312670611316476,-0.036582082497663676,0.0,0.0,0.0,1.0,0.2459397592072119,0.0,0.0,29,0.0,0.6181102362204725,762,0.6396807297605474,877
KITTI,mono,traj,JB,6,3536,478,primary,gate_gbm,budget_ms_20,0.2,True,,0.0,0.0,0.0,-0.13097115748725105,-0.19312670611316476,-0.036582082497663676,0.0,0.0,0.0,-0.13097115748725105,-0.19312670611316476,-0.036582082497663676,0.0,0.0,0.0,1.0,0.2459397592072119,0.0,0.0,29,0.0,0.6181102362204725,762,0.6396807297605474,877
KITTI,mono,traj,JB,6,3536,478,primary,R1_mlp_reg,budget_ms_20,0.2,True,,0.18712110803214674,0.0737880442398778,0.2740356602882664,0.06061451104513694,-0.08948337136350444,0.22297792713874562,0.16429022395833523,0.018770907896141917,0.2867775348384145,0.03265157460251884,-0.1462623819597635,0.2242091405159114,0.022830884073811508,-0.13486334376969,0.20067050391706748,0.37384140061791965,0.2459397592072119,0.04602052025201285,0.04040549812041188,29,0.16456837818364362,0.6181102362204725,762,0.6396807297605474,877
KITTI,mono,traj,JB,6,3536,478,primary,R1_mlp_clf,budget_ms_20,0.2,True,,0.29997183969393487,0.0025509003768308808,0.4151671947093776,0.15126905255563966,-0.15964426013552338,0.2513991610047208,0.06339892467072407,0.02111002272981326,0.25453678187063633,-0.03846293174275075,-0.14471216196777226,0.0972417183678313,0.23657291502321082,-0.12264721709770394,0.3524483464675753,0.06694129763130793,0.2459397592072119,0.07377500202327071,0.015592316267514042,29,0.16456837818364362,0.6181102362204725,762,0.6396807297605474,877
KITTI,mono,traj,JB,6,3536,478,primary,R1_gbm_reg,budget_ms_20,0.2,True,,0.0,0.0,0.0,-0.13097115748725105,-0.19312670611316476,-0.036582082497663676,0.0,0.0,0.0,-0.13097115748725105,-0.19312670611316476,-0.036582082497663676,0.0,0.0,0.0,1.0,0.2459397592072119,0.0,0.0,29,0.0,0.6181102362204725,762,0.6396807297605474,877
KITTI,mono,traj,JB,6,3536,478,primary,R1_gbm_clf,budget_ms_20,0.2,True,,0.0,0.0,0.0,-0.13097115748725105,-0.19312670611316476,-0.036582082497663676,0.0,0.0,0.0,-0.13097115748725105,-0.19312670611316476,-0.036582082497663676,0.0,0.0,0.0,1.0,0.2459397592072119,0.0,0.0,29,0.0,0.6181102362204725,762,0.6396807297605474,877
KITTI,mono,traj,JB,6,3536,478,primary,gate_gbm_batched,budget_ms_20,0.2,True,,0.0,0.0,0.043195386225346404,-0.12888422036491118,-0.19249678073362383,-0.036582082497663676,-0.00011582716485884674,-0.0009421643096024673,4.893643447069377e-05,-0.13110928125281507,-0.19314032828342106,-0.0368117739321126,0.00011582716485884674,-5.450084147677741e-05,0.043195386225346404,0.4016477857878476,0.2459397592072119,0.0,-2.84865050350388e-05,29,0.00821577645625418,0.6181102362204725,762,0.6396807297605474,877
KITTI,mono,traj,JB,6,3536,478,dE_exact,gate_ridge,quota,0.1,True,,0.13076173061407526,-0.0015911037950570356,0.23807544694445032,0.03049922676556594,-0.09695100635951288,0.2251147577998443,0.10135611018701646,0.0,0.3912170860386016,0.04701090154163768,-0.09533869914862547,0.36478145119483435,0.0294056204270588,-0.21027444855211666,0.15268655909532694,0.5242018537590113,0.2459397592072119,0.032159508540743974,0.024927497333574463,29,,0.6486068111455109,646,0.6750330250990753,757
KITTI,mono,traj,JB,6,3536,478,dE_exact,gate_ridge,quota,0.2,True,,0.12530580770444688,8.79819498445961e-05,0.35663784630319584,0.010172020531829928,-0.19176222812172944,0.31999904739855906,0.25110682340496815,0.05674081117682613,0.5581692693380901,0.12522222562625437,-0.1348405220427069,0.503566446573555,-0.12580101570052127,-0.2997161830995826,0.0930587504367594,0.84346035015448,0.2459397592072119,0.030817680174096862,0.06175715168350575,29,,0.6486068111455109,646,0.6750330250990753,757
KITTI,mono,traj,JB,6,3536,478,dE_exact,gate_ridge,quota,0.3,True,,0.15652123119599715,0.009106123939348683,0.3475779794608033,-0.022717190495964063,-0.25027424342383386,0.29159785830008034,0.3347844152704633,0.10902132053250199,0.6531490045503278,0.17825774686333068,-0.17708209882909232,0.5949573410800327,-0.17826318407446617,-0.45008292236600383,0.09816283271513526,0.9104016477857878,0.2459397592072119,0.03849479391115988,0.08233679847794498,29,,0.6486068111455109,646,0.6750330250990753,757
KITTI,mono,traj,JB,6,3536,478,dE_exact,gate_ridge,quota,0.5,True,,0.2508213540058849,0.20076362252724195,0.394059045112947,-0.04811038947872331,-0.2475186133961839,0.2663940132615633,0.5112797744731048,0.2711616004593551,0.7831936454971316,0.19368901204600064,-0.20487975041024126,0.6828521794257546,-0.2604584204672199,-0.4624572253164048,0.01655502223568084,0.9618949536560247,0.2459397592072119,0.061686943408234184,0.125744024621433,29,,0.6486068111455109,646,0.6750330250990753,757
KITTI,mono,traj,JB,6,3536,478,dE_exact,gate_gbm,quota,0.1,True,,0.10211170950548476,-0.0021589956760022363,0.2945442546501773,0.06029026387941521,-0.08391895874070963,0.19980134917104586,0.07348441240922832,-0.002100960654980181,0.40514797925792595,0.050222752626545304,-0.09364563350429184,0.35994608952736307,0.028627297096256443,-0.27497119369069245,0.277397318037603,0.4603501544799176,0.2459397592072119,0.02511332924801569,0.018072738693409064,29,,0.6486068111455109,646,0.6750330250990753,757
KITTI,mono,traj,JB,6,3536,478,dE_exact,gate_gbm,quota,0.2,True,,0.25894652526682105,0.007536819580479295,0.35466331598178097,0.08988120658687283,-0.1543275181020612,0.20563299816240296,0.29968765481081233,0.0634656762385612,0.722038096285606,0.1848488897975342,-0.11807637014767103,0.6648312114987347,-0.040741129543991284,-0.5977065469761548,0.27648067715194435,0.6179196704428425,0.2459397592072119,0.06368524607166617,0.07370510966154523,29,,0.6486068111455109,646,0.6750330250990753,757
KITTI,mono,traj,JB,6,3536,478,dE_exact,gate_gbm,quota,0.3,True,,0.31535652364593225,0.004179518730174328,0.4298751365646473,0.09835028035289321,-0.23878163090700658,0.23749441830398205,0.5631622740634095,0.182845341110189,0.9026692976056104,0.330620261164583,-0.08753477301698334,0.8469808189835157,-0.2478057504174772,-0.6252072391254617,0.21894164441696481,0.8465499485066942,0.2459397592072119,0.077558707489904,0.1385039940777408,29,,0.6486068111455109,646,0.6750330250990753,757
KITTI,mono,traj,JB,6,3536,478,dE_exact,gate_gbm,quota,0.5,True,,0.4127139224212194,0.03691930226606638,0.5997885990633778,0.0553013068674243,-0.37182464896918055,0.2583458504775491,0.8579918767134909,0.5221848534598745,0.9386545243056764,0.4773862564270748,0.06471663860611189,0.7936669699320631,-0.44527795429227146,-0.7010242018592333,-0.004312206969649901,0.9752832131822863,0.2459397592072119,0.10150276270173864,0.21101431556065978,29,,0.6486068111455109,646,0.6750330250990753,757
KITTI,mono,traj,JB,6,3536,478,dE_exact,R1_mlp_reg,quota,0.1,True,,0.13980378267280494,0.06736904300640699,0.23215184451413054,0.07995580809526842,-0.026948009150112764,0.2083365954546083,0.10311983231073633,0.006096797404335842,0.21623350726986232,0.025832821593993752,-0.08523039575843414,0.18099226515696076,0.036683950362068604,-0.0509684570107683,0.16103203574438696,0.16065911431513905,0.2459397592072119,0.034383308646807026,0.025361266727990564,29,,0.6486068111455109,646,0.6750330250990753,757
KITTI,mono,traj,JB,6,3536,478,dE_exact,R1_mlp_reg,quota,0.2,True,,0.21338535030208974,0.03943989876452812,0.30525196498262397,0.0752172146357461,-0.1111500792686956,0.24551968615198458,0.22335555699504742,0.10677997631771471,0.3384678307986976,0.09088978729495505,-0.07882426322116681,0.29128078328179186,-0.009970206692957673,-0.22317084364933978,0.15436141909774653,0.6168898043254377,0.2459397592072119,0.052479941671642515,0.054932011904954656,29,,0.6486068111455109,646,0.6750330250990753,757
KITTI,mono,traj,JB,6,3536,478,dE_exact,R1_mlp_reg,quota,0.3,True,,0.11144478492381966,-0.09579770249237066,0.3536187155196001,-0.02214580481126374,-0.2327717603433929,0.26676917677685946,0.3679346400586323,0.24044795962411497,0.4804082029864618,0.1789138594673608,-0.0327086968801695,0.3982350053115377,-0.25648985513481265,-0.4969766807176017,0.06989281608161241,0.9052523171987642,0.2459397592072119,0.027408703569063726,0.09048975678001221,29,,0.6486068111455109,646,0.6750330250990753,757
KITTI,mono,traj,JB,6,3536,478,dE_exact,R1_mlp_reg,quota,0.5,True,,0.3032637122385547,-0.19719140896782317,0.6609833225049646,-0.07492601682307139,-0.3060310692742227,0.19854640443121618,0.356911883099281,-0.03898711007382388,0.6014198312100716,0.050735844104214785,-0.1287653238196857,0.1749090015903917,-0.05364817086072632,-0.35025214666190746,0.07454927574914882,0.8733264675592173,0.2459397592072119,0.07458460436423534,0.08777882258762973,29,,0.6486068111455109,646,0.6750330250990753,757
KITTI,mono,traj,JB,6,3536,478,dE_exact,R1_mlp_clf,quota,0.1,True,,0.25265451433459307,0.0026934669504783556,0.3551646756365284,0.17628416280730486,-0.07994592210720566,0.27331476571831836,0.06082933141226279,0.012208664947079161,0.17574746505386307,0.014440715695503295,-0.0821083872094406,0.12697799865009735,0.19182518292233028,-0.1499641307059985,0.31776260411932356,0.061791967044284246,0.2459397592072119,0.06213779041806489,0.0149603511202676,29,,0.6486068111455109,646,0.6750330250990753,757
KITTI,mono,traj,JB,6,3536,478,dE_exact,R1_mlp_clf,quota,0.2,True,,0.3367546667377614,-0.0006057161436777345,0.45755122376742535,0.17185371052640347,-0.16199803965995932,0.29346462554046815,0.1487647724911463,0.06642311128635764,0.4100245701868277,0.0759553470462996,-0.11254638341299578,0.3647326717723871,0.18798989424661508,-0.2711878783516895,0.3786652172051134,0.2533470648815654,0.2459397592072119,0.08282136164938993,0.03658717232498818,29,,0.6486068111455109,646,0.6750330250990753,757
KITTI,mono,traj,JB,6,3536,478,dE_exact,R1_mlp_clf,quota,0.3,True,,0.21687372775379407,-0.0860600870834139,0.5541669984953332,0.12893871205812668,-0.20382641272593988,0.3651332775625838,0.31477635962685946,0.13131004298668003,0.49695792135642847,0.11814797964708507,-0.15469802567237312,0.4425364561509091,-0.09790263187306539,-0.41951529280763006,0.41669885184451166,0.451081359423275,0.2459397592072119,0.053337872382138544,0.07741602209075255,29,,0.6486068111455109,646,0.6750330250990753,757
KITTI,mono,traj,JB,6,3536,478,dE_exact,R1_mlp_clf,quota,0.5,True,,0.38321395117528306,-0.12720722609765778,0.7315131082484896,-0.0010067001292818208,-0.22321046974874886,0.2571268883807053,0.5249347551963752,0.2127882428364144,0.5870093247668416,0.09914671724170025,-0.1689791876016733,0.4445696139895853,-0.14172080402109216,-0.6130732900668632,0.3556977669346461,0.666323377960865,0.2459397592072119,0.09424754687689338,0.12910232729249324,29,,0.6486068111455109,646,0.6750330250990753,757
KITTI,mono,traj,JB,6,3536,478,dE_exact,R1_gbm_reg,quota,0.1,True,,0.1480079765890262,-0.0011277929349176904,0.31550856291265233,0.09281662825915628,-0.08287480839503411,0.22490932893505844,0.18891693624637151,0.08185719583796561,0.41034133658396,0.14274626066451854,-0.01376983480507784,0.37610181137210663,-0.04090895965734531,-0.3792649730964177,0.20276351255801522,0.654994850669413,0.2459397592072119,0.03640104612305176,0.04646218581059681,29,,0.6486068111455109,646,0.6750330250990753,757
KITTI,mono,traj,JB,6,3536,478,dE_exact,R1_gbm_reg,quota,0.2,True,,0.2826693245661487,0.014008915195373202,0.46858694119756267,0.1291907011669966,-0.14583469983539196,0.27952276361899775,0.24580625398828088,0.13091738421917545,0.5649075933082339,0.21044740019796987,-0.059033369285721476,0.4831794135514319,0.03686307057786781,-0.3554190964908762,0.32255471693377613,0.6364572605561277,0.2459397592072119,0.06951962561906383,0.060453530917504564,29,,0.6486068111455109,646,0.6750330250990753,757
KITTI,mono,traj,JB,6,3536,478,dE_exact,R1_gbm_reg,quota,0.3,True,,0.41707396676802355,0.09112484962801536,0.5663359006120048,0.17037858493652017,-0.14858078491598023,0.295952808814923,0.47508964711552004,0.20300730589168775,0.6900882135066368,0.2807834718520083,-0.07786612811378585,0.6027898329860382,-0.05801568034749649,-0.45016470413669557,0.3018321837462248,0.7116374871266735,0.2459397592072119,0.1025750709585244,0.11684343341343027,29,,0.6486068111455109,646,0.6750330250990753,757
KITTI,mono,traj,JB,6,3536,478,dE_exact,R1_gbm_reg,quota,0.5,True,,0.47425291587655444,0.11972508737316143,0.6982600088306298,0.16438514481123537,-0.249369067342927,0.44356778987212275,0.7304361427534803,0.4497306754337769,0.8069658678899168,0.3538702952266564,0.08175693722137153,0.5849572786151577,-0.2561832268769259,-0.5663756079954307,0.026871934194119262,0.9392378990731205,0.2459397592072119,0.11663764793399792,0.1796432890650356,29,,0.6486068111455109,646,0.6750330250990753,757
KITTI,mono,traj,JB,6,3536,478,dE_exact,R1_gbm_clf,quota,0.1,True,,0.04123639130863754,-0.24374392372502365,0.3053842029503214,-0.03354722580569514,-0.26223522368732366,0.21274369452826258,0.19961639846026885,0.07940731320480553,0.34710965585919257,0.1329606918074353,0.015684742766568407,0.2801008699225711,-0.1583800071516313,-0.5097384008235044,0.13713325399228599,0.7548918640576725,0.2459397592072119,0.010141668149020682,0.04909360897112938,29,,0.6486068111455109,646,0.6750330250990753,757
KITTI,mono,traj,JB,6,3536,478,dE_exact,R1_gbm_clf,quota,0.2,True,,0.1148179589379224,-0.1897302982180723,0.4170475262372515,-0.019537086139575995,-0.22908025664457501,0.2247423790437174,0.3595118116613163,0.09885880489152404,0.5157809598243085,0.22630439072849942,-0.06831614956666515,0.4167689451525884,-0.2446938527233939,-0.625152138088972,0.07964027944135926,0.917610710607621,0.2459397592072119,0.02823830117385618,0.08841824839213264,29,,0.6486068111455109,646,0.6750330250990753,757
KITTI,mono,traj,JB,6,3536,478,dE_exact,R1_gbm_clf,quota,0.3,True,,0.19585833274612405,-0.13809888114019434,0.6468812600453978,0.00046307976230156814,-0.20586319375519815,0.36599432816339306,0.4825488890732256,0.12182539601963885,0.6347105393482415,0.2696751262777377,-0.12818887992649883,0.5288862463387689,-0.2866905563271015,-0.6840007407560899,0.22573467093899163,0.8681771369721936,0.2459397592072119,0.048169351194307736,0.1186779575843767,29,,0.6486068111455109,646,0.6750330250990753,757
KITTI,mono,traj,JB,6,3536,478,dE_exact,R1_gbm_clf,quota,0.5,True,,0.46669325214719964,-0.04277667987791786,0.817703941077078,0.05117615792280177,-0.1726347163287566,0.3409788520319341,0.781722180157367,0.5404905027961461,0.8643639205444308,0.4341133397491987,0.1109776058947694,0.7126899570014466,-0.3150289280101674,-0.8186361715120402,0.06502804499232995,0.937178166838311,0.2459397592072119,0.1147784260567129,0.19225656475483957,29,,0.6486068111455109,646,0.6750330250990753,757
KITTI,mono,traj,JB,6,3536,478,dE_E6_risk_weighted,gate_ridge,quota,0.1,True,,0.13076173061407526,-0.0015911037950570356,0.23807544694445032,0.03049922676556594,-0.09695100635951288,0.2251147577998443,0.03080221465902141,0.0032276083509815276,0.16126340342623668,-0.022606143908545175,-0.09150114706854699,0.0801676133630135,0.09995951595505384,-0.15172427142090034,0.21967030518608405,0.3192584963954686,0.2459397592072119,0.032159508540743974,0.007575489256288578,29,,0.6380655226209049,641,0.6578212290502793,716
KITTI,mono,traj,JB,6,3536,478,dE_E6_risk_weighted,gate_ridge,quota,0.2,True,,0.12530580770444688,8.79819498445961e-05,0.35663784630319584,0.010172020531829928,-0.19176222812172944,0.31999904739855906,0.03550067385801378,0.024841602162943923,0.4888825465024632,-0.02084479427568428,-0.16480523576774808,0.38541888996734197,0.0898051338464331,-0.33628361926051875,0.26703325508499076,0.3748712667353244,0.2459397592072119,0.030817680174096862,0.008731027180333672,29,,0.6380655226209049,641,0.6578212290502793,716
KITTI,mono,traj,JB,6,3536,478,dE_E6_risk_weighted,gate_ridge,quota,0.3,True,,0.15652123119599715,0.009106123939348683,0.3475779794608033,-0.022717190495964063,-0.25027424342383386,0.29159785830008034,0.1378849170874759,0.052560613488170045,0.6349188128723235,0.05392583489757928,-0.22832631839383477,0.6001461820319491,0.018636314108521235,-0.35489580899582224,0.16919079218935934,0.611740473738414,0.2459397592072119,0.03849479391115988,0.0339113833068002,29,,0.6380655226209049,641,0.6578212290502793,716
KITTI,mono,traj,JB,6,3536,478,dE_E6_risk_weighted,gate_ridge,quota,0.5,True,,0.2508213540058849,0.20076362252724195,0.394059045112947,-0.04811038947872331,-0.2475186133961839,0.2663940132615633,0.5438724381453285,0.26651067057388456,0.7425652301577935,0.20774307011372606,-0.19136747500390466,0.6259339544504628,-0.2930510841394436,-0.4347528058714681,0.06734165462910835,0.9474768280123584,0.2459397592072119,0.061686943408234184,0.13375985647690133,29,,0.6380655226209049,641,0.6578212290502793,716
KITTI,mono,traj,JB,6,3536,478,dE_E6_risk_weighted,gate_gbm,quota,0.1,True,,0.10211170950548476,-0.0021589956760022363,0.2945442546501773,0.06029026387941521,-0.08391895874070963,0.19980134917104586,0.05398859325050678,0.0005079764417926611,0.4326864294078189,0.05624451795653813,-0.08642229292583357,0.35755372837124244,0.04812311625497798,-0.3090073598416916,0.26815512967263,0.3944387229660144,0.2459397592072119,0.02511332924801569,0.013277941623965743,29,,0.6380655226209049,641,0.6578212290502793,716
KITTI,mono,traj,JB,6,3536,478,dE_E6_risk_weighted,gate_gbm,quota,0.2,True,,0.25894652526682105,0.007536819580479295,0.35466331598178097,0.08988120658687283,-0.1543275181020612,0.20563299816240296,0.31473027820887317,0.09639848591721972,0.5593448185352728,0.16725067126961568,-0.028683918900912347,0.3875791481026637,-0.05578375294205212,-0.3184577905243639,0.10904059967840163,0.694129763130793,0.2459397592072119,0.06368524607166617,0.07740468883790907,29,,0.6380655226209049,641,0.6578212290502793,716
KITTI,mono,traj,JB,6,3536,478,dE_E6_risk_weighted,gate_gbm,quota,0.3,True,,0.31535652364593225,0.004179518730174328,0.4298751365646473,0.09835028035289321,-0.23878163090700658,0.23749441830398205,0.36628308738731563,0.12056074710301914,0.6189874160285693,0.1755115409464548,-0.10969269729856207,0.3752713983480972,-0.05092656374138338,-0.2557938193348064,0.12275976816746251,0.7538619979402678,0.2459397592072119,0.077558707489904,0.09008357431371056,29,,0.6380655226209049,641,0.6578212290502793,716
KITTI,mono,traj,JB,6,3536,478,dE_E6_risk_weighted,gate_gbm,quota,0.5,True,,0.4127139224212194,0.03691930226606638,0.5997885990633778,0.0553013068674243,-0.37182464896918055,0.2583458504775491,0.6260188604970705,0.06861840415111788,0.8064457567353984,0.21993612778628036,-0.34142648306820267,0.42891065339691525,-0.21330493807585105,-0.33443540365310415,0.07101451750161258,0.92173017507724,0.2459397592072119,0.10150276270173864,0.15396292780982268,29,,0.6380655226209049,641,0.6578212290502793,716
KITTI,mono,traj,JB,6,3536,478,dE_E6_risk_weighted,R1_mlp_reg,quota,0.1,True,,0.13980378267280494,0.06736904300640699,0.23215184451413054,0.07995580809526842,-0.026948009150112764,0.2083365954546083,0.10751293555636283,0.016013767824047204,0.36973214768619866,0.06369724373588266,-0.08031433918594488,0.35072540096883376,0.032290847116442103,-0.15249733859508896,0.15555163154717516,0.44490216271884653,0.2459397592072119,0.034383308646807026,0.026441705482392365,29,,0.6380655226209049,641,0.6578212290502793,716
KITTI,mono,traj,JB,6,3536,478,dE_E6_risk_weighted,R1_mlp_reg,quota,0.2,True,,0.21338535030208974,0.03943989876452812,0.30525196498262397,0.0752172146357461,-0.1111500792686956,0.24551968615198458,0.2662210365001486,0.07466970190673379,0.5233127394446427,0.14557568361295825,-0.113516396924314,0.48667394054000596,-0.05283568619805887,-0.2700151849519141,0.18993232060720278,0.7548918640576725,0.2459397592072119,0.052479941671642515,0.06547433761274092,29,,0.6380655226209049,641,0.6578212290502793,716
KITTI,mono,traj,JB,6,3536,478,dE_E6_risk_weighted,R1_mlp_reg,quota,0.3,True,,0.11144478492381966,-0.09579770249237066,0.3536187155196001,-0.02214580481126374,-0.2327717603433929,0.26676917677685946,0.38449609163489595,0.20617169328663462,0.5604984741341755,0.1901123127860556,-0.063230718649469,0.5036032783683791,-0.2730513067110763,-0.6123723583248524,0.11570773539368553,0.8208032955715757,0.2459397592072119,0.027408703569063726,0.09456287619280039,29,,0.6380655226209049,641,0.6578212290502793,716
KITTI,mono,traj,JB,6,3536,478,dE_E6_risk_weighted,R1_mlp_reg,quota,0.5,True,,0.3032637122385547,-0.19719140896782317,0.6609833225049646,-0.07492601682307139,-0.3060310692742227,0.19854640443121618,0.5275356070370489,0.42104291989885523,0.6540638168008843,0.2111953453051809,-0.05582899253942686,0.5557137630418454,-0.22427189479849424,-0.8478138612101948,0.20181427372652455,0.7497425334706488,0.2459397592072119,0.07458460436423534,0.12974198016792218,29,,0.6380655226209049,641,0.6578212290502793,716
KITTI,mono,traj,JB,6,3536,478,dE_E6_risk_weighted,R1_mlp_clf,quota,0.1,True,,0.25265451433459307,0.0026934669504783556,0.3551646756365284,0.17628416280730486,-0.07994592210720566,0.27331476571831836,0.06511049890788637,0.004663310276182748,0.21774313575670437,0.022564721626377644,-0.09133680398077494,0.19180713874403366,0.1875440154267067,-0.14428394702726752,0.3209824794496196,0.06797116374871266,0.2459397592072119,0.06213779041806489,0.016013260423267006,29,,0.6380655226209049,641,0.6578212290502793,716
KITTI,mono,traj,JB,6,3536,478,dE_E6_risk_weighted,R1_mlp_clf,quota,0.2,True,,0.3367546667377614,-0.0006057161436777345,0.45755122376742535,0.17185371052640347,-0.16199803965995932,0.29346462554046815,0.15784996781583097,0.05955212894952095,0.38104126538710137,0.05769378595748423,-0.13252539375179434,0.3434183372297567,0.17890469892193042,-0.2478610481027297,0.3930765522871052,0.2554067971163749,0.2459397592072119,0.08282136164938993,0.03882158307549161,29,,0.6380655226209049,641,0.6578212290502793,716
KITTI,mono,traj,JB,6,3536,478,dE_E6_risk_weighted,R1_mlp_clf,quota,0.3,True,,0.21687372775379407,-0.0860600870834139,0.5541669984953332,0.12893871205812668,-0.20382641272593988,0.3651332775625838,0.21857623363762801,0.09969465210238365,0.4772927401831449,0.08337267879648633,-0.18671588894947577,0.4048317310086083,-0.0017025058838339435,-0.45142112852189153,0.43824146352560217,0.40370751802265703,0.2459397592072119,0.053337872382138544,0.05375658626925752,29,,0.6380655226209049,641,0.6578212290502793,716
KITTI,mono,traj,JB,6,3536,478,dE_E6_risk_weighted,R1_mlp_clf,quota,0.5,True,,0.38321395117528306,-0.12720722609765778,0.7315131082484896,-0.0010067001292818208,-0.22321046974874886,0.2571268883807053,0.5244716632119267,0.3584831577521246,0.6724728874895739,0.18957675829972426,-0.10932446980890757,0.580932606634955,-0.14125771203664367,-0.7959105065044754,0.328536733781464,0.7085478887744593,0.2459397592072119,0.09424754687689338,0.1289884345613472,29,,0.6380655226209049,641,0.6578212290502793,716
KITTI,mono,traj,JB,6,3536,478,dE_E6_risk_weighted,R1_gbm_reg,quota,0.1,True,,0.1480079765890262,-0.0011277929349176904,0.31550856291265233,0.09281662825915628,-0.08287480839503411,0.22490932893505844,0.11828838015975712,0.01309251671930869,0.3030488959389701,0.06844406510300208,-0.08106578808523808,0.27457216236936144,0.02971959642926908,-0.24437174967502268,0.2608053165815847,0.36148300720906285,0.2459397592072119,0.03640104612305176,0.029091815733501808,29,,0.6380655226209049,641,0.6578212290502793,716
KITTI,mono,traj,JB,6,3536,478,dE_E6_risk_weighted,R1_gbm_reg,quota,0.2,True,,0.2826693245661487,0.014008915195373202,0.46858694119756267,0.1291907011669966,-0.14583469983539196,0.27952276361899775,0.20391550899679775,0.09597089721303555,0.6445361271635547,0.17911973207238083,-0.09681597465626925,0.606585155921974,0.07875381556935093,-0.44324731187635424,0.3523390133977268,0.5911431513903193,0.2459397592072119,0.06951962561906383,0.05015093118128849,29,,0.6380655226209049,641,0.6578212290502793,716
KITTI,mono,traj,JB,6,3536,478,dE_E6_risk_weighted,R1_gbm_reg,quota,0.3,True,,0.41707396676802355,0.09112484962801536,0.5663359006120048,0.17037858493652017,-0.14858078491598023,0.295952808814923,0.46871571955451286,0.19280220423485603,0.7213945068848389,0.30120716853592155,-0.08293105220780578,0.6620820625970543,-0.0516417527864893,-0.46004697526957644,0.33088515257724443,0.7116374871266735,0.2459397592072119,0.1025750709585244,0.11527583120387196,29,,0.6380655226209049,641,0.6578212290502793,716
KITTI,mono,traj,JB,6,3536,478,dE_E6_risk_weighted,R1_gbm_reg,quota,0.5,True,,0.47425291587655444,0.11972508737316143,0.6982600088306298,0.16438514481123537,-0.249369067342927,0.44356778987212275,0.6866944232567653,0.5844529966900585,0.780757407925707,0.3644847511991189,0.1224612771293296,0.6786011181808771,-0.2124415073802109,-0.6251363435723946,0.05454480296535036,0.8990731204943357,0.2459397592072119,0.11663764793399792,0.16888546110470412,29,,0.6380655226209049,641,0.6578212290502793,716
KITTI,mono,traj,JB,6,3536,478,dE_E6_risk_weighted,R1_gbm_clf,quota,0.1,True,,0.04123639130863754,-0.24374392372502365,0.3053842029503214,-0.03354722580569514,-0.26223522368732366,0.21274369452826258,0.2684878148137454,-0.1034488523896094,0.4832180469452971,0.17814104052881002,-0.18611968623141945,0.4610096692844729,-0.22725142350510785,-0.717088978673874,0.20732177751301448,0.6879505664263645,0.2459397592072119,0.010141668149020682,0.06603182852536305,29,,0.6380655226209049,641,0.6578212290502793,716
KITTI,mono,traj,JB,6,3536,478,dE_E6_risk_weighted,R1_gbm_clf,quota,0.2,True,,0.1148179589379224,-0.1897302982180723,0.4170475262372515,-0.019537086139575995,-0.22908025664457501,0.2247423790437174,0.39833618605055354,0.019755703681555527,0.6613015263857263,0.2607201437291278,-0.14354628013098109,0.6233505551441456,-0.28351822711263114,-0.8524308117887206,0.15400961684931747,0.7342945417095778,0.2459397592072119,0.02823830117385618,0.0979667056807923,29,,0.6380655226209049,641,0.6578212290502793,716
KITTI,mono,traj,JB,6,3536,478,dE_E6_risk_weighted,R1_gbm_clf,quota,0.3,True,,0.19585833274612405,-0.13809888114019434,0.6468812600453978,0.00046307976230156814,-0.20586319375519815,0.36599432816339306,0.537501611887897,0.12114622071540357,0.7171911260626961,0.3234608412674987,-0.1285389180836743,0.6116698837722617,-0.34164327914177295,-0.8072523561467085,0.18794150834194678,0.8836251287332647,0.2459397592072119,0.048169351194307736,0.13219301700119765,29,,0.6380655226209049,641,0.6578212290502793,716
KITTI,mono,traj,JB,6,3536,478,dE_E6_risk_weighted,R1_gbm_clf,quota,0.5,True,,0.46669325214719964,-0.04277667987791786,0.817703941077078,0.05117615792280177,-0.1726347163287566,0.3409788520319341,0.6863355977288108,0.3531148884670339,0.8122609301218554,0.34783340752489567,-0.06315690788694578,0.7073933538361479,-0.21964234558161116,-0.7801784015049672,0.18684559231243186,0.7909371781668383,0.2459397592072119,0.1147784260567129,0.16879721164076159,29,,0.6380655226209049,641,0.6578212290502793,716
nuPlan,n/a,pdm_closed,safety,9,384,27,primary,gate_ridge,quota,0.1,True,,0.8449951726962819,0.445149256583203,0.9999884120531363,0.6114463477955084,0.3769695556807029,0.9359129921639947,0.20909312188241486,0.0,0.3100703276890442,0.09646347946976325,-0.060286414497870984,0.24094612771720564,0.6359020508138671,0.22597570744530243,0.8422685481712151,0.0,0.3940213439457438,0.33294613357345487,0.0823871528939203,319,,0.7272727272727273,11,0.7333333333333333,15
nuPlan,n/a,pdm_closed,safety,9,384,27,primary,gate_ridge,quota,0.2,True,,0.9921085889806255,0.8350199449809846,0.9999892301259363,0.8445981449454588,0.697436131328639,0.8875307372153461,0.2867835849174488,0.0715969189587388,0.5275316808882048,0.16030793895170353,-0.054525248753021185,0.3907776201819628,0.7053250040631767,0.3902642246762834,0.9258809204125434,0.0,0.3940213439457438,0.3909119595702616,0.11299885355075152,319,,0.7272727272727273,11,0.7333333333333333,15
nuPlan,n/a,pdm_closed,safety,9,384,27,primary,gate_ridge,quota,0.3,True,,0.9921085889806255,0.9881981047695532,0.9999875491300922,0.7968773648399372,0.7815754366990432,0.8252493523784915,0.43165310830080345,0.07683122853261595,0.6878499641571554,0.25361044321477244,-0.11527481458717423,0.48189377282811763,0.5604554806798221,0.30184985420551547,0.9152548593740599,0.0,0.3940213439457438,0.3909119595702616,0.17008053785104027,319,,0.7272727272727273,11,0.7333333333333333,15
nuPlan,n/a,pdm_closed,safety,9,384,27,primary,gate_ridge,quota,0.5,True,,0.9188866143939853,0.8369427810984039,0.9918963083873954,0.6233986937339123,0.49403707664096136,0.7107423150794794,0.708715809139052,0.4300325596552164,0.7628317901624849,0.326864907088933,0.11121827532875611,0.4189684060106212,0.21017080525493337,0.07533464975232618,0.5531266197774497,0.0014684287812041115,0.3940213439457438,0.3620609387372725,0.2792491555925645,319,,0.7272727272727273,11,0.7333333333333333,15
nuPlan,n/a,pdm_closed,safety,9,384,27,primary,gate_gbm,quota,0.1,True,,0.9270882797045129,0.5299479920024694,0.9884566683324837,0.6910311497778759,0.4575245949678908,0.920494854185604,0.2843049189464678,0.1448492165145791,0.38134605510973385,0.20119520052019566,0.0786197754251961,0.3122362573145063,0.6427833607580451,0.2889395428439681,0.6848275460440807,0.0,0.3940213439457438,0.3652925699255198,0.112022206253673,319,,0.7272727272727273,11,0.7333333333333333,15
nuPlan,n/a,pdm_closed,safety,9,384,27,primary,gate_gbm,quota,0.2,True,,0.9921085889806255,0.8488561642184624,0.993078401003754,0.8449500298103312,0.7121021035122205,0.8812898642582411,0.4257713089916516,0.28125479484849925,0.6817661425447636,0.29962339607568234,0.15390317412938323,0.5438625978588599,0.5663372799889739,0.30872026921632256,0.6994722999077267,0.0,0.3940213439457438,0.3909119595702616,0.16776298338242912,319,,0.7272727272727273,11,0.7333333333333333,15
nuPlan,n/a,pdm_closed,safety,9,384,27,primary,gate_gbm,quota,0.3,True,,0.9921085889806255,0.9914880677096739,0.993078401003754,0.7980584428068997,0.7846020103583704,0.8252493523784915,0.5658851791616071,0.3719103300043839,0.6859478240005347,0.3501089665229911,0.17278460106603166,0.48019193772805036,0.4262234098190184,0.30554024370913924,0.62057830528675,0.0,0.3940213439457438,0.3909119595702616,0.22297083881223442,319,,0.7272727272727273,11,0.7333333333333333,15
nuPlan,n/a,pdm_closed,safety,9,384,27,primary,gate_gbm,quota,0.5,True,,0.9921085889806255,0.9159223816179145,0.9921532094445564,0.6354666490823214,0.5727934342220269,0.6732718035802155,0.49854500388411876,0.3126677951662431,0.6864162098603529,0.21383825829422567,0.033132027028375366,0.34326998578587303,0.4935635850965067,0.23234127734851384,0.6172492141039694,0.0,0.3940213439457438,0.3909119595702616,0.19643737244785653,319,,0.7272727272727273,11,0.7333333333333333,15
nuPlan,n/a,pdm_closed,safety,9,384,27,primary,R1_mlp_reg,quota,0.1,True,,0.0033365156003415685,0.0029337920835286256,0.1311230802671149,-0.020274511998374947,-0.06579870892650275,0.015206057094402828,0.07544657013404504,0.005050192875571209,0.08974435107974413,-0.0009735608909757413,-0.06369912608053144,0.014122722853959671,-0.07211005453370348,-0.07778024742795121,0.07335112475556753,0.8135095447870778,0.3940213439457438,0.001314658360942525,0.029727558960313243,319,,0.7272727272727273,11,0.7333333333333333,15
nuPlan,n/a,pdm_closed,safety,9,384,27,primary,R1_mlp_reg,quota,0.2,True,,0.1434503857702971,0.003467848926749671,0.1547302463019746,0.007797320661828685,-0.1302817965506489,0.018447209915042284,0.2154455249003067,0.070213107581711,0.3051447739237789,0.06213735769312663,-0.05625297509460589,0.1677116812196583,-0.0719951391300096,-0.15322198203207973,0.07312685926903084,0.922173274596182,0.3940213439457438,0.05652251379074786,0.08489013526831504,319,,0.7272727272727273,11,0.7333333333333333,15
nuPlan,n/a,pdm_closed,safety,9,384,27,primary,R1_mlp_reg,quota,0.3,True,,0.2134957658556118,0.12581096899492308,0.29118622889064577,-0.023211736360633173,-0.05266733708943594,0.09958856667442353,0.14538858981532896,0.007120297426966268,0.31426129964422267,0.02877040559469577,-0.15856665733555395,0.10765858445824794,0.06810717604028285,-0.15582336692702597,0.12148745098196528,0.8340675477239354,0.3940213439457438,0.08412188858915401,0.05728620755341239,319,,0.7272727272727273,11,0.7333333333333333,15
nuPlan,n/a,pdm_closed,safety,9,384,27,primary,R1_mlp_reg,quota,0.5,True,,0.4983069100476104,0.3872732327471406,0.5982126890816699,0.17273396117778728,0.04340984859527691,0.2982003412418316,0.3474726451634285,0.2784141996290871,0.5231722299095661,0.05789852373605581,-0.04345294481569545,0.17978622158848973,0.1508342648841819,-0.0626601930766813,0.25833021177399507,0.09251101321585903,0.3940213439457438,0.1963435583944103,0.13691163863167666,319,,0.7272727272727273,11,0.7333333333333333,15
nuPlan,n/a,pdm_closed,safety,9,384,27,primary,R1_mlp_clf,quota,0.1,True,,0.06899080671212239,-0.11666121668921771,0.1568189175364746,0.009029891454527013,-0.16666666666666666,0.0861491054104861,0.0053896350490672965,0.0,0.08100647550043323,-0.04750375587386403,-0.0693325407457477,0.012563033307899832,0.0636011716630551,-0.12855701296751104,0.1528544704566274,0.2599118942731278,0.3940213439457438,0.027183850380611507,0.0021236312454105807,319,,0.7272727272727273,11,0.7333333333333333,15
nuPlan,n/a,pdm_closed,safety,9,384,27,primary,R1_mlp_clf,quota,0.2,True,,-0.06672041948463618,-0.12816304170845108,0.1547302463019746,-0.13982289839246198,-0.24790145666270008,0.018447209915042312,0.005389635049067294,-0.057776430204767096,0.22922053078980528,-0.08762204741236564,-0.1765929341054766,0.09246647008356332,-0.07211005453370348,-0.2197132492360566,0.14891681084732689,0.8237885462555066,0.3940213439457438,-0.02628926935396014,0.00212363124541058,319,,0.7272727272727273,11,0.7333333333333333,15
nuPlan,n/a,pdm_closed,safety,9,384,27,primary,R1_mlp_clf,quota,0.3,True,,0.07339345068531931,-0.181415466530338,0.3107929631813787,-0.1277837992330059,-0.34946680528623,0.10600205635262827,0.14529661133190044,-0.002365653930132738,0.3005767314100146,-0.04629184241058839,-0.2011164206192772,0.09493294284860596,-0.07190316064658113,-0.25624254270173774,0.15360025667144406,0.7679882525697503,0.3940213439457438,0.028918586075845187,0.0572499660677578,319,,0.7272727272727273,11,0.7333333333333333,15
nuPlan,n/a,pdm_closed,safety,9,384,27,primary,R1_mlp_clf,quota,0.5,True,,0.3580781244739611,0.12612550234814063,0.618745191515433,0.04155771760963267,-0.17985098769812097,0.2758394870579904,0.21949830732075692,0.06962851626300075,0.5698250254526794,-0.020645700845496672,-0.2104570483301526,0.2499833568151768,0.13857981715320417,-0.15477954462696886,0.3177220721079292,0.29809104258443464,0.3940213439457438,0.1410904238428015,0.08648701804434053,319,,0.7272727272727273,11,0.7333333333333333,15
nuPlan,n/a,pdm_closed,safety,9,384,27,primary,R1_gbm_reg,quota,0.1,True,,0.07183403692296864,-0.08460150230138073,0.08005828079167701,-0.043796232739884526,-0.1602323258917452,0.012001986011620655,0.6270236487186223,0.36931649816847073,0.6800559169990468,0.5151146425318414,0.3007353572769822,0.6113787153348315,-0.5551896117956536,-0.7230814766563298,-0.29887789934207054,0.9941262848751835,0.3940213439457438,0.028304143769436282,0.24706070075387548,319,,0.7272727272727273,11,0.7333333333333333,15
nuPlan,n/a,pdm_closed,safety,9,384,27,primary,R1_gbm_reg,quota,0.2,True,,0.07183403692296864,-0.0010691682643650807,0.08005828079167701,-0.063734424649388,-0.12859488199494923,-0.04850952920193177,0.7024702188526672,0.616140402491508,0.7580017270829932,0.5666513237610268,0.5019495733947031,0.6214241625112481,-0.6306361819296986,-0.7083266449647326,-0.5515352278966504,0.9941262848751835,0.3940213439457438,0.028304143769436282,0.2767882597141887,319,,0.7272727272727273,11,0.7333333333333333,15
nuPlan,n/a,pdm_closed,safety,9,384,27,primary,R1_gbm_reg,quota,0.3,True,,-0.001273022259977703,-0.1241393152890037,0.07678837415399746,-0.18348901562094744,-0.29230823070131395,-0.1289786102608391,0.7070536227047549,0.5284179934658513,0.779326362046412,0.5072483259788498,0.34878152952851804,0.5876582506358614,-0.7083266449647326,-0.7783835800497106,-0.5936315769322507,0.9970631424375918,0.3940213439457438,-0.0005015979417492626,0.2785942186598344,319,,0.7272727272727273,11,0.7333333333333333,15
nuPlan,n/a,pdm_closed,safety,9,384,27,primary,R1_gbm_reg,quota,0.5,True,,0.28647333062629565,0.005478040790306004,0.45706401265902014,-0.07621306375933808,-0.2746075238028474,0.11415830820157757,0.6369966876197772,0.43571779542693856,0.7626510071920848,0.3408194107100487,0.1556322308337852,0.4197453027346422,-0.3505233569934816,-0.5851364106610561,-0.284117463474931,0.9955947136563876,0.3940213439457438,0.11287660673798641,0.25099029094493175,319,,0.7272727272727273,11,0.7333333333333333,15
nuPlan,n/a,pdm_closed,safety,9,384,27,primary,R1_gbm_clf,quota,0.1,True,,0.0,0.0,0.0739620715619679,-0.060822446419225344,-0.07563082359036447,0.005424665901775261,0.21004433485157636,0.18423101441636291,0.3788915442778506,0.1980874784573268,0.12368449789109506,0.3102872486243362,-0.21004433485157636,-0.3785909483113791,-0.1415825503272299,1.0,0.3940213439457438,0.0,0.08276195110640795,319,,0.7272727272727273,11,0.7333333333333333,15
nuPlan,n/a,pdm_closed,safety,9,384,27,primary,R1_gbm_clf,quota,0.2,True,,0.06897925171245935,0.0,0.14905470580340782,-0.05520349114649638,-0.13226865520363076,0.011906912121051938,0.4869756230238636,0.2801012699365541,0.5989964107746131,0.3152165923775652,0.15236949512573925,0.46252248439059557,-0.41799637131140427,-0.5269127086283231,-0.17734594342428378,1.0,0.3940213439457438,0.02717929746411498,0.19187878945267864,319,,0.7272727272727273,11,0.7333333333333333,15
nuPlan,n/a,pdm_closed,safety,9,384,27,primary,R1_gbm_clf,quota,0.3,True,,0.06877235782533699,0.06032060448057278,0.14996894788769055,-0.08982155735974245,-0.13463012381865486,-0.0463476415317708,0.7025360633278641,0.3776920153731472,0.8380927417962132,0.4515532506416786,0.1726354110861142,0.6323493191217476,-0.6337637055025271,-0.7588882041777267,-0.3063130190590539,0.9941262848751835,0.3940213439457438,0.027097776856656867,0.2768142038427972,319,,0.7272727272727273,11,0.7333333333333333,15
nuPlan,n/a,pdm_closed,safety,9,384,27,primary,R1_gbm_clf,quota,0.5,True,,0.13882929291031473,-0.004139577241560327,0.22462259881940233,-0.1946908194580006,-0.32295386156802064,-0.09165038868044564,0.7097819375119073,0.6066468487046699,0.844217523539792,0.4225459976825327,0.2994191756483018,0.5268769539816175,-0.5709526446015926,-0.7833506962217109,-0.45648292733934037,1.0,0.3940213439457438,0.05470170457155953,0.27966923292685564,319,,0.7272727272727273,11,0.7333333333333333,15
nuPlan,n/a,pdm_closed,safety,9,384,27,primary,gate_ridge,budget_ms_20,0.2,True,,0.35567431047395603,0.07930058742143054,0.3836418659134445,0.144581544864887,-0.05578316023656997,0.24790835789904017,0.0,0.0,0.14951042923272098,-0.11486415113900279,-0.13725848962979195,0.012806666104713538,0.35567431047395603,0.04469017487165605,0.3836418659134445,0.010279001468428781,0.3940213439457438,0.1401432698199239,0.0,319,0.03345300559798462,0.7272727272727273,11,0.7333333333333333,15
nuPlan,n/a,pdm_closed,safety,9,384,27,primary,gate_gbm,budget_ms_20,0.2,True,,0.0,0.0,0.0,-0.12829774624246357,-0.13735440332843057,-0.11129664842526214,0.0,0.0,0.0,-0.12829774624246357,-0.13735440332843057,-0.11129664842526214,0.0,0.0,0.0,1.0,0.3940213439457438,0.0,0.0,319,0.0,0.7272727272727273,11,0.7333333333333333,15
nuPlan,n/a,pdm_closed,safety,9,384,27,primary,R1_mlp_reg,budget_ms_20,0.2,True,,0.1434503857702971,0.003126380016582603,0.1547302463019746,-0.019903306718140952,-0.1326841622684764,0.01899673828757026,0.2154455249003067,0.0705070615032774,0.232386542242295,0.03099276639030754,-0.056003963792487954,0.09623280664889869,-0.0719951391300096,-0.19859673979388223,0.07323882033118004,0.8722466960352423,0.3940213439457438,0.05652251379074786,0.08489013526831504,319,0.17245828911546476,0.7272727272727273,11,0.7333333333333333,15
nuPlan,n/a,pdm_closed,safety,9,384,27,primary,R1_mlp_clf,budget_ms_20,0.2,True,,0.0033365156003415733,-0.12816304170845108,0.1547302463019746,-0.12018103969233068,-0.24676572643955677,0.017976185595732636,0.005389635049067294,0.004715518235349004,0.14529661133190044,-0.10183974824609464,-0.13167265558331936,0.018156187330394924,-0.0020531194487257206,-0.2097702256485905,0.14561438430918758,0.6857562408223201,0.3940213439457438,0.001314658360942527,0.00212363124541058,319,0.17245828911546476,0.7272727272727273,11,0.7333333333333333,15
nuPlan,n/a,pdm_closed,safety,9,384,27,primary,R1_gbm_reg,budget_ms_20,0.2,True,,0.0,0.0,0.0,-0.12829774624246357,-0.13735440332843057,-0.11129664842526214,0.0,0.0,0.0,-0.12829774624246357,-0.13735440332843057,-0.11129664842526214,0.0,0.0,0.0,1.0,0.3940213439457438,0.0,0.0,319,0.0,0.7272727272727273,11,0.7333333333333333,15
nuPlan,n/a,pdm_closed,safety,9,384,27,primary,R1_gbm_clf,budget_ms_20,0.2,True,,0.0,0.0,0.0,-0.12829774624246357,-0.13735440332843057,-0.11129664842526214,0.0,0.0,0.0,-0.12829774624246357,-0.13735440332843057,-0.11129664842526214,0.0,0.0,0.0,1.0,0.3940213439457438,0.0,0.0,319,0.0,0.7272727272727273,11,0.7333333333333333,15
nuPlan,n/a,pdm_closed,safety,9,384,27,primary,gate_gbm_batched,budget_ms_20,0.2,True,,0.5013570341455791,0.147405964309804,0.6163456704885366,0.3079467566194647,0.013613716851150814,0.4800626341016043,0.15207090479622365,-0.0010691682643650807,0.2930178922898562,-0.0265126958675035,-0.1323011494380167,0.16682057141063233,0.34928612934935543,0.14474727005630614,0.49703352746936713,0.010279001468428781,0.3940213439457438,0.19754537239069322,0.0599191822828533,319,0.04999531474239674,0.7272727272727273,11,0.7333333333333333,15
nuPlan,n/a,pdm_closed,safety,9,384,27,dE_exact,gate_ridge,quota,0.1,True,,0.8449951726962819,0.445149256583203,0.9999884120531363,0.6114463477955084,0.3769695556807029,0.9359129921639947,0.2867835849174488,0.19973988126606318,0.4934771781258676,0.2584628219601418,0.12705625316389701,0.42961129072046017,0.5582115877788331,0.13894766064148495,0.6776708390464574,0.0,0.3940213439457438,0.33294613357345487,0.11299885355075152,319,,0.3,10,0.38461538461538464,13
nuPlan,n/a,pdm_closed,safety,9,384,27,dE_exact,gate_ridge,quota,0.2,True,,0.9921085889806255,0.8350199449809846,0.9999892301259363,0.8445981449454588,0.697436131328639,0.8875307372153461,0.5635341132108453,0.3017338495198749,0.7545588026177653,0.3901638326812344,0.16794160206122175,0.6168236591604488,0.42857447576978014,0.23700686434156404,0.624619685862622,0.0,0.3940213439457438,0.3909119595702616,0.2220444686466102,319,,0.3,10,0.38461538461538464,13
nuPlan,n/a,pdm_closed,safety,9,384,27,dE_exact,gate_ridge,quota,0.3,True,,0.9921085889806255,0.9881981047695532,0.9999875491300922,0.7968773648399372,0.7815754366990432,0.8252493523784915,0.7059874943318996,0.45196599479644534,0.7615010464942752,0.4463462749888216,0.2467421262196426,0.5556336723321789,0.2861210946487259,0.229184945735306,0.5395220729132286,0.0,0.3940213439457438,0.3909119595702616,0.27817414132554324,319,,0.3,10,0.38461538461538464,13
nuPlan,n/a,pdm_closed,safety,9,384,27,dE_exact,gate_ridge,quota,0.5,True,,0.9188866143939853,0.8369427810984039,0.9918963083873954,0.6233986937339123,0.49403707664096136,0.7107423150794794,0.6386588740540743,0.5590715362757355,0.7613770950066445,0.3407427052857706,0.27953576813786774,0.418471390549202,0.28022774033991105,0.140513382062865,0.430231991586435,0.0,0.3940213439457438,0.3620609387372725,0.25164522787766186,319,,0.3,10,0.38461538461538464,13
nuPlan,n/a,pdm_closed,safety,9,384,27,dE_exact,gate_gbm,quota,0.1,True,,0.9270882797045129,0.5299479920024694,0.9884566683324837,0.6910311497778759,0.4575245949678908,0.920494854185604,0.1401138701699555,0.0,0.23306610158111082,0.07226815478897244,-0.04163346353124596,0.16405224696756115,0.7869744095345574,0.41526181005786394,0.7969012590057012,0.0,0.3940213439457438,0.3652925699255198,0.05520785542980532,319,,0.3,10,0.38461538461538464,13
nuPlan,n/a,pdm_closed,safety,9,384,27,dE_exact,gate_gbm,quota,0.2,True,,0.9921085889806255,0.8488561642184624,0.993078401003754,0.8449500298103312,0.7121021035122205,0.8812898642582411,0.21662328942844022,0.1289765730278857,0.5080879197137115,0.12659858876937397,0.013016574554826577,0.3802301077702873,0.7754852995521853,0.4839981681929644,0.8619296588735375,0.0,0.3940213439457438,0.3909119595702616,0.08535419963054185,319,,0.3,10,0.38461538461538464,13
nuPlan,n/a,pdm_closed,safety,9,384,27,dE_exact,gate_gbm,quota,0.3,True,,0.9921085889806255,0.9914880677096739,0.993078401003754,0.7980584428068997,0.7846020103583704,0.8252493523784915,0.5066433087906155,0.15356309317063735,0.6870069222993129,0.24769255474622034,-0.04713263734469958,0.4809753173066671,0.48546528019001,0.3045071699961164,0.8382348707797556,0.0,0.3940213439457438,0.3909119595702616,0.19962827743079678,319,,0.3,10,0.38461538461538464,13
nuPlan,n/a,pdm_closed,safety,9,384,27,dE_exact,gate_gbm,quota,0.5,True,,0.9921085889806255,0.9159223816179145,0.9921532094445564,0.6354666490823214,0.5727934342220269,0.6732718035802155,0.6358271988428911,0.31189819526533014,0.6880587659788223,0.24333032760454373,0.03181263067217677,0.34491254190434245,0.3562813901377344,0.2841892402754591,0.6197328916429166,0.0,0.3940213439457438,0.3909119595702616,0.2505294874053336,319,,0.3,10,0.38461538461538464,13
nuPlan,n/a,pdm_closed,safety,9,384,27,dE_exact,R1_mlp_reg,quota,0.1,True,,0.0033365156003415685,0.0029337920835286256,0.1311230802671149,-0.020274511998374947,-0.06579870892650275,0.015206057094402828,0.07828980034489129,0.005405002716079356,0.11965913477299217,-0.007044810574361766,-0.06324396335969835,0.021205012034103257,-0.07495328474454972,-0.08340229199540097,0.0733511247555675,0.7665198237885462,0.3940213439457438,0.001314658360942525,0.030847852349138023,319,,0.3,10,0.38461538461538464,13
nuPlan,n/a,pdm_closed,safety,9,384,27,dE_exact,R1_mlp_reg,quota,0.2,True,,0.1434503857702971,0.003467848926749671,0.1547302463019746,0.007797320661828685,-0.1302817965506489,0.018447209915042284,0.1482318200261752,0.07305675275586081,0.16196105262956895,-0.011160167197323006,-0.055907111724200764,0.024825060140432842,-0.0047814342558780976,-0.11556309047383088,0.07340063690136409,0.4008810572687225,0.3940213439457438,0.05652251379074786,0.05840650094223716,319,,0.3,10,0.38461538461538464,13
nuPlan,n/a,pdm_closed,safety,9,384,27,dE_exact,R1_mlp_reg,quota,0.3,True,,0.2134957658556118,0.12581096899492308,0.29118622889064577,-0.023211736360633173,-0.05266733708943594,0.09958856667442353,0.2104088990914416,0.1311630805844157,0.37501844573350646,0.0015909512905143278,-0.05783025629297217,0.16927502305904094,0.0030868667641702208,-0.14734988471397092,0.08686266164755532,0.44933920704845814,0.3940213439457438,0.08412188858915401,0.0829055971981542,319,,0.3,10,0.38461538461538464,13
nuPlan,n/a,pdm_closed,safety,9,384,27,dE_exact,R1_mlp_reg,quota,0.5,True,,0.4983069100476104,0.3872732327471406,0.5982126890816699,0.17273396117778728,0.04340984859527691,0.2982003412418316,0.42057970434637476,0.33168834442104506,0.4920807707286865,0.10134186547028293,0.02985660633405912,0.17223910209118387,0.07772720570123565,-0.06380663785709662,0.20266012432284952,0.13215859030837004,0.3940213439457438,0.1963435583944103,0.16571738034286215,319,,0.3,10,0.38461538461538464,13
nuPlan,n/a,pdm_closed,safety,9,384,27,dE_exact,R1_mlp_clf,quota,0.1,True,,0.06899080671212239,-0.11666121668921771,0.1568189175364746,0.009029891454527013,-0.16666666666666666,0.0861491054104861,-0.07005693508497775,-0.07614864605273927,0.0,-0.10704627673140434,-0.14573879591587885,-0.05564832421263108,0.13904774179710014,-0.06253838001163062,0.22608391516132653,0.1130690161527166,0.3940213439457438,0.027183850380611507,-0.02760392771490266,319,,0.3,10,0.38461538461538464,13
nuPlan,n/a,pdm_closed,safety,9,384,27,dE_exact,R1_mlp_clf,quota,0.2,True,,-0.06672041948463618,-0.12816304170845108,0.1547302463019746,-0.13982289839246198,-0.24790145666270008,0.018447209915042312,0.00763352795005624,-0.07281454554594005,0.23491836591128387,-0.11291458669814414,-0.20861108225772407,0.09775608412830686,-0.07435394743469242,-0.21495250666212987,0.1537869783463533,0.6270190895741556,0.3940213439457438,-0.02628926935396014,0.003007772941928558,319,,0.3,10,0.38461538461538464,13
nuPlan,n/a,pdm_closed,safety,9,384,27,dE_exact,R1_mlp_clf,quota,0.3,True,,0.07339345068531931,-0.181415466530338,0.3107929631813787,-0.1277837992330059,-0.34946680528623,0.10600205635262827,0.15057907333119494,0.0071337586812144985,0.387803271822226,-0.0020927456368962953,-0.16046120432603359,0.18177166682958015,-0.07718562264587563,-0.33310498455534854,0.0758745972700948,0.8928046989720999,0.3940213439457438,0.028918586075845187,0.059331368844062135,319,,0.3,10,0.38461538461538464,13
nuPlan,n/a,pdm_closed,safety,9,384,27,dE_exact,R1_mlp_clf,quota,0.5,True,,0.3580781244739611,0.12612550234814063,0.618745191515433,0.04155771760963267,-0.17985098769812097,0.2758394870579904,0.35275510716272296,0.29635017071362996,0.4561188508478087,0.05198455003938962,0.027130396470788354,0.11273284252673227,0.005323017311238132,-0.22245699028522226,0.23702144066399194,0.5418502202643172,0.3940213439457438,0.1410904238428015,0.13899304140798097,319,,0.3,10,0.38461538461538464,13
nuPlan,n/a,pdm_closed,safety,9,384,27,dE_exact,R1_gbm_reg,quota,0.1,True,,0.07183403692296864,-0.08460150230138073,0.08005828079167701,-0.043796232739884526,-0.1602323258917452,0.012001986011620655,0.4848466455265686,0.3393431403075457,0.5229713428665167,0.38741043547250903,0.2674480558656717,0.4588893143028352,-0.41301260860359995,-0.5209544315681117,-0.28099405553721246,0.9941262848751835,0.3940213439457438,0.028304143769436282,0.1910399268779642,319,,0.3,10,0.38461538461538464,13
nuPlan,n/a,pdm_closed,safety,9,384,27,dE_exact,R1_gbm_reg,quota,0.2,True,,0.07183403692296864,-0.0010691682643650807,0.08005828079167701,-0.063734424649388,-0.12859488199494923,-0.04850952920193177,0.6950174507815018,0.3912150972589368,0.7496684011417948,0.4924892505526767,0.25623265627096925,0.6119865652611549,-0.6231834138585332,-0.6932403489435109,-0.31679937186498675,0.9897209985315712,0.3940213439457438,0.028304143769436282,0.27385171002267217,319,,0.3,10,0.38461538461538464,13
nuPlan,n/a,pdm_closed,safety,9,384,27,dE_exact,R1_gbm_reg,quota,0.3,True,,-0.001273022259977703,-0.1241393152890037,0.07678837415399746,-0.18348901562094744,-0.29230823070131395,-0.1289786102608391,0.629363159669721,0.5132748512936054,0.7496684011417948,0.44272833586459276,0.32188866079927353,0.5439249784673292,-0.6306361819296987,-0.7083266449647327,-0.5274112665044467,1.0,0.3940213439457438,-0.0005015979417492626,0.2479825180030032,319,,0.3,10,0.38461538461538464,13
nuPlan,n/a,pdm_closed,safety,9,384,27,dE_exact,R1_gbm_reg,quota,0.5,True,,0.28647333062629565,0.005478040790306004,0.45706401265902014,-0.07621306375933808,-0.2746075238028474,0.11415830820157757,0.7069387073010612,0.5668248371311057,0.7626510071920847,0.3760504065868785,0.2474954001040685,0.4197453027346421,-0.4204653766747656,-0.6255162181038663,-0.3014716890548868,1.0,0.3940213439457438,0.11287660673798641,0.27854893953803095,319,,0.3,10,0.38461538461538464,13
nuPlan,n/a,pdm_closed,safety,9,384,27,dE_exact,R1_gbm_clf,quota,0.1,True,,0.0,0.0,0.0739620715619679,-0.060822446419225344,-0.07563082359036447,0.005424665901775261,-0.00011491540369385775,-0.133898398275639,0.07796520711865575,-0.06195002415846544,-0.19358296767692565,0.008051029390547831,0.00011491540369385775,-0.07796520711865575,0.1342551253017468,0.527165932452276,0.3940213439457438,0.0,-4.5279121803521524e-05,319,,0.3,10,0.38461538461538464,13
nuPlan,n/a,pdm_closed,safety,9,384,27,dE_exact,R1_gbm_clf,quota,0.2,True,,0.06897925171245935,0.0,0.14905470580340782,-0.05520349114649638,-0.13226865520363076,0.011906912121051938,0.0022245955474048465,-0.06356022156365874,0.2961627967016266,-0.043871441444931915,-0.18334561841220243,0.1598672967166755,0.0667546561650545,-0.23025900359800267,0.18189911799925476,0.55359765051395,0.3940213439457438,0.02717929746411498,0.0008765381273241752,319,,0.3,10,0.38461538461538464,13
nuPlan,n/a,pdm_closed,safety,9,384,27,dE_exact,R1_gbm_clf,quota,0.3,True,,0.06877235782533699,0.06032060448057278,0.14996894788769055,-0.08982155735974245,-0.13463012381865486,-0.0463476415317708,0.2745609248679414,0.07748991490342282,0.4861138637461891,0.08405298952978037,-0.1291852475109237,0.2940078206263989,-0.20578856704260445,-0.3497400589248846,0.06871377782891432,0.9515418502202643,0.3940213439457438,0.027097776856656867,0.10818286461145267,319,,0.3,10,0.38461538461538464,13
nuPlan,n/a,pdm_closed,safety,9,384,27,dE_exact,R1_gbm_clf,quota,0.5,True,,0.13882929291031473,-0.004139577241560327,0.22462259881940233,-0.1946908194580006,-0.32295386156802064,-0.09165038868044564,0.6276888305036765,0.3717160191953674,0.7510712790918141,0.29321346993276576,0.047701736260864436,0.40720789493995047,-0.48885953759336176,-0.6763568991406937,-0.22503703424779725,0.9897209985315712,0.3940213439457438,0.05470170457155953,0.2473227965747908,319,,0.3,10,0.38461538461538464,13
nuPlan,n/a,pdm_closed,safety,9,384,27,dE_E6_risk_weighted,gate_ridge,quota,0.1,True,,0.8449951726962819,0.445149256583203,0.9999884120531363,0.6114463477955084,0.3769695556807029,0.9359129921639947,0.6468605393646019,0.4414723663440808,0.8462608510408868,0.54519325382241,0.3714082582620936,0.7775836493766715,0.19813463333168002,-0.08252295590790182,0.25845348041069727,0.4008810572687225,0.3940213439457438,0.33294613357345487,0.2548768590659091,319,,0.25,8,0.4166666666666667,12
nuPlan,n/a,pdm_closed,safety,9,384,27,dE_E6_risk_weighted,gate_ridge,quota,0.2,True,,0.9921085889806255,0.8350199449809846,0.9999892301259363,0.8445981449454588,0.697436131328639,0.8875307372153461,0.779094553514846,0.6642612220430543,0.8741184184045536,0.6527225189119892,0.5390619398341708,0.7369698196704396,0.21301403546577946,0.01991766861117017,0.30973038296875965,0.01762114537444934,0.3940213439457438,0.3909119595702616,0.30697988303672885,319,,0.25,8,0.4166666666666667,12
nuPlan,n/a,pdm_closed,safety,9,384,27,dE_E6_risk_weighted,gate_ridge,quota,0.3,True,,0.9921085889806255,0.9881981047695532,0.9999875491300922,0.7968773648399372,0.7815754366990432,0.8252493523784915,0.8491514885998238,0.7261575482188793,0.8646613429517893,0.6065356675734519,0.5356102102702125,0.6805590186299575,0.14295710038080167,0.1280637209132498,0.26648723712589817,0.004405286343612335,0.3940213439457438,0.3909119595702616,0.3345838107516315,319,,0.25,8,0.4166666666666667,12
nuPlan,n/a,pdm_closed,safety,9,384,27,dE_E6_risk_weighted,gate_ridge,quota,0.5,True,,0.9188866143939853,0.8369427810984039,0.9918963083873954,0.6233986937339123,0.49403707664096136,0.7107423150794794,0.7759295140131836,0.7058725789282059,0.8448811729790905,0.45126264890203605,0.38654314190116873,0.5259395092473601,0.14295710038080178,0.0702566910314324,0.23141127480598167,0.004405286343612335,0.3940213439457438,0.3620609387372725,0.30573278991864244,319,,0.25,8,0.4166666666666667,12
nuPlan,n/a,pdm_closed,safety,9,384,27,dE_E6_risk_weighted,gate_gbm,quota,0.1,True,,0.9270882797045129,0.5299479920024694,0.9884566683324837,0.6910311497778759,0.4575245949678908,0.920494854185604,0.21556044030400054,0.14656550039460342,0.3739954278663565,0.18366582972356407,0.08281972433933223,0.3057448141761787,0.7115278394005123,0.29841175431886824,0.7211341217870443,0.0,0.3940213439457438,0.3652925699255198,0.08493541439011856,319,,0.25,8,0.4166666666666667,12
nuPlan,n/a,pdm_closed,safety,9,384,27,dE_E6_risk_weighted,gate_gbm,quota,0.2,True,,0.9921085889806255,0.8488561642184624,0.993078401003754,0.8449500298103312,0.7121021035122205,0.8812898642582411,0.3587644980046425,0.26024545796291443,0.5003008386335125,0.22547388157630097,0.1414457588053451,0.38698198486348656,0.633344090975983,0.4596098267466735,0.7314105233065863,0.002936857562408223,0.3940213439457438,0.3909119595702616,0.14136086966380934,319,,0.25,8,0.4166666666666667,12
nuPlan,n/a,pdm_closed,safety,9,384,27,dE_E6_risk_weighted,gate_gbm,quota,0.3,True,,0.9921085889806255,0.9914880677096739,0.993078401003754,0.7980584428068997,0.7846020103583704,0.8252493523784915,0.4987634527709041,0.30375812608077807,0.5590693107656086,0.24271631888301842,0.100938153374484,0.3906897353507861,0.49334513620972137,0.4340263084691419,0.687939077140582,0.010279001468428781,0.3940213439457438,0.3909119595702616,0.19652344597181115,319,,0.25,8,0.4166666666666667,12
nuPlan,n/a,pdm_closed,safety,9,384,27,dE_E6_risk_weighted,gate_gbm,quota,0.5,True,,0.9921085889806255,0.9159223816179145,0.9921532094445564,0.6354666490823214,0.5727934342220269,0.6732718035802155,0.5015951279820874,0.38685109108598703,0.6102457228231257,0.1496620822871303,0.04464363019351508,0.2822278969857044,0.4905134609985381,0.3544575192537551,0.6037112456570605,0.002936857562408223,0.3940213439457438,0.3909119595702616,0.19763918644413941,319,,0.25,8,0.4166666666666667,12
nuPlan,n/a,pdm_closed,safety,9,384,27,dE_E6_risk_weighted,R1_mlp_reg,quota,0.1,True,,0.0033365156003415685,0.0029337920835286256,0.1311230802671149,-0.020274511998374947,-0.06579870892650275,0.015206057094402828,0.0,-0.07487678957092085,0.07584124049813898,-0.03948545418750977,-0.14310771878792228,0.006741758905620204,0.0033365156003415685,-0.07081685127549414,0.13370338677387045,0.19530102790014683,0.3940213439457438,0.001314658360942525,0.0,319,,0.25,8,0.4166666666666667,12
nuPlan,n/a,pdm_closed,safety,9,384,27,dE_E6_risk_weighted,R1_mlp_reg,quota,0.2,True,,0.1434503857702971,0.003467848926749671,0.1547302463019746,0.007797320661828685,-0.1302817965506489,0.018447209915042284,0.06899080671212239,0.060512207172637944,0.2255470975774687,-0.013982064511773059,-0.06383950425518879,0.08879303687122675,0.0744595790581747,-0.14084503952810648,0.0801915551584115,0.24522760646108663,0.3940213439457438,0.05652251379074786,0.027183850380611507,319,,0.25,8,0.4166666666666667,12
nuPlan,n/a,pdm_closed,safety,9,384,27,dE_E6_risk_weighted,R1_mlp_reg,quota,0.3,True,,0.2134957658556118,0.12581096899492308,0.29118622889064577,-0.023211736360633173,-0.05266733708943594,0.09958856667442353,0.2091046768820779,0.18340683536365265,0.30111278366922806,0.03733362071733429,0.014866370158722858,0.0951214737217691,0.004391088973533908,-0.1462710494776415,0.06975924664244465,0.8061674008810573,0.3940213439457438,0.08412188858915401,0.08239170581041684,319,,0.25,8,0.4166666666666667,12
nuPlan,n/a,pdm_closed,safety,9,384,27,dE_E6_risk_weighted,R1_mlp_reg,quota,0.5,True,,0.4983069100476104,0.3872732327471406,0.5982126890816699,0.17273396117778728,0.04340984859527691,0.2982003412418316,0.2711552855439874,0.18843306597409878,0.30005615622199067,-0.0669474129045038,-0.1259944906579307,-0.0364244576136698,0.22715162450362303,0.0965793332324632,0.38453681506653536,0.004405286343612335,0.3940213439457438,0.1963435583944103,0.10684097002803382,319,,0.25,8,0.4166666666666667,12
nuPlan,n/a,pdm_closed,safety,9,384,27,dE_E6_risk_weighted,R1_mlp_clf,quota,0.1,True,,0.06899080671212239,-0.11666121668921771,0.1568189175364746,0.009029891454527013,-0.16666666666666666,0.0861491054104861,0.14940958455430875,0.10751768999288237,0.38478828950738125,0.12007086133265077,0.04070272633954937,0.31692153550017904,-0.08041877784218636,-0.3146157786893329,-0.00803588636608768,0.9823788546255506,0.3940213439457438,0.027183850380611507,0.058870565304463975,319,,0.25,8,0.4166666666666667,12
nuPlan,n/a,pdm_closed,safety,9,384,27,dE_E6_risk_weighted,R1_mlp_clf,quota,0.2,True,,-0.06672041948463618,-0.12816304170845108,0.1547302463019746,-0.13982289839246198,-0.24790145666270008,0.018447209915042312,0.4217574688745084,0.3360385583414645,0.5274201929985928,0.29460879526634415,0.21635856240659285,0.39083736059782365,-0.4884778883591446,-0.5572760573553301,-0.263753331168979,1.0,0.3940213439457438,-0.02628926935396014,0.166181444705089,319,,0.25,8,0.4166666666666667,12
nuPlan,n/a,pdm_closed,safety,9,384,27,dE_E6_risk_weighted,R1_mlp_clf,quota,0.3,True,,0.07339345068531931,-0.181415466530338,0.3107929631813787,-0.1277837992330059,-0.34946680528623,0.10600205635262827,0.49181440395948617,0.3941448861700194,0.6087993145449998,0.2950794123043399,0.21567632080342702,0.40305589187053426,-0.41842095327416684,-0.6118204752285256,-0.2113118271168652,0.9985315712187959,0.3940213439457438,0.028918586075845187,0.19378537241999166,319,,0.25,8,0.4166666666666667,12
nuPlan,n/a,pdm_closed,safety,9,384,27,dE_E6_risk_weighted,R1_mlp_clf,quota,0.5,True,,0.3580781244739611,0.12612550234814063,0.618745191515433,0.04155771760963267,-0.17985098769812097,0.2758394870579904,0.5672494190938682,0.49629149302841297,0.6853176051558411,0.25936426257753054,0.21675572489054523,0.3419315968347646,-0.20917129461990708,-0.42849718150000865,0.005209505752186705,0.8972099853157122,0.3940213439457438,0.1410904238428015,0.2235083784638084,319,,0.25,8,0.4166666666666667,12
nuPlan,n/a,pdm_closed,safety,9,384,27,dE_E6_risk_weighted,R1_gbm_reg,quota,0.1,True,,0.07183403692296864,-0.08460150230138073,0.08005828079167701,-0.043796232739884526,-0.1602323258917452,0.012001986011620655,0.00272831480715238,-0.00012244937640924078,0.24986330712827307,-0.002827520321012817,-0.06877267683037276,0.1742324835379086,0.06910572211581625,-0.22772306748545665,0.07724562893485613,0.7415565345080763,0.3940213439457438,0.028304143769436282,0.0010750142670212536,319,,0.25,8,0.4166666666666667,12
nuPlan,n/a,pdm_closed,safety,9,384,27,dE_E6_risk_weighted,R1_gbm_reg,quota,0.2,True,,0.07183403692296864,-0.0010691682643650807,0.08005828079167701,-0.063734424649388,-0.12859488199494923,-0.04850952920193177,0.49851649545106386,0.19896055348230457,0.6857806587928511,0.3070612484108243,0.07928055754743292,0.5487136513091795,-0.4266824585280952,-0.6127756357300128,-0.13148015789541984,1.0,0.3940213439457438,0.028304143769436282,0.19642613951675045,319,,0.25,8,0.4166666666666667,12
nuPlan,n/a,pdm_closed,safety,9,384,27,dE_E6_risk_weighted,R1_gbm_reg,quota,0.3,True,,-0.001273022259977703,-0.1241393152890037,0.07678837415399746,-0.18348901562094744,-0.29230823070131395,-0.1289786102608391,0.6386303656210194,0.5590464688625331,0.6876962056408712,0.4460941289825955,0.37820900403200786,0.48173636617491117,-0.6399033878809971,-0.684157327140206,-0.552603665373926,1.0,0.3940213439457438,-0.0005015979417492626,0.2516339949465558,319,,0.25,8,0.4166666666666667,12
nuPlan,n/a,pdm_closed,safety,9,384,27,dE_E6_risk_weighted,R1_gbm_reg,quota,0.5,True,,0.28647333062629565,0.005478040790306004,0.45706401265902014,-0.07621306375933808,-0.2746075238028474,0.11415830820157757,0.7708528247716006,0.5894442939632509,0.8289247523363601,0.38717736224654864,0.29102144695681775,0.4855387440152837,-0.4843794941453049,-0.6696357785290485,-0.2939673216933041,1.0,0.3940213439457438,0.11287660673798641,0.303732466000879,319,,0.25,8,0.4166666666666667,12
nuPlan,n/a,pdm_closed,safety,9,384,27,dE_E6_risk_weighted,R1_gbm_clf,quota,0.1,True,,0.0,0.0,0.0739620715619679,-0.060822446419225344,-0.07563082359036447,0.005424665901775261,0.4891459290957347,0.28775763659133474,0.601330216094264,0.392316669779174,0.2197585428560463,0.5333684019473842,-0.4891459290957347,-0.601330216094264,-0.28775763659133474,1.0,0.3940213439457438,0.0,0.19273393636789088,319,,0.25,8,0.4166666666666667,12
nuPlan,n/a,pdm_closed,safety,9,384,27,dE_E6_risk_weighted,R1_gbm_clf,quota,0.2,True,,0.06897925171245935,0.0,0.14905470580340782,-0.05520349114649638,-0.13226865520363076,0.011906912121051938,0.699316734350668,0.5262845497685859,0.7997005749120881,0.5356347039643957,0.3891849595659888,0.6873381583076511,-0.6303374826382087,-0.7390472446591068,-0.45251154668471477,1.0,0.3940213439457438,0.02717929746411498,0.2755457195125989,319,,0.25,8,0.4166666666666667,12
nuPlan,n/a,pdm_closed,safety,9,384,27,dE_E6_risk_weighted,R1_gbm_clf,quota,0.3,True,,0.06877235782533699,0.06032060448057278,0.14996894788769055,-0.08982155735974245,-0.13463012381865486,-0.0463476415317708,0.7693621144359827,0.5532968338025958,0.7865519770662638,0.5435293806950696,0.38533016610571913,0.6081307871001382,-0.7005897566106457,-0.7201922312988167,-0.4720968495201791,0.9941262848751835,0.3940213439457438,0.027097776856656867,0.303145094311005,319,,0.25,8,0.4166666666666667,12
nuPlan,n/a,pdm_closed,safety,9,384,27,dE_E6_risk_weighted,R1_gbm_clf,quota,0.5,True,,0.13882929291031473,-0.004139577241560327,0.22462259881940233,-0.1946908194580006,-0.32295386156802064,-0.09165038868044564,0.6292482442660272,0.5600089810099929,0.7542932844704292,0.3191998992172686,0.2804732128721251,0.41138758001298664,-0.49041895135571245,-0.6573790270006794,-0.37789100343758864,1.0,0.3940213439457438,0.05470170457155953,0.2479372388811997,319,,0.25,8,0.4166666666666667,12
nuPlan,n/a,pdm_closed,scalar_J,9,384,48,primary,gate_ridge,quota,0.1,True,,0.8383660618283683,0.4546351050940852,0.9981879376839596,0.617374547427588,0.38375612809498394,0.9367306661897996,0.20622085803388204,-2.905224786621827e-07,0.3099225747006751,0.09665960774154185,-0.059222418920919506,0.24166824098877934,0.6321452037944862,0.22843375548789505,0.8424471905259682,0.0,0.35360740052744855,0.2964524438135635,0.07292122154390103,319,,0.6785714285714286,28,0.6744186046511628,43
nuPlan,n/a,pdm_closed,scalar_J,9,384,48,primary,gate_ridge,quota,0.2,True,,0.9881693559402288,0.8308484683882006,0.9992983712992952,0.8451746097863712,0.6968468288080998,0.884817783877469,0.28557872627662007,0.07278588441878285,0.5232543564140281,0.16152920210244653,-0.05030931077566969,0.38964899599524094,0.7025906296636087,0.3936256774772634,0.9212398478422487,0.0,0.35360740052744855,0.34942399723490736,0.10098275104461539,319,,0.6785714285714286,28,0.6744186046511628,43
nuPlan,n/a,pdm_closed,scalar_J,9,384,48,primary,gate_ridge,quota,0.3,True,,0.9850458671228198,0.9715274663716273,0.9982876243300121,0.7947315597220714,0.7715926828663786,0.8239032728210482,0.43241390102404265,0.0779429433235173,0.6718455802603559,0.2538701612404269,-0.10991059461285418,0.4713750319593427,0.5526319660987772,0.3027593941873058,0.908623768847639,0.0,0.35360740052744855,0.3483195084736068,0.15290475549304514,319,,0.6785714285714286,28,0.6744186046511628,43
nuPlan,n/a,pdm_closed,scalar_J,9,384,48,primary,gate_ridge,quota,0.5,True,,0.9004489757910216,0.8175360344412445,0.983769595299219,0.6085084655690303,0.48321951145476527,0.7014484528577822,0.6897986569754303,0.43269583466169903,0.7439502699664673,0.3201589097045934,0.11923537196556427,0.4099059279297265,0.21065031881559126,0.07504436781448653,0.5297572136986128,0.0014684287812041115,0.35360740052744855,0.3184054216370666,0.24391790998040708,319,,0.6785714285714286,28,0.6744186046511628,43
nuPlan,n/a,pdm_closed,scalar_J,9,384,48,primary,gate_gbm,quota,0.1,True,,0.9260728535035636,0.589896493946421,0.9984945225460705,0.7449726551628655,0.522821427212427,0.9353632945179641,0.28435808346230984,0.1477604283710064,0.37663446864321204,0.20351550507822438,0.08229896669031884,0.3094021455168706,0.6417147700412538,0.32220876540516996,0.7458279662070055,0.0,0.35360740052744855,0.3274662144264318,0.10055112271207464,319,,0.6785714285714286,28,0.6744186046511628,43
nuPlan,n/a,pdm_closed,scalar_J,9,384,48,primary,gate_gbm,quota,0.2,True,,0.9893573565223529,0.9028780796456154,0.9903982987544955,0.8557322173465901,0.7723726071040762,0.879985057178423,0.4244370745334707,0.27763435057385855,0.6681014066407719,0.29992458830102997,0.15315120272139254,0.5338025078070694,0.5649202819888822,0.3213530918587907,0.7091889444298732,0.0,0.35360740052744855,0.34984408303257736,0.1500840906132555,319,,0.6785714285714286,28,0.6744186046511628,43
nuPlan,n/a,pdm_closed,scalar_J,9,384,48,primary,gate_gbm,quota,0.3,True,,0.9892972766301558,0.9880638869126466,0.9901279291394597,0.8002378665011336,0.7869418312922765,0.8246024695672745,0.5558649443292177,0.3692633961841448,0.6754537216996549,0.3479090830463388,0.1755788873435894,0.47455601741158904,0.43343233230093803,0.3140053553074008,0.6195743453775229,0.0,0.35360740052744855,0.34982283833807354,0.19655795800858958,319,,0.6785714285714286,28,0.6744186046511628,43
nuPlan,n/a,pdm_closed,scalar_J,9,384,48,primary,gate_gbm,quota,0.5,True,,0.9891381096854984,0.8447457114801314,0.9899109814521795,0.6611690972796446,0.5328031729883114,0.7132331216901708,0.484982414914338,0.3111116908297155,0.6731401945606075,0.20839921973744627,0.03528427357355657,0.33907468743440816,0.5041556947711604,0.3084388414835557,0.6781884937644213,0.0,0.35360740052744855,0.3497665557285234,0.17149337103938356,319,,0.6785714285714286,28,0.6744186046511628,43
nuPlan,n/a,pdm_closed,scalar_J,9,384,48,primary,R1_mlp_reg,quota,0.1,True,,0.0027194656959144505,0.0017015021700740557,0.09989725561358923,-0.04615396967997736,-0.06595590523117015,0.013808771008783072,0.07631136659950619,0.005754932563383887,0.09184491838331323,0.001148245019430976,-0.06109439882572521,0.01746136570151574,-0.07359190090359173,-0.08120435540831349,0.0716421068160758,0.9162995594713657,0.35360740052744855,0.0009616231955558777,0.026984263973948545,319,,0.6785714285714286,28,0.6744186046511628,43
nuPlan,n/a,pdm_closed,scalar_J,9,384,48,primary,R1_mlp_reg,quota,0.2,True,,0.14051048827290885,0.015183269238473554,0.15134841317690695,0.0063595577245189805,-0.08108322790650639,0.018326875220372102,0.20344905331892624,0.06528482727350618,0.2892644758317572,0.056380686104393875,-0.05531501589976823,0.15484602438994874,-0.06293856504601739,-0.1439490941832417,0.07172315581668565,0.8766519823788547,0.35360740052744855,0.049685548505025844,0.07194109088387579,319,,0.6785714285714286,28,0.6744186046511628,43
nuPlan,n/a,pdm_closed,scalar_J,9,384,48,primary,R1_mlp_reg,quota,0.3,True,,0.14058513072765688,0.12530741936587653,0.3499253259961999,-0.018903453593843073,-0.052163345952115636,0.16269390074435333,0.14131494191235264,0.009793006790934955,0.3108227108591628,0.024956683126537895,-0.15048582050057854,0.11014337627149967,-0.0007298111846957556,-0.14594062789961526,0.12207851085452325,0.7195301027900147,0.35360740052744855,0.04971194262941828,0.049970009265314405,319,,0.6785714285714286,28,0.6744186046511628,43
nuPlan,n/a,pdm_closed,scalar_J,9,384,48,primary,R1_mlp_reg,quota,0.5,True,,0.4326660328493792,0.3407897922769568,0.5367813164781569,0.14420488909906523,0.047748462944910475,0.20276791543118916,0.3331029887150159,0.2670641572525144,0.5045586635990174,0.0513728510019907,-0.04702939051537475,0.1702889156627787,0.09956304413436329,-0.03920990643728822,0.21144364376075253,0.07342143906020558,0.35360740052744855,0.15299391117239264,0.11778768194744081,319,,0.6785714285714286,28,0.6744186046511628,43
nuPlan,n/a,pdm_closed,scalar_J,9,384,48,primary,R1_mlp_clf,quota,0.1,True,,0.13528005769650828,0.05907899775865322,0.17095858920884283,0.05403796649081015,0.0015121313054991259,0.09659842667418403,0.010529947295027986,-0.002062960637910688,0.08781509899111449,-0.04213662935712555,-0.06996052055348666,0.02309388309702902,0.12475011040148029,-0.01531332512847397,0.17004766474844668,0.06607929515418502,0.35360740052744855,0.04783602954526555,0.0037234672906858845,319,,0.6785714285714286,28,0.6744186046511628,43
nuPlan,n/a,pdm_closed,scalar_J,9,384,48,primary,R1_mlp_clf,quota,0.2,True,,0.2775625847881968,0.07485097662483314,0.45210888387777476,0.12819184913566453,-0.05314284208790991,0.3272756220076684,0.010122782400098925,-0.04810210564997249,0.22366224991392716,-0.08159198316512142,-0.16477596825439833,0.08997359820811893,0.26743980238809784,0.015623192791047777,0.4347973736817512,0.016152716593245228,0.35360740052744855,0.09814818409063379,0.0035794907706039876,319,,0.6785714285714286,28,0.6744186046511628,43
nuPlan,n/a,pdm_closed,scalar_J,9,384,48,primary,R1_mlp_clf,quota,0.3,True,,0.6756298141283948,0.3683677514385207,0.7026620213366873,0.3952379213160041,0.17285290201106404,0.5342684680203129,0.14601258126984748,0.0018581080526678961,0.2967483296700277,-0.042393874251248805,-0.19307047808896186,0.09678340482305747,0.5296172328585473,0.1542476624151765,0.6965489065256509,0.002936857562408223,0.35360740052744855,0.23890770229278493,0.05163112930713359,319,,0.6785714285714286,28,0.6744186046511628,43
nuPlan,n/a,pdm_closed,scalar_J,9,384,48,primary,R1_mlp_clf,quota,0.5,True,,0.6083287024985333,0.504189166476689,0.7284621481679541,0.2829407084561449,0.16991941854045034,0.41216703462078885,0.21972485717573537,0.07601898550467093,0.5610164851396661,-0.015474662352220838,-0.19977129413062045,0.24857976507805923,0.38860384532279796,0.04124028656927031,0.5748006369039272,0.023494860499265784,0.35360740052744855,0.21510953115674197,0.07769633557717669,319,,0.6785714285714286,28,0.6744186046511628,43
nuPlan,n/a,pdm_closed,scalar_J,9,384,48,primary,R1_gbm_reg,quota,0.1,True,,0.06438962487940961,-0.015140692571101523,0.06972589792294404,-0.014960766598496088,-0.09881074797873605,0.004664735407832382,0.6175217080341356,0.36440841901844945,0.671992115883499,0.5099520381302208,0.29735400406094425,0.6051280120418511,-0.5531320831547261,-0.6327121164873412,-0.2983734560041477,0.9897209985315712,0.35360740052744855,0.022768647874545557,0.21836024594722075,319,,0.6785714285714286,28,0.6744186046511628,43
nuPlan,n/a,pdm_closed,scalar_J,9,384,48,primary,R1_gbm_reg,quota,0.2,True,,0.06457820953947828,0.05719734659102678,0.1435948402209853,-0.03570108517808447,-0.06705815641805048,0.010584257249046575,0.6953662049411609,0.6090242791542151,0.7527461623587192,0.5622638849902676,0.4951305101304592,0.6194833899987762,-0.6307879954016826,-0.6822990905070386,-0.5154891199416523,0.9897209985315712,0.35360740052744855,0.022835332805971793,0.24588663614388093,319,,0.6785714285714286,28,0.6744186046511628,43
nuPlan,n/a,pdm_closed,scalar_J,9,384,48,primary,R1_gbm_reg,quota,0.3,True,,0.13478272651832518,0.11932416579004754,0.1448136601753346,-0.05354720720225996,-0.05898377347061787,-0.045072600095780124,0.694049764159687,0.5211560612612175,0.770015377490875,0.5018900577402104,0.34499108262993416,0.5823342167016041,-0.5592670376413618,-0.636077624383858,-0.3927357477047162,0.9897209985315712,0.35360740052744855,0.04766016956014697,0.24542113294119564,319,,0.6785714285714286,28,0.6744186046511628,43
nuPlan,n/a,pdm_closed,scalar_J,9,384,48,primary,R1_gbm_reg,quota,0.5,True,,0.13110605615109652,-0.0013896271655975542,0.2187093240874497,-0.1824123192683209,-0.29045570761729894,-0.10673648895753604,0.6281465716625302,0.43204865689656513,0.7524217466100205,0.337339096580098,0.15578706887624305,0.41820011734549994,-0.4970405155114337,-0.6207333247494639,-0.34358647640062423,0.9926578560939795,0.35360740052744855,0.04636007170899495,0.22211727635581596,319,,0.6785714285714286,28,0.6744186046511628,43
nuPlan,n/a,pdm_closed,scalar_J,9,384,48,primary,R1_gbm_clf,quota,0.1,True,,0.00167663892314626,-0.0001955603573953394,0.08170803857398093,-0.0560365794693753,-0.06898252793223468,0.014777143076431298,0.2056831563154779,0.1810288652036588,0.37257914420890376,0.19597340964142707,0.12533797581221873,0.3049601100597525,-0.20400651739233164,-0.37180575517744413,-0.13992009839789726,0.9897209985315712,0.35360740052744855,0.0005928719312368896,0.072731086236997,319,,0.6785714285714286,28,0.6744186046511628,43
nuPlan,n/a,pdm_closed,scalar_J,9,384,48,primary,R1_gbm_clf,quota,0.2,True,,0.07226030595436043,-0.005378262409145023,0.08107455031806345,-0.062094637916261186,-0.1387090192585988,-0.043200217155569515,0.4750626147711628,0.27411004565527697,0.5826524793700668,0.3094763245032239,0.14925530631668418,0.4498016821133566,-0.40280230881680235,-0.5641654404566449,-0.2103261843327538,0.9897209985315712,0.35360740052744855,0.025551778949839506,0.16798565629700354,319,,0.6785714285714286,28,0.6744186046511628,43
nuPlan,n/a,pdm_closed,scalar_J,9,384,48,primary,R1_gbm_clf,quota,0.3,True,,0.06495091189024785,-0.00812090101180693,0.17592489890086768,-0.1374118386742583,-0.20812261909080812,0.010543213781554789,0.6844068536561112,0.3728131358048874,0.815620325288362,0.4403914876100708,0.17328164447030975,0.6156347431413878,-0.6194559417658634,-0.8113936793877724,-0.345732713845438,0.9897209985315712,0.35360740052744855,0.02296712311539789,0.24201132842450737,319,,0.6785714285714286,28,0.6744186046511628,43
nuPlan,n/a,pdm_closed,scalar_J,9,384,48,primary,R1_gbm_clf,quota,0.5,True,,0.26776602692924495,-0.0056511562702857236,0.3545619221647621,-0.14432547372363808,-0.33976873677197444,0.07852881822458097,0.686506218555746,0.5943465024811716,0.828966758543009,0.4101482486268473,0.2909828076439039,0.514033774272704,-0.41874019162650106,-0.7687069305949356,-0.29800402386212893,0.9897209985315712,0.35360740052744855,0.0946840487320131,0.2427536793894258,319,,0.6785714285714286,28,0.6744186046511628,43
nuPlan,n/a,pdm_closed,scalar_J,9,384,48,primary,gate_ridge,budget_ms_20,0.2,True,,0.35376522807050664,0.08194310117631613,0.38357536556694,0.14737309518713684,-0.04862594376013242,0.2515816012073998,-2.8840614016808776e-07,-7.660288771424165e-07,0.14695943640108045,-0.11206575045617738,-0.13365684712327522,0.014336057635441435,0.35376551647664684,0.047722097724153506,0.38348520610018155,0.0,0.35360740052744855,0.12509400269501184,-1.0198254552099248e-07,319,0.03345300559798462,0.6785714285714286,28,0.6744186046511628,43
nuPlan,n/a,pdm_closed,scalar_J,9,384,48,primary,gate_gbm,budget_ms_20,0.2,True,,0.0,0.0,0.0,-0.12536360535430777,-0.13368865170580824,-0.10974874748651098,0.0,0.0,0.0,-0.12536360535430777,-0.13368865170580824,-0.10974874748651098,0.0,0.0,0.0,1.0,0.35360740052744855,0.0,0.0,319,0.0,0.6785714285714286,28,0.6744186046511628,43
nuPlan,n/a,pdm_closed,scalar_J,9,384,48,primary,R1_mlp_reg,budget_ms_20,0.2,True,,0.14051048827290885,0.0017304750893082346,0.1512534212001023,-0.021182923665020566,-0.12989268818950706,0.01886248680573191,0.20666843296719328,0.06752427701437844,0.22427832183179455,0.02808825856737275,-0.05536025670569837,0.09186344152808557,-0.06615794469428443,-0.1459552885589277,0.07176784781183904,0.8325991189427313,0.35360740052744855,0.049685548505025844,0.07307948735261047,319,0.17245828911546476,0.6785714285714286,28,0.6744186046511628,43
nuPlan,n/a,pdm_closed,scalar_J,9,384,48,primary,R1_mlp_clf,budget_ms_20,0.2,True,,0.20883228705926943,0.0709902626768565,0.3770761269906395,0.05987258725228338,-0.05420910784802342,0.24486248907621475,0.010919493668175859,0.005636601443382431,0.1460494219590079,-0.09514068712819518,-0.12656783052958956,0.02069898017504951,0.19791279339109358,0.015445472753268337,0.3697197655896361,0.01908957415565345,0.35360740052744855,0.0738446421732302,0.003861213771079599,319,0.17245828911546476,0.6785714285714286,28,0.6744186046511628,43
nuPlan,n/a,pdm_closed,scalar_J,9,384,48,primary,R1_gbm_reg,budget_ms_20,0.2,True,,0.0,0.0,0.0,-0.12536360535430777,-0.13368865170580824,-0.10974874748651098,0.0,0.0,0.0,-0.12536360535430777,-0.13368865170580824,-0.10974874748651098,0.0,0.0,0.0,1.0,0.35360740052744855,0.0,0.0,319,0.0,0.6785714285714286,28,0.6744186046511628,43
nuPlan,n/a,pdm_closed,scalar_J,9,384,48,primary,R1_gbm_clf,budget_ms_20,0.2,True,,0.0,0.0,0.0,-0.12536360535430777,-0.13368865170580824,-0.10974874748651098,0.0,0.0,0.0,-0.12536360535430777,-0.13368865170580824,-0.10974874748651098,0.0,0.0,0.0,1.0,0.35360740052744855,0.0,0.0,319,0.0,0.6785714285714286,28,0.6744186046511628,43
nuPlan,n/a,pdm_closed,scalar_J,9,384,48,primary,gate_gbm_batched,budget_ms_20,0.2,True,,0.5741586874852933,0.14560296250545596,0.6970688657055611,0.348832392939579,0.01618345144019903,0.5643252799356829,0.15560791359991846,-0.00032294823433707577,0.2960600828828941,-0.02082628677072612,-0.12669290910297118,0.17224420826527784,0.41855077388537487,0.1412601020517999,0.5565349536176307,0.0,0.35360740052744855,0.20302676097192626,0.05502410982956697,319,0.04999531474239674,0.6785714285714286,28,0.6744186046511628,43
nuPlan,n/a,pdm_closed,scalar_J,9,384,48,dE_exact,gate_ridge,quota,0.1,True,,0.8383660618283683,0.4546351050940852,0.9981879376839596,0.617374547427588,0.38375612809498394,0.9367306661897996,0.2851213525257445,0.20100981572063764,0.48928083818555784,0.2578132998127433,0.12928417769867662,0.4271424841165823,0.5532447093026238,0.1415298976867046,0.6813830973225431,0.0,0.35360740052744855,0.2964524438135635,0.10082102030149878,319,,0.696969696969697,33,0.6458333333333334,48
nuPlan,n/a,pdm_closed,scalar_J,9,384,48,dE_exact,gate_ridge,quota,0.2,True,,0.9881693559402288,0.8308484683882006,0.9992983712992952,0.8451746097863712,0.6968468288080998,0.884817783877469,0.5590140972544746,0.300961033373618,0.730973833919802,0.38710997686849363,0.17041433397791644,0.5971876108613599,0.4291552586857542,0.24985500448477982,0.6308337312751549,0.0,0.35360740052744855,0.34942399723490736,0.19767152178835307,319,,0.696969696969697,33,0.6458333333333334,48
nuPlan,n/a,pdm_closed,scalar_J,9,384,48,dE_exact,gate_ridge,quota,0.3,True,,0.9850458671228198,0.9715274663716273,0.9982876243300121,0.7947315597220714,0.7715926828663786,0.8239032728210482,0.6927290982558924,0.44733788731041324,0.7450951339640184,0.4389554860368926,0.24801648747574565,0.5446939678155083,0.2923167688669275,0.2348982131842252,0.5397876165719512,0.0,0.35360740052744855,0.3483195084736068,0.24495413570398958,319,,0.696969696969697,33,0.6458333333333334,48
nuPlan,n/a,pdm_closed,scalar_J,9,384,48,dE_exact,gate_ridge,quota,0.5,True,,0.9004489757910216,0.8175360344412445,0.983769595299219,0.6085084655690303,0.48321951145476527,0.7014484528577822,0.6242731098312417,0.5504909774220486,0.7439502699664671,0.3334616165469763,0.27472809083347016,0.4099368689194992,0.27617586595977983,0.1369787337941103,0.4230514609739251,0.0,0.35360740052744855,0.3184054216370666,0.22074759158661178,319,,0.696969696969697,33,0.6458333333333334,48
nuPlan,n/a,pdm_closed,scalar_J,9,384,48,dE_exact,gate_gbm,quota,0.1,True,,0.9260728535035636,0.589896493946421,0.9984945225460705,0.7449726551628655,0.522821427212427,0.9353632945179641,0.13666915773584348,0.004219638335274678,0.22701513684520797,0.0706244365930365,-0.04171716530436548,0.15982214103883075,0.7894036957677202,0.4532325322311723,0.8567375248265632,0.0,0.35360740052744855,0.3274662144264318,0.04832722559924745,319,,0.696969696969697,33,0.6458333333333334,48
nuPlan,n/a,pdm_closed,scalar_J,9,384,48,dE_exact,gate_gbm,quota,0.2,True,,0.9893573565223529,0.9028780796456154,0.9903982987544955,0.8557322173465901,0.7723726071040762,0.879985057178423,0.21065264409428552,0.12926975783611844,0.50020606971851,0.1241905935803888,0.012829788371933576,0.3754730404740966,0.7787047124280674,0.48959110904059244,0.8593056778745147,0.0,0.35360740052744855,0.34984408303257736,0.07448833389241409,319,,0.696969696969697,33,0.6458333333333334,48
nuPlan,n/a,pdm_closed,scalar_J,9,384,48,dE_exact,gate_gbm,quota,0.3,True,,0.9892972766301558,0.9880638869126466,0.9901279291394597,0.8002378665011336,0.7869418312922765,0.8246024695672745,0.5003284448963907,0.15111068638341144,0.6731699253173522,0.24542361827652542,-0.046046878517550016,0.47270641403429314,0.48896883173376504,0.31648481410385343,0.8378957227242945,0.0,0.35360740052744855,0.34982283833807354,0.1769198408097535,319,,0.696969696969697,33,0.6458333333333334,48
nuPlan,n/a,pdm_closed,scalar_J,9,384,48,dE_exact,gate_gbm,quota,0.5,True,,0.9891381096854984,0.8447457114801314,0.9899109814521795,0.6611690972796446,0.5328031729883114,0.7132331216901708,0.621692172991105,0.3096088891940796,0.6746452921023874,0.23849963714769729,0.03358959414421231,0.34045132925447064,0.3674459366943934,0.3082623130035559,0.6710461935889527,0.0,0.35360740052744855,0.3497665557285234,0.2198349532196455,319,,0.696969696969697,33,0.6458333333333334,48
nuPlan,n/a,pdm_closed,scalar_J,9,384,48,dE_exact,R1_mlp_reg,quota,0.1,True,,0.0027194656959144505,0.0017015021700740557,0.09989725561358923,-0.04615396967997736,-0.06595590523117015,0.013808771008783072,0.07778921980310373,0.005473211248494153,0.12101700986030912,-0.005403063183429878,-0.061384446511136545,0.026751954861172544,-0.07506975410718927,-0.08619919259183904,0.06511307673754527,0.9427312775330396,0.35360740052744855,0.0009616231955558777,0.027506843803633833,319,,0.696969696969697,33,0.6458333333333334,48
nuPlan,n/a,pdm_closed,scalar_J,9,384,48,dE_exact,R1_mlp_reg,quota,0.2,True,,0.14051048827290885,0.015183269238473554,0.15134841317690695,0.0063595577245189805,-0.08108322790650639,0.018326875220372102,0.14708317426398151,0.07209724062889884,0.16325488251008557,-0.009160410210374833,-0.05469153497836002,0.031004380128050707,-0.006572685991072663,-0.08012436890424174,0.07178384813948457,0.40822320117474303,0.35360740052744855,0.049685548505025844,0.05200969891281222,319,,0.696969696969697,33,0.6458333333333334,48
nuPlan,n/a,pdm_closed,scalar_J,9,384,48,dE_exact,R1_mlp_reg,quota,0.3,True,,0.14058513072765688,0.12530741936587653,0.3499253259961999,-0.018903453593843073,-0.052163345952115636,0.16269390074435333,0.20767160313851313,0.12891325852477292,0.3677687599769566,0.002556441792597392,-0.05792194464596889,0.16723578241824433,-0.06708647241085625,-0.14834761695768683,0.14655613785180205,0.4977973568281938,0.35360740052744855,0.04971194262941828,0.07343421574917755,319,,0.696969696969697,33,0.6458333333333334,48
nuPlan,n/a,pdm_closed,scalar_J,9,384,48,dE_exact,R1_mlp_reg,quota,0.5,True,,0.4326660328493792,0.3407897922769568,0.5367813164781569,0.14420488909906523,0.047748462944910475,0.20276791543118916,0.41531886161790466,0.3270752268152154,0.4841039695972814,0.1021326372227567,0.03093040988380036,0.17194622946070626,0.017347171231474556,-0.056777305497403285,0.1338139961975835,0.19970631424375918,0.35360740052744855,0.15299391117239264,0.1468598230467264,319,,0.696969696969697,33,0.6458333333333334,48
nuPlan,n/a,pdm_closed,scalar_J,9,384,48,dE_exact,R1_mlp_clf,quota,0.1,True,,0.13528005769650828,0.05907899775865322,0.17095858920884283,0.05403796649081015,0.0015121313054991259,0.09659842667418403,-0.0659708356988261,-0.07686253710145687,0.002232692812946112,-0.10349119980415963,-0.1449611202996566,-0.05390930461210665,0.20125089339533436,0.059924200489775585,0.23445158262785676,0.007342143906020558,0.35360740052744855,0.04783602954526555,-0.0233277757220853,319,,0.696969696969697,33,0.6458333333333334,48
nuPlan,n/a,pdm_closed,scalar_J,9,384,48,dE_exact,R1_mlp_clf,quota,0.2,True,,0.2775625847881968,0.07485097662483314,0.45210888387777476,0.12819184913566453,-0.05314284208790991,0.3272756220076684,0.010723355690309177,-0.07329115742353798,0.23402879317119343,-0.10812759588454865,-0.20604007322425597,0.1003401414653852,0.2668392290978876,-0.003382837460872923,0.4549258818045344,0.02936857562408223,0.35360740052744855,0.09814818409063379,0.0037918579305814513,319,,0.696969696969697,33,0.6458333333333334,48
nuPlan,n/a,pdm_closed,scalar_J,9,384,48,dE_exact,R1_mlp_clf,quota,0.3,True,,0.6756298141283948,0.3683677514385207,0.7026620213366873,0.3952379213160041,0.17285290201106404,0.5342684680203129,0.15208327134151697,0.007179862076641259,0.38264104079384426,0.0024778227958340295,-0.15907499046987877,0.1821897807866483,0.5235465427868778,0.12762809489378701,0.6395323590007888,0.005873715124816446,0.35360740052744855,0.23890770229278493,0.05377777024278443,319,,0.696969696969697,33,0.6458333333333334,48
nuPlan,n/a,pdm_closed,scalar_J,9,384,48,dE_exact,R1_mlp_clf,quota,0.5,True,,0.6083287024985333,0.504189166476689,0.7284621481679541,0.2829407084561449,0.16991941854045034,0.41216703462078885,0.34692202319406906,0.29332359765886823,0.44514254026273337,0.05218864997850764,0.023127837542593566,0.11186568174042211,0.26140667930446426,0.06864299358189696,0.38229949065519647,0.0,0.35360740052744855,0.21510953115674197,0.12267419480737797,319,,0.696969696969697,33,0.6458333333333334,48
nuPlan,n/a,pdm_closed,scalar_J,9,384,48,dE_exact,R1_gbm_reg,quota,0.1,True,,0.06438962487940961,-0.015140692571101523,0.06972589792294404,-0.014960766598496088,-0.09881074797873605,0.004664735407832382,0.4756733052436788,0.32924167901762075,0.5149643451166885,0.3801612746051721,0.2618739487356251,0.4507181490027154,-0.4112836803642692,-0.4739136865078382,-0.27688235789819227,0.9897209985315712,0.35360740052744855,0.022768647874545557,0.16820160096751682,319,,0.696969696969697,33,0.6458333333333334,48
nuPlan,n/a,pdm_closed,scalar_J,9,384,48,dE_exact,R1_gbm_reg,quota,0.2,True,,0.06457820953947828,0.05719734659102678,0.1435948402209853,-0.03570108517808447,-0.06705815641805048,0.010584257249046575,0.6815812717599702,0.3814098928094336,0.7374470809483687,0.4845703133957198,0.25960735926115774,0.6033770458341936,-0.617003062220492,-0.6631202466000017,-0.3132028649525819,0.9897209985315712,0.35360740052744855,0.022835332805971793,0.24101218175523553,319,,0.696969696969697,33,0.6458333333333334,48
nuPlan,n/a,pdm_closed,scalar_J,9,384,48,dE_exact,R1_gbm_reg,quota,0.3,True,,0.13478272651832518,0.11932416579004754,0.1448136601753346,-0.05354720720225996,-0.05898377347061787,-0.045072600095780124,0.6229436136918497,0.5056396391394664,0.7379102212558892,0.44003155796323723,0.32376319408832577,0.5374827714056916,-0.4881608871735245,-0.5955534239537182,-0.3747489617974427,0.9897209985315712,0.35360740052744855,0.04766016956014697,0.22027747191275007,319,,0.696969696969697,33,0.6458333333333334,48
nuPlan,n/a,pdm_closed,scalar_J,9,384,48,dE_exact,R1_gbm_reg,quota,0.5,True,,0.13110605615109652,-0.0013896271655975542,0.2187093240874497,-0.1824123192683209,-0.29045570761729894,-0.10673648895753604,0.694735746661722,0.5560990507357141,0.7545554839831744,0.37190477420992574,0.24400173061382224,0.4203373547229134,-0.5636296905106255,-0.6459580487417995,-0.42654325894621625,0.9970631424375918,0.35360740052744855,0.04636007170899495,0.24566370143054755,319,,0.696969696969697,33,0.6458333333333334,48
nuPlan,n/a,pdm_closed,scalar_J,9,384,48,dE_exact,R1_gbm_clf,quota,0.1,True,,0.00167663892314626,-0.0001955603573953394,0.08170803857398093,-0.0560365794693753,-0.06898252793223468,0.014777143076431298,-0.0005596729048149185,-0.1350173277555872,0.07584883937839566,-0.06339888529527268,-0.19362559362199647,0.008460539145925774,0.0022363118279611783,-0.07473205056168096,0.13846159224889543,0.45961820851688695,0.35360740052744855,0.0005928719312368896,-0.00019790448101724946,319,,0.696969696969697,33,0.6458333333333334,48
nuPlan,n/a,pdm_closed,scalar_J,9,384,48,dE_exact,R1_gbm_clf,quota,0.2,True,,0.07226030595436043,-0.005378262409145023,0.08107455031806345,-0.062094637916261186,-0.1387090192585988,-0.043200217155569515,0.0009598822424075847,-0.06200732515249446,0.28788917132927067,-0.04415513206398928,-0.17922176620987706,0.1550988508734713,0.07130042371195285,-0.2558012978778728,0.13193121499470417,0.45080763582966227,0.35360740052744855,0.025551778949839506,0.00033942146455020425,319,,0.696969696969697,33,0.6458333333333334,48
nuPlan,n/a,pdm_closed,scalar_J,9,384,48,dE_exact,R1_gbm_clf,quota,0.3,True,,0.06495091189024785,-0.00812090101180693,0.17592489890086768,-0.1374118386742583,-0.20812261909080812,0.010543213781554789,0.2696156331719488,0.07222105511751108,0.4757225710785994,0.08265871637521037,-0.12859293493546473,0.2878624308700686,-0.20466472128170096,-0.40858896259982397,0.006583766888431333,0.9706314243759178,0.35360740052744855,0.02296712311539789,0.09533808318749494,319,,0.696969696969697,33,0.6458333333333334,48
nuPlan,n/a,pdm_closed,scalar_J,9,384,48,dE_exact,R1_gbm_clf,quota,0.5,True,,0.26776602692924495,-0.0056511562702857236,0.3545619221647621,-0.14432547372363808,-0.33976873677197444,0.07852881822458097,0.615597080065085,0.36423999199277096,0.7351574029574764,0.28877160229207427,0.04754132313326337,0.40078451404276927,-0.34783105313584,-0.7312349977763778,-0.07940669147307947,0.9897209985315712,0.35360740052744855,0.0946840487320131,0.2176796832541023,319,,0.696969696969697,33,0.6458333333333334,48
nuPlan,n/a,pdm_closed,scalar_J,9,384,48,dE_E6_risk_weighted,gate_ridge,quota,0.1,True,,0.8383660618283683,0.4546351050940852,0.9981879376839596,0.617374547427588,0.38375612809498394,0.9367306661897996,0.6457773220250769,0.4446297018911144,0.8423010898271761,0.5460842775694935,0.37601800629334686,0.7754677941432255,0.1925887398032914,-0.08267892210783179,0.24278707732365035,0.3303964757709251,0.35360740052744855,0.2964524438135635,0.22835164016086448,319,,0.7333333333333333,30,0.6666666666666666,42
nuPlan,n/a,pdm_closed,scalar_J,9,384,48,dE_E6_risk_weighted,gate_ridge,quota,0.2,True,,0.9881693559402288,0.8308484683882006,0.9992983712992952,0.8451746097863712,0.6968468288080998,0.884817783877469,0.774926130151652,0.6660929703808501,0.8665442888346855,0.6522561988475005,0.5416232446037796,0.7331406347481706,0.2132432257885768,0.019862990331896757,0.31532875948071604,0.014684287812041116,0.35360740052744855,0.34942399723490736,0.2740196144837209,319,,0.7333333333333333,30,0.6666666666666666,42
nuPlan,n/a,pdm_closed,scalar_J,9,384,48,dE_E6_risk_weighted,gate_ridge,quota,0.3,True,,0.9850458671228198,0.9715274663716273,0.9982876243300121,0.7947315597220714,0.7715926828663786,0.8239032728210482,0.8416473001902995,0.7169324404227362,0.8586659601909589,0.6037514624115968,0.523696701332195,0.6775995617187143,0.1433985669325203,0.12870692292450414,0.2700320256771823,0.0014684287812041115,0.35360740052744855,0.3483195084736068,0.29761271398123695,319,,0.7333333333333333,30,0.6666666666666666,42
nuPlan,n/a,pdm_closed,scalar_J,9,384,48,dE_E6_risk_weighted,gate_ridge,quota,0.5,True,,0.9004489757910216,0.8175360344412445,0.983769595299219,0.6085084655690303,0.48321951145476527,0.7014484528577822,0.7639277116102309,0.6912889522919098,0.8390428565287473,0.4463942098710085,0.37915210394542787,0.5204991851303079,0.1365212641807907,0.06270110940739637,0.23058104257952317,0.0,0.35360740052744855,0.3184054216370666,0.2701304922933761,319,,0.7333333333333333,30,0.6666666666666666,42
nuPlan,n/a,pdm_closed,scalar_J,9,384,48,dE_E6_risk_weighted,gate_gbm,quota,0.1,True,,0.9260728535035636,0.589896493946421,0.9984945225460705,0.7449726551628655,0.522821427212427,0.9353632945179641,0.21542790268782921,0.14701115341872284,0.3701872357897155,0.184156343519548,0.08409742139880938,0.3030264049043646,0.7106449508157344,0.32736031895485135,0.7292529292412845,0.0,0.35360740052744855,0.3274662144264318,0.07617690067052343,319,,0.7333333333333333,30,0.6666666666666666,42
nuPlan,n/a,pdm_closed,scalar_J,9,384,48,dE_E6_risk_weighted,gate_gbm,quota,0.2,True,,0.9893573565223529,0.9028780796456154,0.9903982987544955,0.8557322173465901,0.7723726071040762,0.879985057178423,0.3574009333076522,0.2596346957841075,0.49739559620296464,0.22578122390896546,0.14503386736338933,0.3848984494989922,0.6319564232147007,0.464444661596753,0.7292756703697412,0.0,0.35360740052744855,0.34984408303257736,0.1263796149730029,319,,0.7333333333333333,30,0.6666666666666666,42
nuPlan,n/a,pdm_closed,scalar_J,9,384,48,dE_E6_risk_weighted,gate_gbm,quota,0.3,True,,0.9892972766301558,0.9880638869126466,0.9901279291394597,0.8002378665011336,0.7869418312922765,0.8246024695672745,0.48561859348467745,0.30563502593648023,0.5469173610487454,0.23994635941822895,0.10704780250603169,0.3807863262699327,0.5036786831454783,0.44316941305466684,0.6835523933094152,0.002936857562408223,0.35360740052744855,0.34982283833807354,0.17171832848991256,319,,0.7333333333333333,30,0.6666666666666666,42
nuPlan,n/a,pdm_closed,scalar_J,9,384,48,dE_E6_risk_weighted,gate_gbm,quota,0.5,True,,0.9891381096854984,0.8447457114801314,0.9899109814521795,0.6611690972796446,0.5328031729883114,0.7132331216901708,0.4883197493694446,0.373927066533556,0.5920672289633396,0.14393386138872286,0.041672734163159475,0.2697756348216723,0.5008183603160539,0.3586230253444357,0.6150818436282823,0.002936857562408223,0.35360740052744855,0.3497665557285234,0.1726734772007445,319,,0.7333333333333333,30,0.6666666666666666,42
nuPlan,n/a,pdm_closed,scalar_J,9,384,48,dE_E6_risk_weighted,R1_mlp_reg,quota,0.1,True,,0.0027194656959144505,0.0017015021700740557,0.09989725561358923,-0.04615396967997736,-0.06595590523117015,0.013808771008783072,-0.0021017715379030065,-0.07055302175757087,0.07486471449887261,-0.0412579005883981,-0.13676046190942537,0.005269817090708964,0.0048212372338174575,-0.06968999708965584,0.08392761510792937,0.36123348017621143,0.35360740052744855,0.0009616231955558777,-0.00074320197002046,319,,0.7333333333333333,30,0.6666666666666666,42
nuPlan,n/a,pdm_closed,scalar_J,9,384,48,dE_E6_risk_weighted,R1_mlp_reg,quota,0.2,True,,0.14051048827290885,0.015183269238473554,0.15134841317690695,0.0063595577245189805,-0.08108322790650639,0.018326875220372102,0.06639740416358324,0.05522405368283312,0.2177435798447925,-0.015476781739027529,-0.06485980552849817,0.08386183247562856,0.07411308410932561,-0.12308292675656457,0.08109676886468656,0.2525697503671072,0.35360740052744855,0.049685548505025844,0.023478613488055057,319,,0.7333333333333333,30,0.6666666666666666,42
nuPlan,n/a,pdm_closed,scalar_J,9,384,48,dE_E6_risk_weighted,R1_mlp_reg,quota,0.3,True,,0.14058513072765688,0.12530741936587653,0.3499253259961999,-0.018903453593843073,-0.052163345952115636,0.16269390074435333,0.20297329264993028,0.17610117823837781,0.2912953001282983,0.033460956700856866,0.008254034052124659,0.09012008732046028,-0.062388161922273394,-0.14137339663740273,0.09200938036420242,0.7738619676945668,0.35360740052744855,0.04971194262941828,0.07177285839043893,319,,0.7333333333333333,30,0.6666666666666666,42
nuPlan,n/a,pdm_closed,scalar_J,9,384,48,dE_E6_risk_weighted,R1_mlp_reg,quota,0.5,True,,0.4326660328493792,0.3407897922769568,0.5367813164781569,0.14420488909906523,0.047748462944910475,0.20276791543118916,0.2579040977135139,0.17328729824491243,0.28474940841372676,-0.07371308328712697,-0.134922800106541,-0.042946751083594165,0.1747619351358653,0.0995089679945419,0.3304494604221222,0.0,0.35360740052744855,0.15299391117239264,0.09119679757785275,319,,0.7333333333333333,30,0.6666666666666666,42
nuPlan,n/a,pdm_closed,scalar_J,9,384,48,dE_E6_risk_weighted,R1_mlp_clf,quota,0.1,True,,0.13528005769650828,0.05907899775865322,0.17095858920884283,0.05403796649081015,0.0015121313054991259,0.09659842667418403,0.14633142086018822,0.10134804637581617,0.38123373030836893,0.11847443910406,0.036187433339052735,0.31446563894905877,-0.01105136316367994,-0.23450482395736588,0.004348695374852612,0.9662261380323054,0.35360740052744855,0.04783602954526555,0.05174387334585921,319,,0.7333333333333333,30,0.6666666666666666,42
nuPlan,n/a,pdm_closed,scalar_J,9,384,48,dE_E6_risk_weighted,R1_mlp_clf,quota,0.2,True,,0.2775625847881968,0.07485097662483314,0.45210888387777476,0.12819184913566453,-0.05314284208790991,0.3272756220076684,0.40930798653711303,0.32821523628343013,0.5149634471747309,0.28665247882975725,0.2106934531658907,0.38135808675594374,-0.13174540174891625,-0.3491165766850498,0.011932074487034261,0.9441997063142438,0.35360740052744855,0.09814818409063379,0.14473433313451245,319,,0.7333333333333333,30,0.6666666666666666,42
nuPlan,n/a,pdm_closed,scalar_J,9,384,48,dE_E6_risk_weighted,R1_mlp_clf,quota,0.3,True,,0.6756298141283948,0.3683677514385207,0.7026620213366873,0.3952379213160041,0.17285290201106404,0.5342684680203129,0.47825703475856113,0.3827368139782646,0.6002814111253617,0.28689522823934815,0.20618969159496156,0.3993299654770289,0.19737277936983372,-0.13418471756329836,0.29300280318068633,0.22026431718061673,0.35360740052744855,0.23890770229278493,0.1691152268449404,319,,0.7333333333333333,30,0.6666666666666666,42
nuPlan,n/a,pdm_closed,scalar_J,9,384,48,dE_E6_risk_weighted,R1_mlp_clf,quota,0.5,True,,0.6083287024985333,0.504189166476689,0.7284621481679541,0.2829407084561449,0.16991941854045034,0.41216703462078885,0.5565543358459142,0.48999793644966183,0.6719438708597738,0.25662766070846477,0.21227096911479537,0.33767412292353516,0.05177436665261914,-0.12730535029772116,0.17650555024054182,0.4287812041116006,0.35360740052744855,0.21510953115674197,0.1968017319507543,319,,0.7333333333333333,30,0.6666666666666666,42
nuPlan,n/a,pdm_closed,scalar_J,9,384,48,dE_E6_risk_weighted,R1_gbm_reg,quota,0.1,True,,0.06438962487940961,-0.015140692571101523,0.06972589792294404,-0.014960766598496088,-0.09881074797873605,0.004664735407832382,-0.001906627545687499,-0.005261180547647792,0.24563016076168928,-0.0058977762993878,-0.07143094581049746,0.17136028004432308,0.06629625242509711,-0.19376722851938116,0.07205537338194087,0.6519823788546255,0.35360740052744855,0.022768647874545557,-0.0006741976102045856,319,,0.7333333333333333,30,0.6666666666666666,42
nuPlan,n/a,pdm_closed,scalar_J,9,384,48,dE_E6_risk_weighted,R1_gbm_reg,quota,0.2,True,,0.06457820953947828,0.05719734659102678,0.1435948402209853,-0.03570108517808447,-0.06705815641805048,0.010584257249046575,0.4866033885336477,0.1928346463273053,0.672835466074682,0.3002454350209912,0.0759975575004022,0.5395149422767581,-0.4220251789941694,-0.5346645663064155,-0.13021857176708462,0.9897209985315712,0.35360740052744855,0.022835332805971793,0.17206655930723122,319,,0.7333333333333333,30,0.6666666666666666,42
nuPlan,n/a,pdm_closed,scalar_J,9,384,48,dE_E6_risk_weighted,R1_gbm_reg,quota,0.3,True,,0.13478272651832518,0.11932416579004754,0.1448136601753346,-0.05354720720225996,-0.05898377347061787,-0.045072600095780124,0.6246111062341565,0.5470606391921051,0.6742526974029452,0.43716875341745065,0.3690076620806165,0.47456789207318106,-0.4898283797158313,-0.5321320743850355,-0.4221394751326983,0.9897209985315712,0.35360740052744855,0.04766016956014697,0.2208671096160341,319,,0.7333333333333333,30,0.6666666666666666,42
nuPlan,n/a,pdm_closed,scalar_J,9,384,48,dE_E6_risk_weighted,R1_gbm_reg,quota,0.5,True,,0.13110605615109652,-0.0013896271655975542,0.2187093240874497,-0.1824123192683209,-0.29045570761729894,-0.10673648895753604,0.753875341599681,0.5786881754957243,0.8137191718419599,0.37797252402385323,0.2860624386070659,0.479705770794992,-0.6227692854485845,-0.6965991295090781,-0.44038216318200163,0.9970631424375918,0.35360740052744855,0.04636007170899495,0.26657589986480545,319,,0.7333333333333333,30,0.6666666666666666,42
nuPlan,n/a,pdm_closed,scalar_J,9,384,48,dE_E6_risk_weighted,R1_gbm_clf,quota,0.1,True,,0.00167663892314626,-0.0001955603573953394,0.08170803857398093,-0.0560365794693753,-0.06898252793223468,0.014777143076431298,0.47656097573185624,0.2809963106435732,0.5864419945544926,0.38391091747681655,0.21476935263871383,0.5228490605816333,-0.47488433680871,-0.5864682498523394,-0.2711961096398794,0.9970631424375918,0.35360740052744855,0.0005928719312368896,0.1685154878213662,319,,0.7333333333333333,30,0.6666666666666666,42
nuPlan,n/a,pdm_closed,scalar_J,9,384,48,dE_E6_risk_weighted,R1_gbm_clf,quota,0.2,True,,0.07226030595436043,-0.005378262409145023,0.08107455031806345,-0.062094637916261186,-0.1387090192585988,-0.043200217155569515,0.6868521569593979,0.5136201660852847,0.7840596770695124,0.5260041738237309,0.37974649831220786,0.6734354033685626,-0.6145918510050375,-0.7237695843469244,-0.4361615178548048,0.9985315712187959,0.35360740052744855,0.025551778949839506,0.24287600576908377,319,,0.7333333333333333,30,0.6666666666666666,42
nuPlan,n/a,pdm_closed,scalar_J,9,384,48,dE_E6_risk_weighted,R1_gbm_clf,quota,0.3,True,,0.06495091189024785,-0.00812090101180693,0.17592489890086768,-0.1374118386742583,-0.20812261909080812,0.010543213781554789,0.755053564834958,0.5422280039372901,0.7715954958673901,0.5347078526539766,0.3765973972654809,0.5963248722101208,-0.6901026529447102,-0.7615421785064406,-0.36671478962220055,0.9926578560939795,0.35360740052744855,0.02296712311539789,0.2669925283202728,319,,0.7333333333333333,30,0.6666666666666666,42
nuPlan,n/a,pdm_closed,scalar_J,9,384,48,dE_E6_risk_weighted,R1_gbm_clf,quota,0.5,True,,0.26776602692924495,-0.0056511562702857236,0.3545619221647621,-0.14432547372363808,-0.33976873677197444,0.07852881822458097,0.6154224277055128,0.5522887512781999,0.7411222019841605,0.31250596354103266,0.2766407343353351,0.4071088009371926,-0.34765640077626786,-0.6672199009085589,-0.19909603316930025,0.9897209985315712,0.35360740052744855,0.0946840487320131,0.21761792488723802,319,,0.7333333333333333,30,0.6666666666666666,42
nuPlan,n/a,idm,safety,9,384,4,primary,gate_ridge,quota,0.1,False,near-zero oracle: 4 affected states on this split (< 10),,,,,,,,,,,,,,,,,0.03739480433153651,,,348,,1.0,1,1.0,1
nuPlan,n/a,idm,safety,9,384,4,primary,gate_ridge,quota,0.2,False,near-zero oracle: 4 affected states on this split (< 10),,,,,,,,,,,,,,,,,0.03739480433153651,,,348,,1.0,1,1.0,1
nuPlan,n/a,idm,safety,9,384,4,primary,gate_ridge,quota,0.3,False,near-zero oracle: 4 affected states on this split (< 10),,,,,,,,,,,,,,,,,0.03739480433153651,,,348,,1.0,1,1.0,1
nuPlan,n/a,idm,safety,9,384,4,primary,gate_ridge,quota,0.5,False,near-zero oracle: 4 affected states on this split (< 10),,,,,,,,,,,,,,,,,0.03739480433153651,,,348,,1.0,1,1.0,1
nuPlan,n/a,idm,safety,9,384,4,primary,gate_gbm,quota,0.1,False,near-zero oracle: 4 affected states on this split (< 10),,,,,,,,,,,,,,,,,0.03739480433153651,,,348,,1.0,1,1.0,1
nuPlan,n/a,idm,safety,9,384,4,primary,gate_gbm,quota,0.2,False,near-zero oracle: 4 affected states on this split (< 10),,,,,,,,,,,,,,,,,0.03739480433153651,,,348,,1.0,1,1.0,1
nuPlan,n/a,idm,safety,9,384,4,primary,gate_gbm,quota,0.3,False,near-zero oracle: 4 affected states on this split (< 10),,,,,,,,,,,,,,,,,0.03739480433153651,,,348,,1.0,1,1.0,1
nuPlan,n/a,idm,safety,9,384,4,primary,gate_gbm,quota,0.5,False,near-zero oracle: 4 affected states on this split (< 10),,,,,,,,,,,,,,,,,0.03739480433153651,,,348,,1.0,1,1.0,1
nuPlan,n/a,idm,safety,9,384,4,primary,R1_mlp_reg,quota,0.1,False,near-zero oracle: 4 affected states on this split (< 10),,,,,,,,,,,,,,,,,0.03739480433153651,,,348,,1.0,1,1.0,1
nuPlan,n/a,idm,safety,9,384,4,primary,R1_mlp_reg,quota,0.2,False,near-zero oracle: 4 affected states on this split (< 10),,,,,,,,,,,,,,,,,0.03739480433153651,,,348,,1.0,1,1.0,1
nuPlan,n/a,idm,safety,9,384,4,primary,R1_mlp_reg,quota,0.3,False,near-zero oracle: 4 affected states on this split (< 10),,,,,,,,,,,,,,,,,0.03739480433153651,,,348,,1.0,1,1.0,1
nuPlan,n/a,idm,safety,9,384,4,primary,R1_mlp_reg,quota,0.5,False,near-zero oracle: 4 affected states on this split (< 10),,,,,,,,,,,,,,,,,0.03739480433153651,,,348,,1.0,1,1.0,1
nuPlan,n/a,idm,safety,9,384,4,primary,R1_mlp_clf,quota,0.1,False,near-zero oracle: 4 affected states on this split (< 10),,,,,,,,,,,,,,,,,0.03739480433153651,,,348,,1.0,1,1.0,1
nuPlan,n/a,idm,safety,9,384,4,primary,R1_mlp_clf,quota,0.2,False,near-zero oracle: 4 affected states on this split (< 10),,,,,,,,,,,,,,,,,0.03739480433153651,,,348,,1.0,1,1.0,1
nuPlan,n/a,idm,safety,9,384,4,primary,R1_mlp_clf,quota,0.3,False,near-zero oracle: 4 affected states on this split (< 10),,,,,,,,,,,,,,,,,0.03739480433153651,,,348,,1.0,1,1.0,1
nuPlan,n/a,idm,safety,9,384,4,primary,R1_mlp_clf,quota,0.5,False,near-zero oracle: 4 affected states on this split (< 10),,,,,,,,,,,,,,,,,0.03739480433153651,,,348,,1.0,1,1.0,1
nuPlan,n/a,idm,safety,9,384,4,primary,R1_gbm_reg,quota,0.1,False,near-zero oracle: 4 affected states on this split (< 10),,,,,,,,,,,,,,,,,0.03739480433153651,,,348,,1.0,1,1.0,1
nuPlan,n/a,idm,safety,9,384,4,primary,R1_gbm_reg,quota,0.2,False,near-zero oracle: 4 affected states on this split (< 10),,,,,,,,,,,,,,,,,0.03739480433153651,,,348,,1.0,1,1.0,1
nuPlan,n/a,idm,safety,9,384,4,primary,R1_gbm_reg,quota,0.3,False,near-zero oracle: 4 affected states on this split (< 10),,,,,,,,,,,,,,,,,0.03739480433153651,,,348,,1.0,1,1.0,1
nuPlan,n/a,idm,safety,9,384,4,primary,R1_gbm_reg,quota,0.5,False,near-zero oracle: 4 affected states on this split (< 10),,,,,,,,,,,,,,,,,0.03739480433153651,,,348,,1.0,1,1.0,1
nuPlan,n/a,idm,safety,9,384,4,primary,R1_gbm_clf,quota,0.1,False,near-zero oracle: 4 affected states on this split (< 10),,,,,,,,,,,,,,,,,0.03739480433153651,,,348,,1.0,1,1.0,1
nuPlan,n/a,idm,safety,9,384,4,primary,R1_gbm_clf,quota,0.2,False,near-zero oracle: 4 affected states on this split (< 10),,,,,,,,,,,,,,,,,0.03739480433153651,,,348,,1.0,1,1.0,1
nuPlan,n/a,idm,safety,9,384,4,primary,R1_gbm_clf,quota,0.3,False,near-zero oracle: 4 affected states on this split (< 10),,,,,,,,,,,,,,,,,0.03739480433153651,,,348,,1.0,1,1.0,1
nuPlan,n/a,idm,safety,9,384,4,primary,R1_gbm_clf,quota,0.5,False,near-zero oracle: 4 affected states on this split (< 10),,,,,,,,,,,,,,,,,0.03739480433153651,,,348,,1.0,1,1.0,1
nuPlan,n/a,idm,safety,9,384,4,primary,gate_ridge,budget_ms_20,0.2,False,near-zero oracle: 4 affected states on this split (< 10),,,,,,,,,,,,,,,,,0.03739480433153651,,,348,0.03345300559798462,1.0,1,1.0,1
nuPlan,n/a,idm,safety,9,384,4,primary,gate_gbm,budget_ms_20,0.2,False,near-zero oracle: 4 affected states on this split (< 10),,,,,,,,,,,,,,,,,0.03739480433153651,,,348,0.0,1.0,1,1.0,1
nuPlan,n/a,idm,safety,9,384,4,primary,R1_mlp_reg,budget_ms_20,0.2,False,near-zero oracle: 4 affected states on this split (< 10),,,,,,,,,,,,,,,,,0.03739480433153651,,,348,0.17245828911546476,1.0,1,1.0,1
nuPlan,n/a,idm,safety,9,384,4,primary,R1_mlp_clf,budget_ms_20,0.2,False,near-zero oracle: 4 affected states on this split (< 10),,,,,,,,,,,,,,,,,0.03739480433153651,,,348,0.17245828911546476,1.0,1,1.0,1
nuPlan,n/a,idm,safety,9,384,4,primary,R1_gbm_reg,budget_ms_20,0.2,False,near-zero oracle: 4 affected states on this split (< 10),,,,,,,,,,,,,,,,,0.03739480433153651,,,348,0.0,1.0,1,1.0,1
nuPlan,n/a,idm,safety,9,384,4,primary,R1_gbm_clf,budget_ms_20,0.2,False,near-zero oracle: 4 affected states on this split (< 10),,,,,,,,,,,,,,,,,0.03739480433153651,,,348,0.0,1.0,1,1.0,1
nuPlan,n/a,idm,safety,9,384,4,primary,gate_gbm_batched,budget_ms_20,0.2,False,near-zero oracle: 4 affected states on this split (< 10),,,,,,,,,,,,,,,,,0.03739480433153651,,,348,0.04999531474239674,1.0,1,1.0,1
nuPlan,n/a,idm,safety,9,384,4,dE_exact,gate_ridge,quota,0.1,False,near-zero oracle: 4 affected states on this split (< 10),,,,,,,,,,,,,,,,,0.03739480433153651,,,348,,,0,,0
nuPlan,n/a,idm,safety,9,384,4,dE_exact,gate_ridge,quota,0.2,False,near-zero oracle: 4 affected states on this split (< 10),,,,,,,,,,,,,,,,,0.03739480433153651,,,348,,,0,,0
nuPlan,n/a,idm,safety,9,384,4,dE_exact,gate_ridge,quota,0.3,False,near-zero oracle: 4 affected states on this split (< 10),,,,,,,,,,,,,,,,,0.03739480433153651,,,348,,,0,,0
nuPlan,n/a,idm,safety,9,384,4,dE_exact,gate_ridge,quota,0.5,False,near-zero oracle: 4 affected states on this split (< 10),,,,,,,,,,,,,,,,,0.03739480433153651,,,348,,,0,,0
nuPlan,n/a,idm,safety,9,384,4,dE_exact,gate_gbm,quota,0.1,False,near-zero oracle: 4 affected states on this split (< 10),,,,,,,,,,,,,,,,,0.03739480433153651,,,348,,,0,,0
nuPlan,n/a,idm,safety,9,384,4,dE_exact,gate_gbm,quota,0.2,False,near-zero oracle: 4 affected states on this split (< 10),,,,,,,,,,,,,,,,,0.03739480433153651,,,348,,,0,,0
nuPlan,n/a,idm,safety,9,384,4,dE_exact,gate_gbm,quota,0.3,False,near-zero oracle: 4 affected states on this split (< 10),,,,,,,,,,,,,,,,,0.03739480433153651,,,348,,,0,,0
nuPlan,n/a,idm,safety,9,384,4,dE_exact,gate_gbm,quota,0.5,False,near-zero oracle: 4 affected states on this split (< 10),,,,,,,,,,,,,,,,,0.03739480433153651,,,348,,,0,,0
nuPlan,n/a,idm,safety,9,384,4,dE_exact,R1_mlp_reg,quota,0.1,False,near-zero oracle: 4 affected states on this split (< 10),,,,,,,,,,,,,,,,,0.03739480433153651,,,348,,,0,,0
nuPlan,n/a,idm,safety,9,384,4,dE_exact,R1_mlp_reg,quota,0.2,False,near-zero oracle: 4 affected states on this split (< 10),,,,,,,,,,,,,,,,,0.03739480433153651,,,348,,,0,,0
nuPlan,n/a,idm,safety,9,384,4,dE_exact,R1_mlp_reg,quota,0.3,False,near-zero oracle: 4 affected states on this split (< 10),,,,,,,,,,,,,,,,,0.03739480433153651,,,348,,,0,,0
nuPlan,n/a,idm,safety,9,384,4,dE_exact,R1_mlp_reg,quota,0.5,False,near-zero oracle: 4 affected states on this split (< 10),,,,,,,,,,,,,,,,,0.03739480433153651,,,348,,,0,,0
nuPlan,n/a,idm,safety,9,384,4,dE_exact,R1_mlp_clf,quota,0.1,False,near-zero oracle: 4 affected states on this split (< 10),,,,,,,,,,,,,,,,,0.03739480433153651,,,348,,,0,,0
nuPlan,n/a,idm,safety,9,384,4,dE_exact,R1_mlp_clf,quota,0.2,False,near-zero oracle: 4 affected states on this split (< 10),,,,,,,,,,,,,,,,,0.03739480433153651,,,348,,,0,,0
nuPlan,n/a,idm,safety,9,384,4,dE_exact,R1_mlp_clf,quota,0.3,False,near-zero oracle: 4 affected states on this split (< 10),,,,,,,,,,,,,,,,,0.03739480433153651,,,348,,,0,,0
nuPlan,n/a,idm,safety,9,384,4,dE_exact,R1_mlp_clf,quota,0.5,False,near-zero oracle: 4 affected states on this split (< 10),,,,,,,,,,,,,,,,,0.03739480433153651,,,348,,,0,,0
nuPlan,n/a,idm,safety,9,384,4,dE_exact,R1_gbm_reg,quota,0.1,False,near-zero oracle: 4 affected states on this split (< 10),,,,,,,,,,,,,,,,,0.03739480433153651,,,348,,,0,,0
nuPlan,n/a,idm,safety,9,384,4,dE_exact,R1_gbm_reg,quota,0.2,False,near-zero oracle: 4 affected states on this split (< 10),,,,,,,,,,,,,,,,,0.03739480433153651,,,348,,,0,,0
nuPlan,n/a,idm,safety,9,384,4,dE_exact,R1_gbm_reg,quota,0.3,False,near-zero oracle: 4 affected states on this split (< 10),,,,,,,,,,,,,,,,,0.03739480433153651,,,348,,,0,,0
nuPlan,n/a,idm,safety,9,384,4,dE_exact,R1_gbm_reg,quota,0.5,False,near-zero oracle: 4 affected states on this split (< 10),,,,,,,,,,,,,,,,,0.03739480433153651,,,348,,,0,,0
nuPlan,n/a,idm,safety,9,384,4,dE_exact,R1_gbm_clf,quota,0.1,False,near-zero oracle: 4 affected states on this split (< 10),,,,,,,,,,,,,,,,,0.03739480433153651,,,348,,,0,,0
nuPlan,n/a,idm,safety,9,384,4,dE_exact,R1_gbm_clf,quota,0.2,False,near-zero oracle: 4 affected states on this split (< 10),,,,,,,,,,,,,,,,,0.03739480433153651,,,348,,,0,,0
nuPlan,n/a,idm,safety,9,384,4,dE_exact,R1_gbm_clf,quota,0.3,False,near-zero oracle: 4 affected states on this split (< 10),,,,,,,,,,,,,,,,,0.03739480433153651,,,348,,,0,,0
nuPlan,n/a,idm,safety,9,384,4,dE_exact,R1_gbm_clf,quota,0.5,False,near-zero oracle: 4 affected states on this split (< 10),,,,,,,,,,,,,,,,,0.03739480433153651,,,348,,,0,,0
nuPlan,n/a,idm,safety,9,384,4,dE_E6_risk_weighted,gate_ridge,quota,0.1,False,near-zero oracle: 4 affected states on this split (< 10),,,,,,,,,,,,,,,,,0.03739480433153651,,,348,,,0,,0
nuPlan,n/a,idm,safety,9,384,4,dE_E6_risk_weighted,gate_ridge,quota,0.2,False,near-zero oracle: 4 affected states on this split (< 10),,,,,,,,,,,,,,,,,0.03739480433153651,,,348,,,0,,0
nuPlan,n/a,idm,safety,9,384,4,dE_E6_risk_weighted,gate_ridge,quota,0.3,False,near-zero oracle: 4 affected states on this split (< 10),,,,,,,,,,,,,,,,,0.03739480433153651,,,348,,,0,,0
nuPlan,n/a,idm,safety,9,384,4,dE_E6_risk_weighted,gate_ridge,quota,0.5,False,near-zero oracle: 4 affected states on this split (< 10),,,,,,,,,,,,,,,,,0.03739480433153651,,,348,,,0,,0
nuPlan,n/a,idm,safety,9,384,4,dE_E6_risk_weighted,gate_gbm,quota,0.1,False,near-zero oracle: 4 affected states on this split (< 10),,,,,,,,,,,,,,,,,0.03739480433153651,,,348,,,0,,0
nuPlan,n/a,idm,safety,9,384,4,dE_E6_risk_weighted,gate_gbm,quota,0.2,False,near-zero oracle: 4 affected states on this split (< 10),,,,,,,,,,,,,,,,,0.03739480433153651,,,348,,,0,,0
nuPlan,n/a,idm,safety,9,384,4,dE_E6_risk_weighted,gate_gbm,quota,0.3,False,near-zero oracle: 4 affected states on this split (< 10),,,,,,,,,,,,,,,,,0.03739480433153651,,,348,,,0,,0
nuPlan,n/a,idm,safety,9,384,4,dE_E6_risk_weighted,gate_gbm,quota,0.5,False,near-zero oracle: 4 affected states on this split (< 10),,,,,,,,,,,,,,,,,0.03739480433153651,,,348,,,0,,0
nuPlan,n/a,idm,safety,9,384,4,dE_E6_risk_weighted,R1_mlp_reg,quota,0.1,False,near-zero oracle: 4 affected states on this split (< 10),,,,,,,,,,,,,,,,,0.03739480433153651,,,348,,,0,,0
nuPlan,n/a,idm,safety,9,384,4,dE_E6_risk_weighted,R1_mlp_reg,quota,0.2,False,near-zero oracle: 4 affected states on this split (< 10),,,,,,,,,,,,,,,,,0.03739480433153651,,,348,,,0,,0
nuPlan,n/a,idm,safety,9,384,4,dE_E6_risk_weighted,R1_mlp_reg,quota,0.3,False,near-zero oracle: 4 affected states on this split (< 10),,,,,,,,,,,,,,,,,0.03739480433153651,,,348,,,0,,0
nuPlan,n/a,idm,safety,9,384,4,dE_E6_risk_weighted,R1_mlp_reg,quota,0.5,False,near-zero oracle: 4 affected states on this split (< 10),,,,,,,,,,,,,,,,,0.03739480433153651,,,348,,,0,,0
nuPlan,n/a,idm,safety,9,384,4,dE_E6_risk_weighted,R1_mlp_clf,quota,0.1,False,near-zero oracle: 4 affected states on this split (< 10),,,,,,,,,,,,,,,,,0.03739480433153651,,,348,,,0,,0
nuPlan,n/a,idm,safety,9,384,4,dE_E6_risk_weighted,R1_mlp_clf,quota,0.2,False,near-zero oracle: 4 affected states on this split (< 10),,,,,,,,,,,,,,,,,0.03739480433153651,,,348,,,0,,0
nuPlan,n/a,idm,safety,9,384,4,dE_E6_risk_weighted,R1_mlp_clf,quota,0.3,False,near-zero oracle: 4 affected states on this split (< 10),,,,,,,,,,,,,,,,,0.03739480433153651,,,348,,,0,,0
nuPlan,n/a,idm,safety,9,384,4,dE_E6_risk_weighted,R1_mlp_clf,quota,0.5,False,near-zero oracle: 4 affected states on this split (< 10),,,,,,,,,,,,,,,,,0.03739480433153651,,,348,,,0,,0
nuPlan,n/a,idm,safety,9,384,4,dE_E6_risk_weighted,R1_gbm_reg,quota,0.1,False,near-zero oracle: 4 affected states on this split (< 10),,,,,,,,,,,,,,,,,0.03739480433153651,,,348,,,0,,0
nuPlan,n/a,idm,safety,9,384,4,dE_E6_risk_weighted,R1_gbm_reg,quota,0.2,False,near-zero oracle: 4 affected states on this split (< 10),,,,,,,,,,,,,,,,,0.03739480433153651,,,348,,,0,,0
nuPlan,n/a,idm,safety,9,384,4,dE_E6_risk_weighted,R1_gbm_reg,quota,0.3,False,near-zero oracle: 4 affected states on this split (< 10),,,,,,,,,,,,,,,,,0.03739480433153651,,,348,,,0,,0
nuPlan,n/a,idm,safety,9,384,4,dE_E6_risk_weighted,R1_gbm_reg,quota,0.5,False,near-zero oracle: 4 affected states on this split (< 10),,,,,,,,,,,,,,,,,0.03739480433153651,,,348,,,0,,0
nuPlan,n/a,idm,safety,9,384,4,dE_E6_risk_weighted,R1_gbm_clf,quota,0.1,False,near-zero oracle: 4 affected states on this split (< 10),,,,,,,,,,,,,,,,,0.03739480433153651,,,348,,,0,,0
nuPlan,n/a,idm,safety,9,384,4,dE_E6_risk_weighted,R1_gbm_clf,quota,0.2,False,near-zero oracle: 4 affected states on this split (< 10),,,,,,,,,,,,,,,,,0.03739480433153651,,,348,,,0,,0
nuPlan,n/a,idm,safety,9,384,4,dE_E6_risk_weighted,R1_gbm_clf,quota,0.3,False,near-zero oracle: 4 affected states on this split (< 10),,,,,,,,,,,,,,,,,0.03739480433153651,,,348,,,0,,0
nuPlan,n/a,idm,safety,9,384,4,dE_E6_risk_weighted,R1_gbm_clf,quota,0.5,False,near-zero oracle: 4 affected states on this split (< 10),,,,,,,,,,,,,,,,,0.03739480433153651,,,348,,,0,,0
nuPlan,n/a,idm,scalar_J,9,384,10,primary,gate_ridge,quota,0.1,True,,0.0,0.0,0.05772415597015934,-0.08772064973077429,-0.10119047619047616,-0.027717283737816192,0.0,0.0,0.003826702811006928,-0.09328074655866575,-0.10119047619047619,-0.07628272137213823,0.0,-0.003826702811006928,0.05772415597015934,0.8134556574923547,0.033052882629340904,0.0,0.0,346,,0.4,10,0.5,16
nuPlan,n/a,idm,scalar_J,9,384,10,primary,gate_ridge,quota,0.2,True,,0.056206833299475525,0.0,0.10913513081490492,-0.1634774352240684,-0.2009803921568627,-0.066687170801807,0.0035105690766264537,0.0,0.008720565780188365,-0.18441568152978544,-0.20068673853593522,-0.15150717507465536,0.05269626422284907,-0.008720565780188365,0.10897502969874054,0.5672782874617737,0.033052882629340904,0.0018577978640144945,0.00011603442765192785,346,,0.4,10,0.5,16
nuPlan,n/a,idm,scalar_J,9,384,10,primary,gate_ridge,quota,0.3,True,,0.056206833299475525,0.0,0.15643696968013443,-0.23488856888087764,-0.3005952380952381,-0.10810438979395129,0.00800013747358671,-0.07408235163166266,0.008720565780188367,-0.2870810238046095,-0.34872126120861885,-0.22395432010611654,0.048206695825888816,-0.008720565780188367,0.2040421988098538,0.3211009174311927,0.033052882629340904,0.0018577978640144945,0.00026442760493305343,346,,0.4,10,0.5,16
nuPlan,n/a,idm,scalar_J,9,384,10,primary,gate_ridge,quota,0.5,True,,0.0628085946015181,0.0064581083698902085,0.9923050116075003,-0.07402741159137202,-0.4933679894064728,0.5746354632119386,-0.061867874860421425,-0.21400120822529412,0.015239380597388004,-0.5143202903615098,-0.6028535656945827,-0.45033171931671695,0.12467646946193953,-0.008090752828296412,1.1487178148436012,0.0779816513761468,0.033052882629340904,0.0020760051054778323,-0.00204491160628826,346,,0.4,10,0.5,16
nuPlan,n/a,idm,scalar_J,9,384,10,primary,gate_gbm,quota,0.1,True,,0.0,0.0,0.0,-0.09377431385041103,-0.10119047619047619,-0.0762952854429113,0.0005074176139456607,-0.0777918897864087,0.003557322519926769,-0.10124233680107166,-0.17076888309271646,-0.075778621738452,-0.0005074176139456607,-0.003557322519926769,0.0777918897864087,0.8746177370030581,0.033052882629340904,0.0,1.6771614837806138e-05,346,,0.4,10,0.5,16
nuPlan,n/a,idm,scalar_J,9,384,10,primary,gate_gbm,quota,0.2,True,,0.0,0.0,0.0,-0.18761539700716404,-0.20098039215686275,-0.15359114657558776,-0.07245178694547859,-0.16505272324342624,0.009864200666786881,-0.2383055111200068,-0.33262496748366155,-0.17804234238898398,0.07245178694547859,-0.009864200666786881,0.16505272324342624,0.3623853211009174,0.033052882629340904,0.0,-0.0023947404101949173,346,,0.4,10,0.5,16
nuPlan,n/a,idm,scalar_J,9,384,10,primary,gate_gbm,quota,0.3,True,,0.0,0.0,0.027854716409700178,-0.2781542442200701,-0.30092592592592593,-0.22751437958649467,-0.07245178694547859,-0.23043361924892403,0.9721452835902998,-0.17541730531095184,-0.459822994004672,0.6731256757471626,0.07245178694547859,-0.9721452835902998,0.23043361924892403,0.3409785932721712,0.033052882629340904,0.0,-0.0023947404101949173,346,,0.4,10,0.5,16
nuPlan,n/a,idm,scalar_J,9,384,10,primary,gate_gbm,quota,0.5,True,,0.026285748924041594,0.0,0.07491866056922833,-0.4485233802237459,-0.5000000000000001,-0.3674852619982948,0.8424184416897618,-0.14930250600443457,0.9999365540778421,0.35123127001600807,-0.5697560525519588,0.4999365540778423,-0.8161326927657202,-0.9999365540778421,0.1686055482035283,0.9296636085626911,0.033052882629340904,0.0008688197740106708,0.02784435787796396,346,,0.4,10,0.5,16
nuPlan,n/a,idm,scalar_J,9,384,10,primary,R1_mlp_reg,quota,0.1,True,,0.026285748924041594,0.0,0.07491866056922833,-0.07350984372036885,-0.10049019607843133,-0.02153586223854955,0.0,0.0,0.000526626688907259,-0.09373891285112786,-0.10119047619047619,-0.0762952854429113,0.026285748924041594,-0.0005163546386616985,0.07491866056922833,0.290519877675841,0.033052882629340904,0.0008688197740106708,0.0,346,,0.4,10,0.5,16
nuPlan,n/a,idm,scalar_J,9,384,10,primary,R1_mlp_reg,quota,0.2,True,,0.030775317321001854,0.004358630486208983,0.0791839939989658,-0.16319211301495098,-0.19577273498429984,-0.10610764752606719,0.0005074176139456607,0.0004170651001672278,0.0005531115802758211,-0.18670484984205796,-0.20046621680076032,-0.15280074787070894,0.030267899707056192,0.0038660116672417943,0.07870191975034416,0.0015290519877675841,0.033052882629340904,0.0010172129512917964,1.6771614837806138e-05,346,,0.4,10,0.5,16
nuPlan,n/a,idm,scalar_J,9,384,10,primary,R1_mlp_reg,quota,0.3,True,,0.03428588639762831,0.00513188135573062,0.07966606824758743,-0.2550422409671217,-0.2931774413239496,-0.19412377029582933,0.026793166537987256,0.0004670771493340122,0.07157073231664218,-0.2682485685995046,-0.3001108936821806,-0.20801128359420254,0.007492719859641051,0.00421236789733949,0.058828332115494555,0.00764525993883792,0.033052882629340904,0.0011332473789437243,0.000885591388848477,346,,0.4,10,0.5,16
nuPlan,n/a,idm,scalar_J,9,384,10,primary,R1_mlp_reg,quota,0.5,True,,0.03428588639762831,0.007766814090603247,0.08251922498688784,-0.44091818699894786,-0.49178389608168255,-0.35923734839912236,-0.04208148317026436,-0.14822581466475013,0.08213444015600874,-0.47277284054597957,-0.5702128288856406,-0.36067903435515963,0.07636736956789267,-0.0005569763742271014,0.16247477496839074,0.05198776758409786,0.033052882629340904,0.0011332473789437243,-0.0013909143240953324,346,,0.4,10,0.5,16
nuPlan,n/a,idm,scalar_J,9,384,10,primary,R1_mlp_clf,quota,0.1,True,,0.9370714227081094,0.838843917987336,0.9933568485298419,0.8546587337657631,0.7465774959360096,0.9099174320122121,0.026285748924041594,0.0,0.07491866056922833,-0.07395408051840828,-0.10119047619047615,-0.02153586223854955,0.9107856737840678,0.818570710242995,0.9933568485298419,0.0045871559633027525,0.033052882629340904,0.030972911750080635,0.0008688197740106708,346,,0.4,10,0.5,16
nuPlan,n/a,idm,scalar_J,9,384,10,primary,R1_mlp_clf,quota,0.2,True,,0.937578840322055,0.838843917987336,0.9937169054470574,0.761303324880935,0.6535897883905466,0.8263579110763082,0.026285748924041594,-0.10243033062809831,0.0814992195977606,-0.17533071320264945,-0.270734422374718,-0.09907933111019543,0.9112930913980134,0.8133220617074429,1.0961472360751556,0.0045871559633027525,0.033052882629340904,0.03098968336491844,0.0008688197740106708,346,,0.4,10,0.5,16
nuPlan,n/a,idm,scalar_J,9,384,10,primary,R1_mlp_clf,quota,0.3,True,,0.937578840322055,0.8432369822277765,0.9999999999999999,0.6683552884139066,0.5634919122294417,0.7466060838827847,0.005536863575655566,-0.17733498015643814,0.12942272050849224,-0.2833411716492493,-0.4151060508813206,-0.17077073187246022,0.9320419767463994,0.7569018308961474,1.1589626833535438,0.0045871559633027525,0.033052882629340904,0.03098968336491844,0.00018300930190081623,346,,0.4,10,0.5,16
nuPlan,n/a,idm,scalar_J,9,384,10,primary,R1_mlp_clf,quota,0.5,True,,0.9437931667005246,0.8447850838298505,1.0,0.4857944660088162,0.3797467009794865,0.582802917411851,0.0060442811896012265,-0.1768138646306204,0.14135375042084405,-0.4667023159441277,-0.5822498058315753,-0.349596059256625,0.9377488855109234,0.7437731615289709,1.1650527232434262,0.0045871559633027525,0.033052882629340904,0.031195084765326415,0.00019978091673862237,346,,0.4,10,0.5,16
nuPlan,n/a,idm,scalar_J,9,384,10,primary,R1_gbm_reg,quota,0.1,True,,0.0,0.0,0.0,-0.09377431385041103,-0.10119047619047619,-0.0762952854429113,0.0,0.0,0.0,-0.09367400849434197,-0.10119047619047619,-0.0762952854429113,0.0,0.0,0.0,1.0,0.033052882629340904,0.0,0.0,346,,0.4,10,0.5,16
nuPlan,n/a,idm,scalar_J,9,384,10,primary,R1_gbm_reg,quota,0.2,True,,0.0,0.0,0.0,-0.18761539700716404,-0.20098039215686275,-0.15359114657558776,0.0,-0.06986801233400813,0.006539348929642549,-0.19355301269450925,-0.2546755411295871,-0.15359114657558776,0.0,-0.006539348929642551,0.06986801233400813,0.863914373088685,0.033052882629340904,0.0,0.0,346,,0.4,10,0.5,16
nuPlan,n/a,idm,scalar_J,9,384,10,primary,R1_gbm_reg,quota,0.3,True,,0.0,-0.0076497345105036845,0.0,-0.281899750235717,-0.300925925925926,-0.22978831279880144,-0.06986801233400813,-0.15317376459016344,0.08759876944478888,-0.3125674784803559,-0.4049998331676009,-0.2118473267173831,0.06986801233400813,-0.08659245490859563,0.15317376459016324,0.4525993883792049,0.033052882629340904,0.0,-0.0023093392112213135,346,,0.4,10,0.5,16
nuPlan,n/a,idm,scalar_J,9,384,10,primary,R1_gbm_reg,quota,0.5,True,,-0.025209024497524733,-0.09414262163534277,0.045362594204323724,-0.48776009591781716,-0.5268928771156712,-0.44195433419203894,0.8886384122641376,-0.20094354414651325,0.9912794342198114,0.16115189544869715,-0.595426973509695,0.4912794342198115,-0.9138474367616624,-0.9912794342198114,0.1404202641289885,0.7951070336391437,0.033052882629340904,-0.0008332309279168646,0.029372061140490395,346,,0.4,10,0.5,16
nuPlan,n/a,idm,scalar_J,9,384,10,primary,R1_gbm_clf,quota,0.1,True,,0.0,0.0,0.060808378532746156,-0.08885372275031538,-0.10119047619047615,-0.023550380811961234,0.0,0.0,0.0,-0.09377431385041103,-0.10119047619047619,-0.0762952854429113,0.0,0.0,0.060808378532746156,0.5443425076452599,0.033052882629340904,0.0,0.0,346,,0.4,10,0.5,16
nuPlan,n/a,idm,scalar_J,9,384,10,primary,R1_gbm_clf,quota,0.2,True,,0.05920998476215632,0.0030961635185894417,0.19938001362121535,-0.1177530367908742,-0.1972268814222149,0.024667599458487302,-0.07596235602210503,-0.0804964656294481,0.053799315377422746,-0.20223872537792179,-0.26529864655686297,-0.14465974752803543,0.13517234078426135,0.0030961635185894417,0.2639136537829673,0.016819571865443424,0.033052882629340904,0.001957060676828616,-0.0025107748378468448,346,,0.4,10,0.5,16
nuPlan,n/a,idm,scalar_J,9,384,10,primary,R1_gbm_clf,quota,0.3,True,,0.08998530208315816,0.008167454199912546,0.9933578117401889,0.15231619067753288,-0.2833751538574825,0.7628487742860192,-0.020748885348386027,-0.16739131727302514,0.11030798733093487,-0.3083098871207664,-0.4166461562503017,-0.18917117933573185,0.11073418743154419,0.001739480195526971,1.158409571773268,0.012232415902140673,0.033052882629340904,0.0029742736281204124,-0.0006858104721098545,346,,0.4,10,0.5,16
nuPlan,n/a,idm,scalar_J,9,384,10,primary,R1_gbm_clf,quota,0.5,True,,0.9932782560075849,0.9928037369495657,0.9937695705223963,0.5218456171166684,0.4928549186551058,0.6107299655292644,-0.01465454166028912,-0.1710761175780558,0.11312295088142413,-0.48072966441525217,-0.5761597659416928,-0.3768800331964996,1.007932797667874,0.8802348608587648,1.1642560924330243,0.0,0.033052882629340904,0.03283070961409513,-0.0004843748454843229,346,,0.4,10,0.5,16
nuPlan,n/a,idm,scalar_J,9,384,10,primary,gate_ridge,budget_ms_20,0.2,True,,0.0,0.0,0.0,-0.1866594817248514,-0.20000000000000004,-0.1525905708858226,0.0,0.0,0.0,-0.18665868491212076,-0.20000000000000004,-0.1525905708858226,0.0,0.0,0.0,1.0,0.033052882629340904,0.0,0.0,346,0.03345300559798462,0.4,10,0.5,16
nuPlan,n/a,idm,scalar_J,9,384,10,primary,gate_gbm,budget_ms_20,0.2,True,,0.0,0.0,0.0,-0.1866594817248514,-0.20000000000000004,-0.1525905708858226,0.0,0.0,0.0,-0.1866594817248514,-0.20000000000000004,-0.1525905708858226,0.0,0.0,0.0,1.0,0.033052882629340904,0.0,0.0,346,0.0,0.4,10,0.5,16
nuPlan,n/a,idm,scalar_J,9,384,10,primary,R1_mlp_reg,budget_ms_20,0.2,True,,0.030775317321001854,0.004358630486208983,0.0791839939989658,-0.16234341375791306,-0.19510613703081853,-0.10610764752606719,0.0005074176139456607,0.0,0.0005531115802758211,-0.1861604152830127,-0.19948582464389758,-0.1520739071813633,0.030267899707056192,0.0038660116672417943,0.07870191975034416,0.0030581039755351682,0.033052882629340904,0.0010172129512917964,1.6771614837806138e-05,346,0.17245828911546476,0.4,10,0.5,16
nuPlan,n/a,idm,scalar_J,9,384,10,primary,R1_mlp_clf,budget_ms_20,0.2,True,,0.937578840322055,0.838843917987336,0.9937169054470574,0.7621534892156829,0.6542631784481311,0.8274884092750996,0.026285748924041594,-0.027305761968344694,0.07491866056922833,-0.1691531363281279,-0.2205019380977596,-0.10798749963692583,0.9112930913980134,0.8190267529856433,1.0206931047057315,0.0045871559633027525,0.033052882629340904,0.03098968336491844,0.0008688197740106708,346,0.17245828911546476,0.4,10,0.5,16
nuPlan,n/a,idm,scalar_J,9,384,10,primary,R1_gbm_reg,budget_ms_20,0.2,True,,0.0,0.0,0.0,-0.1866594817248514,-0.20000000000000004,-0.1525905708858226,0.0,0.0,0.0,-0.1866594817248514,-0.20000000000000004,-0.1525905708858226,0.0,0.0,0.0,1.0,0.033052882629340904,0.0,0.0,346,0.0,0.4,10,0.5,16
nuPlan,n/a,idm,scalar_J,9,384,10,primary,R1_gbm_clf,budget_ms_20,0.2,True,,0.0,0.0,0.0,-0.1866594817248514,-0.20000000000000004,-0.1525905708858226,0.0,0.0,0.0,-0.1866594817248514,-0.20000000000000004,-0.1525905708858226,0.0,0.0,0.0,1.0,0.033052882629340904,0.0,0.0,346,0.0,0.4,10,0.5,16
nuPlan,n/a,idm,scalar_J,9,384,10,primary,gate_gbm_batched,budget_ms_20,0.2,True,,0.0,0.0,0.0,-0.1866594817248514,-0.20000000000000004,-0.1525905708858226,0.0005074176139456607,0.0004440535292318312,0.0005531115802758211,-0.186145299062006,-0.19949258238605438,-0.1520739071813633,-0.0005074176139456607,-0.0005531115802758211,-0.0004440535292318312,1.0,0.033052882629340904,0.0,1.6771614837806138e-05,346,0.04999531474239674,0.4,10,0.5,16
nuPlan,n/a,idm,scalar_J,9,384,10,dE_exact,gate_ridge,quota,0.1,True,,0.0,0.0,0.05772415597015934,-0.08772064973077429,-0.10119047619047616,-0.027717283737816192,0.003003151462680793,0.0,0.007939952079384766,-0.09136400925210948,-0.09832388348155423,-0.0762952854429113,-0.003003151462680793,-0.007939952079384766,0.05772415597015934,0.8470948012232415,0.033052882629340904,0.0,9.926281281412171e-05,346,,0.5,10,0.5294117647058824,17
nuPlan,n/a,idm,scalar_J,9,384,10,dE_exact,gate_ridge,quota,0.2,True,,0.056206833299475525,0.0,0.10913513081490492,-0.1634774352240684,-0.2009803921568627,-0.066687170801807,0.007492719859641049,-0.07255651355006333,0.008216103918317435,-0.1948233992967662,-0.25735869447747817,-0.15093418625850985,0.04871411343983448,-0.008216103918317435,0.14868062509712424,0.44648318042813456,0.033052882629340904,0.0018577978640144945,0.00024765599009524727,346,,0.5,10,0.5294117647058824,17
nuPlan,n/a,idm,scalar_J,9,384,10,dE_exact,gate_ridge,quota,0.3,True,,0.056206833299475525,0.0,0.15643696968013443,-0.23488856888087764,-0.3005952380952381,-0.10810438979395129,-0.06846963616246399,-0.15305297917951144,0.036332373303149264,-0.31575154706818986,-0.405399074525657,-0.22445692811169418,0.12467646946193951,-0.03566726505885495,0.2556038955912909,0.21100917431192662,0.033052882629340904,0.0018577978640144945,-0.002263118847751598,346,,0.5,10,0.5294117647058824,17
nuPlan,n/a,idm,scalar_J,9,384,10,dE_exact,gate_ridge,quota,0.5,True,,0.0628085946015181,0.0064581083698902085,0.9923050116075003,-0.07402741159137202,-0.4933679894064728,0.5746354632119386,-0.04167646962447674,-0.22582285341901118,0.9122356901637936,-0.4615881533085027,-0.6088033747503468,0.4360169814514584,0.10448506422599484,-0.8741350864643345,1.1597345961804286,0.1345565749235474,0.033052882629340904,0.0020760051054778323,-0.0013775274589031212,346,,0.5,10,0.5294117647058824,17
nuPlan,n/a,idm,scalar_J,9,384,10,dE_exact,gate_gbm,quota,0.1,True,,0.0,0.0,0.0,-0.09377431385041103,-0.10119047619047619,-0.0762952854429113,0.0035105690766264537,0.000456042742648343,0.004625516877673404,-0.09136185503893174,-0.10020182562547729,-0.0756466950521186,-0.0035105690766264537,-0.004625516877673404,-0.000456042742648343,1.0,0.033052882629340904,0.0,0.00011603442765192785,346,,0.5,10,0.5294117647058824,17
nuPlan,n/a,idm,scalar_J,9,384,10,dE_exact,gate_gbm,quota,0.2,True,,0.0,0.0,0.0,-0.18761539700716404,-0.20098039215686275,-0.15359114657558776,0.004503931702382965,0.003155131997709162,0.052124248493316955,-0.17916215353871776,-0.19672906964488748,-0.1436188713173091,-0.004503931702382965,-0.052124248493317454,-0.003155131997709162,1.0,0.033052882629340904,0.0,0.00014886792592943172,346,,0.5,10,0.5294117647058824,17
nuPlan,n/a,idm,scalar_J,9,384,10,dE_exact,gate_gbm,quota,0.3,True,,0.0,0.0,0.027854716409700178,-0.2781542442200701,-0.30092592592592593,-0.22751437958649467,0.03078968062642456,0.0011157955944946635,0.07919763991798608,-0.26123739699638615,-0.29677954969184844,-0.19834154122572098,-0.03078968062642456,-0.07919763991798608,0.02178181722165863,0.9357798165137615,0.033052882629340904,0.0,0.0010176876999401026,346,,0.5,10,0.5294117647058824,17
nuPlan,n/a,idm,scalar_J,9,384,10,dE_exact,gate_gbm,quota,0.5,True,,0.026285748924041594,0.0,0.07491866056922833,-0.4485233802237459,-0.5000000000000001,-0.3674852619982948,0.014650346365371518,-0.1294181037597739,0.9187539375412709,-0.42335493422085313,-0.5533816222786998,0.45937696877063544,0.011635402558670077,-0.8957683949986279,0.15284971984125412,0.591743119266055,0.033052882629340904,0.0008688197740106708,0.0004842361788938159,346,,0.5,10,0.5294117647058824,17
nuPlan,n/a,idm,scalar_J,9,384,10,dE_exact,R1_mlp_reg,quota,0.1,True,,0.026285748924041594,0.0,0.07491866056922833,-0.07350984372036885,-0.10049019607843133,-0.02153586223854955,0.0,0.0,0.027854716409700178,-0.08951925094575577,-0.10119047619047619,-0.06395478170652623,0.026285748924041594,0.0,0.07491866056922833,0.45871559633027525,0.033052882629340904,0.0008688197740106708,0.0,346,,0.5,10,0.5294117647058824,17
nuPlan,n/a,idm,scalar_J,9,384,10,dE_exact,R1_mlp_reg,quota,0.2,True,,0.030775317321001854,0.004358630486208983,0.0791839939989658,-0.16319211301495098,-0.19577273498429984,-0.10610764752606719,0.026285748924041594,0.0,0.07491866056922833,-0.16757328419699305,-0.19999999999999996,-0.11037298095580465,0.004489568396960259,0.003708026212604808,0.004893862969181439,0.0045871559633027525,0.033052882629340904,0.0010172129512917964,0.0008688197740106708,346,,0.5,10,0.5294117647058824,17
nuPlan,n/a,idm,scalar_J,9,384,10,dE_exact,R1_mlp_reg,quota,0.3,True,,0.03428588639762831,0.00513188135573062,0.07966606824758743,-0.2550422409671217,-0.2931774413239496,-0.19412377029582933,0.026793166537987256,0.0004926188189671888,0.07540073481784995,-0.26111609491253196,-0.30008877145297724,-0.1986580371614826,0.007492719859641051,0.004216067631882461,0.008167454199912546,0.0045871559633027525,0.033052882629340904,0.0011332473789437243,0.000885591388848477,346,,0.5,10,0.5294117647058824,17
nuPlan,n/a,idm,scalar_J,9,384,10,dE_exact,R1_mlp_reg,quota,0.5,True,,0.03428588639762831,0.007766814090603247,0.08251922498688784,-0.44091818699894786,-0.49178389608168255,-0.35923734839912236,0.026793166537987256,0.000492618818967189,0.12408078520790727,-0.432104832651133,-0.49947888447418226,-0.32986394901521654,0.007492719859641051,-0.09973522384413411,0.00897396995670436,0.14831804281345565,0.033052882629340904,0.0011332473789437243,0.000885591388848477,346,,0.5,10,0.5294117647058824,17
nuPlan,n/a,idm,scalar_J,9,384,10,dE_exact,R1_mlp_clf,quota,0.1,True,,0.9370714227081094,0.838843917987336,0.9933568485298419,0.8546587337657631,0.7465774959360096,0.9099174320122121,0.026285748924041594,0.0,0.07491866056922833,-0.07374293332060741,-0.10069105310317002,-0.02153586223854955,0.9107856737840678,0.818570710242995,0.992803736949566,0.0045871559633027525,0.033052882629340904,0.030972911750080635,0.0008688197740106708,346,,0.5,10,0.5294117647058824,17
nuPlan,n/a,idm,scalar_J,9,384,10,dE_exact,R1_mlp_clf,quota,0.2,True,,0.937578840322055,0.838843917987336,0.9937169054470574,0.761303324880935,0.6535897883905466,0.8263579110763082,0.026793166537987256,0.000492618818967189,0.07540073481784995,-0.16451792486388955,-0.1999997178075156,-0.1094534422265606,0.9107856737840677,0.8185707102429949,0.992803736949566,0.0045871559633027525,0.033052882629340904,0.03098968336491844,0.000885591388848477,346,,0.5,10,0.5294117647058824,17
nuPlan,n/a,idm,scalar_J,9,384,10,dE_exact,R1_mlp_clf,quota,0.3,True,,0.937578840322055,0.8432369822277765,0.9999999999999999,0.6683552884139066,0.5634919122294417,0.7466060838827847,0.026793166537987256,0.000492618818967189,0.9856019395507251,-0.011507256376832092,-0.299991217993659,0.7101649440528872,0.9107856737840677,0.007041228462430049,0.992803736949566,0.0045871559633027525,0.033052882629340904,0.03098968336491844,0.000885591388848477,346,,0.5,10,0.5294117647058824,17
nuPlan,n/a,idm,scalar_J,9,384,10,dE_exact,R1_mlp_clf,quota,0.5,True,,0.9437931667005246,0.8447850838298505,1.0,0.4857944660088162,0.3797467009794865,0.582802917411851,0.9302061031527866,0.7619131720787695,0.9859921249380774,0.45656046777043835,0.3071827165221234,0.5660984051801732,0.013587063547737976,0.004509000689131492,0.17539099170817107,0.0015290519877675841,0.033052882629340904,0.031195084765326415,0.030745993148605634,346,,0.5,10,0.5294117647058824,17
nuPlan,n/a,idm,scalar_J,9,384,10,dE_exact,R1_gbm_reg,quota,0.1,True,,0.0,0.0,0.0,-0.09377431385041103,-0.10119047619047619,-0.0762952854429113,-0.07596235602210503,-0.16560583482370206,0.0,-0.15102850133687565,-0.24817609075260655,-0.09895833333333329,0.07596235602210503,0.0,0.16560583482370206,0.35015290519877673,0.033052882629340904,0.0,-0.0025107748378468448,346,,0.5,10,0.5294117647058824,17
nuPlan,n/a,idm,scalar_J,9,384,10,dE_exact,R1_gbm_reg,quota,0.2,True,,0.0,0.0,0.0,-0.18761539700716404,-0.20098039215686275,-0.15359114657558776,-0.07596235602210503,-0.2340389573373286,0.05419971512510405,-0.23974571425637253,-0.3872311658698629,-0.14592925312886423,0.07596235602210503,-0.05419971512510405,0.2340389573373286,0.3409785932721712,0.033052882629340904,0.0,-0.0025107748378468448,346,,0.5,10,0.5294117647058824,17
nuPlan,n/a,idm,scalar_J,9,384,10,dE_exact,R1_gbm_reg,quota,0.3,True,,0.0,-0.0076497345105036845,0.0,-0.281899750235717,-0.300925925925926,-0.22978831279880144,-0.049676607098063444,-0.2340389573373286,0.06048280967804671,-0.3217366731284111,-0.4634283320930766,-0.23995578681318136,0.049676607098063444,-0.06048280967804671,0.2340389573373286,0.3547400611620795,0.033052882629340904,0.0,-0.0016419550638361743,346,,0.5,10,0.5294117647058824,17
nuPlan,n/a,idm,scalar_J,9,384,10,dE_exact,R1_gbm_reg,quota,0.5,True,,-0.025209024497524733,-0.09414262163534277,0.045362594204323724,-0.48776009591781716,-0.5268928771156712,-0.44195433419203894,-0.043074845796020875,-0.22338016198745014,0.06100594276823918,-0.5042004620031422,-0.6084403904559165,-0.4389940572317608,0.01786582129849614,-0.03339690932917688,0.13775140090321164,0.5290519877675841,0.033052882629340904,-0.0008332309279168646,-0.0014237478223728364,346,,0.5,10,0.5294117647058824,17
nuPlan,n/a,idm,scalar_J,9,384,10,dE_exact,R1_gbm_clf,quota,0.1,True,,0.0,0.0,0.060808378532746156,-0.08885372275031538,-0.10119047619047615,-0.023550380811961234,0.05521347067371902,-0.16560583482370206,0.14886969966245495,-0.08435768410220787,-0.24817609075260655,0.053100718016213286,-0.05521347067371902,-0.14775306933573693,0.16887942605443315,0.5519877675840978,0.033052882629340904,0.0,0.0018249643657369907,346,,0.5,10,0.5294117647058824,17
nuPlan,n/a,idm,scalar_J,9,384,10,dE_exact,R1_gbm_clf,quota,0.2,True,,0.05920998476215632,0.0030961635185894417,0.19938001362121535,-0.1177530367908742,-0.1972268814222149,0.024667599458487302,-0.020748885348386027,-0.17733498015643814,0.18001368656072939,-0.19155058744429143,-0.33248466785896164,-0.020507146772603946,0.07995887011054234,-0.048658886061413956,0.28408244502350316,0.03211009174311927,0.033052882629340904,0.001957060676828616,-0.0006858104721098545,346,,0.5,10,0.5294117647058824,17
nuPlan,n/a,idm,scalar_J,9,384,10,dE_exact,R1_gbm_clf,quota,0.3,True,,0.08998530208315816,0.008167454199912546,0.9933578117401889,0.15231619067753288,-0.2833751538574825,0.7628487742860192,-0.019755522722629516,-0.17631480136716926,0.9962238303228851,0.07692365970488652,-0.4134719102782099,0.696255967021999,0.10974082480578767,-0.9681904828746686,1.1679643405809264,0.29357798165137616,0.033052882629340904,0.0029742736281204124,-0.0006529769738323507,346,,0.5,10,0.5294117647058824,17
nuPlan,n/a,idm,scalar_J,9,384,10,dE_exact,R1_gbm_clf,quota,0.5,True,,0.9932782560075849,0.9928037369495657,0.9937695705223963,0.5218456171166684,0.4928549186551058,0.6107299655292644,0.9209145098248416,0.7627535984359876,0.9969552362511898,0.46454564375530355,0.37925196157883406,0.4969552362511896,0.07236374618274333,-0.003894772751450448,0.23098753898563007,0.3363914373088685,0.033052882629340904,0.03283070961409513,0.0304388792048975,346,,0.5,10,0.5294117647058824,17
nuPlan,n/a,idm,scalar_J,9,384,10,dE_E6_risk_weighted,gate_ridge,quota,0.1,True,,0.0,0.0,0.05772415597015934,-0.08772064973077429,-0.10119047619047616,-0.027717283737816192,0.001500780239702172,0.0004670771493340122,0.9851893943299294,0.40590851361926195,-0.09675660044328331,0.8923777847823191,-0.001500780239702172,-0.9851893943299294,0.055699415685529864,0.8914373088685015,0.033052882629340904,0.0,4.9605113115309996e-05,346,,0.6,10,0.5882352941176471,17
nuPlan,n/a,idm,scalar_J,9,384,10,dE_E6_risk_weighted,gate_ridge,quota,0.2,True,,0.056206833299475525,0.0,0.10913513081490492,-0.1634774352240684,-0.2009803921568627,-0.066687170801807,0.9047937341641288,0.7949828407239967,0.9917663430648576,0.7257554559959781,0.5997443525518956,0.8153308434785149,-0.8485869008646533,-0.9884629855606603,-0.6794751308746112,0.9892966360856269,0.033052882629340904,0.0018577978640144945,0.029906041099090026,346,,0.6,10,0.5882352941176471,17
nuPlan,n/a,idm,scalar_J,9,384,10,dE_E6_risk_weighted,gate_ridge,quota,0.3,True,,0.056206833299475525,0.0,0.15643696968013443,-0.23488856888087764,-0.3005952380952381,-0.10810438979395129,0.9124064367141425,0.795153091114683,0.9999999999999999,0.636878542585565,0.5250847213340321,0.7229054385102215,-0.8561996034146669,-0.9940617477203728,-0.6559616817987659,0.9877675840978594,0.033052882629340904,0.0018577978640144945,0.03015766286296771,346,,0.6,10,0.5882352941176471,17
nuPlan,n/a,idm,scalar_J,9,384,10,dE_E6_risk_weighted,gate_ridge,quota,0.5,True,,0.0628085946015181,0.0064581083698902085,0.9923050116075003,-0.07402741159137202,-0.4933679894064728,0.5746354632119386,0.924037643977895,0.7029982029033987,1.0,0.4454696634813995,0.2928961125760307,0.5000000000000002,-0.8612290493763769,-0.9933568485298419,0.24688444950579858,0.6712538226299695,0.033052882629340904,0.0020760051054778323,0.03054210779149406,346,,0.6,10,0.5882352941176471,17
nuPlan,n/a,idm,scalar_J,9,384,10,dE_E6_risk_weighted,gate_gbm,quota,0.1,True,,0.0,0.0,0.0,-0.09377431385041103,-0.10119047619047619,-0.0762952854429113,0.004996986010905917,0.0004565446735360923,0.008720565780188367,-0.08920431697757876,-0.09845355214183368,-0.07539120562509664,-0.004996986010905917,-0.008720565780188367,-0.00045654467353609243,1.0,0.033052882629340904,0.0,0.00016516479211893168,346,,0.6,10,0.5882352941176471,17
nuPlan,n/a,idm,scalar_J,9,384,10,dE_E6_risk_weighted,gate_gbm,quota,0.2,True,,0.0,0.0,0.0,-0.18761539700716404,-0.20098039215686275,-0.15359114657558776,0.009113482789715946,0.007457786600310939,0.9656871752204096,-0.1277415743010205,-0.19221381091389578,0.7655179043870761,-0.009113482789715946,-0.9656871752204096,-0.0074577866003109426,1.0,0.033052882629340904,0.0,0.00030122687699299947,346,,0.6,10,0.5882352941176471,17
nuPlan,n/a,idm,scalar_J,9,384,10,dE_E6_risk_weighted,gate_gbm,quota,0.3,True,,0.0,0.0,0.027854716409700178,-0.2781542442200701,-0.30092592592592593,-0.22751437958649467,0.009113482789715946,0.008247913599172426,1.0,0.13592325776790176,-0.2913442662295494,0.7241614057146143,-0.009113482789715946,-1.0,0.018660501667125223,0.8868501529051988,0.033052882629340904,0.0,0.00030122687699299947,346,,0.6,10,0.5882352941176471,17
nuPlan,n/a,idm,scalar_J,9,384,10,dE_E6_risk_weighted,gate_gbm,quota,0.5,True,,0.026285748924041594,0.0,0.07491866056922833,-0.4485233802237459,-0.5000000000000001,-0.3674852619982948,1.0000000000000002,0.8275059232910494,1.0000000000000002,0.49726930693492893,0.3624067896141207,0.582802917411851,-0.9737142510759587,-1.0000000000000002,-0.795439266691813,0.9892966360856269,0.033052882629340904,0.0008688197740106708,0.03305288262934091,346,,0.6,10,0.5882352941176471,17
nuPlan,n/a,idm,scalar_J,9,384,10,dE_E6_risk_weighted,R1_mlp_reg,quota,0.1,True,,0.026285748924041594,0.0,0.07491866056922833,-0.07350984372036885,-0.10049019607843133,-0.02153586223854955,0.026285748924041594,0.0,0.07491866056922833,-0.07395408051840828,-0.10119047619047615,-0.02153586223854955,0.0,0.0,0.004893862969181439,0.9036697247706422,0.033052882629340904,0.0008688197740106708,0.0008688197740106708,346,,0.6,10,0.5882352941176471,17
nuPlan,n/a,idm,scalar_J,9,384,10,dE_E6_risk_weighted,R1_mlp_reg,quota,0.2,True,,0.030775317321001854,0.004358630486208983,0.0791839939989658,-0.16319211301495098,-0.19577273498429984,-0.10610764752606719,0.026285748924041594,0.0,0.07491866056922833,-0.1677951636751613,-0.20052083333333334,-0.11037298095580465,0.004489568396960259,0.004048674563695329,0.004893862969181439,0.0045871559633027525,0.033052882629340904,0.0010172129512917964,0.0008688197740106708,346,,0.6,10,0.5882352941176471,17
nuPlan,n/a,idm,scalar_J,9,384,10,dE_E6_risk_weighted,R1_mlp_reg,quota,0.3,True,,0.03428588639762831,0.00513188135573062,0.07966606824758743,-0.2550422409671217,-0.2931774413239496,-0.19412377029582933,0.026285748924041594,0.0,0.07491866056922833,-0.26161181674576456,-0.3005952380952381,-0.19918117025167506,0.008000137473586712,0.0047474076783591,0.008720565780188365,0.0045871559633027525,0.033052882629340904,0.0011332473789437243,0.0008688197740106708,346,,0.6,10,0.5882352941176471,17
nuPlan,n/a,idm,scalar_J,9,384,10,dE_E6_risk_weighted,R1_mlp_reg,quota,0.5,True,,0.03428588639762831,0.007766814090603247,0.08251922498688784,-0.44091818699894786,-0.49178389608168255,-0.35923734839912236,0.02778652916374377,0.0005531115802758209,0.13178386748280388,-0.4367145112557354,-0.49910428156955955,-0.31353902217098983,0.0064993572338845375,-0.10252701354197687,0.008167454199912546,0.09785932721712538,0.033052882629340904,0.0011332473789437243,0.0009184248871259809,346,,0.6,10,0.5882352941176471,17
nuPlan,n/a,idm,scalar_J,9,384,10,dE_E6_risk_weighted,R1_mlp_clf,quota,0.1,True,,0.9370714227081094,0.838843917987336,0.9933568485298419,0.8546587337657631,0.7465774959360096,0.9099174320122121,0.9038003715383723,0.8122926538515672,0.9851893943299294,0.8276764093024135,0.7194352169693021,0.9002601189042221,0.033271051169737054,0.006897037344813728,0.08155507648964466,0.0015290519877675841,0.033052882629340904,0.030972911750080635,0.029873207600812524,346,,0.6,10,0.5882352941176471,17
nuPlan,n/a,idm,scalar_J,9,384,10,dE_E6_risk_weighted,R1_mlp_clf,quota,0.2,True,,0.937578840322055,0.838843917987336,0.9937169054470574,0.761303324880935,0.6535897883905466,0.8263579110763082,0.9038003715383723,0.8122926538515672,0.9851893943299294,0.7338353261456605,0.6261271672685408,0.8174925277993988,0.033778468783682625,0.007274195271635975,0.08155507648964466,0.0015290519877675841,0.033052882629340904,0.03098968336491844,0.029873207600812524,346,,0.6,10,0.5882352941176471,17
nuPlan,n/a,idm,scalar_J,9,384,10,dE_E6_risk_weighted,R1_mlp_clf,quota,0.3,True,,0.937578840322055,0.8432369822277765,0.9999999999999999,0.6683552884139066,0.5634919122294417,0.7466060838827847,0.9038003715383723,0.8122926538515672,0.9851893943299294,0.6399987593893063,0.532399701021333,0.7345234805415498,0.033778468783682625,0.007274195271635975,0.08203715073826623,0.0015290519877675841,0.033052882629340904,0.03098968336491844,0.029873207600812524,346,,0.6,10,0.5882352941176471,17
nuPlan,n/a,idm,scalar_J,9,384,10,dE_E6_risk_weighted,R1_mlp_clf,quota,0.5,True,,0.9437931667005246,0.8447850838298505,1.0,0.4857944660088162,0.3797467009794865,0.582802917411851,0.9098947152264693,0.8150435078310213,0.9918325458000875,0.4554625923671493,0.3377871776328731,0.5679923117417804,0.03389845147405535,0.007228369002102442,0.08667546056125741,0.0045871559633027525,0.033052882629340904,0.031195084765326415,0.030074643227438056,346,,0.6,10,0.5882352941176471,17
nuPlan,n/a,idm,scalar_J,9,384,10,dE_E6_risk_weighted,R1_gbm_reg,quota,0.1,True,,0.0,0.0,0.0,-0.09377431385041103,-0.10119047619047619,-0.0762952854429113,0.00672174399241529,8.249656784449598e-05,0.007196263050433968,-0.08732726513243419,-0.09809498065796655,-0.06969290449796989,-0.00672174399241529,-0.007196263050433968,-8.249656784449602e-05,1.0,0.033052882629340904,0.0,0.00022217301524577991,346,,0.6,10,0.5882352941176471,17
nuPlan,n/a,idm,scalar_J,9,384,10,dE_E6_risk_weighted,R1_gbm_reg,quota,0.2,True,,0.0,0.0,0.0,-0.18761539700716404,-0.20098039215686275,-0.15359114657558776,0.00672174399241529,0.006208108551025841,0.007196263050433968,-0.18078911718457727,-0.19425864816444752,-0.1466879468072905,-0.00672174399241529,-0.007196263050433968,-0.0062081085510258425,1.0,0.033052882629340904,0.0,0.00022217301524577991,346,,0.6,10,0.5882352941176471,17
nuPlan,n/a,idm,scalar_J,9,384,10,dE_E6_risk_weighted,R1_gbm_reg,quota,0.3,True,,0.0,-0.0076497345105036845,0.0,-0.281899750235717,-0.300925925925926,-0.22978831279880144,0.00672174399241529,0.006208108551025841,0.007196263050433968,-0.2746256839409314,-0.29434137669597527,-0.22288511303050418,-0.00672174399241529,-0.01463419002963338,-0.0061698413618364945,1.0,0.033052882629340904,0.0,0.00022217301524577991,346,,0.6,10,0.5882352941176471,17
nuPlan,n/a,idm,scalar_J,9,384,10,dE_E6_risk_weighted,R1_gbm_reg,quota,0.5,True,,-0.025209024497524733,-0.09414262163534277,0.045362594204323724,-0.48776009591781716,-0.5268928771156712,-0.44195433419203894,0.06193521466613431,-0.07492220373874192,0.11384853650959731,-0.4455803585814523,-0.5332524196307695,-0.3487215558120937,-0.08714423916365904,-0.15752905511196605,0.06215209143617287,0.8302752293577982,0.033052882629340904,-0.0008332309279168646,0.0020471373809827706,346,,0.6,10,0.5882352941176471,17
nuPlan,n/a,idm,scalar_J,9,384,10,dE_E6_risk_weighted,R1_gbm_clf,quota,0.1,True,,0.0,0.0,0.060808378532746156,-0.08885372275031538,-0.10119047619047615,-0.023550380811961234,-0.07584237333173231,-0.08280291741185103,0.03250007530251122,-0.11589885518197186,-0.17452262567066593,-0.06869040088796499,0.07584237333173231,-0.028503561214073915,0.13003772235734368,0.43577981651376146,0.033052882629340904,0.0,-0.0025068090640644027,346,,0.6,10,0.5882352941176471,17
nuPlan,n/a,idm,scalar_J,9,384,10,dE_E6_risk_weighted,R1_gbm_clf,quota,0.2,True,,0.05920998476215632,0.0030961635185894417,0.19938001362121535,-0.1177530367908742,-0.1972268814222149,0.024667599458487302,-0.042954863105648146,-0.2339157356732314,0.061005942768239174,-0.2282128722295759,-0.38710794420576566,-0.1391230254857291,0.10216484786780447,-0.046351728050558066,0.3374171188477066,0.10703363914373089,0.033052882629340904,0.001957060676828616,-0.0014197820485903942,346,,0.6,10,0.5882352941176471,17
nuPlan,n/a,idm,scalar_J,9,384,10,dE_E6_risk_weighted,R1_gbm_clf,quota,0.3,True,,0.08998530208315816,0.008167454199912546,0.9933578117401889,0.15231619067753288,-0.2833751538574825,0.7628487742860192,-0.042954863105648146,-0.2232212731511926,0.061005942768239174,-0.3167284629684508,-0.4539881270532113,-0.2387262000889037,0.1329401651888063,0.0009441388954302479,1.208288900753552,0.0,0.033052882629340904,0.0029742736281204124,-0.0014197820485903942,346,,0.6,10,0.5882352941176471,17
nuPlan,n/a,idm,scalar_J,9,384,10,dE_E6_risk_weighted,R1_gbm_clf,quota,0.5,True,,0.9932782560075849,0.9928037369495657,0.9937695705223963,0.5218456171166684,0.4928549186551058,0.6107299655292644,-0.03747193208293138,-0.22306117203502826,0.06563455975862968,-0.49871733432275084,-0.6081214005034945,-0.4343654402413703,1.0307501880905163,0.9275592125982353,1.2164786163361447,0.0,0.033052882629340904,0.03283070961409513,-0.0012385553730317649,346,,0.6,10,0.5882352941176471,17
