sample_token,JC_mean_m_cheap,JC_max_m_cheap,JC_final_m_cheap,JC_lat_mean_m_cheap,JC_soft_mean_m_cheap,JC_soft_max_m_cheap,JC_soft_final_m_cheap,JC_soft_lat_mean_m_cheap,JC_mean_m_full,JC_max_m_full,JC_final_m_full,JC_lat_mean_m_full,JC_soft_mean_m_full,JC_soft_max_m_full,JC_soft_final_m_full,JC_soft_lat_mean_m_full,JC_cheap,JC_full,dJC,dJC_soft
000cf4dfaab54d21a7314036fde74966,2.8954895953941957,6.118823416311343,6.118823416311343,0.3750000000000009,0.4831673991528257,0.6424209656416139,0.2096210290215986,0.034291362762451705,1.004875922825113,3.7947331922020506,1.2000000000000028,0.22500000000000053,0.230064365107149,0.3163435786569454,0.1506647940448696,0.025511455535888405,2.8954895953941957,1.004875922825113,1.8906136725690827,0.2531030340456767
0073c1a820274b22b954dca66b35d7e5,0.30000000000000004,1.2000000000000028,1.2000000000000028,0.0,0.0729290702245024,0.10567255138083731,0.07827761616622443,0.012305545806885032,0.375,3.599999999999998,1.2000000000000028,0.0,0.02792360356766668,0.07986198849252148,0.04065234102846111,0.010649156570434304,0.30000000000000004,0.375,-0.07499999999999996,0.04500546665683572
007eef047a064d9ca8b7671d85ea3609,0.5999999999999999,1.2000000000000028,1.1999999999999993,0.0,0.2229431701789409,0.3061281940954724,0.15410705023932456,0.014449453353881037,0.5999999999999999,1.2000000000000028,1.1999999999999993,0.0,0.2229431701789409,0.3061281940954724,0.15410705023932456,0.014449453353881037,0.5999999999999999,0.5999999999999999,0.0,0.0
00e9bfb3dd2a4a58b322433e6a36d44d,2.7749999999999995,4.799999999999997,4.799999999999997,0.0,0.4160962259270675,0.6580488088155468,0.2100085898386716,0.01355352401733434,2.4749999999999996,4.799999999999997,4.799999999999997,0.0,0.36297614894674923,0.6202562917095394,0.1350961420361376,0.011213779449462002,2.7749999999999995,2.4749999999999996,0.2999999999999998,0.05312007698031829
010612c3b6aa4aa4ae152fc3d819e021,0.4500000000000002,2.3999999999999986,0.0,0.0,0.053664644471930256,0.09482833706836255,0.09482833706836255,0.01099305152893093,1.0499999999999994,3.5999999999999943,0.0,0.0,0.08347390944364919,0.1956419662846638,0.060282859712434286,0.01611242294311488,0.4500000000000002,1.0499999999999994,-0.5999999999999992,-0.02980926497171893
010e6fcca00f4e94ba530ce141c7bf24,0.0,0.0,0.0,0.0,0.0357151985781971,0.05308511926402241,0.04426014851982335,0.002015590667723277,0.0,0.0,0.0,0.0,0.02801581190524394,0.046723399809021966,0.03587801393076293,0.0020984172821032487,0.0,0.0,0.0,0.0076993866729531575
0171207ee4304dc290a9cf27b0a0c2f3,0.6749999999999996,3.599999999999998,0.0,0.0,0.3851665435725455,0.6704573144218934,0.18898965966487447,0.009959363937378285,0.6749999999999996,3.599999999999998,0.0,0.0,0.3851665435725455,0.6704573144218934,0.18898965966487447,0.009959363937378285,0.6749999999999996,0.6749999999999996,0.0,0.0
017fcf87f7404bed9919b11be0b5562b,1.2750000000000001,4.799999999999997,4.799999999999997,0.0,0.16617870794267203,0.2409637206034843,0.14320695115809548,0.007106781005858931,1.3499999999999999,4.799999999999997,4.799999999999997,0.0,0.16616865330892194,0.23192815907410255,0.137660459631142,0.007202911376952947,1.2750000000000001,1.3499999999999999,-0.07499999999999973,1.0054633750089526e-05
025c656847f94b09baa7648ca5d70cc8,0.37499999999999956,1.2000000000000028,0.0,0.0,0.0486379504163087,0.12210569022844961,0.011797769905128198,0.005668830871581765,0.07499999999999996,1.1999999999999993,0.0,0.0,0.02472798119268447,0.07893865565814114,0.016129093647875473,0.004175233840941761,0.37499999999999956,0.07499999999999996,0.2999999999999996,0.023909969223624233
02f64cc49e0640f99b3f54903224c610,0.6749999999999996,3.6000000000000014,3.6000000000000014,0.0,0.06602160624985054,0.22983878264697494,0.038347309583998825,0.008543872833253197,0.5999999999999994,2.3999999999999986,2.3999999999999986,0.0,0.07359144665934683,0.22057011557788805,0.07661866854691325,0.009157991409301847,0.6749999999999996,0.5999999999999994,0.07500000000000018,-0.007569840409496292
036a87945450427786a9ce565bd1e0d2,2.1278109275645383,9.674709297958257,4.3266615305567875,0.8999999999999997,0.034517855880410064,0.06971999855510859,0.02290177788426811,0.025670814514160867,0.6561975790099247,6.118823416311338,6.118823416311338,0.2999999999999996,0.0879407835351809,0.11662294461935355,0.09544108709626092,0.03603687286376811,2.1278109275645383,0.6561975790099247,1.4716133485546137,-0.05342292765477083
03b428b824ef4fa5a2616198036c35c6,0.6000000000000001,3.6000000000000014,3.6000000000000014,0.0,0.04119608955356087,0.16192308630008842,0.021800669389834583,0.00978627204895055,1.0500000000000003,3.6000000000000014,0.0,0.0,0.06299037335762316,0.09981052480524438,0.058343482553758624,0.010474634170532404,0.6000000000000001,1.0500000000000003,-0.4500000000000002,-0.021794283804062287
03dab2f26ac2455fbda1567321c706cf,0.10606601717798222,1.6970562748477156,0.0,0.07500000000000018,0.03608228984860867,0.06986352177840773,0.005191664178856938,0.009250974655151456,0.10606601717798222,1.6970562748477156,0.0,0.07500000000000018,0.03608228984860867,0.06986352177840773,0.005191664178856938,0.009250974655151456,0.10606601717798222,0.10606601717798222,0.0,0.0
03f676f5fd424934a8e3fc22604dc3c7,1.6499999999999995,4.799999999999997,1.2000000000000028,0.0,0.20646912028123343,0.4402094020425272,0.024065154877126887,0.0074038982391355646,1.8749999999999996,4.799999999999997,1.2000000000000028,0.0,0.25495072627629334,0.4843586380786199,0.06784813167028012,0.009136676788328746,1.6499999999999995,1.8749999999999996,-0.2250000000000001,-0.04848160599505991
0411eee335df4ef895f140396950a569,0.6487711154904663,2.6832815729997463,0.0,0.22499999999999964,0.115289516439964,0.2055756246944589,0.14949594561018117,0.06328153610229448,0.6487711154904663,2.6832815729997463,0.0,0.22499999999999964,0.115289516439964,0.2055756246944589,0.14949594561018117,0.06328153610229448,0.6487711154904663,0.6487711154904663,0.0,0.0
044272282fe147918ba8422210de35bd,0.7798759228251121,3.7947331922020484,3.7947331922020484,0.14999999999999947,0.06535892510398418,0.10431880492670433,0.05853032009269843,0.013077449798583718,0.7798759228251121,3.7947331922020484,3.7947331922020484,0.14999999999999947,0.06742940736140468,0.105780994250092,0.06177042515416873,0.014075660705565873,0.7798759228251121,0.7798759228251121,0.0,-0.0020704822574205
04ed9c2ff5114dc7a4e64cba2c0062c2,3.758071407411436,13.254433220624708,9.67470929795826,0.15000000000000036,0.5760698854672026,0.9196904896922361,0.3279972775018021,0.01721878051757697,3.3053300858899104,8.48528137423857,8.48528137423857,0.07500000000000018,0.49647514619005184,0.7953173649423525,0.25630256015028474,0.014344024658203836,3.758071407411436,3.3053300858899104,0.45274132152152546,0.07959473927715077
06c90758caf944608f9ba8087667c567,0.0,0.0,0.0,0.0,0.10767911238422156,0.19763567877909843,0.05320607086619133,0.0047319889068608845,0.0,0.0,0.0,0.0,0.12734875231500764,0.19689882749723106,0.10776166491633263,0.0046822071075438565,0.0,0.0,0.0,-0.019669639930786076
070378543a5f42f4a0f527bf5dd2366e,1.4999999999999996,4.799999999999997,4.799999999999997,0.0,0.228540311996131,0.3141680648558358,0.15573319094091467,0.00582361221313521,1.4999999999999998,4.799999999999997,4.799999999999997,0.0,0.20196254390374552,0.2627109677540596,0.12738927138590378,0.006068515777588157,1.4999999999999996,1.4999999999999998,-2.220446049250313e-16,0.02657776809238549
0729893238404ab4855b6180ea85aa1e,0.4500000000000002,1.2000000000000028,0.0,0.0,0.08901851311849793,0.17822223189055214,0.045238884833206226,0.003931617736817383,0.5249999999999999,1.2000000000000028,0.0,0.0,0.10335401112918852,0.2086204409056542,0.04707306880023257,0.00331478118896511,0.4500000000000002,0.5249999999999999,-0.07499999999999973,-0.01433549801069059
07a022e7759a462aaab2e9bab0b9dd42,0.9000000000000004,3.6000000000000014,0.0,0.15000000000000036,0.07783118789196317,0.15973033451507118,0.005781011940991892,0.00678734779357848,1.6060660171779821,4.800000000000004,3.5999999999999943,0.15000000000000036,0.20665512411487783,0.33760045569458796,0.11158819035138626,0.006531715393065962,0.9000000000000004,1.6060660171779821,-0.7060660171779818,-0.12882393622291466
07c67a2d418948a48107dc568b370824,0.1499999999999999,2.3999999999999986,0.0,0.0,0.04747225613813548,0.10131561263221688,0.0589633985074086,0.021130228042602894,0.2999999999999998,2.3999999999999986,0.0,0.0,0.05673722850435708,0.10880435045593205,0.06561362553001344,0.02269520759582555,0.1499999999999999,0.2999999999999998,-0.1499999999999999,-0.009264972366221598
07e0bbd14bfc44c2962c1d0be3ca687f,0.6310660171779827,2.4000000000000057,1.2000000000000028,0.15000000000000036,0.04280690160239616,0.09573837137262646,0.03512909585607425,0.00791659355163521,0.6310660171779827,2.4000000000000057,1.2000000000000028,0.15000000000000036,0.03916482654934805,0.08459237838557378,0.033394836636357283,0.0081853866577144,0.6310660171779827,0.6310660171779827,0.0,0.003642075053048109
08064c1d5ec84bd08fcf9b3acebd8e36,0.5999999999999996,4.799999999999997,0.0,0.0,1.4635135263653276,2.2411433660615034,0.8003710116495119,0.020771598815916725,0.5999999999999996,4.799999999999997,0.0,0.0,1.287174306053751,2.0031970451982257,0.6856057336953173,0.01519017219543528,0.5999999999999996,0.5999999999999996,0.0,0.17633922031157656
087dfdeef74b4ad0adf297d750097c42,0.4500000000000004,1.2000000000000028,1.2000000000000028,0.0,0.12155127144557654,0.1858853523034633,0.1070105497442267,0.010826683044432794,0.07500000000000018,1.2000000000000028,0.0,0.0,0.04817763507308381,0.10659662054545795,0.02564230750040304,0.0069219589233409096,0.4500000000000004,0.07500000000000018,0.3750000000000002,0.07337363637249272
093ed49120a943e5884dea0d26f4c53a,0.3000000000000007,1.2000000000000028,0.0,0.0,0.12073694520463901,0.24773961407826234,0.05164272083644971,0.006010293960571289,0.4621708245126287,3.7947331922020573,3.7947331922020573,0.07500000000000018,0.06563555832750387,0.16632946601483195,0.02986537901656281,0.007595586776733221,0.3000000000000007,0.4621708245126287,-0.162170824512628,0.055101386877135144
0967f8b7910c426ca134ec87b1d9cb0c,1.4999999999999996,8.399999999999999,1.2000000000000028,0.0,0.17751706240874604,0.3171694803993625,0.010257686190765872,0.0050163745880116295,1.4999999999999996,8.399999999999999,1.2000000000000028,0.0,0.17751706240874604,0.3171694803993625,0.010257686190765872,0.0050163745880116295,1.4999999999999996,1.4999999999999996,0.0,0.0
09742d648cdb48e880ddeb123f33a529,0.0,0.0,0.0,0.0,0.18243702889411673,0.2929683309403038,0.14290581834140556,0.004588508605957831,0.0,0.0,0.0,0.0,0.09159533891082935,0.14077415193358475,0.08912023151350362,0.0026461601257334877,0.0,0.0,0.0,0.09084168998328737
09932477b0e94956add44cb573924a07,0.14999999999999947,1.1999999999999957,0.0,0.0,0.027679505179423677,0.06377282437293766,0.06066136044594017,0.0034091949462884408,0.22499999999999987,1.2000000000000028,0.0,0.0,0.033462459073078724,0.07888894022559706,0.02326870425430473,0.006610393524171254,0.14999999999999947,0.22499999999999987,-0.0750000000000004,-0.005782953893655046
09e74cd39b204772a30a985e3a1cba94,1.4999999999999996,3.6000000000000014,3.6000000000000014,0.0,0.2907590230721187,0.36790979094881027,0.35577650890894313,0.005376434326171964,1.6499999999999995,3.6000000000000014,3.6000000000000014,0.0,0.3121261283164686,0.3919325662665116,0.3919325662665116,0.0053730010986328125,1.4999999999999996,1.6499999999999995,-0.1499999999999999,-0.02136710524434987
0a19b2644364427b987a754a6159be58,0.0,0.0,0.0,0.0,0.06494520551307036,0.12852921882554963,0.11400507520821714,0.040357017517089755,0.0,0.0,0.0,0.0,0.06494520551307036,0.12852921882554963,0.11400507520821714,0.040357017517089755,0.0,0.0,0.0,0.0
0a3de46504504b028132df207871842a,1.5000000000000004,4.800000000000004,1.1999999999999957,0.07500000000000018,0.18487977239286663,0.37954609598403904,0.051938840603774204,0.0073016166687023265,0.6310660171779822,2.3999999999999986,1.1999999999999957,0.15000000000000036,0.1194205877362674,0.2972185994708637,0.07069334366634554,0.007853507995606801,1.5000000000000004,0.6310660171779822,0.8689339828220183,0.06545918465659922
0a71cd9e2ee94dfda79f9d87df741bba,0.07499999999999996,1.1999999999999993,0.0,0.0,0.21904639837046447,0.3389344757344072,0.14605347571006294,0.009583282470703836,2.2499999999999996,8.399999999999999,0.0,0.0,0.5551049139231248,0.8670614225802368,0.31874965555290163,0.016062498092651367,0.07499999999999996,2.2499999999999996,-2.175,-0.3360585155526603
0b09ec030a654aa687bcbd62daf030fa,1.704926707574645,4.947726750741191,3.7947331922020573,0.6000000000000014,0.19825106794276554,0.24236911986008094,0.20571387832096688,0.03082265853881916,1.704926707574645,4.947726750741191,3.7947331922020573,0.6000000000000014,0.19825106794276554,0.24236911986008094,0.20571387832096688,0.03082265853881916,1.704926707574645,1.704926707574645,0.0,0.0
0ba0c2a1f13e415b8462704e5d5748d3,0.2250000000000003,1.2000000000000028,0.0,0.0,0.06959742326520574,0.1404057073847634,0.029009063670363575,0.00690407752990696,0.2250000000000003,1.2000000000000028,0.0,0.0,0.06694544982403426,0.13263464937890682,0.03101013593391864,0.010543727874754882,0.2250000000000003,0.2250000000000003,0.0,0.0026519734411714763
0c0d457506954f9ca28799e126b9cc1f,0.4677050983124845,2.6832815729997477,0.0,0.07500000000000018,0.10416083742727808,0.21977108890469566,0.09780604762294864,0.011659812927246271,0.4677050983124845,2.6832815729997477,0.0,0.07500000000000018,0.10416083742727808,0.21977108890469566,0.09780604762294864,0.011659812927246271,0.4677050983124845,0.4677050983124845,0.0,0.0
0d93136f6245485a81c9069422e99122,0.9749999999999994,2.3999999999999986,0.0,0.0,0.4612867125827609,0.7046590146701575,0.30359241566349904,0.031189298629760387,1.4249999999999992,4.799999999999997,0.0,0.0,0.40614567427700105,0.6121097380690158,0.26178939403688084,0.02150430679321369,0.9749999999999994,1.4249999999999992,-0.44999999999999973,0.05514103830575984
0dca4eeb674d410e8d34356df2767c22,0.3871708245126285,3.7947331922020573,1.1999999999999957,0.07500000000000018,0.029253959502035902,0.04962064643625303,0.037464969914452834,0.008262348175049006,0.1499999999999999,1.2000000000000028,1.1999999999999957,0.0,0.04462213713552099,0.07322932607260756,0.07322932607260756,0.011648225784302024,0.3871708245126285,0.1499999999999999,0.2371708245126286,-0.015368177633485088
0dd8a00c53c7468db12b05be3570dba8,0.3750000000000002,2.3999999999999986,0.0,0.0,0.13307542833747468,0.2335245581613111,0.15190369923523403,0.01767926216125737,0.3750000000000002,2.3999999999999986,0.0,0.0,0.13307542833747468,0.2335245581613111,0.15190369923523403,0.01767926216125737,0.3750000000000002,0.3750000000000002,0.0,0.0
0de5e9971456420cafc5f3bd7970bfd3,0.1499999999999997,1.1999999999999993,0.0,0.0,0.030154391213259985,0.07798877846265911,0.006066681341959556,0.0032109260559081143,0.1499999999999997,1.1999999999999993,0.0,0.0,0.030154391213259985,0.07798877846265911,0.006066681341959556,0.0032109260559081143,0.1499999999999997,0.1499999999999997,0.0,0.0
0e24f2eadada44e7872e9f08b65d3681,1.0500000000000005,2.4000000000000057,1.2000000000000028,0.0,0.14250085436600127,0.22642807393668316,0.08519559025883143,0.004140186309812943,1.0500000000000005,2.4000000000000057,1.2000000000000028,0.0,0.14250085436600127,0.22642807393668316,0.08519559025883143,0.004140186309812943,1.0500000000000005,1.0500000000000005,0.0,0.0
0f377607708e4766807dd05e894b7ace,0.0,0.0,0.0,0.0,0.03364246587815739,0.08460022115822087,0.003499865974267126,0.0015177726745601028,0.9749999999999992,4.799999999999997,1.1999999999999957,0.0,0.06674052927468417,0.11187534223388518,0.01208166597703706,0.003977680206298739,0.0,0.9749999999999992,-0.9749999999999992,-0.03309806339652678
0f9fe6a1aec74049bd0650ee80bd73c7,0.9749999999999999,3.6000000000000014,3.6000000000000014,0.0,0.18521762387521745,0.37483842932992584,0.05613857591852075,0.004803085327148349,0.7499999999999998,3.6000000000000014,3.6000000000000014,0.0,0.12366463631412283,0.25336093326560166,0.011068618859094357,0.002975320816040128,0.9749999999999999,0.7499999999999998,0.2250000000000001,0.06155298756109462
1009885e2a774e04856df7a471c0b826,0.9310660171779824,2.4000000000000057,1.2000000000000028,0.07500000000000018,0.185355690205107,0.32163340602516977,0.09923154237661712,0.006044912338256658,1.3677050983124848,3.6000000000000014,1.2000000000000028,0.07500000000000018,0.2748361233192358,0.4659581129013796,0.14783042706414545,0.012504243850708807,0.9310660171779824,1.3677050983124848,-0.43663908113450234,-0.08948043311412879
10599379ae6b4a9da77f68b4a73794e2,3.121441917290488,12.059850745345065,12.059850745345065,0.3750000000000009,0.1345713458639007,0.2184176162465253,0.08185656830623399,0.01509189605712935,6.78901317373533,12.059850745345065,12.059850745345065,0.6750000000000016,0.34710349855011413,0.47851352431605254,0.2273259282346874,0.007049131393432884,3.121441917290488,6.78901317373533,-3.667571256444842,-0.21253215268621342
1100b838ee544231a494089ce390f503,0.0,0.0,0.0,0.0,0.05904529599164032,0.1570135416847891,0.024084561643138703,0.0045415878295909096,0.0,0.0,0.0,0.0,0.05868924415660712,0.15692125985887134,0.023452183623949324,0.00458993911743244,0.0,0.0,0.0,0.00035605183503320537
117da90271d34d1ab98031124f507819,0.0,0.0,0.0,0.0,0.1959581329584593,0.30104811062311726,0.18607549028778084,0.010327434539794123,0.0,0.0,0.0,0.0,0.12869429989862036,0.18630281964792172,0.14975693910331828,0.007504749298094637,0.0,0.0,0.0,0.06726383305983893
119ff0265fbe4164b4cc5766a5a8e325,0.5031152949374526,5.366563145999493,0.0,0.2250000000000001,0.09782704983049816,0.1547682643421726,0.06487842323630376,0.01938657760620055,0.5031152949374526,5.366563145999493,0.0,0.2250000000000001,0.09782704983049816,0.1547682643421726,0.06487842323630376,0.01938657760620055,0.5031152949374526,0.5031152949374526,0.0,0.0
11e6bfe3a1a3478da2d66d2c85720f6f,0.9750000000000003,3.5999999999999943,1.2000000000000028,0.0,0.12702946755499916,0.2323827516311157,0.14112535340073948,0.006900215148924804,2.1750000000000007,6.0,6.0,0.0,0.2796733570238078,0.48755601753768224,0.1696386647011729,0.003658103942870916,0.9750000000000003,2.1750000000000007,-1.2000000000000004,-0.15264388946880864
122003fd9f6e41a9984a20f1a573644f,0.07499999999999973,1.1999999999999957,1.1999999999999957,0.0,0.036161905172174574,0.10003385009325931,0.10003385009325931,0.006362915039063832,0.2999999999999994,2.3999999999999986,1.1999999999999957,0.0,0.04248790072625831,0.10810255886538139,0.10810255886538139,0.006251192092896041,0.07499999999999973,0.2999999999999994,-0.22499999999999964,-0.006325995554083738
124094c6f8f44561bccb4f6d93e4e0a8,0.8164762138029507,2.6832815729997477,0.0,0.30000000000000027,0.18467340485409534,0.3026410097693158,0.09845242259471136,0.032263469696045544,0.8164762138029507,2.6832815729997477,0.0,0.30000000000000027,0.18467340485409534,0.3026410097693158,0.09845242259471136,0.032263469696045544,0.8164762138029507,0.8164762138029507,0.0,0.0
1286312f65d64bb6b53ace78c3f4f717,0.31770509831248417,2.6832815729997477,0.0,0.07500000000000018,0.039642162661057675,0.09239035562294623,0.022639914339327476,0.009280443191526988,0.3927050983124839,2.6832815729997477,0.0,0.07500000000000018,0.05141373554636874,0.11068414669544822,0.02184642209972198,0.010962009429930752,0.31770509831248417,0.3927050983124839,-0.07499999999999973,-0.011771572885311062
12e3abab10ce43bd96ef1fbff23bbe6f,1.1740633839753785,4.326661530556789,0.0,0.5250000000000001,0.1454736112316775,0.25889206512238583,0.056916803048217376,0.06749181747436594,1.1740633839753785,4.326661530556789,0.0,0.5250000000000001,0.1454736112316775,0.25889206512238583,0.056916803048217376,0.06749181747436594,1.1740633839753785,1.1740633839753785,0.0,0.0
137ae840d06b4a779512738826d13a65,0.5249999999999999,3.6000000000000014,0.0,0.0,0.05797736700374884,0.12708935559774123,0.007196086053509665,0.0021673679351810193,0.2999999999999998,3.6000000000000014,3.6000000000000014,0.0,0.03803269905693536,0.06409032696764067,0.017742354203876366,0.0017992973327638495,0.5249999999999999,0.2999999999999998,0.2250000000000001,0.01994466794681348
14347c7a5b7644b382b37500b8d9a3f2,1.0060660171779823,2.3999999999999986,1.2000000000000028,0.07500000000000018,0.24899098532299413,0.39079807108648573,0.11669182197570073,0.02010483741760183,1.7560660171779823,3.6000000000000014,1.2000000000000028,0.07500000000000018,0.3628061411043075,0.5761937720877902,0.17260964472612753,0.023377418518065962,1.0060660171779823,1.7560660171779823,-0.75,-0.11381515578131335
149e7777a08340ebb30e45aa8f5e5173,0.22499999999999964,1.1999999999999993,1.1999999999999957,0.0,0.02689720735700592,0.07035759958401963,0.021685910902328114,0.0020696640014650214,0.22499999999999964,1.1999999999999993,1.1999999999999957,0.0,0.02689720735700592,0.07035759958401963,0.021685910902328114,0.0020696640014650214,0.22499999999999964,0.22499999999999964,0.0,0.0
15e6bf56b7aa4eb28b410a8c2e146563,1.6500000000000001,3.6000000000000014,3.6000000000000014,0.0,0.29328740810953025,0.5379926057411023,0.11801337454415177,0.013423490524292703,1.35,3.6000000000000014,3.6000000000000014,0.0,0.20478380308585042,0.3854868867912423,0.06833887675464002,0.008483791351319159,1.6500000000000001,1.35,0.30000000000000004,0.08850360502367982
166d5519f9f04aa981b7c44d15abaae3,0.0,0.0,0.0,0.0,0.1400948925239203,0.178890272352607,0.178890272352607,0.006358194351196111,0.0,0.0,0.0,0.0,0.1373917979210582,0.18765356030400662,0.14467888567547052,0.005340099334717241,0.0,0.0,0.0,0.002703094602862083
1681047a76884176a92f828dd7479e6d,0.0,0.0,0.0,0.0,1.1453441595984732,1.6868695883122657,0.7212644026092058,0.030680465698242898,0.07499999999999996,1.1999999999999993,0.0,0.0,1.2213660961526251,1.7871812294498381,0.777665080254577,0.030410099029541282,0.0,0.07499999999999996,-0.07499999999999996,-0.0760219365541519
169a008501f54295a0eeb017eaf433b8,0.4621708245126287,3.7947331922020573,3.7947331922020573,0.07500000000000018,0.038173261785222984,0.0654122937002849,0.0019805144073364585,0.0023454666137685543,0.4621708245126287,3.7947331922020573,3.7947331922020573,0.07500000000000018,0.038173261785222984,0.0654122937002849,0.0019805144073364585,0.0023454666137685543,0.4621708245126287,0.4621708245126287,0.0,0.0
1724db8eab71420fb3c13ebf4553eb57,0.07499999999999996,1.1999999999999993,0.0,0.0,0.7576630381003779,1.025452784523237,0.4827191001154338,0.02014274597168031,0.07499999999999996,1.1999999999999993,0.0,0.0,0.9884036634036057,1.370399139133436,0.6196081551203579,0.02752161026001021,0.07499999999999996,0.07499999999999996,0.0,-0.2307406253032278
176769df02cb4712994b2236047a4a60,1.5452738197192983,6.997142273814358,5.366563145999493,0.6750000000000003,0.17656726588131927,0.2526672435123016,0.16568139385281505,0.11075305938720659,1.5452738197192983,6.997142273814358,5.366563145999493,0.6750000000000003,0.17656726588131927,0.2526672435123016,0.16568139385281505,0.11075305938720659,1.5452738197192983,1.5452738197192983,0.0,0.0
17be5f3012e741e98740c6520191b076,0.1499999999999999,1.1999999999999993,1.1999999999999993,0.0,0.22924606668526218,0.3421454041818898,0.0963721989703908,0.01018509864807049,0.22499999999999987,1.1999999999999993,1.1999999999999993,0.0,0.22862358355825288,0.3376869355751834,0.09946841008141882,0.009885263442992898,0.1499999999999999,0.22499999999999987,-0.07499999999999996,0.000622483127009299
17ed207024df442faa0b330ffdddc4fe,0.0,0.0,0.0,0.0,0.15299161150828416,0.24206935155118534,0.13857770238348127,0.00820140838623118,0.0,0.0,0.0,0.0,0.12306490947080437,0.1958654062736226,0.11884915524104009,0.007388305664063566,0.0,0.0,0.0,0.029926702037479797
19cafb9a132e4860b422828a8ecaf2f2,1.3001315618319436,6.118823416311343,1.2000000000000028,0.22500000000000053,0.08494051461790075,0.15447653452919324,0.05219853638725189,0.0189336776733402,1.3001315618319436,6.118823416311343,1.2000000000000028,0.22500000000000053,0.0880959891998472,0.15907242657714657,0.05249414342917822,0.019825315475463068,1.3001315618319436,1.3001315618319436,0.0,-0.003155474581946441
1a2fa42ebe374ca4bdb234d8b9bc0ad7,2.8500000000000005,8.400000000000006,8.400000000000006,0.0,0.5600863711945645,0.8709104546986425,0.3662710477229025,0.00544495582580673,2.4000000000000004,4.800000000000001,3.6000000000000014,0.0,0.4503564939036699,0.7642673799334428,0.23941645736764025,0.011992979049683772,2.8500000000000005,2.4000000000000004,0.4500000000000002,0.10972987729089462
1b7f2f3f47104f6b93d0a07022a0de23,1.05,3.6000000000000014,0.0,0.0,0.16372293668229054,0.4075698516613466,0.02158743199570592,0.0138791084289549,1.05,3.6000000000000014,0.0,0.0,0.16372293668229054,0.4075698516613466,0.02158743199570592,0.0138791084289549,1.05,1.05,0.0,0.0
1be47ac2307f4fefafd4a6679574ca74,2.4749999999999996,4.800000000000004,4.800000000000004,0.0,0.4876004098173205,0.8276079383082684,0.21284846755165412,0.022737407684326083,9.75,23.999999999999996,23.999999999999996,0.0,0.16732644169268102,0.39303806251681717,0.027357071160602063,0.012553453445433682,2.4749999999999996,9.75,-7.275,0.3202739681246395
1caf1fcf71f54a8590f0f9af64cf5148,0.45923292192132437,4.947726750741191,0.0,0.07500000000000018,0.05621501378657244,0.1630004923950537,0.015750716696549424,0.009308481216430575,0.5249999999999997,2.3999999999999986,0.0,0.0,0.07798350485931413,0.15969262525495964,0.04148783274359361,0.0081484794616693,0.45923292192132437,0.5249999999999997,-0.06576707807867532,-0.02176849107274169
1d432835d5b343b3ba9f8c6f0c89bc9a,0.07499999999999996,1.1999999999999993,0.0,0.0,0.23183122531026593,0.45351181098555104,0.10330837587613406,0.03544764518737775,0.0,0.0,0.0,0.0,0.07051524112473045,0.15419064456277184,0.03398584740836369,0.022321701049804243,0.07499999999999996,0.0,0.07499999999999996,0.16131598418553547
1d76822a4f374fb0ba82bbdd388fecf4,1.125,3.6000000000000014,0.0,0.0,0.23306807688099873,0.34334471274533124,0.11874274562845374,0.004746150970458274,1.2000000000000002,3.6000000000000014,1.2000000000000028,0.0,0.25783162138401616,0.3838370685819709,0.1495375482161323,0.004017877578735618,1.125,1.2000000000000002,-0.07500000000000018,-0.02476354450301743
1db97a56970142f5a1497e787a90d1ea,0.44999999999999996,2.3999999999999986,0.0,0.0,0.1331843632851843,0.25254850938291096,0.25254850938291096,0.016915512084960227,0.2250000000000001,1.2000000000000028,0.0,0.0,0.05144557017274949,0.12521842642377096,0.12521842642377096,0.011306905746458984,0.44999999999999996,0.2250000000000001,0.22499999999999987,0.0817387931124348
1e424ebf53044f1c8e2b3e7a08656fef,0.7891088447464374,4.947726750741191,4.947726750741191,0.2250000000000001,0.11497856253989722,0.23739818020523437,0.10529609296618399,0.04801282882690305,0.7891088447464374,4.947726750741191,4.947726750741191,0.2250000000000001,0.11497856253989722,0.23739818020523437,0.10529609296618399,0.04801282882690305,0.7891088447464374,0.7891088447464374,0.0,0.0
1e623dd41bf44230b77ee28f8d1c0e83,0.0,0.0,0.0,0.0,0.019330931273400145,0.03726127293484413,0.021504796154918893,0.0010153770446788002,0.0,0.0,0.0,0.0,0.023283358026892947,0.04529817022270059,0.03529546331875687,0.0027337074279785156,0.0,0.0,0.0,-0.003952426753492801
1e96cd8b79134cb5ae0e0f62943b5c00,2.201938020233809,4.9477267507411975,2.3999999999999986,0.15000000000000036,0.4714949883737841,0.7771690095997132,0.2544183306992727,0.028829813003540927,2.351938020233809,4.9477267507411975,4.799999999999997,0.15000000000000036,0.4808272206152675,0.7885161936621523,0.2619154346433281,0.02825860977172967,2.201938020233809,2.351938020233809,-0.1499999999999999,-0.009332232241483385
1f523efa8bda4156830b8aaa94a23b85,7.81254068506996,11.384199576606164,11.384199576606164,1.5000000000000004,1.002500688494455,1.5367243137342848,0.5814934997798693,0.09569077491760236,0.0,0.0,0.0,0.0,0.13135800216750637,0.23247438208836274,0.05495123709178481,0.012349319458008434,7.81254068506996,0.0,7.81254068506996,0.8711426863269486
201241eaa9494e4291e00c9f3ef60337,1.5091813121154356,4.799999999999997,4.799999999999997,0.3000000000000007,0.25247501294072927,0.3339912490701986,0.2079415763247077,0.023856353759764914,0.4500000000000002,3.5999999999999943,3.5999999999999943,0.07500000000000018,0.14292763189086208,0.19345260843249765,0.12351879547032309,0.011940622329710493,1.5091813121154356,0.4500000000000002,1.0591813121154354,0.10954738104986719
209bb44a1a3f4263b9ae14162fba800d,1.4705774151833277,3.3941125496954285,3.3941125496954285,0.9750000000000001,0.21268149114632195,0.5141823578385714,0.06814020037726677,0.0476726531982421,1.4705774151833277,3.3941125496954285,3.3941125496954285,0.9750000000000001,0.21268149114632195,0.5141823578385714,0.06814020037726677,0.0476726531982421,1.4705774151833277,1.4705774151833277,0.0,0.0
20b9be45c2bc498380517053a3116611,0.0,0.0,0.0,0.0,0.6623795383471791,1.0842280473237784,0.39691505038794805,0.020993900299070667,0.0,0.0,0.0,0.0,0.6934707691196463,1.1194419978516912,0.40697531090438355,0.02072339057922168,0.0,0.0,0.0,-0.031091230772467227
21dfddc08b1f42ef935d343d063177b3,0.2999999999999998,2.3999999999999986,0.0,0.0,0.10532724866144874,0.1752137020994711,0.13842265240862425,0.042940092086791726,0.2999999999999998,2.3999999999999986,0.0,0.0,0.10545428520693213,0.17783242776282787,0.1439882468116566,0.043389987945556374,0.2999999999999998,0.2999999999999998,0.0,-0.0001270365454833916
21f50dbd1f5849da834f60e1113ede64,0.6975422309809332,2.683281572999751,0.0,0.3000000000000007,0.08860617599013658,0.2187559939312587,0.09353573722682622,0.026402950286864346,1.1431849176951445,12.92439553712281,0.0,0.9000000000000004,0.0780268957725101,0.13905578925291578,0.06306957582242363,0.06429119110107484,0.6975422309809332,1.1431849176951445,-0.44564268671421137,0.010579280217626483
22ee8385732b48069b0b6e0498d0c370,0.07499999999999996,1.1999999999999993,0.0,0.0,1.2825030886822673,1.8569159433938836,0.8176718009260646,0.031375122070312234,0.07499999999999996,1.1999999999999993,0.0,0.0,1.297410526112742,1.8401527883786528,0.8281263523832982,0.03143463134765634,0.07499999999999996,0.07499999999999996,0.0,-0.014907437430474735
236a1b4b400e4fc194c6d9791fe44b75,1.7999999999999998,3.6000000000000014,2.3999999999999986,0.0,0.27863989309739445,0.4692916298083109,0.1724123198952301,0.004455614089966087,1.7999999999999998,3.6000000000000014,2.3999999999999986,0.0,0.29425068347814365,0.4981863752512501,0.20770925686172903,0.005326080322265003,1.7999999999999998,1.7999999999999998,0.0,-0.015610790380749195
23889d359ddd48b2be32c287c50cf7bb,0.7696804143717266,4.3266615305567875,0.0,0.4499999999999993,0.08461580123712285,0.17448503808001792,0.05408274507515959,0.02082195281982413,0.39319805153394577,3.3941125496954285,0.0,0.2999999999999994,0.0382880480992912,0.09271635497898413,0.08203391849912274,0.02721290588378933,0.7696804143717266,0.39319805153394577,0.37648236283778086,0.046327753137831655
23b92f80a49847e2ac9583221a1b8071,3.8454378058699152,13.254433220624712,0.0,0.3000000000000007,0.4880193855476504,0.7490584236803574,0.32671708866841565,0.035245513916015714,5.05020292600058,14.449913494550753,3.599999999999998,0.3750000000000009,0.6602918207746966,0.9333506978443583,0.47419626154077205,0.04331960678100577,3.8454378058699152,5.05020292600058,-1.2047651201306646,-0.17227243522704622
244ddb48c04649909772fdf7bc0b6716,0.22499999999999964,1.2000000000000028,0.0,0.0,0.10184046362416885,0.19866347267507742,0.041054506073781014,0.015516901016235263,0.44999999999999973,3.6000000000000014,3.6000000000000014,0.0,0.14410355991835222,0.3147611671836509,0.0475108098771027,0.013681554794311435,0.22499999999999964,0.44999999999999973,-0.2250000000000001,-0.04226309629418337
247deed882af48169d896393dcd33b3f,0.30000000000000004,1.2000000000000028,0.0,0.0,0.09078546580990354,0.1385082909656322,0.07975898118741558,0.005359983444213512,0.30000000000000004,2.3999999999999986,0.0,0.0,0.09745727370988602,0.1216807709244026,0.08863724459858041,0.004838991165160955,0.30000000000000004,0.30000000000000004,0.0,-0.006671807899982479
24c6e0108b5844778df82c055c62cece,0.7499999999999996,3.6000000000000014,1.2000000000000028,0.0,0.1107525887364137,0.21233396672612434,0.04767702875473684,0.006570053100587003,0.7499999999999996,3.6000000000000014,1.2000000000000028,0.0,0.1107525887364137,0.21233396672612434,0.04767702875473684,0.006570053100587003,0.7499999999999996,0.7499999999999996,0.0,0.0
2605d37e56124453b43a73a44d5e1705,0.22499999999999964,1.1999999999999993,0.0,0.07499999999999973,0.02135673850038189,0.04570947749665589,0.04570947749665589,0.011578273773194425,0.07499999999999996,1.1999999999999993,0.0,0.0,0.024993358598032547,0.05445044402995989,0.052377864632768355,0.012893199920654297,0.22499999999999964,0.07499999999999996,0.1499999999999997,-0.0036366200976506585
265776b3394b484894d65c51d941213f,0.8999999999999999,3.6000000000000014,3.6000000000000014,0.0,0.13600187222103344,0.25224930541265067,0.0642538843115489,0.0015548229217534626,0.5250000000000006,1.2000000000000028,0.0,0.0,0.049148375456318186,0.09265858824676745,0.01971079820834582,0.00360989570617809,0.8999999999999999,0.5250000000000006,0.37499999999999933,0.08685349676471525
272ef83edfef48b39207abda82032305,1.154875922825113,3.7947331922020573,1.2000000000000028,0.15000000000000036,0.13736539261512556,0.3168307626990693,0.01064163002233847,0.017611598968505504,0.23717082451262858,3.7947331922020573,0.0,0.07500000000000018,0.05177762206845382,0.09988194334954308,0.08955049286250717,0.006794357299805487,1.154875922825113,0.23717082451262858,0.9177050983124845,0.08558777054667174
280d77fa6cdf45f6916229c8c9f8779f,0.6177050983124842,2.6832815729997446,0.0,0.07499999999999973,0.1921330979240616,0.2788096319670278,0.2304493923917649,0.0308030605316163,0.3927050983124841,2.6832815729997446,0.0,0.07499999999999973,0.09833674964533248,0.15150372681232724,0.10433849548353823,0.01874299049377459,0.6177050983124842,0.3927050983124841,0.2250000000000001,0.09379634827872912
28d7133e98e649a8aab88fe13d284d20,0.07499999999999973,1.1999999999999957,0.0,0.0,0.035431470214111666,0.07757382688544043,0.012681858402548858,0.0019397735595712007,0.0,0.0,0.0,0.0,0.02861614817402422,0.05856902930198191,0.011756021044939691,0.001922321319581144,0.07499999999999973,0.0,0.07499999999999973,0.006815322040087446
2925acd1ffbc4cab965078691b7f074d,3.149999999999999,10.799999999999997,0.0,0.0,0.622441253418746,1.015861964114471,0.36963490265617804,0.018720817565917702,0.0,0.0,0.0,0.0,0.034810904734507674,0.05082508572458315,0.0005673500123788208,0.003142118453979492,3.149999999999999,0.0,3.149999999999999,0.5876303486842384
292c5f9071dc4ac4a7e43c9c334ba195,1.3182368416906105,3.7947331922020573,3.7947331922020573,0.15000000000000036,0.3276209954150852,0.4897874897023209,0.16405938747446816,0.015163278579711115,1.3182368416906107,3.7947331922020573,3.7947331922020573,0.15000000000000036,0.32838768096338194,0.497451801624756,0.17771107418729873,0.013178300857543679,1.3182368416906105,1.3182368416906107,-2.220446049250313e-16,-0.0007666855482967305
292cb1a71ae648d69b6341950ddac12a,0.9000000000000001,2.3999999999999986,1.2000000000000028,0.0,0.1491801829966183,0.2752812869654472,0.07410876053469936,0.005212211608886186,0.9750000000000003,3.6000000000000014,1.2000000000000028,0.0,0.16166084128062544,0.29294816715833166,0.0857537618220042,0.005232095718384233,0.9000000000000001,0.9750000000000003,-0.07500000000000018,-0.012480658284007129
298b2154bbb24bc4a922795f5c095258,0.8250000000000002,1.2000000000000028,1.1999999999999957,0.0,0.17943719437819908,0.37343949193156917,0.11250415771967741,0.013963794708251154,0.4677050983124841,2.6832815729997477,1.1999999999999957,0.07500000000000018,0.07939081783105029,0.1672875775954933,0.08911551572811108,0.00949573516845792,0.8250000000000002,0.4677050983124841,0.3572949016875161,0.10004637654714879
2a4282ef0f934f348105d77d6f7f3a8d,0.8208203932499368,2.6832815729997477,2.6832815729997477,0.3000000000000007,0.0580850846531704,0.10072063934697865,0.0964258113968858,0.018968725204469017,0.9708203932499367,2.6832815729997477,2.6832815729997477,0.3000000000000007,0.0712301965273677,0.1473731762071856,0.03518961902323332,0.016696786880493253,0.8208203932499368,0.9708203932499367,-0.1499999999999999,-0.013145111874197299
2a5dfe4e1a6f4843acbfaa326b741e89,2.773873510045889,7.200000000000003,3.6000000000000014,0.3750000000000009,0.40384696659784275,0.547216677148738,0.2757434863111525,0.01147871017456037,2.3086769533843023,7.299315036357867,7.299315036357867,0.3000000000000007,0.3320949188108346,0.47791789262378276,0.17731562342296675,0.011374425888062145,2.773873510045889,2.3086769533843023,0.46519655666158677,0.07175204778700817
2a82c27a29b4439c9dacc509b3fbcb9b,0.30000000000000027,2.3999999999999986,0.0,0.0,0.0911365692355283,0.14356853717538412,0.10367274614147406,0.006064224243164329,0.30000000000000027,2.3999999999999986,0.0,0.0,0.0911365692355283,0.14356853717538412,0.10367274614147406,0.006064224243164329,0.30000000000000027,0.30000000000000027,0.0,0.0
2a9951938c554f56884ec7a32e11448c,1.0348962271313942,6.118823416311341,6.118823416311341,0.2999999999999994,0.08672274696524201,0.14496049880602274,0.10312435840141763,0.030162334442139116,0.6524697636119354,4.947726750741196,0.0,0.22499999999999964,0.05273817380626654,0.10186332828497192,0.05757320439174,0.021797275543212535,1.0348962271313942,0.6524697636119354,0.38242646351945875,0.033984573158975476
2b44e9076b0542129f278cf4139cf701,1.8934658438426488,4.9477267507411975,4.799999999999997,0.15000000000000036,0.24878956546169737,0.443883289244082,0.0932133101639447,0.014639997482299716,0.4677050983124841,2.6832815729997477,0.0,0.07500000000000018,0.1210026034740351,0.20017119511269263,0.03669021520490467,0.006807661056519088,1.8934658438426488,0.4677050983124841,1.4257607455301646,0.12778696198766226
2b9d2986eaea4ce685767de9e3188632,0.2250000000000003,1.2000000000000028,1.2000000000000028,0.0,0.17867023249229458,0.24966409685317048,0.12588803922996147,0.02165408134460378,0.15000000000000036,1.2000000000000028,1.2000000000000028,0.0,0.1546010212032774,0.19803120647048938,0.11820646469295555,0.01826205253601021,0.2250000000000003,0.15000000000000036,0.07499999999999996,0.02406921128901718
2be2d60f75414d76b022da0b4003a634,6.749999999999999,15.600000000000001,15.600000000000001,0.0,0.4082516724639838,0.6295748301941366,0.20455388867349475,0.015331506729125088,4.125,10.799999999999997,10.799999999999997,0.0,0.08145845380736363,0.20028730169647083,0.03815547884898857,0.010961437225341264,6.749999999999999,4.125,2.624999999999999,0.32679321865662014
2d268403069249d2b7a229194725b293,2.449593214105775,16.099689437998485,16.099689437998485,1.2000000000000002,0.07539413278820145,0.11417440249260336,0.07949131959598385,0.04542388916015705,1.5360677225433537,16.099689437998485,0.0,0.825,0.10088538235958987,0.1552177516031922,0.09562847191739103,0.0693413257598885,2.449593214105775,1.5360677225433537,0.9135254915624214,-0.025491249571388416
2d333672e0f14c9885e27a8d59fcf30c,0.37499999999999956,3.6000000000000014,0.0,0.0,0.0899611246012506,0.1986786005744289,0.023045730625545283,0.011542797088623491,0.37499999999999956,3.6000000000000014,0.0,0.0,0.0899611246012506,0.1986786005744289,0.023045730625545283,0.011542797088623491,0.37499999999999956,0.37499999999999956,0.0,0.0
2e55334cd46a498d8bf05d801a795191,0.36213203435596464,1.6970562748477156,1.2000000000000028,0.2250000000000001,0.07554307121661905,0.13279977016940492,0.13279977016940492,0.02154035568237367,0.9636146020822276,11.32077735846792,1.2000000000000028,0.75,0.08527765128854997,0.1450170942304053,0.1450170942304053,0.02776308059692445,0.36213203435596464,0.9636146020822276,-0.601482567726263,-0.009734580071930926
2f11637660c6491c9cf31dfbd0f7afb0,1.5749999999999995,2.400000000000002,1.1999999999999993,0.0,0.35529073026850777,0.483818693152617,0.3094987620698397,0.005028104782104137,3.5999999999999988,9.599999999999998,9.599999999999998,0.0,0.41625529194971783,0.5792258674912125,0.3469842220793651,0.007395172119139204,1.5749999999999995,3.5999999999999988,-2.0249999999999995,-0.06096456168121006
302d513bec6946b6ac5be859ba3ed95a,0.0,0.0,0.0,0.0,0.15394958571496337,0.23822962209070125,0.12771989426971506,0.008320569992064986,0.0,0.0,0.0,0.0,0.0987368385757457,0.14135800225010114,0.09854751619329209,0.007449674606323953,0.0,0.0,0.0,0.05521274713921767
307ba1f86fd14cd18b118ac823a43f9e,0.0,0.0,0.0,0.0,0.24999088373535522,0.3406228046562835,0.15857264524095,0.011877679824828569,0.0,0.0,0.0,0.0,0.2444842237167129,0.3440786577374513,0.1691107895435657,0.010369777679442915,0.0,0.0,0.0,0.0055066600186423065
30f10cde38cf4347a3ad801bc36c9b69,1.0500000000000003,4.799999999999997,1.2000000000000028,0.0,0.12558488709496776,0.19726873832815478,0.04479489518505683,0.013245391845702503,0.44999999999999996,2.3999999999999986,0.0,0.0,0.09671753586949708,0.16802670454346144,0.13771441422909617,0.01105599403381241,1.0500000000000003,0.44999999999999996,0.6000000000000003,0.028867351225470683
30f8cd6e28cf4400a4cab3603134f0da,0.375,2.3999999999999986,0.0,0.0,0.05479400491013142,0.1894395526591217,0.016000092420580526,0.008170366287231445,0.5250000000000004,2.3999999999999986,0.0,0.0,0.09312532135813015,0.1681572290053464,0.08498873038179315,0.006914520263671786,0.375,0.5250000000000004,-0.15000000000000036,-0.038331316447998726
3142d6f4518b4f6d8b8cd712215d367e,0.0,0.0,0.0,0.0,0.3855966749541454,0.6287580671703704,0.23041943233580642,0.012020301818847834,0.0,0.0,0.0,0.0,0.7404869138270056,1.2165058970915918,0.4008205645763921,0.019859218597412465,0.0,0.0,0.0,-0.3548902388728602
319817461b974bdd904360356a5186de,2.175,4.799999999999997,4.799999999999997,0.0,0.3164707909459846,0.5072551168867081,0.1902069997639593,0.00991287231445348,0.675,1.2000000000000028,1.1999999999999957,0.0,0.10157140647045967,0.22962542813567927,0.04618453752003139,0.007956647872924272,2.175,0.675,1.4999999999999998,0.21489938447552495
3198221efff94bfbaac21edd8b7be6e1,1.236396103067893,3.3941125496954285,1.1999999999999993,0.6000000000000005,0.14175083611428807,0.2896934082505235,0.07013100594842926,0.016631555557250266,0.45483713266844816,2.6832815729997495,1.1999999999999993,0.2999999999999996,0.04289756319678252,0.1028597244749112,0.020162109338417063,0.019905281066895153,1.236396103067893,0.45483713266844816,0.7815589703994448,0.09885327291750555
31ba992e248d435e95360a20b03f9289,0.0,0.0,0.0,0.0,0.07893548982039636,0.1312851109278176,0.07136836139208182,0.007831478118896396,0.0,0.0,0.0,0.0,0.0796900813372271,0.1536957255302172,0.04850700692328304,0.017162990570068093,0.0,0.0,0.0,-0.0007545915168307438
31e890702ba847fe973eac8852110ed8,0.0,0.0,0.0,0.0,0.09782462719395071,0.13459236031190486,0.09036715803015319,0.0028515815734855288,0.0,0.0,0.0,0.0,0.09316403935683902,0.12742984299982024,0.0846558045997099,0.002883481979367719,0.0,0.0,0.0,0.004660587837111693
33d4e7ba18304d05973bf95ae6b23100,2.175,3.6000000000000014,3.6000000000000014,0.0,0.38065118525000263,0.5597406144591747,0.1602692993473331,0.006292963027954901,1.575,3.6000000000000014,3.6000000000000014,0.0,0.27484969823330974,0.4467799054603936,0.09663274842018464,0.005841779708862127,2.175,1.575,0.5999999999999999,0.1058014870166929
349280b046da462e9d439c3b1e0b7e0c,0.9000000000000001,3.5999999999999943,0.0,0.0,0.11684043772271321,0.2767089094037705,0.027150219330956626,0.00702667236328125,2.25,4.799999999999997,4.799999999999997,0.0,0.2584691124508064,0.46529810832092355,0.01768653342382137,0.007550239562988281,0.9000000000000001,2.25,-1.3499999999999999,-0.14162867472809318
34b99bee7dee49cab8975cc71aa1f207,0.0,0.0,0.0,0.0,0.02309803761395846,0.05990135492667574,0.012165296737261525,0.009609889984131481,0.0,0.0,0.0,0.0,0.027482728635809847,0.07175031283160156,0.007957829094626206,0.012540435791015714,0.0,0.0,0.0,-0.004384691021851388
350bebd0ad144736aea809a275611a11,1.118451529862194,4.3266615305567875,1.6970562748477107,0.5999999999999996,0.22161168350049182,0.43972510881462623,0.14942707355732504,0.08316364288330158,1.0157402825148787,3.394112549695434,1.6970562748477107,0.5249999999999995,0.18659200563567735,0.3526810539121271,0.12155478962231431,0.06984701156616202,1.118451529862194,1.0157402825148787,0.1027112473473153,0.03501967786481447
352858ea6da64bfb888adecab41a8452,2.7646304534492723,4.947726750741194,4.947726750741194,0.5250000000000012,0.47126486720131217,0.6495383150078016,0.47042685321552025,0.03836131095886275,0.6749999999999996,1.1999999999999993,1.1999999999999993,0.0,0.04736941089699231,0.10598218698611149,0.08809263287252019,0.013078737258910955,2.7646304534492723,0.6749999999999996,2.0896304534492725,0.42389545630431985
3621246382a54d6d91ea2f03958f3c21,1.1324264635194587,6.118823416311343,3.5999999999999943,0.07500000000000018,0.1638314343215817,0.26388161379885816,0.12615669097488316,0.005766677856445135,0.5249999999999995,2.3999999999999986,2.3999999999999986,0.0,0.05642483691575119,0.09305103551649613,0.06130421699807269,0.006477212905884322,1.1324264635194587,0.5249999999999995,0.6074264635194593,0.10740659740583051
364d49f721fa4af081dd8a9fcd5ea684,0.30000000000000004,1.2000000000000028,1.2000000000000028,0.0,0.03380318365380753,0.07348264446166614,0.03561970944690926,0.007176733016967418,0.8249999999999997,2.3999999999999986,1.2000000000000028,0.0,0.1000646844000464,0.17375558744232658,0.09702715865524544,0.005960655212402521,0.30000000000000004,0.8249999999999997,-0.5249999999999997,-0.06626150074623888
3682d192833d4535aaadd371c3bd7ad2,0.6749999999999996,4.799999999999997,0.0,0.0,0.054275415365102844,0.15128558826811378,0.02733522351405927,0.006330299377441673,0.2999999999999998,3.599999999999998,0.0,0.0,0.024889624674173425,0.043343390195692846,0.012895590397504469,0.0023142814636232245,0.6749999999999996,0.2999999999999998,0.3749999999999998,0.02938579069092942
36d80427cbe047428458c076311428ec,0.8250000000000004,2.3999999999999986,1.2000000000000028,0.0,0.15622288411882806,0.20656515120282476,0.10932718024570964,0.008022880554198863,0.8250000000000004,2.3999999999999986,1.2000000000000028,0.0,0.15622288411882806,0.20656515120282476,0.10932718024570964,0.008022880554198863,0.8250000000000004,0.8250000000000004,0.0,0.0
38049f6b32124cb3b7e5dda85e03a280,0.8999999999999999,3.6000000000000014,1.2000000000000028,0.0,0.10093483379024704,0.1627173135554235,0.056250854016318054,0.0033652782440189988,0.8999999999999999,3.6000000000000014,1.2000000000000028,0.0,0.10093483379024704,0.1627173135554235,0.056250854016318054,0.0033652782440189988,0.8999999999999999,0.8999999999999999,0.0,0.0
38190c630bc5440488cbb5197a4728fe,0.15000000000000013,1.2000000000000028,0.0,0.0,0.13625845666229552,0.23223875450304873,0.12526264039404095,0.005371570587157759,0.6000000000000001,2.400000000000002,0.0,0.0,0.07773033006080793,0.13795103957034155,0.05471993664250029,0.01131277084350657,0.15000000000000013,0.6000000000000001,-0.44999999999999996,0.058528126601487596
381d9dfde64041cbac749fd66627e3aa,0.3749999999999998,2.3999999999999986,0.0,0.0,0.049500464544695935,0.15163230296529034,0.009203042341243214,0.006400680541991832,0.30000000000000004,2.3999999999999986,0.0,0.0,0.031140432468235342,0.06751081157813635,0.034061694055009334,0.00831027030944842,0.3749999999999998,0.30000000000000004,0.07499999999999973,0.018360032076460593
3a3e63470d1645a9ac68b509a5669236,0.9000000000000001,3.6000000000000014,3.6000000000000014,0.0,0.13045697700559294,0.23727275983508236,0.06822050297203816,0.005911302566527166,0.5250000000000001,2.400000000000002,0.0,0.0,0.058052029562175866,0.1435973192611824,0.0223905741552483,0.00756340026855451,0.9000000000000001,0.5250000000000001,0.375,0.07240494744341708
3a93f9e26ae3486abd368c41cc0fa82e,5.699999999999999,10.799999999999997,10.799999999999997,0.0,0.0835900076464678,0.13509155520148222,0.022922146432819923,0.02668576240539622,2.2357377520931507,10.799999999999997,10.799999999999997,0.6000000000000014,0.13412205039571562,0.2655639872061059,0.0410244625652155,0.036420965194702504,5.699999999999999,2.2357377520931507,3.4642622479068486,-0.050532042749247816
3b6306515b24443fb5fe4cbb48326e40,3.624341649025257,8.399999999999999,8.399999999999999,0.15000000000000036,0.1895996869343894,0.41117075394838487,0.01807642505868378,0.034655570983886275,0.9927050983124839,3.6000000000000014,0.0,0.07500000000000018,0.15117582677591812,0.29811100450405964,0.04342461620053861,0.021228075027466264,3.624341649025257,0.9927050983124839,2.631636550712773,0.03842386015847127
3c313f517d6b4d5bafb8929ddd7b46fe,0.5999999999999996,2.3999999999999986,0.0,0.0,0.659598637508654,0.872284121670661,0.5341024569624814,0.024420976638791725,0.5999999999999996,2.3999999999999986,0.0,0.0,0.659598637508654,0.872284121670661,0.5341024569624814,0.024420976638791725,0.5999999999999996,0.5999999999999996,0.0,0.0
3c70f9519bdb4b15adda25c432fc32d0,3.6162066067846683,9.674709297958255,3.5999999999999943,0.22500000000000053,0.4453155555141372,0.7448936250855676,0.18502571719316185,0.01106185913086044,2.7858765208947576,9.674709297958255,3.5999999999999943,0.15000000000000036,0.3399079110944243,0.5689675279021147,0.17174037252510607,0.010346889495850053,3.6162066067846683,2.7858765208947576,0.8303300858899108,0.1054076444197129
3d477bc2b7e7409197b5b87053b6a8a7,0.0,0.0,0.0,0.0,0.5420015720147056,0.7659946527001007,0.3666994248637532,0.0159676551818837,0.0,0.0,0.0,0.0,0.5890854225275766,0.838294011812801,0.40931767241397443,0.01665072441101101,0.0,0.0,0.0,-0.047083850512871006
3dee301429b240ca951e3408e0cc0688,0.44999999999999973,2.3999999999999986,0.0,0.0,0.02896458256549327,0.07425249894680026,0.0410377291313528,0.005816602706909091,0.15000000000000013,2.400000000000002,0.0,0.0,0.07956004347798049,0.1087342480116306,0.10146806908447534,0.007810306549072443,0.44999999999999973,0.15000000000000013,0.2999999999999996,-0.05059546091248722
3e076c9b5d2f40a1bedf18deb143cc44,1.212170824512628,3.7947331922020573,0.0,0.07500000000000018,0.14115705971879333,0.2528124154914316,0.05616308310684103,0.004517841339110706,0.30000000000000004,3.6000000000000014,0.0,0.0,0.043716833519638454,0.17712857031269047,0.0072818406287206315,0.003948783874511808,1.212170824512628,0.30000000000000004,0.9121708245126279,0.09744022619915488
3e9462eb95f942d5b42b46a0c05c7215,0.23717082451262844,3.794733192202055,0.0,0.07499999999999973,0.03124233821426264,0.07708758841195386,0.012954011500530736,0.004539871215820224,0.16770509831248442,2.683281572999751,0.0,0.07500000000000018,0.030223511444602894,0.05336199173878969,0.030308850748651684,0.010422134399412641,0.23717082451262844,0.16770509831248442,0.06946572620014402,0.0010188267696597461
3ea1703a835142869f32bbc4b3575eae,10.270867093721108,20.54069132234843,20.54069132234843,1.1250000000000004,1.2365904369650702,1.7265646299531374,0.8235899722386059,0.09558591842651332,1.3869316876852984,4.947726750741194,0.0,0.3000000000000007,0.3291709750896138,0.48510014388929606,0.27471066367775476,0.03215303421020366,10.270867093721108,1.3869316876852984,8.88393540603581,0.9074194618754564
3eba487aadc34c6483b807d3891943c4,0.7499999999999998,3.599999999999998,0.0,0.0,0.08308164606025326,0.15944807456064364,0.10873603261333273,0.007465839385987216,0.5250000000000001,3.599999999999998,3.599999999999998,0.0,0.050665855988175926,0.10541475118191691,0.049071283686478236,0.0028947830200185543,0.7499999999999998,0.5250000000000001,0.22499999999999964,0.03241579007207733
3ec630edf60e4ef2b6ed934b525732a4,0.6749999999999998,3.6000000000000014,3.6000000000000014,0.0,0.06894080808881389,0.16591574697286982,0.05806742394858722,0.0143779277801519,0.5999999999999996,2.3999999999999986,0.0,0.0,0.12305962660221961,0.2724787686650549,0.04310911290793037,0.014708805084228782,0.6749999999999998,0.5999999999999996,0.07500000000000018,-0.05411881851340572
3f7ba6582ba94d6cb62c292aec382dc1,1.5,2.4000000000000057,1.2000000000000028,0.0,0.3125956383650381,0.5828802304556513,0.12805580097321043,0.007161569595338424,1.5,2.4000000000000057,1.2000000000000028,0.0,0.32447612292691885,0.6000686198218551,0.13353307390744676,0.008459329605104315,1.5,1.5,0.0,-0.011880484561880733
3f9fedbeb860405cb3be60280a04021e,0.22499999999999942,1.1999999999999993,1.1999999999999957,0.0,0.02944574868297301,0.0794992938463489,0.012881590917871454,0.003229236602783292,0.22499999999999942,1.1999999999999993,1.1999999999999957,0.0,0.018234712049926154,0.06513683422384166,0.010087551664479527,0.004732418060302113,0.22499999999999942,0.22499999999999942,0.0,0.011211036633046855
41eb1111d010400c8a56491982171b47,0.0,0.0,0.0,0.0,0.05612732503459182,0.10066960764423366,0.034081811309860086,0.0029572963714601386,0.0,0.0,0.0,0.0,0.014144594618946021,0.027010630080899503,0.012201037198901185,0.0015933036804205436,0.0,0.0,0.0,0.0419827304156458
42a363d665034f31a1b0918abc4b58ff,1.2694409394785136,4.3266615305567875,0.0,0.675,0.22456747400986998,0.34880221005786044,0.13866625815587807,0.14520277976989782,1.2694409394785136,4.3266615305567875,0.0,0.675,0.22456747400986998,0.34880221005786044,0.13866625815587807,0.14520277976989782,1.2694409394785136,1.2694409394785136,0.0,0.0
42afc545277242218898b3252e5d8f97,0.0,0.0,0.0,0.0,0.12380317356212772,0.1785538298237447,0.10751079914789267,0.0038301944732652693,0.0,0.0,0.0,0.0,0.07716911542147192,0.09709839871768972,0.08480230677429236,0.002967453002928,0.0,0.0,0.0,0.0466340581406558
42ea07c090a949ba871e0235d816bcb8,2.1628341297226976,6.118823416311341,6.118823416311341,0.2999999999999998,0.31461017399800517,0.5527830145808557,0.1297489230855121,0.031746196746827327,1.8554076662032393,3.794733192202054,2.4000000000000057,0.2250000000000001,0.2840302506255318,0.5042141317778178,0.08034866660033527,0.022264194488526012,2.1628341297226976,1.8554076662032393,0.30742646351945835,0.030579923372473394
44a646442f5445a389120987762ee8b9,1.4434658438426484,4.9477267507411895,2.400000000000002,0.8999999999999995,0.1715340013203479,0.3459038876337572,0.08337312555807484,0.033332777023316496,1.3337647829419552,9.895453501482386,9.895453501482386,0.7499999999999996,0.06053447838056828,0.09642950005526445,0.07567696330036996,0.03620109558105389,1.4434658438426484,1.3337647829419552,0.1097010609006932,0.11099952293977963
44bc933d7cfb43a485802e98e0e12495,1.5239122880848501,7.29931503635786,4.799999999999997,0.15000000000000036,0.20871579221625344,0.25729416011153333,0.1778599173354869,0.024201250076294034,0.42377111549046664,2.6832815729997477,1.2000000000000028,0.22500000000000053,0.08719319411975027,0.12467745901599063,0.06577628903745134,0.01584649085998535,1.5239122880848501,0.42377111549046664,1.1001411725943835,0.12152259809650318
451f8a8a0bf348899e06016cce8d550a,0.6750000000000005,2.3999999999999986,0.0,0.22500000000000053,0.12205922347653057,0.22456060236213507,0.0243324106471316,0.005446672439575195,0.6750000000000005,2.3999999999999986,0.0,0.22500000000000053,0.11132995393140668,0.1785117361735627,0.05220274173891028,0.004784345626831499,0.6750000000000005,0.6750000000000005,0.0,0.01072926954512389
45be071350e7496ba5158b08ed808f72,0.0,0.0,0.0,0.0,0.28605280694557905,0.3972035456570747,0.1486605249347677,0.013688278198240589,0.0,0.0,0.0,0.0,0.298984083981496,0.40253683085947467,0.17438479329748138,0.013078451156615323,0.0,0.0,0.0,-0.012931277035916955
45d2c8494861443cb432acd639319b97,0.5249999999999999,2.3999999999999986,1.2000000000000028,0.0,0.18184983064441407,0.2500806433117707,0.2362866063829086,0.005169868469238281,0.6000000000000001,2.3999999999999986,1.2000000000000028,0.0,0.1417273303780492,0.20709515866833447,0.17016737628157713,0.004475212097169834,0.5249999999999999,0.6000000000000001,-0.07500000000000018,0.04012250026636488
474ea34a88284e259620b40e1503faad,7.722521092896825,19.349418595916518,19.349418595916518,0.9750000000000014,0.769214869772457,1.1067186352974079,0.5259778465170513,0.057138776779174005,0.6749999999999996,2.3999999999999986,1.1999999999999993,0.0,0.019508230102256382,0.04650749369942471,0.023002089423033504,0.005551528930662908,7.722521092896825,0.6749999999999996,7.047521092896825,0.7497066396702007
475c6d4fb63c401bb1c9d9ddc11b22f2,2.7288302099534123,6.118823416311343,4.800000000000004,0.22500000000000053,0.4948480361309733,0.7933008661910378,0.25361585430772016,0.024182796478270596,2.646403746433953,4.9477267507411975,4.800000000000004,0.15000000000000036,0.4833674201322656,0.7680296066596584,0.261524945230531,0.022985887527465998,2.7288302099534123,2.646403746433953,0.08242646351945915,0.0114806159987077
47e6b3fa70cc4649a4d88c5a13e9c20a,0.0,0.0,0.0,0.0,0.042263174106719065,0.11295714807953076,0.03787164268697696,0.009410619735718662,0.0,0.0,0.0,0.0,0.021519255057068566,0.049247135392054234,0.009403924355301452,0.003383302688599432,0.0,0.0,0.0,0.0207439190496505
489dab84f27d4a988ad7b7775d6ace83,0.5737711154904666,2.6832815729997477,1.697056274847713,0.22500000000000053,0.14414241356391688,0.20202076705362762,0.1171662930060381,0.015937328338622603,1.1902861194500818,3.7947331922020573,2.6832815729997477,0.3750000000000009,0.2303321220566246,0.33212391347522974,0.1779421870513276,0.021748924255369673,0.5737711154904666,1.1902861194500818,-0.6165150039596152,-0.08618970849270771
48f50eb479f040a493500dc889c0d43e,0.0,0.0,0.0,0.0,0.1851996917464155,0.2591973292006938,0.16959843443705022,0.0059101581573473005,0.0,0.0,0.0,0.0,0.20725040803595846,0.27914231023780134,0.18069954972728777,0.0077035903930657845,0.0,0.0,0.0,-0.022050716289542943
4a423faa3dc14d5f89f34836c938a776,0.07500000000000018,1.2000000000000028,0.0,0.0,0.15890885420056022,0.25804968845423054,0.06606487200819909,0.005422353744506836,0.30000000000000004,1.2000000000000028,0.0,0.0,0.19997396576272577,0.3228101825714947,0.09940632069401559,0.005822467803953124,0.07500000000000018,0.30000000000000004,-0.22499999999999987,-0.04106511156216555
4a6f5c560b644d57b37c456e5b814674,0.0,0.0,0.0,0.0,0.11128691417092954,0.19226025853777484,0.045062959716671125,0.004199838638305753,0.0,0.0,0.0,0.0,0.11128691417092954,0.19226025853777484,0.045062959716671125,0.004199838638305753,0.0,0.0,0.0,0.0
4ab67fa0bb364159a5dc2c5fd49340a6,0.37499999999999956,1.2000000000000028,0.0,0.0,0.03550563915565588,0.08389947341372127,0.02295113074931208,0.008405399322509943,0.37499999999999956,1.2000000000000028,0.0,0.0,0.03550563915565588,0.08389947341372127,0.02295113074931208,0.008405399322509943,0.37499999999999956,0.37499999999999956,0.0,0.0
4affbe8ae6c747a686adea8b18949a86,0.1499999999999999,1.1999999999999993,0.0,0.0,0.5309889612420234,0.6778114588321896,0.39523047803511757,0.028038454055785422,0.1499999999999999,1.1999999999999993,0.0,0.0,0.5309889612420234,0.6778114588321896,0.39523047803511757,0.028038454055785422,0.1499999999999999,0.1499999999999999,0.0,0.0
4bbbf943032d41bcb5a3bf7b958684f8,0.0,0.0,0.0,0.0,0.05908021697314183,0.08743069546198727,0.06850139433179442,0.0012542724609376776,0.0,0.0,0.0,0.0,0.05921124746978253,0.08748347641813754,0.06786529862753816,0.0012388229370121628,0.0,0.0,0.0,-0.00013103049664069805
4c4e1e94e1364ef5a3c390d97be19ee1,2.227916058913654,6.118823416311343,0.0,0.4500000000000002,0.2350233334612241,0.3095521550389048,0.1902141814916671,0.04485840797424201,1.1508923073621076,6.118823416311343,0.0,0.2250000000000001,0.08453181888067748,0.14205850921789073,0.12654875576786673,0.04568552970886053,2.227916058913654,1.1508923073621076,1.0770237515515464,0.1504915145805466
4c4f5bde9d574cab9813c9ff33ea9aca,2.1487711154904665,6.0,2.3999999999999986,0.15000000000000036,0.3387846710603098,0.56460391559287,0.006950309284087016,0.009271430969238548,2.4749999999999996,6.0,3.5999999999999943,0.0,0.4476433746022099,0.7174561013051536,0.16521494426514666,0.00990815162658798,2.1487711154904665,2.4749999999999996,-0.32622888450953313,-0.10885870354190008
4c64d0232a8e4ef9bc13a969d731dfff,0.0,0.0,0.0,0.0,0.0350761452999242,0.10577136361928244,0.02118351136647783,0.004606246948241743,0.0,0.0,0.0,0.0,0.032692484579664415,0.09546173364919124,0.028414845141324224,0.004827404022216708,0.0,0.0,0.0,0.002383660720259785
4c8b3add6f994bfebbf8585f725506b1,1.7670467473377416,3.7947331922020573,1.2000000000000028,0.3000000000000007,0.21803564914318757,0.38904066265777115,0.0992699244533158,0.013073873519897194,1.7670467473377416,3.7947331922020573,1.2000000000000028,0.3000000000000007,0.22087525027211363,0.3939766072453195,0.10268117780410559,0.012938976287840465,1.7670467473377416,1.7670467473377416,0.0,-0.0028396011289260614
4f26e6dac5f947a4ab722596b9cb9cef,1.3060660171779819,2.3999999999999986,2.3999999999999986,0.07500000000000018,0.20098553360846888,0.30337095532629776,0.08675099648057123,0.014155197143554954,0.5871320343559646,1.697056274847718,0.0,0.15000000000000036,0.13577705190804373,0.25004407204812745,0.03141355603800591,0.019673109054564986,1.3060660171779819,0.5871320343559646,0.7189339828220173,0.06520848170042515
4f2792661fd1407ba91f983551275338,0.6000000000000008,2.3999999999999986,0.0,0.0,0.1373034185599005,0.30021075180105145,0.06292970051312428,0.005020093917847301,0.5250000000000006,2.3999999999999986,0.0,0.0,0.12993018300413633,0.2705908624311931,0.019277041318371522,0.00799984931945863,0.6000000000000008,0.5250000000000006,0.07500000000000018,0.007373235555764163
4f33efc0e9724dc8bfcade6c6394c46b,0.44999999999999996,2.3999999999999986,0.0,0.0,0.0990104707174957,0.21432551845050024,0.017297857071547764,0.0033325195312503553,0.6750000000000003,3.6000000000000014,0.0,0.0,0.17474996013870736,0.2997767614553364,0.11676522469445959,0.00408453941345277,0.44999999999999996,0.6750000000000003,-0.2250000000000003,-0.07573948942121166
4f432ee8aca449beb7a111a783c6028f,0.9487711154904663,3.6000000000000014,0.0,0.15000000000000036,0.15988893748562355,0.24975553678606383,0.15919905530266276,0.014153051376342152,2.4871708245126283,7.200000000000003,4.799999999999997,0.07500000000000018,0.3128988318728099,0.46753748821572755,0.2521027847829291,0.012664318084717241,0.9487711154904663,2.4871708245126283,-1.538399709022162,-0.15300989438718637
4f602020f2cd477eb8c1111dd1b35eec,0.6749999999999994,2.3999999999999986,1.1999999999999957,0.0,0.099708057366369,0.17931057980462559,0.024630785573253895,0.002787780761719816,0.5999999999999996,1.2000000000000028,1.1999999999999957,0.0,0.1212962719409742,0.18972246488253297,0.05878495156154678,0.002392673492431996,0.6749999999999994,0.5999999999999996,0.07499999999999973,-0.021588214574605205
4f721a0a8d8c4159b60bcdd6513ffc80,0.6664762138029503,2.6832815729997477,0.0,0.2999999999999994,0.0561838786541335,0.15177138078151475,0.053493873765174615,0.022795915603637695,0.6121708245126285,3.794733192202055,0.0,0.1499999999999999,0.06840440223737612,0.11773419404706152,0.0742215177371302,0.011781120300293324,0.6664762138029503,0.6121708245126285,0.054305389290321804,-0.012220523583242625
4fb469c1cc4f438da132eab2ebd0bb40,1.2731127645157243,3.7947331922020573,3.7947331922020573,0.3750000000000009,0.15947880045193488,0.26913856940616093,0.1960510148758939,0.022434711456298828,0.7798759228251131,3.7947331922020573,3.7947331922020573,0.22500000000000053,0.10999158842403116,0.21714604969890725,0.1301515282708815,0.015402317047118252,1.2731127645157243,0.7798759228251131,0.4932368416906112,0.049487212027903724
4fde06ca966a4410ae9779d3f895da66,1.65,3.6000000000000014,3.6000000000000014,0.0,0.24303322164650204,0.4171341116838031,0.1410942721268124,0.009890699386597923,1.65,3.6000000000000014,3.6000000000000014,0.0,0.24303322164650204,0.4171341116838031,0.1410942721268124,0.009890699386597923,1.65,1.65,0.0,0.0
500b79cf7b2f48ea81cb2df23bb20f3a,2.7750000000000004,4.800000000000004,4.799999999999997,0.0,0.5054403663612481,0.7247225801531452,0.3370486705685277,0.012464332580566673,2.4000000000000004,4.800000000000004,4.799999999999997,0.0,0.448660989540574,0.6699339855968585,0.28710918199948876,0.011285877227782848,2.7750000000000004,2.4000000000000004,0.375,0.05677937682067413
50c8e5e559c64bf6af66d9dbd99b332d,1.4232886625306427,5.091168824543144,4.326661530556781,0.9750000000000001,0.2556565656446861,0.4129658607771083,0.24752733014840694,0.12217369079589746,1.3305835642181587,5.091168824543144,4.326661530556781,0.8250000000000002,0.228951456988115,0.3991560775648329,0.20384685976111505,0.11085205078124805,1.4232886625306427,1.3305835642181587,0.09270509831248397,0.02670510865657108
5169b072b8b849f385fc16a8aa1756d0,1.4249999999999998,2.4000000000000057,0.0,0.0,0.3326504922237713,0.5827203193908208,0.15972010494043784,0.00847063064575293,1.35,2.4000000000000057,0.0,0.0,0.3218355184560794,0.5657397026051955,0.14325742247054843,0.007998418807983576,1.4249999999999998,1.35,0.07499999999999973,0.010814973767691916
516a9ea8a3fd4251937640cb1b414914,0.0,0.0,0.0,0.0,0.15126310643358395,0.23614770103055283,0.13093797767923523,0.005566978454590643,0.0,0.0,0.0,0.0,0.12316116473769184,0.18641916319353904,0.11598647909281998,0.005198764801025657,0.0,0.0,0.0,0.028101941695892113
518587efbd6d482b9ebeaee84ebbdce5,1.362170824512628,4.800000000000001,4.800000000000001,0.07500000000000018,0.06535443603880961,0.12769197995736342,0.008144798000004035,0.005145120620726917,1.4548759228251125,4.800000000000001,4.800000000000001,0.15000000000000036,0.08305900137927155,0.14030517030371015,0.12075060378206527,0.01753563880920428,1.362170824512628,1.4548759228251125,-0.09270509831248441,-0.017704565340461942
5193a1bb5d334e09965d96d68f9c0573,0.0,0.0,0.0,0.0,0.32146559527086466,0.4802137967222309,0.2566834247615306,0.009811735153198331,0.0,0.0,0.0,0.0,0.2764497502420954,0.4124425706247977,0.22810948506208842,0.008959579467773704,0.0,0.0,0.0,0.045015845028769264
52161d1ba85140958bfb2fdedec3dd88,0.3177050983124844,2.6832815729997477,1.2000000000000028,0.07500000000000018,0.09587210693130041,0.16978552834727334,0.07900429056271588,0.022505521774292436,0.3177050983124844,2.6832815729997477,1.2000000000000028,0.07500000000000018,0.09587210693130041,0.16978552834727334,0.07900429056271588,0.022505521774292436,0.3177050983124844,0.3177050983124844,0.0,0.0
52780b1edf5d40f09611958e96aa9422,8.783736415196811,18.039955654047485,18.039955654047485,0.22500000000000053,0.7352609137601809,1.0414793117955123,0.333811119693327,0.024150896072387962,7.583736415196812,18.039955654047485,18.039955654047485,0.22500000000000053,0.665240435398952,0.9206797420165105,0.24725479575710502,0.020756006240845615,8.783736415196811,7.583736415196812,1.1999999999999993,0.07002047836122893
533d94f9d78547d19330af0bfb01d70d,0.5249999999999997,2.400000000000002,1.1999999999999957,0.0,0.05317092968499338,0.08078124700766377,0.07507389673087556,0.0046175479888921345,0.5249999999999997,2.400000000000002,1.1999999999999957,0.0,0.05317092968499338,0.08078124700766377,0.07507389673087556,0.0046175479888921345,0.5249999999999997,0.5249999999999997,0.0,0.0
53a3b6ba49af484d9d0bab0ffb9dea01,0.0,0.0,0.0,0.0,0.08633225785613614,0.15609398564020852,0.02549980546366714,0.0057370662689208984,0.0,0.0,0.0,0.0,0.0948423207814997,0.2884059684651308,0.07948393713366027,0.017618322372435102,0.0,0.0,0.0,-0.008510062925363562
5408876a7e6b40f48511768b3bd28b55,1.65,6.0,1.2000000000000028,0.0,0.20122866813389828,0.33209697804906524,0.1377249511058412,0.007813453674317294,0.2250000000000001,1.2000000000000028,0.0,0.0,0.061708711395329845,0.12310841009429002,0.054658663546527715,0.0058017253875730646,1.65,0.2250000000000001,1.4249999999999998,0.13951995673856843
5486abfaea0f40d68576ad5c3fff76c1,0.375,1.2000000000000028,0.0,0.0,0.15376960387337268,0.2172111906282575,0.16745114195699168,0.008095693588256125,0.07499999999999996,1.1999999999999993,0.0,0.0,0.04295554865742556,0.0663680644374533,0.02814738344046241,0.0021690845489490407,0.375,0.07499999999999996,0.30000000000000004,0.11081405521594712
5496fdeb89f04174a9eee1beeccc133e,2.661728153792202,21.732924331529798,21.732924331529798,2.3999999999999995,0.13489430915817052,0.20029844169663907,0.08964242508889783,0.12292542457580558,2.9971383504171705,21.732924331529798,21.732924331529798,2.5499999999999994,0.13147428346643722,0.20948829171958697,0.10664583779002808,0.10735588073730495,2.661728153792202,2.9971383504171705,-0.3354101966249683,0.0034200256917333027
550eea84a6cd45f999241c3a168758b7,9.747493094080564,37.19637079071022,36.94996617048519,7.03125,0.38491575688803015,0.644449268675894,0.177099120527497,0.09453849792480495,9.822493094080565,37.19637079071022,36.94996617048519,7.03125,0.4219718306862582,0.7106294023902889,0.23378283830294952,0.08750424385070943,9.747493094080564,9.822493094080565,-0.07500000000000107,-0.03705607379822806
5536c1c1f5774317914858dd4e5e7e3b,0.1499999999999999,1.2000000000000028,0.0,0.0,0.020665984981851036,0.0412153909692699,0.03523860501757104,0.0037136077880868257,0.1499999999999999,1.2000000000000028,0.0,0.0,0.020296491164827773,0.03810521426572893,0.03535501150600717,0.0036376476287842685,0.1499999999999999,0.1499999999999999,0.0,0.00036949381702326353
55a2bbbcad7b4781b5c8d13aacc87cd8,0.1499999999999997,1.1999999999999993,1.1999999999999957,0.0,0.0647458357339278,0.1671538035973968,0.025585043915220013,0.006253910064696999,0.30000000000000004,1.2000000000000028,1.1999999999999957,0.0,0.07831392468125598,0.21362284246162153,0.027498108005600493,0.005470275878905806,0.1499999999999997,0.30000000000000004,-0.15000000000000036,-0.01356808894732818
55a857582dd4413a8d6fa6a7e46cf9c9,2.7943340097127374,19.681463360228072,18.74459922217597,1.65,0.22075547773131585,0.318405081885655,0.318405081885655,0.05086584091186497,0.9243416490252566,3.7947331922020515,1.2000000000000028,0.22499999999999964,0.12223667881132343,0.20887129124008863,0.1384193757727713,0.025319051742552112,2.7943340097127374,0.9243416490252566,1.8699923606874806,0.09851879891999242
55e17afe991c4b6191fcbd8f1171f2c5,0.0,0.0,0.0,0.0,0.18235913377467228,0.29564607877850557,0.14596658007264657,0.007117080688475941,0.0,0.0,0.0,0.0,0.12408064398547365,0.19448699273134265,0.11038816535181387,0.005905151367187056,0.0,0.0,0.0,0.058278489789198626
56285ad5b65d46748442bbb0a756350a,15.299999999999997,31.2,31.2,0.0,1.670564832596398,2.423724766694813,0.937987858357902,0.020202541351318715,0.0,0.0,0.0,0.0,0.2155521089421682,0.4313132443049049,0.10450055384120752,0.006084394454956232,15.299999999999997,0.0,15.299999999999997,1.4550127236542298
56325f91831d44f9b6a6122b08178ae7,4.727203977444481,20.43526363911168,0.0,0.07500000000000018,0.4507130339262818,0.894880289219823,0.1350191296060099,0.02733392715454075,4.727203977444481,20.43526363911168,0.0,0.07500000000000018,0.4507130339262818,0.894880289219823,0.1350191296060099,0.02733392715454075,4.727203977444481,4.727203977444481,0.0,0.0
5634a399a72341d8bb4bbc19f395eeaf,0.4038873605350878,6.4621977685614045,0.0,0.1499999999999999,0.023507084004722605,0.03324442570303389,0.02274613498421792,0.014237880706787553,0.4038873605350878,6.4621977685614045,0.0,0.1499999999999999,0.05970248147203024,0.08884255446755485,0.05256751683251212,0.019476413726807085,0.4038873605350878,0.4038873605350878,0.0,-0.03619539746730764
563cde34c60b4b2b99e1bc558ebcad2d,0.0,0.0,0.0,0.0,0.1661952210269757,0.2638029755269591,0.14335130467748475,0.00575294494628853,0.0,0.0,0.0,0.0,0.10971644658372298,0.16957248406578343,0.11090140184605492,0.003856658935547319,0.0,0.0,0.0,0.05647877444325272
563f366e40784e9ea1b0a0bea1c57127,0.07499999999999996,1.1999999999999993,0.0,0.0,0.020324598650102006,0.04950687551228697,0.026192580491188333,0.0018157482147218573,0.07499999999999996,1.1999999999999993,0.0,0.0,0.024236044401635865,0.056321916623510854,0.041275899458267616,0.0034990310668954194,0.07499999999999996,0.07499999999999996,0.0,-0.003911445751533859
5643ff5934fd47a8b2624fea0c5669bc,1.5749999999999997,6.0,3.6000000000000014,0.0,0.2130975574288147,0.4564980933763881,0.050888184074012785,0.00960602760314977,1.3499999999999996,3.6000000000000014,2.3999999999999986,0.0,0.18659945472446396,0.4040219945018801,0.04357327935250255,0.00833058357238814,1.5749999999999997,1.3499999999999996,0.2250000000000001,0.02649810270435074
56e47a0e044d4dd1857f569ff4561ffd,0.0,0.0,0.0,0.0,0.7049182253920688,1.1187089098813487,0.42952284592099865,0.01983690261840909,0.0,0.0,0.0,0.0,0.6091793059347655,0.9843731119891359,0.37489962099326185,0.021707296371460405,0.0,0.0,0.0,0.09573891945730328
57043e509c994460a7fd69e213fafe9a,1.7249999999999994,3.6000000000000014,0.0,0.0,0.29003538723587524,0.48521787901602587,0.11549523605528195,0.011549377441406605,1.575,3.6000000000000014,0.0,0.0,0.30012505015315744,0.4911544363894148,0.13372466181041825,0.008697509765624112,1.7249999999999994,1.575,0.14999999999999947,-0.010089662917282194
5718fa033dad4893bd1f6e6720e5dd5a,0.1499999999999997,1.1999999999999993,0.0,0.0,0.05493245566332719,0.1591501466368187,0.022722918477136235,0.007405185699462802,1.275,4.799999999999997,3.6000000000000014,0.0,0.1494121482876418,0.23253686974867094,0.11503299400269326,0.009753942489624912,0.1499999999999997,1.275,-1.1250000000000002,-0.0944796926243146
575b55e43b014b17850144a75d9b0424,0.0,0.0,0.0,0.0,0.03889442401769484,0.09985471062539594,0.033972388961410464,0.003946065902709073,0.0,0.0,0.0,0.0,0.03654324737564335,0.058867744023802134,0.02065746252676466,0.003767538070677645,0.0,0.0,0.0,0.002351176642051492
57715cd92803407da7dcf8374cd9d2ca,0.0,0.0,0.0,0.0,0.01895728689930471,0.03227818507140302,0.02671039061531774,0.0073425292968742895,0.0,0.0,0.0,0.0,0.0315719315874975,0.05534326013674483,0.05534326013674483,0.003969240188597567,0.0,0.0,0.0,-0.012614644688192789
5796a821ea4545d3871c40299fb8c7bf,2.2765722758098614,4.947726750741191,4.947726750741191,0.6000000000000014,0.12971620787393923,0.19615983705017098,0.12317990239179881,0.021986675262450905,2.2045101784011654,4.947726750741191,4.947726750741191,0.6000000000000014,0.11466538854847569,0.18234132595703087,0.11441503136634613,0.023675537109374645,2.2765722758098614,2.2045101784011654,0.07206209740869607,0.015050819325463538
57b1193e6b284ac8bbc41cc6a81255f9,0.529837132668449,2.6832815729997477,0.0,0.22500000000000053,0.14814340669849113,0.2479134079294285,0.08908945788512215,0.026414251327514737,0.529837132668449,2.6832815729997477,0.0,0.22500000000000053,0.14814340669849113,0.2479134079294285,0.08908945788512215,0.026414251327514737,0.529837132668449,0.529837132668449,0.0,0.0
57e9d6ebb02a463b8b55456d6c6eb3f5,8.174999999999999,20.399999999999995,20.399999999999995,0.0,0.3504144991787582,0.4506306946894596,0.24835132275800384,0.018274354934691317,0.0,0.0,0.0,0.0,0.06329841460084643,0.08934574754396875,0.05416261700055459,0.01655774116516051,8.174999999999999,0.0,8.174999999999999,0.2871160845779118
58957a5e92194fe4b5aff9d2d1f92b4a,0.0,0.0,0.0,0.0,0.05214121199550048,0.1248192260100092,0.03723739751545231,0.006500959396362305,0.0,0.0,0.0,0.0,0.0915002849075621,0.1838235737964972,0.053316222858664504,0.00867662429809668,0.0,0.0,0.0,-0.039359072912061616
589cc3949362468b92173dbf93e3d369,0.9871708245126284,3.7947331922020506,3.7947331922020506,0.07500000000000018,0.1187429115045268,0.16160716147315748,0.0766362861088095,0.008751726150511896,0.6842329219213245,4.947726750741191,4.947726750741191,0.07500000000000018,0.026328169300550573,0.057112399797727885,0.026205966813647612,0.002746438980103072,0.9871708245126284,0.6842329219213245,0.30293790259130393,0.09241474220397623
58de3ce4790042c3bf3dec6d0a025264,0.8427050983124844,2.683281572999751,2.3999999999999986,0.07500000000000018,0.14900675512530168,0.3260342900617123,0.039046242221521935,0.018122148513794123,1.2354101966249682,2.683281572999751,2.3999999999999986,0.15000000000000036,0.1653608971453873,0.3071487146321362,0.12109644877451504,0.024427556991576616,0.8427050983124844,1.2354101966249682,-0.3927050983124838,-0.016354142020085616
59205838f45c438ba19dd90af9198b7a,0.44999999999999996,3.6000000000000014,1.1999999999999957,0.0,0.0711879583751295,0.09504105563600763,0.05000859278458696,0.004645586013793945,0.5999999999999999,3.6000000000000014,1.1999999999999957,0.0,0.09636640764311316,0.12360382302352793,0.1061869290436608,0.004124879837037021,0.44999999999999996,0.5999999999999999,-0.1499999999999999,-0.025178449267983655
596345aa123b44a8a3df8078e1d98569,1.2878799602369038,4.947726750741196,4.947726750741196,0.37500000000000044,0.15398185815962884,0.24704555517600513,0.15324845027963166,0.0312711238861092,1.2878799602369038,4.947726750741196,4.947726750741196,0.37500000000000044,0.15398185815962884,0.24704555517600513,0.15324845027963166,0.0312711238861092,1.2878799602369038,1.2878799602369038,0.0,0.0
599a3e9956b74abd9a05ca4c84e61a11,0.0,0.0,0.0,0.0,0.07423041686958783,0.11500009760195413,0.10165787276526132,0.004801082611084251,0.0,0.0,0.0,0.0,0.07008374673884107,0.11572657506077645,0.10314213121255811,0.005373430252075817,0.0,0.0,0.0,0.004146670130746752
5a1c98e09a394ea39475d9fbd1d2d145,1.2749999999999997,4.799999999999997,4.799999999999997,0.0,0.16778428053687955,0.27982183707476016,0.17231606418929574,0.010686206817625887,1.2749999999999997,4.799999999999997,4.799999999999997,0.0,0.16408897622793917,0.27471466850649057,0.1718424277927106,0.009912443161011364,1.2749999999999997,1.2749999999999997,0.0,0.0036953043089403836
5a6bd62f71a543bbb0b54ccd2f3db710,1.057426463519459,6.118823416311343,6.118823416311343,0.07500000000000018,0.15863041097295344,0.3637480345533226,0.046781989968849955,0.008748292922972745,1.125,4.799999999999997,4.799999999999997,0.0,0.16268823215157657,0.3720561449923279,0.018247858262830232,0.008074378967283469,1.057426463519459,1.125,-0.06757353648054099,-0.004057821178623133
5a882c92021848a8b9527a0b96ebbc4f,1.0500000000000003,2.4000000000000057,1.2000000000000028,0.0,0.29686346909332334,0.3803080529314774,0.3803080529314774,0.0070065021514889025,1.2750000000000004,4.799999999999997,1.2000000000000028,0.0,0.31250724907561445,0.39388205528917763,0.39388205528917763,0.009272861480712713,1.0500000000000003,1.2750000000000004,-0.2250000000000001,-0.015643779982291106
5aa9750752044ebd99eac6ae847bc75f,0.375,3.5999999999999943,1.2000000000000028,0.07500000000000018,0.045443113573086204,0.1046026206026102,0.1046026206026102,0.009444665908814542,0.44999999999999973,3.5999999999999943,1.2000000000000028,0.07500000000000018,0.04247343394357979,0.09848386854423259,0.09848386854423259,0.010771751403809926,0.375,0.44999999999999973,-0.07499999999999973,0.002969679629506415
5ac8509410e14e0ea5423aff1584a723,0.375,2.3999999999999986,1.2000000000000028,0.0,0.06537748930823217,0.09028492408069363,0.04223003652050414,0.0015482425689703483,1.2,3.6000000000000014,0.0,0.0,0.14905040079310192,0.20300231048784384,0.06492998409926826,0.004196262359618785,0.375,1.2,-0.825,-0.08367291148486974
5ace0e45b44745db9dfe173a93266845,2.0999999999999988,3.599999999999998,3.599999999999998,0.0,0.1931067569848266,0.39084344044636377,0.12291103085095223,0.013876819610596058,2.0999999999999988,3.599999999999998,3.599999999999998,0.0,0.2025306974281994,0.3914013121144068,0.11254538397370394,0.013851642608643022,2.0999999999999988,2.0999999999999988,0.0,-0.009423940443372802
5b44d3f063874f36a3b8ee5201957f93,0.6749999999999998,2.3999999999999986,2.3999999999999986,0.0,0.07438381214272952,0.1274361271422519,0.07917397151935929,0.0038203239440925962,0.6749999999999998,2.3999999999999986,2.3999999999999986,0.0,0.07438381214272952,0.1274361271422519,0.07917397151935929,0.0038203239440925962,0.6749999999999998,0.6749999999999998,0.0,0.0
5c15c019742a4c4197a45081e90fbce4,1.1250000000000004,3.6000000000000014,3.6000000000000014,0.0,0.17591361489148366,0.24218990611219066,0.12025820829913103,0.015349102020265626,0.5250000000000001,2.3999999999999986,0.0,0.0,0.049173561339015986,0.11484896659559568,0.0028144658564581513,0.009434938430787465,1.1250000000000004,0.5250000000000001,0.6000000000000003,0.12674005355246767
5c27d9133c86499fb9251624c0107207,0.9243416490252563,3.794733192202055,3.7947331922020506,0.1499999999999999,0.09402715584410382,0.24874576869696846,0.06639715672391355,0.02225689888000515,0.7621708245126281,3.7947331922020506,3.7947331922020506,0.07500000000000018,0.1380197324656703,0.32190706993379103,0.08066581722433791,0.01713795661926154,0.9243416490252563,0.7621708245126281,0.1621708245126282,-0.04399257662156647
5d549f7113254e009216c95d9e09f27f,1.425,4.799999999999997,1.2000000000000028,0.0,0.238372291624827,0.312227185770261,0.20841428228691153,0.016847991943359286,2.406207189772367,7.299315036357867,7.299315036357867,0.07500000000000018,0.4331059986101464,0.6246134488747206,0.32493701975020844,0.02980370521545339,1.425,2.406207189772367,-0.9812071897723669,-0.19473370698531942
5e2be0b7e8c740f88bb7feac868b07e5,2.6737711154904655,9.599999999999998,9.599999999999998,0.15000000000000036,0.4440408514276698,0.5375451490521238,0.38293269329094376,0.04496455192565829,0.8999999999999995,3.599999999999998,1.1999999999999993,0.0,0.07453645701249419,0.17971831958121587,0.0070881216217737325,0.005978679656982955,2.6737711154904655,0.8999999999999995,1.773771115490466,0.36950439441517563
5e758b05fbff4f39b7c1df92cbc118d9,3.974999999999999,8.399999999999999,8.399999999999999,0.0,0.4549624517930688,0.7981951953086157,0.14550046768628935,0.01448006629943821,9.45,23.999999999999996,23.999999999999996,0.0,0.23398468265995562,0.5141769417698402,0.022837248431783683,0.01142506599426163,3.974999999999999,9.45,-5.475,0.2209777691331132
5ec11dd0aada4c219e7846253a4a3d8c,0.5249999999999999,3.599999999999998,1.1999999999999957,0.0,0.05943476063564784,0.1084938840529508,0.08229296874277546,0.010035753250122514,0.3750000000000002,3.599999999999998,0.0,0.0,0.049506713965660684,0.0794065404357342,0.060901705380149364,0.010959005355834606,0.5249999999999999,0.3750000000000002,0.1499999999999997,0.009928046669987159
5f56bd648377499c9f14edee6999a854,2.25,7.200000000000003,4.799999999999997,0.0,0.3092892215583362,0.5115711536674856,0.21762658902015705,0.006076526641844993,1.7249999999999996,3.6000000000000014,3.5999999999999943,0.0,0.18515676028875788,0.3249528473039579,0.09443311746639348,0.0020906925201416016,2.25,1.7249999999999996,0.5250000000000004,0.12413246126957833
5fd3808fd2cb491db035ac88417692a3,0.5604101966249694,2.683281572999751,0.0,0.15000000000000036,0.16869061227831483,0.2870375725188569,0.12155570224840503,0.023322057723998313,0.5604101966249694,2.683281572999751,0.0,0.15000000000000036,0.16869061227831483,0.2870375725188569,0.12155570224840503,0.023322057723998313,0.5604101966249694,0.5604101966249694,0.0,0.0
600a692c948d45fb8f1a4706c3222eed,0.24270509831248419,2.6832815729997477,0.0,0.07500000000000018,0.03148570236854449,0.0744527173831688,0.013141977269662023,0.01947870254516726,0.24270509831248419,2.6832815729997477,0.0,0.07500000000000018,0.03559833246243081,0.07567775968784504,0.012140400906101974,0.020359754562378818,0.24270509831248419,0.24270509831248419,0.0,-0.004112630093886321
606a2c4b5e3c4dfd80601959be5e4cc1,0.0,0.0,0.0,0.0,0.4481512356911048,0.6497753439706773,0.24926772297533384,0.02216134071350062,0.0,0.0,0.0,0.0,0.5847185375113426,0.8837701539419495,0.30897300946339334,0.029268407821656517,0.0,0.0,0.0,-0.1365673018202378
606d5e292a0043c388c4d81b7f71d84b,1.077379363649381,2.683281572999751,1.6970562748477156,0.75,0.13219199945867993,0.24851464294623649,0.06534975243471139,0.031123638153076172,0.9359031498464299,2.683281572999751,1.1999999999999993,0.4499999999999993,0.1226756392861442,0.23679649248162546,0.07499033350601675,0.0349431037902832,1.077379363649381,0.9359031498464299,0.14147621380295106,0.009516360172535737
61a557e5cbb9419eace28cff51ca9ee5,1.1249999999999993,2.3999999999999986,1.1999999999999993,0.0,0.25751712608001376,0.40926292748343873,0.10124248888319662,0.030432128906250355,1.1249999999999993,2.3999999999999986,1.1999999999999993,0.0,0.25449688428769723,0.4033961922350904,0.09308318744426662,0.030380773544312234,1.1249999999999993,1.1249999999999993,0.0,0.003020241792316525
626e422f75ae4134b463f1dea455a492,0.4500000000000002,2.3999999999999986,2.3999999999999986,0.0,0.10510742209456712,0.1493404984646107,0.04000806646693959,0.0027857780456548298,0.2250000000000001,2.3999999999999986,2.3999999999999986,0.0,0.043408735439922345,0.06800771317893645,0.02196177451569663,0.0020197391510010654,0.4500000000000002,0.2250000000000001,0.2250000000000001,0.06169868665464478
62eb73669a3044359c48fb42fd21a694,0.0,0.0,0.0,0.0,0.25977200057759203,0.3671435339305855,0.24221446566496374,0.006070804595946555,0.0,0.0,0.0,0.0,0.2367244948326083,0.3343516910567102,0.22621788484339708,0.0047377109527571015,0.0,0.0,0.0,0.023047505744983737
63200db0d9f945fa899f191256269eca,0.2999999999999998,3.599999999999998,0.0,0.0,0.07510388664458843,0.19249885959219185,0.07847619236348462,0.010904216766356445,3.8249999999999993,11.999999999999996,0.0,0.0,0.19319624810717087,0.32798515462608646,0.07071892355357419,0.00818839073181099,0.2999999999999998,3.8249999999999993,-3.5249999999999995,-0.11809236146258244
635c71b91aaa4a5b9dd9b1ac32a1ac6f,1.5465668247996462,5.366563145999493,5.366563145999493,0.8249999999999993,0.2098517943985927,0.31027030635537195,0.1979497656078928,0.10093832015991389,1.5465668247996462,5.366563145999493,5.366563145999493,0.8249999999999993,0.2098517943985927,0.31027030635537195,0.1979497656078928,0.10093832015991389,1.5465668247996462,1.5465668247996462,0.0,0.0
63d21c73ba5f4a78acd5092fbb446339,0.21213203435596428,1.6970562748477156,0.0,0.15000000000000013,0.08234836466953185,0.16197351126203505,0.08859572157789969,0.024334573745727006,0.10606601717798207,1.6970562748477132,0.0,0.07499999999999996,0.08182217704824454,0.1832590383365197,0.05532618093818656,0.009511041641235618,0.21213203435596428,0.10606601717798207,0.10606601717798221,0.0005261876212873107
63e4740d689b4bc5b2ca179c69bb1dd7,1.3500000000000003,4.800000000000001,0.0,0.0,0.18230310596458119,0.2654774369168669,0.14991842939425448,0.009902572631835138,1.3500000000000003,4.800000000000001,0.0,0.0,0.18230310596458119,0.2654774369168669,0.14991842939425448,0.009902572631835138,1.3500000000000003,1.3500000000000003,0.0,0.0
6426aa95c5da4dccaa6f5ac1e179cfae,0.675,3.6000000000000014,0.0,0.0,0.06641017775886729,0.08461783839622619,0.06177203739508027,0.0017261981964118434,0.9000000000000004,3.6000000000000014,0.0,0.0,0.12154578368961598,0.15440914120102173,0.07817690685462649,0.0036759853363035333,0.675,0.9000000000000004,-0.2250000000000003,-0.05513560593074869
653b2b59f1e3486b96dc1a5845b32046,0.5371708245126289,3.7947331922020573,3.7947331922020573,0.07500000000000018,0.10528372553708965,0.23284977188619352,0.04201417225492465,0.019141674041747603,1.0987711154904671,2.6832815729997477,1.2000000000000028,0.3000000000000007,0.12717137752045274,0.28661061932272297,0.05710605916421352,0.0067900657653803265,0.5371708245126289,1.0987711154904671,-0.5616002909778383,-0.021887651983363093
653b3d6168cb4dd096cb5c32624fb697,0.0,0.0,0.0,0.0,0.07856110996717192,0.12244746205917545,0.0607116934161819,0.0054907321929924535,0.0,0.0,0.0,0.0,0.08049013206193295,0.12585015164575988,0.06058581475292816,0.0057975769042961645,0.0,0.0,0.0,-0.0019290220947610348
653ef46de7224400b19122409763cf72,2.5500000000000007,4.800000000000004,3.6000000000000014,0.0,0.4473411006585897,0.6979596342019958,0.1961635028597606,0.008153343200683505,2.7,6.0,6.0,0.0,0.4248211704785647,0.7219564736151854,0.1508981005486884,0.012420988082886275,2.5500000000000007,2.7,-0.14999999999999947,0.02251993018002496
65d1f31faea54d63b0095267afbda101,0.0,0.0,0.0,0.0,0.1624574004864382,0.24869469190093973,0.09966492186640935,0.005705881118774236,0.0,0.0,0.0,0.0,0.11169763827522913,0.17756330270337783,0.06580850365443179,0.003392744064329545,0.0,0.0,0.0,0.050759762211209064
65ec22d82e914d1f986dde7373e1e6a0,0.44999999999999996,1.2000000000000028,0.0,0.0,0.17746930231292696,0.29078567545922374,0.18212641717498101,0.008645582199097834,0.825,3.6000000000000014,3.6000000000000014,0.0,0.18752511248759068,0.3226213719254773,0.14781200400070457,0.010447883605958275,0.44999999999999996,0.825,-0.375,-0.010055810174663726
66c7080bb66c4ea0ab4b2f20978af34b,1.2214037464339538,4.9477267507411975,3.7947331922020573,0.15000000000000036,0.21561523072345495,0.3783958404593057,0.13399707002282157,0.00864372253418022,1.049302858868593,3.7947331922020573,3.7947331922020573,0.22500000000000053,0.18506372982001473,0.31048439753688484,0.17619181572213669,0.00998454093933221,1.2214037464339538,1.049302858868593,0.17210088756536068,0.03055150090344022
67966957238a437cb19455a6fa2e4066,0.7182368416906107,3.7947331922020506,3.7947331922020506,0.15000000000000036,0.0750371830868593,0.13773689524160668,0.07996191203160463,0.00757441520690838,0.4932368416906109,3.7947331922020506,3.7947331922020506,0.15000000000000036,0.02560241297286437,0.05931136003781589,0.018168045576290596,0.0027103900909426493,0.7182368416906107,0.4932368416906109,0.22499999999999987,0.049434770113994934
67eb4a6b67c04fadae51b6425cc939b1,0.0,0.0,0.0,0.0,0.1994928485096909,0.2729283047112219,0.22705761816129016,0.009877395629882546,0.0,0.0,0.0,0.0,0.1394185371434573,0.2104622255045928,0.18116581831349837,0.009561252593993874,0.0,0.0,0.0,0.06007431136623359
6803758a06ba45538e211682698d8f8a,2.9250000000000007,8.399999999999999,8.399999999999999,0.0,0.4435177159502638,0.6312574308670509,0.3269975495616905,0.01197795867919993,3.1500000000000004,8.399999999999999,8.399999999999999,0.0,0.49205353256158635,0.667658036018359,0.3993667291982489,0.017596292495728694,2.9250000000000007,3.1500000000000004,-0.22499999999999964,-0.04853581661132256
68316c596bf8486589c60a6663bfb55d,13.143294517882145,33.19036004625438,33.19036004625438,2.0062500000000005,0.3067731627138802,0.4971475974530544,0.20874168070492713,0.018617963790894088,13.143294517882145,33.19036004625438,33.19036004625438,2.0062500000000005,0.3067731627138802,0.4971475974530544,0.20874168070492713,0.018617963790894088,13.143294517882145,13.143294517882145,0.0,0.0
689abe75535442ed8273862cbd602132,4.7677702648838025,34.12228011138763,34.12228011138763,2.2125,0.18601776851519863,0.3611160865851454,0.00812948200165549,0.007002639770508967,4.7677702648838025,34.12228011138763,34.12228011138763,2.2125,0.18601776851519863,0.3611160865851454,0.00812948200165549,0.007002639770508967,4.7677702648838025,4.7677702648838025,0.0,0.0
68ca352ad1c0437fb72ba8797d119287,6.224999999999999,23.999999999999996,23.999999999999996,0.0,0.4196961113918185,0.7973219306629088,0.08914856617651314,0.0090462684631345,5.3999999999999995,23.999999999999996,23.999999999999996,0.0,0.6744751264900106,1.0679674806603998,0.22099980673392183,0.012770891189576083,6.224999999999999,5.3999999999999995,0.8249999999999993,-0.2547790150981921
69185c833aa44a17b7e7e84560559285,0.14999999999999947,1.1999999999999957,0.0,0.0,0.043784246752660974,0.06793225383490037,0.03604870816139945,0.006541299819947,0.14999999999999947,1.1999999999999957,0.0,0.0,0.043784246752660974,0.06793225383490037,0.03604870816139945,0.006541299819947,0.14999999999999947,0.14999999999999947,0.0,0.0
69b813061efe46729c2e9535ab8ab9c2,0.0,0.0,0.0,0.0,0.17869263264155286,0.26675444997685993,0.16708074693481015,0.00568699836730957,0.0,0.0,0.0,0.0,0.13358081920365375,0.19250679300148799,0.14175790098913782,0.004608249664306285,0.0,0.0,0.0,0.045111813437899106
69bc35440f5545169c6c29a713a138ce,1.0873855126842114,4.3266615305567875,1.697056274847713,0.6749999999999998,0.11283644387948187,0.15753264707556675,0.10827650190600763,0.04300432205200222,1.1351672185583586,5.091168824543139,1.697056274847713,0.7499999999999996,0.1088704286107678,0.14401459250340562,0.10605028295459612,0.04497241973876909,1.0873855126842114,1.1351672185583586,-0.04778170587414721,0.003966015268714068
6a13cea7802d4e03b4ff07b70d1571ed,0.6749999999999996,3.599999999999998,0.0,0.0,0.8837905009424567,1.4374686876545881,0.46218265257750346,0.02068991661071795,1.0499999999999994,4.799999999999997,0.0,0.0,0.9238592065190858,1.5063378873027977,0.47917262446568104,0.020484209060670278,0.6749999999999996,1.0499999999999994,-0.3749999999999998,-0.040068705576629116
6a5df9ab3df04fd680599b46ba6f0521,0.5121320343559644,1.6970562748477156,0.0,0.30000000000000004,0.07187922468194316,0.12210921145550026,0.0475725671382998,0.05272550582885849,0.5121320343559644,1.6970562748477156,0.0,0.30000000000000004,0.07187922468194316,0.12210921145550026,0.0475725671382998,0.05272550582885849,0.5121320343559644,0.5121320343559644,0.0,0.0
6aa2c27de8ba46b9abcb1ad8c7837cfe,0.5342329219213243,4.947726750741191,4.947726750741191,0.07500000000000018,0.09423209358942698,0.24880288152792376,0.034572483960344416,0.011905860900878196,0.5342329219213243,4.947726750741191,4.947726750741191,0.07500000000000018,0.09423209358942698,0.24880288152792376,0.034572483960344416,0.011905860900878196,0.5342329219213243,0.5342329219213243,0.0,0.0
6be41080876f4c59af4345891c4328f3,0.0,0.0,0.0,0.0,0.3353222114523938,0.6739118945604259,0.16683008986570017,0.007847213745117987,0.0,0.0,0.0,0.0,0.30120673317013064,0.6001304553444665,0.13441514401283305,0.007516908645630149,0.0,0.0,0.0,0.03411547828226319
6cded1f1cbeb44b88d76f3dd85c06fbd,0.30000000000000027,3.6000000000000014,3.6000000000000014,0.0,0.06742414828282711,0.1764233650545568,0.010750937501587841,0.0037366390228266155,0.0,0.0,0.0,0.0,0.05080834687274136,0.13199827024835975,0.02870539920776726,0.0036199092864981353,0.30000000000000027,0.0,0.30000000000000027,0.01661580141008575
6e2711e1505c4acfaa5bb1d79ace05ed,2.7912066067846686,9.67470929795826,9.67470929795826,0.22500000000000053,0.2859481964670848,0.4713103753823725,0.1610466316979679,0.023466682434081676,0.07499999999999996,1.1999999999999993,0.0,0.0,0.03562671689622875,0.0643552933468143,0.03651884087187459,0.013071012496947532,2.7912066067846686,0.07499999999999996,2.7162066067846684,0.25032147957085604
6ec86a533070404ca326ec81bac56bbc,0.4677050983124843,2.6832815729997477,0.0,0.07500000000000018,0.13464667048226803,0.1700341636479379,0.08345910156355535,0.00848035812377912,0.7104101966249687,2.6832815729997477,1.1999999999999957,0.3000000000000007,0.06115475249568056,0.09494801896388493,0.05340989970388848,0.016410684585570934,0.4677050983124843,0.7104101966249687,-0.24270509831248444,0.07349191798658747
6f05e39206eb464899af5b062d2902ec,0.8249999999999997,2.4000000000000057,2.3999999999999986,0.0,0.1285841930911903,0.15844555637865979,0.12544576212379271,0.0070773124694816225,0.75,2.4000000000000057,2.3999999999999986,0.0,0.11342905785942617,0.14260301641316728,0.1105978540817632,0.005842924118041992,0.8249999999999997,0.75,0.07499999999999973,0.015155135231764122
6f6cd9a49cf54406ae7dd95ca05f863b,0.0,0.0,0.0,0.0,0.4615791133533673,0.8957987821445014,0.14491243137461096,0.006114006042480469,0.0,0.0,0.0,0.0,0.40344048197861127,0.6183525687507977,0.20644899157942911,0.010774898529053889,0.0,0.0,0.0,0.058138631374756056
709fdcf523f34add92cdaf554a2de263,0.375,1.2000000000000028,0.0,0.0,0.10935792232468251,0.20732622296263525,0.056812665724575856,0.004439592361449751,0.9487711154904661,2.6832815729997477,2.3999999999999986,0.15000000000000036,0.14310313268830033,0.24135781278975194,0.10066389064280527,0.009946489334105468,0.375,0.9487711154904661,-0.5737711154904661,-0.033745210363617814
71d2344c7c5148b2b92dcead750eaaa2,0.0,0.0,0.0,0.0,0.18370684644596447,0.284460179229507,0.16658562378573086,0.0062988281250007105,0.0,0.0,0.0,0.0,0.14528272355039107,0.22044290447128306,0.14362738624165652,0.004228162765502752,0.0,0.0,0.0,0.0384241228955734
72ba4011f3b74fbea1fb0ceba50fa269,2.1151753261477717,31.442805218364345,31.442805218364345,1.2,0.032029801283471986,0.11028769790036666,0.014885828665762532,0.009022378921509144,2.0563319654509282,30.501311447214853,30.501311447214853,1.2,0.037340235862166664,0.10905298836628613,0.029343474044813047,0.008538007736206499,2.1151753261477717,2.0563319654509282,0.05884336069684348,-0.005310434578694678
72fd091c31f045af91479e7fdb6c0488,1.812170824512629,3.7947331922020573,3.6000000000000014,0.07500000000000018,0.24333125946153222,0.4714420600977799,0.038715576545652754,0.004035615921020863,1.812170824512629,3.7947331922020573,3.6000000000000014,0.07500000000000018,0.24333125946153222,0.4714420600977799,0.038715576545652754,0.004035615921020863,1.812170824512629,1.812170824512629,0.0,0.0
740d2cd12a3645fba72ced34b29f22fa,0.2250000000000001,1.2000000000000028,1.1999999999999957,0.0,0.013842817851128777,0.024246949328209283,0.008898959925076663,0.002670621871947887,0.22499999999999987,2.3999999999999986,2.3999999999999986,0.0,0.031229410691528313,0.07828371422200801,0.008589740144145168,0.002662324905394975,0.2250000000000001,0.22499999999999987,2.220446049250313e-16,-0.017386592840399534
749bde81e6dd4c6391d133727974e1b1,0.0,0.0,0.0,0.0,0.1018405414277776,0.16963859317969335,0.15623580588003982,0.006434726715086381,0.0,0.0,0.0,0.0,0.13623466934672473,0.1725220856153018,0.15538559836528218,0.004181528091431463,0.0,0.0,0.0,-0.03439412791894714
7659f125cc914b9b8be91ec5618e4cb2,3.238633653291825,7.299315036357863,4.799999999999997,0.15000000000000036,0.6204423758940212,1.0162450211064946,0.34506540495907284,0.026741409301759056,3.238633653291825,7.299315036357863,4.799999999999997,0.15000000000000036,0.6204423758940212,1.0162450211064946,0.34506540495907284,0.026741409301759056,3.238633653291825,3.238633653291825,0.0,0.0
76d8b30f25c64ee4a85b5ee7a2ce55b6,0.7500000000000004,3.6000000000000014,3.6000000000000014,0.0,0.11514705104147346,0.1639460053635498,0.08773920605751241,0.002229595184326083,0.375,1.2000000000000028,0.0,0.0,0.028587082732308547,0.06376923673573731,0.0022442573057627033,0.00199728012085032,0.7500000000000004,0.375,0.37500000000000044,0.08655996830916492
76ed31da2e6b4a60986764cb6dd79c0f,0.0,0.0,0.0,0.0,0.06533395274638393,0.13393823919822187,0.08245251396342511,0.0105199813842769,0.0,0.0,0.0,0.0,0.08238396718773859,0.1717861581545436,0.09102924666380342,0.01939558982849121,0.0,0.0,0.0,-0.017050014441354663
76f8c42e97c743c69bcbf8971e48277d,0.6713649562772889,4.947726750741191,0.0,0.22500000000000053,0.07174328162674495,0.10714851415549562,0.10714851415549562,0.0179709434509272,0.6713649562772889,4.947726750741191,0.0,0.22500000000000053,0.07174328162674495,0.10714851415549562,0.10714851415549562,0.0179709434509272,0.6713649562772889,0.6713649562772889,0.0,0.0
79025431db8a4c8083c4e381d9704e62,0.0,0.0,0.0,0.0,0.17821320103016597,0.31707492664287645,0.059573488292501184,0.019927310943603338,0.0,0.0,0.0,0.0,0.033168504274066445,0.07263285578484623,0.04215183942597271,0.007217216491699041,0.0,0.0,0.0,0.14504469675609952
792657eb1818482e9f4a1271eccbf16c,1.807426463519459,6.118823416311343,6.118823416311343,0.07500000000000018,0.29369639172524603,0.5840474899100285,0.0733091785074358,0.012659025192261364,1.5074264635194585,6.118823416311343,6.118823416311343,0.07500000000000018,0.1774674721881399,0.33877580133600255,0.038562151373371274,0.00917057991027903,1.807426463519459,1.5074264635194585,0.3000000000000005,0.11622891953710612
79caf3784b924bcfb74d2676c3b5dcdb,0.4677050983124845,3.6000000000000014,3.6000000000000014,0.07500000000000018,0.03574535501832049,0.05559967412479263,0.05559967412479263,0.010102558135987483,0.5427050983124847,3.6000000000000014,3.6000000000000014,0.07500000000000018,0.06327258242022593,0.08383331992112682,0.07762785180532965,0.010398674011231623,0.4677050983124845,0.5427050983124847,-0.07500000000000018,-0.02752722740190544
79f89a9310a54fcabd0f6094505ff56f,0.22499999999999987,1.1999999999999993,0.0,0.0,0.34021740576214776,0.46991054147675415,0.21347784003693604,0.06969537734985298,0.22499999999999987,1.1999999999999993,0.0,0.0,0.34021740576214776,0.46991054147675415,0.21347784003693604,0.06969537734985298,0.22499999999999987,0.22499999999999987,0.0,0.0
7a9d91fd79b2443fbba1de438a03af4f,0.0,0.0,0.0,0.0,0.1823735332897913,0.2873013147578625,0.1555348315934884,0.006968450546264826,0.0,0.0,0.0,0.0,0.126306870641945,0.18544550007497543,0.1306740539680095,0.004701089859009411,0.0,0.0,0.0,0.056066662647846294
7b06c6bd641e4060a607f3db4d3c3109,0.5249999999999997,2.3999999999999986,0.0,0.0,0.07797585549855923,0.2083725633553293,0.04323517273396951,0.006569623947144887,0.5249999999999997,2.3999999999999986,0.0,0.0,0.07398289834124308,0.26358778392450183,0.011059389365526353,0.00567827224731543,0.5249999999999997,0.5249999999999997,0.0,0.0039929571573161515
7b17bccd20f74011b8a87be053c2ce3b,2.4749999999999988,3.599999999999998,3.599999999999998,0.0,0.6436812874479672,0.8113824286319603,0.5102168395824975,0.027476119995116566,2.4749999999999988,3.599999999999998,3.599999999999998,0.0,0.6436812874479672,0.8113824286319603,0.5102168395824975,0.027476119995116566,2.4749999999999988,2.4749999999999988,0.0,0.0
7b37b37119f54b08ba9131dd4e79c617,0.0,0.0,0.0,0.0,0.13640200259407864,0.28258404402710685,0.09747032898662963,0.005218791961669744,0.0,0.0,0.0,0.0,0.13640200259407864,0.28258404402710685,0.09747032898662963,0.005218791961669744,0.0,0.0,0.0,0.0
7c876ea78f93425dbda4043635da911f,1.1999999999999995,4.799999999999997,4.799999999999997,0.0,0.10742168008062634,0.15495743264271924,0.07375229680159759,0.004192399978638406,1.059232921921324,4.947726750741191,4.947726750741191,0.07500000000000018,0.09601544208478911,0.1401062615622346,0.048878687101133564,0.008104991912842419,1.1999999999999995,1.059232921921324,0.1407670780786756,0.011406237995837232
7cb395fbcc7341eba0e4a2fb34cc072c,0.675,3.6000000000000014,0.0,0.0,0.03131695153162299,0.08407058391792549,0.0031217468733755853,0.002766466140747159,0.5250000000000001,3.6000000000000014,0.0,0.0,0.06447449768486135,0.11838254296853691,0.03821519629433073,0.0025753498077385473,0.675,0.5250000000000001,0.1499999999999999,-0.03315754615323836
7d18f7f2cb6a4fd0b4930d81d1f89103,0.675,3.6000000000000014,0.0,0.0,0.12018776571826592,0.21753292755025666,0.08596990089669376,0.0031581401824949396,0.30000000000000004,2.3999999999999986,0.0,0.0,0.07060257677116077,0.13460999057137601,0.11272693003582913,0.004090118408202947,0.675,0.30000000000000004,0.375,0.04958518894710515
7db920e252e9423d87f2f64150e8718c,1.681066017177982,4.800000000000001,1.1999999999999957,0.07500000000000018,0.19636454289605387,0.2935541696261917,0.1288192678262895,0.010895490646362749,1.9810660171779821,6.0,3.6000000000000014,0.07500000000000018,0.23597469691175355,0.338355862727707,0.16334903470183174,0.021702003479003196,1.681066017177982,1.9810660171779821,-0.30000000000000004,-0.03961015401569967
7dddea6427974dd9bc7ba2e000ea3983,0.0,0.0,0.0,0.0,0.201506790341217,0.2921972344088637,0.18655627813504375,0.011729907989500798,0.0,0.0,0.0,0.0,0.1833922333971368,0.2658694427267826,0.17014369726737757,0.010276222229003373,0.0,0.0,0.0,0.01811455694408018
7ecb580f0a0245429aa19ab1f6f6e07e,0.07499999999999996,1.1999999999999993,0.0,0.0,0.10825981233338211,0.18641024775419612,0.14212735632125112,0.06919412612914977,0.16770509831248423,2.6832815729997477,0.0,0.07500000000000018,0.12862397939222492,0.22644355979719547,0.12416096658586334,0.07765860557556081,0.07499999999999996,0.16770509831248423,-0.09270509831248427,-0.020364167058842808
7efe61368c96401e9cba997bddcdc71a,0.0,0.0,0.0,0.0,0.13701744418572528,0.20718973251281003,0.13939012666099104,0.016713523864745117,0.0,0.0,0.0,0.0,0.13265896223607881,0.19780840983578973,0.1284455049771083,0.014898920059204013,0.0,0.0,0.0,0.00435848194964647
7f5f3e618b814a31b6256c102ddf201e,0.22499999999999987,1.1999999999999993,0.0,0.0,0.08067886547774186,0.12875328692535107,0.11023926354977653,0.02480993270873899,0.22499999999999987,1.1999999999999993,0.0,0.0,0.0832629175440932,0.14614944929764517,0.08578147514891873,0.02813415527343688,0.22499999999999987,0.22499999999999987,0.0,-0.0025840520663513444
7fc95c470aa74e908ac33c495cf86574,2.9480745513245536,8.48528137423857,0.0,0.3000000000000007,0.22075605057926884,0.4040270558125153,0.1406253692689155,0.031035518646240767,0.3749999999999998,3.599999999999998,0.0,0.0,0.10394112766230246,0.25613582553302305,0.04594407321347342,0.018820238113404386,2.9480745513245536,0.3749999999999998,2.573074551324554,0.11681492291696638
7fe54162bbf24e33950af4742c636f20,2.568621569317099,8.399999999999999,8.399999999999999,0.22500000000000053,0.14712484400228804,0.18559799160464502,0.12479100823991382,0.027542924880979758,2.568621569317099,8.399999999999999,8.399999999999999,0.22500000000000053,0.14712484400228804,0.18559799160464502,0.12479100823991382,0.027542924880979758,2.568621569317099,2.568621569317099,0.0,0.0
8039177444ce4a1c9c2998c8268f5237,1.5177050983124847,4.799999999999997,3.6000000000000014,0.15000000000000036,0.2067544476088753,0.2618303248696171,0.2226768274860843,0.014627981185913352,2.334232921921325,6.0,4.800000000000004,0.07500000000000018,0.3299250796544536,0.379727107462681,0.3287778231153336,0.008787488937377574,1.5177050983124847,2.334232921921325,-0.8165278236088405,-0.12317063204557832
803f08d2e3d74ba7ac19b4d91b6c7e53,0.8652473292934166,2.6832815729997477,0.0,0.37499999999999956,0.11237546376336083,0.21325733353573548,0.052027776914743244,0.08316478729248056,0.8652473292934166,2.6832815729997477,0.0,0.37499999999999956,0.11237546376336083,0.21325733353573548,0.052027776914743244,0.08316478729248056,0.8652473292934166,0.8652473292934166,0.0,0.0
805679273e9d4b6c8db969928e9b2587,0.6842329219213248,4.9477267507411895,0.0,0.07499999999999973,0.15422861198767354,0.26068663097319233,0.04407084327937792,0.012770032882690519,0.5342329219213249,4.9477267507411895,0.0,0.07499999999999973,0.11225148226621744,0.19938564145291673,0.0177389984993891,0.009643220901489169,0.6842329219213248,0.5342329219213249,0.1499999999999999,0.041977129721456105
807d3467e0b843d489586bdbe93530cb,2.0250000000000004,4.799999999999997,4.799999999999997,0.0,0.37254053791421615,0.6562342289842741,0.16802173117150265,0.016363191604614524,2.0250000000000004,4.799999999999997,4.799999999999997,0.0,0.37254053791421615,0.6562342289842741,0.16802173117150265,0.016363191604614524,2.0250000000000004,2.0250000000000004,0.0,0.0
81033e9ff91d4df08078bf3566a8157b,0.7500000000000002,2.3999999999999986,0.0,0.0,0.06728245465998739,0.1148198454261779,0.04240901750528494,0.0013166427612305576,0.7500000000000002,2.3999999999999986,0.0,0.0,0.07150565109925333,0.11653029093553588,0.04454862379601488,0.0010919094085681813,0.7500000000000002,0.7500000000000002,0.0,-0.004223196439265942
81458d7c63ee40afba6d143188cebaa2,1.287170824512628,3.7947331922020573,2.3999999999999986,0.07500000000000018,0.20060457032301113,0.3006171052529648,0.12430080431472228,0.008620262145996094,1.3621708245126278,3.7947331922020573,2.3999999999999986,0.07500000000000018,0.20567073366400063,0.275357814188652,0.11580058609524112,0.007388448715209606,1.287170824512628,1.3621708245126278,-0.07499999999999973,-0.005066163340989499
81938c27da814c1eb2b293acc618ab2c,2.7092329219213243,6.0,4.799999999999997,0.07500000000000018,0.5298383442596739,0.9262904042723512,0.33614636202595266,0.021008777618408025,2.7092329219213243,6.0,4.799999999999997,0.07500000000000018,0.5298383442596739,0.9262904042723512,0.33614636202595266,0.021008777618408025,2.7092329219213243,2.7092329219213243,0.0,0.0
81f25e25111a4b1aaa4771846c96e99f,2.3999999999999995,4.800000000000001,3.6000000000000014,0.0,0.36101876760816537,0.569237666789588,0.24284109655025996,0.008150768280028586,2.55,4.800000000000001,3.6000000000000014,0.0,0.39672049446746066,0.6085228088951407,0.27200409305177087,0.009903573989868963,2.3999999999999995,2.55,-0.15000000000000036,-0.03570172685929529
8221d1f0021547b2bfce855a76875cc2,1.6500000000000001,4.800000000000001,0.0,0.0,0.17308573744543357,0.26453033559152056,0.09422652958509388,0.0033109188079838425,1.6500000000000001,4.800000000000001,0.0,0.0,0.17308573744543357,0.26453033559152056,0.09422652958509388,0.0033109188079838425,1.6500000000000001,1.6500000000000001,0.0,0.0
82df337a49274400944eaea41669daa3,0.0,0.0,0.0,0.0,0.016363134534053664,0.032117777793242555,0.02748624728680432,0.0027430057525639207,0.0,0.0,0.0,0.0,0.036305713196321046,0.07510868262921312,0.018022409233343747,0.0033034801483160514,0.0,0.0,0.0,-0.019942578662267382
82fb5760e07b475d8294cc3799470b2b,0.0,0.0,0.0,0.0,0.18458845016178,0.2905874433664626,0.11756435176783131,0.0036774158477785868,0.0,0.0,0.0,0.0,0.20640609305589494,0.30046526357670506,0.1440813066997869,0.003334522247314009,0.0,0.0,0.0,-0.021817642894114947
85259150adbf4cdfab72f9cc07c0702e,0.8249999999999997,3.5999999999999943,0.0,0.0,0.07910742789379416,0.13002692010967193,0.0314179615835685,0.008163070678709694,0.7592329219213246,4.947726750741191,4.947726750741191,0.07500000000000018,0.1162183016547062,0.16044339119636591,0.10269247686725036,0.006037044525145863,0.8249999999999997,0.7592329219213246,0.0657670780786751,-0.037110873760912044
856fbf13b0cf44c7a8d7e6ec97893845,1.3621708245126292,3.7947331922020573,0.0,0.07500000000000018,0.22175387976729544,0.4610741430059648,0.09685574929599997,0.006433725357054332,1.509232921921325,4.9477267507411975,0.0,0.07500000000000018,0.21594713924890013,0.4502146695759691,0.05136714022420888,0.006785774230956942,1.3621708245126292,1.509232921921325,-0.1470620974086958,0.005806740518395304
85849bb757314a45996d41fce0f11fc6,0.887132034355965,2.4000000000000057,2.4000000000000057,0.15000000000000036,0.1880183480233742,0.29361060582165555,0.12807997626504194,0.025147247314452503,0.706066017177983,2.4000000000000057,2.4000000000000057,0.07500000000000018,0.11092183772195133,0.14938366889363974,0.08006523289135264,0.016527700424194602,0.887132034355965,0.706066017177983,0.18106601717798199,0.07709651030142287
8655e2cb43214558b53abba4842f3115,0.6000000000000005,3.6000000000000014,1.2000000000000028,0.15000000000000036,0.03654740240556306,0.08254658901911405,0.025982873282706122,0.011119222640990856,0.6000000000000005,3.6000000000000014,1.2000000000000028,0.15000000000000036,0.06512974278795905,0.12958575655867186,0.03231158439092617,0.01161289215087713,0.6000000000000005,0.6000000000000005,0.0,-0.028582340382395988
86b70d00d4eb420d859c3c6024e256d6,0.5249999999999999,1.2000000000000028,0.0,0.0,0.056088168490856155,0.10349826467271178,0.03276741821690896,0.0058350563049311965,0.5249999999999999,1.2000000000000028,0.0,0.0,0.05476134883278814,0.103906190790277,0.055015811139321066,0.011069440841673828,0.5249999999999999,0.5249999999999999,0.0,0.0013268196580680167
86fa742785964db9b2368e490597a22f,0.1499999999999999,1.2000000000000028,0.0,0.0,0.01951239624574527,0.039194435655860435,0.039194435655860435,0.005516195297240678,0.1499999999999999,1.2000000000000028,0.0,0.0,0.01951239624574527,0.039194435655860435,0.039194435655860435,0.005516195297240678,0.1499999999999999,0.1499999999999999,0.0,0.0
87b99fdfba2b42fb97f70e2f24ffe151,0.30000000000000027,3.6000000000000014,3.6000000000000014,0.0,0.023972427776669518,0.05439826664221412,0.00925328274785524,0.0010223865509026986,0.6750000000000005,3.6000000000000014,3.6000000000000014,0.0,0.08763688536073105,0.18318102497967453,0.014383526249007782,0.00567440986633283,0.30000000000000027,0.6750000000000005,-0.3750000000000002,-0.06366445758406153
8872619e5c784e15a0daf988306fb19f,2.0249999999999995,6.0,6.0,0.0,0.05345156862747791,0.09580306615860669,0.03897623669986263,0.002927398681641158,2.6999999999999993,6.0,6.0,0.0,0.07535975968607266,0.12301205706573841,0.0589983554481177,0.0034628391265867364,2.0249999999999995,2.6999999999999993,-0.6749999999999998,-0.021908191058594748
89440fe76105478cba552b4a40f0c3b7,0.4500000000000002,2.3999999999999986,0.0,0.0,0.055190918884962824,0.1972306464893535,0.1972306464893535,0.009171009063720259,0.37500000000000044,1.2000000000000028,0.0,0.0,0.07296661528104939,0.16390839834194557,0.16390839834194557,0.012189674377441673,0.4500000000000002,0.37500000000000044,0.07499999999999973,-0.017775696396086567
89b1255f0e1d4cf9ad275736c8c38865,0.0,0.0,0.0,0.0,0.04664256790281526,0.10138922224288868,0.01527024754398172,0.005940628051759322,0.0,0.0,0.0,0.0,0.08746729971437256,0.17867333948357578,0.04124932120249772,0.007598590850831144,0.0,0.0,0.0,-0.0408247318115573
8bc4d49b04884b7e86491abb0cbee618,1.4249999999999992,3.599999999999998,0.0,0.0,0.9427344768138627,1.228401782950193,0.6244849934188071,0.08840861320495552,1.4249999999999992,3.599999999999998,0.0,0.0,0.9442537796699979,1.2249446228288077,0.6291418288972802,0.0889124393463141,1.4249999999999992,1.4249999999999992,0.0,-0.0015193028561352184
8c0306a02d1c4711bcaa839976760ef1,0.7371320343559643,7.200000000000003,0.0,0.1499999999999999,0.07894314372185618,0.14940596060665168,0.04695585809491203,0.024886465072632813,0.7371320343559643,7.200000000000003,0.0,0.1499999999999999,0.07171819692966894,0.13474442665125236,0.045264855214270684,0.025454664230347035,0.7371320343559643,0.7371320343559643,0.0,0.007224946792187242
8c055f196cfb432caa9b35fa1bae56d7,0.9749999999999996,3.599999999999998,0.0,0.0,0.17037776318111367,0.219370054669627,0.14644136758316822,0.007213926315307262,0.6749999999999998,3.599999999999998,0.0,0.0,0.17613956575573925,0.29271712140968464,0.08759908304200587,0.006065082550048562,0.9749999999999996,0.6749999999999998,0.2999999999999998,-0.00576180257462558
8c995fe75e4b40898d4926d01156db02,0.931066017177982,2.3999999999999986,1.697056274847713,0.07500000000000018,0.0629303691671596,0.10597884250593652,0.04063675019462213,0.012036323547362837,0.4500000000000002,2.3999999999999986,0.0,0.0,0.059085228711751946,0.12490732078547291,0.030460490771668944,0.011344242095947532,0.931066017177982,0.4500000000000002,0.4810660171779818,0.00384514045540766
8cfd3e3b15bf419eb8a6bd0e06e787ff,2.0999999999999996,3.6000000000000014,3.6000000000000014,0.0,0.40096175846446097,0.6064363934242872,0.29401996838373456,0.013259410858155185,2.475,4.800000000000004,3.6000000000000014,0.0,0.4998088902226349,0.7354117427380571,0.38073925540359665,0.01090006828308221,2.0999999999999996,2.475,-0.37500000000000044,-0.09884713175817395
8d2452eac7554346a408ab1a938ce31e,0.07500000000000018,1.2000000000000028,0.0,0.0,0.018225503420731634,0.02798698431937994,0.021053767184725427,0.00286488533020135,0.07500000000000018,1.2000000000000028,0.0,0.0,0.018225503420731634,0.02798698431937994,0.021053767184725427,0.00286488533020135,0.07500000000000018,0.07500000000000018,0.0,0.0
8d3c79e6f9b047c88cf4109f75c9f6c6,3.029729048791854,21.46834879537781,21.46834879537781,2.4375,0.1185810343998551,0.26239788971684985,0.20962579769584166,0.005336952209471502,0.49877111549046654,2.6832815729997477,2.6832815729997477,0.15000000000000036,0.0711868031123673,0.15182064768763814,0.12327380660788165,0.003630781173707298,3.029729048791854,0.49877111549046654,2.530957933301387,0.04739423128748779
8dba119ee80b45f4ad16df7fc75ee472,1.3500000000000003,3.6000000000000014,3.6000000000000014,0.0,0.2522526742817236,0.43123355709536615,0.12386564943770076,0.01021971702575808,0.8250000000000006,3.6000000000000014,3.6000000000000014,0.0,0.14119265694526512,0.26596943036630977,0.049558181218823875,0.010515832901001776,1.3500000000000003,0.8250000000000006,0.5249999999999997,0.11106001733645848
8dd94dc47c0249abb3430ea2da1358cd,0.7500000000000002,3.6000000000000014,3.6000000000000014,0.0,0.13134389348630843,0.29179365521832,0.048559651871007345,0.004000282287598189,0.7500000000000002,3.6000000000000014,3.6000000000000014,0.0,0.13134389348630843,0.29179365521832,0.048559651871007345,0.004000282287598189,0.7500000000000002,0.7500000000000002,0.0,0.0
8ebc4595468e47979c938ff9b24e5ca3,0.07499999999999996,1.1999999999999993,0.0,0.0,0.1138375504546415,0.34802469489318233,0.02764102595568395,0.0032217979431146127,0.07499999999999996,1.1999999999999993,0.0,0.0,0.1030417194520588,0.32106158031642423,0.006420752347799528,0.0031125068664543676,0.07499999999999996,0.07499999999999996,0.0,0.010795831002582704
900b25becd3a440fb4760059f0bc236e,0.0,0.0,0.0,0.0,0.02137610013788581,0.04313505719854785,0.008737817621957564,0.006091117858887163,0.0,0.0,0.0,0.0,0.056540363001710774,0.1234980286624311,0.01260328160318597,0.007195329666138672,0.0,0.0,0.0,-0.035164262863824965
900bef6496fd4df5a3c9a639e8d9750d,1.5749999999999997,3.6000000000000014,1.2000000000000028,0.0,0.21856860699880562,0.38561577962951754,0.11589356844163883,0.0029431343078605288,1.5749999999999997,3.6000000000000014,1.2000000000000028,0.0,0.21856860699880562,0.38561577962951754,0.11589356844163883,0.0029431343078605288,1.5749999999999997,1.5749999999999997,0.0,0.0
9027c52e22a64eb38ad6ab68a5c2ffc3,2.6836484294913743,6.4621977685614045,5.366563145999499,0.9749999999999994,0.24707028785663016,0.30316637389318624,0.24852691943664984,0.11060743331909118,2.392665168909886,6.4621977685614045,1.6970562748477156,0.8999999999999995,0.24534803887621473,0.30296244061162814,0.24159291708430128,0.11881227493286106,2.6836484294913743,2.392665168909886,0.29098326058148816,0.001722248980415425
903f048a82d74748829792c21c579883,0.7499999999999998,3.6000000000000014,3.6000000000000014,0.0,0.03998918609762926,0.09773112508204082,0.09159453158907922,0.0028470039367674005,0.7499999999999998,3.6000000000000014,3.6000000000000014,0.0,0.03998918609762926,0.09773112508204082,0.09159453158907922,0.0028470039367674005,0.7499999999999998,0.7499999999999998,0.0,0.0
904fca52c0b141378d27a76c5e19b613,0.07499999999999996,1.1999999999999993,0.0,0.0,0.04432547007764752,0.0652811259837682,0.04613050802492289,0.002745723724364879,0.1499999999999999,1.1999999999999993,0.0,0.0,0.06039553874799949,0.08031213395011179,0.06428583602608484,0.0041952610015871805,0.07499999999999996,0.1499999999999999,-0.07499999999999996,-0.016070068670351968
9071d11218e746edbab4006a7bd7322b,1.2,3.6000000000000014,1.2000000000000028,0.0,0.1447530914698813,0.20840892098528194,0.03926164533635938,0.009394741058350142,1.125,3.6000000000000014,1.2000000000000028,0.0,0.11923204372179899,0.21864327291822336,0.025900264509407692,0.009544372558593306,1.2,1.125,0.07499999999999996,0.02552104774808231
9165015b97254c078758133676e17804,0.75,2.4000000000000057,1.1999999999999957,0.0,0.054229979766132946,0.18849323827716805,0.027318652504965724,0.010937833786009765,0.9000000000000001,2.4000000000000057,1.1999999999999957,0.0,0.09307570839721786,0.2213932592745567,0.08793288183639919,0.014828538894652965,0.75,0.9000000000000001,-0.15000000000000013,-0.038845728631084916
922349daf3cf48ada31bbe98830a08a2,0.4500000000000002,6.0000000000000036,0.0,0.0,0.08943158390431408,0.1560057567038682,0.05366789921187464,0.02902107238769469,0.5250000000000001,6.0000000000000036,0.0,0.0,0.09172556321219362,0.17603163446206715,0.06937259657374302,0.038529396057127574,0.4500000000000002,0.5250000000000001,-0.07499999999999996,-0.002293979307879543
9281cd464fb3477c88690a7f3314498f,2.2677050983124842,9.600000000000001,9.600000000000001,0.07500000000000018,0.44225528216360166,0.664281231763322,0.2630838634990938,0.021621179580688654,1.5487711154904664,4.799999999999997,0.0,0.15000000000000036,0.3379295864507543,0.5178145073032274,0.1524728218850181,0.023963356018065873,2.2677050983124842,1.5487711154904664,0.7189339828220178,0.10432569571284733
931093cc64d6445e8a8612ef3e308039,0.0,0.0,0.0,0.0,0.017082688059947535,0.05247584888810578,0.012854278797895339,0.0050528526306141686,0.0,0.0,0.0,0.0,0.017082688059947535,0.05247584888810578,0.012854278797895339,0.0050528526306141686,0.0,0.0,0.0,0.0
935186d00f4a45b895de58d8bea7d882,0.8250000000000002,3.6000000000000014,0.0,0.0,0.14285151590829887,0.2386550905076383,0.09149644658685366,0.004296970367431374,0.8250000000000002,3.6000000000000014,0.0,0.0,0.15398225324625497,0.2598220986496159,0.09181760071132533,0.00408897399902397,0.8250000000000002,0.8250000000000002,0.0,-0.01113073733795611
94ca04ede35c491bb8f1ae3800bf39d9,1.0504798193826597,6.4621977685614045,6.4621977685614045,0.375,0.1443301337609639,0.24041044971255365,0.21997562308345303,0.06511158943176332,0.0,0.0,0.0,0.0,0.10490406116227334,0.214599974679961,0.18145715120665312,0.020959424972534002,1.0504798193826597,0.0,1.0504798193826597,0.03942607259869056
953a43eeac5743aa9f214b97cbb29c11,0.0,0.0,0.0,0.0,0.17779448738117481,0.2861731219337745,0.14819468508831,0.006619977951049627,0.0,0.0,0.0,0.0,0.12647207841339442,0.20253163098788685,0.11270627284023974,0.005610752105712713,0.0,0.0,0.0,0.0513224089677804
9570a496ffde4a2bb2f5215a7c7d83bb,0.3842329219213245,4.947726750741193,0.0,0.07499999999999996,0.06548188715059938,0.11838552931357975,0.03839674070715674,0.015693855285645597,0.30923292192132457,4.947726750741193,0.0,0.07499999999999996,0.08712265630705782,0.1648196130692895,0.04231031071058842,0.024857711791991477,0.3842329219213245,0.30923292192132457,0.07499999999999996,-0.021640769156458434
95cf14e1ffd3417cb9a742227a575164,0.4500000000000002,2.3999999999999986,1.2000000000000028,0.0,0.08357133531697197,0.1341075891699108,0.039819243705508135,0.0018117427825936616,0.4500000000000002,2.3999999999999986,1.2000000000000028,0.0,0.08357133531697197,0.1341075891699108,0.039819243705508135,0.0018117427825936616,0.4500000000000002,0.4500000000000002,0.0,0.0
95d853ec1941473981346f04a47fd6e2,0.8999999999999999,3.6000000000000014,3.6000000000000014,0.0,0.12484684546969747,0.17163618882588114,0.14072562181041912,0.007605457305908114,0.8427050983124843,3.6000000000000014,3.6000000000000014,0.07500000000000018,0.05342262891021565,0.10530876047714688,0.10530876047714688,0.008565902709960493,0.8999999999999999,0.8427050983124843,0.05729490168751561,0.07142421655948182
96449dc436da4a59bc96af84104adf46,0.33106601717798245,1.697056274847718,1.2000000000000028,0.07500000000000018,0.07896988285993659,0.2340781020997266,0.08160781963060564,0.007196187973022017,1.1774697636119353,4.947726750741191,1.2000000000000028,0.22500000000000053,0.12496291870212575,0.2813055395631156,0.006384738300085097,0.008829116821288174,0.33106601717798245,1.1774697636119353,-0.8464037464339529,-0.04599303584218917
96457c28e7cb4cfeab3b1d912d8c4cf7,0.18106601717798232,1.697056274847718,0.0,0.07500000000000018,0.009023567634192316,0.034369347965158524,0.008615811873927463,0.004828691482543057,0.18106601717798232,1.697056274847718,0.0,0.07500000000000018,0.009023567634192316,0.034369347965158524,0.008615811873927463,0.004828691482543057,0.18106601717798232,0.18106601717798232,0.0,0.0
9657675e78c24c19b409ee9c04a135c3,3.2303300858899107,8.48528137423857,8.48528137423857,0.07500000000000018,0.6125862800042037,0.9704700508917214,0.35198830097074163,0.014836835861205877,3.1553300858899105,8.48528137423857,8.48528137423857,0.07500000000000018,0.6296518710672314,0.9818446185443637,0.36470416159056057,0.01376495361328045,3.2303300858899107,3.1553300858899105,0.07500000000000018,-0.01706559106302774
96d512f13a6d42fba86f8e06add70b66,1.1560660171779824,2.4000000000000057,1.697056274847718,0.07500000000000018,0.15840310810127162,0.21161245232073805,0.07950072901643139,0.008939409255980468,1.0810660171779822,2.4000000000000057,1.697056274847718,0.07500000000000018,0.14421349757147717,0.20546345361711346,0.06516465424194619,0.009719610214233843,1.1560660171779824,1.0810660171779822,0.07500000000000018,0.01418961052979445
98107cb9a0d24947b6bfd3200cf77b10,0.0,0.0,0.0,0.0,0.0759419549965891,0.1114471450588781,0.07364501060388917,0.0012814521789534794,0.0,0.0,0.0,0.0,0.08390637808597073,0.12301720687281317,0.08079991551620629,0.0017696857452378367,0.0,0.0,0.0,-0.00796442308938164
9880929359634fd4a974a1057ba3eca1,1.9500000000000002,4.800000000000001,4.799999999999997,0.0,0.44540548611302044,0.7015996306290175,0.3014526057817804,0.01464099884033132,3.0046693311223915,9.674709297958255,9.674709297958255,0.07500000000000018,0.5070374635347377,0.7717611250886166,0.370670779732132,0.02203888893127459,1.9500000000000002,3.0046693311223915,-1.0546693311223914,-0.06163197742171722
98f8cf08a4ab42838847589a6e75ee8b,2.2932368416906104,7.200000000000003,7.200000000000003,0.15000000000000036,0.4001551018615736,0.6163111584066324,0.28939405941869495,0.017405462265013938,2.025,4.800000000000004,4.800000000000004,0.0,0.379992649299805,0.6286646628045546,0.2763357857574736,0.01663312911987358,2.2932368416906104,2.025,0.26823684169061046,0.02016245256176863
991b236621be49e693d045589fdc3ee1,0.5249999999999999,1.2000000000000028,1.1999999999999993,0.0,0.11068082443117795,0.17118140479487726,0.045518348460622714,0.010562181472776544,0.5249999999999999,1.2000000000000028,1.1999999999999993,0.0,0.11068082443117795,0.17118140479487726,0.045518348460622714,0.010562181472776544,0.5249999999999999,0.5249999999999999,0.0,0.0
993a62212975460eb987c56b7488c31b,0.5249999999999995,2.3999999999999986,2.3999999999999986,0.0,0.07159570892307408,0.11197502729766329,0.05506624457639641,0.001785278320312056,1.3499999999999992,4.799999999999997,4.799999999999997,0.0,0.17789846042390978,0.21882799532533348,0.14729009733929221,0.005702590942381569,0.5249999999999995,1.3499999999999992,-0.8249999999999997,-0.1063027515008357
997be81e2d73480f80fcf242cf152dcd,1.4999999999999991,4.799999999999997,4.799999999999997,0.0,0.2656780667814377,0.45273012117098504,0.11800735519712997,0.01513023376464906,0.6000000000000005,2.400000000000002,1.2000000000000028,0.0,0.05888797458158474,0.17977777030415074,0.057371138627195166,0.008295392990113726,1.4999999999999991,0.6000000000000005,0.8999999999999986,0.20679009219985295
99c3a7061764434d916a43a06c28a5e3,0.0,0.0,0.0,0.0,0.22000021380501614,0.33406754827405605,0.19497396721103533,0.006023740768432262,0.0,0.0,0.0,0.0,0.1954138087352701,0.2819509749155155,0.19212627291510737,0.004262351989746005,0.0,0.0,0.0,0.024586405069746048
9a8cb8b2be404b2dacef6c7ed42bfca1,1.574999999999999,2.3999999999999986,1.1999999999999993,0.0,0.2813799376930076,0.40689117553511595,0.18948944826304354,0.0206040859222405,1.574999999999999,2.3999999999999986,1.1999999999999993,0.0,0.2813799376930076,0.40689117553511595,0.18948944826304354,0.0206040859222405,1.574999999999999,1.574999999999999,0.0,0.0
9b8e07663a974d0981dca1ba80361d29,0.0,0.0,0.0,0.0,0.0583564868517151,0.0854405912028803,0.04906233772513996,0.0017525196075443006,0.0,0.0,0.0,0.0,0.04014077637281839,0.05226773934981615,0.042215249005412125,0.0016714096069345707,0.0,0.0,0.0,0.01821571047889671
9c19818b654d463cad7b7430c803e8c4,0.9750000000000001,3.6000000000000014,1.1999999999999993,0.0,0.20035869799090333,0.2812389427950763,0.1438408736156587,0.0076938629150400395,0.9750000000000001,3.6000000000000014,1.1999999999999993,0.0,0.20035869799090333,0.2812389427950763,0.1438408736156587,0.0076938629150400395,0.9750000000000001,0.9750000000000001,0.0,0.0
9cd981bf4a4547bc97c62058f5291d92,0.30000000000000027,2.3999999999999986,0.0,0.0,0.07785529295925672,0.14577622237339652,0.04907946916274548,0.010987615585327681,0.30000000000000027,2.3999999999999986,0.0,0.0,0.07785529295925672,0.14577622237339652,0.04907946916274548,0.010987615585327681,0.30000000000000027,0.30000000000000027,0.0,0.0
9ce45d4276fb448d8bfef38748b56fd8,0.1499999999999997,1.1999999999999993,0.0,0.0,0.052743736022261234,0.07004064771230119,0.04177955642982735,0.023816585540770596,0.1499999999999997,1.1999999999999993,0.0,0.0,0.052743736022261234,0.07004064771230119,0.04177955642982735,0.023816585540770596,0.1499999999999997,0.1499999999999997,0.0,0.0
9cf011a3ae7c4cfa92fca3859d5cdc93,0.21213203435596414,1.6970562748477156,0.0,0.1499999999999999,0.17411749140255112,0.2875267167998004,0.21378163463251462,0.12284131050109925,0.21213203435596414,1.6970562748477156,0.0,0.1499999999999999,0.17411749140255112,0.2875267167998004,0.21378163463251462,0.12284131050109925,0.21213203435596414,0.21213203435596414,0.0,0.0
9d6823596eb14499a9d7223ecd25047a,1.7398529270389178,6.118823416311343,6.118823416311341,0.1499999999999999,0.2693996884073982,0.5801168718546513,0.1411307309364519,0.031641769409179954,1.7398529270389178,6.118823416311343,6.118823416311341,0.1499999999999999,0.2693996884073982,0.5801168718546513,0.1411307309364519,0.031641769409179954,1.7398529270389178,1.7398529270389178,0.0,0.0
9de7da7b88c94c98ba80bed0ad7ef3d8,0.6475810211375969,5.366563145999493,0.0,0.2250000000000001,0.11178602341320096,0.2891934102240265,0.08754921848967138,0.024027442932129883,0.6475810211375969,5.366563145999493,0.0,0.2250000000000001,0.11178602341320096,0.2891934102240265,0.08754921848967138,0.024027442932129883,0.6475810211375969,0.6475810211375969,0.0,0.0
9e0cf145e19242288dab24a14650be5f,1.985410196624969,3.6000000000000014,3.6000000000000014,0.15000000000000036,0.4677980921241226,0.7912391788831833,0.27084062633542133,0.03670878410339329,2.2104101966249687,3.6000000000000014,3.6000000000000014,0.15000000000000036,0.5124400339166697,0.8761031391837952,0.28654929078989505,0.034740400314330344,1.985410196624969,2.2104101966249687,-0.22499999999999964,-0.0446419417925471
9e28e21fe0814585bce97a8b78d84d08,0.9609419400030949,3.794733192202054,2.4000000000000057,0.22500000000000053,0.13873954037818703,0.2363906053894867,0.12064509938542502,0.021685838699341264,0.9609419400030949,3.794733192202054,2.4000000000000057,0.22500000000000053,0.13873954037818703,0.2363906053894867,0.12064509938542502,0.021685838699341264,0.9609419400030949,0.9609419400030949,0.0,0.0
9e3e8ffb3fdc4087b98ce895d200ccd5,2.0250000000000004,6.0,6.0,0.0,0.2798771766957305,0.5222931585401296,0.07350020299824146,0.008217144012451882,1.5000000000000009,3.6000000000000014,3.6000000000000014,0.07500000000000018,0.2288598501813003,0.45406883941502935,0.03561534839865223,0.0052688598632819605,2.0250000000000004,1.5000000000000009,0.5249999999999995,0.05101732651443017
9e4138614837413a8fd75cdb0aaae113,0.9092329219213241,4.947726750741191,4.947726750741191,0.07500000000000018,0.18289287050918607,0.37414281676493294,0.04245834555540538,0.0090681552886962,0.7592329219213237,4.947726750741191,4.947726750741191,0.07500000000000018,0.1345943191479886,0.28624297134123255,0.03868026642355394,0.0053252220153803265,0.9092329219213241,0.7592329219213237,0.15000000000000036,0.048298551361197456
9e6150355d0841d59fdca841ee229d4b,1.2420467473377403,3.7947331922020506,2.6832815729997477,0.22500000000000053,0.12547574903426661,0.2583381778006191,0.14151910335962545,0.022577619552612394,0.07499999999999973,1.1999999999999957,0.0,0.0,0.027376554714185646,0.06897705741339387,0.007432351474692076,0.0033764362335211295,1.2420467473377403,0.07499999999999973,1.1670467473377406,0.09809919432008096
9e85663c69444a30b5a9fdff3476f772,1.575,3.6000000000000014,3.6000000000000014,0.0,0.24407854319714636,0.4144988248565539,0.14601912289734414,0.0041891098022457385,1.575,3.6000000000000014,3.6000000000000014,0.0,0.24407854319714636,0.4144988248565539,0.14601912289734414,0.0041891098022457385,1.575,1.575,0.0,0.0
9e930f35e9b4483ebe079466b2633920,0.07499999999999996,1.1999999999999993,0.0,0.0,0.08223895397171616,0.15688920408803936,0.01723386496012277,0.006800651550293413,0.2999999999999998,3.599999999999998,0.0,0.0,0.1577648075894973,0.3291618667064263,0.010552668966824549,0.007878398895263317,0.07499999999999996,0.2999999999999998,-0.22499999999999987,-0.07552585361778114
9f8adff0f7c144b3abef8053bac90252,0.3842329219213244,4.947726750741191,0.0,0.07500000000000018,0.06518676396357713,0.17411815035884323,0.03202718823109805,0.047077989578246715,0.5342329219213243,4.947726750741191,0.0,0.07500000000000018,0.07674395108042091,0.19967047283421951,0.042579915207013055,0.05379910469055238,0.3842329219213244,0.5342329219213243,-0.1499999999999999,-0.011557187116843781
9f9b1ef876ad4d6eae300231ec0fdf08,1.4370337320571338,7.299315036357859,0.0,0.44999999999999973,0.23767426225575633,0.3976881023862125,0.2627196798624969,0.15405893325805708,1.4370337320571338,7.299315036357859,0.0,0.44999999999999973,0.23767426225575633,0.3976881023862125,0.2627196798624969,0.15405893325805708,1.4370337320571338,1.4370337320571338,0.0,0.0
9fb44c7c030a4827bf0c8491348a0445,0.4500000000000002,2.3999999999999986,0.0,0.0,0.08895009221405853,0.17157345070258265,0.009741211206391709,0.002567768096923828,0.44999999999999996,2.3999999999999986,0.0,0.0,0.055034345639231666,0.0963524458467497,0.0963524458467497,0.0026309967041009408,0.4500000000000002,0.44999999999999996,2.220446049250313e-16,0.03391574657482686
a011c05eedf445ef99fb2f31e90b1774,4.704716641669647,35.254786909014214,35.254786909014214,3.375,0.07097289429950776,0.16060721690340063,0.026861997027637054,0.02919960021972745,0.6177050983124843,2.6832815729997463,1.1999999999999957,0.07499999999999996,0.1281422653533153,0.19463756209496114,0.07972537706898701,0.022945690155028675,4.704716641669647,0.6177050983124843,4.087011543357162,-0.05716937105380754
a01c0f0b80a94bb29471a91a80008631,1.2749999999999997,4.799999999999997,4.799999999999997,0.0,0.19448645247945268,0.2939344217534034,0.1325739109868553,0.004292535781861506,1.2749999999999997,4.799999999999997,4.799999999999997,0.0,0.19448645247945268,0.2939344217534034,0.1325739109868553,0.004292535781861506,1.2749999999999997,1.2749999999999997,0.0,0.0
a03bd30fe2b04037a95510ca2d88fda8,0.1499999999999999,1.2000000000000028,0.0,0.0,0.050005242056187546,0.1362391629828744,0.02849125543409752,0.002799654006957919,0.1499999999999999,1.2000000000000028,0.0,0.0,0.050005242056187546,0.1362391629828744,0.02849125543409752,0.002799654006957919,0.1499999999999999,0.1499999999999999,0.0,0.0
a03dedbff28247ff8d8479ff8cdcf8cd,1.4249999999999998,3.6000000000000014,3.6000000000000014,0.0,0.20687007095354337,0.2852427455159543,0.1289431124440883,0.00447134971618679,1.9499999999999993,4.799999999999997,3.6000000000000014,0.0,0.2718778963097663,0.3836759877432332,0.195498757796962,0.004716682434082298,1.4249999999999998,1.9499999999999993,-0.5249999999999995,-0.0650078253562229
a0b1d82aae9f4860aa0f7f524979d591,0.2560660171779824,1.6970562748477156,0.0,0.07500000000000018,0.09914333799316655,0.1166097539571539,0.10363578376760055,0.013637638092041549,0.2560660171779824,1.6970562748477156,0.0,0.07500000000000018,0.09914333799316655,0.1166097539571539,0.10363578376760055,0.013637638092041549,0.2560660171779824,0.2560660171779824,0.0,0.0
a1068ed0c1804cf8b21edff9e0074037,2.8743416490252565,6.0,4.799999999999997,0.15000000000000036,0.6158108492511774,1.014976880078528,0.355046559226983,0.03714909553527912,3.474341649025256,6.0,4.799999999999997,0.15000000000000036,0.7981256599066273,1.3387066493090773,0.504009513469463,0.04525051116943235,2.8743416490252565,3.474341649025256,-0.5999999999999996,-0.18231481065544997
a18f6a3866e643e6bbf08564b801c754,0.0,0.0,0.0,0.0,1.2527687624345751,1.8358435503257255,0.7773478584624298,0.035872077941895064,0.0,0.0,0.0,0.0,0.8538941741233708,1.1969459275550411,0.5366113318939724,0.026714372634888406,0.0,0.0,0.0,0.39887458831120437
a201c0bdf5fc4657abfe445eef562077,0.44999999999999973,3.599999999999998,0.0,0.0,0.1549045761237623,0.26158152250759004,0.08725931940772563,0.005786418914795366,0.07499999999999996,1.1999999999999993,0.0,0.0,0.2075217700128092,0.3179697208512693,0.12144328556176276,0.006198549270628906,0.44999999999999973,0.07499999999999996,0.3749999999999998,-0.0526171938890469
a262ad95f9e44fad8a369c707fe75dec,0.0,0.0,0.0,0.0,0.2752143488975888,0.43713939335321816,0.21927190223361065,0.010259342193603693,0.0,0.0,0.0,0.0,0.23451998643693275,0.39712945452628745,0.15365753610222266,0.008129024505615146,0.0,0.0,0.0,0.040694362460656025
a2f01e547e7b46a0837dee21b1929ab5,0.18106601717798188,1.6970562748477107,0.0,0.07499999999999973,0.029003110818870338,0.042554942242906416,0.023401244702414805,0.014778041839600853,0.9985316405972517,4.3266615305567875,0.0,0.375,0.1446724992008806,0.18948340850615608,0.08316190497761329,0.061566066741944425,0.18106601717798188,0.9985316405972517,-0.8174656234192699,-0.11566938838201027
a3834ec955d04dfb87e47120e30239df,0.75,2.4000000000000057,2.4000000000000057,0.0,0.16252168026738967,0.25403652399377674,0.08431246011810407,0.004597091674805043,0.3750000000000002,2.400000000000002,0.0,0.0,0.0749371252568801,0.1412772205301493,0.0332939452065353,0.005247259140015004,0.75,0.3750000000000002,0.3749999999999998,0.08758455501050957
a40fa2994a4b4570b5693527558e8471,1.9499999999999988,3.599999999999998,3.599999999999998,0.0,0.06588700828682731,0.12390595980997704,0.11407384826189955,0.03867559432983381,1.9499999999999988,3.599999999999998,3.599999999999998,0.0,0.0893199879421512,0.1417974148397139,0.1292820872526603,0.04459319114685023,1.9499999999999988,1.9499999999999988,0.0,-0.023432979655323885
a4b254bc408c4e5d9c221fb78c188f8f,0.0,0.0,0.0,0.0,0.04810357850582393,0.0841926531531459,0.04830168041228228,0.0015575408935553092,0.0,0.0,0.0,0.0,0.0543992918010901,0.09243015515385361,0.05339375268247829,0.0009354114532480473,0.0,0.0,0.0,-0.006295713295266167
a4dcda5d370e4b60b58f581c28903984,0.8999999999999997,3.6000000000000014,3.6000000000000014,0.0,0.20749114702798038,0.3435421810081738,0.1752458496905909,0.008972024917602628,0.8999999999999997,3.6000000000000014,3.6000000000000014,0.0,0.20091926489621453,0.3252828774367484,0.17076569073224943,0.008666753768920898,0.8999999999999997,0.8999999999999997,0.0,0.006571882131765849
a5c0f872d11f4769bc642acef8c49e83,4.574999999999999,10.799999999999997,10.799999999999997,0.0,0.09914166144297568,0.15863628599522578,0.0751696870422168,0.017917299270629794,2.912132034355964,10.799999999999997,10.799999999999997,0.3000000000000007,0.08316713713253862,0.1693503979799928,0.0439477395341116,0.021376848220825195,4.574999999999999,2.912132034355964,1.6628679656440353,0.015974524310437055
a5e17bb0b01045199ae4a868f5ba0721,0.38717082451262896,3.7947331922020573,0.0,0.07500000000000018,0.02874070780422902,0.05099793943709086,0.05099793943709086,0.005214786529539772,0.38717082451262896,3.7947331922020573,0.0,0.07500000000000018,0.03349672366644164,0.07236772959855445,0.03342425828958787,0.0046782016754143285,0.38717082451262896,0.38717082451262896,0.0,-0.004756015862212616
a5f9e7f71ee141739fc437448f2936bd,0.8249999999999995,4.799999999999997,4.799999999999997,0.0,0.14476670401495892,0.23012465482519054,0.17895729670509236,0.008901929855346324,0.8431980515339466,4.799999999999997,4.799999999999997,0.22500000000000053,0.09836761843759687,0.2170438795522978,0.08548812461423946,0.01585278511047239,0.8249999999999995,0.8431980515339466,-0.018198051533947046,0.046399085577362054
a6026282a41e45a9b089491bd459cb4f,1.661537275662276,8.48528137423857,8.48528137423857,0.15000000000000036,0.16621678233487774,0.2703177224071038,0.12071483309914442,0.012153482437133878,1.28033008588991,8.48528137423857,8.48528137423857,0.07500000000000018,0.13101441806782163,0.20111566810571627,0.17029594933904896,0.005563259124755859,1.661537275662276,1.28033008588991,0.3812071897723659,0.03520236426705611
a6345d0a7d9d454ca735feb8639aaf08,1.2000000000000002,3.6000000000000014,3.6000000000000014,0.0,0.1599150328634503,0.25207003837210495,0.09882721699092238,0.005041408538817738,1.2000000000000002,3.6000000000000014,3.6000000000000014,0.0,0.18479334022567356,0.30995645075887956,0.08649956717550508,0.006692647933959517,1.2000000000000002,1.2000000000000002,0.0,-0.024878307362223268
a6a717f3a117418b90e3dd5643ff3633,0.4060660171779824,2.400000000000002,1.2000000000000028,0.1499999999999999,0.0649982355913267,0.09982366266323754,0.05082513958014979,0.04857258796691877,0.4060660171779824,2.400000000000002,1.2000000000000028,0.1499999999999999,0.0649982355913267,0.09982366266323754,0.05082513958014979,0.04857258796691877,0.4060660171779824,0.4060660171779824,0.0,0.0
a75d3ddadc4540e994f674edc8de70cc,1.882426463519459,6.118823416311343,1.2000000000000028,0.07500000000000018,0.21702763044092183,0.28068751627129085,0.25066964649393325,0.010738706588747426,0.45923292192132475,4.9477267507411975,0.0,0.07500000000000018,0.03998495395165726,0.09400965145556094,0.09400965145556094,0.015132522583008345,1.882426463519459,0.45923292192132475,1.4231935415981343,0.17704267648926458
a805936597f243a38745c2e8bcadf378,2.6338232164826962,10.866462165764897,10.866462165764897,0.15000000000000036,0.1385499043774031,0.22234127422038122,0.08978353601451879,0.024402236938476207,2.6338232164826962,10.866462165764897,10.866462165764897,0.15000000000000036,0.1385499043774031,0.22234127422038122,0.08978353601451879,0.024402236938476207,2.6338232164826962,2.6338232164826962,0.0,0.0
a92a15053117459b8f4c9df4fd3c6e86,1.0499999999999996,2.3999999999999986,2.3999999999999986,0.0,0.22877194241948834,0.30449993797798547,0.14319639559650646,0.007729196548461825,0.37499999999999956,1.2000000000000028,1.1999999999999957,0.0,0.10914647310411997,0.16408847705361676,0.05124718935404452,0.005579710006714311,1.0499999999999996,0.37499999999999956,0.675,0.11962546931536837
a943ce88b1eb48e08770699332f89b18,0.0,0.0,0.0,0.0,0.02887904740022084,0.06551471867862234,0.012742126445440139,0.0036159038543703836,0.0,0.0,0.0,0.0,0.03207996323640785,0.06653693860778404,0.020703172810176026,0.0038625240325922405,0.0,0.0,0.0,-0.003200915836187007
aa938d311fab4b7a884fc88a1ceb6df9,0.0,0.0,0.0,0.0,0.06457261564612798,0.09882537725835512,0.09614413018533301,0.0024360179901119494,0.1499999999999999,1.2000000000000028,0.0,0.0,0.061127212358390234,0.10482809165034003,0.09364355200960804,0.005619907379150746,0.0,0.1499999999999999,-0.1499999999999999,0.00344540328773775
aa9594327b8c4668923c0334bb4ff0e0,2.4749999999999996,9.599999999999998,0.0,0.0,0.5794962485921247,0.8361589343266763,0.3733204963356032,0.0035639762878423298,2.3999999999999995,9.599999999999998,0.0,0.0,0.258458794695144,0.31810986353764126,0.2360162031454053,0.008141613006592774,2.4749999999999996,2.3999999999999995,0.07500000000000018,0.3210374538969807
ab4fd22d24274174841183521d7a1a35,0.5249999999999997,4.799999999999997,4.799999999999997,0.0,0.032456172193731,0.07544951950428326,0.006314783071764507,0.0023039817810062146,0.22499999999999987,2.3999999999999986,0.0,0.0,0.028318864847648312,0.05765994281834324,0.009313219904329104,0.003421640396119141,0.5249999999999997,0.22499999999999987,0.2999999999999998,0.00413730734608269
ab763fc77dcb4f9e8b7fa9d210f999ff,0.8250000000000002,2.3999999999999986,0.0,0.0,0.14893301641801357,0.3030098758095674,0.029180299927704847,0.005215215682982333,1.0499999999999998,2.3999999999999986,0.0,0.0,0.1806034669523478,0.3159056032333269,0.08160593665379777,0.005446529388427379,0.8250000000000002,1.0499999999999998,-0.22499999999999964,-0.03167045053433423
ac2e706a974d4d239ec616b2d73b46f7,4.901631282375905,37.97696670351648,0.0,3.7312500000000006,0.1348521297752434,0.260787761420985,0.14517652488471716,0.10509810447692791,4.901631282375905,37.97696670351648,0.0,3.7312500000000006,0.13406033825452096,0.2584814148157552,0.141659626664576,0.10409202575683585,4.901631282375905,4.901631282375905,0.0,0.0007917915207224513
ac90c831ef434eba8f42ba25ff3e08e7,2.431624989435835,20.957099035887577,20.957099035887577,1.1249999999999998,0.30539525977358617,0.5183216436485677,0.17836683678698786,0.1534837245941172,2.431624989435835,20.957099035887577,20.957099035887577,1.1249999999999998,0.30539525977358617,0.5183216436485677,0.17836683678698786,0.1534837245941172,2.431624989435835,2.431624989435835,0.0,0.0
ad0ad8832615459c818d212bdaf1e641,3.0707659478844027,8.049844718999243,3.3941125496954263,1.5,0.4500468579929202,0.664887796570413,0.3448735873384051,0.16674399375915439,3.0707659478844027,8.049844718999243,3.3941125496954263,1.5,0.4500468579929202,0.664887796570413,0.3448735873384051,0.16674399375915439,3.0707659478844027,3.0707659478844027,0.0,0.0
ad6535e0ac204f018bad5da2164cafcb,1.0016139246697242,6.118823416311343,4.3266615305567875,0.6749999999999998,0.05048239116553559,0.09299482345102184,0.06694408073078685,0.029323196411132013,1.0016139246697242,6.118823416311343,4.3266615305567875,0.6749999999999998,0.04454256255863003,0.08131697800089442,0.05811706607549174,0.026698780059814187,1.0016139246697242,1.0016139246697242,0.0,0.005939828606905555
ae278babd4f44736b74d26bd2d4c07ee,0.0,0.0,0.0,0.0,0.06985387297098526,0.10827387734048063,0.034161511663405045,0.004797077178956055,0.0,0.0,0.0,0.0,0.05086756495297022,0.07752484924673794,0.0387852707677855,0.004210138320922763,0.0,0.0,0.0,0.01898630801801504
ae6d24f1fa4f495da1d07b8c25b8f06f,2.2212413433257536,31.44280521836434,31.44280521836434,1.05,0.09388795777584309,0.19365435457461438,0.11000649237651738,0.00992717742919913,2.2212413433257536,31.44280521836434,31.44280521836434,1.05,0.09388795777584309,0.19365435457461438,0.11000649237651738,0.00992717742919913,2.2212413433257536,2.2212413433257536,0.0,0.0
af03c15257554d638d91c1b5a121aaa3,1.0060660171779827,1.6970562748477156,1.2000000000000028,0.22500000000000053,0.1550073866102205,0.3213413372394382,0.027774699509136108,0.01768627166748038,1.637132034355965,3.6000000000000014,1.2000000000000028,0.15000000000000036,0.2862780496131158,0.5556204802928361,0.07265610885942785,0.009491300582885831,1.0060660171779827,1.637132034355965,-0.6310660171779823,-0.1312706630028953
af19bfccf2ec4c4c8ee5c81013caf35c,1.2750000000000004,2.400000000000002,0.0,0.0,0.21077186947847498,0.3555935552454556,0.10323972193288541,0.010198545455933239,1.65,3.6000000000000014,1.2000000000000028,0.0,0.25167759088479746,0.4122409425150617,0.12257452714929604,0.009762811660766868,1.2750000000000004,1.65,-0.37499999999999956,-0.04090572140632248
af1fe4ae71c441d1a4744097f622c449,2.505548838797624,7.299315036357867,3.6000000000000014,0.22500000000000053,0.40268668931761975,0.6742867917833675,0.22895180477696733,0.0225763320922856,2.4933780142849953,7.299315036357867,3.6000000000000014,0.15000000000000036,0.4161743481466692,0.6747628858961683,0.2360276848855818,0.02003889083862198,2.505548838797624,2.4933780142849953,0.01217082451262863,-0.013487658829049454
af6f5cce3b714c65a7fab7e20f66b056,0.1810660171779824,1.6970562748477156,0.0,0.07500000000000018,0.0282633228926691,0.05880182056909188,0.03311810555585089,0.012303113937377486,0.25606601717798194,1.6970562748477156,0.0,0.07500000000000018,0.056256685397649435,0.07489721384862182,0.03091378271782931,0.018162918090820046,0.1810660171779824,0.25606601717798194,-0.07499999999999954,-0.027993362504980336
b0ece04a2172427bbc77c800c5ec5416,0.0,0.0,0.0,0.0,0.2582800456343721,0.3773921221287564,0.15769363392091093,0.03148870468139675,0.0,0.0,0.0,0.0,0.2582800456343721,0.3773921221287564,0.15769363392091093,0.03148870468139675,0.0,0.0,0.0,0.0
b1940961344f40d394a866ccc71d4a0d,0.7500000000000007,3.6000000000000014,0.0,0.0,0.15049875602785617,0.1909149169921882,0.15870516579653451,0.004121160507202237,0.07500000000000018,1.2000000000000028,0.0,0.0,0.050277117316512146,0.09176279873952137,0.025445627005175442,0.0026627540588379794,0.7500000000000007,0.07500000000000018,0.6750000000000005,0.10022163871134403
b203d6cccc1e436ca967c6bb9f7a98b4,0.4747120837939561,7.595393340703297,0.0,0.46875,0.0496927379009777,0.11739934554513165,0.11592798462928092,0.03703050613403169,1.1275548929732142,7.595393340703297,4.3266615305567875,0.9937499999999999,0.04216780140252376,0.09766602872526946,0.09766602872526946,0.03071079254150355,0.4747120837939561,1.1275548929732142,-0.6528428091792582,0.007524936498453941
b23f28ea6e5445b998355b3739b1cc1a,0.0,0.0,0.0,0.0,0.1525285036137823,0.2311492282078208,0.1411194175075789,0.005196332931519887,0.0,0.0,0.0,0.0,0.10556945074125917,0.14738769371106555,0.11664526948559577,0.004413986206055487,0.0,0.0,0.0,0.04695905287252314
b2ccc848be7a4d4ab7bf42914b50a82b,0.6000000000000001,1.2000000000000028,1.1999999999999993,0.0,0.1897856072381543,0.3273249381553292,0.11568672883222927,0.00553679466247603,0.675,1.2000000000000028,1.1999999999999993,0.0,0.21311778721326632,0.34821331639403846,0.14350205781990322,0.005561685562134766,0.6000000000000001,0.675,-0.07499999999999996,-0.023332179975112027
b2f175db0d4b4196a3877722db1f7349,0.9813194955062297,4.3266615305567875,0.0,0.44999999999999973,0.14317787637141685,0.20039938690037246,0.13361920095494725,0.09022378921508833,0.9813194955062297,4.3266615305567875,0.0,0.44999999999999973,0.14224709902680288,0.19699480485907797,0.13425222855555338,0.08904418945312464,0.9813194955062297,0.9813194955062297,0.0,0.00093077734461397
b3c35a96810b4a00aec8a2c1a4de2ee1,0.7500000000000002,2.400000000000002,1.2000000000000028,0.0,0.1200552037923101,0.3062396951310267,0.009944077907513744,0.00946512222290119,0.7500000000000002,2.400000000000002,1.2000000000000028,0.0,0.1200552037923101,0.3062396951310267,0.009944077907513744,0.00946512222290119,0.7500000000000002,0.7500000000000002,0.0,0.0
b41eb23330a24e10a194d6bfd519ed82,0.1499999999999997,1.1999999999999993,0.0,0.0,0.11879355634774383,0.2730983509480657,0.04030307095598313,0.03498530387878329,0.3487711154904665,2.6832815729997495,0.0,0.1499999999999999,0.11277798795525192,0.23375254253709205,0.04001677917226536,0.035752773284911665,0.1499999999999997,0.3487711154904665,-0.19877111549046683,0.006015568392491913
b43556da7d084de3b4ea1638ddeaa5d4,1.0865124735378855,3.7947331922020573,3.7947331922020573,0.22499999999999964,0.09059405103816645,0.14030080805814374,0.11775311002811556,0.0266412734985364,1.2365124735378854,3.7947331922020573,3.7947331922020573,0.22499999999999964,0.11508994543184431,0.20574894906003355,0.13378642807928248,0.03155136108398571,1.0865124735378855,1.2365124735378854,-0.1499999999999999,-0.02449589439367786
b47e31481532444bb0b543a0ec192959,0.0,0.0,0.0,0.0,0.046823674700984086,0.07357670831319559,0.057610283438986616,0.0012063503265382636,0.0,0.0,0.0,0.0,0.0541902145742792,0.07869395252189339,0.052441857028997535,0.0014225006103512072,0.0,0.0,0.0,-0.007366539873295115
b6398bf31aa945c185c3fe2e0313f5ae,1.0499999999999996,4.799999999999997,4.799999999999997,0.0,0.12494354847341518,0.16259938606424834,0.06971547229910027,0.0023026943206794215,0.675,2.3999999999999986,0.0,0.0,0.09242391244103637,0.1206174503583365,0.10323729060588424,0.0024837970733653236,1.0499999999999996,0.675,0.37499999999999956,0.03251963603237881
b659437b962e460faf0126bf16fa96be,5.854994456755937,18.03995565404749,0.0,0.15000000000000036,0.6834345280741048,1.191343222484323,0.26705104118981116,0.007599592208863193,5.854994456755937,18.03995565404749,0.0,0.15000000000000036,0.6834345280741048,1.191343222484323,0.26705104118981116,0.007599592208863193,5.854994456755937,5.854994456755937,0.0,0.0
b72f2f5db001422aad91c243b2cbb716,0.0,0.0,0.0,0.0,0.15954727645530825,0.2614085853790001,0.09909776892666074,0.009877538681029918,0.0,0.0,0.0,0.0,0.24776497343214668,0.3543258848124194,0.19744587373509423,0.010457038879394531,0.0,0.0,0.0,-0.08821769697683843
b78cb6f95fda4df3a8b043d97db13acd,0.30000000000000004,1.2000000000000028,0.0,0.0,0.05774963256599454,0.10632097100592489,0.024298268614374115,0.0014372348785385292,0.8249999999999997,4.799999999999997,1.2000000000000028,0.0,0.07112738947768621,0.13534645235026185,0.0450522617478309,0.004645442962647017,0.30000000000000004,0.8249999999999997,-0.5249999999999997,-0.013377756911691671
b8bab23ef9bc4398a5ab0385e0710a1a,0.9871708245126286,3.7947331922020573,3.6000000000000014,0.07500000000000018,0.17887083429255923,0.3574650913415044,0.12719546554054853,0.007522630691528143,0.8999999999999997,3.6000000000000014,0.0,0.0,0.05998848788667453,0.13802405657828926,0.017149324193925407,0.00935897827148402,0.9871708245126286,0.8999999999999997,0.08717082451262892,0.1188823464058847
b8f8a7e278f04035abf83b57fde78fb8,0.6749999999999996,3.599999999999998,0.0,0.0,0.058888869910203465,0.11311292879011942,0.04593820725840498,0.03253555297851474,0.8999999999999995,3.599999999999998,0.0,0.0,0.06749123194750307,0.1424467114863454,0.022117545689311048,0.014548015594483488,0.6749999999999996,0.8999999999999995,-0.22499999999999987,-0.00860236203729961
b986b0bd1ad64f70b85307972bffdca8,0.14999999999999947,1.1999999999999957,0.0,0.0,0.050919341263028925,0.11688090790421071,0.01582134097782868,0.0013296604156503022,0.22499999999999964,2.3999999999999986,1.1999999999999957,0.0,0.043799184719763753,0.09811604349697879,0.04562697766808491,0.004362487792967773,0.14999999999999947,0.22499999999999964,-0.07500000000000018,0.0071201565432651714
b9cf9c6bd43643dbb57f96b022b92e2f,4.113963541364596,32.53997541486471,1.6970562748477107,2.64375,0.311381844235291,0.4218157707052063,0.24191611225087165,0.13678922653198233,4.113963541364596,32.53997541486471,1.6970562748477107,2.64375,0.311381844235291,0.4218157707052063,0.24191611225087165,0.13678922653198233,4.113963541364596,4.113963541364596,0.0,0.0
ba088aff2a6647eca02ffd893cec79f9,0.7621708245126285,3.7947331922020573,1.2000000000000028,0.07500000000000018,0.24147478040207995,0.4145692325292069,0.1008724836796987,0.03162217140197887,0.7621708245126285,3.7947331922020573,1.2000000000000028,0.07500000000000018,0.24147478040207995,0.4145692325292069,0.1008724836796987,0.03162217140197887,0.7621708245126285,0.7621708245126285,0.0,0.0
ba342f07fc704ffb9f868efce879a9c1,0.0,0.0,0.0,0.0,0.17119485527199588,0.2521992449253447,0.16118638879720648,0.00600728988647381,0.0,0.0,0.0,0.0,0.1546244648639295,0.22864071458701068,0.1318579980552414,0.010169935226440163,0.0,0.0,0.0,0.016570390408066377
ba884c09172a4e0782df8313cfbdb15a,0.2999999999999994,2.3999999999999986,0.0,0.0,0.09581059162328498,0.1635107284780246,0.1327308219644749,0.006465768814087891,0.5999999999999999,2.3999999999999986,0.0,0.0,0.12861545816035322,0.2448671647981274,0.035645087814227434,0.009733057022094371,0.2999999999999994,0.5999999999999999,-0.3000000000000005,-0.03280486653706824
ba920082c1ba4200a914eafd1a542bda,0.2999999999999998,3.599999999999998,0.0,0.0,1.514107316164056,2.324013534001113,0.8291446400081803,0.03038763999938876,0.2999999999999998,3.599999999999998,0.0,0.0,1.2549982879579384,1.953302575556571,0.6711589922533465,0.02310605049133274,0.2999999999999998,0.2999999999999998,0.0,0.2591090282061175
bb778ab188a3477f9673cce754fceb5d,2.429875922825113,9.600000000000001,9.600000000000001,0.15000000000000036,0.37504353667813856,0.6373981983088133,0.16857950897637006,0.020543718338012162,2.8798759228251125,10.799999999999997,9.600000000000001,0.15000000000000036,0.4008303198302663,0.6535144451712184,0.20024015503595607,0.02631869316101021,2.429875922825113,2.8798759228251125,-0.4499999999999993,-0.025786783152127735
bbbb24f874a64d5499d07537974858b4,0.0,0.0,0.0,0.0,0.058516721259837715,0.09683898038158799,0.08115000909716487,0.015907716751098366,0.0,0.0,0.0,0.0,0.0557967011434954,0.12045838102082147,0.06490709877518526,0.01828279495239249,0.0,0.0,0.0,0.0027200201163423143
bbc762fb58b341429ab4a3508fd84ce1,1.111434893224557,5.091168824543144,0.0,0.375,0.07559619312980946,0.1379352201808183,0.05680932154238891,0.009313058853149148,1.111434893224557,5.091168824543144,0.0,0.375,0.07559619312980946,0.1379352201808183,0.05680932154238891,0.009313058853149148,1.111434893224557,1.111434893224557,0.0,0.0
bbce11090c6d46c6b037412f0992c437,4.887170824512629,14.400000000000002,14.400000000000002,0.07500000000000018,0.44631699007098746,0.644573301934821,0.2942524058191093,0.039530467987060725,0.07499999999999996,1.1999999999999993,0.0,0.0,0.03192857385831775,0.07641390051157847,0.021550327906890477,0.004944849014281605,4.887170824512629,0.07499999999999996,4.812170824512629,0.4143884162126697
bc6f82d1a9c5435c991b9a2e807c2feb,1.5749999999999997,4.799999999999997,3.6000000000000014,0.0,0.24568528992216365,0.4798938771832894,0.05103678275545436,0.004465341567993164,1.5749999999999997,4.799999999999997,3.6000000000000014,0.0,0.24568528992216365,0.4798938771832894,0.05103678275545436,0.004465341567993164,1.5749999999999997,1.5749999999999997,0.0,0.0
bd074621e1ec42e29f7ce05d9d856b9f,0.9000000000000001,3.6000000000000014,3.6000000000000014,0.0,0.1901126567742285,0.26015787546997066,0.10678395467285329,0.00713109970092729,0.9750000000000003,3.6000000000000014,3.6000000000000014,0.0,0.16283740398034827,0.20717893569800575,0.10915792638387002,0.010892772674560014,0.9000000000000001,0.9750000000000003,-0.07500000000000018,0.02727525279388024
bdb6983a1de646f7b99519c7b4d496b1,0.7810660171779821,2.3999999999999986,0.0,0.07500000000000018,0.06079197635870435,0.13639027950906596,0.020544279577319906,0.013671684265136097,0.7810660171779821,2.3999999999999986,0.0,0.07500000000000018,0.06079197635870435,0.13639027950906596,0.020544279577319906,0.013671684265136097,0.7810660171779821,0.7810660171779821,0.0,0.0
be3ed10bdcc1453682ad6b2e801bb769,3.2249999999999996,8.399999999999999,8.399999999999999,0.0,0.5325050051297279,0.8667063630994954,0.3880903972366789,0.02414445877075222,3.0,7.199999999999996,7.199999999999996,0.0,0.5219350636004091,0.8555287161395382,0.3765701823698631,0.02374820709228631,3.2249999999999996,3.0,0.22499999999999964,0.010569941529318783
be71c94f123e4583878a8ff57618507c,0.0,0.0,0.0,0.0,1.1919022615228028,1.7915043006172908,0.6599503867990781,0.028554010391235618,0.0,0.0,0.0,0.0,0.507526259954738,0.8178488297250431,0.25238344204128943,0.016303110122680042,0.0,0.0,0.0,0.6843760015680648
bee0d4cacf74408fb40d47e10dff4a89,3.1499999999999995,7.199999999999996,7.199999999999996,0.0,0.3160557614810242,0.46904332292096634,0.20253975596608811,0.010136604309081587,0.6749999999999998,4.799999999999997,4.799999999999997,0.0,0.04398309736350548,0.11627727511472886,0.017410645894775752,0.007713460922240234,3.1499999999999995,0.6749999999999998,2.4749999999999996,0.27207266411751874
bfb2693692614652bb63879232fb971a,1.6500000000000001,6.0,4.800000000000004,0.0,0.16460504025096778,0.234729331689721,0.08885020294164202,0.008737707138061435,1.6500000000000001,6.0,4.800000000000004,0.0,0.1612515438318237,0.23055386912106846,0.08661057283078974,0.008725833892822443,1.6500000000000001,1.6500000000000001,0.0,0.003353496419144092
bff9e8fdca6f45949ed1a6fa1fb6957a,0.3927050983124841,2.6832815729997446,0.0,0.07499999999999973,0.04061237756962813,0.09572956794297612,0.012192322929857747,0.024059772491455078,0.3927050983124841,2.6832815729997446,0.0,0.07499999999999973,0.04061237756962813,0.09572956794297612,0.012192322929857747,0.024059772491455078,0.3927050983124841,0.3927050983124841,0.0,0.0
c086b130313346ffabc85727d0eeb883,0.5249999999999999,2.3999999999999986,0.0,0.0,0.06143319130938655,0.13512646759426364,0.040630724515345946,0.008634710311890892,1.65,3.6000000000000014,1.2000000000000028,0.0,0.21205404070584277,0.41687033352280894,0.02494639493944128,0.011227941513061612,0.5249999999999999,1.65,-1.125,-0.15062084939645623
c0d03923f3cc4a2f8955cbf16513d5d2,0.8847518456502248,3.7947331922020515,2.6832815729997477,0.2999999999999998,0.08539973995934942,0.16693536921166455,0.16693536921166455,0.023805570602415838,0.5371708245126285,3.7947331922020515,0.0,0.1499999999999999,0.05857528602316857,0.11395360439525075,0.07062718662847552,0.021413612365721146,0.8847518456502248,0.5371708245126285,0.34758102113759626,0.026824453936180853
c16a2a4f17dd4c98bc946950c16a481e,0.0,0.0,0.0,0.0,0.09233555613605571,0.13978296923995104,0.06827366021236307,0.004528427124023793,0.0,0.0,0.0,0.0,0.01965999801966609,0.05064272604162562,0.012056279392687603,0.0032549858093267048,0.0,0.0,0.0,0.07267555811638962
c347f1d1d7634931bc36445810a3a8e7,1.5749999999999997,7.199999999999999,7.199999999999999,0.0,0.20653445266767112,0.3085099402265526,0.20239417134728957,0.02122607231140128,0.07499999999999996,1.1999999999999993,0.0,0.0,0.08108682158983577,0.13366849856638038,0.055259421728502935,0.006831407546996626,1.5749999999999997,0.07499999999999996,1.4999999999999998,0.12544763107783535
c370568cda2d4161acd15ace5fcb1822,0.5250000000000001,2.3999999999999986,0.0,0.0,0.02720932517115311,0.0815263973496665,0.04098487184304568,0.009929609298705788,0.37500000000000044,1.2000000000000028,0.0,0.0,0.025727983569538513,0.06348472328637333,0.03970686584866928,0.010157489776610351,0.5250000000000001,0.37500000000000044,0.1499999999999997,0.0014813416016145955
c3859300cfef4d4286db5a6d0c40a68d,0.0,0.0,0.0,0.0,0.09449480620624232,0.15496439638045853,0.06437210293948532,0.0020985603332528413,0.0,0.0,0.0,0.0,0.12341038782192025,0.1857470920701918,0.08377384380200538,0.0017041683197027702,0.0,0.0,0.0,-0.028915581615677935
c43075940579430e8957f0be230b61e8,0.9749999999999994,2.3999999999999986,0.0,0.0,0.13187127026248588,0.27042775980228884,0.042386362151297464,0.010220861434935724,0.9749999999999994,2.3999999999999986,0.0,0.0,0.13187127026248588,0.27042775980228884,0.042386362151297464,0.010220861434935724,0.9749999999999994,0.9749999999999994,0.0,0.0
c49cbb185f9044719ea4cce3955caf39,0.8121320343559649,3.6000000000000014,0.0,0.22500000000000053,0.10963976288604012,0.21255927100890093,0.06326069382078832,0.009446239471434748,0.5999999999999999,3.6000000000000014,1.1999999999999957,0.07500000000000018,0.05418440185732001,0.1346435565723708,0.1346435565723708,0.004753303527831321,0.8121320343559649,0.5999999999999999,0.21213203435596506,0.05545536102872011
c4d496c9fb944890aa9f3cb0d17dd2a1,0.0,0.0,0.0,0.0,0.018749959513443104,0.036203810814576715,0.036203810814576715,0.010239315032959162,0.0,0.0,0.0,0.0,0.01730752584381072,0.031421465635176934,0.031421465635176934,0.009975385665892844,0.0,0.0,0.0,0.0014424336696323842
c5214b606e8f4808b702fc0341a9590c,0.9243416490252564,3.794733192202055,1.1999999999999957,0.14999999999999947,0.049817335110797306,0.10444805761172414,0.0725837424074602,0.00848350524902397,0.9993416490252564,3.794733192202055,1.1999999999999957,0.14999999999999947,0.05240483028937727,0.10253020186117512,0.08349236580406913,0.008036756515503285,0.9243416490252564,0.9993416490252564,-0.07499999999999996,-0.0025874951785799655
c66f9382a2b84b0683a0244e4193bcd4,0.8757464315497099,4.326661530556785,3.3941125496954285,0.5249999999999999,0.06450764444017099,0.10665650691595036,0.08678295667913415,0.03747711181640634,0.8757464315497099,4.326661530556785,3.3941125496954285,0.5249999999999999,0.06450764444017099,0.10665650691595036,0.08678295667913415,0.03747711181640634,0.8757464315497099,0.8757464315497099,0.0,0.0
c77dc6c7300546d5b06e7a003715de6b,0.0,0.0,0.0,0.0,0.25160811523903637,0.4562419133182089,0.11366232897675854,0.017090177536009055,0.0,0.0,0.0,0.0,0.3071887058818996,0.5580188499464123,0.1427000765987632,0.018049764633177645,0.0,0.0,0.0,-0.05558059064286325
c8c86914e28a450894834889bfe81f53,2.871060116811285,7.299315036357863,4.799999999999997,0.22500000000000053,0.46115929444865483,0.703835701537844,0.2652435575773902,0.026742124557495472,2.871060116811285,7.299315036357863,4.799999999999997,0.22500000000000053,0.43264261206695254,0.6758797115090464,0.2421310026370102,0.027467823028564542,2.871060116811285,2.871060116811285,0.0,0.028516682381702296
c9391a7a19e648a5a97fb66b44301771,0.5249999999999999,2.400000000000002,0.0,0.0,0.013890019973130443,0.040023490680572156,0.010494955738881801,0.003969097137451083,0.3750000000000002,2.4000000000000057,2.4000000000000057,0.0,0.1136087347974878,0.1975278344689317,0.06969196033008553,0.004275655746459606,0.5249999999999999,0.3750000000000002,0.1499999999999997,-0.09971871482435736
c9c16c6da913418584e88113e4fb0bb7,0.7500000000000004,2.3999999999999986,1.2000000000000028,0.0,0.15954407234285656,0.21114630953764077,0.10497397221102757,0.0034213542938221764,1.8750000000000004,3.6000000000000014,1.2000000000000028,0.0,0.3208688401069728,0.4076294219308587,0.2194277787225889,0.007000637054442205,0.7500000000000004,1.8750000000000004,-1.125,-0.16132476776411625
c9fa03983eff4a22b39756bdc3cb9e73,0.8999999999999995,3.599999999999998,0.0,0.0,0.22805498728145412,0.36001317968331764,0.17920007501658755,0.024542856216430486,0.07499999999999996,1.1999999999999993,0.0,0.0,0.11526677877260959,0.19699965712380424,0.12831000979097937,0.016549015045165483,0.8999999999999995,0.07499999999999996,0.8249999999999995,0.11278820850884454
ca3857e4430f428fbced795ba949edd3,0.0,0.0,0.0,0.0,0.20576538905051206,0.42640649625360005,0.016664436783797754,0.0076817035675040835,0.0,0.0,0.0,0.0,0.24839774409604845,0.37325588526623,0.19411492427653043,0.00580286979675293,0.0,0.0,0.0,-0.04263235504553639
ca3a8f16cd794eb8979bb4a6b61c77f7,0.38423292192132463,4.947726750741191,0.0,0.07500000000000018,0.07024300024788915,0.11861509603845402,0.08324316276221051,0.034448719024657404,0.30923292192132446,4.947726750741191,0.0,0.07500000000000018,0.061075789239249535,0.08937389617612124,0.08937389617612124,0.04387092590332031,0.38423292192132463,0.30923292192132446,0.07500000000000018,0.009167211008639618
ca7b70df065847fab0179df83eeb9cfa,4.074085848960242,7.199999999999996,6.0,0.22500000000000053,0.6826418867823265,1.0926333865456592,0.46763389522464177,0.04243412017822301,3.616659385440783,6.118823416311339,6.0,0.15000000000000036,0.6001889819795893,0.943465118415309,0.4106104836200559,0.030477476119995295,4.074085848960242,3.616659385440783,0.4574264635194587,0.08245290480273726
caadd7c231ac4c4b93e7447bc4d38c3f,1.4249999999999998,3.6000000000000014,1.2000000000000028,0.0,0.2759147377622636,0.48583619987436805,0.16564195589438696,0.0025225639343267048,0.8250000000000002,2.3999999999999986,1.2000000000000028,0.0,0.20858551315872592,0.303225280441111,0.21328107167723678,0.0028846263885498047,1.4249999999999998,0.8250000000000002,0.5999999999999996,0.06732922460353769
cacbc816033d4ad08c20cebb3fe84cc7,0.0,0.0,0.0,0.0,0.013081189379174178,0.03257266742460533,0.007636140549340301,0.002335596084594549,0.0,0.0,0.0,0.0,0.013288045448459088,0.031736268172243946,0.009211520030990192,0.0028437137603765095,0.0,0.0,0.0,-0.00020685606928490946
caf1afbc89944f168ac7caad1256a98d,0.2250000000000001,1.2000000000000028,0.0,0.0,0.08540936093776194,0.11942290363910019,0.06587625331966228,0.0067445755004866825,0.2250000000000001,1.2000000000000028,0.0,0.0,0.08540936093776194,0.11942290363910019,0.06587625331966228,0.0067445755004866825,0.2250000000000001,0.2250000000000001,0.0,0.0
cbf9f6f096d54c669702cbbc288ed271,0.825,2.4000000000000057,2.4000000000000057,0.0,0.14870556144038638,0.23433861552511323,0.0959361044747503,0.004228305816649236,0.22500000000000053,1.2000000000000028,0.0,0.0,0.03711133013735092,0.052566319198081815,0.03252902738036496,0.0024633407592768997,0.825,0.22500000000000053,0.5999999999999994,0.11159423130303546
cbfa055b0ab6448cb0037a8dd107c67d,1.100253478328248,4.326661530556781,2.4000000000000057,0.6000000000000001,0.05713289465753637,0.11478287803472718,0.008224020893411491,0.04431209564208993,1.100253478328248,4.326661530556781,2.4000000000000057,0.6000000000000001,0.05713289465753637,0.11478287803472718,0.008224020893411491,0.04431209564208993,1.100253478328248,1.100253478328248,0.0,0.0
cc1567e902724f82898f405601923c3c,0.5250000000000001,2.3999999999999986,0.0,0.0,0.11791676261600184,0.16809601975172137,0.05700406482340938,0.0052657127380379976,0.5250000000000001,2.3999999999999986,1.2000000000000028,0.0,0.11815140109291446,0.16636244226506022,0.09414580618284848,0.00408883094787571,0.5250000000000001,0.5250000000000001,0.0,-0.00023463847691261586
cc25ae7022d842a7915380a1791863f1,3.8296693311223913,9.67470929795826,9.67470929795826,0.07500000000000018,0.6813200838766084,1.0954659997621075,0.3341395760133629,0.007946205139159446,4.425000000000001,9.600000000000001,9.600000000000001,0.0,0.6524148193564925,1.0464290100005933,0.33034558489844384,0.009751224517822621,3.8296693311223913,4.425000000000001,-0.5953306688776094,0.02890526452011588
cd3039e0c2fb47d58e0b35ed4752afa2,0.37499999999999933,2.3999999999999986,1.1999999999999957,0.0,0.051164362864200105,0.1106994621465961,0.02158685588202885,0.010456323623657227,0.6964037464339532,4.947726750741196,4.947726750741196,0.1499999999999999,0.07839171085615068,0.16003799116955664,0.004490456299361812,0.006806945800780895,0.37499999999999933,0.6964037464339532,-0.32140374643395386,-0.027227347991950576
cd6a683d2b52441fb2b14310cda45403,0.0,0.0,0.0,0.0,0.13309157043327785,0.23162904880648916,0.08780967143246507,0.00609655380248908,0.0,0.0,0.0,0.0,0.1379598837271087,0.15546388401518055,0.14620254381962,0.002163076400756747,0.0,0.0,0.0,-0.0048683132938308615
cdb3180a9d704611af1cbd96c972ddf6,0.0,0.0,0.0,0.0,0.7729228755823456,1.2178107934713678,0.49009363105611065,0.01987223625183132,0.0,0.0,0.0,0.0,0.47561718483459564,0.797694229299906,0.2731010116146154,0.014261913299561169,0.0,0.0,0.0,0.29730569074775
cddc1dedd5274979ac1a4648b7d33c17,0.767705098312484,2.683281572999751,2.3999999999999986,0.07500000000000018,0.1218926330831432,0.18933424584947686,0.06467407489745126,0.017353391647338956,1.1548759228251126,3.7947331922020573,2.3999999999999986,0.15000000000000036,0.16378148394334102,0.23117004043950898,0.09079796542099848,0.02086315155029217,0.767705098312484,1.1548759228251126,-0.38717082451262863,-0.04188885086019782
cddd0ebad86a4a84b34f77e3b5640831,0.2999999999999998,2.3999999999999986,0.0,0.0,0.23081984477530199,0.4819485210365045,0.07038857029354763,0.04087958335876429,0.22499999999999987,2.3999999999999986,0.0,0.0,0.15269525526335526,0.3568324406281047,0.03640675847810619,0.033627748489378995,0.2999999999999998,0.22499999999999987,0.07499999999999996,0.07812458951194673
cdeb0825ebd5485583bac9499ad36dc2,0.3749999999999998,1.1999999999999993,0.0,0.0,0.026817977976959232,0.08691788789549247,0.0036290563018777293,0.003021097183227184,0.3749999999999998,1.1999999999999993,0.0,0.0,0.026817977976959232,0.08691788789549247,0.0036290563018777293,0.003021097183227184,0.3749999999999998,0.3749999999999998,0.0,0.0
ce22b1605a1c476796cb557856d72955,0.9310660171779828,3.6000000000000014,1.1999999999999957,0.07500000000000018,0.10319157609149868,0.166281985166692,0.06124584297873871,0.008158349990845526,0.1499999999999997,1.1999999999999993,1.1999999999999957,0.0,0.09080959731011545,0.12150322089103498,0.12150322089103498,0.008269643783569425,0.9310660171779828,0.1499999999999997,0.7810660171779831,0.012381978781383224
ce3c4d4dac814c58b90855902c287057,0.0,0.0,0.0,0.0,0.16933138251298388,0.29213054154884793,0.12109532709018013,0.008221578598022194,0.0,0.0,0.0,0.0,0.1886422105543538,0.30375517818560926,0.14315108996557696,0.00735297203063956,0.0,0.0,0.0,-0.01931082804136991
cf64f28355014134bb2e6be6169f22d6,1.2121708245126284,3.7947331922020506,1.1999999999999957,0.07500000000000018,0.12918344250577207,0.20255599132794408,0.1681362284150779,0.009272861480712269,0.9177050983124845,2.6832815729997477,1.1999999999999957,0.07500000000000018,0.07247929270665728,0.1440749425254968,0.11532101825127451,0.008418846130370916,1.2121708245126284,0.9177050983124845,0.2944657262001439,0.0567041497991148
cf684326b2c043ab95af3a90386aa5eb,0.4500000000000002,2.3999999999999986,0.0,0.0,0.11767239443201943,0.2659361745428308,0.13387043037265117,0.009564828872681286,1.1249999999999998,2.4000000000000057,0.0,0.0,0.17786567429091338,0.3804616752950862,0.08677746288998246,0.01493124961853054,0.4500000000000002,1.1249999999999998,-0.6749999999999996,-0.060193279858893944
cf82c314f3d64450ba6dcbff2adb1e50,0.9871708245126282,3.7947331922020573,1.2000000000000028,0.07500000000000018,0.20964740195365605,0.32546115219466354,0.1774874685552763,0.012427425384519797,0.9871708245126282,3.7947331922020573,1.2000000000000028,0.07500000000000018,0.2073237532827958,0.34482585040429986,0.15652113976171025,0.012079095840452858,0.9871708245126282,0.9871708245126282,0.0,0.0023236486708602677
cf8fc521689c4a48811a9d9439cc9016,2.4749999999999996,9.599999999999998,0.0,0.0,1.5421127650475657,2.229283293159355,0.9384134505793238,0.018458318710326882,2.4749999999999996,9.599999999999998,0.0,0.0,1.2873889392307754,1.835701573299513,0.7949550313970631,0.014186811447144176,2.4749999999999996,2.4749999999999996,0.0,0.2547238258167903
d0eed45f8dea47aba7ab2d12ff39a2e7,0.8423663521634277,7.683749084919417,0.0,0.6000000000000001,0.11877314197021135,0.18472639392831472,0.06847955563432286,0.05647945404052779,0.8600714504759123,7.683749084919417,0.0,0.6000000000000001,0.10903703177786658,0.1890723830800097,0.09468046911587842,0.09273090362548864,0.8423663521634277,0.8600714504759123,-0.01770509831248457,0.009736110192344771
d1b8d295905640f8a777f8f5fa8af227,0.30000000000000027,2.3999999999999986,0.0,0.0,0.04370513051791905,0.09463861750738209,0.09396232554836276,0.006923389434814187,0.2427050983124844,2.6832815729997477,0.0,0.15000000000000036,0.040292801923720895,0.08170013168757015,0.07970615139762338,0.007352542877197443,0.30000000000000027,0.2427050983124844,0.05729490168751586,0.003412328594198155
d233a22c8c4546e5a5dd38c3d7452bce,9.63594169903978,17.999999999999996,17.999999999999996,3.825,0.8446946137780409,1.2197646339283947,0.7080137421359641,0.247385787963867,9.5130053574997,17.999999999999996,17.999999999999996,3.6750000000000003,0.8367416048049838,1.249813489457077,0.6793519606490934,0.245275497436523,9.63594169903978,9.5130053574997,0.12293634154007904,0.007953008973057063
d252db5e41664c1f86b57d33439d51c4,1.7999999999999996,8.399999999999999,0.0,0.0,1.3249631342778287,1.8568954533465265,0.8682417107050271,0.02112665176391637,1.7999999999999996,8.399999999999999,0.0,0.0,1.1351631751256002,1.6049056278337814,0.7176361084568369,0.015343809127807972,1.7999999999999996,1.7999999999999996,0.0,0.18979995915222858
d2a4585e7ca845a5a2b7449545529e31,0.1499999999999997,1.1999999999999993,1.1999999999999957,0.0,0.015626942969774568,0.05097916119627581,0.02203924816998786,0.0026309967041009408,0.30000000000000027,1.2000000000000028,0.0,0.0,0.03552202106054375,0.07217128486976832,0.018140936509916317,0.003487014770508612,0.1499999999999997,0.30000000000000027,-0.15000000000000058,-0.019895078090769184
d35ed5d740c44d1fa3560e3edc511939,0.0,0.0,0.0,0.0,0.18821250353188573,0.23865387973787924,0.23865387973787924,0.006010293960570845,0.0,0.0,0.0,0.0,0.17898342931279299,0.24963854670479768,0.24963854670479768,0.013392591476439897,0.0,0.0,0.0,0.009229074219092748
d3b3b874ae6c44088e3b41ba0c9c0460,0.30000000000000004,1.2000000000000028,0.0,0.0,0.04895866124163733,0.08507866607545184,0.01357811489810781,0.0010574340820301842,0.3750000000000002,1.2000000000000028,0.0,0.0,0.054963263202855175,0.08421150823631025,0.01898940121929479,0.0014279365539553446,0.30000000000000004,0.3750000000000002,-0.07500000000000018,-0.006004601961217847
d3bb2a6ce8624b858a8ef27e0f2b058b,0.2999999999999998,3.6000000000000014,3.6000000000000014,0.0,0.052950053343273254,0.09541402903657684,0.08211506236160089,0.005538511276245384,0.5999999999999999,2.3999999999999986,0.0,0.0,0.18788740808613236,0.3461693151634372,0.12609519121296167,0.0061343193054193,0.2999999999999998,0.5999999999999999,-0.30000000000000004,-0.13493735474285912
d3d4393a9bfb4441b7fb9aedd3330c29,0.5249999999999999,3.5999999999999943,0.0,0.0,0.1051584739583069,0.17748263236534728,0.04832701014174693,0.0019197463989262253,0.5249999999999999,3.5999999999999943,0.0,0.0,0.1051584739583069,0.17748263236534728,0.04832701014174693,0.0019197463989262253,0.5249999999999999,0.5249999999999999,0.0,0.0
d4a4b3808e7944ea930fad2b9f3226a6,0.3749999999999998,2.3999999999999986,1.1999999999999957,0.07500000000000018,0.069372256626229,0.12179527803820275,0.07472233138765642,0.013309049606323509,0.573771115490466,2.6832815729997477,0.0,0.15000000000000036,0.08303677330389368,0.1298498584348373,0.04901254514401611,0.015169858932494229,0.3749999999999998,0.573771115490466,-0.19877111549046622,-0.013664516677664676
d4e73890aaaa4518b868109ee8d22da3,0.4500000000000002,2.3999999999999986,0.0,0.0,0.09616089687164318,0.2816986156883771,0.04602407707847642,0.00875201225280664,0.4500000000000002,2.3999999999999986,0.0,0.0,0.09990224983992613,0.2846053309306531,0.03217695905304012,0.010218286514281694,0.4500000000000002,0.4500000000000002,0.0,-0.0037413529682829433
d51683a5d04540968046c8c27981be9f,0.7060660171779816,1.697056274847718,0.0,0.07500000000000018,0.14552473956226197,0.20536557350344434,0.13276913413483477,0.012645435333251243,0.7060660171779816,1.697056274847718,0.0,0.07500000000000018,0.14669496012489078,0.20637396254010912,0.133237935325651,0.011946916580200195,0.7060660171779816,0.7060660171779816,0.0,-0.0011702205626288043
d51b6664d4734749bea587389128dfa4,0.21213203435596445,1.6970562748477156,0.0,0.15000000000000036,0.04648673550990625,0.0684431636878304,0.033842528941819626,0.025515890121460494,0.21213203435596445,1.6970562748477156,0.0,0.15000000000000036,0.04648673550990625,0.0684431636878304,0.033842528941819626,0.025515890121460494,0.21213203435596445,0.21213203435596445,0.0,0.0
d54cb423c33a4b57b26f62ce37a99cfa,0.8999999999999995,3.599999999999998,3.599999999999998,0.0,0.2636875823837507,0.4384137347589782,0.20154797075321274,0.015796279907226207,1.7999999999999998,4.800000000000001,4.800000000000001,0.0,0.1748122932765696,0.24543160890962765,0.24044232978365995,0.011809015274047319,0.8999999999999995,1.7999999999999998,-0.9000000000000004,0.08887528910718107
d5e1396d445b449e87aaf389182c5aa3,3.1500000000000004,8.399999999999999,6.0,0.0,0.4014254772127127,0.6238479147456646,0.22172048252304757,0.008128023147581764,2.625,6.0,6.0,0.0,0.3838885670251669,0.5961654170728177,0.24144173397222474,0.009894990921020419,3.1500000000000004,2.625,0.5250000000000004,0.01753691018754583
d5fe241009d44048a5b353ea62991d0f,0.4500000000000002,2.3999999999999986,1.2000000000000028,0.07500000000000018,0.07305961614822276,0.1360687620692634,0.050520762049022484,0.016834402084350497,0.5999999999999999,2.3999999999999986,0.0,0.0,0.11305498982852323,0.19892868233350172,0.06491945216961008,0.015616035461424982,0.4500000000000002,0.5999999999999999,-0.1499999999999997,-0.03999537368030047
d68a77aecb344f8daece8b4f49952309,1.0274181538060456,3.794733192202056,0.0,0.44999999999999996,0.12599550690271397,0.22025746965417742,0.1723775648960834,0.05221939086914018,1.0274181538060456,3.794733192202056,0.0,0.44999999999999996,0.12599550690271397,0.22025746965417742,0.1723775648960834,0.05221939086914018,1.0274181538060456,1.0274181538060456,0.0,0.0
d68e378d210a42e4a1340f034140e8cc,0.0,0.0,0.0,0.0,0.02541452407561204,0.05155716258501298,0.04183984126181456,0.01022429466247532,0.0,0.0,0.0,0.0,0.032007508202243795,0.06091452706281557,0.047130850197978365,0.013126230239868697,0.0,0.0,0.0,-0.006592984126631757
d6cfd121af0b4da893057dae97b0c744,0.6310660171779823,2.3999999999999986,1.2000000000000028,0.07500000000000018,0.057138112851751494,0.15635883333342163,0.07019449199448298,0.0103280067443845,0.5121320343559643,2.3999999999999986,0.0,0.15000000000000036,0.04407431771472759,0.12589404095245324,0.03968312961516302,0.015122795104979492,0.6310660171779823,0.5121320343559643,0.11893398282201795,0.013063795137023902
d6f301139d6a4ab6bcdeadb3267cea1e,0.30000000000000027,2.3999999999999986,0.0,0.0,0.0917342776571814,0.17820962129895904,0.12151434751579453,0.009106779098510653,0.2250000000000001,2.3999999999999986,0.0,0.0,0.1280755399333862,0.207548354772545,0.18184008154573128,0.007636356353760476,0.30000000000000027,0.2250000000000001,0.07500000000000018,-0.036341262276204794
d778d608ec584bb19e63dc955ad32a90,0.07499999999999996,1.1999999999999993,0.0,0.0,0.061666528075867096,0.11646966878788706,0.006343749430449355,0.007855939865111683,0.38717082451262896,3.7947331922020573,3.7947331922020573,0.22500000000000053,0.033446785497494066,0.07742069302305585,0.038318084522976754,0.016132593154906782,0.07499999999999996,0.38717082451262896,-0.312170824512629,0.02821974257837303
d7f023cebff64a64956e486bc608383d,0.0,0.0,0.0,0.0,0.7847633842274857,1.168904981744266,0.5342841450972889,0.011252546310423828,0.0,0.0,0.0,0.0,0.1753285463348963,0.27340556677762407,0.1383216611965525,0.009179735183715731,0.0,0.0,0.0,0.6094348378925893
d87440c539d841bcae6c49eef4b75724,0.22499999999999964,1.2000000000000028,1.2000000000000028,0.0,0.05800928839321029,0.1189047274091833,0.019822542482007596,0.0013545513153068178,0.22499999999999964,1.2000000000000028,1.2000000000000028,0.0,0.05800928839321029,0.1189047274091833,0.019822542482007596,0.0013545513153068178,0.22499999999999964,0.22499999999999964,0.0,0.0
d90479b1116147de9244fc9faeb3c6cc,2.7243416490252566,8.399999999999999,8.399999999999999,0.15000000000000036,0.33688378144752645,0.647374826978092,0.0498759105458537,0.034317398071288974,1.1604101966249685,3.6000000000000014,3.6000000000000014,0.15000000000000036,0.2608589408458851,0.5071818841404689,0.06986693968113711,0.03708944320678764,2.7243416490252566,1.1604101966249685,1.563931452400288,0.07602484060164133
d9ab75f6eff74071812c9e8c5d091553,1.6499999999999992,7.199999999999999,0.0,0.0,0.11885462459605534,0.38224232424794635,0.014135468127013785,0.0053938865661620206,0.6749999999999996,3.599999999999998,0.0,0.0,0.11885223244888846,0.38631400654493836,0.012761403797469383,0.005396461486815163,1.6499999999999992,0.6749999999999996,0.9749999999999996,2.3921471668797434e-06
d9bc9c46b0d44cb09757ff9dbb6bb1dc,0.5914762138029508,2.6832815729997477,0.0,0.22499999999999964,0.04479080983584585,0.06435163455117811,0.05393621593994299,0.022503232955932262,0.07499999999999996,1.1999999999999993,0.0,0.0,0.030233620167879758,0.08105461815750753,0.036919727415849396,0.0093755722045894,0.5914762138029508,0.07499999999999996,0.5164762138029508,0.014557189667966094
da2afef1b0fa4340abfe23843d6cc4f8,0.0,0.0,0.0,0.0,0.07444348178495705,0.11667901766079927,0.05782532711252382,0.0023464679718014914,0.0,0.0,0.0,0.0,0.038689902737527704,0.06905470410112442,0.019369516692723264,0.0017158985137952776,0.0,0.0,0.0,0.035753579047429346
da3c26d4d7c44efc83d854be98efb5d7,1.4250000000000003,3.5999999999999943,1.2000000000000028,0.0,0.19048267688878281,0.3039063578246316,0.0796528547962685,0.0032474040985115415,1.4250000000000003,3.5999999999999943,1.2000000000000028,0.0,0.19048267688878281,0.3039063578246316,0.0796528547962685,0.0032474040985115415,1.4250000000000003,1.4250000000000003,0.0,0.0
da5d7b805cdc4258b39673c199ef4408,3.082426463519459,6.118823416311343,3.6000000000000014,0.07500000000000018,0.524038334641696,0.9147254276135847,0.23780168161571413,0.016134166717529208,3.981207189772366,7.299315036357867,7.200000000000003,0.07500000000000018,0.6764637906291956,1.1247352122082144,0.3223758345093669,0.028695631027221502,3.082426463519459,3.981207189772366,-0.8987807262529071,-0.15242545598749957
db28b78ad54d4ec1a5959e285a0a726c,1.0252534783282476,4.326661530556785,0.0,0.375,0.2433310515026737,0.4241766651706189,0.1762540122845889,0.02264328002929661,4.647645991706144,31.55709112069742,31.55709112069742,3.7875000000000005,0.22511882424723928,0.3829929873950733,0.1115274285075841,0.02470350265502841,1.0252534783282476,4.647645991706144,-3.6223925133778963,0.01821222725543442
db2f0c648d724b38b97e4be53c30c14c,0.07499999999999996,1.1999999999999993,0.0,0.0,1.182238954279799,1.7670662459368487,0.6872675782012576,0.015291595458984286,0.07499999999999996,1.1999999999999993,0.0,0.0,1.0319353598103245,1.525239108500909,0.6145855659132216,0.009108209609985707,0.07499999999999996,0.07499999999999996,0.0,0.1503035944694746
db655797a4be45e69c6d0c11b07012c9,0.47987592282511277,3.7947331922020573,0.0,0.15000000000000036,0.06547585274560416,0.1399487282873275,0.08716177515315583,0.009974384307861683,0.47987592282511277,3.7947331922020573,0.0,0.15000000000000036,0.0757010950351833,0.14659096225543952,0.0873435586363639,0.006860733032226118,0.47987592282511277,0.47987592282511277,0.0,-0.010225242289579134
dbf325464bcb4f5da8b523e5d5b70571,0.5604101966249679,2.6832815729997446,0.0,0.14999999999999947,0.18163135097518962,0.27773921342147856,0.23532423157625218,0.019735193252564454,0.34877111549046624,2.6832815729997446,0.0,0.1499999999999999,0.09732508372660358,0.16535383827120026,0.10009713259129224,0.013193035125732333,0.5604101966249679,0.34877111549046624,0.2116390811345017,0.08430626724858604
dc53f0d721694157832cc9fc73daa275,0.22500000000000053,1.2000000000000028,0.0,0.0,0.014419921161192121,0.02404387160348083,0.02350705253759012,0.001648807525635565,0.22500000000000053,1.2000000000000028,0.0,0.0,0.020982686620390052,0.03208218528411746,0.020416074632229785,0.0035561084747319782,0.22500000000000053,0.22500000000000053,0.0,-0.006562765459197931
dc716f0a1f43461882972185183fc59a,0.0,0.0,0.0,0.0,0.2520146690531146,0.4841051486570914,0.0766485934588174,0.012207269668579102,0.0,0.0,0.0,0.0,0.13365765209095992,0.31556279111495417,0.015303378624889027,0.009454393386840287,0.0,0.0,0.0,0.11835701696215467
dc7a30c214b74b4c9e66aff9c031e650,1.3499999999999992,3.599999999999998,0.0,0.0,0.1403110524569292,0.2996042631936709,0.06872131397053652,0.00937814712524343,1.3499999999999992,3.599999999999998,0.0,0.0,0.11084313343129953,0.264875362466364,0.04827816257454646,0.011078023910522372,1.3499999999999992,1.3499999999999992,0.0,0.029467919025629674
dd2a7d0d03ae41d8b253063ac65b352b,7.646748909702568,31.771685507696944,31.771685507696944,1.35,0.2433374808309702,0.38420344424129493,0.1831302444623942,0.022815513610839666,7.646748909702568,31.771685507696944,31.771685507696944,1.35,0.2433374808309702,0.38420344424129493,0.1831302444623942,0.022815513610839666,7.646748909702568,7.646748909702568,0.0,0.0
dd5ee2902c8f4fbda194166b113fa1d5,0.0,0.0,0.0,0.0,0.11093877651578488,0.1602893614906332,0.112913801289551,0.08421435356140083,0.0,0.0,0.0,0.0,0.11814781994414789,0.20447986771982898,0.09842939484491862,0.08642706871032635,0.0,0.0,0.0,-0.00720904342836301
de8939d47a33454c93802e48984dfd0c,3.9749999999999996,9.600000000000001,9.600000000000001,0.0,0.5727964239976675,0.9238113369736944,0.264390800506745,0.008537149429320934,4.731207189772367,9.600000000000001,9.600000000000001,0.07500000000000018,0.7320650139213141,1.1897954492755776,0.38615683924403293,0.011381292343139116,3.9749999999999996,4.731207189772367,-0.7562071897723674,-0.15926858992364656
de9b8cb7b73f4c3185810cbfa709b581,0.1499999999999997,1.1999999999999993,1.1999999999999957,0.0,0.012789265824890435,0.03802361331548713,0.03802361331548713,0.003243112564085937,0.37499999999999956,1.2000000000000028,1.1999999999999957,0.0,0.047617211130759986,0.06428604533428174,0.045684856021074,0.0028624534606946916,0.1499999999999997,0.37499999999999956,-0.22499999999999987,-0.03482794530586955
deda9a86f9b6415f87902aeede40297f,2.1053300858899107,8.48528137423857,8.48528137423857,0.07500000000000018,0.3283389758503749,0.601292103867633,0.17427482966659913,0.008953857421874822,2.705330085889911,8.48528137423857,8.48528137423857,0.07500000000000018,0.40894229742241966,0.6953851166575761,0.20027821592050984,0.008340597152710849,2.1053300858899107,2.705330085889911,-0.6000000000000005,-0.08060332157204475
df0dbb5594c645ccb22a78c8a4fb01c3,0.6048371326684487,2.6832815729997477,2.3999999999999986,0.3000000000000007,0.03929606311748832,0.07376264214778021,0.03423147012778723,0.017126798629761186,0.8298371326684484,2.6832815729997477,2.3999999999999986,0.3000000000000007,0.06675166197535781,0.10074091410990038,0.06577417202493914,0.01605749130249068,0.6048371326684487,0.8298371326684484,-0.22499999999999964,-0.027455598857869495
df1322915fd545e391a31d837f092a21,0.5371708245126283,3.7947331922020484,1.2000000000000028,0.07499999999999973,0.03474826776631992,0.06857843553199841,0.018027184995592794,0.008584499359131748,0.5371708245126283,3.7947331922020484,1.2000000000000028,0.07499999999999973,0.03474826776631992,0.06857843553199841,0.018027184995592794,0.008584499359131748,0.5371708245126283,0.5371708245126283,0.0,0.0
dfb307a2f651452396d6636774d07bf3,0.0,0.0,0.0,0.0,0.023351812180121216,0.043862254090602355,0.040275598913681404,0.002963876724244141,0.0,0.0,0.0,0.0,0.023351812180121216,0.043862254090602355,0.040275598913681404,0.002963876724244141,0.0,0.0,0.0,0.0
dff1f7b7bb5740e7afbacd0532234892,0.44999999999999996,2.3999999999999986,0.0,0.15000000000000036,0.014079684248776758,0.027979361210212942,0.006601646138187062,0.004040479660033736,0.31770509831248417,2.6832815729997477,0.0,0.07500000000000018,0.035466249386062285,0.05921539370515003,0.02485709395298157,0.002365779876709606,0.44999999999999996,0.31770509831248417,0.1322949016875158,-0.021386565137285526
e0359b8fff1b4dcd80b4c42b427017b0,0.0,0.0,0.0,0.0,0.37663581605805796,0.48534640463982376,0.20610852611608005,0.006651449203490145,0.0,0.0,0.0,0.0,0.1425788176268134,0.22783704058209603,0.12112180685714163,0.01013760566711408,0.0,0.0,0.0,0.23405699843124456
e0b36d5176c148a3b5d3433b660efbf1,0.6492640687119291,1.697056274847718,1.697056274847718,0.37500000000000044,0.0963768475623779,0.1764825228258105,0.05669099954410799,0.05814828872680522,0.6492640687119291,1.697056274847718,1.697056274847718,0.37500000000000044,0.09672586875100178,0.17877849675702256,0.05605119824037988,0.058673143386841264,0.6492640687119291,0.6492640687119291,0.0,-0.0003490211886238853
e116c259bf3c453cbcc6c76e9ca6042f,3.759761539685087,12.97998459167036,0.0,1.8750000000000009,0.019898183777599197,0.049617609431605654,0.012417673039042412,0.00724096298217658,3.759761539685087,12.97998459167036,0.0,1.8750000000000009,0.019898183777599197,0.049617609431605654,0.012417673039042412,0.00724096298217658,3.759761539685087,3.759761539685087,0.0,0.0
e12fcf96194e4bf9beaf357beb424d02,0.07499999999999973,1.1999999999999957,0.0,0.0,0.014316738827285892,0.029739336275054665,0.006577844556366118,0.003930187225341886,2.0249999999999995,4.799999999999997,0.0,0.0,0.24955711893400373,0.35722465864631575,0.13026481222800282,0.0024898052215580613,0.07499999999999973,2.0249999999999995,-1.9499999999999997,-0.23524038010671783
e203a50f5a2441aebd2104ae235e26d9,0.0,0.0,0.0,0.0,0.10026980615839956,0.19158928891243196,0.051306717601988946,0.009998703002929599,0.0,0.0,0.0,0.0,0.10026980615839956,0.19158928891243196,0.051306717601988946,0.009998703002929599,0.0,0.0,0.0,0.0
e256cf1605074ced9afc24d78efd5449,0.4987711154904665,2.6832815729997477,2.6832815729997477,0.15000000000000036,0.0883651643888479,0.22060776249578518,0.06359369284853049,0.009862804412841708,0.3749999999999998,1.2000000000000028,0.0,0.0,0.12197684660007466,0.22202465893343912,0.1344799807211828,0.01049337387084881,0.4987711154904665,0.3749999999999998,0.12377111549046671,-0.03361168221122676
e28f9cf0b4364265b27bd8be6ce5b0dd,3.3046693311223914,9.67470929795826,9.67470929795826,0.07500000000000018,0.5643874086106269,0.8350405316468459,0.4216818267160377,0.02293152809143084,1.7999999999999996,3.6000000000000014,3.6000000000000014,0.0,0.3460474949030086,0.5446580556280588,0.22963502402148558,0.011834764480592064,3.3046693311223914,1.7999999999999996,1.5046693311223918,0.21833991370761824
e3b3a7a870574ce096721f8d7d149e0b,0.375,4.799999999999997,0.0,0.0,0.04322284503252589,0.1493381137693856,0.0363045200204514,0.006553173065185547,0.15000000000000036,1.2000000000000028,0.0,0.0,0.04298441494646617,0.11339559968140013,0.04147440018588623,0.006830406188964577,0.375,0.15000000000000036,0.22499999999999964,0.00023843008605971966
e3e8620024894ed6aa6f9a5cc1d8768e,0.5464037464339531,4.947726750741191,0.0,0.15000000000000036,0.04538450360611355,0.0679608533645838,0.06350183853468652,0.012906074523925781,0.8464037464339527,4.947726750741191,0.0,0.15000000000000036,0.06744207719126466,0.1235730943291175,0.03595240915534683,0.01064658164977983,0.5464037464339531,0.8464037464339527,-0.2999999999999996,-0.022057573585151112
e3ed49fbeb5f4c55a43d511366a00a48,0.6750000000000003,2.3999999999999986,1.2000000000000028,0.0,0.10438509034458066,0.17254256746722463,0.06431711839015766,0.002270078659057262,0.6750000000000003,2.3999999999999986,1.2000000000000028,0.0,0.10438509034458066,0.17254256746722463,0.06431711839015766,0.002270078659057262,0.6750000000000003,0.6750000000000003,0.0,0.0
e41404a0197e46d8bdb654ba93627cdb,1.01189255946275,4.3266615305567875,0.0,0.375,0.10862647605171649,0.20229254152512,0.18820981711443457,0.04932618141174361,1.01189255946275,4.3266615305567875,0.0,0.375,0.10862647605171649,0.20229254152512,0.18820981711443457,0.04932618141174361,1.01189255946275,1.01189255946275,0.0,0.0
e471aaf2fed44636b543e9aebd427664,0.0,0.0,0.0,0.0,1.0275963581228487,1.587358229581392,0.5848550658708803,0.02702822685241557,0.6749999999999996,3.599999999999998,0.0,0.0,1.1908462093892498,1.8256161411914293,0.7023306221631516,0.024084234237669033,0.0,0.6749999999999996,-0.6749999999999996,-0.16324985126640112
e4da10b6200f404fa340ed1a07177c89,0.8250000000000008,3.6000000000000014,3.6000000000000014,0.0,0.20466705968352877,0.4308852661609363,0.07781232797757207,0.004256200790406339,0.5250000000000008,3.6000000000000014,3.6000000000000014,0.0,0.16964742118084208,0.35506523414767,0.06267947192928881,0.005626344680786044,0.8250000000000008,0.5250000000000008,0.30000000000000004,0.03501963850268669
e4f5831c844f4ee38d09837b0dc62f93,0.2999999999999998,1.2000000000000028,1.2000000000000028,0.0,0.05498633636489566,0.11338887875431355,0.06059211628893046,0.005239391326904652,0.3750000000000002,2.400000000000002,0.0,0.0,0.050203392606087846,0.08658126951246792,0.052970534263997705,0.002122306823730824,0.2999999999999998,0.3750000000000002,-0.0750000000000004,0.004782943758807813
e578bc5505b94ead8126cdc69730e64e,0.22499999999999987,1.2000000000000028,0.0,0.0,0.1043938778731918,0.1956290267129737,0.017152185492107497,0.006841135025024592,0.44999999999999996,1.2000000000000028,0.0,0.0,0.18992328420549034,0.3391596753870872,0.05042031516852938,0.003964376449586471,0.22499999999999987,0.44999999999999996,-0.2250000000000001,-0.08552940633229854
e66e2be809cc463384cdee4c86f66430,0.842705098312484,2.683281572999751,1.2000000000000028,0.07500000000000018,0.2884386900532585,0.3909632604633982,0.18583718939964824,0.017257404327391868,2.136512473537886,4.800000000000004,4.800000000000004,0.22500000000000053,0.466756946200206,0.6744056868250591,0.349316382471459,0.03614487648010245,0.842705098312484,2.136512473537886,-1.293807375225402,-0.17831825614694752
e691aa5350704584803ae3b3aebcd6e9,0.3749999999999998,1.2000000000000028,0.0,0.0,0.07350495976834692,0.15557981294578904,0.025415700716974913,0.007963800430297319,0.3749999999999998,1.2000000000000028,0.0,0.0,0.07350495976834692,0.15557981294578904,0.025415700716974913,0.007963800430297319,0.3749999999999998,0.3749999999999998,0.0,0.0
e6c7984c3dab4aed84fcd62f209a5086,0.3750000000000002,2.3999999999999986,0.0,0.0,0.043970895616092756,0.10271736031771776,0.05115436794103668,0.0024471759796145243,0.3750000000000002,2.3999999999999986,0.0,0.0,0.043970895616092756,0.10271736031771776,0.05115436794103668,0.0024471759796145243,0.3750000000000002,0.3750000000000002,0.0,0.0
e772ba54f9514da4810e513149ce6fe3,0.42377111549046653,2.6832815729997477,0.0,0.15000000000000036,0.06400038371235917,0.11752608707770973,0.04446271010516777,0.008227014541625888,0.4060660171779824,2.3999999999999986,0.0,0.07500000000000018,0.0655792913610673,0.15178646117327657,0.018578182265387527,0.007593441009521751,0.42377111549046653,0.4060660171779824,0.017705098312484124,-0.0015789076487081333
e8047e5dbf074f9cb981164c9d2d1f1f,0.2250000000000001,1.2000000000000028,0.0,0.0,0.05492113740754579,0.12745742830732454,0.005174250927545095,0.005263710021972567,0.2250000000000001,1.2000000000000028,0.0,0.0,0.05492113740754579,0.12745742830732454,0.005174250927545095,0.005263710021972567,0.2250000000000001,0.2250000000000001,0.0,0.0
e92a9c1aa6bd4d449ae6a6ab99b4fb3c,0.9177050983124843,4.799999999999997,4.799999999999997,0.07500000000000018,0.14236051185944432,0.20915272744581404,0.07792913586377669,0.015060567855835316,0.1499999999999999,1.1999999999999993,0.0,0.0,0.08243069099990616,0.166356372703982,0.021210064301967927,0.011491155624390625,0.9177050983124843,0.1499999999999999,0.7677050983124843,0.05992982085953816
e961b547d4514eb3bab9debf6191bff0,2.925,7.200000000000003,7.199999999999996,0.0,0.33591161196746816,0.4146920300513326,0.27796599419222,0.005378723144531694,1.875,6.0,6.0,0.0,0.209412966428316,0.270769494183323,0.17301520150297242,0.00341033935546875,2.925,1.875,1.0499999999999998,0.12649864553915216
e9790d775ba34509ba79d97344f11bfc,0.0,0.0,0.0,0.0,0.20489240471968728,0.2894558332944926,0.19499841014206354,0.0034262180328372693,0.0,0.0,0.0,0.0,0.15532021663226236,0.21422080654650028,0.16294621256232938,0.0030230998992917257,0.0,0.0,0.0,0.04957218808742492
e9917b5c818042fd9de5ba5789024f4c,0.9750000000000003,3.599999999999998,0.0,0.0,0.1475453311675783,0.28156154339761996,0.07919953768933163,0.003202915191651279,1.3499999999999999,3.599999999999998,1.1999999999999957,0.0,0.17637822416235435,0.30835764732610316,0.1341488065280346,0.0031974792480466974,0.9750000000000003,1.3499999999999999,-0.37499999999999956,-0.028832892994776066
ea0fd790654b417fa8501ed27691e470,0.2250000000000001,3.6000000000000014,0.0,0.0,0.032734492996393735,0.07149911013124947,0.07149911013124947,0.004794931411742365,0.40606601717798263,3.6000000000000014,1.2000000000000028,0.15000000000000036,0.03998014486736959,0.056316059222513815,0.04340692020490503,0.006781911849975675,0.2250000000000001,0.40606601717798263,-0.18106601717798254,-0.007245651870975853
ea18c2675c464907a0328f7018e3f09b,1.6770509831248421,10.73312629199899,10.73312629199899,0.7499999999999996,0.08037217147835758,0.14490541109523383,0.07000755418109143,0.04050579071044913,1.8525827265029682,10.73312629199899,10.73312629199899,0.8249999999999997,0.07138111870575714,0.09829929350881952,0.0954615739558951,0.051984214782714755,1.6770509831248421,1.8525827265029682,-0.17553174337812605,0.008991052772600441
ea623fca2159452e95764488d0198e01,0.5999999999999999,1.2000000000000028,0.0,0.07500000000000018,0.10474627979124668,0.2450245855018897,0.03395515387475772,0.06345105171203524,0.7810660171779819,1.6970562748477156,0.0,0.15000000000000013,0.11902332571791013,0.24505518246455585,0.033999536966288185,0.03538899421691921,0.5999999999999999,0.7810660171779819,-0.18106601717798199,-0.014277045926663456
eacae173a84341ef99ed1e504ee8c5ce,0.07500000000000018,1.2000000000000028,0.0,0.0,0.023348246647036962,0.04174607046367699,0.011339996238479954,0.003856658935546875,0.07500000000000018,1.2000000000000028,0.0,0.0,0.017742878431037,0.055964260529961236,0.01588294706933702,0.004384374618530806,0.07500000000000018,0.07500000000000018,0.0,0.0056053682159999604
eadccf56ddb0498ca3ef4c10b4f1d5fa,0.8575483800157633,4.3266615305567875,1.1999999999999993,0.5249999999999999,0.17541230613828762,0.3721042451981029,0.12617307636003472,0.015703153610230114,0.8575483800157633,4.3266615305567875,1.1999999999999993,0.5249999999999999,0.1813902253363685,0.3850994628178664,0.12551492774803882,0.01684756278991717,0.8575483800157633,0.8575483800157633,0.0,-0.005977919198080883
eade13bbfa434509ba0de2bc6f1f80f7,1.7249999999999996,3.6000000000000014,0.0,0.0,0.23377632531326084,0.4112553689058708,0.12963673808385218,0.013830900192260298,0.5999999999999994,2.3999999999999986,0.0,0.0,0.08457535898090608,0.18187131443464807,0.05117332901417451,0.011103630065915304,1.7249999999999996,0.5999999999999994,1.1250000000000002,0.14920096633235475
eb199c31a7d04065950832a70c52b03d,2.25,6.0,3.6000000000000014,0.0,0.4676536178476772,0.7031826020279396,0.3041829713069055,0.024715805053710405,2.5500000000000003,6.0,3.6000000000000014,0.0,0.5090277580112836,0.8116833120109286,0.3014890005272939,0.028819799423216885,2.25,2.5500000000000003,-0.30000000000000027,-0.04137414016360641
eb4f3452518141a688b3243baa2f2f5f,2.0493416490252567,3.7947331922020573,2.3999999999999986,0.15000000000000036,0.4972553934552699,0.8775095596089088,0.25623321046612013,0.021964931488036132,2.868465843842649,4.947726750741194,4.799999999999997,0.15000000000000036,0.6041985469557134,0.9737958216651257,0.3557660905634949,0.028318262100218927,2.0493416490252567,2.868465843842649,-0.8191241948173924,-0.10694315350044348
eb6b65bba724437482ea88a0ddf75fe3,0.75,2.400000000000002,0.0,0.0,0.1415172130335111,0.24706971854959964,0.05799357937726905,0.004915809631347301,0.75,2.400000000000002,0.0,0.0,0.1415172130335111,0.24706971854959964,0.05799357937726905,0.004915809631347301,0.75,0.75,0.0,0.0
ec54ea277df94826953a7bba154b6ca4,0.6000000000000001,1.2000000000000028,0.0,0.0,0.17475242824431375,0.291897100169972,0.1628856597019665,0.009878683090210671,0.30000000000000004,1.2000000000000028,0.0,0.0,0.11672895002053174,0.16059171292412835,0.1166657742455704,0.005588722229004528,0.6000000000000001,0.30000000000000004,0.30000000000000004,0.05802347822378201
eda4d0b31b36438f8cd882456a27b698,0.6177050983124838,3.5999999999999943,3.5999999999999943,0.07500000000000018,0.13246691542173133,0.23109455986430005,0.06073940654426325,0.011891412734984286,0.24270509831248419,2.6832815729997477,0.0,0.07500000000000018,0.12134416988712055,0.2315589243221782,0.04260325639579585,0.011862087249756126,0.6177050983124838,0.24270509831248419,0.37499999999999956,0.01112274553461079
ee43cd05608e4e9e9f741d38397c2131,1.2000000000000002,3.6000000000000014,2.3999999999999986,0.0,0.24882117824953642,0.32692348852385084,0.22935644843975406,0.004717397689818714,2.0249999999999995,6.0,6.0,0.0,0.35887460617512495,0.44592441242805747,0.34704016403334415,0.009726619720458185,1.2000000000000002,2.0249999999999995,-0.8249999999999993,-0.11005342792558853
ee6c72d8922a47efbe27d93d826009a8,0.5249999999999999,2.3999999999999986,0.0,0.0,0.09985120456091481,0.14583570608557772,0.060164615684941324,0.00535368919372603,0.5249999999999999,2.3999999999999986,0.0,0.0,0.09985120456091481,0.14583570608557772,0.060164615684941324,0.00535368919372603,0.5249999999999999,0.5249999999999999,0.0,0.0
eecfebabb58247e1aff3d8771928d4f9,0.4987711154904665,2.683281572999751,0.0,0.15000000000000036,0.06539730090457388,0.10629136385280798,0.0640028391713655,0.028727960586548473,0.4987711154904665,2.683281572999751,0.0,0.15000000000000036,0.06539730090457388,0.10629136385280798,0.0640028391713655,0.028727960586548473,0.4987711154904665,0.4987711154904665,0.0,0.0
f00c919a5e07495c927062d083fbdd2d,5.932904074717749,15.273506473629425,15.273506473629425,3.525,0.2998545214347349,0.5518252662384112,0.08255353911419504,0.09588146209716797,7.576431709187823,15.273506473629425,15.273506473629425,4.050000000000001,0.4288125099576776,0.7417273133475126,0.1417927910562973,0.13881254196166948,5.932904074717749,7.576431709187823,-1.6435276344700736,-0.1289579885229427
f097fef323a943e9b4c681e8ac9639d4,0.8250000000000002,4.800000000000004,1.1999999999999957,0.0,0.1539088239292265,0.18940114746938155,0.16199462655063163,0.0031827449798593754,1.062170824512629,3.7947331922020506,2.3999999999999986,0.15000000000000036,0.20700166736527154,0.2794116376562472,0.18715204509569738,0.0058068752288815695,0.8250000000000002,1.062170824512629,-0.23717082451262872,-0.053092843436045034
f0dcde0d23b04fbfae1df5d715b367c3,0.6750000000000005,3.6000000000000014,3.6000000000000014,0.0,0.09947538324114419,0.248387602274554,0.0028069126240258145,0.00634417533874565,1.0592329219213248,4.947726750741191,3.6000000000000014,0.07500000000000018,0.0890744069195643,0.12642771055134955,0.008490606706563287,0.005680418014525124,0.6750000000000005,1.0592329219213248,-0.3842329219213243,0.010400976321579894
f2385b67dc0d4a9bb04f64287913a2c5,0.22499999999999987,2.3999999999999986,0.0,0.0,0.030644426844448642,0.07733531832794271,0.03292988008713829,0.005652379989623757,0.30000000000000027,2.3999999999999986,0.0,0.0,0.0661826690857932,0.14646049223757798,0.026939143177268393,0.00709748268127397,0.22499999999999987,0.30000000000000027,-0.0750000000000004,-0.03553824224134457
f2404554d134460bb96f8e0496cd5e7e,0.8999999999999999,6.0,6.0,0.0,0.09312250291192267,0.12506105400632658,0.09064233222111219,0.0023496150970467866,0.07500000000000018,1.2000000000000028,0.0,0.0,0.02150648443949603,0.05371940893318607,0.010656089615503453,0.00219326019287136,0.8999999999999999,0.07500000000000018,0.8249999999999997,0.07161601847242664
f28577f482674846a1c861009c1e17b3,0.07499999999999973,1.1999999999999957,0.0,0.0,0.03865108617372605,0.06479976196868599,0.0564609032725224,0.0038632392883299893,0.07499999999999973,1.1999999999999957,0.0,0.0,0.03865108617372605,0.06479976196868599,0.0564609032725224,0.0038632392883299893,0.07499999999999973,0.07499999999999973,0.0,0.0
f2a3f3ce4dff4e92aa9fef20f0ca96a6,0.07500000000000018,1.2000000000000028,0.0,0.0,0.05422783830420285,0.10658095637131404,0.01346071181880553,0.0025036811828611505,0.07500000000000018,1.2000000000000028,0.0,0.0,0.05422783830420285,0.10658095637131404,0.01346071181880553,0.0025036811828611505,0.07500000000000018,0.07500000000000018,0.0,0.0
f313df432d9a4ed39d2f0e4bd9d1231d,0.5249999999999999,2.3999999999999986,0.0,0.0,0.18168733663230002,0.3865075450660439,0.03544417620786045,0.004829549789428622,0.5249999999999999,2.3999999999999986,0.0,0.0,0.18168733663230002,0.3865075450660439,0.03544417620786045,0.004829549789428622,0.5249999999999999,0.5249999999999999,0.0,0.0
f3163ef9b94846d8afe06102aa85c3bb,0.48106601717798203,1.6970562748477156,0.0,0.07500000000000018,0.07868826911155705,0.1325053391578093,0.03774666451587467,0.00860066413879279,0.48106601717798203,1.6970562748477156,0.0,0.07500000000000018,0.08711813971476504,0.14967970094716282,0.04194723895141952,0.008121299743652166,0.48106601717798203,0.48106601717798203,0.0,-0.00842987060320799
f317c59ec4654c46afde74c81d0ca7ff,0.8999999999999995,2.3999999999999986,0.0,0.0,0.08863590877935876,0.1709880128167775,0.08105594671373906,0.011479711532593306,0.8999999999999995,2.3999999999999986,0.0,0.0,0.0805578176080318,0.16111330649045666,0.08379168380250043,0.011147403717041371,0.8999999999999995,0.8999999999999995,0.0,0.008078091171326962
f36adbd7424e4da3afea193cbb150e6c,0.07500000000000018,1.2000000000000028,0.0,0.07500000000000018,0.02836345930994011,0.06679316109603498,0.027493993138417515,0.015171718597412287,0.07500000000000018,1.2000000000000028,0.0,0.07500000000000018,0.02836345930994011,0.06679316109603498,0.027493993138417515,0.015171718597412287,0.07500000000000018,0.07500000000000018,0.0,0.0
f3b260af549742c59e9434b8c7267b0c,1.4249999999999998,3.6000000000000014,3.6000000000000014,0.0,0.24419028246786217,0.3940991001760485,0.1479301869785264,0.014108991622924894,1.1250000000000004,3.6000000000000014,1.1999999999999957,0.0,0.13551656000013348,0.1786482556824002,0.11997584464684947,0.016731405258179066,1.4249999999999998,1.1250000000000004,0.2999999999999994,0.10867372246772869
f3cbcf06a5b6444eb882e36f9dfc92f6,0.0,0.0,0.0,0.0,0.022366159650426844,0.03720872080972187,0.023662422003848094,0.00797252655029368,0.0,0.0,0.0,0.0,0.04701188956931589,0.07701050590519742,0.031961530394025536,0.01373519897460973,0.0,0.0,0.0,-0.024645729918889043
f438741fc77c43358f7e61079e7d1e2d,0.3000000000000005,1.2000000000000028,0.0,0.0,0.022375417807777104,0.05867526285400626,0.01976462561274699,0.0022850990295415485,0.22500000000000053,1.2000000000000028,0.0,0.0,0.016328760497211044,0.04552652996442469,0.03565723030491064,0.0020374774932867545,0.3000000000000005,0.22500000000000053,0.07499999999999996,0.006046657310566059
f4c4a1d61cd14f16b3e95c43aee83d5a,7.844669453930241,23.175849498993557,23.175849498993557,3.225,0.4685134345332186,0.601402014314511,0.27491947900822045,0.18748083114624015,8.045439462401543,23.175849498993557,23.175849498993557,3.15,0.4847947885583003,0.6268982361447751,0.2872047022169244,0.1878936767578132,7.844669453930241,8.045439462401543,-0.20077000847130222,-0.01628135402508174
f55f3938b032475586499859d93c0d5b,3.167083710667125,9.67470929795826,9.67470929795826,0.22500000000000053,0.44527661818755837,0.8437074531970227,0.16219493547174244,0.01280965805053702,1.137170824512629,3.7947331922020573,3.7947331922020573,0.07500000000000018,0.25875326024424766,0.4618761850078796,0.1520196189706631,0.009846353530884144,3.167083710667125,1.137170824512629,2.029912886154496,0.1865233579433107
f645a666e16b432da89e0e53788a5cd0,1.1342329219213256,4.947726750741194,2.4000000000000057,0.07500000000000018,0.15303659657582064,0.3389620117087329,0.07761251085667493,0.02457504272460964,1.1342329219213256,4.947726750741194,2.4000000000000057,0.07500000000000018,0.1481194716070423,0.31280488787754257,0.09322866064878134,0.022855281829834873,1.1342329219213256,1.1342329219213256,0.0,0.00491712496877833
f6822c3263db4253ae673e5855fd3adf,0.5250000000000006,2.400000000000002,1.2000000000000028,0.0,0.08009125273145787,0.17283438261272344,0.0712377568050061,0.018995904922484375,1.074341649025257,3.7947331922020573,0.0,0.1499999999999999,0.18267494993366584,0.3030694913075975,0.13294570190545596,0.01788597106933576,0.5250000000000006,1.074341649025257,-0.5493416490252565,-0.10258369720220797
f6ffc3dd4a2c4c0f8d750e385f1b899f,0.6871708245126287,3.794733192202055,0.0,0.07499999999999973,0.12028230034312125,0.24562463966278333,0.08229104176177897,0.024229860305786666,0.6871708245126287,3.794733192202055,0.0,0.07499999999999973,0.11653712186632295,0.2377223368410592,0.07144895315019058,0.022367906570434304,0.6871708245126287,0.6871708245126287,0.0,0.003745178476798297
f76dc79b39874904994b30384c70275f,2.3839383340488256,8.48528137423857,7.199999999999996,0.5250000000000012,0.30854251180352676,0.5417317317469609,0.14167253955731457,0.03189196586608878,2.2778723168708437,8.48528137423857,6.0,0.45000000000000107,0.28554462041224027,0.5226521555858892,0.13407998474385607,0.03262438774108922,2.3839383340488256,2.2778723168708437,0.10606601717798192,0.022997891391286496
f7fb64937ce245a889126f85be998feb,1.507426463519459,6.118823416311343,1.2000000000000028,0.15000000000000036,0.12859577272078038,0.2432357978429529,0.10606483060585273,0.012733268737794567,1.763492480697441,6.118823416311343,1.697056274847718,0.15000000000000036,0.22587372123507612,0.39830469405763885,0.16433110848664104,0.022105550765993076,1.507426463519459,1.763492480697441,-0.25606601717798205,-0.09727794851429575
f8749c3120c641758221875b0e3b806d,0.7677050983124832,2.6832815729997477,0.0,0.07500000000000018,0.22214432163865852,0.3864644730011904,0.015368618181108398,0.010106706619261718,1.6677050983124846,4.799999999999997,0.0,0.07500000000000018,0.359866529477627,0.4956282741398027,0.25556344297321637,0.0042192935943599075,0.7677050983124832,1.6677050983124846,-0.9000000000000014,-0.13772220783896846
f90f165889ba405ca8eb2482263383e7,0.4500000000000006,1.2000000000000028,0.0,0.0,0.09142160643038763,0.21502395589793183,0.02443123871273432,0.016500806808472213,0.8342329219213248,4.947726750741191,1.1999999999999957,0.07500000000000018,0.10339498092574759,0.21979960012390787,0.048583377853515526,0.017609024047852362,0.4500000000000006,0.8342329219213248,-0.3842329219213242,-0.011973374495359956
f969b65255c6470a9ee3d64fe9ab7813,3.413788607847344,13.682105101189654,13.682105101189654,1.4999999999999996,0.24060005701489376,0.32444342685890415,0.23706710918803747,0.03520016670227122,3.413788607847344,13.682105101189654,13.682105101189654,1.4999999999999996,0.24060005701489376,0.32444342685890415,0.23706710918803747,0.03520016670227122,3.413788607847344,3.413788607847344,0.0,0.0
f96be3e8469543f88b3b1b71d31d559c,0.10606601717798238,1.697056274847718,0.0,0.07500000000000018,0.04333333305315751,0.06540068747023549,0.06535135970067295,0.022435998916626065,0.674302858868593,3.7947331922020573,0.0,0.2250000000000001,0.03564816350469335,0.09996411145040138,0.037087063764277624,0.013547515869140714,0.10606601717798238,0.674302858868593,-0.5682368416906106,0.007685169548464155
f98d701431f44330838caaba88d7f56e,0.07499999999999996,1.1999999999999993,0.0,0.0,0.06518366836390098,0.12044723291882331,0.04987133587512146,0.010582208633422407,0.15000000000000013,1.2000000000000028,0.0,0.0,0.05449629168901034,0.10602113168366699,0.03338504384667237,0.005695438385008522,0.07499999999999996,0.15000000000000013,-0.07500000000000018,0.010687376674890642
f9f0c4a87903406f9c10bf7550c67e98,1.7324264635194593,6.118823416311343,6.118823416311343,0.07500000000000018,0.20079473997285002,0.2885981268073972,0.07541053083299934,0.004932689666747425,1.3574264635194595,6.118823416311343,6.118823416311343,0.07500000000000018,0.09917666242798295,0.14115143803930025,0.09037683553718455,0.0060383319854731,1.7324264635194593,1.3574264635194595,0.3749999999999998,0.10161807754486707
fa35b6e5af684e9faecbaf321adb103f,3.9315523204329246,6.788225099390853,6.788225099390853,1.5749999999999997,0.4968940353302325,0.7930367806369839,0.25740801199731755,0.010727405548095703,3.9315523204329246,6.788225099390853,6.788225099390853,1.5749999999999997,0.4968940353302325,0.7930367806369839,0.25740801199731755,0.010727405548095703,3.9315523204329246,3.9315523204329246,0.0,0.0
fb0ade0d8184482b825934ec2f92fe7b,0.0,0.0,0.0,0.0,0.1322123309799867,0.2297106855801844,0.103235938366684,0.003952646255493519,0.0,0.0,0.0,0.0,0.02700087677296735,0.06865965146706131,0.008236152183043835,0.00311880111694407,0.0,0.0,0.0,0.10521145420701934
fbddc31c02ab46699fa0fa2d267b6554,3.1010047302198616,7.683749084919419,1.6970562748477156,1.9500000000000002,0.4710512236425232,0.6855587147949629,0.4041898358965209,0.19744806289672878,2.5145698369953045,7.683749084919419,1.6970562748477156,1.5750000000000002,0.40812738902207835,0.5550059222490977,0.4133921637156386,0.19092893600463956,3.1010047302198616,2.5145698369953045,0.5864348932245571,0.06292383462044487
fc8f06d5219f4981be14903fd461b8d2,0.0,0.0,0.0,0.0,0.016974930245268402,0.024060849063551708,0.013495379442317747,0.007032823562621804,0.0,0.0,0.0,0.0,0.016974930245268402,0.024060849063551708,0.013495379442317747,0.007032823562621804,0.0,0.0,0.0,0.0
fda3c86c05e34414b89fabb0fd612eab,0.5250000000000004,2.4000000000000057,0.0,0.0,0.07347750449881056,0.18399232174102875,0.056851493473869835,0.006608963012694868,0.5250000000000004,2.4000000000000057,0.0,0.0,0.07347750449881056,0.18399232174102875,0.056851493473869835,0.006608963012694868,0.5250000000000004,0.5250000000000004,0.0,0.0
fddc64f6dee74c7ab09d12c855bbcfcc,0.7681980515339463,3.3941125496954285,3.3941125496954285,0.44999999999999996,0.08855968495438446,0.23603975405622526,0.061004860836081296,0.06639590263366824,0.6502534783282476,4.326661530556784,4.326661530556784,0.375,0.06521403653873893,0.15593899820310628,0.03426209754124585,0.049083423614502575,0.7681980515339463,0.6502534783282476,0.11794457320569862,0.02334564841564553
ff3e47f0101749cb995e64f97d237305,12.088064718597963,24.029981273400942,24.029981273400942,0.45000000000000107,0.8672044525612055,1.3043066710267475,0.44006726341695035,0.024043750762940075,12.088064718597963,24.029981273400942,24.029981273400942,0.45000000000000107,0.8672044525612055,1.3043066710267475,0.44006726341695035,0.024043750762940075,12.088064718597963,12.088064718597963,0.0,0.0
ff51126a1fa84958a5b8a76981393186,2.2483369119654544,11.818629362155324,0.0,1.8749999999999996,0.10070710353860246,0.1848890055994449,0.060681374042405166,0.04098844528198242,2.560643687565173,11.818629362155324,0.0,2.0999999999999996,0.1376207923937472,0.29020138915855553,0.03480642344499264,0.05169782638549858,2.2483369119654544,2.560643687565173,-0.31230677559971864,-0.03691368885514473
ffac6939b6c14a75b8ee45ff5f0cbf5f,0.0,0.0,0.0,0.0,0.2545071931779436,0.48937573634139514,0.10982683454590413,0.02124681472778356,0.0,0.0,0.0,0.0,0.13110676518368442,0.250417741748096,0.035359626450948214,0.007669401168822532,0.0,0.0,0.0,0.12340042799425921
