sample_token,JC_mean_m_cheap,JC_max_m_cheap,JC_final_m_cheap,JC_lat_mean_m_cheap,JC_soft_mean_m_cheap,JC_soft_max_m_cheap,JC_soft_final_m_cheap,JC_soft_lat_mean_m_cheap,JC_mean_m_full,JC_max_m_full,JC_final_m_full,JC_lat_mean_m_full,JC_soft_mean_m_full,JC_soft_max_m_full,JC_soft_final_m_full,JC_soft_lat_mean_m_full,JC_cheap,JC_full,dJC,dJC_soft
007cbcb1390c440fb48baf3478d1b529,8.475,18.0,18.0,0.0,1.1496876281455857,1.8722109005486312,0.6862661035698552,0.020113849639892045,8.475,18.0,18.0,0.0,1.1496876281455857,1.8722109005486312,0.6862661035698552,0.020113849639892045,8.475,8.475,0.0,0.0
012f334ee21b46be8133515d1ca58bc9,0.2999999999999998,3.599999999999998,0.0,0.0,0.26497287335574815,0.3290834773392406,0.20333522808825652,0.015502166748047053,0.07499999999999996,1.1999999999999993,0.0,0.0,0.07379200634513368,0.13510384564375968,0.0284385053914122,0.04958653450012207,0.2999999999999998,0.07499999999999996,0.22499999999999987,0.19118086701061449
015a6df7ed1846f9983d0a40005f2d8b,2.4,6.0,4.799999999999997,0.0,0.49059667048303707,0.7593467169727693,0.19969818254770377,0.006575489044189364,2.25,6.0,4.799999999999997,0.0,0.4484060917038443,0.7195167255750957,0.15312125312749472,0.007669544219969904,2.4,2.25,0.1499999999999999,0.042190578779192744
0455b852008c4b38be278c2e7401cc08,0.4514823628377814,4.326661530556789,1.1999999999999957,0.375,0.05329667552476342,0.10323635731509714,0.10323635731509714,0.027928161621093572,0.3764823628377817,4.326661530556789,0.0,0.30000000000000027,0.04795152815715263,0.10976844547252451,0.10976844547252451,0.030603218078613992,0.4514823628377814,0.3764823628377817,0.07499999999999973,0.0053451473676107905
045ecf94b83648229500b23058af3117,0.0,0.0,0.0,0.0,0.0,0.0,0.0,0.0,0.0,0.0,0.0,0.0,0.0,0.0,0.0,0.0,0.0,0.0,0.0,0.0
04f790baf5a44f359a8b797be0550994,3.7047829128274934,7.299315036357867,3.7947331922020573,0.7500000000000018,0.619715100903431,0.9683395167936723,0.2930135948191358,0.04909257888793839,2.0116510757273707,4.947726750741191,3.7947331922020573,0.5250000000000012,0.26803751016738575,0.4302858869451628,0.11554908162992848,0.02325682640075666,3.7047829128274934,2.0116510757273707,1.6931318371001227,0.3516775907360452
04fdfebbf5a041edac1db9097a7e82e6,0.33106601717798256,1.6970562748477156,0.0,0.07500000000000018,0.06668094387702528,0.11134903920728403,0.11134903920728403,0.005984401702879616,0.15000000000000013,1.2000000000000028,0.0,0.0,0.08853399599012768,0.14146081137897568,0.026415408168461024,0.004037046432495028,0.33106601717798256,0.15000000000000013,0.18106601717798243,-0.0218530521131024
050338e5f60f4381a6c5436488a24139,0.15000000000000013,1.2000000000000028,0.0,0.0,0.03624172142235655,0.08280692658135615,0.003393115900338179,0.003885126113890802,0.07500000000000018,1.2000000000000028,0.0,0.0,0.022708916061416434,0.056201039739996385,0.008541794374873884,0.0020337581634515267,0.15000000000000013,0.07500000000000018,0.07499999999999996,0.013532805360940117
05334c5d74b349798d1fc8bd51d64501,0.6000000000000005,3.6000000000000014,0.0,0.0,0.05068786912594559,0.1310681235502812,0.0205849014366243,0.009812307357787375,0.6000000000000005,3.6000000000000014,0.0,0.0,0.05068786912594559,0.1310681235502812,0.0205849014366243,0.009812307357787375,0.6000000000000005,0.6000000000000005,0.0,0.0
055a989050974ba7b20ef264acfab0d7,1.7249999999999999,4.799999999999997,3.6000000000000014,0.0,0.3946368881793779,0.6158887441762307,0.1525869383057413,0.004480218887327858,1.5,3.6000000000000014,3.6000000000000014,0.0,0.3506505179206768,0.5631708861738761,0.13471472083937572,0.0043567657470693355,1.7249999999999999,1.5,0.22499999999999987,0.04398637025870111
05fa079df9534a328040c0dd2ba2103d,4.950000000000001,10.800000000000004,10.800000000000004,0.0,0.7324698178621802,1.0848224275184015,0.43825139894345894,0.014771890640258079,4.950000000000001,10.800000000000004,10.800000000000004,0.0,0.7324698178621802,1.0848224275184015,0.43825139894345894,0.014771890640258079,4.950000000000001,4.950000000000001,0.0,0.0
061805d66b424aa18267bdd7a955b761,0.2999999999999994,1.2000000000000028,0.0,0.0,0.03742068902292349,0.06741082643148653,0.013980519976124352,0.007233953475952681,0.2999999999999994,1.2000000000000028,0.0,0.0,0.03742068902292349,0.06741082643148653,0.013980519976124352,0.007233953475952681,0.2999999999999994,0.2999999999999994,0.0,0.0
062df314784749bab11d0598c1e3dc8c,3.391659385440784,7.200000000000003,7.200000000000003,0.15000000000000036,0.5343167764010854,0.7836531909589253,0.3992988906539652,0.024497938156127663,3.391659385440784,7.200000000000003,7.200000000000003,0.15000000000000036,0.5343167764010854,0.7836531909589253,0.3992988906539652,0.024497938156127663,3.391659385440784,3.391659385440784,0.0,0.0
0744a7e052bb4d008837e7344628b08b,0.375,1.2000000000000028,1.2000000000000028,0.0,0.031630491497172314,0.07280152163224422,0.018544762868335757,0.006563901901246005,0.4500000000000002,2.3999999999999986,1.2000000000000028,0.0,0.06287883554006142,0.1094247665709726,0.03557009423316993,0.00423431396484375,0.375,0.4500000000000002,-0.07500000000000018,-0.031248344042889106
075ea49415a6494a8ad61054226f9f1c,1.35,3.6000000000000014,3.6000000000000014,0.0,0.19063593869275114,0.26401011949474235,0.12015038900790684,0.0030790328979497517,1.35,3.6000000000000014,3.6000000000000014,0.0,0.19063593869275114,0.26401011949474235,0.12015038900790684,0.0030790328979497517,1.35,1.35,0.0,0.0
0799ca6861ca490da7cace1abdf66dab,1.0499999999999998,2.3999999999999986,1.2000000000000028,0.0,0.21898582936388092,0.39632764247067315,0.07171906265490115,0.004450178146362838,1.125,2.3999999999999986,1.2000000000000028,0.0,0.21922779066851478,0.38041176696331463,0.07558011279285375,0.004390954971314809,1.0499999999999998,1.125,-0.07500000000000018,-0.00024196130463385868
07ccc9049a724e91b13610e0f849a705,0.2250000000000001,1.2000000000000028,0.0,0.0,0.036976922548310864,0.08700860639867583,0.01659739359585241,0.0076754093170166016,0.1499999999999999,1.2000000000000028,0.0,0.0,0.056433444790558666,0.13039177411115094,0.012171846728732148,0.007255983352662199,0.2250000000000001,0.1499999999999999,0.07500000000000018,-0.019456522242247802
09021dd29bdc4c1c9eb834204f34197b,5.775,10.799999999999997,8.399999999999999,0.0,0.8731702057086334,1.2720239406221296,0.43906132742022813,0.009355115890502752,4.275,8.400000000000006,6.0,0.0,0.6503626884194356,1.0036408369965053,0.3116366278994825,0.007229089736938921,5.775,4.275,1.5,0.2228075172891978
0966ed2dfcd744ef831f394b7933f747,0.75,3.5999999999999943,0.0,0.0,0.019714012078411215,0.047915709358052144,0.033194981384503094,0.0023171424865733314,0.6000000000000001,3.5999999999999943,0.0,0.0,0.022271817765354255,0.044973216468085685,0.007206021738297936,0.0030570030212402344,0.75,0.6000000000000001,0.1499999999999999,-0.0025578056869430404
0976bf335f734fa3ba456f77342837b0,0.07500000000000018,1.2000000000000028,0.0,0.0,0.0036817353401201553,0.006400274880791481,0.0011505109245652804,0.00039024353027272696,0.07500000000000018,1.2000000000000028,0.0,0.0,0.0036817353401201553,0.006400274880791481,0.0011505109245652804,0.00039024353027272696,0.07500000000000018,0.07500000000000018,0.0,0.0
09b340295e3f47a1960c088a1aec3062,6.0,12.0,7.200000000000003,0.0,0.9494750863331186,1.313043198321237,0.5540204252954797,0.018436574935912997,5.1,9.600000000000001,4.799999999999997,0.0,0.8071067689166244,1.1857700061115,0.3917450111711157,0.016498661041258078,6.0,5.1,0.9000000000000004,0.14236831741649425
09c012e5bcd54afa8968abf07bcdbf00,0.849341649025256,3.7947331922020515,1.1999999999999957,0.14999999999999947,0.13575574153776626,0.21453573602722664,0.08417739179096334,0.011695003509522461,1.470745395459209,4.9477267507411895,1.1999999999999957,0.2999999999999994,0.1740477022893636,0.28400840055861654,0.095077853287163,0.00886631011962935,0.849341649025256,1.470745395459209,-0.6214037464339529,-0.038291960751597326
0afa886817744d61be66f0bcea2be47c,0.1499999999999997,1.1999999999999993,0.0,0.0,0.012971627995771954,0.02641847430684047,0.016330015652537257,0.001103067398070312,0.1499999999999997,1.1999999999999993,0.0,0.0,0.012971627995771954,0.02641847430684047,0.016330015652537257,0.001103067398070312,0.1499999999999997,0.1499999999999997,0.0,0.0
0c10b2165f86467dae3b2d30516726e3,0.3750000000000002,3.6000000000000014,3.6000000000000014,0.0,0.08980194853249329,0.1621905029765152,0.04742494030398447,0.004927253723145064,0.3750000000000002,3.6000000000000014,3.6000000000000014,0.0,0.08980194853249329,0.1621905029765152,0.04742494030398447,0.004927253723145064,0.3750000000000002,0.3750000000000002,0.0,0.0
0d12459cd86a4e6a87b48b779d9e3469,0.2250000000000003,2.400000000000002,0.0,0.0,0.05972086920706239,0.10014673697805859,0.038905127915609065,0.0032382488250726205,1.275,5.9999999999999964,0.0,0.0,0.22715716768990415,0.3185428057740359,0.12319739476306522,0.006009292602538796,0.2250000000000003,1.275,-1.0499999999999996,-0.16743629848284175
0dc36bc3a7aa4b3bb221ca96d15c29ec,0.07499999999999996,1.1999999999999993,0.0,0.0,0.034193522948269155,0.061763846549483956,0.035600675497556016,0.007866239547729137,0.4500000000000002,2.400000000000002,2.400000000000002,0.0,0.04308505447740843,0.10827315983220209,0.024266163211001716,0.009075593948363991,0.07499999999999996,0.4500000000000002,-0.3750000000000002,-0.008891531529139275
0f160877acfe48379c9ee87ca96a86f7,0.5999999999999996,2.3999999999999986,1.2000000000000028,0.0,0.17347433688441832,0.35094794549913316,0.046223825779266495,0.004585647583006391,0.5999999999999996,2.3999999999999986,1.2000000000000028,0.0,0.15370444815855588,0.31544176478726793,0.04872678473312635,0.0034811496734601377,0.5999999999999996,0.5999999999999996,0.0,0.01976988872586244
1076169d8ae84fbca5f00a397aea73e8,0.0,0.0,0.0,0.0,0.004326671751872874,0.00812923873463816,0.0038793985794153226,0.0006993770599361682,0.0,0.0,0.0,0.0,0.004326671751872874,0.00812923873463816,0.0038793985794153226,0.0006993770599361682,0.0,0.0,0.0,0.0
10a87a628ce840bc9709495041166db2,0.9749999999999996,10.799999999999997,1.1999999999999957,0.0,0.09822043166555636,0.17817505151715687,0.03807777755236326,0.001711177825928445,0.9749999999999999,10.799999999999997,0.0,0.0,0.07671825018020438,0.1392813142271004,0.042041861213262956,0.002128458023071822,0.9749999999999996,0.9749999999999999,-2.220446049250313e-16,0.021502181485351976
10ad8522733c4c47bcf7dc32cb38762f,0.0,0.0,0.0,0.0,0.0,0.0,0.0,0.0,0.0,0.0,0.0,0.0,0.0,0.0,0.0,0.0,0.0,0.0,0.0,0.0
11276f3ed7204ff3bdce357465552c58,0.18106601717798188,1.6970562748477107,0.0,0.07499999999999973,0.13231984081421952,0.2530647329020958,0.07631876381603697,0.017986679077148793,0.18106601717798188,1.6970562748477107,0.0,0.07499999999999973,0.13231984081421952,0.2530647329020958,0.07631876381603697,0.017986679077148793,0.18106601717798188,0.18106601717798188,0.0,0.0
114d8a1f9c4a46a5b4fec1e552027213,0.0,0.0,0.0,0.0,0.030461904830502557,0.05686737222352667,0.02121276312158437,0.0021968364715569955,0.0,0.0,0.0,0.0,0.030461904830502557,0.05686737222352667,0.02121276312158437,0.0021968364715569955,0.0,0.0,0.0,0.0
12900de6be624b15b11f08125b9aa555,0.22499999999999987,1.2000000000000028,0.0,0.0,0.060760608490790596,0.08688753184224379,0.03775835142914441,0.0021998405456540304,0.22499999999999987,1.2000000000000028,0.0,0.0,0.060760608490790596,0.08688753184224379,0.03775835142914441,0.0021998405456540304,0.22499999999999987,0.22499999999999987,0.0,0.0
134c7f63827c4b858a2a4ce0582d8f6e,0.5250000000000004,2.3999999999999986,1.2000000000000028,0.0,0.023723776258806183,0.07297180010120591,0.014726149179464871,0.004876613616945136,0.5250000000000004,2.3999999999999986,1.2000000000000028,0.0,0.023723776258806183,0.07297180010120591,0.014726149179464871,0.004876613616945136,0.5250000000000004,0.5250000000000004,0.0,0.0
14684fc1b81a43888b992d553add01cf,3.808680198330609,6.997142273814357,6.997142273814357,1.6499999999999981,0.4243612654646462,0.5826547120571542,0.2888746101415246,0.10942139625549219,4.917640687119285,8.48528137423857,8.48528137423857,0.6000000000000014,0.07181989752524282,0.18863811124171803,0.02376790680825849,0.019479560852051048,3.808680198330609,4.917640687119285,-1.1089604887886755,0.3525413679394034
165ea83183ee455e9cc4cd86bdb899ce,0.6750000000000003,3.6000000000000014,0.0,0.0,0.06491641310129065,0.16366137733941485,0.007705518701772825,0.0025650501251219815,0.07500000000000018,1.2000000000000028,0.0,0.0,0.025419180268172727,0.04687346312491722,0.00994948498375312,0.0009069442749027878,0.6750000000000003,0.07500000000000018,0.6000000000000001,0.03949723283311792
1668a4bb60384871aded3c88973dee31,2.8499999999999988,8.399999999999999,8.399999999999999,0.0,0.49060290895972636,0.7779364602824815,0.20294080063517334,0.004753017425535688,2.0999999999999988,7.199999999999996,7.199999999999996,0.0,0.3184550777936973,0.5413968559797441,0.07674983196731044,0.0036193370819086468,2.8499999999999988,2.0999999999999988,0.75,0.17214783116602905
16c02b4cb158498886c33bc14e813628,0.0,0.0,0.0,0.0,0.1336606283453452,0.19592928030928838,0.09825336965480619,0.01926026344299281,0.0,0.0,0.0,0.0,0.1336606283453452,0.19592928030928838,0.09825336965480619,0.01926026344299281,0.0,0.0,0.0,0.0
175e722f343f40398151b03853044719,1.381066017177983,3.6000000000000014,1.2000000000000028,0.07500000000000018,0.25051025117681014,0.514348787899012,0.027983919964857662,0.01315598487853853,1.381066017177983,3.6000000000000014,1.2000000000000028,0.07500000000000018,0.25051025117681014,0.514348787899012,0.027983919964857662,0.01315598487853853,1.381066017177983,1.381066017177983,0.0,0.0
179be54cff344422be7dba430320521c,9.225,16.8,12.0,0.0,1.2415969872756751,2.031674326676601,0.7343029519388737,0.02517914772033647,9.225,16.8,12.0,0.0,1.2415969872756751,2.031674326676601,0.7343029519388737,0.02517914772033647,9.225,9.225,0.0,0.0
17e2c5b3278046ed8b0dfb81871c851a,3.075,7.200000000000003,7.200000000000003,0.0,0.5673452922852407,1.0787416124825866,0.28286289049701296,0.01340217590332049,1.5000000000000007,4.800000000000001,2.4000000000000057,0.0,0.26666166676980213,0.5712545615012045,0.11095456476706564,0.012108564376831943,3.075,1.5000000000000007,1.5749999999999995,0.30068362551543854
18ad5b3aea22454398cc279f33b9a799,0.7592329219213243,4.9477267507411895,1.2000000000000028,0.07499999999999973,0.06085039724717076,0.1313418394745328,0.023195796449517234,0.008893918991086824,0.7592329219213243,4.9477267507411895,1.2000000000000028,0.07499999999999973,0.06085039724717076,0.1313418394745328,0.023195796449517234,0.008893918991086824,0.7592329219213243,0.7592329219213243,0.0,0.0
1912f794c8674817b24675985ea9388c,0.9000000000000004,2.3999999999999986,2.3999999999999986,0.0,0.11811401098110699,0.19514945779318285,0.06006043354275649,0.0027779102325444782,0.9000000000000004,2.3999999999999986,2.3999999999999986,0.0,0.11665516736669071,0.19661887061053288,0.05750161685469613,0.0029070854187014383,0.9000000000000004,0.9000000000000004,0.0,0.001458843614416283
19fdea76511c4429a60153a003634ed3,0.9400795277473599,9.67470929795826,5.366563145999499,0.44999999999999973,0.04091703076672105,0.14034654444206923,0.14034654444206923,0.03431625366210911,1.0150795277473599,9.67470929795826,5.366563145999499,0.44999999999999973,0.043277927190140945,0.13655268755881259,0.13655268755881259,0.033832168579102095,0.9400795277473599,1.0150795277473599,-0.07499999999999996,-0.0023608964234198976
1a2beb30f34247c79283f07128ebdab7,0.0,0.0,0.0,0.0,0.0,0.0,0.0,0.0,0.0,0.0,0.0,0.0,0.0,0.0,0.0,0.0,0.0,0.0,0.0,0.0
1a5510a816474f1aa0961681f8eab34d,0.44999999999999996,2.3999999999999986,0.0,0.0,0.03809782956056814,0.06927400205674165,0.015733289454951907,0.0021951198577863096,0.44999999999999996,2.3999999999999986,0.0,0.0,0.03809782956056814,0.06927400205674165,0.015733289454951907,0.0021951198577863096,0.44999999999999996,0.44999999999999996,0.0,0.0
1be00ab59d1d4244ad5e5b848ea4c3a3,5.925000000000001,9.600000000000001,7.200000000000003,0.0,0.9537711727747389,1.2817866395138426,0.5546385174118923,0.015933752059936523,5.925000000000001,9.600000000000001,7.200000000000003,0.0,0.9537711727747389,1.2817866395138426,0.5546385174118923,0.015933752059936523,5.925000000000001,5.925000000000001,0.0,0.0
1bf0669e9da34c17a25a6362d8a3b3d1,0.0,0.0,0.0,0.0,0.0,0.0,0.0,0.0,0.0,0.0,0.0,0.0,0.0,0.0,0.0,0.0,0.0,0.0,0.0,0.0
1c6d9929bbb840d0975fbf15ed9186d7,0.0,0.0,0.0,0.0,0.004679424061351937,0.011338757178736782,0.011338757178736782,0.0005626201629644889,0.0,0.0,0.0,0.0,0.004679424061351937,0.011338757178736782,0.011338757178736782,0.0005626201629644889,0.0,0.0,0.0,0.0
1e3d0bc68d0c493f963988f60bf5fb41,1.9499999999999997,4.799999999999997,4.799999999999997,0.0,0.30339777852801414,0.5141167657885277,0.11510268037637127,0.007745933532716354,1.8749999999999998,4.799999999999997,4.799999999999997,0.0,0.2747570435605504,0.4679812984161564,0.10815295634073734,0.007590436935426048,1.9499999999999997,1.8749999999999998,0.07499999999999996,0.02864073496746372
1e43672fe86540b78402473300ca4c8f,0.44999999999999996,2.3999999999999986,0.0,0.0,0.050123774022534096,0.0809394115081724,0.03923408746411468,0.006537294387817472,0.7500000000000002,3.6000000000000014,1.2000000000000028,0.0,0.062087185797137956,0.15430573963099767,0.0367155865136534,0.004916238784789861,0.44999999999999996,0.7500000000000002,-0.30000000000000027,-0.01196341177460386
1e826ac20baa41bbbe2046b14897e618,0.0,0.0,0.0,0.0,0.004229823312068836,0.010073325707617679,0.002676195422366985,0.0008409976959229404,0.0,0.0,0.0,0.0,0.004229823312068836,0.010073325707617679,0.002676195422366985,0.0008409976959229404,0.0,0.0,0.0,0.0
1ee6726a7f75445b8603980cb2bc20df,0.1499999999999997,1.1999999999999993,0.0,0.07499999999999973,0.060501388497663566,0.08924781536737071,0.07876061739405087,0.021164131164549627,0.1499999999999997,1.1999999999999993,0.0,0.07499999999999973,0.060501388497663566,0.08924781536737071,0.07876061739405087,0.021164131164549627,0.1499999999999997,0.1499999999999997,0.0,0.0
1efe6efdec394a219cfda8e18e297242,0.0,0.0,0.0,0.0,0.023188167788962044,0.05129125427801901,0.01755433991688552,0.0134213447570799,0.0,0.0,0.0,0.0,0.023188167788962044,0.05129125427801901,0.01755433991688552,0.0134213447570799,0.0,0.0,0.0,0.0
1f0a495a2b76420b9cadbc61723e1d46,1.464791155725333,6.997142273814361,6.997142273814361,0.4500000000000002,0.1715708466177685,0.2856291404484165,0.03960347506567814,0.023317480087281073,0.0,0.0,0.0,0.0,0.004367249045951812,0.009885996566651852,0.0005328377005983172,0.0010930538177480464,1.464791155725333,0.0,1.464791155725333,0.1672035975718167
1fe2834ee41a4f81b8323b27d92139d1,0.30000000000000004,1.2000000000000028,0.0,0.0,0.04998292081644839,0.07434562625289776,0.035589521733796446,0.0041986942291249996,0.22499999999999987,1.1999999999999993,0.0,0.0,0.04537976250184981,0.08368570810583544,0.016686336668326106,0.003694295883178267,0.30000000000000004,0.22499999999999987,0.07500000000000018,0.004603158314598579
1fe92624dcb54dd8b6a47537d8aa1ba9,3.75,8.399999999999999,6.0,0.0,0.47248675579237126,0.797502265597824,0.17503142621019702,0.01105513572692951,3.75,8.399999999999999,6.0,0.0,0.47248675579237126,0.797502265597824,0.17503142621019702,0.01105513572692951,3.75,3.75,0.0,0.0
20354d14175b447a93ffcd4eabd54732,0.2999999999999998,1.2000000000000028,1.1999999999999957,0.0,0.039746014701605104,0.10991851658495291,0.011506081119102085,0.0069273948669428265,0.375,1.2000000000000028,1.1999999999999957,0.0,0.06563793466375786,0.12920709183766882,0.029585521448410954,0.007238817214964666,0.2999999999999998,0.375,-0.07500000000000018,-0.02589191996215276
20a68f4f6d5e46edb6c4d9e8321ced5b,0.22499999999999964,1.1999999999999993,0.0,0.0,0.021484347692302327,0.07114279988604658,0.005922091383005142,0.004161643981933416,0.5249999999999992,1.2000000000000028,0.0,0.0,0.038703698480806556,0.08206975002289331,0.01824844663440031,0.0027799129486094643,0.22499999999999964,0.5249999999999992,-0.2999999999999996,-0.01721935078850423
20a871df4033487ab94d4d3b86f69af1,0.0,0.0,0.0,0.0,0.0,0.0,0.0,0.0,0.0,0.0,0.0,0.0,0.0,0.0,0.0,0.0,0.0,0.0,0.0,0.0
20df43740cba4411a810e204501af71a,0.6842329219213246,4.947726750741192,0.0,0.07499999999999973,0.04108510495946688,0.06308661441045078,0.022290991306334728,0.010572338104247514,0.0,0.0,0.0,0.0,0.0,0.0,0.0,0.0,0.6842329219213246,0.0,0.6842329219213246,0.04108510495946688
21f333d5deb043bba7fe772ff5775b0e,0.4987711154904655,2.6832815729997446,0.0,0.1499999999999999,0.031367015256519165,0.06914908162424051,0.06914908162424051,0.019139671325684837,0.0,0.0,0.0,0.0,0.008876205098751592,0.015086632972448553,0.0026930552339250644,0.0012225151062024153,0.4987711154904655,0.0,0.4987711154904655,0.022490810157767573
22cf2c4cb66d47c9878b6f9aec065ab5,0.8999999999999999,2.4000000000000057,0.0,0.0,0.0993604376033532,0.13757793048944747,0.09284723239316242,0.009546375274658736,0.5999999999999999,2.3999999999999986,0.0,0.0,0.026672345554881217,0.04193662516097883,0.03300306551279688,0.016633987426757812,0.8999999999999999,0.5999999999999999,0.30000000000000004,0.07268809204847199
234b0f37af694571876a745e5bbb5e08,0.16770509831248423,2.6832815729997477,0.0,0.07500000000000018,0.007151582734588739,0.01879046230755058,0.01879046230755058,0.00332279205322239,0.7574264635194585,6.118823416311337,6.118823416311337,0.07499999999999973,0.09005667575016879,0.12256423976372731,0.08187510308867317,0.0064205646514894354,0.16770509831248423,0.7574264635194585,-0.5897213652069743,-0.08290509301558005
23e2233434534104ab77e30f8c5289c0,0.0,0.0,0.0,0.0,0.0,0.0,0.0,0.0,0.0,0.0,0.0,0.0,0.0,0.0,0.0,0.0,0.0,0.0,0.0,0.0
23e4bbcd10fe43e1982867dab19c79e8,0.5604101966249685,2.683281572999751,0.0,0.15000000000000036,0.02296210728628946,0.054362880284465606,0.007372815084286273,0.012367343902587091,1.5,3.6000000000000014,1.2000000000000028,0.0,0.18764057119723965,0.29626212921474515,0.07018755017883951,0.002150344848632635,0.5604101966249685,1.5,-0.9395898033750315,-0.1646784639109502
23e7d17b256348638af3b2739b80a5ca,2.3999999999999995,10.799999999999997,0.0,0.0,0.358105774594766,0.5090072825233538,0.22011650380800904,0.00959844589233505,2.0999999999999996,10.799999999999997,0.0,0.0,0.06271698822915504,0.08803281133882021,0.04915103133368425,0.007074022293091176,2.3999999999999995,2.0999999999999996,0.2999999999999998,0.29538878636561094
250567bed6a74e65af339941b8beb48f,0.5914762138029507,2.683281572999751,0.0,0.30000000000000027,0.07430102857463464,0.15638354455338363,0.05564004524243377,0.03433313369750968,0.5914762138029507,2.683281572999751,0.0,0.30000000000000027,0.07430102857463464,0.15638354455338363,0.05564004524243377,0.03433313369750968,0.5914762138029507,0.5914762138029507,0.0,0.0
25ec1486a7af4c66ad8360acf66c544a,2.8499999999999996,4.800000000000004,4.799999999999997,0.0,0.5895952171395011,1.0454472472701326,0.31557933573602553,0.014193105697631658,0.9749999999999999,2.3999999999999986,0.0,0.0,0.3582599641806091,0.6621145791296524,0.19278033828993063,0.02295942306518528,2.8499999999999996,0.9749999999999999,1.8749999999999998,0.231335252958892
261e4db3a18c4c23944f61bd6e51cf0c,0.31770509831248417,2.6832815729997477,0.0,0.07500000000000018,0.03894297296480155,0.04668310643687587,0.03924193708471094,0.004951429367064719,0.44999999999999973,3.6000000000000014,0.0,0.0,0.06326035961586327,0.07784637281049608,0.062851446626281,0.003820610046385564,0.31770509831248417,0.44999999999999973,-0.13229490168751556,-0.024317386651061715
26642e465b5e41ee981d735021a77636,5.927497228377968,18.03995565404749,18.03995565404749,0.07500000000000018,0.8275290404516835,1.2207092834469884,0.6031747822777002,0.02224245071411124,5.927497228377968,18.03995565404749,18.03995565404749,0.07500000000000018,0.8198855685698268,1.224613957984006,0.5836718516519084,0.01850180625915465,5.927497228377968,5.927497228377968,0.0,0.007643471881856767
27a90215d20b449a83e8b387f3cc0cb5,4.455636668355278,8.400000000000006,8.400000000000006,0.22500000000000053,0.6678184077166315,0.8702192391771069,0.493054825770875,0.04477486610412518,2.2743416490252573,4.799999999999997,2.4000000000000057,0.15000000000000036,0.49585709148470813,0.646768029134234,0.36161322412895036,0.03378009796142489,4.455636668355278,2.2743416490252573,2.1812950193300207,0.17196131623192334
27dddc29f2bc45dfbd920fd26289a4ca,1.3499999999999999,4.799999999999997,0.0,0.0,0.2897580238760009,0.4439388735737077,0.14628991838517907,0.011505460739136275,4.950000000000001,10.799999999999997,10.799999999999997,0.0,0.6072159521107018,0.7998693962565875,0.41644123713669834,0.009940767288209251,1.3499999999999999,4.950000000000001,-3.6000000000000014,-0.31745792823470087
2818d76fdbcf49029de0e316a26f8903,0.0,0.0,0.0,0.0,0.0,0.0,0.0,0.0,0.0,0.0,0.0,0.0,0.0,0.0,0.0,0.0,0.0,0.0,0.0,0.0
28931837b96340ba84823cd4c6845780,0.0,0.0,0.0,0.0,0.07447019391070797,0.11555377794019515,0.05699197465689036,0.0020094394683831673,0.0,0.0,0.0,0.0,0.07447019391070797,0.11555377794019515,0.05699197465689036,0.0020094394683831673,0.0,0.0,0.0,0.0
2945e6bfeea7425c8adf44f3225122d3,0.1499999999999999,2.3999999999999986,2.3999999999999986,0.0,0.06496432301095084,0.12784763263790042,0.013926119649797815,0.005476713180541992,0.46770509831248425,2.683281572999751,0.0,0.07500000000000018,0.02792855519426294,0.08398716772226857,0.006941999667462832,0.004624414443967773,0.1499999999999999,0.46770509831248425,-0.31770509831248434,0.0370357678166879
29a1e9bcb75740479cd5acdfa88b2cfd,0.3750000000000002,3.6000000000000014,3.6000000000000014,0.0,0.01642900338318739,0.035454240849112376,0.002140969061700654,0.0016825675964362574,0.3750000000000002,3.6000000000000014,3.6000000000000014,0.0,0.01642900338318739,0.035454240849112376,0.002140969061700654,0.0016825675964362574,0.3750000000000002,0.3750000000000002,0.0,0.0
29f27e9e5e0f434983e9f0edfa77f144,0.07499999999999996,1.1999999999999993,0.0,0.0,0.017708914565266035,0.03318479179085399,0.01053004909496673,0.001433658599853782,0.07499999999999996,1.1999999999999993,0.0,0.0,0.017708914565266035,0.03318479179085399,0.01053004909496673,0.001433658599853782,0.07499999999999996,0.07499999999999996,0.0,0.0
2a05c724ab044e5ab0c9edad7aa4472c,1.5000000000000002,3.6000000000000014,2.3999999999999986,0.0,0.07705601070331422,0.14530155768938383,0.11894782205662323,0.006122732162476385,0.15000000000000013,1.2000000000000028,0.0,0.0,0.08731350585885678,0.17837524072730088,0.04693363664746556,0.005930328369141424,1.5000000000000002,0.15000000000000013,1.35,-0.010257495155542556
2a271f85c90a45a9a6f33d9cc281943e,0.5250000000000001,2.3999999999999986,0.0,0.0,0.07813018769441185,0.1145816106603538,0.0787462049034367,0.013065862655638583,0.5250000000000001,2.3999999999999986,0.0,0.0,0.04532499507239294,0.07425097094320936,0.05706046520973958,0.011031246185302379,0.5250000000000001,0.5250000000000001,0.0,0.03280519262201891
2a58cd69b34d4f0f92753ef84f02e2c8,0.07499999999999996,1.1999999999999993,0.0,0.0,0.136333613227681,0.20799425010389697,0.08138336197504084,0.005978822708128995,0.0,0.0,0.0,0.0,0.079265955958058,0.14968026557281222,0.06192527099911687,0.0047176837921134585,0.07499999999999996,0.0,0.07499999999999996,0.05706765726962301
2b996cb489344a3f94840f8e2184ac77,0.1499999999999999,1.2000000000000028,0.0,0.0,0.04872320152258545,0.12002678920793136,0.05262199547153216,0.002973604202269442,0.1499999999999999,1.2000000000000028,0.0,0.0,0.04872320152258545,0.12002678920793136,0.05262199547153216,0.002973604202269442,0.1499999999999999,0.1499999999999999,0.0,0.0
2c0c09db419e4ae692666d7dd235594d,0.07499999999999973,1.1999999999999957,0.0,0.0,0.02424548346293503,0.05643382939945667,0.014444506901387263,0.0022603511810292964,0.07499999999999973,1.1999999999999957,0.0,0.0,0.02424548346293503,0.05643382939945667,0.014444506901387263,0.0022603511810292964,0.07499999999999973,0.07499999999999973,0.0,0.0
2c1f8867c60b44f09ee37b5df1d1ad24,0.1499999999999999,1.1999999999999993,0.0,0.0,0.01762755710654522,0.05252489225481006,0.027303380500023535,0.007350397109986417,0.1499999999999999,1.1999999999999993,0.0,0.0,0.01762755710654522,0.05252489225481006,0.027303380500023535,0.007350397109986417,0.1499999999999999,0.1499999999999999,0.0,0.0
2c63d07c2c0345539a1839bfcab22579,0.0,0.0,0.0,0.0,0.04080893205215095,0.1300435858860337,0.01773038501075225,0.0054678440093987035,0.0,0.0,0.0,0.0,0.04080893205215095,0.1300435858860337,0.01773038501075225,0.0054678440093987035,0.0,0.0,0.0,0.0
2c8a728fe9914944964a694720d7785c,5.475,10.800000000000004,10.800000000000004,0.0,0.6559164844674519,0.8288664073572932,0.39756710597301004,0.013492012023925692,5.475,10.800000000000004,10.800000000000004,0.0,0.6559164844674519,0.8288664073572932,0.39756710597301004,0.013492012023925692,5.475,5.475,0.0,0.0
2da9ed7919024a0ca4db7a801e70d82a,0.0,0.0,0.0,0.0,0.0,0.0,0.0,0.0,0.0,0.0,0.0,0.0,0.0,0.0,0.0,0.0,0.0,0.0,0.0,0.0
2e8bed7f596949d2b8777b2a856c7194,0.0,0.0,0.0,0.0,0.0,0.0,0.0,0.0,0.0,0.0,0.0,0.0,0.0,0.0,0.0,0.0,0.0,0.0,0.0,0.0
2e9716fce2b5456a97691e7f033ad1ec,3.5999999999999996,7.200000000000003,6.0,0.0,0.5625850484893884,1.014578311636247,0.34327060942053833,0.01628766059875586,0.5999999999999999,2.400000000000002,0.0,0.0,0.11971121740036018,0.24592418981301858,0.045474958558175134,0.013336515426637163,3.5999999999999996,0.5999999999999999,3.0,0.4428738310890282
2ed4dccaefbc49848cad29bade674344,1.4999999999999998,7.199999999999999,1.2000000000000028,0.0,0.22594989188321216,0.3424689479293073,0.15415866735072248,0.0025900840759272015,1.2749999999999997,4.800000000000001,1.2000000000000028,0.0,0.15887794122263393,0.2965139200656674,0.08283390882716812,0.004941701889037642,1.4999999999999998,1.2749999999999997,0.2250000000000001,0.06707195066057822
2f90220427164f7fb46ac0306214b7f5,0.4414762138029509,5.366563145999498,5.366563145999498,0.22500000000000053,0.03461429475484429,0.05183342352915196,0.05057833275650851,0.01609268188476598,0.4414762138029509,5.366563145999498,5.366563145999498,0.22500000000000053,0.03461429475484429,0.05183342352915196,0.05057833275650851,0.01609268188476598,0.4414762138029509,0.4414762138029509,0.0,0.0
303119a4aa5647a386b9ac78f26ab362,0.0,0.0,0.0,0.0,0.0015835996268344448,0.003835877252585089,0.0012051557847441246,0.0006704807281492364,0.0,0.0,0.0,0.0,0.0015835996268344448,0.003835877252585089,0.0012051557847441246,0.0006704807281492364,0.0,0.0,0.0,0.0
30b94629946e487abf5866b738790f0c,1.2048371326684486,3.599999999999998,0.0,0.22500000000000053,0.22055947154212846,0.3342792873546501,0.18957218166542167,0.04624929428100577,0.7548371326684489,2.6832815729997477,0.0,0.22500000000000053,0.16484442397144622,0.2712528802930721,0.14355878018242652,0.0419614791870111,1.2048371326684486,0.7548371326684489,0.44999999999999973,0.05571504757068224
31815eedcec04d4892ae361262825ded,0.0,0.0,0.0,0.0,0.0,0.0,0.0,0.0,0.0,0.0,0.0,0.0,0.0,0.0,0.0,0.0,0.0,0.0,0.0,0.0
322808c30cb7435e82b759a6ff4ad0fc,2.399999999999999,6.0,6.0,0.0,0.33832020144327046,0.6293767245076927,0.01571476233571483,0.004953432083130149,2.174999999999999,6.0,6.0,0.0,0.30989830239441685,0.5839658929637666,0.026207122235920505,0.004844570159911132,2.399999999999999,2.174999999999999,0.2250000000000001,0.028421899048853616
32e69a777d58481ab972dbea3ff75974,1.2824264635194589,6.118823416311343,6.118823416311343,0.07500000000000018,0.15234645848403314,0.27108727923738224,0.06958580991075324,0.005261135101317649,1.2824264635194589,6.118823416311343,6.118823416311343,0.07500000000000018,0.15234645848403314,0.27108727923738224,0.06958580991075324,0.005261135101317649,1.2824264635194589,1.2824264635194589,0.0,0.0
32fb01b0d61a4724a60cb38a2b03fdaf,0.0,0.0,0.0,0.0,0.0075712885892841204,0.01041123771507209,0.008411231525680555,0.003277158737182706,0.0,0.0,0.0,0.0,0.0075712885892841204,0.01041123771507209,0.008411231525680555,0.003277158737182706,0.0,0.0,0.0,0.0
33639e8f9d974fd58999e9b9a619b2a1,3.007142747873111,13.254433220624708,12.059850745345068,0.15000000000000036,0.23051649204024793,0.3495537735570153,0.1708059008953256,0.002312564849853427,1.4291538853603059,10.866462165764897,10.866462165764897,0.07500000000000018,0.11326311154219958,0.16130026161672367,0.09322702208047975,0.0017749786376959342,3.007142747873111,1.4291538853603059,1.5779888625128051,0.11725338049804836
337a86934b9a46a99cd1ceb489939c02,0.0,0.0,0.0,0.0,0.010620968841167613,0.025928686516461567,0.0010968479917328115,0.0006907939910880678,0.0,0.0,0.0,0.0,0.010620968841167613,0.025928686516461567,0.0010968479917328115,0.0006907939910880678,0.0,0.0,0.0,0.0
3414bbcff961455ea6549ba1a2bb3b81,2.5371440289488323,8.48528137423857,8.48528137423857,0.3750000000000009,0.1881689215028569,0.33235971025598343,0.13261489840951174,0.012498235702515625,2.5371440289488323,8.48528137423857,8.48528137423857,0.3750000000000009,0.1881689215028569,0.33235971025598343,0.13261489840951174,0.012498235702515625,2.5371440289488323,2.5371440289488323,0.0,0.0
3425c66163af46cca4c96006d425e0eb,0.7500000000000002,3.599999999999998,2.4000000000000057,0.0,0.133257920651843,0.2635414153749823,0.06599057030022844,0.004390525817872248,0.7500000000000002,3.599999999999998,2.4000000000000057,0.0,0.133257920651843,0.2635414153749823,0.06599057030022844,0.004390525817872248,0.7500000000000002,0.7500000000000002,0.0,0.0
3477ca40271d4002aa9a0330b98a2faa,0.7798759228251132,3.7947331922020573,0.0,0.15000000000000036,0.12662294971543644,0.19940761531571322,0.06260700128179468,0.01285486221313592,0.7798759228251132,3.7947331922020573,0.0,0.15000000000000036,0.1426240772197748,0.21100647444350046,0.08034299730749266,0.017458248138428,0.7798759228251132,0.7798759228251132,0.0,-0.016001127504338353
35611c01697f42f481f23858fc6f1530,1.659232921921324,4.947726750741191,4.947726750741191,0.07500000000000018,0.26178677042235865,0.6258686871534369,0.03358282650456819,0.020007848739623135,1.659232921921324,4.947726750741191,4.947726750741191,0.07500000000000018,0.26178677042235865,0.6258686871534369,0.03358282650456819,0.020007848739623135,1.659232921921324,1.659232921921324,0.0,0.0
35d1def0af9841dc929f284270c67c7f,0.15000000000000013,1.2000000000000028,0.0,0.0,0.013299514918573757,0.02695549000206808,0.0026736102555316517,0.00042572021484499345,0.15000000000000013,1.2000000000000028,0.0,0.0,0.013299514918573757,0.02695549000206808,0.0026736102555316517,0.00042572021484499345,0.15000000000000013,0.15000000000000013,0.0,0.0
35eff3f6f5b84929a33c2bda269a266f,0.8250000000000004,2.400000000000002,1.2000000000000028,0.0,0.18749052300398447,0.3245363665497899,0.10379517294434282,0.009381437301636097,0.7500000000000002,2.400000000000002,0.0,0.0,0.16814025395851984,0.2971716783422786,0.08575439639109031,0.009281301498412553,0.8250000000000004,0.7500000000000002,0.07500000000000018,0.019350269045464635
35f8b51f153146108250e5c48d0b8026,1.8,7.200000000000003,7.200000000000003,0.0,0.0851460297256516,0.17338161099119617,0.10694698886714736,0.0061866760253903585,1.8,7.200000000000003,7.200000000000003,0.0,0.0851460297256516,0.17338161099119617,0.10694698886714736,0.0061866760253903585,1.8,1.8,0.0,0.0
3615d82e7e8546fea5f181157f42e30b,0.0,0.0,0.0,0.0,0.005039423010271474,0.009226998704035032,0.004644226212184171,0.0002301692962629609,0.0,0.0,0.0,0.0,0.005039423010271474,0.009226998704035032,0.004644226212184171,0.0002301692962629609,0.0,0.0,0.0,0.0
37f843af00b54e36b5f57c9c93943c8d,0.0,0.0,0.0,0.0,0.0,0.0,0.0,0.0,0.0,0.0,0.0,0.0,0.0,0.0,0.0,0.0,0.0,0.0,0.0,0.0
381fe530586b4c189e10cbefbfb0e773,0.0,0.0,0.0,0.0,1.0852738364389949,1.4819393375662866,0.6337166908460387,0.032980012893676136,0.0,0.0,0.0,0.0,1.099789787808938,1.4956513392744637,0.6495924128611328,0.033437776565552024,0.0,0.0,0.0,-0.014515951369943103
38af3c82bc3345d5bb5c681f87d46d16,0.4574264635194591,6.118823416311343,0.0,0.07500000000000018,0.0932214103864591,0.14817606644387926,0.011244130428778875,0.012892055511474432,0.4574264635194591,6.118823416311343,0.0,0.07500000000000018,0.0932214103864591,0.14817606644387926,0.011244130428778875,0.012892055511474432,0.4574264635194591,0.4574264635194591,0.0,0.0
3a1dd258a83f44b6bd97e8cc426d7057,0.0,0.0,0.0,0.0,0.0,0.0,0.0,0.0,0.0,0.0,0.0,0.0,0.0,0.0,0.0,0.0,0.0,0.0,0.0,0.0
3a699bf9a53a4c17b008cb3d14bfe238,0.0,0.0,0.0,0.0,0.0,0.0,0.0,0.0,0.0,0.0,0.0,0.0,0.0,0.0,0.0,0.0,0.0,0.0,0.0,0.0
3a6ac4f5b1dc4e339d515bc41f42ffef,0.4500000000000006,4.800000000000004,4.800000000000004,0.0,0.03718275247091203,0.06164904990737261,0.047551098150621036,0.012981319427490146,0.5250000000000004,4.800000000000004,4.800000000000004,0.0,0.03891572677763431,0.06677905059775621,0.04521424183563528,0.01359229087829572,0.4500000000000006,0.5250000000000004,-0.07499999999999973,-0.0017329743067222778
3adeaa8b4f5f4b32a361534424ec6c71,1.5803300858899108,8.48528137423857,8.48528137423857,0.07500000000000018,0.12618324155142155,0.3062836070380132,0.04978721031510105,0.01178269386291575,1.9553300858899105,8.48528137423857,8.48528137423857,0.07500000000000018,0.2266487850499848,0.47013755824978304,0.10798579976240401,0.0101337432861337,1.5803300858899108,1.9553300858899105,-0.3749999999999998,-0.10046554349856326
3c05f5fffb714dbcab7e283980e57858,0.0,0.0,0.0,0.0,0.03536603928265794,0.05293100910102857,0.02111459735011275,0.003935766220091619,0.0,0.0,0.0,0.0,0.03536603928265794,0.05293100910102857,0.02111459735011275,0.003935766220091619,0.0,0.0,0.0,0.0
3c4087cf9e8a43f1b8d7506a2998d3bd,0.4500000000000004,4.800000000000004,4.800000000000004,0.0,0.08628479133968452,0.13881402961811465,0.061892051650121085,0.00592989921569842,0.2250000000000001,2.400000000000002,0.0,0.0,0.05809687245805474,0.09991313935950712,0.03859675572950701,0.00855417251586843,0.4500000000000004,0.2250000000000001,0.2250000000000003,0.028187918881629775
3c7491fa33b74757a8feab372f66b280,0.679837132668449,2.6832815729997477,0.0,0.22500000000000053,0.10387703685698121,0.1708854888046587,0.03334409322017111,0.020211267471313743,0.5737711154904667,2.6832815729997477,0.0,0.15000000000000036,0.08539631354981878,0.13871177809658766,0.03047855189729655,0.015656948089599165,0.679837132668449,0.5737711154904667,0.10606601717798236,0.01848072330716244
3c7da1a3dd7c4e68b0d72e1b1ab256ac,4.5,8.400000000000002,6.0,0.0,0.6349138462190043,1.043506653025982,0.2761036812823906,0.010611963272093572,4.5,8.400000000000002,6.0,0.0,0.6349138462190043,1.043506653025982,0.2761036812823906,0.010611963272093572,4.5,4.5,0.0,0.0
3ce8a6b53e2a4ea08c77e76b1c75a2e9,1.0141088447464366,4.9477267507411895,2.6832815729997477,0.2999999999999994,0.15300410333735365,0.28386652955139063,0.054631582904786355,0.015722322463988636,0.9964037464339524,4.9477267507411895,0.0,0.14999999999999947,0.17048152588868792,0.331146297731676,0.07141513182373091,0.017022657394409002,1.0141088447464366,0.9964037464339524,0.017705098312484235,-0.017477422551334276
3d367131d9d54495ad981f01e38677c8,0.07499999999999996,1.1999999999999993,0.0,0.0,0.052237681042946224,0.14314747144568912,0.002279632062583604,0.0029334068298343396,0.07499999999999996,1.1999999999999993,0.0,0.0,0.06402019128413056,0.16065092699637099,0.007992692992052672,0.0035101890563979943,0.07499999999999996,0.07499999999999996,0.0,-0.011782510241184332
3d56ba0e8de24cc58222f769c8da7f14,1.4249999999999998,2.400000000000002,1.1999999999999993,0.0,0.4829249190692152,0.7011454402568107,0.4116120816581451,0.009752655029295898,0.375,1.2000000000000028,0.0,0.0,0.134563877023119,0.2992396326223139,0.06938453767985518,0.007163286209106001,1.4249999999999998,0.375,1.0499999999999998,0.3483610420460962
3d9f13edf73c4e25a484253ebf80f222,0.1499999999999999,1.1999999999999993,0.0,0.0,0.028239610778794593,0.06458584389836806,0.02493764100783461,0.004899644851684037,0.0,0.0,0.0,0.0,0.01500040764086727,0.0482901987994134,0.004133271999110104,0.0026491641998291904,0.1499999999999999,0.0,0.1499999999999999,0.013239203137927324
3e3763feabff47e6ba8af6de41bfad3d,0.0,0.0,0.0,0.0,0.013942005900090138,0.019812086285009467,0.009190030687892795,0.0008701801300046164,0.0,0.0,0.0,0.0,0.013942005900090138,0.019812086285009467,0.009190030687892795,0.0008701801300046164,0.0,0.0,0.0,0.0
3eef3752ea664087a0469a01cbf738a9,0.6812071897723667,7.299315036357866,7.299315036357866,0.07499999999999973,0.04044720880002202,0.05708475167204552,0.03086651424475772,0.0037229061126717866,0.6812071897723667,7.299315036357866,7.299315036357866,0.07499999999999973,0.04044720880002202,0.05708475167204552,0.03086651424475772,0.0037229061126717866,0.6812071897723667,0.6812071897723667,0.0,0.0
3f4b0beb19874ac6b7daa0f59b714f69,0.4500000000000002,2.400000000000002,1.1999999999999957,0.0,0.0676521457304171,0.11664245735374734,0.06756595910078832,0.006628990173338956,0.4500000000000002,2.400000000000002,1.1999999999999957,0.0,0.0676521457304171,0.11664245735374734,0.06756595910078832,0.006628990173338956,0.4500000000000002,0.4500000000000002,0.0,0.0
3f5da297339948158ca0366aada42af3,3.2356601717798217,10.800000000000004,1.2000000000000028,0.15000000000000036,0.23754274308561618,0.34753795865921844,0.20256443410235492,0.013130235671996893,2.5606601717798214,10.800000000000004,0.0,0.15000000000000036,0.12684883837140273,0.24788304127538494,0.08002478922588938,0.004209566116333718,3.2356601717798217,2.5606601717798214,0.6750000000000003,0.11069390471421345
3fa89fab4ac04d89b9f4480c840658fd,0.0,0.0,0.0,0.0,0.0,0.0,0.0,0.0,0.0,0.0,0.0,0.0,0.016251586666668753,0.024315958995609704,0.021922873367898832,0.0026859283447260296,0.0,0.0,0.0,-0.016251586666668753
3fe32969f0ad4047957388a691e34a6b,0.37500000000000044,1.2000000000000028,1.2000000000000028,0.0,0.02118145957092118,0.053242657779007635,0.008221828370601663,0.005392026901244851,0.1499999999999999,1.2000000000000028,0.0,0.0,0.03906882079443756,0.061545867620303556,0.017030005874382137,0.0021697998046881217,0.37500000000000044,0.1499999999999999,0.22500000000000053,-0.01788736122351638
40499ed2eb6744e09abf2cd59ca11975,1.1249999999999998,3.6000000000000014,3.6000000000000014,0.0,0.1506264981762879,0.2238389520271816,0.07105303952698463,0.0017081737518309659,0.22499999999999964,1.1999999999999993,0.0,0.0,0.061200769564999175,0.12739841839873603,0.009365755231773756,0.0017343521118156069,1.1249999999999998,0.22499999999999964,0.9000000000000001,0.08942572861128872
40847c1f1fd34cf2bdf278782dba841a,0.2250000000000001,1.2000000000000028,0.0,0.0,0.059183284389328614,0.14025118742480155,0.024156048976542447,0.007727622985839844,0.2250000000000001,1.2000000000000028,0.0,0.0,0.07783684005238117,0.1692196632172627,0.026613569001247665,0.0067098140716557175,0.2250000000000001,0.2250000000000001,0.0,-0.01865355566305256
40af6a4135e64e6496a3bde206fd5ed3,1.0500000000000005,2.4000000000000057,1.2000000000000028,0.0,0.2161941020064834,0.3866366496027048,0.09753570623778865,0.003263711929320401,0.6000000000000001,2.400000000000002,1.2000000000000028,0.0,0.16281094544028354,0.3058880523961806,0.06512216079315916,0.0033465385437012607,1.0500000000000005,0.6000000000000001,0.4500000000000004,0.05338315656619985
410dea74acf640189bdf89c5b0f64265,0.34877111549046663,2.6832815729997477,0.0,0.15000000000000036,0.05293215325933005,0.10299329624485178,0.08680611411020474,0.01404247283935467,0.1810660171779824,1.6970562748477156,0.0,0.07500000000000018,0.050850946529698834,0.09741318494159942,0.07740944827413962,0.013078451156615767,0.34877111549046663,0.1810660171779824,0.16770509831248423,0.0020812067296312187
42605be925b84bbe97cf884d850c6a1c,2.175,8.400000000000002,3.6000000000000014,0.0,0.2789984063474752,0.398652413334088,0.20770591249553208,0.004357481002807084,2.175,8.400000000000002,3.6000000000000014,0.0,0.2789984063474752,0.398652413334088,0.20770591249553208,0.004357481002807084,2.175,2.175,0.0,0.0
42c7b34a5f9e440baf4d8ce1cf75922c,1.875,7.200000000000003,1.2000000000000028,0.0,0.21917738008197318,0.3271560569923858,0.10721368907820386,0.006436014175414062,1.8750000000000004,7.200000000000003,1.2000000000000028,0.0,0.16881153781087066,0.2603267994244842,0.0781203855440696,0.005702018737792081,1.875,1.8750000000000004,-4.440892098500626e-16,0.05036584227110252
43204cf8a24e4e42af7b7048cf1ebc43,0.2250000000000003,2.4000000000000057,2.4000000000000057,0.0,0.055150857812606514,0.1502392928334251,0.04426243727261981,0.009772396087646129,0.5342329219213249,4.947726750741194,2.4000000000000057,0.07500000000000018,0.06656079840262824,0.16836380920391608,0.05143450507461991,0.010336732864379528,0.2250000000000003,0.5342329219213249,-0.30923292192132457,-0.011409940590021726
43357fafe91d4c018e42f07f16fc383c,2.94807068904021,6.997142273814364,6.997142273814364,1.275,0.30115977724910675,0.45893423405466416,0.16674006785799372,0.06436214447021582,2.2503391003018445,6.997142273814364,6.997142273814364,0.8999999999999999,0.23069638634024053,0.3518938922404206,0.1481318811839069,0.04117941856384277,2.94807068904021,2.2503391003018445,0.6977315887383657,0.07046339090886622
4387a9ecb3ed42fcbb95149249ee1da1,0.44999999999999996,2.400000000000002,0.0,0.0,0.06817885112787757,0.16360418066113014,0.0217619641163819,0.003108501434325728,0.0,0.0,0.0,0.0,0.01145418991383209,0.02113530479066771,0.003030852718380618,0.0005318641662577228,0.44999999999999996,0.0,0.44999999999999996,0.05672466121404548
43cfc03be6f842ae8942c995f8e3f2fb,0.0,0.0,0.0,0.0,0.0,0.0,0.0,0.0,0.0,0.0,0.0,0.0,0.0,0.0,0.0,0.0,0.0,0.0,0.0,0.0
4485c3d95f514d6cb9e9efd76bd4ab18,1.1250000000000002,3.6000000000000014,0.0,0.0,0.17935731776331765,0.24226982811360637,0.11627221811824189,0.005047559738159624,0.7500000000000002,1.2000000000000028,0.0,0.0,0.11634080715272177,0.1913015300584338,0.05097920543503164,0.0052230834960944605,1.1250000000000002,0.7500000000000002,0.375,0.06301651061059588
44e7518683e543049a19f9785ca8980a,0.0,0.0,0.0,0.0,0.013840130606611928,0.027362676067266434,0.008352757161726749,0.0051282405853281254,0.0,0.0,0.0,0.0,0.013840130606611928,0.027362676067266434,0.008352757161726749,0.0051282405853281254,0.0,0.0,0.0,0.0
45761bf806734f8188b9b9297f76afc7,0.6000000000000003,1.2000000000000028,0.0,0.0,0.1348482984534123,0.23920306039200503,0.060358581536991335,0.0027870655059802907,0.5250000000000004,1.2000000000000028,0.0,0.0,0.13264997511183332,0.23558503471689132,0.06059326587040109,0.0037821292877193713,0.6000000000000003,0.5250000000000004,0.07499999999999996,0.0021983233415789893
45a4f3c2a8a44161bf74a0de34aff804,0.0,0.0,0.0,0.0,0.014804924296936368,0.03140399518209887,0.009798600075755235,0.002913665771485441,0.0,0.0,0.0,0.0,0.014804924296936368,0.03140399518209887,0.009798600075755235,0.002913665771485441,0.0,0.0,0.0,0.0
45d1cc714d2a4e57af1dc4683beb2bac,0.675,3.6000000000000014,3.6000000000000014,0.0,0.01821638968463964,0.050785867224373574,0.020869265566227,0.003949642181396484,0.675,3.6000000000000014,3.6000000000000014,0.0,0.01821638968463964,0.050785867224373574,0.020869265566227,0.003949642181396484,0.675,0.675,0.0,0.0
45da3d8c87244cfb9ffd1ac8d94f4044,0.8560660171779825,3.599999999999998,0.0,0.07500000000000018,0.23012393196124048,0.32000376121218843,0.200545159380177,0.02618980407714888,0.7810660171779823,3.599999999999998,0.0,0.07500000000000018,0.2157216426356483,0.3176781106314694,0.1754434573501945,0.023696994781494674,0.8560660171779825,0.7810660171779823,0.07500000000000018,0.014402289325592177
4635c393dbdc4aa589b221fad153d427,0.7499999999999998,3.599999999999998,1.2000000000000028,0.0,0.08287568491682884,0.1256438016421854,0.0773243123793732,0.0013223648071294392,0.8249999999999997,3.599999999999998,1.2000000000000028,0.0,0.11552062591120274,0.18980399821862828,0.07934458319900982,0.004629135131836382,0.7499999999999998,0.8249999999999997,-0.07499999999999996,-0.0326449409943739
470df44aab6241f4843137efa2e55b85,2.926431420645642,8.653323061113573,8.653323061113573,1.1999999999999993,0.32292475145264554,0.45775998645634214,0.1534342992196543,0.06667528152465785,2.412509924814472,6.997142273814357,6.997142273814357,0.9749999999999992,0.2051529693742662,0.2829449120586004,0.1193536808641331,0.05337467193603507,2.926431420645642,2.412509924814472,0.5139214958311698,0.11777178207837935
473f9f706bc34cdbb6291695c708c43c,1.1250000000000007,2.3999999999999986,2.3999999999999986,0.0,0.16455084319815422,0.2436405581957021,0.08523408242059434,0.003124094009399503,1.1250000000000007,2.3999999999999986,2.3999999999999986,0.0,0.16455084319815422,0.2436405581957021,0.08523408242059434,0.003124094009399503,1.1250000000000007,1.1250000000000007,0.0,0.0
47c5e4664f9e447885dea392a7fe33a4,2.5553300858899104,8.48528137423857,8.48528137423857,0.07500000000000018,0.4182906239052323,0.6687798865807408,0.16722719483600187,0.006280803680421165,2.5553300858899104,8.48528137423857,8.48528137423857,0.07500000000000018,0.4182906239052323,0.6687798865807408,0.16722719483600187,0.006280803680421165,2.5553300858899104,2.5553300858899104,0.0,0.0
47d7743e515b4dc8aca1e81e08776cd0,0.375,1.2000000000000028,0.0,0.0,0.11176755445436315,0.22786552371798888,0.08413856305582158,0.010457468032837092,0.3842329219213244,4.947726750741191,0.0,0.07500000000000018,0.056602607850627845,0.08266780461810302,0.04600326032752611,0.0017407894134526813,0.375,0.3842329219213244,-0.00923292192132441,0.055164946603735304
480ea4e6cd7b4fc7b46ace2b8001fd19,0.0,0.0,0.0,0.0,0.0,0.0,0.0,0.0,0.0,0.0,0.0,0.0,0.0,0.0,0.0,0.0,0.0,0.0,0.0,0.0
48dab641b0de4a018ec7d03e895c0dee,3.974999999999999,9.599999999999994,6.0,0.0,0.5257360099032888,0.848972799687681,0.30735758607338476,0.019579553604125888,4.274999999999999,9.599999999999994,6.0,0.0,0.5718592735983848,0.9304676828613627,0.3032918848261801,0.020667886734008878,3.974999999999999,4.274999999999999,-0.2999999999999994,-0.046123263695096006
48de6a86245f44bdbf4921d2695cd6a8,1.1249999999999998,3.599999999999998,2.3999999999999986,0.0,0.11834218145200984,0.18731868670324978,0.0590612937901253,0.006421422958374112,1.1249999999999998,3.599999999999998,2.3999999999999986,0.0,0.13208726908715418,0.20088369987390425,0.0738540168685262,0.005727910995483754,1.1249999999999998,1.1249999999999998,0.0,-0.013745087635144343
48ffb16d3f23457d8551dd495c7db4da,0.18106601717798232,1.697056274847718,0.0,0.07500000000000018,0.02288089793563229,0.036041444427510075,0.036041444427510075,0.015826320648193448,0.18106601717798232,1.697056274847718,0.0,0.07500000000000018,0.02288089793563229,0.036041444427510075,0.036041444427510075,0.015826320648193448,0.18106601717798232,0.18106601717798232,0.0,0.0
49ae81f8e34c4e06bc213d925cc1ca84,1.8000000000000003,3.6000000000000014,3.6000000000000014,0.0,0.2851260780109287,0.4663339348524404,0.1390465095403176,0.007120656967163352,1.8000000000000003,3.6000000000000014,3.6000000000000014,0.0,0.28368266525818164,0.4666675520963748,0.13499912754661053,0.007696151733397549,1.8000000000000003,1.8000000000000003,0.0,0.0014434127527470642
4a40e25d4566496db0227c4eaefabb06,0.0,0.0,0.0,0.0,0.027255519363444017,0.06423566959937609,0.041642710910150295,0.015400886535644087,0.0,0.0,0.0,0.0,0.02873355595536192,0.06899316203887358,0.029039677683272036,0.01675500869751012,0.0,0.0,0.0,-0.0014780365919179021
4a4d37eb14c442b7957d30d566387f0a,0.9749999999999992,4.799999999999997,4.799999999999997,0.0,0.30489204446547435,0.44622933125569475,0.1687485508713767,0.005507612228393022,0.9749999999999992,4.799999999999997,4.799999999999997,0.0,0.30489204446547435,0.44622933125569475,0.1687485508713767,0.005507612228393022,0.9749999999999992,0.9749999999999992,0.0,0.0
4a6dcf32c2494929bb6922ec8d99b80e,7.05,17.999999999999996,17.999999999999996,0.0,0.9556371609464596,1.412446577361131,0.4246863233651867,0.02345681190490767,7.05,17.999999999999996,17.999999999999996,0.0,0.9556371609464596,1.412446577361131,0.4246863233651867,0.02345681190490767,7.05,7.05,0.0,0.0
4b4c3bc538e64867a9712470e04d61cf,2.625,8.400000000000002,1.2000000000000028,0.0,0.36374058111448104,0.530157554238141,0.21326241491522965,0.005095195770262961,1.7999999999999998,5.9999999999999964,1.2000000000000028,0.0,0.2411025702138317,0.3321418486189232,0.15384022811434347,0.002596807479857688,2.625,1.7999999999999998,0.8250000000000002,0.12263801090064935
4b65f133505445c7a2425c44b0a2f46f,0.07499999999999973,1.1999999999999957,0.0,0.0,0.004238452848654189,0.007533925425171373,0.005095898719884964,0.0003048419952382808,0.6000000000000001,3.599999999999998,1.2000000000000028,0.0,0.05935890650515255,0.11655331058343588,0.0751111802330186,0.002033901214600231,0.07499999999999973,0.6000000000000001,-0.5250000000000004,-0.055120453656498355
4befbce67d4a4ec2b0fab8a9fdcfe5e9,3.2487959297325597,8.48528137423857,4.9477267507411975,0.22500000000000053,0.538321467436234,1.0225971185852014,0.296057624107307,0.0236663818359375,1.425,3.6000000000000014,0.0,0.0,0.2976350778518794,0.5761339535624657,0.12627039629574632,0.014374065399170632,3.2487959297325597,1.425,1.8237959297325597,0.24068638958435457
4d53a5c439ef43028f3d4b874adac519,0.6580040374117909,4.947726750741191,0.0,0.22500000000000053,0.016692563361392625,0.027747250853912282,0.00845228763231142,0.007179737091065341,0.6964037464339528,4.947726750741191,0.0,0.15000000000000036,0.02600739491124445,0.03829756262685893,0.026405383895039942,0.005064868927001864,0.6580040374117909,0.6964037464339528,-0.03839970902216183,-0.009314831549851826
4de1ba6d551f4b499f4c7c45e70e4e9c,0.0,0.0,0.0,0.0,0.02088323342671497,0.03225019953597836,0.02821695375745735,0.003397464752198154,0.0,0.0,0.0,0.0,0.0,0.0,0.0,0.0,0.0,0.0,0.0,0.02088323342671497
4de7963785f34de7afb9e5aae3ce6f9f,0.0,0.0,0.0,0.0,0.0,0.0,0.0,0.0,0.0,0.0,0.0,0.0,0.0,0.0,0.0,0.0,0.0,0.0,0.0,0.0
4e5e68d8f6c14b9685cb129fce75da81,0.8249999999999997,3.599999999999998,0.0,0.0,0.030924704919983094,0.057296277268996575,0.03354206549360686,0.005714321136474965,0.5999999999999999,3.599999999999998,0.0,0.0,0.0346865888767179,0.0641583914383396,0.0411958139022993,0.006326150894166105,0.8249999999999997,0.5999999999999999,0.22499999999999987,-0.003761883956734803
4eba00e1c0cb4fd7a7571c08c542d376,0.07499999999999996,1.1999999999999993,0.0,0.0,0.13532523156074935,0.23741376153831553,0.12465044847360425,0.02718901634216353,0.07499999999999996,1.1999999999999993,0.0,0.0,0.13328466702714092,0.2343227500751655,0.12262338214824593,0.02707185745239249,0.07499999999999996,0.07499999999999996,0.0,0.00204056453360843
4f23e318231b402690dbbdcea385acc3,0.8250000000000002,2.3999999999999986,1.2000000000000028,0.0,0.12962626100655555,0.18667120653231106,0.06748069987070769,0.002167224884033203,0.8250000000000002,2.3999999999999986,1.2000000000000028,0.0,0.12962626100655555,0.18667120653231106,0.06748069987070769,0.002167224884033203,0.8250000000000002,0.8250000000000002,0.0,0.0
4f6e2d8e22ce40cebfd0d3de008f4d4e,0.2999999999999996,1.1999999999999993,0.0,0.0,0.1747549231584004,0.2936572231672904,0.089465326878366,0.00711350440979075,0.1499999999999999,1.1999999999999993,0.0,0.0,0.12453668065595533,0.2251746048852827,0.048555851973062246,0.005699014663697266,0.2999999999999996,0.1499999999999999,0.1499999999999997,0.05021824250244508
501cd7d1cd6c4540800f503172a97b73,1.1999999999999993,6.0,0.0,0.0,0.32597300913003496,0.4665793362344077,0.12686613552318596,0.017579555511475053,1.1999999999999993,6.0,0.0,0.0,0.32597300913003496,0.4665793362344077,0.12686613552318596,0.017579555511475053,1.1999999999999993,1.1999999999999993,0.0,0.0
503f1deac86d4a4dafcb2956595bdbdb,1.7312071897723664,7.299315036357867,1.1999999999999957,0.07500000000000018,0.32518498566579707,0.5017551301144442,0.11186828615622563,0.007465267181397284,1.7312071897723664,7.299315036357867,1.1999999999999957,0.07500000000000018,0.32518498566579707,0.5017551301144442,0.11186828615622563,0.007465267181397284,1.7312071897723664,1.7312071897723664,0.0,0.0
50488284203440c0b64f5e78e87aa28f,0.2250000000000001,2.400000000000002,0.0,0.0,0.052839127977821754,0.09561002062218281,0.03553657595414024,0.004006004333496183,0.30000000000000004,2.400000000000002,0.0,0.0,0.13782459139592695,0.2341150467915874,0.06136605829251523,0.005811882019042702,0.2250000000000001,0.30000000000000004,-0.07499999999999996,-0.0849854634181052
5097b77126334fdfb3ed5adcfb8f067b,1.4250000000000003,3.6000000000000014,1.2000000000000028,0.0,0.28173739121945146,0.5582839757880672,0.11049306888214708,0.02327556610107262,0.44999999999999973,2.3999999999999986,1.2000000000000028,0.0,0.08452596168936061,0.2382333802984144,0.03695964751761954,0.026499795913697,1.4250000000000003,0.44999999999999973,0.9750000000000005,0.19721142953009085
509eb9216c45423192fa718058acfb97,0.9121708245126287,3.7947331922020506,0.0,0.07500000000000018,0.08620126175740384,0.1378548143138009,0.06763233812355414,0.008755588531494052,0.2427050983124844,2.6832815729997477,0.0,0.07500000000000018,0.0187472876886001,0.03640898264122301,0.03371385352628738,0.0021902561187743252,0.9121708245126287,0.2427050983124844,0.6694657262001442,0.06745397406880374
510c3f937ce54fafa51f9c9f98f0a4a5,0.0,0.0,0.0,0.0,0.0,0.0,0.0,0.0,0.0,0.0,0.0,0.0,0.0,0.0,0.0,0.0,0.0,0.0,0.0,0.0
519b85741bad4cb0b8c1164ac46fec6e,4.875,12.0,6.0,0.0,0.49027610306560226,0.9835885861470407,0.24182965661432623,0.027926445007323775,0.6000000000000001,3.6000000000000014,1.2000000000000028,0.0,0.06645461696449517,0.22715180535271523,0.05073617338114183,0.01959314346313512,4.875,0.6000000000000001,4.275,0.4238214861011071
51f7ea7d3e4e42dfaf183dbe9996f1fb,0.0,0.0,0.0,0.0,0.026741452486190857,0.05103900682688583,0.020584716674715356,0.01590070724487269,0.345416345659799,4.326661530556785,0.0,0.1499999999999999,0.030593296139616172,0.06030694477733922,0.018467301395105738,0.01585378646850577,0.0,0.345416345659799,-0.345416345659799,-0.0038518436534253145
520d400e8b8f4fc5a4e8a59909a23e83,3.5250000000000004,7.200000000000003,6.0,0.0,0.5474713787782504,0.9024025241825425,0.14098102161200055,0.008885478973389205,3.5250000000000004,7.200000000000003,6.0,0.0,0.595458478348894,0.9245926487003792,0.2160764952714431,0.007817173004150302,3.5250000000000004,3.5250000000000004,0.0,-0.04798709957064362
5254163f8fcd4362b6019bbb88dc13ec,0.4499999999999995,2.400000000000002,0.0,0.0,0.06537182072615143,0.1358665062995892,0.030124479846120735,0.008703947067260298,0.4499999999999995,2.400000000000002,0.0,0.0,0.06537182072615143,0.1358665062995892,0.030124479846120735,0.008703947067260298,0.4499999999999995,0.4499999999999995,0.0,0.0
52592f70fce143e59b44da5e2ad06134,0.5999999999999996,2.3999999999999986,0.0,0.0,0.10565847718605825,0.17353890533830413,0.06798130439197506,0.0015842914581298828,0.3310660171779819,1.697056274847713,0.0,0.07500000000000018,0.018333747441409535,0.02846477907891012,0.009234304258853009,0.004008865356445845,0.5999999999999996,0.3310660171779819,0.26893398282201775,0.08732472974464872
52c853ea6b55497b9cd9ddaa03f92133,1.8074264635194588,6.118823416311343,6.118823416311343,0.07500000000000018,0.23391719714258585,0.37640079716986724,0.14321262582202238,0.005704593658447443,1.8074264635194588,6.118823416311343,6.118823416311343,0.07500000000000018,0.23391719714258585,0.37640079716986724,0.14321262582202238,0.005704593658447443,1.8074264635194588,1.8074264635194588,0.0,0.0
53634328fddd46e883f7e1d6ccb7b059,0.5999999999999999,2.3999999999999986,0.0,0.0,0.08953407449442606,0.13492001951432295,0.057769816923056654,0.0034064769744874823,0.5999999999999999,2.3999999999999986,0.0,0.0,0.08953407449442606,0.13492001951432295,0.057769816923056654,0.0034064769744874823,0.5999999999999999,0.5999999999999999,0.0,0.0
536c2a1199ac4b20bcb1e06484317ea5,1.7741929687288853,6.242595614005445,4.326661530556789,1.2937500000000002,0.10930061479952859,0.2050630594876105,0.08526917952455994,0.025094318389893733,1.7741929687288853,6.242595614005445,4.326661530556789,1.2937500000000002,0.10710239114812622,0.19998501330139504,0.07982269487263505,0.023645496368408292,1.7741929687288853,1.7741929687288853,0.0,0.0021982236514023618
53848df7ecbb4d9796135c43576eb054,2.025,9.600000000000001,0.0,0.0,0.09837137540167774,0.2195813738840062,0.018817742124910615,0.004333019256591797,1.95,9.600000000000001,0.0,0.0,0.13277236996627229,0.27658666129112897,0.0370655499349443,0.004198980331420632,2.025,1.95,0.07499999999999996,-0.03440099456459454
538d60ddf0014c268ee1efbec35289a1,0.7975318514749488,11.063453348751464,11.063453348751464,0.5249999999999999,0.0574434541636623,0.1891236317301431,0.1891236317301431,0.04678916931152344,0.7975318514749488,11.063453348751464,11.063453348751464,0.5249999999999999,0.06251827436077245,0.20538198779566888,0.20538198779566888,0.05315866470336905,0.7975318514749488,0.7975318514749488,0.0,-0.005074820197110155
540148e6f2dc42a2a2067d0278053664,0.6750000000000003,3.6000000000000014,0.0,0.0,0.038357735327205905,0.0692304337445065,0.002751845085588966,0.0029189586639390974,0.375,1.2000000000000028,1.1999999999999957,0.0,0.06383395508044945,0.11251157567421233,0.022289462724483185,0.004067230224609197,0.6750000000000003,0.375,0.30000000000000027,-0.025476219753243545
54f30ff0370b482b823ffedbb19efc2a,0.7562071897723665,7.2993150363578625,0.0,0.07499999999999973,0.100926797689851,0.17308168847162467,0.05500322565142759,0.013031673431397106,0.7562071897723665,7.2993150363578625,0.0,0.07499999999999973,0.100926797689851,0.17308168847162467,0.05500322565142759,0.013031673431397106,0.7562071897723665,0.7562071897723665,0.0,0.0
54f76e2010ea4ac5a9b9f354ad28612c,2.55,7.200000000000003,4.799999999999997,0.0,0.24610542213877284,0.37118461499130323,0.1638956033107117,0.003450536727906961,2.55,7.200000000000003,4.799999999999997,0.0,0.24610542213877284,0.37118461499130323,0.1638956033107117,0.003450536727906961,2.55,2.55,0.0,0.0
5560b4eacfe54b1fba1364ab9458c11d,0.22499999999999987,1.2000000000000028,1.1999999999999957,0.0,0.07315809990841741,0.13025041855857586,0.10330896014637622,0.006953144073485795,0.22499999999999987,1.2000000000000028,1.1999999999999957,0.0,0.07559768887561716,0.13402234981323394,0.10621286886847332,0.006869745254515891,0.22499999999999987,0.22499999999999987,0.0,-0.0024395889671997434
556a590f3e1741fb87d7e4dc8ea687e4,2.7,4.800000000000001,4.800000000000001,0.0,0.5433958936834711,0.7681310255128444,0.4354970937349423,0.012725257873534623,2.85,4.800000000000001,4.800000000000001,0.0,0.571032316581046,0.8211505090877513,0.4633749752184436,0.012824392318726119,2.7,2.85,-0.1499999999999999,-0.027636422897574953
561267202fe2417ba38f62cba6561b44,5.042893973956675,12.059850745345068,3.6000000000000014,0.3000000000000007,0.5893281901744158,1.0139085068368376,0.17534588788692443,0.055341768264769886,3.4641533023726083,10.866462165764904,3.6000000000000014,0.22500000000000053,0.38457411825015886,0.6208982217668647,0.09137017118029322,0.03023743629455522,5.042893973956675,3.4641533023726083,1.5787406715840664,0.204754071924257
568df10a9f1b48ca8f79b4b534e28b54,0.30000000000000027,1.2000000000000028,0.0,0.0,0.2568059142986903,0.4556858328996265,0.1455392742706249,0.0031788825988767755,3.1500000000000004,22.8,22.8,0.0,0.39755562884198115,0.6799512762478125,0.22153500709551988,0.0035428047180179334,0.30000000000000027,3.1500000000000004,-2.85,-0.14074971454329083
56a8812e2fae4b13960c853cebe58374,0.0,0.0,0.0,0.0,0.0,0.0,0.0,0.0,0.0,0.0,0.0,0.0,0.0,0.0,0.0,0.0,0.0,0.0,0.0,0.0
56df6efe8be541c5b36768babe32f027,6.6,12.0,8.399999999999999,0.0,0.954993068197322,1.5320823533276016,0.22748748811951552,0.0056922912597663355,6.5249999999999995,12.0,8.399999999999999,0.0,0.9713823274991267,1.5908511777512744,0.3255892794226758,0.008039903640748136,6.6,6.5249999999999995,0.07500000000000018,-0.01638925930180468
581b3ac0f7904012b2569fb92a986640,0.8208203932499367,5.366563145999493,0.0,0.2999999999999998,0.05293784513255659,0.12955923240831807,0.016413589947344907,0.013962364196777877,0.8208203932499367,5.366563145999493,0.0,0.2999999999999998,0.05557927019136012,0.13085532785542828,0.02162181081590646,0.013507461547852095,0.8208203932499367,0.8208203932499367,0.0,-0.0026414250588035343
58494ec3aae248eeaa6189447a011b1e,0.39319805153394627,1.697056274847718,0.0,0.2999999999999998,0.05411577552869067,0.11624631489734691,0.04969922055424599,0.014392375946045366,0.39319805153394627,1.697056274847718,0.0,0.2999999999999998,0.05411577552869067,0.11624631489734691,0.04969922055424599,0.014392375946045366,0.39319805153394627,0.39319805153394627,0.0,0.0
594881e10bca4f689d5a6b97ab3d763d,0.6800264904258815,6.997142273814357,0.0,0.2999999999999994,0.09333970611388653,0.13634059215892613,0.10406168296612592,0.048495483398437234,0.0,0.0,0.0,0.0,0.03021467501106808,0.039529097759044465,0.020091499958034137,0.006357192993163618,0.6800264904258815,0.0,0.6800264904258815,0.06312503110281845
59af0c1a326946a78223cbfa8f5e7cc1,4.14054585201715,9.67470929795826,9.67470929795826,0.22500000000000053,0.5618856745091514,1.138557638252275,0.39853749663900945,0.03685054779052743,3.2445222581613087,9.67470929795826,9.67470929795826,0.22500000000000053,0.4563170445271678,0.8936856042879767,0.34957080464889256,0.033097028732299805,4.14054585201715,3.2445222581613087,0.896023593855841,0.10556862998198357
5a42a9de66d84a4d89bd4b33350d5b4b,0.31770509831248434,2.683281572999751,0.0,0.07500000000000018,0.017268097672077657,0.022021537768010236,0.01846204700891292,0.001917314529419567,0.31770509831248434,2.683281572999751,0.0,0.07500000000000018,0.017268097672077657,0.022021537768010236,0.01846204700891292,0.001917314529419567,0.31770509831248434,0.31770509831248434,0.0,0.0
5b0d75842bb1488c8a860726560cd9c1,0.44999999999999996,1.2000000000000028,1.1999999999999957,0.0,0.058039441184484404,0.11419552574766324,0.07675449304100561,0.012650442123411931,0.6749999999999998,3.6000000000000014,3.6000000000000014,0.0,0.07036137580375726,0.12605512506382452,0.0827533981394525,0.00647106170654288,0.44999999999999996,0.6749999999999998,-0.22499999999999987,-0.012321934619272855
5b5ebee8cf0f49ddba2e59a8227ead1a,0.8250000000000002,6.0,3.6000000000000014,0.0,0.056233359167394935,0.07839540592910771,0.049379964164020136,0.004109716415404474,0.0,0.0,0.0,0.0,0.0,0.0,0.0,0.0,0.8250000000000002,0.0,0.8250000000000002,0.056233359167394935
5c39883457854ab5994a1f32ea05d76f,1.6017338323238632,8.485281374238568,8.485281374238568,0.2250000000000001,0.2837418930742488,0.47192865256257466,0.16735771179057937,0.01736240386962873,1.6017338323238632,8.485281374238568,8.485281374238568,0.2250000000000001,0.2837418930742488,0.47192865256257466,0.16735771179057937,0.01736240386962873,1.6017338323238632,1.6017338323238632,0.0,0.0
5c561271e7f64c42bad8343eb42043e4,2.3999999999999995,21.599999999999998,21.599999999999998,0.0,0.024324126360932997,0.04583508789807698,0.04185095551554199,0.003938770294188654,4.424999999999999,32.39999999999999,10.799999999999997,0.0,0.15454971475778623,0.27791833583375153,0.047671994946190725,0.0024191379547127134,2.3999999999999995,4.424999999999999,-2.0249999999999995,-0.13022558839685322
5c7463b0fb974be7bd2fd8c8f19c026b,1.1453635743380388,6.4621977685614045,0.0,0.375,0.12142774510760844,0.293668924342623,0.05509905899206351,0.047535610198973455,1.1453635743380388,6.4621977685614045,0.0,0.375,0.12142774510760844,0.293668924342623,0.05509905899206351,0.047535610198973455,1.1453635743380388,1.1453635743380388,0.0,0.0
5cb57a8f69a242a9bfcc2043ad486974,1.9743416490252574,3.7947331922020573,3.7947331922020573,0.15000000000000036,0.39786024696032707,0.8170943174713265,0.17066347701221588,0.046933221817016424,2.0493416490252576,3.7947331922020573,3.7947331922020573,0.15000000000000036,0.43118652723720585,0.8686002915257413,0.18949732754077594,0.04669032096862802,1.9743416490252574,2.0493416490252576,-0.07500000000000018,-0.033326280276878784
5ccb57df1e03422bbcc9bb0d0db64474,3.6749999999999994,10.799999999999997,6.0,0.0,0.46194241536809166,0.6401244211638757,0.4621749953073491,0.011065149307250444,1.65,7.200000000000003,4.799999999999997,0.0,0.21032249561704258,0.3536796104432342,0.11038933819749978,0.017756509780884056,3.6749999999999994,1.65,2.0249999999999995,0.2516199197510491
5d1c94a4e79c4ae8ab8a58977826b106,0.0,0.0,0.0,0.0,0.025803669741885818,0.04210516848126769,0.010809502473644058,0.0014529705047592323,0.0,0.0,0.0,0.0,0.025803669741885818,0.04210516848126769,0.010809502473644058,0.0014529705047592323,0.0,0.0,0.0,0.0
5da7a86fabd64f899c9f60d9c72e09e7,4.424999999999999,11.999999999999996,0.0,0.0,0.03166088646903807,0.07164824295321767,0.007236192905657009,0.0030562877655033738,3.674999999999999,11.999999999999996,0.0,0.0,0.10268583802307495,0.14334778935407103,0.08458559953077963,0.0014727115631112397,4.424999999999999,3.674999999999999,0.75,-0.07102495155403687
5dd248af969c406f9812c24fe4498974,0.0,0.0,0.0,0.0,0.0,0.0,0.0,0.0,0.0,0.0,0.0,0.0,0.0,0.0,0.0,0.0,0.0,0.0,0.0,0.0
5dfdf5c61f95420f89b53d65fb28e6cd,0.1499999999999999,1.2000000000000028,0.0,0.0,0.05942492949886144,0.08578491272005159,0.03327781303445829,0.008151626586914595,0.1499999999999999,1.2000000000000028,0.0,0.0,0.056219145884770144,0.07706401696765393,0.036975874976086724,0.007665967941284713,0.1499999999999999,0.1499999999999999,0.0,0.0032057836140912954
5e0d10b1807d4f2e882b6162e02b9f93,0.44999999999999996,2.3999999999999986,0.0,0.0,0.04626048601343981,0.09706922889470045,0.03163426156427556,0.007566976547242366,0.44999999999999996,2.3999999999999986,0.0,0.0,0.04626048601343981,0.09706922889470045,0.03163426156427556,0.007566976547242366,0.44999999999999996,0.44999999999999996,0.0,0.0
5e31acf29f044d3fbf1328e1c7f87918,0.44999999999999996,2.400000000000002,0.0,0.0,0.02285313469279525,0.044780309759466466,0.043730329131686826,0.005771255493162819,0.3750000000000002,2.400000000000002,0.0,0.0,0.03733845957739714,0.06340237869441878,0.03988562048892732,0.003327941894531339,0.44999999999999996,0.3750000000000002,0.07499999999999973,-0.014485324884601893
5e8e717247d143a3aa8c3239af723a9f,0.0,0.0,0.0,0.0,0.0,0.0,0.0,0.0,0.0,0.0,0.0,0.0,0.0,0.0,0.0,0.0,0.0,0.0,0.0,0.0
5ece1620df164d8b9e8867a9ae1d38b0,1.0500000000000005,3.6000000000000014,2.3999999999999986,0.0,0.08434127974537274,0.21706596830338976,0.022069948921853634,0.0024631977081295275,1.0500000000000005,3.6000000000000014,2.3999999999999986,0.0,0.08434127974537274,0.21706596830338976,0.022069948921853634,0.0024631977081295275,1.0500000000000005,1.0500000000000005,0.0,0.0
5ee110d014374ae093565bba2e81a3fd,0.0,0.0,0.0,0.0,0.0,0.0,0.0,0.0,0.0,0.0,0.0,0.0,0.0,0.0,0.0,0.0,0.0,0.0,0.0,0.0
5f347e6ac6614106950a068bd581876d,4.274999999999999,7.199999999999996,4.799999999999997,0.0,0.7855793816858047,1.3157140197694213,0.20136308791324264,0.009223794937132102,4.124999999999998,7.199999999999996,4.799999999999997,0.0,0.783576031618618,1.2428993218838538,0.26204290121374396,0.011087322235106445,4.274999999999999,4.124999999999998,0.15000000000000036,0.00200335006718666
603304c79ec14a318fdb1c896b8aa43f,0.5999999999999999,2.3999999999999986,1.1999999999999957,0.0,0.04659489477120975,0.11996698487287058,0.046165471982409285,0.013316059112549627,0.5999999999999999,2.3999999999999986,1.1999999999999957,0.0,0.04659489477120975,0.11996698487287058,0.046165471982409285,0.013316059112549627,0.5999999999999999,0.5999999999999999,0.0,0.0
60b79183ee3344c9ac1d4ca7d2d1abde,0.0,0.0,0.0,0.0,0.0,0.0,0.0,0.0,0.0,0.0,0.0,0.0,0.0,0.0,0.0,0.0,0.0,0.0,0.0,0.0
60b825afd7ae4e4199069130109ea025,1.875,4.800000000000004,3.6000000000000014,0.0,0.24556299752866406,0.43297121037810027,0.025577891302646226,0.004901075363159979,0.07500000000000018,1.2000000000000028,0.0,0.0,0.04853770411860251,0.11115288280059497,0.03880920740871179,0.001104784011841442,1.875,0.07500000000000018,1.7999999999999998,0.19702529341006156
613616256c904184b32ec44c23262340,0.0,0.0,0.0,0.0,0.006594199207831565,0.009531554527232786,0.00642561449252094,0.00022602081298916943,0.0,0.0,0.0,0.0,0.006594199207831565,0.009531554527232786,0.00642561449252094,0.00022602081298916943,0.0,0.0,0.0,0.0
616604601309474db9dbd30e28705c51,7.277341465641104,19.237463450257675,19.237463450257675,0.07500000000000018,0.095414456004839,0.24832526655392362,0.05356970603070316,0.006786203384400391,7.277341465641104,19.237463450257675,19.237463450257675,0.07500000000000018,0.095414456004839,0.24832526655392362,0.05356970603070316,0.006786203384400391,7.277341465641104,7.277341465641104,0.0,0.0
6253275961a54201b8ef78b33bb0a5b4,0.2250000000000001,1.2000000000000028,0.0,0.0,0.0189250167005693,0.045761767920373446,0.023935200542513874,0.003282594680785511,0.2250000000000001,1.2000000000000028,0.0,0.0,0.0189250167005693,0.045761767920373446,0.023935200542513874,0.003282594680785511,0.2250000000000001,0.2250000000000001,0.0,0.0
6269703390624957869e9bc071f16e17,0.5324264635194587,6.118823416311341,0.0,0.07499999999999973,0.07247051288480576,0.11646074607389621,0.02903760889957999,0.011087179183959961,0.5324264635194587,6.118823416311341,0.0,0.07499999999999973,0.07247051288480576,0.11646074607389621,0.02903760889957999,0.011087179183959961,0.5324264635194587,0.5324264635194587,0.0,0.0
630afa548ead41a48f53e6fb511b65ce,5.3999999999999995,11.999999999999993,4.800000000000004,0.0,0.8678959066379355,1.5413843562135452,0.25490101868456005,0.02481336593627992,4.5,9.600000000000001,4.800000000000004,0.0,0.7447906963232782,1.3773697357609767,0.21836766097200902,0.021786546707152965,5.3999999999999995,4.5,0.8999999999999995,0.12310521031465727
633212bb7ffa4953ac240019c9de2414,1.4342329219213235,4.947726750741191,1.1999999999999957,0.07500000000000018,0.2838211970367431,0.42251586696463533,0.2202662378803145,0.046446561813353604,1.4342329219213235,4.947726750741191,1.1999999999999957,0.07500000000000018,0.2838211970367431,0.42251586696463533,0.2202662378803145,0.046446561813353604,1.4342329219213235,1.4342329219213235,0.0,0.0
64019ba466cb417a94e2f147e3a1bbdd,3.524999999999999,7.200000000000003,1.1999999999999957,0.0,0.628055044492265,1.0432511188637226,0.35465459673371535,0.025584411621093484,3.224999999999999,7.200000000000003,1.1999999999999957,0.0,0.5990721688907762,0.9457958213341792,0.358456316996077,0.02242913246154865,3.524999999999999,3.224999999999999,0.2999999999999998,0.028982875601488822
6413a3e27b664997a08f7a0b82667d06,3.4081452100061758,7.299315036357867,2.683281572999754,0.22500000000000053,0.4836584818539787,0.7835710396835803,0.1306867178851683,0.017548799514770952,3.4081452100061758,7.299315036357867,2.683281572999754,0.22500000000000053,0.4836584818539787,0.7835710396835803,0.1306867178851683,0.017548799514770952,3.4081452100061758,3.4081452100061758,0.0,0.0
6470f7137b9a44c396c41a09ca5ea56b,1.8251315618319426,6.118823416311343,2.6832815729997477,0.15000000000000036,0.23709732495449123,0.5045112835529759,0.011380086132814157,0.016966724395753197,1.6751315618319431,6.118823416311343,2.6832815729997477,0.15000000000000036,0.20175960683039748,0.48590373839461837,0.04380520330474587,0.012855577468871449,1.8251315618319426,1.6751315618319431,0.14999999999999947,0.03533771812409375
6482944ffc7a4e07b6028c5797a41606,0.45742646351945876,6.118823416311341,0.0,0.07499999999999973,0.04061504896322139,0.05696780235119256,0.03898846530526383,0.00601487159729075,0.6074264635194588,6.118823416311341,0.0,0.07499999999999973,0.04987732264324068,0.06372398881826372,0.03236526494437395,0.005301332473754972,0.45742646351945876,0.6074264635194588,-0.15000000000000008,-0.009262273680019285
64f82a78b5ba4418a94a8a5c75877a3c,5.636294205923101,9.67470929795826,9.67470929795826,0.9000000000000021,0.9354625091639951,1.4315660559578227,0.40034279273586015,0.04948210716247514,4.593081317978752,9.67470929795826,9.67470929795826,0.7500000000000018,0.7832717395164488,1.187948564441421,0.35965368509688284,0.02677702903747603,5.636294205923101,4.593081317978752,1.0432128879443487,0.1521907696475463
6563266bf0644b3f970a0575c1e58a5e,1.8062071897723664,7.299315036357867,7.299315036357867,0.07500000000000018,0.3589097782603309,0.5849251156893486,0.304509353238907,0.07477512359619176,1.575,3.599999999999998,2.4000000000000057,0.0,0.390107292858597,0.6344255952385485,0.30825399058781094,0.06375203132629403,1.8062071897723664,1.575,0.23120718977236643,-0.03119751459826614
657b2fe881834950a629c05285b2055a,0.44999999999999996,1.2000000000000028,0.0,0.0,0.21170415484519944,0.33316623136224593,0.15231856790788903,0.012729120254516335,0.30000000000000004,1.2000000000000028,0.0,0.0,0.17574743195165438,0.279516330986749,0.09967051630721231,0.010444593429566051,0.44999999999999996,0.30000000000000004,0.1499999999999999,0.03595672289354507
65afa21300f3456b993fd438e3f5a532,5.817640687119284,8.48528137423857,8.48528137423857,0.6000000000000014,0.4528908080688925,0.6025748345505063,0.34301158973448614,0.05466456413268972,0.0,0.0,0.0,0.0,0.07317942297056515,0.13067664135457166,0.04851764254072394,0.01960115432739329,5.817640687119284,0.0,5.817640687119284,0.37971138509832736
65b7811ca02e43f4a9c6b562eda11ff1,0.07500000000000018,1.2000000000000028,0.0,0.0,0.025305718648399613,0.03737061144393251,0.01469101291623337,0.0015008926391595345,0.07500000000000018,1.2000000000000028,0.0,0.0,0.025305718648399613,0.03737061144393251,0.01469101291623337,0.0015008926391595345,0.07500000000000018,0.07500000000000018,0.0,0.0
65d0f0aee78e4c129d43be974ad923d3,1.5898529270389177,6.118823416311343,6.118823416311343,0.15000000000000036,0.18664425305725202,0.2858790246948751,0.15398283395978618,0.015203619003296698,2.2710601168112845,7.299315036357867,7.299315036357867,0.22500000000000053,0.3101895666260093,0.39119598205464806,0.2626783075476847,0.02068247795105016,1.5898529270389177,2.2710601168112845,-0.6812071897723668,-0.12354531356875731
65e33f94a2bf4a9a8daa6e537d2aaec5,1.6500000000000001,3.6000000000000014,1.2000000000000028,0.0,0.24688903413904642,0.4441568527816813,0.051187751584119194,0.007112646102906517,1.6500000000000001,4.799999999999997,1.2000000000000028,0.0,0.24475972700014204,0.4914951430983069,0.01583584397250727,0.01022043228149494,1.6500000000000001,1.6500000000000001,0.0,0.002129307138904385
65e61ba2c56b486cbf594a1f382b9ac8,0.0,0.0,0.0,0.0,0.0,0.0,0.0,0.0,0.0,0.0,0.0,0.0,0.0,0.0,0.0,0.0,0.0,0.0,0.0,0.0
6609fa8733f14987ab840f3467c609e3,3.4954895953941945,7.199999999999996,6.118823416311343,0.3750000000000009,0.4337688289179806,0.6926660952825449,0.1535800032179452,0.018509387969970703,3.4954895953941945,7.199999999999996,6.118823416311343,0.3750000000000009,0.4337688289179806,0.6926660952825449,0.1535800032179452,0.018509387969970703,3.4954895953941945,3.4954895953941945,0.0,0.0
6611ad2d1fe44459b9a1bad7d64fd55b,0.9000000000000001,3.6000000000000014,3.6000000000000014,0.15000000000000036,0.18529368161156892,0.2984620718312007,0.09313812535841322,0.006514120101928977,0.9750000000000003,4.800000000000004,4.800000000000004,0.15000000000000036,0.16467615422284726,0.2683162052583615,0.08299815768654768,0.007342672348022994,0.9000000000000001,0.9750000000000003,-0.07500000000000018,0.020617527388721663
66ad5282ecf24b2990cd9942744288b0,0.2737711154904664,2.6832815729997463,0.0,0.2250000000000001,0.048522328141952946,0.1453136998509688,0.061883934253793856,0.02415275573730513,0.2737711154904664,2.6832815729997463,0.0,0.2250000000000001,0.04918212187772739,0.16416378400885834,0.04886658157858171,0.02087888717651376,0.2737711154904664,0.2737711154904664,0.0,-0.0006597937357744471
66fa05f640b84787a630a891ab8e5d22,0.0,0.0,0.0,0.0,0.07230933479123632,0.24860683114121626,0.08977931044066711,0.03396263122558629,0.0,0.0,0.0,0.0,0.07035620994335923,0.23196382997081819,0.09339952089525741,0.035643196105956676,0.0,0.0,0.0,0.0019531248478770885
674a70e36a484747bea591020acf9cd7,4.875,10.799999999999997,9.600000000000001,0.0,0.5920546589897331,0.7740126648431785,0.4338580741364049,0.014943265914917792,0.75,3.6000000000000014,0.0,0.0,0.2984999329456849,0.5293690823577103,0.14054440632688212,0.012086820602416726,4.875,0.75,4.125,0.2935547260440482
67dee47149064324afa53e134fa40cf9,0.24270509831248419,2.6832815729997477,0.0,0.07500000000000018,0.1741925016657333,0.35922934790158906,0.05253281698011527,0.020185947418212002,0.24270509831248419,2.6832815729997477,0.0,0.07500000000000018,0.16273145480049384,0.33755833080899167,0.04495925501323362,0.01650924682617161,0.24270509831248419,0.24270509831248419,0.0,0.011461046865239466
684acda1d78c4a959762df565cba29f5,0.0,0.0,0.0,0.0,0.0,0.0,0.0,0.0,0.0,0.0,0.0,0.0,0.0,0.0,0.0,0.0,0.0,0.0,0.0,0.0
696f7f3c2ef2441396b803971ed5c07c,0.0,0.0,0.0,0.0,0.0,0.0,0.0,0.0,0.0,0.0,0.0,0.0,0.0,0.0,0.0,0.0,0.0,0.0,0.0,0.0
6987fe9e78a4437c9ca72aa98dcb7afc,2.786537275662278,8.485281374238577,8.485281374238577,0.15000000000000036,0.3011334939603743,0.4446742208875483,0.13324948054675873,0.00880479812621937,2.786537275662278,8.485281374238577,8.485281374238577,0.15000000000000036,0.3011334939603743,0.4446742208875483,0.13324948054675873,0.00880479812621937,2.786537275662278,2.786537275662278,0.0,0.0
69d132937efa411399801c94e2d149ee,0.0,0.0,0.0,0.0,0.0,0.0,0.0,0.0,0.0,0.0,0.0,0.0,0.0,0.0,0.0,0.0,0.0,0.0,0.0,0.0
6a4e441c5edc4729ab3008ba10eb611b,0.2999999999999996,1.1999999999999993,0.0,0.0,0.07676393156261593,0.15626091177099471,0.06265727877069534,0.007460689544677823,0.2999999999999996,1.1999999999999993,0.0,0.0,0.09687191089115173,0.1775244702259146,0.06184977917586751,0.007249116897583008,0.2999999999999996,0.2999999999999996,0.0,-0.020107979328535794
6a53a53e9883421d8f2a50b2546f2745,0.0,0.0,0.0,0.0,0.0,0.0,0.0,0.0,0.0,0.0,0.0,0.0,0.0,0.0,0.0,0.0,0.0,0.0,0.0,0.0
6b0bc69ad63e4480ae6dc8616d0933a9,0.6749999999999998,2.400000000000002,0.0,0.0,0.14499482915491058,0.2715887575412257,0.007103762146718045,0.0059640884399407845,0.6749999999999998,2.400000000000002,0.0,0.0,0.14499482915491058,0.2715887575412257,0.007103762146718045,0.0059640884399407845,0.6749999999999998,0.6749999999999998,0.0,0.0
6b506fcb72d542ed96d98270abb7aad3,0.07500000000000018,1.2000000000000028,0.0,0.0,0.03249098721456719,0.047172176853826485,0.032287064784075156,0.0025577545166020066,0.07500000000000018,1.2000000000000028,0.0,0.0,0.03249098721456719,0.047172176853826485,0.032287064784075156,0.0025577545166020066,0.07500000000000018,0.07500000000000018,0.0,0.0
6bf3216a14194deda5a2e73df826e3e0,2.9250000000000007,6.0,3.6000000000000014,0.0,0.4239984849244601,0.8402043555352021,0.24143014744054248,0.026983594894410157,1.9500000000000004,4.800000000000004,2.3999999999999986,0.0,0.2745101544748393,0.575293675079278,0.15234608909181804,0.023387718200684304,2.9250000000000007,1.9500000000000004,0.9750000000000003,0.1494883304496208
6ec76d5f32224d11bdc44c4dcd356461,0.22499999999999987,3.599999999999998,0.0,0.0,0.10924926598614464,0.21922566780092168,0.20377681633070194,0.032174491882324574,0.2999999999999998,3.599999999999998,0.0,0.0,0.40776596320488623,0.6748505958359337,0.14117037496742807,0.05982670783996635,0.22499999999999987,0.2999999999999998,-0.07499999999999996,-0.2985166972187416
6f801059ac9e4220828b59fcf10c7880,0.0,0.0,0.0,0.0,0.0,0.0,0.0,0.0,0.0,0.0,0.0,0.0,0.0,0.0,0.0,0.0,0.0,0.0,0.0,0.0
6fa363a1c7fc4aa2aefb9ebc5cd1d343,0.375,3.6000000000000014,0.0,0.0,0.10106961561325609,0.20754790437496562,0.10213115415544724,0.012206697463988725,0.375,3.6000000000000014,0.0,0.0,0.10106961561325609,0.20754790437496562,0.10213115415544724,0.012206697463988725,0.375,0.375,0.0,0.0
70026bd792b44ec0a70fd7c75a267c28,0.07500000000000018,1.2000000000000028,0.0,0.0,0.0549177582788368,0.10376890237634671,0.011849096812342705,0.003468561172486506,0.07500000000000018,1.2000000000000028,0.0,0.0,0.03978212744914774,0.07165954240823072,0.004261720781909287,0.0018575191497811616,0.07500000000000018,0.07500000000000018,0.0,0.015135630829689058
706d7015b80d4329b80d4a8c52139ab4,0.0,0.0,0.0,0.0,0.0,0.0,0.0,0.0,0.0,0.0,0.0,0.0,0.0,0.0,0.0,0.0,0.0,0.0,0.0,0.0
70d6fbed8dad47a3994af9e6e12f34b9,1.8177050983124843,3.6000000000000014,2.3999999999999986,0.07500000000000018,0.3217141211751258,0.4750207000313126,0.21379434226804198,0.026001834869384233,0.9177050983124841,2.683281572999751,1.1999999999999957,0.07500000000000018,0.16620874232694804,0.30155485219859196,0.08448789229004296,0.022884035110473544,1.8177050983124843,0.9177050983124841,0.9000000000000001,0.15550537884817778
70f1be9db31549b4ae195cd8588cf3f1,3.6,7.200000000000003,7.199999999999996,0.0,0.577993989416272,1.0200163421508546,0.40736293302432586,0.009517192840575284,3.6,7.200000000000003,7.199999999999996,0.0,0.577993989416272,1.0200163421508546,0.40736293302432586,0.009517192840575284,3.6,3.6,0.0,0.0
7184209f0b664006a01f7dea4e4ed12c,0.07500000000000018,1.2000000000000028,0.0,0.0,0.058148857493263165,0.08904508240785494,0.08904508240785494,0.004207563400267844,0.37500000000000044,2.3999999999999986,0.0,0.0,0.026846215409189175,0.06964851526028223,0.015970503306879106,0.003328371047973011,0.07500000000000018,0.37500000000000044,-0.30000000000000027,0.03130264208407399
71ad8e55997f4e8ebf2fef20e46eded2,0.14999999999999947,1.1999999999999957,1.1999999999999957,0.0,0.03360667249933656,0.06365106658028732,0.03909179870974924,0.0025298595428462356,0.2999999999999994,1.2000000000000028,0.0,0.0,0.06769209814870905,0.08517690827206824,0.05491948756249149,0.001080036163329634,0.14999999999999947,0.2999999999999994,-0.1499999999999999,-0.03408542564937249
7282c260eb3440539424668687a82648,0.0,0.0,0.0,0.0,0.0,0.0,0.0,0.0,0.0,0.0,0.0,0.0,0.0,0.0,0.0,0.0,0.0,0.0,0.0,0.0
73698638611b4a239dc1cd952921fdd3,0.4500000000000002,1.2000000000000028,1.2000000000000028,0.0,0.15048733533154668,0.2887157101903454,0.05453847987667027,0.006995773315428888,0.5250000000000001,1.2000000000000028,1.2000000000000028,0.0,0.1443551925206737,0.2780487971745281,0.052922875944371214,0.006849718093871804,0.4500000000000002,0.5250000000000001,-0.07499999999999996,0.006132142810872987
7381046329d9409c9d9bdd2cfaee9c5d,0.33106601717798245,2.3999999999999986,1.2000000000000028,0.15000000000000036,0.045144551953787485,0.05775087526500775,0.03198628038324767,0.001452541351318004,0.2250000000000001,1.2000000000000028,0.0,0.07500000000000018,0.007750258015999024,0.017230143126278123,0.017230143126278123,0.0018608093261716085,0.33106601717798245,0.2250000000000001,0.10606601717798236,0.03739429393778846
7411e03b5a1c47f794e20dac620d6bd2,0.1499999999999999,1.2000000000000028,1.2000000000000028,0.0,0.05990245198270475,0.07571166973259472,0.05541009272259224,0.006580352783203125,0.1499999999999999,1.2000000000000028,1.2000000000000028,0.0,0.05990245198270475,0.07571166973259472,0.05541009272259224,0.006580352783203125,0.1499999999999999,0.1499999999999999,0.0,0.0
745713b3baae4ea18de5c74eb4d06bb8,0.7574264635194585,6.118823416311343,6.118823416311343,0.07500000000000018,0.04465603257472372,0.08086720761038356,0.014459293650348152,0.003411483764648615,0.6749999999999994,4.799999999999997,4.799999999999997,0.0,0.02980539729147496,0.0478402086151698,0.020462417598983252,0.003147125244140181,0.7574264635194585,0.6749999999999994,0.08242646351945915,0.014850635283248759
74dad84d279846b5a8932753efb179e1,0.0,0.0,0.0,0.0,0.0,0.0,0.0,0.0,0.0,0.0,0.0,0.0,0.0,0.0,0.0,0.0,0.0,0.0,0.0,0.0
75b5ebc0c19c4755899974e96055f705,0.0,0.0,0.0,0.0,0.0,0.0,0.0,0.0,0.0,0.0,0.0,0.0,0.0,0.0,0.0,0.0,0.0,0.0,0.0,0.0
7714fdd1943d4487ba9b9b3909352199,0.0,0.0,0.0,0.0,0.0,0.0,0.0,0.0,0.0,0.0,0.0,0.0,0.0,0.0,0.0,0.0,0.0,0.0,0.0,0.0
77280b3c7a44441c87480e1e2e4554f3,1.220155022524255,12.528367810692654,12.528367810692654,0.8999999999999995,0.09842054316577117,0.22042981222482427,0.02928507984661423,0.04375462532043395,1.5966373853620366,12.528367810692654,12.528367810692654,1.1999999999999997,0.07271569024062033,0.12418341825823458,0.02655730095815417,0.0519128322601321,1.220155022524255,1.5966373853620366,-0.3764823628377816,0.025704852925150845
773958eccb29489b89410d9c52579a93,0.9114736833812218,3.7947331922020573,0.0,0.3000000000000007,0.0404264243365544,0.07233401170622328,0.012609527436633407,0.02690062522888237,0.9114736833812218,3.7947331922020573,0.0,0.3000000000000007,0.0404264243365544,0.07233401170622328,0.012609527436633407,0.02690062522888237,0.9114736833812218,0.9114736833812218,0.0,0.0
77558d8e009b490382605c12b7fe8d9e,0.0,0.0,0.0,0.0,0.02943676533136414,0.0664936259779981,0.0100976201920052,0.0040215969085690695,0.0,0.0,0.0,0.0,0.019906292642662873,0.032423539587528076,0.009069412062923193,0.003475856781005149,0.0,0.0,0.0,0.009530472688701268
780d51b2c9be4c8b98b52e0eb7d3ca36,1.3377895602743486,2.6832815729997477,1.6970562748477156,0.6749999999999989,0.06740949709498131,0.17538750281055737,0.0006777376290334631,0.046180915832519265,1.3994286414088508,2.6832815729997477,1.6970562748477156,0.6749999999999989,0.06656317828204407,0.14542656939607357,0.017055967423390113,0.049635601043701794,1.3377895602743486,1.3994286414088508,-0.06163908113450223,0.000846318812937244
789b705cdbcd4e5bb43812186d612d7d,5.0598923732878225,11.320777358467925,8.653323061113575,2.175,0.47208959867320843,0.7139535937371403,0.2421735493197576,0.08977475166320881,4.9914152093777036,11.320777358467925,8.653323061113575,2.175,0.5081143076793985,0.7353583519411311,0.28845735596582167,0.10952696800231809,5.0598923732878225,4.9914152093777036,0.06847716391011893,-0.03602470900619004
79013ac40395493ca00ed73024f63c5c,1.7999999999999998,6.0,2.3999999999999986,0.0,0.2225604245122453,0.47904102169068513,0.03814338182715231,0.006952714920044567,2.175,7.199999999999996,2.3999999999999986,0.0,0.33374537086601763,0.6141105244906446,0.03181177744467785,0.01266932487487793,1.7999999999999998,2.175,-0.375,-0.11118494635377232
7ac3bb7fba5c4852a685555407cd10f1,0.7060660171779821,1.6970562748477156,0.0,0.07500000000000018,0.22825513615774037,0.28900098220559134,0.1731061974832715,0.018064928054809304,0.44999999999999996,1.2000000000000028,0.0,0.0,0.18679680465262172,0.23991542966366317,0.13315753216794549,0.01596937179565394,0.7060660171779821,0.44999999999999996,0.25606601717798216,0.041458331505118656
7ba9d78d92914fd5a204d3bc1233bd4e,0.5682368416906108,3.7947331922020573,3.7947331922020573,0.15000000000000036,0.06024617029806366,0.15548011587579774,0.03721163852111943,0.014634418487549983,0.5682368416906108,3.7947331922020573,3.7947331922020573,0.15000000000000036,0.06024617029806366,0.15548011587579774,0.03721163852111943,0.014634418487549983,0.5682368416906108,0.5682368416906108,0.0,0.0
7c3328b43154403cac0991fd6e967de9,0.0,0.0,0.0,0.0,0.0,0.0,0.0,0.0,0.0,0.0,0.0,0.0,0.0,0.0,0.0,0.0,0.0,0.0,0.0,0.0
7cd4d6bcc3ec4969a70ccc2ace6880bc,0.38717082451262896,3.7947331922020573,0.0,0.07500000000000018,0.09691000334965968,0.1446276828403747,0.08717431355291952,0.013973236083985263,0.38717082451262896,3.7947331922020573,0.0,0.07500000000000018,0.09691000334965968,0.1446276828403747,0.08717431355291952,0.013973236083985263,0.38717082451262896,0.38717082451262896,0.0,0.0
7d0b70d62a3a48d4818173cab9983b63,0.10606601717798192,1.6970562748477107,0.0,0.07499999999999973,0.08482089529674719,0.15950135354895298,0.09388292991415816,0.0270169258117674,0.10606601717798192,1.6970562748477107,0.0,0.07499999999999973,0.08482089529674719,0.15950135354895298,0.09388292991415816,0.0270169258117674,0.10606601717798192,0.10606601717798192,0.0,0.0
7d25b827b18c40358656d2b30f3dd64e,0.0,0.0,0.0,0.0,0.0,0.0,0.0,0.0,0.0,0.0,0.0,0.0,0.0,0.0,0.0,0.0,0.0,0.0,0.0,0.0
7ece2f38911e40128a2f8f06a2f14ae2,0.2250000000000001,1.2000000000000028,0.0,0.0,0.20349886696285652,0.3621539181388568,0.08026769035146544,0.0021512031555177558,0.15000000000000013,1.2000000000000028,0.0,0.0,0.11129918369911468,0.22454224827335767,0.029206341543317364,0.0015727043151865239,0.2250000000000001,0.15000000000000013,0.07499999999999996,0.09219968326374184
7f2b49351d544a6693051a3e834d05aa,0.30000000000000027,1.2000000000000028,0.0,0.0,0.10128086470879913,0.15237827541956478,0.10315704437113665,0.0030894756317141336,0.1499999999999999,1.1999999999999993,0.0,0.0,0.045267132972806524,0.07135687310898697,0.04669082640379674,0.0022539138793939983,0.30000000000000027,0.1499999999999999,0.15000000000000036,0.056013731735992604
7f3d621eec63476a813f7e5cbd396be1,1.3500000000000008,4.800000000000004,4.800000000000004,0.0,0.30826406574610105,0.6314153444618138,0.14650343911571248,0.01918630599975657,1.1250000000000004,3.6000000000000014,3.6000000000000014,0.0,0.23461623519636035,0.5080670092297765,0.10365774600979231,0.022423982620239702,1.3500000000000008,1.1250000000000004,0.2250000000000003,0.0736478305497407
7f905d3578cf4e15bac0a362251ed74a,0.2871320343559641,3.3941125496954263,3.3941125496954263,0.1499999999999999,0.09159943067025113,0.16931230147443443,0.07242795504931636,0.021772670745849432,0.2871320343559641,3.3941125496954263,3.3941125496954263,0.1499999999999999,0.09159943067025113,0.16931230147443443,0.07242795504931636,0.021772670745849432,0.2871320343559641,0.2871320343559641,0.0,0.0
7f96fc627076498587e3b025f66e41ed,3.2249999999999996,4.800000000000004,4.800000000000004,0.0,0.5866707260161254,0.955651174415225,0.21169629807124377,0.023550939559936257,2.85,4.800000000000004,4.800000000000004,0.0,0.48155610411877825,0.8161194254493956,0.16251220024922075,0.019314050674438032,3.2249999999999996,2.85,0.37499999999999956,0.1051146218973471
80905606dcda4d78a5eb61e1676e1ef8,0.5249999999999999,2.3999999999999986,0.0,0.0,0.14417682632829365,0.23348013200790887,0.060356573639268815,0.007499027252196644,0.2999999999999998,1.2000000000000028,0.0,0.0,0.12853099114822292,0.20227680009028778,0.05098061257749288,0.006926536560057706,0.5249999999999999,0.2999999999999998,0.2250000000000001,0.015645835180070733
8177ec02c79340fb9021cc86feec3d74,0.7499999999999998,3.6000000000000014,0.0,0.0,0.08900559774489758,0.16877513795431703,0.016442118066737448,0.01759428977966282,0.6749999999999996,3.5999999999999943,0.0,0.0,0.07957733770337061,0.18033508195969722,0.012435955398582759,0.010737419128418413,0.7499999999999998,0.6749999999999996,0.07500000000000018,0.00942826004152697
81a0b7e1553a42a7a77ecfbb423df537,0.7019380202338084,4.947726750741191,0.0,0.15000000000000036,0.11656758812514072,0.21954549201088805,0.09749040110498443,0.02134151458740252,0.6842329219213242,4.947726750741191,0.0,0.07500000000000018,0.10702259455807463,0.22565433911162058,0.046809382164619114,0.019462251663207475,0.7019380202338084,0.6842329219213242,0.017705098312484124,0.00954499356706609
825a78d231eb472a8538e20f86bae562,0.675,3.6000000000000014,0.0,0.0,0.0823439710322669,0.12875692230964958,0.038787292698685,0.011363554000853426,0.4500000000000004,1.2000000000000028,1.2000000000000028,0.0,0.06272535987847706,0.10186847204476644,0.02165576796896835,0.012684488296508256,0.675,0.4500000000000004,0.22499999999999964,0.019618611153789836
8267e4f69d674315a7ff3d0ba1b5d1b4,2.781207189772366,7.29931503635786,2.3999999999999986,0.07500000000000018,0.4799595275172698,0.734402296493953,0.16852214363413118,0.011986541748046697,2.781207189772366,7.29931503635786,2.3999999999999986,0.07500000000000018,0.4799595275172698,0.734402296493953,0.16852214363413118,0.011986541748046697,2.781207189772366,2.781207189772366,0.0,0.0
82aa58cdc18a4b03ae40861cb0ecef79,0.0,0.0,0.0,0.0,0.0006043771477252107,0.001548899377145723,0.00045075777482525553,0.00023717880248863565,0.0,0.0,0.0,0.0,0.0006043771477252107,0.001548899377145723,0.00045075777482525553,0.00023717880248863565,0.0,0.0,0.0,0.0
842b501588f84b8bb815fce938556b32,1.1999999999999997,8.399999999999999,8.399999999999999,0.0,0.16916680036434312,0.393233323967432,0.11929530846722958,0.006499528884888139,0.4060660171779821,1.697056274847713,1.697056274847713,0.07500000000000018,0.053762203085409355,0.12284228226538095,0.032408305721421456,0.008160638809203924,1.1999999999999997,0.4060660171779821,0.7939339828220177,0.11540459727893376
848d0535939349018c41668705f60469,0.23717082451262844,3.794733192202055,0.0,0.07499999999999973,0.03132205500905027,0.050675627790104344,0.042494640843246834,0.0041015625000007105,0.23717082451262844,3.794733192202055,0.0,0.07499999999999973,0.03132205500905027,0.050675627790104344,0.042494640843246834,0.0041015625000007105,0.23717082451262844,0.23717082451262844,0.0,0.0
84e2c688487a42eba837ca31daf9ef24,1.7342329219213244,4.947726750741194,0.0,0.07500000000000018,0.22984008427984226,0.538326325860863,0.08783658094595874,0.01727557182312056,1.8092329219213241,4.947726750741194,0.0,0.07500000000000018,0.21920897000339418,0.5223497140053043,0.07404689009973195,0.018686914443970526,1.7342329219213244,1.8092329219213241,-0.07499999999999973,0.010631114276448084
856952a195714be0bdd50295c561706d,0.9750000000000005,2.3999999999999986,1.2000000000000028,0.0,0.19311854680394935,0.2745849733004185,0.09648234644196924,0.0032265186309818894,0.9750000000000005,2.3999999999999986,1.2000000000000028,0.0,0.19311854680394935,0.2745849733004185,0.09648234644196924,0.0032265186309818894,0.9750000000000005,0.9750000000000005,0.0,0.0
867689f92a82488f91fc0b7f283c0858,0.30000000000000004,2.3999999999999986,1.2000000000000028,0.0,0.027400774937085117,0.06883136247023248,0.007940403078224571,0.005309915542602184,0.30000000000000004,2.3999999999999986,1.2000000000000028,0.0,0.027400774937085117,0.06883136247023248,0.007940403078224571,0.005309915542602184,0.30000000000000004,0.30000000000000004,0.0,0.0
87227634bd5f47f58e24ee91bbabdba7,5.421403746433953,10.800000000000004,9.600000000000001,0.15000000000000036,0.8607362254383206,1.279905007980538,0.3625737148181912,0.059022474288940696,5.421403746433953,10.799999999999997,9.600000000000001,0.15000000000000036,0.8663996248847894,1.2794229979355816,0.3775961362660377,0.06968922615051287,5.421403746433953,5.421403746433953,0.0,-0.005663399446468764
876b6b9b6d1e498b9cd5d7f2513431dd,7.589153302372607,10.866462165764897,10.799999999999997,0.22500000000000053,1.0468172662419175,1.3005053867950818,0.5635569135987587,0.027671527862548118,7.589153302372607,10.866462165764897,10.799999999999997,0.22500000000000053,1.0468172662419175,1.3005053867950818,0.5635569135987587,0.027671527862548118,7.589153302372607,7.589153302372607,0.0,0.0
888e3d51ee0a4348907a37b90fd940f8,2.9249999999999994,11.999999999999996,0.0,0.0,0.28421022449227173,0.47626295695774384,0.1288409855946721,0.0032119274139410514,2.9249999999999994,11.999999999999996,0.0,0.0,0.28421022449227173,0.47626295695774384,0.1288409855946721,0.0032119274139410514,2.9249999999999994,2.9249999999999994,0.0,0.0
88a090c54cc844cc878f00d08274a683,0.0,0.0,0.0,0.0,0.0,0.0,0.0,0.0,0.0,0.0,0.0,0.0,0.0,0.0,0.0,0.0,0.0,0.0,0.0,0.0
8929201da6384e3a8299d9427669f735,1.3499999999999999,3.6000000000000014,3.6000000000000014,0.0,0.1738644741223674,0.27602302599960604,0.12261716580040996,0.004157209396361328,1.4249999999999998,3.6000000000000014,3.6000000000000014,0.0,0.20140236544085427,0.3181005236963635,0.13935694523318806,0.0034267902374249815,1.3499999999999999,1.4249999999999998,-0.07499999999999996,-0.027537891318486857
893266afc2574e58a5abd0f29b2c1faa,0.0,0.0,0.0,0.0,0.014575872192114772,0.043900505349576534,0.043900505349576534,0.006101560592651101,0.0,0.0,0.0,0.0,0.014575872192114772,0.043900505349576534,0.043900505349576534,0.006101560592651101,0.0,0.0,0.0,0.0
8a6f3826e95840b096096fb07cf3d22d,0.0,0.0,0.0,0.0,0.0,0.0,0.0,0.0,0.0,0.0,0.0,0.0,0.0,0.0,0.0,0.0,0.0,0.0,0.0,0.0
8a96bc21f4fa46d392daea4db4814547,0.1499999999999999,1.1999999999999993,0.0,0.0,0.08917316273758535,0.20107367743835503,0.018218480011864147,0.0033152103424067825,0.1499999999999999,1.1999999999999993,0.0,0.0,0.08917316273758535,0.20107367743835503,0.018218480011864147,0.0033152103424067825,0.1499999999999999,0.1499999999999999,0.0,0.0
8b45ac47d0594c76866434e1cfdb6f22,1.0592329219213243,4.947726750741191,4.947726750741191,0.07500000000000018,0.12811772158452944,0.2435284098611258,0.04955819601792555,0.0027003765106199396,1.0592329219213243,4.947726750741191,4.947726750741191,0.07500000000000018,0.12811772158452944,0.2435284098611258,0.04955819601792555,0.0027003765106199396,1.0592329219213243,1.0592329219213243,0.0,0.0
8b66733250b94940b0e7477c8b182512,0.2250000000000003,1.2000000000000028,1.2000000000000028,0.0,0.06190106993570964,0.11390033636298257,0.10434553622349649,0.006072664260864613,0.15000000000000013,1.2000000000000028,1.2000000000000028,0.0,0.027001425723556634,0.07007151033796433,0.06826500777274215,0.0036458015441898084,0.2250000000000003,0.15000000000000013,0.07500000000000018,0.034899644212153004
8bc7b94bfe134f27bf65526ca23ba1bc,0.3842329219213242,4.947726750741191,1.1999999999999957,0.07500000000000018,0.011464946016534855,0.018181301788399256,0.008345643155564688,0.0013946056365967685,0.3842329219213242,4.947726750741191,1.1999999999999957,0.07500000000000018,0.011464946016534855,0.018181301788399256,0.008345643155564688,0.0013946056365967685,0.3842329219213242,0.3842329219213242,0.0,0.0
8c4fd6ef54d44533b8ae4ad8e26d1988,1.125,3.6000000000000014,3.6000000000000014,0.0,0.21805517739070143,0.44087323578901216,0.11307852632290796,0.005470561981201438,1.125,3.6000000000000014,3.6000000000000014,0.0,0.1981946867927249,0.40541336415670504,0.09743738301901042,0.0051597118377686435,1.125,1.125,0.0,0.019860490597976538
8ce3f8194c134fd6beee4900a8f1442b,0.22499999999999987,1.2000000000000028,0.0,0.0,0.02514550783680459,0.0692156838375451,0.002525217105630305,0.011267566680908558,0.22499999999999987,1.2000000000000028,0.0,0.0,0.02514550783680459,0.0692156838375451,0.002525217105630305,0.011267566680908558,0.22499999999999987,0.22499999999999987,0.0,0.0
8e3bba72c8a54307a9b2994fcf140d71,2.0464037464339526,4.947726750741191,2.3999999999999986,0.15000000000000036,0.30881059287362445,0.6116095651170899,0.05136774932736493,0.01644902229309153,2.0464037464339526,4.947726750741191,2.3999999999999986,0.15000000000000036,0.30881059287362445,0.6116095651170899,0.05136774932736493,0.01644902229309153,2.0464037464339526,2.0464037464339526,0.0,0.0
8e85b43ad9694b7aab05b40b4b6de65c,0.0,0.0,0.0,0.0,0.0,0.0,0.0,0.0,0.0,0.0,0.0,0.0,0.0,0.0,0.0,0.0,0.0,0.0,0.0,0.0
8e91794be2c14d3ab17bd14e342daf79,2.325,4.800000000000004,1.2000000000000028,0.0,0.2673476305695718,0.4605232799253821,0.08085741129465268,0.0067527294158926665,2.325,4.800000000000004,1.2000000000000028,0.0,0.2673476305695718,0.4605232799253821,0.08085741129465268,0.0067527294158926665,2.325,2.325,0.0,0.0
8f420f23888e4cae9fa6d76218e393bd,0.0,0.0,0.0,0.0,0.00825135898523162,0.015864317839714467,0.010575145591728475,0.0009753227233884054,0.0,0.0,0.0,0.0,0.00825135898523162,0.015864317839714467,0.010575145591728475,0.0009753227233884054,0.0,0.0,0.0,0.0
8f7e389977e94c0b82e899e3eb0d0d09,1.8250507847495325,4.947726750741194,4.947726750741194,0.45000000000000107,0.33293912362563155,0.4722635825677401,0.35944471105626546,0.028632116317748757,0.7548371326684491,2.683281572999751,1.6970562748477156,0.3750000000000009,0.15692465777327036,0.2769951428024311,0.13472420377234348,0.022619104385374733,1.8250507847495325,0.7548371326684491,1.0702136520810834,0.1760144658523612
907c55da60624b3ab19750af975b96a8,0.0,0.0,0.0,0.0,0.0,0.0,0.0,0.0,0.0,0.0,0.0,0.0,0.0,0.0,0.0,0.0,0.0,0.0,0.0,0.0
91212fa9ee054c10ba740448c0641a0e,0.5371708245126289,3.7947331922020573,3.7947331922020573,0.07500000000000018,0.027402348611896353,0.05366013748261375,0.025584706884736068,0.011139965057372692,0.5371708245126289,3.7947331922020573,3.7947331922020573,0.07500000000000018,0.027402348611896353,0.05366013748261375,0.025584706884736068,0.011139965057372692,0.5371708245126289,0.5371708245126289,0.0,0.0
921505c43d8140678c34d83bba358a6f,1.425,3.6000000000000014,3.6000000000000014,0.0,0.19705733470477205,0.2806558293228039,0.10824844870231379,0.003995704650878729,1.425,3.6000000000000014,3.6000000000000014,0.0,0.19705733470477205,0.2806558293228039,0.10824844870231379,0.003995704650878729,1.425,1.425,0.0,0.0
921f0a18faa347819d5696a600ae54b2,7.446048509254438,13.254433220624716,9.599999999999994,0.3750000000000009,1.0389292050698054,1.3751150757164712,0.4744886314043792,0.03983116149902388,7.446048509254438,13.254433220624716,9.599999999999994,0.3750000000000009,1.0389292050698054,1.3751150757164712,0.4744886314043792,0.03983116149902388,7.446048509254438,7.446048509254438,0.0,0.0
9234bbf8c7c14d758c541f475cfa95b3,0.4060660171779822,1.697056274847718,0.0,0.07500000000000018,0.03915170537210204,0.10891663511617562,0.008633073332454857,0.024656581878662376,0.4060660171779822,1.697056274847718,0.0,0.07500000000000018,0.03445429502064162,0.10939351587426016,0.0038401243028759694,0.019629478454590732,0.4060660171779822,0.4060660171779822,0.0,0.004697410351460415
93615fdfcffb43e18dbf1059e20ae727,2.2917909472727276,6.118823416311343,2.3999999999999986,0.3000000000000007,0.38062448716409947,0.49789096297482216,0.38934601584987394,0.01825661659240696,2.2917909472727276,6.118823416311343,2.3999999999999986,0.3000000000000007,0.38062448716409947,0.49789096297482216,0.38934601584987394,0.01825661659240696,2.2917909472727276,2.2917909472727276,0.0,0.0
939194a5788e421faa6aab68cb86e6e8,0.803608248158915,3.3941125496954263,0.0,0.37500000000000044,0.13104258388788312,0.24310716764495266,0.03770512001773678,0.012432003021241034,0.803608248158915,3.3941125496954263,0.0,0.37500000000000044,0.13104258388788312,0.24310716764495266,0.03770512001773678,0.012432003021241034,0.803608248158915,0.803608248158915,0.0,0.0
93c29cde985a47adaabe3402522dce76,0.4500000000000002,2.400000000000002,0.0,0.0,0.14193347531675132,0.20713176352268217,0.09991098121705104,0.008199834823608754,0.3750000000000002,2.400000000000002,0.0,0.0,0.12043374948380763,0.19699264251445384,0.06686270604580324,0.006862592697144176,0.4500000000000002,0.3750000000000002,0.07499999999999996,0.021499725832943697
93d25b8eaa46429a997327e6e333f627,0.2371708245126284,3.794733192202054,0.0,0.07500000000000018,0.05655163700107004,0.12684500386261885,0.01838842367743201,0.014024877548219017,0.2371708245126284,3.794733192202054,0.0,0.07500000000000018,0.047456576799841305,0.12368033840137493,0.030859337615042007,0.015501308441163708,0.2371708245126284,0.2371708245126284,0.0,0.009095060201228737
948b555d974b45e087b3d746a4cdf677,0.0,0.0,0.0,0.0,0.013541562518086431,0.02924164677531104,0.006169608279351488,0.0006504535675051493,0.0,0.0,0.0,0.0,0.006117457649984124,0.014361344322281002,0.0018519822102219504,0.000777196884155007,0.0,0.0,0.0,0.007424104868102308
94cf5e91efcf473bbfb1ce1ed01e67f3,0.2250000000000001,1.2000000000000028,0.0,0.0,0.0469251645734204,0.06375799025352233,0.024214949713458177,0.012476634979246892,0.9154401116936906,7.29931503635786,7.29931503635786,0.1499999999999999,0.046686304857322634,0.08977171509913738,0.03174282628308055,0.010288667678833185,0.2250000000000001,0.9154401116936906,-0.6904401116936905,0.0002388597160977654
96237b21bbed4808a2f751f17d5121f8,0.0,0.0,0.0,0.0,0.0,0.0,0.0,0.0,0.0,0.0,0.0,0.0,0.0,0.0,0.0,0.0,0.0,0.0,0.0,0.0
96253fd0fbb140268a12a15c98cc8e34,1.1036082481589164,2.683281572999754,1.697056274847718,0.6000000000000014,0.1635122146395041,0.31869733021148866,0.15942965983171567,0.029949474334716175,1.081775152902258,4.947726750741191,1.697056274847718,0.6000000000000014,0.07939955058161774,0.1611785913536218,0.08037895285376083,0.03088788986206037,1.1036082481589164,1.081775152902258,0.021833095256658552,0.08411266405788637
97c934ef10c34ced96b35417dce1b75a,0.1499999999999999,1.1999999999999993,0.0,0.0,0.022995481695935606,0.03284748106788599,0.027056471410371978,0.0021330356597899502,0.07499999999999996,1.1999999999999993,0.0,0.0,0.00818167997105973,0.010440197759504888,0.005335916502712228,0.0010635852813720703,0.1499999999999999,0.07499999999999996,0.07499999999999996,0.014813801724875876
98123d56442f4e7eb1da67c43a9766d2,3.074999999999999,7.199999999999996,4.799999999999997,0.0,0.4769441207896783,0.9979125678860825,0.11965866829240586,0.016504955291747336,3.074999999999999,7.199999999999996,4.799999999999997,0.0,0.4769441207896783,0.9979125678860825,0.11965866829240586,0.016504955291747336,3.074999999999999,3.074999999999999,0.0,0.0
985f2f38301745b7ae7ef88ad9de59ca,0.0,0.0,0.0,0.0,0.06975100183068751,0.13584749984085118,0.006386917181170664,0.009558391571044211,0.0,0.0,0.0,0.0,0.051579802249471465,0.10832195954200056,0.00862632562901161,0.007949638366699041,0.0,0.0,0.0,0.018171199581216047
9872af6e56ba49e39c7529fb3bbd63ce,0.0,0.0,0.0,0.0,0.004176041727072222,0.007277671125325327,0.004158228037817388,0.00217623710632342,0.0,0.0,0.0,0.0,0.004176041727072222,0.007277671125325327,0.004158228037817388,0.00217623710632342,0.0,0.0,0.0,0.0
98fd9fd58c2f4facb90912ed9387622f,0.6749999999999996,3.599999999999998,0.0,0.0,0.35240436809320813,0.4323013839724127,0.35399210295895533,0.04021224975585902,1.2749999999999992,4.799999999999997,0.0,0.0,0.42401704715258015,0.5307165396456602,0.3785273245650916,0.024812793731689098,0.6749999999999996,1.2749999999999992,-0.5999999999999996,-0.07161267905937202
99f6bb873f054e56a351b6b33324c595,1.960283589028352,3.7947331922020573,3.6000000000000014,0.3750000000000009,0.2932075877841074,0.5570231247058914,0.19477005598256128,0.028535270690916992,2.559232921921325,4.947726750741194,3.6000000000000014,0.07500000000000018,0.43046003354797824,0.8297084450351072,0.28176047249825703,0.0326105117797848,1.960283589028352,2.559232921921325,-0.5989493328929727,-0.13725244576387086
9a09d98e34b043899c6827f8782dd582,1.9914798377319998,11.06345334875146,11.06345334875146,1.0499999999999998,0.11337319574797529,0.1505776480979609,0.08351602881017883,0.053864192962645774,1.0673150541573797,4.3266615305567875,1.2000000000000028,0.5249999999999999,0.08296399168028212,0.11683904410509521,0.0726333887911957,0.0473087310791005,1.9914798377319998,1.0673150541573797,0.9241647835746201,0.030409204067693166
9a476217cc324813a5760c9852643324,0.75,2.400000000000002,0.0,0.0,0.24511060927148356,0.31948156727279653,0.22443930915219312,0.01248850822448766,0.675,2.400000000000002,0.0,0.0,0.2274500855888625,0.2908201924900903,0.19897919226704514,0.011571836471557795,0.75,0.675,0.07499999999999996,0.017660523682621054
9a59cb6d9027481b9d5602bce9c76b4f,0.375,2.3999999999999986,0.0,0.0,0.0694206466416572,0.13193764714991169,0.022213922684116528,0.001854085922240678,0.375,2.3999999999999986,0.0,0.0,0.0694206466416572,0.13193764714991169,0.022213922684116528,0.001854085922240678,0.375,0.375,0.0,0.0
9a7a1a2f40534959800512ecf3c3f132,0.16770509831248423,2.6832815729997477,2.6832815729997477,0.1499999999999999,0.10154317543335128,0.182620004044773,0.0452230363678075,0.016223144531250178,0.16770509831248423,2.6832815729997477,2.6832815729997477,0.1499999999999999,0.10154317543335128,0.182620004044773,0.0452230363678075,0.016223144531250178,0.16770509831248423,0.16770509831248423,0.0,0.0
9a7dc9c8adce4ae68ca26ad5b5f93366,0.44999999999999973,1.2000000000000028,0.0,0.0,0.042366195262362794,0.06367415108883524,0.017359664876825817,0.004387664794921697,0.6749999999999996,2.3999999999999986,0.0,0.0,0.07977197929745322,0.12853213165691438,0.02788485320559176,0.0030654430389405185,0.44999999999999973,0.6749999999999996,-0.22499999999999987,-0.03740578403509043
9aa4c454c6154c069354edd8819f767a,0.0,0.0,0.0,0.0,0.0,0.0,0.0,0.0,0.0,0.0,0.0,0.0,0.0,0.0,0.0,0.0,0.0,0.0,0.0,0.0
9ab13efd6d6f48f7bded33e83f3a5de0,5.7749999999999995,14.399999999999999,14.399999999999999,0.0,0.7884518096576486,1.258755346275841,0.4722325262294782,0.011698722839355025,1.2750000000000001,6.0,3.6000000000000014,0.0,0.1752727736750913,0.3478800255988702,0.09952126598804331,0.009598016738890713,5.7749999999999995,1.2750000000000001,4.499999999999999,0.6131790359825573
9af33b52e11c458096ce6bee5548c1ea,0.8999999999999997,2.3999999999999986,0.0,0.0,0.14857571178472143,0.22182162075849862,0.09235838618569454,0.002535152435303445,0.8999999999999997,2.3999999999999986,0.0,0.0,0.14857571178472143,0.22182162075849862,0.09235838618569454,0.002535152435303445,0.8999999999999997,0.8999999999999997,0.0,0.0
9b5b6ccd74d44b519794b2a49c6d8806,0.6749999999999998,1.2000000000000028,1.1999999999999993,0.0,0.08876680229943792,0.1537056896285244,0.1390904470005612,0.011730337142944691,0.6749999999999998,1.2000000000000028,1.1999999999999993,0.0,0.09626612903938572,0.16252588350508745,0.14890024564258103,0.010820531845093129,0.6749999999999998,0.6749999999999998,0.0,-0.007499326739947798
9cb4d97844624443b1f7c3333bb13c5c,0.45923292192132475,4.9477267507411975,1.1999999999999957,0.07500000000000018,0.02586491146272429,0.05013530643415585,0.018986716219905404,0.0018126010894783384,0.07499999999999996,1.1999999999999993,0.0,0.0,0.00847395128387363,0.01620493500887729,0.01620493500887729,0.00236148834228489,0.45923292192132475,0.07499999999999996,0.3842329219213248,0.01739096017885066
9cdae13a6a0545d8a2fc50c06d993c7e,0.7499999999999991,3.5999999999999943,3.5999999999999943,0.0,0.11952071672956291,0.20470317117313552,0.04349858441119619,0.006206560134887962,0.0,0.0,0.0,0.0,0.04455614932464626,0.09442278743215303,0.010361542395025986,0.0068645954132096065,0.7499999999999991,0.0,0.7499999999999991,0.07496456740491665
9ec1f5b804234e15a1ceb2484201b689,0.6749999999999994,3.6000000000000014,0.0,0.0,0.08816398159192124,0.1512206421866001,0.060612814883438566,0.005986118316649858,0.6749999999999994,3.6000000000000014,0.0,0.0,0.08816398159192124,0.1512206421866001,0.060612814883438566,0.005986118316649858,0.6749999999999994,0.6749999999999994,0.0,0.0
9ee444215a7140a8b260791711055a29,0.3750000000000002,1.2000000000000028,0.0,0.0,0.06969552058585174,0.12258265263905627,0.01757256315574484,0.0023257255554200995,0.07500000000000018,1.2000000000000028,0.0,0.0,0.02708731925547692,0.0613788534310649,0.0045216532113419045,0.0020759582519529474,0.3750000000000002,0.07500000000000018,0.30000000000000004,0.04260820133037482
9f1587258b82498a84fe96ef52a3521a,2.8141945760641742,6.118823416311343,2.3999999999999986,0.3000000000000007,0.4141195461442318,0.8286477479123059,0.04464201570307529,0.02481737136840856,1.9115124735378854,3.7947331922020573,1.1999999999999957,0.22500000000000053,0.2657120294858435,0.5582958529224026,0.050009116403638545,0.01770243644714453,2.8141945760641742,1.9115124735378854,0.9026821025262888,0.1484075166583883
9f3ef9d1ec7345e4a52628b8ea64abae,0.30000000000000027,2.400000000000002,1.2000000000000028,0.0,0.1441767934310895,0.23094634579911888,0.08562971294660239,0.00934610366821298,0.30000000000000027,2.400000000000002,1.2000000000000028,0.0,0.1441767934310895,0.23094634579911888,0.08562971294660239,0.00934610366821298,0.30000000000000027,0.30000000000000027,0.0,0.0
9f41e46080ea438cb1ff7196fef65244,0.8871320343559642,2.3999999999999986,0.0,0.15000000000000036,0.30753928872229647,0.5620795174783165,0.06620180834016803,0.03536710739135707,0.9931980515339462,2.3999999999999986,0.0,0.22500000000000053,0.278097490203262,0.5014416440948973,0.07505409908460955,0.0334497928619375,0.8871320343559642,0.9931980515339462,-0.10606601717798203,0.029441798519034446
9f6791b5542f4cd0a7ac742a0c7147ec,0.5250000000000004,2.400000000000002,0.0,0.0,0.10803579880230023,0.17750691052518952,0.023434018681178007,0.010870885848999645,0.2999999999999998,1.2000000000000028,0.0,0.0,0.017617110898583303,0.038063098863855796,0.013589326595113832,0.0054044723510728865,0.5250000000000004,0.2999999999999998,0.22500000000000053,0.09041868790371693
9f7b9f0c30174ff1979dc38f5ae92766,3.3000000000000003,7.200000000000003,3.6000000000000014,0.0,0.6173689231694639,1.0003457462645058,0.3662025526112044,0.025262403488160334,3.375,7.200000000000003,3.6000000000000014,0.0,0.6276866661258281,1.0206352242601016,0.37314410519821833,0.023573827743531783,3.3000000000000003,3.375,-0.07499999999999973,-0.010317742956364229
9f8df89dfa2d4eb88c79158412b5620c,2.4842329219213246,4.947726750741191,2.3999999999999986,0.07500000000000018,0.3471033991196205,0.5175377022459894,0.17224651300290664,0.017319774627685636,1.8092329219213248,4.947726750741191,1.1999999999999957,0.07500000000000018,0.250371797396132,0.3774178129678979,0.11257372515859332,0.014159917831421343,2.4842329219213246,1.8092329219213248,0.6749999999999998,0.09673160172348849
9fe4ebc85e7d4bd697a956aa3d244e6b,1.7762796692590657,4.947726750741194,2.3999999999999986,0.3000000000000007,0.35783561347144666,0.657189244724269,0.10826123972717906,0.041575384140014826,1.1054076662032393,3.7947331922020573,1.1999999999999957,0.22500000000000053,0.2513677270495206,0.4966242205581411,0.07830095778838259,0.034121704101562234,1.7762796692590657,1.1054076662032393,0.6708720030558264,0.10646788642192606
a023e0a40ba6420193470ccc4625716d,2.7749999999999995,8.399999999999999,0.0,0.0,0.11789618715080756,0.14909271796876136,0.12792541804587143,0.007387876510618785,2.7749999999999995,8.399999999999999,0.0,0.0,0.11789618715080756,0.14909271796876136,0.12792541804587143,0.007387876510618785,2.7749999999999995,2.7749999999999995,0.0,0.0
a0e65e293c764ccb9aeb8e6f446db631,1.5749999999999995,3.6000000000000014,2.3999999999999986,0.0,0.26395023451336586,0.522792644847944,0.03536473356203122,0.008577919006347301,2.3324264635194587,6.118823416311343,6.118823416311343,0.07500000000000018,0.3455720209721072,0.7031633032856163,0.02907079187571795,0.01867103576660245,1.5749999999999995,2.3324264635194587,-0.7574264635194592,-0.08162178645874135
a13c1966d657438094f1116fd27d2c1e,3.3,6.0,4.799999999999997,0.0,0.41627906702509543,0.7322395329889945,0.15825103862048603,0.012462472915648615,3.3,6.0,4.799999999999997,0.0,0.41627906702509543,0.7322395329889945,0.15825103862048603,0.012462472915648615,3.3,3.3,0.0,0.0
a21bf301ee63439697226895c267af08,0.0,0.0,0.0,0.0,0.0,0.0,0.0,0.0,0.0,0.0,0.0,0.0,0.0,0.0,0.0,0.0,0.0,0.0,0.0,0.0
a26a43f97a8649548eea5dbaafe5de72,0.6871708245126288,3.7947331922020573,1.2000000000000028,0.15000000000000036,0.10951487322611911,0.16014699555908754,0.0672802795482367,0.004786920547485085,0.07499999999999996,1.1999999999999993,0.0,0.0,0.023193497251030638,0.04438360851262125,0.0010536621991074553,0.0008457183837875526,0.6871708245126288,0.07499999999999996,0.6121708245126288,0.08632137597508847
a2d8604904294c2fb73648830a2604aa,0.30000000000000004,2.3999999999999986,1.2000000000000028,0.0,0.015057981627565793,0.041554228267478094,0.01060457736953399,0.0019626617431640625,0.30000000000000004,2.3999999999999986,1.2000000000000028,0.0,0.015057981627565793,0.041554228267478094,0.01060457736953399,0.0019626617431640625,0.30000000000000004,0.30000000000000004,0.0,0.0
a32eb5c0d8514895af2af5889c1f5199,0.07499999999999973,1.1999999999999957,0.0,0.0,0.03612509124125157,0.05218844131749564,0.04141421941434248,0.0032910346984857952,0.07499999999999996,1.1999999999999993,0.0,0.0,0.007535657237748945,0.023742292800697843,0.006003243760680283,0.0021888256072992718,0.07499999999999973,0.07499999999999996,-2.220446049250313e-16,0.028589434003502626
a3a642471c514dcaa0d1c9c349f16557,0.0,0.0,0.0,0.0,0.0,0.0,0.0,0.0,0.0,0.0,0.0,0.0,0.0,0.0,0.0,0.0,0.0,0.0,0.0,0.0
a3c6db2751a54c8590c4d8241e01ac8c,1.3499999999999996,2.400000000000002,2.3999999999999986,0.0,0.24487912238510628,0.32260050255316286,0.19550101292682248,0.005700445175170987,1.3499999999999996,2.400000000000002,2.3999999999999986,0.0,0.24487912238510628,0.32260050255316286,0.19550101292682248,0.005700445175170987,1.3499999999999996,1.3499999999999996,0.0,0.0
a3d738f58fd241178943ee5b09117d05,0.1499999999999999,1.1999999999999993,0.0,0.0,0.017579111524843122,0.028801857273835635,0.021490035408672187,0.009010076522826704,0.0,0.0,0.0,0.0,0.0,0.0,0.0,0.0,0.1499999999999999,0.0,0.1499999999999999,0.017579111524843122
a417c63ec6f345cf87e84f9386dd6ebc,0.9750000000000003,2.3999999999999986,1.2000000000000028,0.0,0.16303352990352102,0.28236009126449196,0.049416451528345326,0.0042971134185800786,0.9750000000000003,2.3999999999999986,1.2000000000000028,0.0,0.16303352990352102,0.28236009126449196,0.049416451528345326,0.0042971134185800786,0.9750000000000003,0.9750000000000003,0.0,0.0
a467997a0d97430aa3c55840868b97fe,1.2000000000000002,2.4000000000000057,2.3999999999999986,0.0,0.22551459943180752,0.46109361684197214,0.06285682478527084,0.02365150451660103,0.6750000000000003,3.5999999999999943,3.5999999999999943,0.0,0.1385887888065272,0.36184738989603166,0.04337295499991215,0.0209064960479739,1.2000000000000002,0.6750000000000003,0.5249999999999999,0.08692581062528032
a6261bd83c5e4e1985012b6c6c51fce0,0.0,0.0,0.0,0.0,0.0,0.0,0.0,0.0,0.0,0.0,0.0,0.0,0.0,0.0,0.0,0.0,0.0,0.0,0.0,0.0
a72ae02b18c9460b9e7c0d71ddc499a0,1.4634924806974414,6.118823416311343,6.118823416311343,0.15000000000000036,0.2453832642350659,0.5480145644353923,0.018293588175955083,0.01492509841919043,1.6645630078112352,8.48528137423857,4.947726750741191,0.15000000000000036,0.201216119304599,0.43723244266491257,0.034906326595299915,0.018313550949098367,1.4634924806974414,1.6645630078112352,-0.2010705271137938,0.04416714493046689
a781611242fd4ddd8a918f0149f74430,0.8999999999999997,2.400000000000002,0.0,0.0,0.18863420158690472,0.31843837174071954,0.127942751727452,0.004059219360351918,0.5249999999999999,1.2000000000000028,0.0,0.0,0.1142706729306573,0.2539449608939663,0.08389092327701256,0.003583860397339045,0.8999999999999997,0.5249999999999999,0.3749999999999998,0.07436352865624742
a78c360914e444f3a489d3c8bfbf1b51,0.8999999999999997,2.400000000000002,1.1999999999999957,0.0,0.15066683477303958,0.24350006385092418,0.055669159404908124,0.005778980255126243,0.2250000000000001,1.2000000000000028,0.0,0.0,0.05417021079487719,0.09928141089205639,0.02113117335497419,0.0032878875732422763,0.8999999999999997,0.2250000000000001,0.6749999999999996,0.09649662397816239
a7b4a090f1824674a399e1d9033ea3ef,3.3567969444711396,8.653323061113573,1.2000000000000028,1.5000000000000004,0.23140578423709965,0.3299645864350027,0.14112219683323712,0.13099679946899467,3.3567969444711396,8.653323061113573,1.2000000000000028,1.5000000000000004,0.23140578423709965,0.3299645864350027,0.14112219683323712,0.13099679946899467,3.3567969444711396,3.3567969444711396,0.0,0.0
a7bb7929ec0240268e34ca312e4d8881,0.0,0.0,0.0,0.0,0.0,0.0,0.0,0.0,0.0,0.0,0.0,0.0,0.0,0.0,0.0,0.0,0.0,0.0,0.0,0.0
a7e795e212e94d0db7215bae41556a30,0.675,2.4000000000000057,1.1999999999999957,0.0,0.14153081884693586,0.27356181332423296,0.06342116148669252,0.007988119125366122,2.4749999999999996,6.0,4.799999999999997,0.0,0.3390877637559398,0.6811312577613994,0.074569009633653,0.014701080322265359,0.675,2.4749999999999996,-1.7999999999999996,-0.19755694490900394
a7eee1088f4a43f4b1c49324e4a6803e,0.2999999999999998,1.1999999999999993,1.1999999999999993,0.0,0.05539608623778175,0.1351936038666938,0.0633183579539274,0.014837694168091886,0.22499999999999987,1.1999999999999993,0.0,0.0,0.06227436132697112,0.1592672268668275,0.059522807343822384,0.016538572311401545,0.2999999999999998,0.22499999999999987,0.07499999999999996,-0.006878275089189367
a8b69e5c2c8c4084a6a32618e8713e4d,0.375,3.6000000000000014,3.6000000000000014,0.0,0.02797539023204011,0.055276707449939184,0.02196266483593496,0.013068723678588245,0.75,8.400000000000002,8.400000000000002,0.0,0.026089702026765672,0.05713964544740391,0.024316669622109315,0.0034392356872556817,0.375,0.75,-0.375,0.0018856882052744363
a8dc966ae57440da9be82ac8ff5a9a58,0.6749999999999998,1.2000000000000028,1.1999999999999957,0.0,0.12667695090220388,0.17494630759758006,0.09164630712365415,0.004883193969728694,0.6749999999999998,1.2000000000000028,1.1999999999999957,0.0,0.12922486194308452,0.1818568360307285,0.09242121229385965,0.005278730392457298,0.6749999999999998,0.6749999999999998,0.0,-0.002547911040880646
a9d4af56bbfc41c78f10b252380c107c,8.924999999999999,22.8,22.8,0.0,0.5851972319252075,0.896118365818963,0.292443041481479,0.034739828109740856,12.224999999999998,32.39999999999999,32.39999999999999,0.0,0.9298337816732475,1.3627190083552274,0.5547504395238098,0.02779297828674343,8.924999999999999,12.224999999999998,-3.299999999999999,-0.34463654974804003
aa7c3702f1bf4c42aff7bb5159a25a53,2.937170824512628,4.800000000000004,4.800000000000004,0.07500000000000018,0.44120259752269686,0.6157955738736652,0.30992767652646575,0.023052549362182706,0.8249999999999995,3.6000000000000014,3.6000000000000014,0.0,0.09593381046953017,0.13723844366310203,0.07830849836969245,0.011498308181763228,2.937170824512628,0.8249999999999995,2.1121708245126287,0.34526878705316666
aac1f1bc8f8b4986a51e93f654b8fc76,9.153123644839294,28.824989158714356,28.824989158714356,0.15000000000000036,0.3558884640870811,0.5481715821441808,0.18536878725513267,0.008572196960449752,9.153123644839294,28.824989158714356,28.824989158714356,0.15000000000000036,0.3558884640870811,0.5481715821441808,0.18536878725513267,0.008572196960449752,9.153123644839294,9.153123644839294,0.0,0.0
ac25dbfbcd3843c7b6023e59aedc5175,0.9000000000000004,3.6000000000000014,3.6000000000000014,0.0,0.23526125235293827,0.4185135915009904,0.16870292030738185,0.004262781143188121,0.6092329219213245,4.947726750741191,4.947726750741191,0.07500000000000018,0.02550961673151456,0.09362092594972618,0.007048921803852666,0.004081392288209251,0.9000000000000004,0.6092329219213245,0.29076707807867586,0.2097516356214237
acf618ad1ec44392941f65d04719adc7,0.30000000000000027,1.2000000000000028,0.0,0.0,0.0722698939442602,0.130577177911945,0.018054271904839825,0.009573984146120207,0.30000000000000027,1.2000000000000028,0.0,0.0,0.0722698939442602,0.130577177911945,0.018054271904839825,0.009573984146120207,0.30000000000000027,0.30000000000000027,0.0,0.0
ad3a4187e72e4a29b2281c2fe1adfc4d,6.186047449848861,13.200000000000003,13.200000000000003,0.45000000000000107,0.8214012194849076,1.3095287384004182,0.3126496726999055,0.05219850540161097,6.186047449848861,13.200000000000003,13.200000000000003,0.45000000000000107,0.8214012194849076,1.3095287384004182,0.3126496726999055,0.05219850540161097,6.186047449848861,6.186047449848861,0.0,0.0
aec93c9e494249018012c9f161498f0a,2.1335745709465814,4.9477267507411975,2.3999999999999986,0.22500000000000053,0.30923699405131766,0.6123939711938866,0.04165448829516591,0.018128156661987305,2.0585745709465817,4.9477267507411975,2.3999999999999986,0.22500000000000053,0.2925309675238673,0.5930485837046445,0.04834117128976547,0.013330650329589577,2.1335745709465814,2.0585745709465817,0.07499999999999973,0.016706026527450346
afc6a7290edb4e7ea109ef97c917fd9a,0.2250000000000001,1.2000000000000028,0.0,0.0,0.0486325052217072,0.07856197527009079,0.07856197527009079,0.0076824188232405,0.2250000000000001,1.2000000000000028,0.0,0.0,0.0486325052217072,0.07856197527009079,0.07856197527009079,0.0076824188232405,0.2250000000000001,0.2250000000000001,0.0,0.0
aff1f09a4fcd4834af3d0fec9bc09bde,0.3749999999999998,1.2000000000000028,1.1999999999999957,0.0,0.07945542328268945,0.1555652298620178,0.032757124410042665,0.0034606933593748224,0.10606601717798222,1.6970562748477156,0.0,0.07500000000000018,0.02346624476032263,0.07756206673943145,0.01243000945865591,0.004256916046142312,0.3749999999999998,0.10606601717798222,0.2689339828220175,0.055989178522366824
b01ad9a9041543058d3b52794acd0ffa,4.380528756305054,12.924395537122805,12.924395537122805,1.6499999999999995,0.09293439029955682,0.15980917347033433,0.10273647076179014,0.08080773353576642,4.380528756305054,12.924395537122805,12.924395537122805,1.6499999999999995,0.09293439029955682,0.15980917347033433,0.10273647076179014,0.08080773353576642,4.380528756305054,4.380528756305054,0.0,0.0
b0394142d25c429ca6f850560b8a36fe,4.826319110206032,24.298148077579906,0.0,2.400000000000001,0.30695223555333906,0.4194401813673626,0.18841112337442806,0.04555149078369247,0.6454163456597992,5.999999999999999,0.0,0.5249999999999999,0.15194405672190303,0.2424910468962106,0.14071013734448426,0.026105117797853072,4.826319110206032,0.6454163456597992,4.180902764546232,0.15500817883143603
b0e70b69900244a2a36d0f5355d8a4ef,1.3167261889578032,5.091168824543142,3.3941125496954285,0.8249999999999997,0.1250304711590386,0.20794339132729356,0.06843483072743127,0.026303672790527255,1.3167261889578032,5.091168824543142,3.3941125496954285,0.8249999999999997,0.1250304711590386,0.20794339132729356,0.06843483072743127,0.026303672790527255,1.3167261889578032,1.3167261889578032,0.0,0.0
b1b94622b5db4a66b2eb01b3608122e1,0.15000000000000036,1.2000000000000028,0.0,0.0,0.002377651440775179,0.0068679109937181595,0.00040413040382848616,0.00032444000244247206,0.15000000000000036,1.2000000000000028,0.0,0.0,0.002377651440775179,0.0068679109937181595,0.00040413040382848616,0.00032444000244247206,0.15000000000000036,0.15000000000000036,0.0,0.0
b1bae3685d59491baacad9d09e03becd,0.07499999999999996,1.1999999999999993,0.0,0.0,0.02089773589897268,0.059191806834055116,0.004159097234499037,0.0012283802032473368,0.07499999999999996,1.1999999999999993,0.0,0.0,0.02089773589897268,0.059191806834055116,0.004159097234499037,0.0012283802032473368,0.07499999999999996,0.07499999999999996,0.0,0.0
b1e4fb756521459da814aea7ba00e6d6,1.8993416490252568,3.7947331922020573,2.3999999999999986,0.15000000000000036,0.29278875813350413,0.4589306607197075,0.29650640773327636,0.027123928070067915,1.8993416490252568,3.7947331922020573,2.3999999999999986,0.15000000000000036,0.29278875813350413,0.4589306607197075,0.29650640773327636,0.027123928070067915,1.8993416490252568,1.8993416490252568,0.0,0.0
b2329c1fe1714b9bb2642b257d38755d,0.0,0.0,0.0,0.0,0.0,0.0,0.0,0.0,0.0,0.0,0.0,0.0,0.0,0.0,0.0,0.0,0.0,0.0,0.0,0.0
b2f8b7218bdf434db510621dede0fec4,0.44147621380295066,2.6832815729997477,0.0,0.2999999999999998,0.039401151835154205,0.11154441574601086,0.019991617106015897,0.02917814254760831,0.2737711154904664,2.6832815729997463,0.0,0.2250000000000001,0.03415181125400128,0.09542028655260995,0.01646998385463905,0.024565601348878197,0.44147621380295066,0.2737711154904664,0.16770509831248426,0.005249340581152923
b333486b171e4f24ba0ddfce7360748a,0.4859031498464307,2.6832815729997463,0.0,0.375,0.09070288375565373,0.11713992163288996,0.03454482787936643,0.030292224884032937,0.4859031498464307,2.6832815729997463,0.0,0.375,0.09061689221631261,0.1176774546817869,0.03302697353505373,0.030640697479248136,0.4859031498464307,0.4859031498464307,0.0,8.599153934112092e-05
b3a4211a964a45c5b3e706de30c7fcf1,0.8313194955062299,4.326661530556789,2.6832815729997463,0.6000000000000001,0.05442358504113992,0.11604395950714472,0.047322534603217795,0.01935424804687491,0.8313194955062299,4.326661530556789,2.6832815729997463,0.6000000000000001,0.05442358504113992,0.11604395950714472,0.047322534603217795,0.01935424804687491,0.8313194955062299,0.8313194955062299,0.0,0.0
b3ba77a696634442a5f5a5dbcf906a39,0.5250000000000001,3.6000000000000014,3.6000000000000014,0.0,0.03174604982245133,0.062186388846615315,0.062186388846615315,0.004888916015625799,0.5250000000000001,3.6000000000000014,3.6000000000000014,0.0,0.03174604982245133,0.062186388846615315,0.062186388846615315,0.004888916015625799,0.5250000000000001,0.5250000000000001,0.0,0.0
b44d321468084ecc9ff991a52608c01b,0.9000000000000008,3.6000000000000014,1.2000000000000028,0.0,0.21473542729967882,0.3860412442683584,0.09742208082030543,0.021614599227903764,0.9000000000000008,3.6000000000000014,1.2000000000000028,0.0,0.21071723589002658,0.3759465897529308,0.09448446282687953,0.020901775360106623,0.9000000000000008,0.9000000000000008,0.0,0.004018191409652233
b4799bade00a402693dfa295adeea027,0.0,0.0,0.0,0.0,0.0,0.0,0.0,0.0,0.0,0.0,0.0,0.0,0.0,0.0,0.0,0.0,0.0,0.0,0.0,0.0
b4bff2b0e4774147ac53fb96ff9317b5,2.728830209953412,7.200000000000003,7.200000000000003,0.22500000000000053,0.4406393574244579,0.6909998713768313,0.22023950786643126,0.023231363296508878,0.1499999999999999,1.1999999999999993,0.0,0.0,0.06739527148797649,0.11235521089420016,0.04222381147930837,0.0030062198638916016,2.728830209953412,0.1499999999999999,2.578830209953412,0.37324408593648145
b4c467c0d1e44b9eb0f34b553aed0b88,0.46217082451262825,3.7947331922020573,0.0,0.07500000000000018,0.07378371745207725,0.16753248535960488,0.05075051342611901,0.012604808807373136,0.46217082451262825,3.7947331922020573,0.0,0.07500000000000018,0.07378371745207725,0.16753248535960488,0.05075051342611901,0.012604808807373136,0.46217082451262825,0.46217082451262825,0.0,0.0
b7054aad1b4d4bc59ecde0d0d0acd369,1.4999999999999993,6.0,1.1999999999999957,0.0,0.16472318105714467,0.2415706896737716,0.08604444589010761,0.0022481918334951168,1.4999999999999993,6.0,1.1999999999999957,0.0,0.16472318105714467,0.2415706896737716,0.08604444589010761,0.0022481918334951168,1.4999999999999993,1.4999999999999993,0.0,0.0
b73f94a326084d15820256766cd7fe0a,0.1499999999999999,1.1999999999999993,0.0,0.0,0.027112093302134262,0.04290321056496719,0.031886678210404334,0.0024285793304446024,0.1499999999999999,1.1999999999999993,0.0,0.0,0.022338920888899935,0.03351692690584284,0.025582944261746125,0.0018502235412594104,0.1499999999999999,0.1499999999999999,0.0,0.004773172413234328
b759dba900ae4a9e95b2ca991184c7fc,1.2177050983124833,4.799999999999997,2.3999999999999986,0.07500000000000018,0.07381089365797644,0.10145257852118972,0.10145257852118972,0.01294441223144549,1.9621708245126277,4.799999999999997,3.6000000000000014,0.07500000000000018,0.2901283567691576,0.5683779412978066,0.1428393110410718,0.020085239410400302,1.2177050983124833,1.9621708245126277,-0.7444657262001444,-0.21631746311118116
b76ef036cbaa450fab76e2b42f97d1d6,0.0,0.0,0.0,0.0,0.0,0.0,0.0,0.0,0.0,0.0,0.0,0.0,0.0,0.0,0.0,0.0,0.0,0.0,0.0,0.0
b7fec5dd9e114de599f8b12fd4b27a24,5.034483971250218,10.866462165764904,10.866462165764904,0.15000000000000036,0.7863816573483464,1.5094093496895675,0.37339400390850547,0.03782658576965314,5.034483971250218,10.866462165764904,10.866462165764904,0.15000000000000036,0.7863816573483464,1.5094093496895675,0.37339400390850547,0.03782658576965314,5.034483971250218,5.034483971250218,0.0,0.0
b81e52b232ba4c59aeaeced962b202f0,0.0,0.0,0.0,0.0,0.023616237946257123,0.04561373882745115,0.022498560576291356,0.006172084808349965,0.10606601717798192,1.6970562748477107,0.0,0.07499999999999973,0.021097000411553865,0.04170506548596906,0.019110151404758965,0.007549095153807972,0.0,0.10606601717798192,-0.10606601717798192,0.002519237534703258
b95702eac8684e80ab65303126cc1e58,1.1371708245126282,3.7947331922020506,3.6000000000000014,0.07500000000000018,0.14747090048758257,0.22636081664195176,0.08572262939612742,0.007285594940185991,0.3927050983124841,2.6832815729997477,0.0,0.07500000000000018,0.0333065913927853,0.07061767990669779,0.007721816455032164,0.004178953170776101,1.1371708245126282,0.3927050983124841,0.7444657262001441,0.11416430909479727
b9a86512fa73430b9bae8549b1a211b7,6.299999999999999,12.0,11.999999999999993,0.0,0.866252436383383,1.2810767781467358,0.3932000877000661,0.009591436386108487,6.00466933112239,12.0,11.999999999999993,0.07500000000000018,0.7952348588308514,1.1412444898598744,0.33927627023612067,0.012502670288085938,6.299999999999999,6.00466933112239,0.29533066887760917,0.07101757755253157
b9c60cfaf1814c8bb363037dec7abd35,0.0,0.0,0.0,0.0,0.0,0.0,0.0,0.0,0.0,0.0,0.0,0.0,0.0,0.0,0.0,0.0,0.0,0.0,0.0,0.0
b9ee1bc6c5a24dea896c52970bc5fa6f,0.9927050983124842,3.599999999999998,0.0,0.07500000000000018,0.1495114789909552,0.23031005318014078,0.16536108425414187,0.05181212425231907,0.9927050983124842,3.599999999999998,0.0,0.07500000000000018,0.1495114789909552,0.23031005318014078,0.16536108425414187,0.05181212425231907,0.9927050983124842,0.9927050983124842,0.0,0.0
ba3778e1ab7d425eb40a781546aaba4a,0.0,0.0,0.0,0.0,0.01239705989875805,0.018916543582469605,0.01132371504217606,0.009538936614989613,0.0,0.0,0.0,0.0,0.01239705989875805,0.018916543582469605,0.01132371504217606,0.009538936614989613,0.0,0.0,0.0,0.0
bb0cfd86c75841aabdec3ac10ceff907,0.675,2.3999999999999986,1.2000000000000028,0.0,0.1467777733538968,0.19002207791664652,0.13304204537022546,0.005259275436400923,0.22499999999999987,1.1999999999999993,0.0,0.0,0.04219692182376214,0.062028004204957465,0.033796292286740456,0.0020014286041258877,0.675,0.22499999999999987,0.4500000000000002,0.10458085153013466
bb851eec70624384a293050f49d00a10,0.9885254915624205,2.6832815729997477,0.0,0.3749999999999991,0.28474479027950816,0.3993866956126997,0.19536059010011703,0.04411611557006845,0.9885254915624205,2.6832815729997477,0.0,0.3749999999999991,0.2796959414777446,0.3957220858188103,0.19010048324084436,0.044046878814697266,0.9885254915624205,0.9885254915624205,0.0,0.005048848801763539
bc6eda798d04456694074adfe5d25967,1.6500000000000001,3.6000000000000014,3.6000000000000014,0.0,0.2754560494985742,0.43542741112815236,0.16297997512395884,0.0033725738525380855,0.15000000000000013,1.2000000000000028,0.0,0.0,0.0762228611272076,0.14781689464380768,0.0295447163588857,0.003887701034546609,1.6500000000000001,0.15000000000000013,1.5,0.1992331883713666
bccbb6ae62b74684bb4d86e61833c9d9,0.5999999999999996,2.3999999999999986,0.0,0.0,0.12160883079962961,0.1696260006839841,0.08118660104559415,0.0021092891693124116,0.5999999999999996,2.3999999999999986,0.0,0.0,0.12160883079962961,0.1696260006839841,0.08118660104559415,0.0021092891693124116,0.5999999999999996,0.5999999999999996,0.0,0.0
bfcbde973bdb4e81b7c96aab71c0b65f,0.5604101966249686,2.6832815729997477,0.0,0.15000000000000036,0.20436263441230873,0.3054140662757213,0.2136242361526055,0.03331260681152415,0.5604101966249686,2.6832815729997477,0.0,0.15000000000000036,0.2024467334312758,0.29925326937724256,0.21393450849525047,0.03367710113525435,0.5604101966249686,0.5604101966249686,0.0,0.0019159009810329197
bff71490972b4bb48657dc23eda191fd,0.1499999999999999,1.1999999999999993,1.1999999999999993,0.0,0.23985395932462333,0.3662292974900273,0.12961361529776363,0.005053281784056729,1.1999999999999997,7.199999999999999,7.199999999999999,0.0,0.18082233951372195,0.28225336378622284,0.09919538899913861,0.0028914928436281073,0.1499999999999999,1.1999999999999997,-1.0499999999999998,0.05903161981090138
c1d4b38ae6db4192b6b82de121e59fbc,0.6908326913195983,4.3266615305567875,0.0,0.4500000000000002,0.0861761939961058,0.20814648842360425,0.1306071382758544,0.05412054061889693,0.6908326913195983,4.3266615305567875,0.0,0.4500000000000002,0.0861761939961058,0.20814648842360425,0.1306071382758544,0.05412054061889693,0.6908326913195983,0.6908326913195983,0.0,0.0
c393232463364bb1ab3f264b12f6694a,0.0,0.0,0.0,0.0,0.01675864707939273,0.031623903796749356,0.007953123446117599,0.0006989479064931636,0.0,0.0,0.0,0.0,0.01675864707939273,0.031623903796749356,0.007953123446117599,0.0006989479064931636,0.0,0.0,0.0,0.0
c403e0d3bccd4588b18fb4d6f1bb7eab,0.15000000000000013,1.2000000000000028,0.0,0.0,0.018239028902022718,0.05571961936888278,0.014786610003530359,0.0017841339111326349,0.15000000000000013,1.2000000000000028,0.0,0.0,0.018239028902022718,0.05571961936888278,0.014786610003530359,0.0017841339111326349,0.15000000000000013,0.15000000000000013,0.0,0.0
c426ca002bcf4c70b688b5d406780106,0.7854101966249689,6.000000000000001,6.000000000000001,0.37500000000000044,0.09410677729364071,0.16760298535787055,0.05748223294021091,0.005916452407837003,0.7854101966249689,6.000000000000001,6.000000000000001,0.37500000000000044,0.09410677729364071,0.16760298535787055,0.05748223294021091,0.005916452407837003,0.7854101966249689,0.7854101966249689,0.0,0.0
c434770831e9478d8ae23aa713c0b84b,1.5803300858899105,8.48528137423857,4.799999999999997,0.07500000000000018,0.08394822461906358,0.13974714466215657,0.056803516845041445,0.0045541763305667615,0.7562071897723668,7.299315036357867,0.0,0.07500000000000018,0.020352597121551082,0.04876496199953722,0.014853345775482231,0.0037938594818109905,1.5803300858899105,0.7562071897723668,0.8241228961175437,0.06359562749751249
c46eaf0c8a9d40bdb8c7112cff75f701,0.07499999999999973,1.1999999999999957,1.1999999999999957,0.0,0.00416153378722553,0.005818772754361353,0.0043990404121713065,0.00026621818542515996,0.07499999999999973,1.1999999999999957,1.1999999999999957,0.0,0.00416153378722553,0.005818772754361353,0.0043990404121713065,0.00026621818542515996,0.07499999999999973,0.07499999999999973,0.0,0.0
c50fb8dc4c044423ae0798d854102d71,2.4180120051574363,15.178932768808222,15.178932768808222,0.8250000000000002,0.0783016688628423,0.10515249570343169,0.09379596414170242,0.04003286361694336,2.4180120051574363,15.178932768808222,15.178932768808222,0.8250000000000002,0.0783016688628423,0.10515249570343169,0.09379596414170242,0.04003286361694336,2.4180120051574363,2.4180120051574363,0.0,0.0
c51b9abd585d421b85dbf4a95eec4936,0.0,0.0,0.0,0.0,0.0,0.0,0.0,0.0,0.0,0.0,0.0,0.0,0.0,0.0,0.0,0.0,0.0,0.0,0.0,0.0
c5ff84ecaa0a452aa228d36ead83198c,0.22499999999999964,1.2000000000000028,0.0,0.0,0.008916020718132894,0.02473797077776014,0.008676390857489101,0.004664754867554688,0.0,0.0,0.0,0.0,0.013198235442238783,0.036724097708668406,0.008602840995755217,0.001418209075927379,0.22499999999999964,0.0,0.22499999999999964,-0.004282214724105889
c6ae5f75e4dc4a26a231af23d78666ea,0.6269380202338088,4.947726750741191,2.6832815729997477,0.15000000000000036,0.054109399007014454,0.13485543859801385,0.009487109857151834,0.01578383445739684,0.9269380202338087,4.947726750741191,2.6832815729997477,0.15000000000000036,0.1325025511778271,0.22298469530242085,0.06031343861221205,0.019486570358277167,0.6269380202338088,0.9269380202338087,-0.2999999999999998,-0.07839315217081266
c7c9643529d24492ad86130c38938c7f,0.6251315618319432,6.118823416311341,0.0,0.1499999999999999,0.1269254226471364,0.23945784696369796,0.022383640477460078,0.011230516433715643,0.6251315618319432,6.118823416311341,0.0,0.1499999999999999,0.1269254226471364,0.23945784696369796,0.022383640477460078,0.011230516433715643,0.6251315618319432,0.6251315618319432,0.0,0.0
c7d6f75b5fee449da89400f83c46d2fa,2.5500000000000003,8.400000000000002,1.1999999999999957,0.0,0.4423230855745,0.6756906676514813,0.18286465545041222,0.008089113235473455,2.5500000000000003,8.400000000000002,1.1999999999999957,0.0,0.4423230855745,0.6756906676514813,0.18286465545041222,0.008089113235473455,2.5500000000000003,2.5500000000000003,0.0,0.0
c8163885fad8494d83e35d8dea5a7cf0,1.2298759228251126,3.794733192202054,3.6000000000000014,0.15000000000000036,0.1882649651869574,0.42040493071362284,0.014906241781582319,0.022385644912719105,1.2298759228251126,3.794733192202054,3.6000000000000014,0.15000000000000036,0.1882649651869574,0.42040493071362284,0.014906241781582319,0.022385644912719105,1.2298759228251126,1.2298759228251126,0.0,0.0
c81e6fd5a070468e9af4ee725c342205,0.9000000000000006,3.6000000000000014,1.2000000000000028,0.0,0.11934809503010926,0.22103116673317968,0.010829951308791795,0.0034116268157959873,0.9000000000000006,3.6000000000000014,1.2000000000000028,0.0,0.11934809503010926,0.22103116673317968,0.010829951308791795,0.0034116268157959873,0.9000000000000006,0.9000000000000006,0.0,0.0
c94c07c0adac438d9fc5fa2e2c2b4811,1.275,3.6000000000000014,3.5999999999999943,0.0,0.14848854629675395,0.2517172366872135,0.0881809689184157,0.0034317970275870024,1.275,3.6000000000000014,3.5999999999999943,0.0,0.14848854629675395,0.2517172366872135,0.0881809689184157,0.0034317970275870024,1.275,1.275,0.0,0.0
c990d768d95040f2afa5393f92eb5cf4,0.07499999999999996,1.1999999999999993,0.0,0.0,0.042935631004345665,0.07520512598888252,0.032468756862975144,0.0026709079742439634,0.07499999999999996,1.1999999999999993,0.0,0.0,0.03468671653850302,0.06731631598796041,0.023579777762989477,0.002904367446900036,0.07499999999999996,0.07499999999999996,0.0,0.008248914465842645
c99f5e4f006448babe8d48a5eb69c449,0.6842329219213246,4.947726750741196,0.0,0.07499999999999973,0.072617462238346,0.1464941385770436,0.006335727459527586,0.015102195739745916,1.4312071897723664,7.299315036357866,0.0,0.07499999999999973,0.21729334085768587,0.3764055163836643,0.09080689553207143,0.01394705772399929,0.6842329219213246,1.4312071897723664,-0.7469742678510418,-0.14467587861933986
c9b7e76f90594a84b5a4ea6750912d02,0.5250000000000001,3.6000000000000014,3.6000000000000014,0.0,0.05045021264572904,0.10266788091094921,0.014178277785000108,0.0016068935394288886,0.5250000000000001,3.6000000000000014,3.6000000000000014,0.0,0.05045021264572904,0.10266788091094921,0.014178277785000108,0.0016068935394288886,0.5250000000000001,0.5250000000000001,0.0,0.0
caa8e8a97e0448fc990115777e5b5a48,0.9749999999999996,2.400000000000002,2.3999999999999986,0.0,0.34578330873610297,0.43994110291848443,0.2404737823051967,0.013309764862060813,0.3749999999999998,2.3999999999999986,2.3999999999999986,0.0,0.060344778491275335,0.12314542693769753,0.008080767139493229,0.0025620460510249465,0.9749999999999996,0.3749999999999998,0.5999999999999999,0.2854385302448276
cae4019561f143f5b924529ea50bf8a8,0.0,0.0,0.0,0.0,0.0,0.0,0.0,0.0,0.0,0.0,0.0,0.0,0.0,0.0,0.0,0.0,0.0,0.0,0.0,0.0
cb58ac9c08e244d3a96feb126da39d0f,4.65,10.799999999999997,9.600000000000001,0.0,0.6284684990748053,0.933024464149805,0.3395821420687286,0.006545591354370384,4.575,10.799999999999997,9.600000000000001,0.0,0.5370446469691545,0.8359158163762259,0.28156920916048966,0.006930398941039417,4.65,4.575,0.07500000000000018,0.09142385210565074
cbcac8a74cca426ba7f4db62ca09aefd,1.4250000000000005,6.0,3.6000000000000014,0.0,0.22595098667407998,0.45325548358878914,0.038786222520132294,0.008166503906249734,1.5000000000000002,6.0,3.6000000000000014,0.0,0.22185214208048165,0.45756002362289205,0.05588270168508395,0.009130096435546964,1.4250000000000005,1.5000000000000002,-0.07499999999999973,0.0040988445935983275
cc19adcc77424fb2b3a89dd5c675f28c,0.22499999999999987,1.1999999999999993,0.0,0.0,0.0624628605505254,0.14997971423053086,0.05781919073762895,0.01955566406250009,0.22499999999999987,1.1999999999999993,0.0,0.0,0.06198210134381392,0.14447657105202547,0.05224563636311776,0.01581130027770916,0.22499999999999987,0.22499999999999987,0.0,0.00048075920671147854
cc56c5d940c24c1e9810a49b03611ac5,1.3655008076216648,5.366563145999499,3.3941125496954263,0.7499999999999996,0.08614277775086258,0.16574214177003888,0.16574214177003888,0.07479887008667019,1.3655008076216648,5.366563145999499,3.3941125496954263,0.7499999999999996,0.08614277775086258,0.16574214177003888,0.16574214177003888,0.07479887008667019,1.3655008076216648,1.3655008076216648,0.0,0.0
cc57b56763574b4298a1211be06666dd,0.23717082451262858,3.7947331922020573,0.0,0.07500000000000018,0.0027043340517172326,0.005608513427634918,0.005608513427634918,0.0007776260375971233,0.23717082451262858,3.7947331922020573,0.0,0.07500000000000018,0.0027043340517172326,0.005608513427634918,0.005608513427634918,0.0007776260375971233,0.23717082451262858,0.23717082451262858,0.0,0.0
cc897b6dcd8b4008aaefd8fdf9c93077,10.874999999999998,19.2,19.2,0.0,0.27654732758244027,0.4719504342550687,0.1557892487003154,0.0055850028991693,10.95,19.2,19.2,0.0,0.4292638945036784,0.6915666157723734,0.24049832422224726,0.007518196105956498,10.874999999999998,10.95,-0.07500000000000107,-0.15271656692123814
cc8c924c3d1e45c79a3fa4de19060baa,0.4992640687119287,1.697056274847718,0.0,0.30000000000000027,0.11400457733042962,0.1899157983990305,0.0786703654170917,0.01131849288940412,0.4992640687119287,1.697056274847718,0.0,0.30000000000000027,0.11400457733042962,0.1899157983990305,0.0786703654170917,0.01131849288940412,0.4992640687119287,0.4992640687119287,0.0,0.0
cdc90732e957479da6c8a80c9fad6f78,0.15000000000000013,1.2000000000000028,1.2000000000000028,0.0,0.039582283730176394,0.07917802945917923,0.019400282565998087,0.00468206405639604,0.07499999999999996,1.1999999999999993,0.0,0.0,0.06561838122254837,0.12823396712611565,0.023104918357279146,0.0031289577484132636,0.15000000000000013,0.07499999999999996,0.07500000000000018,-0.026036097492371978
ce130b56a60242dfb4369eb62bac9478,3.766472159897458,9.674709297958257,9.674709297958257,1.3499999999999992,0.5538835390928891,0.8134458111455148,0.23701678052278705,0.07052822113037216,3.422213025400036,8.049844718999243,8.049844718999243,1.1999999999999993,0.42294402208548276,0.7176030486290044,0.16431951920142973,0.07046041488647603,3.766472159897458,3.422213025400036,0.3442591344974222,0.13093951700740636
ce4988f5118c4e41a1954abd638c5834,0.6812071897723658,7.299315036357859,0.0,0.07499999999999973,0.04924084720385476,0.10169563738404012,0.05603271446333671,0.013378572463988991,0.6812071897723658,7.299315036357859,0.0,0.07499999999999973,0.04924084720385476,0.10169563738404012,0.05603271446333671,0.013378572463988991,0.6812071897723658,0.6812071897723658,0.0,0.0
ce60545b3a344043881d7bfc6b5b75fc,1.352497228377968,18.039955654047485,18.039955654047485,0.07500000000000018,0.006146230051963221,0.017721181136004592,0.0005587717719640751,0.0003509044647218573,1.352497228377968,18.039955654047485,18.039955654047485,0.07500000000000018,0.006146230051963221,0.017721181136004592,0.0005587717719640751,0.0003509044647218573,1.352497228377968,1.352497228377968,0.0,0.0
cec2eba279304af8a4cf27cb147e0737,0.0,0.0,0.0,0.0,0.013952081998200411,0.02489217368186964,0.006761213210782796,0.0009490013122559482,0.0,0.0,0.0,0.0,0.013952081998200411,0.02489217368186964,0.006761213210782796,0.0009490013122559482,0.0,0.0,0.0,0.0
cecaca2ac01247418b6b6583e4987d8f,1.442705098312484,4.799999999999997,2.3999999999999986,0.07500000000000018,0.2174202262861893,0.36238493206571176,0.05346229135786211,0.008891630172727982,1.442705098312484,4.799999999999997,2.3999999999999986,0.07500000000000018,0.2174202262861893,0.36238493206571176,0.05346229135786211,0.008891630172727982,1.442705098312484,1.442705098312484,0.0,0.0
cf753561271b4c40bef93a35bb0cf13f,0.1499999999999999,1.1999999999999993,0.0,0.0,0.05634651393505849,0.11075592987003748,0.017728915164438603,0.0015006065368656785,0.1499999999999999,1.1999999999999993,0.0,0.0,0.05634651393505849,0.11075592987003748,0.017728915164438603,0.0015006065368656785,0.1499999999999999,0.1499999999999999,0.0,0.0
d025f6b3b89c42a9b06189cce52b9314,4.887740738533827,13.254433220624712,13.254433220624712,0.22500000000000053,0.7424435235103618,1.1224899934250128,0.480772701047326,0.016124296188354315,1.575,4.800000000000001,4.800000000000001,0.0,0.4479212482610073,0.6429896935433268,0.33516335262834523,0.008881759643554421,4.887740738533827,1.575,3.312740738533827,0.2945222752493545
d04c38eb3667435cbcadc46ee8eae374,0.0,0.0,0.0,0.0,0.0,0.0,0.0,0.0,0.0,0.0,0.0,0.0,0.0,0.0,0.0,0.0,0.0,0.0,0.0,0.0
d0501e0542884ab1a4790236b16bc1d4,0.15000000000000013,1.2000000000000028,0.0,0.0,0.02106538557068606,0.03754646262969774,0.022973059029869833,0.0033868789672855115,0.15000000000000013,1.2000000000000028,0.0,0.0,0.02106538557068606,0.03754646262969774,0.022973059029869833,0.0033868789672855115,0.15000000000000013,0.15000000000000013,0.0,0.0
d0d110615cce4995982adc9eda10423f,0.1499999999999999,1.2000000000000028,0.0,0.0,0.0305571554355374,0.07953117060063201,0.013356743854617877,0.00631284713745206,0.07500000000000018,1.2000000000000028,0.0,0.0,0.030451703685959102,0.07102325078208417,0.009278744290697015,0.003383159637451616,0.1499999999999999,0.07500000000000018,0.07499999999999973,0.0001054517495782982
d13f68b9973440a9b8c6c5b92f191513,0.0,0.0,0.0,0.0,0.04265085602168891,0.10792161178683052,0.011604637051075329,0.007191753387451261,0.0,0.0,0.0,0.0,0.0398959188176338,0.10567963537403977,0.00584699694197892,0.006274223327637163,0.0,0.0,0.0,0.002754937204055105
d268a43cf24e4505b745f17586482b6f,1.1427050983124845,3.6000000000000014,1.2000000000000028,0.07500000000000018,0.34201027504007286,0.5367277787442281,0.13715572933806083,0.009262704849243075,1.1427050983124845,3.6000000000000014,1.2000000000000028,0.07500000000000018,0.34201027504007286,0.5367277787442281,0.13715572933806083,0.009262704849243075,1.1427050983124845,1.1427050983124845,0.0,0.0
d2776ad57f7e47caa2001aea3f60b204,0.6000000000000003,3.6000000000000014,0.0,0.0,0.12151738294979214,0.21893692825362832,0.05027674674933986,0.005358695983886719,0.6750000000000005,4.800000000000004,4.800000000000004,0.0,0.11953215254600327,0.21129718608054496,0.05670492752072825,0.0041640758514405185,0.6000000000000003,0.6750000000000005,-0.07500000000000018,0.001985230403788868
d2c11bf01ce94ed598e947269852c1e6,13.199999999999998,23.999999999999996,23.999999999999996,0.0,1.7916430284501088,2.7516169560577524,0.9768691320542483,0.03263268470764169,0.44999999999999973,3.599999999999998,0.0,0.0,1.0964020086626354,1.6708037039397232,0.6118728283506069,0.03036675453186044,13.199999999999998,0.44999999999999973,12.749999999999998,0.6952410197874734
d34984a371044f33998cde724c33a102,0.2999999999999996,1.1999999999999993,0.0,0.0,0.08692313264294772,0.14745252276562992,0.05415802238941332,0.002170228958130682,0.2999999999999996,1.1999999999999993,0.0,0.0,0.08692313264294772,0.14745252276562992,0.05415802238941332,0.002170228958130682,0.2999999999999996,0.2999999999999996,0.0,0.0
d34f2eec80f54b608f9b9d0a86f103bd,0.30000000000000027,2.3999999999999986,0.0,0.0,0.05797340216238542,0.09017748360997598,0.02760588219623033,0.002970314025878551,0.15000000000000036,1.2000000000000028,0.0,0.0,0.013860136189959588,0.027614382455702836,0.015984893908825973,0.004308128356933505,0.30000000000000027,0.15000000000000036,0.1499999999999999,0.04411326597242583
d3edf20a8f97431bbd789e6601875946,1.0499999999999998,3.599999999999998,2.3999999999999986,0.0,0.1703347957175025,0.37221349605084175,0.08975087211549253,0.012856149673461381,2.55,6.0,6.0,0.0,0.44779740491509723,0.7585002666990692,0.30268284895233744,0.012315416336059037,1.0499999999999998,2.55,-1.5,-0.2774626091975947
d443b28ebb464101a9aa2067e1f9faf9,7.6499999999999995,13.199999999999996,13.199999999999996,0.0,1.1266793893684022,1.8492079086142306,0.7035163473526576,0.02033858299255442,5.7,10.799999999999997,10.799999999999997,0.0,0.9442199862190898,1.678875354298688,0.5425022971283653,0.01703181266784659,7.6499999999999995,5.7,1.9499999999999993,0.18245940314931242
d4a63835cb5b4477bf2606ed5502ae92,0.0,0.0,0.0,0.0,0.04379938578666562,0.09422835778331637,0.00724875856924639,0.002728986740111683,0.0,0.0,0.0,0.0,0.04379938578666562,0.09422835778331637,0.00724875856924639,0.002728986740111683,0.0,0.0,0.0,0.0
d59d3c7fb1a1445785274b1a08b5daa1,3.479875922825113,8.399999999999999,8.399999999999999,0.15000000000000036,0.631223201009403,1.0470087838218203,0.4082064882060312,0.05536751747131419,3.479875922825113,8.399999999999999,8.399999999999999,0.15000000000000036,0.631223201009403,1.0470087838218203,0.4082064882060312,0.05536751747131419,3.479875922825113,3.479875922825113,0.0,0.0
d64e599dc5c64226895649debdd49793,0.18106601717798218,1.6970562748477156,0.0,0.07500000000000018,0.08792005662151475,0.11876888353423255,0.0975893850535676,0.03516597747802708,0.18106601717798218,1.6970562748477156,0.0,0.07500000000000018,0.0889090373526535,0.12109155338548408,0.0950462462535975,0.03432741165160991,0.18106601717798218,0.18106601717798218,0.0,-0.0009889807311387472
d6b547f2d5ef4f969280b550bd9ac3fb,0.15000000000000013,1.2000000000000028,0.0,0.0,0.039724013887011383,0.1080982190314172,0.004186288824042536,0.004539871215820668,0.15000000000000013,1.2000000000000028,0.0,0.0,0.039724013887011383,0.1080982190314172,0.004186288824042536,0.004539871215820668,0.15000000000000013,0.15000000000000013,0.0,0.0
d703cae6cfcb407fa4de781c222be9b8,0.0,0.0,0.0,0.0,0.0,0.0,0.0,0.0,0.0,0.0,0.0,0.0,0.0,0.0,0.0,0.0,0.0,0.0,0.0,0.0
d7f97118ac7846abb2172790c5aaa95b,0.22499999999999987,1.1999999999999993,0.0,0.0,0.08025958405619162,0.1787317828817507,0.07201063040800194,0.0040818214416504794,0.30000000000000004,2.400000000000002,0.0,0.0,0.06268168450598714,0.13834575316378075,0.11667131501347372,0.0029527187347428985,0.22499999999999987,0.30000000000000004,-0.07500000000000018,0.017577899550204473
d82980cf7e294905b8b8678fed8a9530,1.0281152949374526,5.366563145999499,5.366563145999499,0.22499999999999964,0.1748016274956029,0.25303066999397783,0.09824515052900393,0.01481752395629865,0.1499999999999999,1.1999999999999993,0.0,0.0,0.011771075559144271,0.019958875372550696,0.009108444613132085,0.0017470836639406073,1.0281152949374526,0.1499999999999999,0.8781152949374527,0.16303055193645863
d8457f76e94f43419a55ca49c51d1763,0.7499999999999993,2.3999999999999986,2.3999999999999986,0.0,0.08026661353058748,0.12613518555557557,0.06346798769180906,0.0020260334014889914,0.7499999999999993,2.3999999999999986,2.3999999999999986,0.0,0.08026661353058748,0.12613518555557557,0.06346798769180906,0.0020260334014889914,0.7499999999999993,0.7499999999999993,0.0,0.0
d87502191a694901b4fed7e13b5a2ede,0.7859031498464307,2.6832815729997477,2.6832815729997477,0.37500000000000044,0.20623840659358517,0.3041358892892811,0.19577248619762916,0.0291595458984375,0.6798371326684485,2.6832815729997477,2.6832815729997477,0.30000000000000027,0.2091163720839359,0.2989228025422016,0.194441798822331,0.033187580108642756,0.7859031498464307,0.6798371326684485,0.10606601717798225,-0.0028779654903507423
d8cfd78508014cc280fde1f41a06c838,1.1446804143717277,4.3266615305567875,1.2000000000000028,0.44999999999999973,0.10080191408314096,0.13453652666456808,0.06742623583384288,0.0572464942932136,1.1446804143717277,4.3266615305567875,1.2000000000000028,0.44999999999999973,0.10080191408314096,0.13453652666456808,0.06742623583384288,0.0572464942932136,1.1446804143717277,1.1446804143717277,0.0,0.0
d8e4b034554d4fd4b6d50a2f3dfa001f,7.2379553694545,12.059850745345068,10.800000000000004,0.6000000000000014,1.1321740028495764,1.5189264395679474,0.6207260092151028,0.04985346794128409,7.163470815216586,12.059850745345068,10.800000000000004,0.6000000000000014,1.1094175193643672,1.4782444906762704,0.6057554963875756,0.04883666038513157,7.2379553694545,7.163470815216586,0.07448455423791422,0.0227564834852092
d995c004834a4c4eb5ef3c7dbefc720a,5.292640687119285,8.48528137423857,8.48528137423857,0.6000000000000014,0.30835715314573453,0.5338614835950674,0.09207977582028981,0.05125122070312482,2.9638212539621813,8.48528137423857,8.48528137423857,0.45000000000000107,0.1348416082184025,0.26689738636918275,0.19633052256405692,0.030064630508422674,5.292640687119285,2.9638212539621813,2.3288194331571033,0.17351554492733204
d9cc4597ea5c444ebd14c4bf2042213f,2.0249999999999995,4.800000000000004,4.800000000000004,0.0,0.26505268380997704,0.5286319703859859,0.03193696191834211,0.005086326599121005,0.3749999999999998,3.6000000000000014,0.0,0.0,0.06440739757611688,0.1469302312714564,0.02152043433546637,0.0018977165222171521,2.0249999999999995,0.3749999999999998,1.6499999999999997,0.20064528623386016
da5566fec7d841e399413ccef674c966,0.1499999999999997,1.1999999999999993,0.0,0.0,0.03326529128117216,0.07648945020608168,0.0363646982659492,0.0027025222778318536,0.1499999999999997,1.1999999999999993,0.0,0.0,0.012594637462529286,0.025295414539416777,0.022764340707535635,0.0008886337280284984,0.1499999999999997,0.1499999999999997,0.0,0.020670653818642873
da7a639adcbf4ce99670208705434757,1.749341649025257,3.7947331922020573,3.6000000000000014,0.15000000000000036,0.26748693477681884,0.5107936507058758,0.10149647065880728,0.02101063728332564,1.749341649025257,3.7947331922020573,3.6000000000000014,0.15000000000000036,0.26748693477681884,0.5107936507058758,0.10149647065880728,0.02101063728332564,1.749341649025257,1.749341649025257,0.0,0.0
dabfb5453ac2454d9806febac44df9f6,0.1810660171779824,1.6970562748477156,0.0,0.07500000000000018,0.0370226766215019,0.0473032179025063,0.046360968450746345,0.006413698196411133,0.1810660171779824,1.6970562748477156,0.0,0.07500000000000018,0.0370226766215019,0.0473032179025063,0.046360968450746345,0.006413698196411133,0.1810660171779824,0.1810660171779824,0.0,0.0
daccce045cd14657bb502fddef453bb7,7.275,14.399999999999999,14.399999999999999,0.0,1.0286137925393126,1.5687054378580585,0.5706000875570044,0.018489074707030095,0.75,3.6000000000000014,1.1999999999999957,0.0,0.17165126027705163,0.3313386020779886,0.09624184439457809,0.008506393432617276,7.275,0.75,6.525,0.8569625322622609
dba472287e2046e083b75f0420793f8b,4.059377853235812,24.440335513245312,23.396153530014285,2.4,0.24626858161248266,0.40952341953219196,0.16981702934023804,0.01562862396240261,4.059377853235812,24.440335513245312,23.396153530014285,2.4,0.21425426025349187,0.36681968844202595,0.1494316019429357,0.013246250152588512,4.059377853235812,4.059377853235812,0.0,0.032014321358990794
dbac6525f76949fa9d32d9e093d57137,1.3402861177889602,6.997142273814361,0.0,0.9750000000000001,0.13628987455706315,0.20803627099457192,0.10361993411697748,0.049287986755371715,1.3402861177889602,6.997142273814361,0.0,0.9750000000000001,0.14965754594224673,0.22858563015682823,0.11298231543515613,0.051032352447509144,1.3402861177889602,1.3402861177889602,0.0,-0.013367671385183577
dbca86d691bf4806a5e56a263e269b54,0.6000000000000001,3.6000000000000014,3.6000000000000014,0.0,0.07222559541894694,0.09136277985369116,0.072630407114963,0.004607248306274236,0.6000000000000001,3.6000000000000014,3.6000000000000014,0.0,0.07222559541894694,0.09136277985369116,0.072630407114963,0.004607248306274236,0.6000000000000001,0.6000000000000001,0.0,0.0
dbf2877ef5314d679ca75cd99079bb61,0.0,0.0,0.0,0.0,0.0,0.0,0.0,0.0,0.0,0.0,0.0,0.0,0.0,0.0,0.0,0.0,0.0,0.0,0.0,0.0
dc4b452d19d541db921337d1bf3f9b3a,0.0,0.0,0.0,0.0,0.011756318200087698,0.0349805620326428,0.012687712948611271,0.0015830039978039778,0.0,0.0,0.0,0.0,0.011756318200087698,0.0349805620326428,0.012687712948611271,0.0015830039978039778,0.0,0.0,0.0,0.0
dc6765726bb343dc9e41134e0fdaa784,1.6571186110358695,10.8664621657649,4.3266615305567875,0.7500000000000009,0.19034236760235684,0.3176765775252807,0.12889592291906915,0.02165865898132413,1.5071186110358694,10.8664621657649,4.3266615305567875,0.7500000000000009,0.14090868112682464,0.24800488988318012,0.0933052767398702,0.016300106048585672,1.6571186110358695,1.5071186110358694,0.15000000000000013,0.0494336864755322
dca60e243d2d423daf320e3f6593ed96,0.44999999999999973,2.3999999999999986,2.3999999999999986,0.0,0.07486760200445905,0.10194616049890877,0.06555610582380723,0.005529642105102983,0.44999999999999973,2.3999999999999986,2.3999999999999986,0.0,0.07486760200445905,0.10194616049890877,0.06555610582380723,0.005529642105102983,0.44999999999999973,0.44999999999999973,0.0,0.0
dd8165825b8e4514aafd5b92fd9a3d6e,3.2703054164899696,9.67470929795826,9.674709297958255,0.44999999999999885,0.1259764012802358,0.17634809234606805,0.1701089131287647,0.012040042877197621,3.2703054164899696,9.67470929795826,9.674709297958255,0.44999999999999885,0.1259764012802358,0.17634809234606805,0.1701089131287647,0.012040042877197621,3.2703054164899696,3.2703054164899696,0.0,0.0
ddbc7b3a498647389c469e8670d3aa0d,3.1499999999999995,10.799999999999997,10.799999999999997,0.0,0.30943377759487467,0.4236628404042142,0.14939752515265908,0.016144466400146218,3.1499999999999995,10.799999999999997,10.799999999999997,0.0,0.30943377759487467,0.4236628404042142,0.14939752515265908,0.016144466400146218,3.1499999999999995,3.1499999999999995,0.0,0.0
ddff867e8f5944869c55dfeca2151ba8,2.7749999999999995,7.199999999999999,7.199999999999999,0.0,0.9196531132845294,1.2250240247177269,0.6018111526700257,0.008795785903930486,2.100000000000001,7.199999999999999,1.2000000000000028,0.0,0.09705796831285897,0.21112747594352071,0.04123728918669553,0.004549312591552113,2.7749999999999995,2.100000000000001,0.6749999999999985,0.8225951449716704
df48fe7222474bc59c0e1fdfa6fdefc5,2.4244344207005355,6.118823416311339,4.799999999999997,0.3750000000000009,0.4090490863603006,0.7387030338453995,0.35443215570230485,0.058706045150757724,2.4244344207005355,6.118823416311339,4.799999999999997,0.3750000000000009,0.4090490863603006,0.7387030338453995,0.35443215570230485,0.058706045150757724,2.4244344207005355,2.4244344207005355,0.0,0.0
dfc99c40bf764352a881af7be5e4ac29,0.30000000000000004,1.2000000000000028,0.0,0.0,0.0607739115753356,0.1262093117114116,0.022697788268038983,0.006277799606323242,0.0,0.0,0.0,0.0,0.01015457853858466,0.02118935538016613,0.003590454995934005,0.000750017166137873,0.30000000000000004,0.0,0.30000000000000004,0.05061933303675094
e0b3ca4766254e37b3453bcd5a71f5b6,0.0,0.0,0.0,0.0,0.01992317273511461,0.05715743544623654,0.003830026876704182,0.00268807411193972,0.0,0.0,0.0,0.0,0.01992317273511461,0.05715743544623654,0.003830026876704182,0.00268807411193972,0.0,0.0,0.0,0.0
e0c50232a3ee4f0c9da54be3faf20b9a,1.8634504937716942,4.947726750741191,1.1999999999999957,0.3750000000000009,0.30723055587463616,0.5722711550866297,0.16580814147464168,0.041003465652466264,1.7134504937716946,4.947726750741191,0.0,0.3750000000000009,0.30320422463570984,0.56288685804675,0.1665455321538831,0.04071450233459428,1.8634504937716942,1.7134504937716946,0.1499999999999997,0.004026331238926317
e18b1aef00754af89e937842ce6ba4be,1.6592329219213247,4.9477267507411975,4.800000000000004,0.07500000000000018,0.23317126337771915,0.342521463559157,0.14237405713632917,0.008572053909301491,1.6592329219213247,4.9477267507411975,4.800000000000004,0.07500000000000018,0.23317126337771915,0.342521463559157,0.14237405713632917,0.008572053909301491,1.6592329219213247,1.6592329219213247,0.0,0.0
e25bf7049d2c403098e8a105798b02f3,0.6749999999999998,1.2000000000000028,0.0,0.0,0.15702651365220882,0.2711276769407612,0.10910517723198697,0.020933103561401545,0.6749999999999998,1.2000000000000028,0.0,0.0,0.20854715645790345,0.3538249697627979,0.1398660697524721,0.026033735275268644,0.6749999999999998,0.6749999999999998,0.0,-0.05152064280569463
e30a3a964a2e44f29009b76f096acdaa,0.0,0.0,0.0,0.0,0.0,0.0,0.0,0.0,0.0,0.0,0.0,0.0,0.0,0.0,0.0,0.0,0.0,0.0,0.0,0.0
e3290d4a044c4c7eb89df7cd36464fe3,0.0,0.0,0.0,0.0,0.027920622308272667,0.0694630104837782,0.01632717823975802,0.0035305023193354934,0.5249999999999999,2.3999999999999986,0.0,0.0,0.052269441708403204,0.09046563066337408,0.04678703958712729,0.0032944679260258347,0.0,0.5249999999999999,-0.5249999999999999,-0.024348819400130537
e429a73092fb4cf78dfc268247f3d7cc,1.5000000000000004,4.800000000000001,3.6000000000000014,0.0,0.0532634357335032,0.13853516657841647,0.10211555032920379,0.00876102447509819,1.5000000000000004,4.800000000000001,3.6000000000000014,0.0,0.05330001029900111,0.1362226380127976,0.10327210162363865,0.008001136779784535,1.5000000000000004,1.5000000000000004,0.0,-3.657456549790994e-05
e50376703d6c4e6b870d6a2d7eda3402,0.1499999999999999,2.3999999999999986,2.3999999999999986,0.0,0.012796658381398944,0.02223259957249742,0.003181931714182022,0.003506898880005327,0.1499999999999999,2.3999999999999986,2.3999999999999986,0.0,0.012796658381398944,0.02223259957249742,0.003181931714182022,0.003506898880005327,0.1499999999999999,0.1499999999999999,0.0,0.0
e5ffacbed122470a856869449784e922,0.825292268484912,4.3266615305567875,0.0,0.2999999999999998,0.16985908101429456,0.2382994378989483,0.1077608245772449,0.029376697540282493,0.825292268484912,4.3266615305567875,0.0,0.2999999999999998,0.15653903492222931,0.22438939032998031,0.08144568054712964,0.027090740203857155,0.825292268484912,0.825292268484912,0.0,0.013320046092065246
e6193e39dd774d00901c1c9762b09cd8,0.6803300858899106,1.6970562748477156,0.0,0.4500000000000002,0.13107049696302414,0.2706990664351261,0.07527467824629357,0.032106113433836736,0.4681980515339465,1.6970562748477156,0.0,0.30000000000000027,0.10932718668764041,0.22468604749249227,0.07383621319108531,0.025244808197021573,0.6803300858899106,0.4681980515339465,0.21213203435596412,0.02174331027538373
e6360520926f48d78214980e55042889,3.5999999999999996,8.399999999999999,3.6000000000000014,0.0,0.49405597638739507,0.9196110124719785,0.011102827608813438,0.012679195404052823,2.325,6.0,3.6000000000000014,0.0,0.33907712640526727,0.6791556812736185,0.03506600726098226,0.010736131668090287,3.5999999999999996,2.325,1.2749999999999995,0.1549788499821278
e64b7a1c15ca48348f950cef46742d2e,4.95,9.600000000000001,2.3999999999999986,0.0,0.7641435629584483,1.4064603294812656,0.38031315033178925,0.02021741867065474,4.95,9.600000000000001,2.3999999999999986,0.0,0.7641435629584483,1.4064603294812656,0.38031315033178925,0.02021741867065474,4.95,4.95,0.0,0.0
e7fdedf7efcc430aa0985791dfb4f98f,0.07499999999999996,1.1999999999999993,0.0,0.0,0.02349517694131121,0.03723306793835654,0.008222318657091627,0.0013049125671389383,0.07499999999999996,1.1999999999999993,0.0,0.0,0.02349517694131121,0.03723306793835654,0.008222318657091627,0.0013049125671389383,0.07499999999999996,0.07499999999999996,0.0,0.0
e87acf68070446c3a396571d68c181a8,0.22499999999999987,1.1999999999999993,0.0,0.0,0.0725973032959373,0.13508196292276878,0.04619558020745038,0.00528559684753338,0.1499999999999999,1.1999999999999993,0.0,0.0,0.06127417247944431,0.17086273502305385,0.020957651764605616,0.006737136840821112,0.22499999999999987,0.1499999999999999,0.07499999999999996,0.011323130816492992
e8953eb644e34d67a97ce72d2442baf9,0.07499999999999996,1.1999999999999993,0.0,0.0,0.013518581161867965,0.024767567860814344,0.009275553806699068,0.001042270660400746,0.07499999999999996,1.1999999999999993,0.0,0.0,0.013518581161867965,0.024767567860814344,0.009275553806699068,0.001042270660400746,0.07499999999999996,0.07499999999999996,0.0,0.0
e91791ac6b9143489ff9a7d787603c74,0.8604101966249684,3.599999999999998,0.0,0.15000000000000036,0.23780391891517935,0.3714705307359589,0.12583356625981312,0.015985822677612838,0.8604101966249684,3.599999999999998,0.0,0.15000000000000036,0.24357256939814068,0.37071830932164385,0.15503243183547952,0.021492576599121183,0.8604101966249684,0.8604101966249684,0.0,-0.005768650482961324
e98c37beff2b4b5bae2b01fc3a9d9e52,0.629875922825113,3.7947331922020573,0.0,0.15000000000000036,0.152592902515368,0.303314936044309,0.06690917288605507,0.02223916053771946,0.5464037464339534,4.9477267507411975,0.0,0.15000000000000036,0.1195757395742216,0.16436122945389675,0.07596468431174153,0.01432585716247381,0.629875922825113,0.5464037464339534,0.08347217639115956,0.0330171629411464
e9ba3027b8cf473c9a153c39f938ef84,5.506795532019305,10.866462165764904,10.866462165764904,0.45000000000000107,0.7203050055872688,1.0837822196396043,0.3737201281846256,0.03655028343200639,4.35,8.399999999999999,3.6000000000000014,0.0,0.6893344858482027,1.035660954284317,0.3605591627530882,0.017456531524657315,5.506795532019305,4.35,1.1567955320193057,0.03097051973906617
ea1f5e0340e14464818a7c9b60564e6e,0.0,0.0,0.0,0.0,0.0,0.0,0.0,0.0,0.0,0.0,0.0,0.0,0.018232654523955807,0.03593462733813456,0.010334519535556986,0.0021580696105956143,0.0,0.0,0.0,-0.018232654523955807
ea732ade953e42e285eb151d1945860a,0.22499999999999942,1.1999999999999993,0.0,0.0,0.046583866843274625,0.07781836420821638,0.016935133311299026,0.004541158676148349,0.07500000000000018,1.2000000000000028,0.0,0.0,0.012506221217856762,0.02414061167141466,0.0025684621558235733,0.0037357807159410505,0.22499999999999942,0.07500000000000018,0.14999999999999925,0.03407764562541786
ead426cf94b849149ff45a314c4efe2b,1.1249999999999998,3.6000000000000014,3.6000000000000014,0.0,0.10063711178968975,0.13381169588880526,0.05459466726935871,0.0022490501403802377,1.1249999999999998,3.6000000000000014,3.6000000000000014,0.0,0.09318592991843962,0.12216659202503137,0.050248900082435,0.0028480052947990053,1.1249999999999998,1.1249999999999998,0.0,0.007451181871250129
eb61f1ac22c2471a8c0720c01541b195,0.38717082451262813,3.7947331922020515,0.0,0.07499999999999973,0.028543100077559273,0.03855481664801785,0.03855481664801785,0.011238670349122515,0.38717082451262813,3.7947331922020515,0.0,0.07499999999999973,0.01952118652122609,0.03725975667434806,0.014279526675404618,0.006986045837404475,0.38717082451262813,0.38717082451262813,0.0,0.009021913556333184
ebbbaf52f11b461da3831127ae713d17,0.22499999999999987,1.1999999999999993,0.0,0.0,0.10193355902775605,0.18143675805658682,0.029693796455170354,0.0020738124847410333,0.22499999999999987,1.1999999999999993,0.0,0.0,0.10193355902775605,0.18143675805658682,0.029693796455170354,0.0020738124847410333,0.22499999999999987,0.22499999999999987,0.0,0.0
ebcaba2b04db43e28b301efc7d6f3e9a,0.375,1.2000000000000028,1.2000000000000028,0.0,0.16290302542914126,0.3099871956450128,0.06280292099611595,0.0027454376220696908,0.5999999999999999,4.799999999999997,1.2000000000000028,0.0,0.16096499914650758,0.30202146648285116,0.06591559405818252,0.0035422325134275567,0.375,0.5999999999999999,-0.22499999999999987,0.0019380262826336758
ebccfaee3074462482d9948f4866382e,0.07499999999999996,1.1999999999999993,0.0,0.0,0.005599399324246706,0.01049044258807965,0.008674387563801421,0.0004657745361313914,0.07499999999999996,1.1999999999999993,0.0,0.0,0.005599399324246706,0.01049044258807965,0.008674387563801421,0.0004657745361313914,0.07499999999999996,0.07499999999999996,0.0,0.0
ec8884066f45467cbb624ad51520eb9b,5.325,13.2,13.2,0.0,0.7712041732083649,1.1222009313710701,0.5508626330566881,0.00939116477966273,1.05,3.6000000000000014,0.0,0.0,0.09264366783149805,0.1066505286951569,0.09629167212041345,0.006763744354248313,5.325,1.05,4.275,0.6785605053768669
ec93bc95ec4e4b5382176265969f19a5,0.8250000000000002,7.200000000000003,0.0,0.0,0.049172091207624835,0.19913889025853532,0.026326416601167215,0.015746355056763583,1.0500000000000003,7.200000000000003,0.0,0.0,0.050197380893913505,0.23462519367460058,0.03206600572949297,0.015171718597413175,0.8250000000000002,1.0500000000000003,-0.2250000000000001,-0.0010252896862886704
edbe3e17467b4106a7ea812fccc6da78,0.07500000000000018,1.2000000000000028,0.0,0.0,0.04146702748889861,0.06812228754658597,0.01687902425550107,0.001558399200439986,0.07500000000000018,1.2000000000000028,0.0,0.0,0.04146702748889861,0.06812228754658597,0.01687902425550107,0.001558399200439986,0.07500000000000018,0.07500000000000018,0.0,0.0
ee7518752037464dbfb74dd11b5b76b1,5.3265013047467695,18.973665961010273,0.0,1.4249999999999998,0.7166637373374432,0.9535998776505787,0.4407768901503456,0.22299113273620597,0.0,0.0,0.0,0.0,0.06969290624314635,0.10258269753321142,0.09808804697008203,0.03908529281616291,5.3265013047467695,0.0,5.3265013047467695,0.6469708310942968
ee8dfd96ccc447728939cef0bd5425b2,1.142705098312485,3.6000000000000014,2.683281572999754,0.07500000000000018,0.10961328540037683,0.16693611616917334,0.10354986788678533,0.007246828079222389,0.6177050983124845,2.683281572999754,2.683281572999754,0.07500000000000018,0.052567710456111284,0.09390329702244186,0.05090157428670002,0.00611343383789098,1.142705098312485,0.6177050983124845,0.5250000000000004,0.05704557494426555
eef2dd01e2994d8b8f906b699d2692bc,9.075,19.2,19.2,0.0,0.5835937703903988,0.9311201814237079,0.24550402421862697,0.015221357345581055,9.075,19.2,19.2,0.0,0.5835937703903988,0.9311201814237079,0.24550402421862697,0.015221357345581055,9.075,9.075,0.0,0.0
ef03db0d15d241bf98a72fcdb87989e2,1.8093022758808945,9.67470929795826,0.0,0.375,0.26421726761212394,0.5990796420393856,0.012417825756377678,0.03918328285217321,1.8093022758808945,9.67470929795826,0.0,0.375,0.26421726761212394,0.5990796420393856,0.012417825756377678,0.03918328285217321,1.8093022758808945,1.8093022758808945,0.0,0.0
ef661945febb4f4b9f11bea17dd55c63,8.271688876492055,20.43526363911168,20.43526363911168,1.1249999999999996,0.9170598973980515,1.7042101844339026,0.36438548532089615,0.11548776626586799,8.271688876492055,20.43526363911168,20.43526363911168,1.1249999999999996,0.9170598973980515,1.7042101844339026,0.36438548532089615,0.11548776626586799,8.271688876492055,8.271688876492055,0.0,0.0
efa6d756840c43388dd78ce4aada94ff,0.6177050983124844,2.6832815729997477,0.0,0.07500000000000018,0.1476496637481738,0.26052114459818493,0.10568815806751355,0.03169198036193732,0.6177050983124844,2.6832815729997477,0.0,0.07500000000000018,0.1476496637481738,0.26052114459818493,0.10568815806751355,0.03169198036193732,0.6177050983124844,0.6177050983124844,0.0,0.0
f029d11604f147d4901c0ffb735b7cad,0.7810660171779824,2.400000000000002,1.2000000000000028,0.07500000000000018,0.16980406134896486,0.25063958032421524,0.08076824648851301,0.018879175186157227,0.7810660171779824,2.400000000000002,1.2000000000000028,0.07500000000000018,0.16980406134896486,0.25063958032421524,0.08076824648851301,0.018879175186157227,0.7810660171779824,0.7810660171779824,0.0,0.0
f133ae5862974d64aba52bf55982552b,0.5324264635194589,6.118823416311341,0.0,0.07499999999999973,0.020741246025311424,0.03801339188803225,0.01141161889141462,0.004441595077514737,0.5324264635194589,6.118823416311341,0.0,0.07499999999999973,0.020741246025311424,0.03801339188803225,0.01141161889141462,0.004441595077514737,0.5324264635194589,0.5324264635194589,0.0,0.0
f1bdcd378c1449999d0f3fa42fbf3730,7.075439528705993,12.0,10.800000000000004,0.3000000000000007,1.1779712134297595,1.7668592337027933,0.6181383487968589,0.0511107444763188,7.075439528705993,12.0,10.800000000000004,0.3000000000000007,1.1779712134297595,1.7668592337027933,0.6181383487968589,0.0511107444763188,7.075439528705993,7.075439528705993,0.0,0.0
f25fac13b265470aa70b69a7ed8013cc,0.15000000000000036,1.2000000000000028,0.0,0.0,0.05597549954723999,0.10450630681122461,0.04117196828738116,0.0032700061798101032,0.0,0.0,0.0,0.0,0.039580600089658476,0.0769295147353224,0.017700567718404156,0.0055644035339357245,0.15000000000000036,0.0,0.15000000000000036,0.016394899457581512
f274b48b3f8245669f97556d66ce468b,6.75130195203447,24.268498099388026,24.268498099388026,0.8999999999999999,0.2803680862193968,0.6573691535817572,0.2178813545695365,0.042152023315429776,6.75130195203447,24.268498099388026,24.268498099388026,0.8999999999999999,0.2803680862193968,0.6573691535817572,0.2178813545695365,0.042152023315429776,6.75130195203447,6.75130195203447,0.0,0.0
f29035a714f242bb9052aa6804d12be1,1.8657790726715437,3.794733192202054,1.697056274847718,0.45000000000000107,0.47864160524254457,0.8545587803821558,0.20758410400728786,0.04702949523925781,1.385206008715024,3.794733192202054,1.697056274847718,0.6000000000000014,0.33792827985426876,0.5519688146367312,0.16434519725784133,0.037909555435180486,1.8657790726715437,1.385206008715024,0.4805730639565198,0.1407133253882758
f33e0c3f5d5c426593af8af1c27b68b8,0.2871320343559646,1.697056274847718,1.2000000000000028,0.15000000000000036,0.009720196734244152,0.017567607743358925,0.0033586411034913053,0.002310562133788885,0.4060660171779823,2.3999999999999986,1.2000000000000028,0.07500000000000018,0.016828511112776914,0.029897888409261365,0.006286180351138318,0.0017460823059081143,0.2871320343559646,0.4060660171779823,-0.11893398282201767,-0.007108314378532762
f347756c093b4c8b951fac2ec3d94160,0.5249999999999992,2.3999999999999986,1.1999999999999957,0.0,0.04303322405592748,0.1023426761353609,0.1023426761353609,0.011599588394165306,0.5249999999999992,2.3999999999999986,1.1999999999999957,0.0,0.04303322405592748,0.1023426761353609,0.1023426761353609,0.011599588394165306,0.5249999999999992,0.5249999999999992,0.0,0.0
f3cf684168d546328dd1bf7f4141f5e4,0.6195972880320872,6.118823416311341,6.118823416311341,0.1499999999999999,0.021489016476960266,0.04747487521382964,0.04747487521382964,0.008520984649659002,0.0,0.0,0.0,0.0,0.0,0.0,0.0,0.0,0.6195972880320872,0.0,0.6195972880320872,0.021489016476960266
f405bf5322cb40d3811fcbe802c0eb8d,0.756207189772366,7.299315036357866,1.1999999999999957,0.07499999999999973,0.05116646495524419,0.09089938262457861,0.020974402256501132,0.007503175735474432,0.756207189772366,7.299315036357866,1.1999999999999957,0.07499999999999973,0.05116646495524419,0.09089938262457861,0.020974402256501132,0.007503175735474432,0.756207189772366,0.756207189772366,0.0,0.0
f420e4f04e314c7ebfbf7cb798afbacc,1.2842329219213249,4.947726750741191,1.2000000000000028,0.07500000000000018,0.17418115032740084,0.3658066178855929,0.0513573705381414,0.009844779968262163,1.2842329219213249,4.947726750741191,1.2000000000000028,0.07500000000000018,0.17418115032740084,0.3658066178855929,0.0513573705381414,0.009844779968262163,1.2842329219213249,1.2842329219213249,0.0,0.0
f54c35623097453e8adccb553b2cd2ba,1.3621708245126278,3.7947331922020506,3.7947331922020506,0.07500000000000018,0.1772653631116449,0.30994465185506925,0.10350052716708077,0.0068451404571532315,1.2871708245126277,3.7947331922020506,3.7947331922020506,0.07500000000000018,0.1713214319102304,0.3138151023866969,0.09354675795743556,0.006287384033202947,1.3621708245126278,1.2871708245126277,0.07500000000000018,0.00594393120141451
f5a7f03d09ac43d8b124348d33e68d2f,0.6980351842023951,2.6832815729997477,2.6832815729997477,0.5250000000000004,0.08550324924209704,0.15372009817312826,0.07172088494816464,0.04553604125976607,0.6980351842023951,2.6832815729997477,2.6832815729997477,0.5250000000000004,0.08550324924209704,0.15372009817312826,0.07172088494816464,0.04553604125976607,0.6980351842023951,0.6980351842023951,0.0,0.0
f5ec1478983e4099be5e87c5eccece03,0.5737711154904663,2.6832815729997477,0.0,0.15000000000000036,0.03302665786226093,0.055125255786658355,0.0366912538553209,0.0102541923522943,0.5737711154904663,2.6832815729997477,0.0,0.15000000000000036,0.04433439537887913,0.07185151018633358,0.038997844541449514,0.010631561279295987,0.5737711154904663,0.5737711154904663,0.0,-0.011307737516618198
f63865b7bef54908b12800e1de56cdf4,0.6000000000000001,2.4000000000000057,2.4000000000000057,0.0,0.04511351573565309,0.0748777279798239,0.06447555704331058,0.024499654769896573,0.15000000000000013,1.2000000000000028,0.0,0.0,0.029972791508587386,0.047109559331451945,0.0257652761542425,0.017405319213866566,0.6000000000000001,0.15000000000000013,0.44999999999999996,0.0151407242270657
f6755e337492456ea351e9deef4ad09e,0.5249999999999999,1.2000000000000028,0.0,0.0,0.18011780865386728,0.2713745510179695,0.11287948058816308,0.005991411209106623,0.8999999999999997,2.4000000000000057,0.0,0.0,0.21244033663357478,0.29652093595466694,0.1352263139926148,0.009138536453245472,0.5249999999999999,0.8999999999999997,-0.3749999999999998,-0.0323225279797075
f6852782270444be9c4d792100c064d0,0.18106601717798232,1.697056274847718,0.0,0.07500000000000018,0.037215108760152486,0.10717343527322505,0.014608254392889848,0.004495954513549449,0.18106601717798232,1.697056274847718,0.0,0.07500000000000018,0.037215108760152486,0.10717343527322505,0.014608254392889848,0.004495954513549449,0.18106601717798232,0.18106601717798232,0.0,0.0
f7203153a7654757b0ede063c628efa0,0.15000000000000013,1.2000000000000028,0.0,0.0,0.13238333889369858,0.19809049497691972,0.11029611487872501,0.02424387931823757,0.15000000000000013,1.2000000000000028,0.0,0.0,0.13533698708314817,0.20519784808022185,0.10696659881105328,0.017471981048583718,0.15000000000000013,0.15000000000000013,0.0,-0.002953648189449598
f7999aea56664077b37337c19a1950ac,0.0,0.0,0.0,0.0,0.0,0.0,0.0,0.0,0.0,0.0,0.0,0.0,0.0,0.0,0.0,0.0,0.0,0.0,0.0,0.0
f7fa3775fc39451f8f53b972341de107,7.5,19.2,19.2,0.0,0.3178908445726788,0.5233435496843082,0.187014557839305,0.005276727676391424,7.5,19.2,19.2,0.0,0.3178908445726788,0.5233435496843082,0.187014557839305,0.005276727676391424,7.5,7.5,0.0,0.0
f8a9493fb4224e38a90df10d8412b2c8,7.199999999999998,17.999999999999996,17.999999999999996,0.0,0.058174803480091554,0.10466126502270237,0.043452970611066635,0.002461338043212802,7.199999999999998,17.999999999999996,17.999999999999996,0.0,0.058174803480091554,0.10466126502270237,0.043452970611066635,0.002461338043212802,7.199999999999998,7.199999999999998,0.0,0.0
f900e1dbe5c1427f9818a984feb6309e,0.5250000000000004,3.599999999999998,0.0,0.0,0.10929395911872855,0.29201063702758606,0.060497034424634236,0.014527130126952947,0.675,3.6000000000000014,0.0,0.0,0.08844487086446393,0.23573039866575007,0.03972289728879369,0.01253671646118093,0.5250000000000004,0.675,-0.1499999999999997,0.020849088254264625
f997cd67c185454aae80acf795175ba1,6.238492547605087,13.199999999999996,10.866462165764897,0.22500000000000053,0.738306811087015,1.0809911385520392,0.4517635719882124,0.02772889137268031,6.462740738533826,13.254433220624708,13.254433220624708,0.22500000000000053,0.8001532348837851,1.1230885180096961,0.49243743089761977,0.030601358413696378,6.238492547605087,6.462740738533826,-0.22424819092873882,-0.06184642379677008
fa244f31dbf94b8896bc778006e2c959,0.2250000000000003,1.2000000000000028,1.2000000000000028,0.0,0.08829311936465656,0.15991431653341323,0.1299967364593023,0.009171724319458896,0.2250000000000003,1.2000000000000028,1.2000000000000028,0.0,0.09056600708162785,0.16163664833177666,0.14301205166440356,0.01269006729126021,0.2250000000000003,0.2250000000000003,0.0,-0.002272887716971289
fbac9771eca241c4b18c195395d64e22,13.493990125876705,27.62607463973121,26.427258654654285,1.1999999999999993,1.3172536482197268,2.4548491139386712,0.5272593693627083,0.12853617668151918,13.493990125876705,27.62607463973121,26.427258654654285,1.1999999999999993,1.3172536482197268,2.4548491139386712,0.5272593693627083,0.12853617668151918,13.493990125876705,13.493990125876705,0.0,0.0
fbd3aa2098234fb1869d34d920e16eda,0.5164762138029504,2.683281572999751,0.0,0.2999999999999998,0.18540406301087492,0.23669188310912287,0.17318910887815073,0.020802497863769087,0.5164762138029504,2.683281572999751,0.0,0.2999999999999998,0.18540406301087492,0.23669188310912287,0.17318910887815073,0.020802497863769087,0.5164762138029504,0.5164762138029504,0.0,0.0
fd15042e2267468dbbf7ac96c01f829e,0.7499999999999991,2.3999999999999986,0.0,0.0,0.18856449992249819,0.35238423710987654,0.07550756669920454,0.00816707611084011,0.7499999999999991,2.3999999999999986,0.0,0.0,0.18856449992249819,0.35238423710987654,0.07550756669920454,0.00816707611084011,0.7499999999999991,0.7499999999999991,0.0,0.0
fdd3a6f8d68a4bf08f45881201d072ae,0.0,0.0,0.0,0.0,0.0,0.0,0.0,0.0,0.0,0.0,0.0,0.0,0.0,0.0,0.0,0.0,0.0,0.0,0.0,0.0
fde1435fa125431d9eb22d8e5e254a32,2.1115372756622772,8.48528137423857,1.2000000000000028,0.15000000000000036,0.32501888341359897,0.43879942923983783,0.19735491902929042,0.01747412681579652,0.07500000000000018,1.2000000000000028,0.0,0.0,0.020856313771361476,0.04428874975381879,0.000601976633729679,0.0011139392852776986,2.1115372756622772,0.07500000000000018,2.036537275662277,0.3041625696422375
fe04ede880b14ae7b07e27d9fb283f08,0.0,0.0,0.0,0.0,0.09011541525239695,0.1511774806436025,0.06356336241638817,0.015560388565063032,0.0,0.0,0.0,0.0,0.13436278773441523,0.19712912329535554,0.16947777284985868,0.016886472702025035,0.0,0.0,0.0,-0.04424737248201828
fe95b22c7ed144319f43d0467a43e503,0.3749999999999998,3.599999999999998,0.0,0.0,0.11499905645146778,0.19074084930182036,0.11933126031673673,0.06778607368469114,0.3749999999999998,3.599999999999998,0.0,0.0,0.07494085925563021,0.1295325680098957,0.11423074419998691,0.033674526214598544,0.3749999999999998,0.3749999999999998,0.0,0.04005819719583757
fee17d51d2c942e5b81767fca9993099,0.0,0.0,0.0,0.0,0.014504286346082279,0.04916127310189864,0.04916127310189864,0.011129236221313565,0.0,0.0,0.0,0.0,0.0,0.0,0.0,0.0,0.0,0.0,0.0,0.014504286346082279
feedde26563b4303ad0faa7ef7684940,0.0,0.0,0.0,0.0,0.0,0.0,0.0,0.0,0.0,0.0,0.0,0.0,0.0,0.0,0.0,0.0,0.0,0.0,0.0,0.0
ff86307232204acc9c4b01a9031124be,0.0,0.0,0.0,0.0,0.0,0.0,0.0,0.0,0.0,0.0,0.0,0.0,0.0,0.0,0.0,0.0,0.0,0.0,0.0,0.0
