sample_token,JC_mean_m_cheap,JC_max_m_cheap,JC_final_m_cheap,JC_lat_mean_m_cheap,JC_soft_mean_m_cheap,JC_soft_max_m_cheap,JC_soft_final_m_cheap,JC_soft_lat_mean_m_cheap,JC_mean_m_full,JC_max_m_full,JC_final_m_full,JC_lat_mean_m_full,JC_soft_mean_m_full,JC_soft_max_m_full,JC_soft_final_m_full,JC_soft_lat_mean_m_full,JC_cheap,JC_full,dJC,dJC_soft
0037a705a2e04559b1bba6c01beca1cf,2.1310660171779814,7.199999999999999,0.0,0.07500000000000018,0.023771135756725764,0.04471797998719998,0.024415966388855997,0.004551744461059659,2.1310660171779814,7.199999999999999,0.0,0.07500000000000018,0.023771135756725764,0.04471797998719998,0.024415966388855997,0.004551744461059659,2.1310660171779814,2.1310660171779814,0.0,0.0
02229f185fe44a0780d24ed8a2b5af49,1.7999999999999998,4.799999999999997,4.799999999999997,0.0,0.22415124510544424,0.348718416096143,0.12489624075867489,0.0031421184539808245,1.7999999999999998,4.799999999999997,4.799999999999997,0.0,0.20916472166346195,0.32391018811003713,0.122584629610794,0.0023330211639409626,1.7999999999999998,1.7999999999999998,0.0,0.014986523441982286
023a58306058440988b0ca496bdf9c2e,0.9750000000000001,3.6000000000000014,0.0,0.0,0.34661437381575505,0.7578413532665697,0.1729460511278959,0.02940945625305247,9.603333330899094,27.626074639731215,27.626074639731215,0.15000000000000036,0.95695242644362,1.5442736853942134,0.48198376581203844,0.0272998809814462,0.9750000000000001,9.603333330899094,-8.628333330899094,-0.610338052627865
026155aa1c554e2f87914ec9ba80acae,0.6842329219213242,4.947726750741191,0.0,0.07500000000000018,0.07374600744182269,0.18120578790442238,0.017870733773400108,0.00484156608581543,0.6842329219213242,4.947726750741191,0.0,0.07500000000000018,0.07374600744182269,0.18120578790442238,0.017870733773400108,0.00484156608581543,0.6842329219213242,0.6842329219213242,0.0,0.0
02651ca22b08484294d473d9c26cd9af,1.9499999999999988,3.599999999999998,3.599999999999998,0.0,0.29956733175733274,0.4562429777973482,0.2588253515684242,0.0070847511291489695,1.9499999999999988,3.599999999999998,3.599999999999998,0.0,0.29956733175733274,0.4562429777973482,0.2588253515684242,0.0070847511291489695,1.9499999999999988,1.9499999999999988,0.0,0.0
028a3f3a237e469cb099f6d9c8e7f2f4,5.624999999999998,8.399999999999999,8.399999999999999,0.0,1.1715537575502375,1.6512878023193256,0.7671639095153172,0.03449420928955016,5.849999999999999,8.399999999999999,8.399999999999999,0.0,1.217399844121379,1.6946321831024278,0.8098440357201016,0.036387777328490856,5.624999999999998,5.849999999999999,-0.22500000000000053,-0.04584608657114142
046d4e3b185a4b15b5784331d7633565,0.44999999999999996,1.2000000000000028,0.0,0.0,0.10812389388814844,0.2010684308559484,0.05850859629419307,0.010305404663085493,0.07499999999999996,1.1999999999999993,0.0,0.0,0.048537162970454045,0.10192026544462986,0.01762729874599721,0.00882225036621076,0.44999999999999996,0.07499999999999996,0.375,0.0595867309176944
0526f810f7754fe8b8a4ae62fc76c535,0.8249999999999997,2.400000000000002,2.3999999999999986,0.0,0.0466386463654736,0.11419030428637532,0.010889104761832085,0.0033200740814214313,0.375,1.2000000000000028,0.0,0.0,0.10901753443644713,0.1896642627461194,0.07944663715985992,0.005898141860961825,0.8249999999999997,0.375,0.44999999999999973,-0.062378888070973526
05699704028c40708d98ab16374fd748,0.9000000000000006,2.3999999999999986,0.0,0.0,0.1817253916907108,0.35209249465019765,0.021552956532008276,0.005181026458739524,0.6000000000000003,1.2000000000000028,0.0,0.0,0.1433793128455627,0.2695449505795219,0.06377275844038481,0.007580137252807262,0.9000000000000006,0.6000000000000003,0.30000000000000027,0.038346078845148096
05cf2a68a2cf4ff1838034f8ecae0c82,2.7750000000000004,9.600000000000001,9.600000000000001,0.0,0.33630156244636167,0.4822141629956365,0.27088426914087804,0.01622414588928134,3.0,9.600000000000001,9.600000000000001,0.0,0.38112231345123504,0.6703144340051121,0.22994389897376447,0.007327365875243075,2.7750000000000004,3.0,-0.22499999999999964,-0.04482075100487337
05e8bcefb9e442ceb0c8d16b745974e0,1.0499999999999996,3.6000000000000014,3.6000000000000014,0.0,0.19719841909384206,0.2995930629532255,0.059349824640812114,0.005233097076415394,1.4999999999999998,3.6000000000000014,3.6000000000000014,0.0,0.27221795126063,0.4215690354953878,0.05516870575664626,0.006026029586791104,1.0499999999999996,1.4999999999999998,-0.4500000000000002,-0.07501953216678792
0637df67b6fe4c5087e9139089ba1b49,4.049999999999999,8.399999999999999,8.399999999999999,0.0,0.7031541297652434,1.0664605812692078,0.40018156558925144,0.015378284454344193,4.199999999999998,8.399999999999999,8.399999999999999,0.0,0.7196836939272082,1.0939682639327886,0.41587285928946427,0.018360471725463068,4.049999999999999,4.199999999999998,-0.14999999999999947,-0.016529564161964827
08254b97198045d98009af51d144d147,0.0,0.0,0.0,0.0,0.08397561757762462,0.12456992016933181,0.06995831979024426,0.00474214553833141,0.0,0.0,0.0,0.0,0.0908295814849718,0.13003482943814504,0.08887194038154925,0.006349754333496271,0.0,0.0,0.0,-0.006853963907347188
08303db5860e4e67b5b4ab7c30d41902,4.2871708245126285,9.600000000000001,9.600000000000001,0.07500000000000018,0.5488647672528344,0.9491532128721385,0.16404240908818946,0.01939659118652326,3.309232921921325,6.0,6.0,0.07500000000000018,0.4388712001687717,0.7721186323637806,0.13956145326005212,0.018325281143187322,4.2871708245126285,3.309232921921325,0.9779379025913038,0.10999356708406272
0963783c3e71478fbba311287a1a5b42,2.2499999999999987,3.599999999999998,3.599999999999998,0.0,0.43559084488948985,0.5594629690603962,0.28499775104415564,0.004822540283201615,2.0249999999999986,3.599999999999998,3.599999999999998,0.0,0.41848440456807,0.5372404835141587,0.2872104418962886,0.0051067829132072085,2.2499999999999987,2.0249999999999986,0.2250000000000001,0.017106440321419836
09e58f5b8acb45a9a9c8c186895efa59,1.2803300858899105,8.485281374238573,0.0,0.07500000000000018,0.37073131668042586,0.6095097510598095,0.1672363263586118,0.015490579605102806,2.784338662244782,9.67470929795826,4.800000000000004,0.15000000000000036,0.5719607830687207,0.8587079454492784,0.2784117322499302,0.017025089263916993,1.2803300858899105,2.784338662244782,-1.5040085763548716,-0.2012294663882948
0a535567072a48a38a7213778550dcaf,0.2250000000000003,2.400000000000002,0.0,0.0,0.049906637305654214,0.09139824107736241,0.02823584189370066,0.0015442371368399321,2.223341766667762,4.9477267507411975,0.0,0.3000000000000007,0.29165747328598735,0.4484220389142566,0.18202569280050634,0.012175941467284623,0.2250000000000003,2.223341766667762,-1.9983417666677619,-0.24175083598033315
0a66d3360b3e46228e210dd6a651ded2,5.624999999999998,8.399999999999999,8.399999999999999,0.0,1.1865752311709579,1.6609976703381804,0.7901545048410256,0.0360191345214842,5.849999999999999,8.399999999999999,8.399999999999999,0.0,1.2406672115474568,1.7160804385186799,0.8396258339789292,0.03822898864746049,5.624999999999998,5.849999999999999,-0.22500000000000053,-0.05409198037649898
0b47858110f442afa33226467f596df7,0.75,2.3999999999999986,2.3999999999999986,0.0,0.07943910086371676,0.11695423403172724,0.033306000258961056,0.0032329559326171875,0.8249999999999997,3.5999999999999943,3.5999999999999943,0.0,0.11229755116599974,0.17366781848009843,0.044158191529649525,0.0029156684875490946,0.75,0.8249999999999997,-0.07499999999999973,-0.032858450302282974
0ba00e2623814934b1b00ec2b461a125,0.15000000000000036,1.2000000000000028,0.0,0.0,0.030300667650070414,0.04546207357685193,0.03774951832349906,0.003778553009033292,0.07499999999999973,1.1999999999999957,0.0,0.0,0.026451395616340842,0.07678029349036508,0.07678029349036508,0.003494739532470703,0.15000000000000036,0.07499999999999973,0.07500000000000062,0.003849272033729572
0bcb08a96d264c8ca9f2119c6b0dbeb2,0.8518864104279191,2.6832815729997477,0.0,0.375,0.10770015591554413,0.2926694244708971,0.04944931187041399,0.04353475570678622,0.8518864104279191,2.6832815729997477,0.0,0.375,0.11175925592437283,0.2913341454303326,0.047401758005859364,0.04343605041503862,0.8518864104279191,0.8518864104279191,0.0,-0.004059100008828698
0d2ebc600fc449f6b7a95f1f69ee52d1,0.0,0.0,0.0,0.0,0.19102535570068063,0.3135486189078656,0.0828456485757442,0.008969449996947265,0.0,0.0,0.0,0.0,0.19102535570068063,0.3135486189078656,0.0828456485757442,0.008969449996947265,0.0,0.0,0.0,0.0
0e27960b86db475e9dcf750295deb1b7,1.906066017177982,4.799999999999997,4.799999999999997,0.07500000000000018,0.30289678489429944,0.47344085531651026,0.13898627618092374,0.005276870727538352,1.906066017177982,4.799999999999997,4.799999999999997,0.07500000000000018,0.30289678489429944,0.47344085531651026,0.13898627618092374,0.005276870727538352,1.906066017177982,1.906066017177982,0.0,0.0
0e8782aa721545caabc7073d32fb1fb1,2.625,6.0,1.2000000000000028,0.0,0.48549410897964174,0.7489205086553945,0.07334000607128291,0.021889829635619584,3.374999999999999,8.399999999999999,1.2000000000000028,0.0,0.5596019398030967,0.8917702381313661,0.009403066699507065,0.0234375,2.625,3.374999999999999,-0.7499999999999991,-0.07410783082345496
0f5cbb909e9544dd861dc2ff63ac4d13,4.724999999999998,8.399999999999999,8.399999999999999,0.0,0.7858894703770174,1.2919566383405752,0.4892895300283034,0.013797712326049094,4.724999999999998,8.399999999999999,8.399999999999999,0.0,0.7858894703770174,1.2919566383405752,0.4892895300283034,0.013797712326049094,4.724999999999998,4.724999999999998,0.0,0.0
112aa7a7edfc4df6b8e9775b14f74e12,0.7677050983124841,2.6832815729997477,0.0,0.07500000000000018,0.13145982456597338,0.23199108387527595,0.10509417497270773,0.012639856338499733,0.31770509831248395,2.6832815729997477,0.0,0.07500000000000018,0.07771520319400355,0.1747413302063064,0.06122014907578194,0.010482788085936612,0.7677050983124841,0.31770509831248395,0.4500000000000002,0.053744621371969836
11514e9bc4184a1f8bcdc1fe7aafad2d,3.0749999999999993,9.599999999999998,0.0,0.0,0.2470461346400953,0.4606247851031671,0.18772432011975487,0.00930075645446804,2.4749999999999996,9.599999999999998,0.0,0.0,0.21151828843127884,0.3617575015930037,0.07502693460031147,0.0045737743377696205,3.0749999999999993,2.4749999999999996,0.5999999999999996,0.035527846208816466
1175f341a78a4877bc5257cbc763aef5,4.5,8.399999999999999,8.399999999999999,0.0,0.6660567984249173,1.0772967898064403,0.37603823408742054,0.0172119140625,4.5,8.399999999999999,8.399999999999999,0.0,0.6420578488599292,1.0611551889963657,0.35976576758514905,0.017608165740966353,4.5,4.5,0.0,0.023998949564988048
1259283ec9f549d4b26c98ee76c654a6,0.4500000000000002,3.5999999999999943,3.5999999999999943,0.0,0.03086767480423224,0.05340180058638995,0.051979276185508606,0.0010870456695557529,0.5249999999999999,2.3999999999999986,1.2000000000000028,0.0,0.08028720403971219,0.12004360110336547,0.024913112331584397,0.002918100357056197,0.4500000000000002,0.5249999999999999,-0.07499999999999973,-0.04941952923547995
140c678882194ae69e47136c81168b6d,8.2580000342309,24.029981273400946,22.831557108528536,0.22500000000000053,1.0808311438908305,1.7882899828496028,0.47870457879486245,0.022910356521606,8.108207932942335,22.831557108528536,22.831557108528536,0.22500000000000053,1.0746110922598848,1.7784596221815412,0.47987021613204095,0.023038816452026545,8.2580000342309,8.108207932942335,0.1497921012885648,0.006220051630945633
149f03b275944abc95aa59709a726bff,5.624999999999998,8.399999999999999,8.399999999999999,0.0,1.1413198749017537,1.6374809942066813,0.7407878913282608,0.03182387351989702,5.924999999999999,8.399999999999999,8.399999999999999,0.0,1.2335145071546054,1.7153580500712644,0.8421000440067236,0.035194301605224965,5.624999999999998,5.924999999999999,-0.3000000000000007,-0.09219463225285174
14d5adfe50bb4445bc3aa5fe607691a8,0.18106601717798188,1.6970562748477107,0.0,0.07499999999999973,0.07534430459269248,0.19114035434635956,0.010890794234998552,0.013879394531248757,0.18106601717798188,1.6970562748477107,0.0,0.07499999999999973,0.07534430459269248,0.19114035434635956,0.010890794234998552,0.013879394531248757,0.18106601717798188,0.18106601717798188,0.0,0.0
15222be375f74f0d843a4289d18c746a,2.0287406715840666,12.059850745345068,12.059850745345068,0.07500000000000018,0.11369509519217863,0.3051955794836058,0.06409798187325098,0.040479183197021484,2.0287406715840666,12.059850745345068,12.059850745345068,0.07500000000000018,0.11369509519217863,0.3051955794836058,0.06409798187325098,0.040479183197021484,2.0287406715840666,2.0287406715840666,0.0,0.0
1525755f9f8948f1a2f056039971fd70,0.8249999999999995,2.3999999999999986,1.2000000000000028,0.0,0.10020878225699409,0.12902592630610576,0.07537947626953995,0.001293182373047319,0.8249999999999995,2.3999999999999986,1.2000000000000028,0.0,0.09256414925674172,0.12940990905432623,0.059477737167438205,0.0018806934356692118,0.8249999999999995,0.8249999999999995,0.0,0.0076446330002523655
15e8288c2e60438bb4d65702ff0df804,0.44999999999999973,2.3999999999999986,0.0,0.0,0.11159995081372524,0.2479114210779029,0.08346030073562728,0.012315845489501154,0.7499999999999998,2.400000000000002,0.0,0.0,0.1447871933314463,0.3177481343172259,0.10094445948858141,0.011849641799925426,0.44999999999999973,0.7499999999999998,-0.30000000000000004,-0.03318724251772105
16011bbf9d634b099c5ff9a352d26c9e,0.30000000000000027,1.2000000000000028,0.0,0.0,0.03737117172354524,0.10552401763528761,0.01066860074571477,0.0036762714385978335,0.6000000000000001,3.6000000000000014,2.3999999999999986,0.0,0.05445900728521601,0.08344735734076973,0.057609208734519204,0.004433298110960493,0.30000000000000027,0.6000000000000001,-0.2999999999999998,-0.017087835561670768
160fa0f8e77b41409a98341093a7cace,0.5249999999999997,1.1999999999999993,1.1999999999999993,0.0,0.15256575337784659,0.3122663361737546,0.0377484613982933,0.01579570770263672,3.829669331122391,9.674709297958257,9.674709297958257,0.07500000000000018,0.3780709511974145,0.5501639601586512,0.37011721257798263,0.01753163337707564,0.5249999999999997,3.829669331122391,-3.3046693311223914,-0.22550519781956793
163b70e627854893b88575caf85a56ea,0.0,0.0,0.0,0.0,0.1280356737277519,0.30875791395067975,0.10678032168648453,0.003840923309325728,0.0,0.0,0.0,0.0,0.08644032305208027,0.17998615545587798,0.13946393403368887,0.0030601501464837533,0.0,0.0,0.0,0.04159535067567163
16a2b81fe8554e7cb545a6df0b594977,0.15000000000000013,1.2000000000000028,0.0,0.0,0.0633716637289266,0.0991321456114025,0.056287021114338,0.008311843872069513,0.2250000000000001,1.2000000000000028,0.0,0.0,0.04226920056723866,0.07878206433144841,0.023299978551461337,0.0034410953521724075,0.15000000000000013,0.2250000000000001,-0.07499999999999996,0.021102463161687936
16c4a3eac2a54160a30b559855584cd8,1.8000000000000003,7.199999999999996,3.6000000000000014,0.0,0.20926223126474347,0.3351168836761088,0.017325484179603418,0.009172296524047496,1.8000000000000007,7.199999999999996,3.6000000000000014,0.07500000000000018,0.24397743104903513,0.3920391745535357,0.024769579278098516,0.008944845199585938,1.8000000000000003,1.8000000000000007,-4.440892098500626e-16,-0.03471519978429166
1735e827e28040969f9172469b5f71a5,3.154854079147463,6.118823416311343,6.118823416311341,0.6000000000000005,0.3654055653564751,0.5927689700580858,0.20322835444289605,0.027043533325195046,3.154854079147463,6.118823416311343,6.118823416311341,0.6000000000000005,0.3654055653564751,0.5927689700580858,0.20322835444289605,0.027043533325195046,3.154854079147463,3.154854079147463,0.0,0.0
1808fbc3531c415fb77531c05b2547ae,0.6749999999999998,3.6000000000000014,1.1999999999999957,0.0,0.05141086875039402,0.09685328398146795,0.09685328398146795,0.0037363529205323154,0.3750000000000002,3.6000000000000014,3.6000000000000014,0.0,0.03382084182704924,0.0704305204065109,0.0425324587188628,0.0044325828552240765,0.6749999999999998,0.3750000000000002,0.2999999999999996,0.017590026923344784
185dd9f6bc6b4cffbb23ac2ed72b3bb6,0.9000000000000004,3.6000000000000014,1.2000000000000028,0.0,0.10028289890988853,0.20044562150824158,0.05431025980304411,0.007592582702637074,0.5250000000000001,2.3999999999999986,0.0,0.0,0.11669041412975995,0.18522284669482864,0.11670081949532668,0.004849720001219637,0.9000000000000004,0.5250000000000001,0.3750000000000002,-0.01640751521987141
18b3ef8c389240f39196a55621eb1930,2.8499999999999983,4.799999999999997,4.799999999999997,0.0,0.6847997278679737,0.8754787601357684,0.5046115125671871,0.00880537033081108,2.6249999999999982,3.599999999999998,3.599999999999998,0.0,0.6378430997845937,0.8300442763905811,0.4854855277359791,0.00935597419738654,2.8499999999999983,2.6249999999999982,0.2250000000000001,0.04695662808337997
1906aa07e1914059914e62ee02ccb50f,3.1932368416906103,8.399999999999999,8.399999999999999,0.15000000000000036,0.5350120444558313,0.8462235486201644,0.44547742931784634,0.059514713287352805,3.11823684169061,8.399999999999999,8.399999999999999,0.15000000000000036,0.5294347760451947,0.8279572466598569,0.44794802894576186,0.058603763580322266,3.1932368416906103,3.11823684169061,0.07500000000000018,0.005577268410636549
19689911bd0e40adb943b0f97ea84a6a,0.5560660171779825,2.3999999999999986,2.3999999999999986,0.07500000000000018,0.03361482997501617,0.13318695487775353,0.04340753383812252,0.005800008773802823,0.5560660171779825,2.3999999999999986,2.3999999999999986,0.07500000000000018,0.03361482997501617,0.13318695487775353,0.04340753383812252,0.005800008773802823,0.5560660171779825,0.5560660171779825,0.0,0.0
1981ee55006c4e00823d29de105d1680,0.2250000000000001,2.3999999999999986,1.2000000000000028,0.0,0.11427196628592456,0.22605393138601007,0.04485118004864278,0.003615331649779563,2.4749999999999988,9.599999999999994,3.5999999999999943,0.0,0.35781110235013325,0.5475474061022042,0.2416693955250162,0.008591508865356534,0.2250000000000001,2.4749999999999988,-2.2499999999999987,-0.24353913606420868
19ffc60b7e9f429cbca0dbd5e2fc2e03,1.1249999999999998,3.6000000000000014,3.6000000000000014,0.0,0.2310068128312798,0.4522909657025157,0.03975961362096112,0.017038679122925338,0.7060660171779825,1.697056274847718,1.2000000000000028,0.15000000000000036,0.16569085677513234,0.38561589341961594,0.039498579755926244,0.019984817504883345,1.1249999999999998,0.7060660171779825,0.4189339828220173,0.06531595605614746
1a9894a106fe444c9f35126426563d43,5.024999999999999,8.399999999999999,8.399999999999999,0.0,0.9139781676535365,1.4167772604694442,0.5576228261695302,0.016163349151611772,5.099999999999999,8.399999999999999,8.399999999999999,0.0,0.954963649554788,1.4459899077520144,0.5955049716999818,0.020113992691040306,5.024999999999999,5.099999999999999,-0.07500000000000018,-0.04098548190125151
1ac0914c98b8488cb3521efeba354496,4.799999999999999,8.399999999999999,8.399999999999999,0.0,0.43008319463959455,0.648021548146618,0.34380205240624995,0.015984106063843484,4.799999999999999,8.399999999999999,8.399999999999999,0.0,0.42957768267941254,0.6217421811604092,0.3397094442240471,0.016275644302368164,4.799999999999999,4.799999999999999,0.0,0.0005055119601820035
1b5a6659994e466991ba17e9998fc05e,0.0,0.0,0.0,0.0,0.01932130540265908,0.03590326632830773,0.009463519951616218,0.0023390293121345884,0.0,0.0,0.0,0.0,0.01696564492065351,0.03141281083865761,0.01620516453422331,0.002703952789306907,0.0,0.0,0.0,0.00235566048200557
1c5d68d702df41fab44824a6b8e360c9,3.8999999999999986,8.399999999999999,8.399999999999999,0.0,0.6266109856860484,1.1011455395232796,0.33609005139328973,0.00659866333007697,3.8999999999999986,8.399999999999999,8.399999999999999,0.0,0.6314380335836712,1.0400280732049412,0.3887842785585699,0.007941055297850497,3.8999999999999986,3.8999999999999986,0.0,-0.004827047897622783
1c79e219a67b4dfcb42b0628d6c76eb0,1.275,2.400000000000002,0.0,0.0,0.28829275301725005,0.46550197324375814,0.1471514697281618,0.003619337081909091,1.1999999999999997,2.400000000000002,0.0,0.0,0.27468393714066397,0.4533096478099435,0.1371281039455378,0.0034576892852782315,1.275,1.1999999999999997,0.07500000000000018,0.013608815876586078
1c81b06c812b47788462c31f58b6c1d0,3.7499999999999982,8.399999999999999,8.399999999999999,0.0,0.635226471366825,1.0364795498924637,0.36777010580446917,0.013354969024659269,3.7499999999999982,8.399999999999999,8.399999999999999,0.0,0.635226471366825,1.0364795498924637,0.36777010580446917,0.013354969024659269,3.7499999999999982,3.7499999999999982,0.0,0.0
1c8ec6c1dd614d3fb8b8849dc8756a9a,0.0,0.0,0.0,0.0,0.4028593207827776,0.6213313826218276,0.32577559830501907,0.016475629806517844,0.0,0.0,0.0,0.0,0.4037832190042841,0.6189516648178435,0.3301559485865317,0.01676144599914453,0.0,0.0,0.0,-0.0009238982215065139
1c99c1f837fa457085f86e4afab500ed,2.924999999999998,4.799999999999997,4.799999999999997,0.0,0.6209234252074487,0.7990761961783505,0.40519868828362304,0.009796285629271928,2.924999999999998,4.799999999999997,4.799999999999997,0.0,0.5943561506811514,0.7721985238925667,0.38339605222050926,0.00935068130493244,2.924999999999998,2.924999999999998,0.0,0.026567274526297258
1dd5d04e621f4fe791bff994708af69b,3.5999999999999988,8.399999999999999,8.399999999999999,0.0,0.6595620123668202,1.0561660789145222,0.3881061071194241,0.01458492279052681,3.5999999999999988,8.399999999999999,8.399999999999999,0.0,0.6595620123668202,1.0561660789145222,0.3881061071194241,0.01458492279052681,3.5999999999999988,3.5999999999999988,0.0,0.0
1e19d0a5189b46f4b62aa47508f2983e,7.134956545835329,21.633307652783937,21.633307652783937,0.3000000000000007,0.5014192167347167,0.7489498786323737,0.3735507301281539,0.01696858406066859,5.1834100027064585,12.059850745345068,10.799999999999997,0.15000000000000036,0.5722557879812269,0.9860552013323896,0.2230755431796798,0.008837699890136275,7.134956545835329,5.1834100027064585,1.9515465431288703,-0.07083657124651022
1e4b165a3a904717b30f044322edfa14,0.6092329219213243,4.947726750741191,0.0,0.07500000000000018,0.01276068587546951,0.038299713985546574,0.015077498651037472,0.00573449134826598,0.6092329219213243,4.947726750741191,0.0,0.07500000000000018,0.01276068587546951,0.038299713985546574,0.015077498651037472,0.00573449134826598,0.6092329219213243,0.6092329219213243,0.0,0.0
1e9f7d6d4f394cbcab3dc1d83ab86536,1.5750000000000002,3.6000000000000014,3.6000000000000014,0.0,0.3110181600688162,0.5354792586004838,0.16435515058201067,0.008437442779541282,1.5750000000000002,3.6000000000000014,3.6000000000000014,0.0,0.3291227238965123,0.579520606380653,0.17436644929736567,0.009298610687254794,1.5750000000000002,1.5750000000000002,0.0,-0.018104563827696096
1ecb668fec5d4f27bdcd6832ac687dce,1.0499999999999998,3.6000000000000014,3.5999999999999943,0.0,0.12441814733356177,0.15100027376379752,0.09184374502025032,0.004886627197265181,0.6749999999999998,3.5999999999999943,3.5999999999999943,0.0,0.10881308872157396,0.15192426004415507,0.054795550616793545,0.003629207611083096,1.0499999999999998,0.6749999999999998,0.375,0.015605058611987813
1f1982e0b2a64ec2b2aba3a41175ab6e,0.8249999999999995,6.0,6.0,0.0,0.1469151717144665,0.2753038386771798,0.11821806200142268,0.01853513717651456,0.5249999999999999,6.0,6.0,0.0,0.11455723207360968,0.24660438991556452,0.11773566418257063,0.0135128974914549,0.8249999999999995,0.5249999999999999,0.2999999999999996,0.032357939640856814
1f1a315571894e99a53928e74e5efcad,1.142705098312484,2.683281572999751,0.0,0.07500000000000018,0.22696407446637898,0.3479810893978711,0.17596892619870236,0.017267274856568093,1.1548759228251126,3.794733192202055,3.794733192202055,0.1499999999999999,0.1654178097625027,0.23292396508973515,0.11674097936003312,0.03919587135314906,1.142705098312484,1.1548759228251126,-0.01217082451262863,0.06154626470387628
1f40bab191dd4d6c94cb3cbde8a474f0,2.924999999999998,4.799999999999997,4.799999999999997,0.0,0.6143101027918344,0.8575138113354323,0.3819528412103733,0.012412261962890803,2.924999999999998,4.799999999999997,4.799999999999997,0.0,0.6251811787655023,0.889476315863688,0.39300172328737293,0.012278795242309126,2.924999999999998,2.924999999999998,0.0,-0.010871075973667876
1f94fe5edf784708b55707a1a7754fb9,4.429153885360306,10.866462165764897,10.866462165764897,0.07500000000000018,0.7704531458704293,0.9994643410872113,0.6432060991455165,0.014150905609130682,4.429153885360306,10.866462165764897,10.866462165764897,0.07500000000000018,0.7704531458704293,0.9994643410872113,0.6432060991455165,0.014150905609130682,4.429153885360306,4.429153885360306,0.0,0.0
20684b77c01641e7a5ada48308a0b1e1,1.4197579946850563,5.999999999999999,0.0,0.5250000000000004,0.1800643694830588,0.27261721806025296,0.14366914949391668,0.04359569549560538,1.4197579946850563,5.999999999999999,0.0,0.5250000000000004,0.1800643694830588,0.27261721806025296,0.14366914949391668,0.04359569549560538,1.4197579946850563,1.4197579946850563,0.0,0.0
20d3e54ae277464daafd2a078b830170,0.48106601717798225,2.3999999999999986,1.2000000000000028,0.22500000000000053,0.03465697033284772,0.08263729176137176,0.05591902384510522,0.010798358917235795,3.171060116811284,7.29931503635786,6.118823416311343,0.22500000000000053,0.528651688486058,0.8485588587222263,0.3256091409339153,0.03928070068359357,0.48106601717798225,3.171060116811284,-2.6899940996333016,-0.49399471815321033
21971c1ec4644d608f8c08bbfd4059f7,0.2999999999999996,1.1999999999999993,1.1999999999999957,0.0,0.05975425591141952,0.13149783340735463,0.012826922204681943,0.004303979873657049,0.22499999999999964,2.3999999999999986,1.1999999999999957,0.0,0.07213872090940268,0.1327258955699054,0.1327258955699054,0.004650306701660334,0.2999999999999996,0.22499999999999964,0.07499999999999996,-0.01238446499798316
21b99febc5c14f7385e787fe81e96670,0.6749999999999996,1.1999999999999993,0.0,0.0,0.21345727781885865,0.35852765395705877,0.0669304751193683,0.011422920227051492,1.05,2.3999999999999986,1.2000000000000028,0.0,0.2505392017558834,0.41753529151038615,0.11247345233490938,0.011753225326539773,0.6749999999999996,1.05,-0.37500000000000044,-0.03708192393702475
21efb26e944244799f3e163dcdd7285f,2.0999999999999996,4.800000000000001,2.3999999999999986,0.0,0.45522309436354624,0.7508457716561927,0.31362940835213543,0.008566474914550426,2.0999999999999996,4.800000000000001,2.3999999999999986,0.0,0.45522309436354624,0.7508457716561927,0.31362940835213543,0.008566474914550426,2.0999999999999996,2.0999999999999996,0.0,0.0
22141d99bca241658083cbbf3c7dcaf2,0.6749999999999996,2.3999999999999986,1.1999999999999993,0.0,0.3371649803455111,0.5295723899919438,0.18004622629579228,0.008711385726929421,0.22499999999999987,1.1999999999999993,1.1999999999999993,0.0,0.24846339731041828,0.3824360955431056,0.14887936595972823,0.010333013534546076,0.6749999999999996,0.22499999999999987,0.44999999999999973,0.08870158303509285
22189c1013dc4263b23764258e8f0c21,3.234232921921325,7.200000000000003,4.9477267507411975,0.07500000000000018,0.44310095684161277,0.7706267329601352,0.20025921479171882,0.012024164199829102,3.234232921921325,7.200000000000003,4.9477267507411975,0.07500000000000018,0.4219392508906429,0.7531086447175129,0.16284565249029143,0.013372850418090554,3.234232921921325,3.234232921921325,0.0,0.02116170595096989
22ce804db92749a1aee3a08ffbecfbbd,4.2161550511287995,12.059850745345068,12.059850745345068,0.22500000000000053,0.488969185938802,0.8941771962364654,0.0945032053644017,0.028557586669921697,3.251607246797217,12.059850745345068,12.059850745345068,0.3000000000000007,0.4566119003610127,0.7374865697835427,0.16472688995214524,0.017089891433715643,4.2161550511287995,3.251607246797217,0.9645478043315827,0.03235728557778933
23dc1b528c734082b8b3bfd9757f0eb3,0.0,0.0,0.0,0.0,0.34155676083766146,0.587052779879338,0.21587793949339615,0.011764669418334872,0.0,0.0,0.0,0.0,0.2913937289024151,0.5216341874477213,0.18588769091804808,0.010137462615967596,0.0,0.0,0.0,0.05016303193524635
244e2876a6744249814936b24b6b03ea,1.440001991555401,5.909314681077662,1.697056274847713,1.0875000000000004,0.05592419936277687,0.16876668462625086,0.04642494363393889,0.025008201599121982,1.440001991555401,5.909314681077662,1.697056274847713,1.0875000000000004,0.05592419936277687,0.16876668462625086,0.04642494363393889,0.025008201599121982,1.440001991555401,1.440001991555401,0.0,0.0
248b69faea5d4dc6ae0106c95d48ece8,2.8500000000000005,7.199999999999996,7.199999999999996,0.0,0.3827449563975472,0.5176444871015746,0.23801505146162,0.0023723602294931645,2.8500000000000005,7.199999999999996,7.199999999999996,0.0,0.3827449563975472,0.5176444871015746,0.23801505146162,0.0023723602294931645,2.8500000000000005,2.8500000000000005,0.0,0.0
250a57d8617045ad8cb35a00285a1703,1.8,3.6000000000000014,1.1999999999999957,0.0,0.44623663502778566,0.7104181267876026,0.15795454664091163,0.0071366786956788,1.575,3.6000000000000014,1.1999999999999957,0.0,0.42866334516918503,0.7302424871921147,0.11995233047499461,0.007112503051757368,1.8,1.575,0.2250000000000001,0.017573289858600627
2531f1309b364aa58fef2bb536d6639b,3.233808527333947,6.118823416311343,1.2000000000000028,0.6000000000000014,0.5040136066554698,1.0046657211745833,0.23288950784716836,0.034476470947264914,3.233808527333947,6.118823416311343,1.2000000000000028,0.6000000000000014,0.5040136066554698,1.0046657211745833,0.23288950784716836,0.034476470947264914,3.233808527333947,3.233808527333947,0.0,0.0
2577f859f0fb47a3a21cfc7c95650d26,0.4500000000000002,3.5999999999999943,0.0,0.0,0.03114122129479807,0.060371333869080765,0.043948443539656774,0.017132663726806108,0.22500000000000053,1.2000000000000028,1.2000000000000028,0.0,0.03350038172650378,0.058040954819536875,0.01811254423851945,0.015057420730590909,0.4500000000000002,0.22500000000000053,0.22499999999999964,-0.002359160431705712
25fbd2d7377449aabfd2173c3a0a418f,1.112179606141185,11.014535850411493,0.0,0.9750000000000005,0.12253189962762694,0.1769423553366304,0.07682483177875948,0.04606618881225666,1.112179606141185,11.014535850411493,0.0,0.9750000000000005,0.12253189962762694,0.1769423553366304,0.07682483177875948,0.04606618881225666,1.112179606141185,1.112179606141185,0.0,0.0
267340cfbeb4415f9f74090750e237ab,0.3749999999999998,1.2000000000000028,0.0,0.0,0.07486537702272351,0.15256047925783955,0.07225930004616145,0.010868453979492099,0.8249999999999997,2.400000000000002,0.0,0.0,0.12666234149852973,0.21361748061966246,0.08845513373256242,0.008060646057128196,0.3749999999999998,0.8249999999999997,-0.44999999999999996,-0.051796964475806215
296e524f77ca4fad9d95e3dfe54c1259,4.35,8.399999999999999,8.399999999999999,0.0,0.7343613193519336,1.2440449700816028,0.36467438317479,0.01696901321411204,4.574999999999999,8.399999999999999,8.399999999999999,0.0,0.7734144225838501,1.2890778048863862,0.3854769946221181,0.017141246795655096,4.35,4.574999999999999,-0.22499999999999964,-0.039053103231916464
2a1c825acff04f808c6451e9e28b2d17,1.3499999999999996,4.799999999999997,1.2000000000000028,0.0,0.19734727822886947,0.3145866919932435,0.10879221029934379,0.003908014297484108,0.30000000000000004,2.3999999999999986,0.0,0.0,0.05854479295327152,0.14825609887173496,0.017523163015168184,0.003207492828369851,1.3499999999999996,0.30000000000000004,1.0499999999999996,0.13880248527559794
2a8c82989fcc4edca9772cd20bf34b07,2.4749999999999988,3.599999999999998,3.599999999999998,0.0,0.6966171335562146,0.8903453445568911,0.5429384483705599,0.009309482574463068,2.4749999999999988,3.599999999999998,3.599999999999998,0.0,0.6869030743854582,0.8770195565544481,0.538395226064146,0.007400465011595969,2.4749999999999988,2.4749999999999988,0.0,0.009714059170756406
2ab5ae2167d94c37987a69ef23b3cb6b,4.274999999999999,8.399999999999999,8.399999999999999,0.0,0.6956951230262217,1.0860580536562807,0.38164308824703147,0.011912441253662198,4.274999999999999,8.399999999999999,8.399999999999999,0.0,0.6800428401099351,1.0822936731152744,0.3713090618570391,0.01115899085998473,4.274999999999999,4.274999999999999,0.0,0.01565228291628662
2acfc4b99f084778bc484fa1eef1b79f,0.43713203435596476,1.6970562748477156,0.0,0.15000000000000036,0.057504851602010035,0.10612646629082687,0.0802810107612616,0.013674116134644088,0.33106601717798234,1.6970562748477156,0.0,0.07500000000000018,0.04175995863127058,0.06013895653580898,0.06013895653580898,0.008034896850584783,0.43713203435596476,0.33106601717798234,0.10606601717798242,0.015744892970739457
2b4441336efa4a649510d33c96ca53aa,1.0499999999999992,4.799999999999997,4.799999999999997,0.07500000000000018,0.09965186119092362,0.14797449677344993,0.1424073819902392,0.03679261207580575,1.0499999999999992,4.799999999999997,4.799999999999997,0.07500000000000018,0.09965186119092362,0.14797449677344993,0.1424073819902392,0.03679261207580575,1.0499999999999992,1.0499999999999992,0.0,0.0
2cdbffa384a5478babff79039cac4e75,2.175,6.0,1.2000000000000028,0.0,0.3667360485064678,0.783273433206299,0.018881375488084863,0.019875526428223544,1.1250000000000004,2.4000000000000057,1.2000000000000028,0.0,0.29213014116590075,0.6179928955620354,0.01669440843290791,0.027315187454223455,2.175,1.1250000000000004,1.0499999999999994,0.07460590734056705
2ce065a0fa9e4e4da888abc18fa100c8,0.30000000000000027,1.2000000000000028,0.0,0.0,0.08254236133215961,0.12099600655111238,0.04772100302381283,0.0031966209411611324,0.1499999999999999,1.2000000000000028,1.2000000000000028,0.0,0.04016326400256525,0.10466057705658448,0.10466057705658448,0.0070866107940670275,0.30000000000000027,0.1499999999999999,0.15000000000000036,0.04237909732959436
2d04e796e3de4102a0e367a0516e6e4e,0.6750000000000003,1.2000000000000028,0.0,0.0,0.20155059622028365,0.4853468541329734,0.05550980077823172,0.007260704040526811,0.15000000000000013,1.2000000000000028,0.0,0.0,0.029022024666798756,0.07115252804317505,0.012554139491059796,0.009783124923706144,0.6750000000000003,0.15000000000000013,0.5250000000000001,0.1725285715534849
2d0f28162f864ad391ddeefb4aaf5b05,0.0,0.0,0.0,0.0,0.05696032330361807,0.14224719031606883,0.011598110913749984,0.008703231811523882,0.0,0.0,0.0,0.0,0.02871850164117004,0.08600183437291971,0.005108940464488953,0.005232381820678533,0.0,0.0,0.0,0.028241821662448027
2d30b6e4f3094fcca0fe91fb288a6a0f,0.4500000000000004,1.2000000000000028,0.0,0.0,0.04934050528276984,0.10825946471920124,0.10825946471920124,0.003331089019777078,0.9749999999999999,4.799999999999997,4.799999999999997,0.0,0.0682641661012183,0.16432342631313449,0.16432342631313449,0.0023589134216304153,0.4500000000000004,0.9749999999999999,-0.5249999999999995,-0.018923660818448457
2d3694bf122e4349a984883bc48f6018,0.8999999999999999,2.3999999999999986,0.0,0.0,0.24373034512957664,0.28602336927715716,0.19623041313613698,0.005429792404175071,0.5999999999999994,2.3999999999999986,0.0,0.0,0.23156443302658797,0.29853026793888787,0.21319779973112862,0.0043325901031496805,0.8999999999999999,0.5999999999999994,0.3000000000000005,0.012165912102988674
2d800e7c6d03460e8532daba3641f5d2,3.149999999999998,4.799999999999997,4.799999999999997,0.0,0.668754026096844,0.9577952002170097,0.4096904230869369,0.01468319892883363,2.9999999999999982,4.799999999999997,4.799999999999997,0.0,0.6397317895910348,0.9226593931961883,0.38637698366249146,0.013120365142822,3.149999999999998,2.9999999999999982,0.1499999999999999,0.02902223650580915
2de4836c1a1e4d1a8c2d73a3af31fd47,5.506756264607317,18.159295140505865,0.0,0.5250000000000008,0.7997858788717346,1.0691729235684542,0.6575092874803669,0.031408452987671254,10.6708801885412,30.594117081556707,30.594117081556707,2.099999999999999,0.4295897721422435,0.8352226285577049,0.1969378560625233,0.07954459190368635,5.506756264607317,10.6708801885412,-5.164123923933884,0.3701961067294911
2e743b1fb9a34383b88bec3e7792ad2a,0.6750000000000003,2.3999999999999986,0.0,0.0,0.08954692352519106,0.15061700952952295,0.04772010838419254,0.0070366859436026274,0.8427050983124841,2.6832815729997477,0.0,0.07500000000000018,0.14619398297023126,0.23539974155288926,0.0394359400192522,0.013359975814819514,0.6750000000000003,0.8427050983124841,-0.1677050983124838,-0.0566470594450402
2eb164aac518499f86fb04de8f9e52f2,2.1092329219213246,4.947726750741191,4.947726750741191,0.07500000000000018,0.3474153892294425,0.4829423221270754,0.22213853501177463,0.004753589630126509,1.3499999999999999,3.5999999999999943,3.5999999999999943,0.0,0.2068144966160208,0.3674130720756817,0.07691206324054302,0.004384803771972923,2.1092329219213246,1.3499999999999999,0.7592329219213247,0.14060089261342168
2f26712f9c484ced857e42dc425d1d20,1.5871708245126284,3.7947331922020573,1.2000000000000028,0.07500000000000018,0.32750482381725043,0.40773146552336353,0.2797637353930607,0.008139753341674716,1.7371708245126283,3.7947331922020573,3.6000000000000014,0.07500000000000018,0.3824897495532415,0.5012314140952884,0.33469529175435647,0.012667608261109908,1.5871708245126284,1.7371708245126283,-0.1499999999999999,-0.054984925735991064
2f5de0aeca704127925cf8490ff5a21d,2.3999999999999995,3.6000000000000014,2.3999999999999986,0.0,0.3270755961762693,0.6499695567059484,0.19041587047243386,0.010768461227417259,2.6999999999999993,4.800000000000001,3.599999999999998,0.0,0.361940141013825,0.6949045750227496,0.19679229141338536,0.012143182754517312,2.3999999999999995,2.6999999999999993,-0.2999999999999998,-0.03486454483755569
2f9f3852a80347e3b3a3ebaa5946bcea,0.8999999999999999,2.400000000000002,2.3999999999999986,0.0,0.2056907491796947,0.27864875266812916,0.11606571171150121,0.0071353912353515625,0.9000000000000001,2.400000000000002,1.1999999999999993,0.0,0.21305475346318486,0.27340944656831206,0.14076630036869395,0.006620264053344371,0.8999999999999999,0.9000000000000001,-2.220446049250313e-16,-0.007364004283490155
3064a6b9b3f04e5d8e51eefb4be8506a,0.0,0.0,0.0,0.0,0.2799797887676428,0.4869271315359724,0.19509178358167753,0.011266279220581765,0.0,0.0,0.0,0.0,0.3190853496549262,0.5413654354196009,0.21985087555737698,0.012549591064454635,0.0,0.0,0.0,-0.0391055608872834
3078e2541d58490cb8bad9de7801b7cc,3.758823216482697,10.866462165764904,10.866462165764904,0.15000000000000036,0.49389933096932875,0.8193351365907876,0.27812453736459736,0.010129308700562056,0.5249999999999999,1.2000000000000028,1.2000000000000028,0.0,0.06630526736621058,0.1707524275343612,0.04831789927462499,0.02218523025512642,3.758823216482697,0.5249999999999999,3.233823216482697,0.4275940636031182
3097b27c66c448d58aee1c54958466ad,0.6487711154904666,2.6832815729997477,0.0,0.22500000000000053,0.04333798515334,0.07921996569926604,0.03186912843238131,0.00970602035522461,0.6487711154904666,2.6832815729997477,0.0,0.22500000000000053,0.04333798515334,0.07921996569926604,0.03186912843238131,0.00970602035522461,0.6487711154904666,0.6487711154904666,0.0,0.0
30ad11916547467183371af9e1faf298,5.474999999999998,8.399999999999999,8.399999999999999,0.0,1.1013259709467988,1.5861472782501242,0.7074348827816039,0.032201528549194336,5.474999999999998,8.399999999999999,8.399999999999999,0.0,1.1091796151723523,1.5955642682742845,0.7122537269340259,0.03273067474365332,5.474999999999998,5.474999999999998,0.0,-0.007853644225553458
3164b1a6aa024beea62d3b14fa78d747,0.2250000000000001,1.2000000000000028,1.1999999999999993,0.0,0.03391076737856947,0.06847773246084064,0.007525929911592205,0.003959369659424006,0.44999999999999996,1.2000000000000028,1.1999999999999993,0.0,0.10669298471971396,0.19437049216463584,0.014782935423588661,0.0058985710144034975,0.2250000000000001,0.44999999999999996,-0.22499999999999987,-0.07278221734114448
32dbf4593eee4f7384dcf576b2344059,1.2750000000000001,3.6000000000000014,3.6000000000000014,0.0,0.26759997524577617,0.5491874580144447,0.09220881418065456,0.007085752487182351,1.0500000000000003,3.6000000000000014,3.6000000000000014,0.0,0.26439738452553374,0.5558382929363285,0.10335703981062112,0.007395601272581764,1.2750000000000001,1.0500000000000003,0.22499999999999987,0.0032025907202424264
3307d1211dfd442db4a6ae544c2ae197,0.15000000000000013,1.2000000000000028,0.0,0.0,0.04344804009374223,0.08830482613619788,0.031114820075905946,0.0035323619842526632,1.3500000000000003,3.599999999999998,2.3999999999999986,0.0,0.26999654378239846,0.34459098941484234,0.27271753937109644,0.013502883911133079,0.15000000000000013,1.3500000000000003,-1.2000000000000002,-0.22654850368865623
349fc724f9d84aeca8afe4af49d05986,1.443465843842649,4.947726750741191,1.2000000000000028,0.15000000000000036,0.21177937024669502,0.33390062769141354,0.11902738446714074,0.023055267333982776,1.443465843842649,4.947726750741191,1.2000000000000028,0.15000000000000036,0.20840945562797036,0.3284889810942535,0.11783767005473268,0.022753429412840642,1.443465843842649,1.443465843842649,0.0,0.0033699146187246565
34dc0f073e864d70b6e2b09c5b3ed032,0.7499999999999998,3.599999999999998,1.1999999999999957,0.0,0.09125793798652548,0.15767434111081652,0.1323617308045815,0.016586065292358843,1.5750000000000004,6.0,6.0,0.0,0.2675260934778888,0.6069155401125943,0.14861214213193935,0.013625192642210848,0.7499999999999998,1.5750000000000004,-0.8250000000000006,-0.17626815549136332
3623e20bb2e647a280cbb6d8a0b50874,1.2074264635194585,6.118823416311343,6.118823416311343,0.07500000000000018,0.1504462593708628,0.22464399952004546,0.12096997043554682,0.0025993824005121624,1.6666593854407834,6.118823416311343,6.118823416311343,0.15000000000000036,0.22356084203334087,0.2898082851431677,0.19280675152987997,0.00451526641845712,1.2074264635194585,1.6666593854407834,-0.4592329219213249,-0.07311458266247806
36d4e4bf966e467bbee01dd6e63d5cce,0.3749999999999998,2.3999999999999986,0.0,0.0,0.06673307604198717,0.12299223044099133,0.030156026781322082,0.0016201972961424893,0.3749999999999998,2.3999999999999986,0.0,0.0,0.06673307604198717,0.12299223044099133,0.030156026781322082,0.0016201972961424893,0.3749999999999998,0.3749999999999998,0.0,0.0
37b3d16060b442d5b6175cbebefd09a7,1.724999999999999,3.599999999999998,3.599999999999998,0.0,0.35808663553137643,0.5126680381383231,0.3547486120128194,0.009046554565428355,1.2749999999999992,3.599999999999998,3.599999999999998,0.0,0.36666484994240056,0.5439149093627809,0.3489745754327898,0.010919380187986771,1.724999999999999,1.2749999999999992,0.44999999999999973,-0.008578214411024132
38bde80644fd47f4b08d8de873a8be1b,0.5560660171779821,2.3999999999999986,1.697056274847718,0.07500000000000018,0.03774881080153923,0.0628759513503333,0.009079447886461697,0.007244682312012252,1.7999999999999998,4.799999999999997,4.799999999999997,0.0,0.19513495287708624,0.24445742076944205,0.13593516732523178,0.004233312606812145,0.5560660171779821,1.7999999999999998,-1.2439339828220177,-0.15738614207554702
38c0c7b30e1142e4bc0833c2d489c493,0.8871320343559645,2.3999999999999986,1.697056274847718,0.22500000000000053,0.16442297296714176,0.22639728240586865,0.0992567915199678,0.013355112075804865,0.8871320343559645,2.3999999999999986,1.697056274847718,0.22500000000000053,0.1618988560137694,0.21834442432642068,0.1015950964236329,0.013495445251465288,0.8871320343559645,0.8871320343559645,0.0,0.002524116953372346
39a5d8e9868d4dcd9cf8386068c903b3,2.175,4.800000000000001,3.6000000000000014,0.0,0.4380709746007603,0.7365978270117146,0.28668427841959654,0.007923889160157405,2.175,4.800000000000001,3.6000000000000014,0.0,0.4380709746007603,0.7365978270117146,0.28668427841959654,0.007923889160157405,2.175,2.175,0.0,0.0
3a2c3d1efcea439cba29f425cdf5fbe0,1.6776987657639748,4.9477267507411975,4.800000000000004,0.22500000000000053,0.1637183635884768,0.25437757077213674,0.2001825746534101,0.020640134811400923,0.4810660171779816,2.3999999999999986,2.3999999999999986,0.07500000000000018,0.046795872389354475,0.07972712399421981,0.06799850814404282,0.010462188720704813,1.6776987657639748,0.4810660171779816,1.1966327485859933,0.11692249119912232
3a56f761366a4338a35bccfe7b08befb,1.8842329219213252,4.947726750741191,3.6000000000000014,0.07500000000000018,0.3740506570748374,0.602550199802199,0.133052857318952,0.007172441482544478,1.0592329219213248,4.947726750741191,3.6000000000000014,0.07500000000000018,0.28457313457983213,0.49889432702395,0.1145584775822166,0.008637714385986595,1.8842329219213252,1.0592329219213248,0.8250000000000004,0.08947752249500529
3a9918ace7f3435ea3fe8a024cb3f181,0.6975422309809329,2.683281572999754,0.0,0.4500000000000002,0.12611838560921518,0.2116906804000254,0.05475944327447584,0.10404338836669913,0.6975422309809329,2.683281572999754,0.0,0.4500000000000002,0.12877033231922347,0.21248513873854505,0.06353234123671854,0.10196828842163219,0.6975422309809329,0.6975422309809329,0.0,-0.0026519467100082905
3ba93f957fe54c8c891a2cd5992e65a9,1.3499999999999999,4.800000000000004,4.800000000000004,0.0,0.2339177586421556,0.5048498783239362,0.11733453302665572,0.006407403945923207,1.05,3.599999999999998,1.2000000000000028,0.0,0.21312575723104715,0.4641503649357481,0.0889548555739721,0.00910520553588956,1.3499999999999999,1.05,0.2999999999999998,0.020792001411108457
3bb2aa82346340a0903bf05257735f71,1.6499999999999997,3.6000000000000014,2.3999999999999986,0.0,0.37571070791579775,0.6934520980000148,0.05399039912378067,0.011309337615966975,2.625,7.200000000000003,2.3999999999999986,0.0,0.48218067467519043,0.8500198317199703,0.1180276611627018,0.013768815994263939,1.6499999999999997,2.625,-0.9750000000000003,-0.10646996675939269
3be45164a35e465cbfbc3c20ef060718,0.0,0.0,0.0,0.0,0.2725474132890086,0.46571740131539224,0.20630068594756698,0.010098552703857955,0.0,0.0,0.0,0.0,0.2846671484486887,0.4825569734351448,0.21571417803097023,0.011032390594481356,0.0,0.0,0.0,-0.012119735159680067
3c1ab7d886244645ba1cbfad95326d21,3.9074264635194598,8.399999999999999,6.118823416311343,0.07500000000000018,0.5932695674496615,0.8274898010842577,0.4792903881472748,0.013380718231200461,3.7500000000000004,8.399999999999999,6.0,0.0,0.5940499948085181,0.8441398138606605,0.4795676143142869,0.014356613159179688,3.9074264635194598,3.7500000000000004,0.15742646351945933,-0.000780427358856528
3c4da98d05c74a74bf49867b6ccbc754,1.875,4.799999999999997,4.799999999999997,0.0,0.2602775070870645,0.49207964480165606,0.09326097122674176,0.008040475845336736,1.9499999999999997,4.799999999999997,4.799999999999997,0.0,0.2746111596604992,0.5103814112363196,0.09480086942954967,0.010020303726196556,1.875,1.9499999999999997,-0.07499999999999973,-0.014333652573434719
3c7b830b41274d04a8ecf415cc802c43,2.1487711154904656,4.799999999999997,4.799999999999997,0.15000000000000036,0.3370234307923898,0.5201820471021233,0.17503062825977841,0.0059962749481194955,1.892705098312484,4.799999999999997,4.799999999999997,0.15000000000000036,0.30084387273543733,0.4883630287787302,0.14279414342064253,0.00605678558349565,2.1487711154904656,1.892705098312484,0.2560660171779816,0.03617955805695244
3d4112671b8c4d8393a0b32d6d75287a,0.8250000000000002,3.6000000000000014,1.2000000000000028,0.0,0.19160437884651896,0.22903373108847427,0.1693665093243743,0.008195257186888405,0.5249999999999997,3.6000000000000014,0.0,0.0,0.09262367197269711,0.12060643829890796,0.11126281664160428,0.00602402687072745,0.8250000000000002,0.5249999999999997,0.3000000000000005,0.09898070687382185
3d905993341a42da8a4a951fb439682b,0.07499999999999996,1.1999999999999993,0.0,0.0,0.5959608539644583,0.8806800253833839,0.36255870580944444,0.013130378723144709,0.0,0.0,0.0,0.0,0.18318025970733343,0.29923015187507285,0.0869882583298246,0.008111000061034712,0.07499999999999996,0.0,0.07499999999999996,0.4127805942571249
3e0c8a049c7e4cf2b1aa8a8387b045c7,2.404153885360306,10.866462165764904,10.866462165764904,0.07500000000000018,0.3024683503069162,0.5344205292692057,0.2099022557347665,0.01759743690490634,3.2250000000000005,7.199999999999999,3.6000000000000014,0.0,0.32343684463250244,0.45139085613727864,0.22827724352114756,0.014242887496948242,2.404153885360306,3.2250000000000005,-0.8208461146396946,-0.02096849432558623
3e743a8cf0394f33b45a4c15149d014b,5.624999999999998,8.399999999999999,8.399999999999999,0.0,1.183760078688028,1.6480699580720997,0.7975614488405758,0.03421082496643146,5.849999999999999,8.399999999999999,8.399999999999999,0.0,1.2458387949748313,1.6839799930651989,0.8668458076944933,0.03515267372131303,5.624999999999998,5.849999999999999,-0.22500000000000053,-0.06207871628680328
3f16f295d3e44088aa24a88b740f90bd,0.2999999999999996,1.2000000000000028,0.0,0.0,0.08595690845955381,0.11987639047898553,0.07319044639947396,0.0038928508758533376,0.825,3.6000000000000014,3.6000000000000014,0.0,0.10424904768921675,0.14120716766612096,0.08902362171765409,0.005886268615721946,0.2999999999999996,0.825,-0.5250000000000004,-0.01829213922966294
3fd8074cf3444290a8cf4ddd3de0ffc4,3.4546693311223917,9.67470929795826,9.67470929795826,0.07500000000000018,0.6038109735620709,0.8887750606422613,0.45771476143085893,0.011350250244140714,3.9834100027064583,12.059850745345068,9.67470929795826,0.15000000000000036,0.6219525054396688,0.8914311509957322,0.5299337196054489,0.012746000289916903,3.4546693311223917,3.9834100027064583,-0.5287406715840666,-0.018141531877597927
406d55a941a04eecb7851831d9044178,0.6749999999999998,2.4000000000000057,0.0,0.0,0.16076419361759514,0.31976604940590564,0.1250435428198829,0.0058264732360848726,0.7500000000000002,3.6000000000000014,3.6000000000000014,0.0,0.10767009490026097,0.2025963260193611,0.2025963260193611,0.0071675777435302734,0.6749999999999998,0.7500000000000002,-0.0750000000000004,0.05309409871733417
40a982ccf9564c6ea574f1d75f8a7dc0,0.5249999999999999,2.400000000000002,1.1999999999999957,0.0,0.14193764071190404,0.34229839129052075,0.02849872077655099,0.008735704421997337,0.5249999999999999,2.400000000000002,1.1999999999999957,0.0,0.14193764071190404,0.34229839129052075,0.02849872077655099,0.008735704421997337,0.5249999999999999,0.5249999999999999,0.0,0.0
40e413c922184255a94f08d3c10037e0,0.7038873605350877,6.462197768561407,0.0,0.1499999999999999,0.1885260613090114,0.31445386870589687,0.09080103835040337,0.008977603912352361,0.7038873605350877,6.462197768561407,0.0,0.1499999999999999,0.1885260613090114,0.31445386870589687,0.09080103835040337,0.008977603912352361,0.7038873605350877,0.7038873605350877,0.0,0.0
41a751b9f46a4fcd8529557c46cd919e,4.724999999999998,8.399999999999999,8.399999999999999,0.0,0.8542732926910963,1.3427231051819442,0.4776260599782358,0.017217779159545366,5.999999999999998,9.599999999999998,9.599999999999998,0.0,1.1432828307574547,1.6138626695185903,0.6629975152384089,0.03396749496460005,4.724999999999998,5.999999999999998,-1.2750000000000004,-0.28900953806635843
421215a3574d445db2bac0574bb34b67,1.8344100046923575,24.55056007507772,24.55056007507772,1.2,0.04436277983499323,0.08399263657366397,0.02562575958633851,0.003049135208130771,1.8344100046923575,24.55056007507772,24.55056007507772,1.2,0.04207741069997373,0.08177449634782703,0.02445032716549648,0.004714679718018644,1.8344100046923575,1.8344100046923575,0.0,0.002285369135019505
4213954afbbf49db872817069f73ae7e,5.624999999999998,8.399999999999999,8.399999999999999,0.0,1.1829412082704949,1.6505146606395327,0.8024102251031179,0.03338170051574618,5.849999999999999,8.399999999999999,8.399999999999999,0.0,1.1847194374356367,1.6496261111936381,0.7866862125188603,0.03497872352599973,5.624999999999998,5.849999999999999,-0.22500000000000053,-0.0017782291651418092
4254e88744744d1da84ff59eb26d5e82,0.5999999999999999,2.4000000000000057,0.0,0.0,0.1924676211721369,0.32975118535349984,0.18966403784315494,0.015557527542113814,1.3499999999999999,3.6000000000000014,0.0,0.0,0.25531091523598703,0.4479736462016973,0.039847032678233946,0.00823631286620996,0.5999999999999999,1.3499999999999999,-0.75,-0.06284329406385014
4404961302234ce8ad5fddbd17fbcc04,5.624999999999998,8.399999999999999,8.399999999999999,0.0,1.1459886787900873,1.639227010294255,0.7464454576310774,0.032145452499389826,5.924999999999999,8.399999999999999,8.399999999999999,0.0,1.2308828849926998,1.7128756138192827,0.8368046450503475,0.03533449172973624,5.624999999999998,5.924999999999999,-0.3000000000000007,-0.08489420620261257
442d1845be554fc49b9ee04c70492b29,1.2000000000000004,3.6000000000000014,1.2000000000000028,0.07500000000000018,0.22017119787278466,0.39142493259210503,0.0845615475475685,0.022053766250611062,0.6000000000000003,4.800000000000004,1.2000000000000028,0.07500000000000018,0.15253552680792246,0.26808593792191354,0.143184284700077,0.027475118637085405,1.2000000000000004,0.6000000000000003,0.6000000000000001,0.06763567106486221
453eb1d22e3147a183224ebd756a9c57,0.9487711154904674,2.6832815729997477,1.2000000000000028,0.6000000000000014,0.1331979708856389,0.21588894834314995,0.054616411957020695,0.03117041587829572,1.2274309734552722,4.947726750741191,1.2000000000000028,0.6000000000000014,0.09811881202990339,0.16252786074310543,0.05110591988199118,0.03351545333862305,0.9487711154904674,1.2274309734552722,-0.27865985796480475,0.03507915885573551
45731d093e2e4bb590ca10bbfb198eee,0.7499999999999996,3.6000000000000014,3.6000000000000014,0.0,0.12009449356493364,0.17264032490703526,0.17264032490703526,0.009132671356200994,1.05,3.5999999999999943,3.5999999999999943,0.0,0.1101231375916499,0.15800088361572637,0.08388542921545607,0.00516028404235902,0.7499999999999996,1.05,-0.3000000000000005,0.009971355973283733
47a1ea38aee04afcb5651a090a9c88fe,0.8121320343559639,1.6970562748477156,0.0,0.22499999999999987,0.1455977658063608,0.276398005452201,0.066736006924074,0.04344692230224556,0.8121320343559639,1.6970562748477156,0.0,0.22499999999999987,0.14501819076990996,0.28017708576182243,0.061947344798044666,0.04323163032531685,0.8121320343559639,0.8121320343559639,0.0,0.0005795750364508412
47d74378d3e04fa6bb3132928c0f9fa4,0.30000000000000004,2.3999999999999986,0.0,0.0,0.05200608777934204,0.08351050506627482,0.023330476908354766,0.007298040390015359,0.07499999999999996,1.1999999999999993,0.0,0.0,0.03690035313096265,0.07028819782706792,0.019118789657866404,0.007743930816650035,0.30000000000000004,0.07499999999999996,0.2250000000000001,0.015105734648379394
47f40eb09dcb40b9888d81fb4b872ac4,0.5249999999999995,2.3999999999999986,1.1999999999999957,0.0,0.09500656178360642,0.1445107414058173,0.03064383159060973,0.006428575515748491,0.6749999999999996,2.3999999999999986,1.1999999999999957,0.0,0.10046920926264155,0.1490089149838967,0.04266815406546313,0.006401395797730025,0.5249999999999995,0.6749999999999996,-0.15000000000000013,-0.005462647479035132
47fce09b77e44bb1810cedd61628ab1f,4.586222014752201,12.059850745345072,9.599999999999998,0.22500000000000053,0.7853477681365054,1.1140153903331866,0.6114715592278546,0.025137519836426758,8.504528149941542,14.449913494550753,13.2,0.6000000000000014,1.1412810745835515,1.640576727626883,0.7602394452263257,0.03288745880127042,4.586222014752201,8.504528149941542,-3.918306135189342,-0.3559333064470461
480afd6a2cac456ab71ae46506e30335,0.30000000000000004,1.2000000000000028,0.0,0.0,0.09076718853046792,0.12456097079624959,0.11607202157984335,0.003517341613770153,0.4499999999999995,3.5999999999999943,3.5999999999999943,0.0,0.11864808394580986,0.19315965895176795,0.19028963785381112,0.004410696029663264,0.30000000000000004,0.4499999999999995,-0.14999999999999947,-0.027880895415341944
487e37c966514fe58858a7003dfe2f18,1.35,7.200000000000003,0.0,0.0,0.32692134161062025,0.563583614621458,0.3677980597383424,0.01297130584716788,2.0249999999999995,9.600000000000001,9.600000000000001,0.0,0.2804341971898316,0.45243906976505205,0.4163281925353666,0.015948915481567738,1.35,2.0249999999999995,-0.6749999999999994,0.04648714442078866
48ea4572f95c47a083efa79997c4a506,5.099999999999999,17.999999999999996,17.999999999999996,0.0,0.42808941167936,0.7278310609740256,0.2038519065476321,0.01339960098266646,5.699999999999999,19.2,19.2,0.0,0.5865047851205207,0.9485171486954183,0.30591245155950214,0.015427637100220437,5.099999999999999,5.699999999999999,-0.6000000000000005,-0.15841537344116075
496c5144cca24c2f86607f9d7f26e90e,2.25,4.800000000000004,2.3999999999999986,0.0,0.656168772569496,0.9931932803963195,0.3947859866979701,0.013217067718505948,2.25,4.800000000000004,2.3999999999999986,0.0,0.7461415730725797,1.0313497790809802,0.5168603520959507,0.016247606277466797,2.25,2.25,0.0,-0.08997280050308365
4996d203a43242c2b26d62b68aa2067b,2.175,4.799999999999997,4.799999999999997,0.0,0.2769729154824352,0.3452271585893238,0.18747286314743775,0.007014083862304066,2.175,4.799999999999997,4.799999999999997,0.0,0.2769729154824352,0.3452271585893238,0.18747286314743775,0.007014083862304066,2.175,2.175,0.0,0.0
49f8376cd6b34f07b20ed6d5b5b42acd,2.9999999999999982,4.799999999999997,4.799999999999997,0.0,0.2518235151483297,0.4193649535724193,0.2070134744640936,0.009203767776488903,3.0749999999999984,4.799999999999997,4.799999999999997,0.0,0.31876304785505766,0.4926727585686815,0.27271624647270004,0.010925960540772106,2.9999999999999982,3.0749999999999984,-0.07500000000000018,-0.06693953270672798
4a4426ac48d54f9590573ea48b1e76fc,0.5249999999999992,1.2000000000000028,1.2000000000000028,0.0,0.11609652136072171,0.25997085716376656,0.08220924650430836,0.033533620834349964,0.6749999999999994,3.6000000000000014,0.0,0.0,0.10904207864199808,0.23714602910687121,0.056464961886241484,0.021700000762939542,0.5249999999999992,0.6749999999999994,-0.15000000000000013,0.00705444271872363
4a4ea75ecf81469988905e6bd73bf49d,3.4499999999999997,8.399999999999999,7.200000000000003,0.0,0.4839259955613981,0.9486377238731992,0.11817445458081267,0.019221496582030984,2.85,8.399999999999999,7.200000000000003,0.0,0.41875754586129044,0.8456733279520934,0.11918117944942244,0.014202833175659624,3.4499999999999997,2.85,0.5999999999999996,0.06516844970010766
4a7e82f96c7d487686ae95b6384b77a5,4.575,9.600000000000001,9.600000000000001,0.0,0.7514305000184925,0.9962312148052471,0.5518131779563037,0.008809375762940164,4.575,9.600000000000001,9.600000000000001,0.0,0.7514305000184925,0.9962312148052471,0.5518131779563037,0.008809375762940164,4.575,4.575,0.0,0.0
4b6fcdc1549847c395d07fefcbdc16eb,2.6999999999999984,3.599999999999998,3.599999999999998,0.0,0.6001360119255544,0.8788269441229942,0.3233570330575239,0.02050595283508283,2.3999999999999986,3.599999999999998,2.3999999999999986,0.0,0.5649781131153089,0.8213930595871876,0.30621611339119414,0.01907100677490181,2.6999999999999984,2.3999999999999986,0.2999999999999998,0.03515789881024556
4b9f0142681249f9896800b278a1fd0d,0.9750000000000001,2.3999999999999986,1.2000000000000028,0.0,0.19886728961216613,0.3389525246833809,0.05131407703077576,0.002740716934203302,0.9750000000000001,2.3999999999999986,1.2000000000000028,0.0,0.19886728961216613,0.3389525246833809,0.05131407703077576,0.002740716934203302,0.9750000000000001,0.9750000000000001,0.0,0.0
4cd53db3b63b42caba9e8f6a6ea70eae,3.8249999999999984,8.399999999999999,8.399999999999999,0.0,0.4698590581052217,0.8372582122183814,0.2500532887438885,0.009442090988158736,3.5999999999999988,8.399999999999999,8.399999999999999,0.0,0.4378873809725998,0.7861109170059903,0.22212476132036552,0.009593152999876953,3.8249999999999984,3.5999999999999988,0.22499999999999964,0.03197167713262189
4d1040b4e7804bc395186572f5ee281c,0.34877111549046635,2.6832815729997495,0.0,0.2250000000000001,0.1630687364936495,0.2547277752667251,0.1853976917095506,0.09997773170471147,0.34877111549046635,2.6832815729997495,0.0,0.2250000000000001,0.15506440706748792,0.24293474762329767,0.1735823605256236,0.09488196372985769,0.34877111549046635,0.34877111549046635,0.0,0.008004329426161583
4d37ee8f85284d62a1f7465e2b005643,2.4124143795447335,7.299315036357867,7.29931503635786,0.15000000000000036,0.32506983979155735,0.5251289193156621,0.20996267447335193,0.023415756225587003,2.63775654940937,8.48528137423857,6.118823416311343,0.15000000000000036,0.34350634560833754,0.5379564495351083,0.1976969701077587,0.020725822448730558,2.4124143795447335,2.63775654940937,-0.2253421698646365,-0.01843650581678019
4dd38dcd4e8549d6a37938285f886117,0.375,2.3999999999999986,1.2000000000000028,0.0,0.09170921602471668,0.18696511801816018,0.010746568415044901,0.005468559265135564,0.375,2.3999999999999986,1.2000000000000028,0.0,0.09170921602471668,0.18696511801816018,0.010746568415044901,0.005468559265135564,0.375,0.375,0.0,0.0
4dfab70f0b3f405bbf17f7c534d2dd91,0.07499999999999996,1.1999999999999993,0.0,0.0,0.04389489016431667,0.07051373429474553,0.020887767884544144,0.002074384689330966,0.07499999999999996,1.1999999999999993,0.0,0.0,0.04389489016431667,0.07051373429474553,0.020887767884544144,0.002074384689330966,0.07499999999999996,0.07499999999999996,0.0,0.0
4dfb0052fe944420acddf5d376755dff,4.069947278368735,12.059850745345068,1.2000000000000028,0.3000000000000007,0.6433431762117778,1.0039550184597656,0.39666549121564665,0.02759914398193386,4.59976191849656,12.059850745345068,12.059850745345068,0.3750000000000009,0.6444947155276626,1.0015648757316193,0.4443853954415077,0.030279779434204457,4.069947278368735,4.59976191849656,-0.5298146401278245,-0.001151539315884742
4f0f533c84c4493599f2eb3a60882b16,0.9750000000000001,2.3999999999999986,1.2000000000000028,0.0,0.16918732880804452,0.2439849003345044,0.0959404195643591,0.00945010185241646,0.8250000000000002,2.3999999999999986,1.2000000000000028,0.0,0.1517958744729802,0.22776211594981408,0.09076687986834633,0.008710098266601296,0.9750000000000001,0.8250000000000002,0.1499999999999999,0.01739145433506431
4fbd8ca56cc942cfb092846192fb3bd3,3.1851309788442457,9.67470929795826,3.6000000000000014,0.3000000000000007,0.45469838055069844,0.6808063427693981,0.1119275803915126,0.014042329788207741,2.8777045153247864,9.67470929795826,2.3999999999999986,0.22500000000000053,0.43512992179792875,0.7313957021236036,0.1434091195845798,0.016833400726318448,3.1851309788442457,2.8777045153247864,0.30742646351945924,0.01956845875276969
50584518abf2443da57a124020086b69,1.3053688760465756,3.7947331922020573,3.7947331922020573,0.3750000000000009,0.27401581328859004,0.4048778366611719,0.1211835976482855,0.007511901855468128,1.4420079571810778,3.7947331922020573,3.7947331922020573,0.3750000000000009,0.26885289452210853,0.3900436615159407,0.11517421543170588,0.007784557342528586,1.3053688760465756,1.4420079571810778,-0.13663908113450218,0.005162918766481506
50c37d323ce248219f6a4f266d41daae,0.1499999999999999,1.2000000000000028,1.2000000000000028,0.0,0.030085606535718557,0.07319337051259561,0.033731188377466456,0.008683776855469727,1.5749999999999993,4.800000000000004,1.1999999999999957,0.0,0.32583921379618463,0.5496022021505783,0.1932777987515991,0.007140254974364879,0.1499999999999999,1.5749999999999993,-1.4249999999999994,-0.29575360726046607
50d86a5cd45440c89e895a5d20ea5267,1.8074264635194597,6.118823416311343,4.800000000000004,0.07500000000000018,0.2808780269673216,0.4117909166577932,0.2514872259449656,0.013994407653809215,3.3849994170123017,9.67470929795826,8.48528137423857,0.15000000000000036,0.5040104153914498,0.6676295795643086,0.4232558461034227,0.01849122047424423,1.8074264635194597,3.3849994170123017,-1.577572953492842,-0.22313238842412814
513cdbd6707a4bf9b7699d549ff65e6f,1.1050906109966956,4.3266615305567875,0.0,0.8249999999999993,0.10996283857601935,0.3080974055066762,0.06901423790274677,0.046223831176758434,1.1050906109966956,4.3266615305567875,0.0,0.8249999999999993,0.10112083431929109,0.2936962169838089,0.057257176146932515,0.045930004119873136,1.1050906109966956,1.1050906109966956,0.0,0.008842004256728264
515ffe0f141445ed8e0de6e674b64060,4.888004218492271,46.27882885294311,2.6832815729997463,2.118749999999999,0.1754150784163715,0.26131537280967976,0.15464796094695296,0.03743333816528338,9.608661598589702,29.19726014543145,29.19726014543145,2.26875,1.0157774244227595,1.2600696908914044,0.870259372772277,0.033388423919678445,4.888004218492271,9.608661598589702,-4.720657380097431,-0.840362346006388
51b0f4727e4748a1b48162866ea48f3a,1.1999999999999997,4.799999999999997,0.0,0.0,0.16802118780034386,0.2359455913940816,0.15229541098775104,0.009139537811280185,3.9749999999999996,10.799999999999997,4.799999999999997,0.0,0.5795931184403595,0.8692585035297884,0.39353886499216834,0.01884727478027326,1.1999999999999997,3.9749999999999996,-2.775,-0.4115719306400157
529080134759454a8176daca17b87a15,5.624999999999998,8.399999999999999,8.399999999999999,0.0,1.1852923619467977,1.6550084878950426,0.8056596915213154,0.03381557464599583,5.624999999999998,8.399999999999999,8.399999999999999,0.0,1.161856742963573,1.6388174279491146,0.7537345215428937,0.035270404815674006,5.624999999999998,5.624999999999998,0.0,0.02343561898322455
52a22c3edca1431789ecfb9bb65a01ff,4.469478297758506,8.48528137423857,8.48528137423857,0.45000000000000107,0.621277885369615,1.0899527108421616,0.32248579176206105,0.04078874588012704,4.469478297758506,8.48528137423857,8.48528137423857,0.45000000000000107,0.621277885369615,1.0899527108421616,0.32248579176206105,0.04078874588012704,4.469478297758506,4.469478297758506,0.0,0.0
5369488db9e94abcaacb56ed00a0def6,1.2749999999999992,2.3999999999999986,1.1999999999999993,0.0,0.32589964586253134,0.49742541460141937,0.18570912874340895,0.011610031127930132,1.9499999999999988,3.599999999999998,3.599999999999998,0.0,0.24202698727374894,0.4224436536016437,0.09787372531571484,0.010268497467041282,1.2749999999999992,1.9499999999999988,-0.6749999999999996,0.0838726585887824
53a80b41beee4a1eb751e3dc89af5765,4.725,9.600000000000001,9.600000000000001,0.0,0.7418966431334593,1.215975183286379,0.31861227806965403,0.015595436096190074,4.8,9.600000000000001,9.600000000000001,0.0,0.7487599726572924,1.2226968458632201,0.3251562783698116,0.017585706710815607,4.725,4.8,-0.07500000000000018,-0.006863329523833173
53e9e509e9e94f799620e2d554356c4d,1.5749999999999997,3.6000000000000014,3.6000000000000014,0.0,0.3383039907004689,0.5352804240274568,0.17860535643299266,0.0055488109588623935,1.3499999999999996,3.6000000000000014,3.6000000000000014,0.0,0.2761937260965648,0.47390331864710306,0.11931094370134394,0.003713464736937677,1.5749999999999997,1.3499999999999996,0.2250000000000001,0.06211026460390412
54fc3928a8bf4fa483ae707a07c9da60,1.1464037464339532,4.9477267507411895,4.9477267507411895,0.1499999999999999,0.031943284588191345,0.11586343419500922,0.007431296592495778,0.011569833755493253,1.1464037464339532,4.9477267507411895,4.9477267507411895,0.1499999999999999,0.031943284588191345,0.11586343419500922,0.007431296592495778,0.011569833755493253,1.1464037464339532,1.1464037464339532,0.0,0.0
557954f121394533b582e88eac8017ad,3.0749999999999993,9.599999999999994,9.599999999999994,0.0,0.499651159560365,0.8980113051888029,0.3571422721654462,0.017853641510010565,3.0749999999999993,9.599999999999994,9.599999999999994,0.0,0.499651159560365,0.8980113051888029,0.3571422721654462,0.017853641510010565,3.0749999999999993,3.0749999999999993,0.0,0.0
561cf9acfda645b79bc52ec82537970c,1.138525491562421,2.683281572999751,2.6832815729997477,0.6750000000000003,0.141732583304435,0.28634567510367087,0.14036892836912204,0.05893964767456117,1.677758079164248,6.99714227381436,6.99714227381436,0.8249999999999997,0.07537020250439287,0.15439723515088108,0.13857172485914046,0.06382985115051332,1.138525491562421,1.677758079164248,-0.5392325876018269,0.06636238080004213
56f2d967734747c181e8cac27acef265,1.3104101966249682,3.599999999999998,0.0,0.15000000000000036,0.2766002263836948,0.5358167086234397,0.024709784501354966,0.011339092254639471,2.549999999999999,7.199999999999996,3.6000000000000014,0.0,0.4295615520911969,0.7246533170493984,0.027477711296975973,0.00828294754028347,1.3104101966249682,2.549999999999999,-1.2395898033750308,-0.1529613257075021
5791344561914f83bd244e26e95b4a2a,5.624999999999998,8.399999999999999,8.399999999999999,0.0,1.164761574580929,1.6526188060740337,0.767400258673752,0.03474369049072257,5.174999999999999,8.399999999999999,8.399999999999999,0.0,0.9881585915557474,1.4831236674289627,0.617337759913911,0.026276779174804865,5.624999999999998,5.174999999999999,0.4499999999999993,0.17660298302518163
57a79294b87e4b55a7bcf58f7f8c6326,0.22499999999999987,1.1999999999999993,1.1999999999999993,0.0,0.3814384712098136,0.6132760380964635,0.27224467859722923,0.011257839202880593,0.0,0.0,0.0,0.0,0.33645380901982846,0.5271320403726922,0.2550708294331917,0.011489868164062944,0.22499999999999987,0.0,0.22499999999999987,0.04498466218998515
57d5c2256bc947459903ce56c91e9b78,2.924999999999998,4.799999999999997,4.799999999999997,0.0,0.6884464525068139,0.9208386683412686,0.4411247964373253,0.012743854522705877,2.8499999999999983,4.799999999999997,4.799999999999997,0.0,0.655006883741065,0.8466549595631884,0.4399511246932225,0.011274862289429421,2.924999999999998,2.8499999999999983,0.07499999999999973,0.03343956876574894
59a27b7fc76541ea92d79f7d4c62a2ec,5.699999999999999,11.999999999999996,11.999999999999996,0.0,0.0833244429906071,0.16733386427516314,0.0855843412053973,0.022557306289673562,5.4,16.800000000000004,16.800000000000004,0.0,0.09224848748074123,0.16820437468086114,0.11017576631142888,0.01666502952575666,5.699999999999999,5.4,0.29999999999999893,-0.008924044490134134
59b048ee1ed2466c973e45f9e79ce5d1,0.2250000000000001,2.3999999999999986,0.0,0.0,0.01193359196233251,0.031316946709711274,0.031230824107958674,0.004309272766112482,0.10606601717798206,1.697056274847713,0.0,0.07500000000000018,0.05949188919799767,0.10433462003588867,0.10433462003588867,0.01961803436279208,0.2250000000000001,0.10606601717798206,0.11893398282201803,-0.04755829723566517
59e6f43c31be472393ee5c8dcc45f9cf,0.2999999999999998,2.3999999999999986,0.0,0.0,0.7327177754884964,0.9399801745061438,0.6492946371679793,0.024796342849732422,0.2999999999999998,2.3999999999999986,0.0,0.0,0.7700828459702129,0.9906001949873633,0.694867156460281,0.028409099578857955,0.2999999999999998,0.2999999999999998,0.0,-0.037365070481716556
5a85db16e41543e5bcfe5341d3c85787,0.2999999999999998,1.2000000000000028,1.1999999999999957,0.0,0.1326084819441843,0.1945954926920215,0.11427200495166255,0.00711193084716788,0.1499999999999999,1.2000000000000028,0.0,0.0,0.08056740345511233,0.11695292520572131,0.07829982776256525,0.005447244644164684,0.2999999999999998,0.1499999999999999,0.1499999999999999,0.052041078489071954
5b426b1475f746f7904f2bf1db929852,0.7810660171779824,3.6000000000000014,1.697056274847718,0.07500000000000018,0.058909500301689094,0.09328591729645482,0.09328591729645482,0.004000139236449485,0.7810660171779824,3.6000000000000014,1.697056274847718,0.07500000000000018,0.058909500301689094,0.09328591729645482,0.09328591729645482,0.004000139236449485,0.7810660171779824,0.7810660171779824,0.0,0.0
5b58b84c5f28465e83690772812e8b3d,2.3342329219213247,4.947726750741191,1.2000000000000028,0.07500000000000018,0.4530905012384701,0.8287722734864817,0.14112891368835173,0.02204661369323757,2.109232921921325,4.947726750741191,1.2000000000000028,0.07500000000000018,0.4386143887824272,0.7844452861180385,0.232663857230104,0.02109045982360991,2.3342329219213247,2.109232921921325,0.22499999999999964,0.014476112456042911
5b89841bc40a436891223751749416b3,0.675,2.400000000000002,1.2000000000000028,0.0,0.06793175661351242,0.152666412445924,0.04174110612142781,0.0039902687072759235,1.2750000000000001,3.6000000000000014,1.2000000000000028,0.0,0.185106527889875,0.2844982788658446,0.11605474670830476,0.0033747196197508877,0.675,1.2750000000000001,-0.6000000000000001,-0.11717477127636258
5c27958677604dc5ad254f69f31aaf85,0.4104101966249683,5.366563145999494,0.0,0.15000000000000013,0.11143182312975405,0.15928206751250149,0.15414322371069716,0.07311100959777894,0.4854101966249685,5.366563145999494,0.0,0.15000000000000013,0.11720842405984175,0.17784729560463033,0.17263087379902026,0.07577676773071307,0.4104101966249683,0.4854101966249685,-0.07500000000000018,-0.005776600930087694
5c6f3a7e402c4985916cd6ed07e66f6f,3.5999999999999988,8.399999999999999,8.399999999999999,0.0,0.5817887778453229,0.9541238535348417,0.3299797311050971,0.012060928344726829,3.6749999999999985,8.399999999999999,8.399999999999999,0.0,0.5810713630541788,0.9673063175235594,0.32686541991095647,0.011260557174682884,3.5999999999999988,3.6749999999999985,-0.07499999999999973,0.0007174147911440665
5c95b81d9d404c219b4393da7e020280,0.8031152949374529,2.683281572999751,2.6832815729997477,0.22500000000000053,0.04471841461829895,0.07928612859670955,0.03605567744690966,0.006968164443969638,0.8031152949374529,2.683281572999751,2.6832815729997477,0.22500000000000053,0.04471841461829895,0.07928612859670955,0.03605567744690966,0.006968164443969638,0.8031152949374529,0.8031152949374529,0.0,0.0
5c9d217c4af14c608c7b5f9469dd488b,5.324999999999998,9.599999999999998,9.599999999999998,0.0,0.9629532476166738,1.4434178643335414,0.6787634283430486,0.021443939208984464,5.549999999999999,9.599999999999998,9.599999999999998,0.0,1.0437170265582356,1.4961960121705364,0.7505261285179847,0.02586450576782129,5.324999999999998,5.549999999999999,-0.22500000000000053,-0.08076377894156184
5d054297a2bf43638a1d37cbb2ea2365,0.44999999999999973,2.3999999999999986,0.0,0.0,0.7597158378928208,1.0818954791185382,0.6271215197306605,0.015341806411742986,0.07499999999999996,1.1999999999999993,0.0,0.0,0.15081526352232677,0.2893573835152224,0.14817231982801535,0.008923530578613725,0.44999999999999973,0.07499999999999996,0.3749999999999998,0.608900574370494
5d0fc4d327d2439db96cd66818e1862f,0.6177050983124843,2.6832815729997463,0.0,0.2250000000000001,0.10411556577925214,0.2049645447704966,0.0290087623576782,0.03887701034545943,0.6000000000000001,1.2000000000000028,0.0,0.07500000000000018,0.1033111932594728,0.20641064713293086,0.029037713086453552,0.03904323577880753,0.6177050983124843,0.6000000000000001,0.017705098312484235,0.0008043725197793422
5e4e25f87ec84942ac459a55fe064330,0.0,0.0,0.0,0.0,0.2308173767699249,0.4177994748125905,0.15100071473164628,0.006353330612182795,0.0,0.0,0.0,0.0,0.2936293532760176,0.5057251965163029,0.19531799950010204,0.007746219635009766,0.0,0.0,0.0,-0.06281197650609269
5e75205506604b6a992c08ce91a92d22,0.44999999999999996,2.3999999999999986,0.0,0.0,0.05357733230369108,0.09881671522312463,0.020680416235590783,0.003568124771118786,0.44999999999999996,2.3999999999999986,0.0,0.0,0.049533509551855516,0.09216179084578564,0.014561723588642269,0.005234670639039152,0.44999999999999996,0.44999999999999996,0.0,0.0040438227518355616
5edf36a058ce4849bc6371629bea8a69,3.31875,32.7,32.7,1.1249999999999998,0.17012750954365133,0.2960098406963879,0.011230134570293713,0.009092044830322887,3.31875,32.7,32.7,1.1249999999999998,0.17012750954365133,0.2960098406963879,0.011230134570293713,0.009092044830322887,3.31875,3.31875,0.0,0.0
5f88b9a41f264ebbac7976bf4c796d21,4.274999999999999,8.399999999999999,8.399999999999999,0.0,0.7237929710325793,1.1479885767660103,0.4673691959561857,0.016699218749999467,4.274999999999999,8.399999999999999,8.399999999999999,0.0,0.7488700016112324,1.1822041121831006,0.4818929935208898,0.017688274383544478,4.274999999999999,4.274999999999999,0.0,-0.02507703057865307
5fe961cfd2b444b0898c3abb7c969e77,0.0,0.0,0.0,0.0,0.03978533084993987,0.07026222059253681,0.012506505853596512,0.005222654342651012,0.0,0.0,0.0,0.0,0.03978533084993987,0.07026222059253681,0.012506505853596512,0.005222654342651012,0.0,0.0,0.0,0.0
5ff472758749447ca27827543e5d50dd,5.549999999999999,9.599999999999998,9.599999999999998,0.0,0.9662875741784281,1.4805662030699356,0.582260345880912,0.024291801452637873,5.324999999999998,9.599999999999998,9.599999999999998,0.0,0.8693131172809976,1.440558439226658,0.4539362272540381,0.014728116989136453,5.549999999999999,5.324999999999998,0.22500000000000053,0.09697445689743056
604a8ce58d0b4f94a93db370813edf94,4.731207189772366,19.2,19.2,0.07500000000000018,0.6541368251207351,0.9064384402048156,0.4046689710577495,0.01678032875061186,5.256207189772367,20.399999999999995,20.399999999999995,0.07500000000000018,0.7313917619505611,1.0122575307535862,0.4669335346242677,0.01529974937439027,4.731207189772366,5.256207189772367,-0.5250000000000004,-0.07725493682982598
60565417b2584f15965a0e22c6f6d317,2.400279786901571,4.9477267507411975,2.6832815729997477,0.45000000000000107,0.30224488679031836,0.48873902385234147,0.2330261381754206,0.040750980377197266,2.0209356074545846,4.9477267507411975,0.0,0.3750000000000009,0.20552283457251352,0.3486909630883334,0.12392317335025593,0.034098672866821556,2.400279786901571,2.0209356074545846,0.3793441794469863,0.09672205221780483
610ef5fb746c466f810f665b3e9d5b4d,0.0,0.0,0.0,0.0,0.035398079004192555,0.05692798320425451,0.034271363201246595,0.003932905197143732,1.3499999999999996,3.6000000000000014,1.2000000000000028,0.0,0.17200272164471236,0.29635983342021194,0.018531423465186977,0.009615612030028586,0.0,1.3499999999999996,-1.3499999999999996,-0.1366046426405198
6180726fc8744ea2b129ebaad6f79cee,4.349999999999999,7.199999999999999,7.199999999999999,0.0,0.5311655598771416,0.6953665693914051,0.4317988276044138,0.012878608703613015,4.349999999999999,7.199999999999999,7.199999999999999,0.0,0.5309850036034783,0.6760040310386645,0.43389525672951695,0.014246177673340021,4.349999999999999,4.349999999999999,0.0,0.00018055627366331262
62f92bfdea694388b2f13c5d04cc7148,2.8499999999999983,4.799999999999997,4.799999999999997,0.0,0.7015658549884335,0.8830391382768131,0.5164411282158856,0.01258978843689107,2.3999999999999986,3.599999999999998,3.599999999999998,0.0,0.5140037048577025,0.7093435105939361,0.38025422421506777,0.014655590057373935,2.8499999999999983,2.3999999999999986,0.44999999999999973,0.18756215013073096
62fb6b14e6a2451f96ef753672d3a381,0.7798759228251126,3.7947331922020573,0.0,0.1499999999999999,0.08666316419441064,0.1857939172739337,0.059043768796251624,0.022680616378783824,0.762170824512629,3.7947331922020573,2.4000000000000057,0.07500000000000018,0.08838808067327845,0.1864957052621175,0.06721121078896328,0.023454809188843573,0.7798759228251126,0.762170824512629,0.01770509831248368,-0.0017249164788678134
636c9024749e46ee8a9987b58e2cf802,1.2000000000000002,3.6000000000000014,0.0,0.0,0.18611031113520876,0.3246662866154356,0.07226117987107208,0.006957435607909179,1.2750000000000001,3.6000000000000014,0.0,0.0,0.2521597852189275,0.42753867175311794,0.11391805258083604,0.005232381820677645,1.2000000000000002,1.2750000000000001,-0.07499999999999996,-0.06604947408371875
6518b3cced45431b8f8809c040fa0bd7,0.6871708245126289,3.794733192202055,0.0,0.07499999999999973,0.19099864493776936,0.3042246433202548,0.10099477475733958,0.013155698776245117,0.6871708245126289,3.794733192202055,0.0,0.07499999999999973,0.19099864493776936,0.3042246433202548,0.10099477475733958,0.013155698776245117,0.6871708245126289,0.6871708245126289,0.0,0.0
65282c155f014646868b295b7c6d6e52,0.5249999999999999,2.3999999999999986,1.2000000000000028,0.0,0.05548843127265348,0.08261245805311311,0.04892954117710008,0.0026495933532708627,0.5249999999999999,2.3999999999999986,1.2000000000000028,0.0,0.05548843127265348,0.08261245805311311,0.04892954117710008,0.0026495933532708627,0.5249999999999999,0.5249999999999999,0.0,0.0
6531528030c2484abde7201ff31c05c6,1.3499999999999999,4.799999999999997,1.2000000000000028,0.0,0.2114540408248753,0.39605146877566993,0.044635242047895075,0.004036903381346768,1.0359419400030951,3.7947331922020506,3.7947331922020506,0.3750000000000009,0.1419744615673464,0.26623778208288235,0.0253313615018492,0.007798576354979492,1.3499999999999999,1.0359419400030951,0.3140580599969047,0.0694795792575289
65c8d9839556423b87a4edffb70b434a,4.274999999999999,8.399999999999999,8.399999999999999,0.0,0.7495496262752308,1.104941836355053,0.438049373231391,0.010896921157836914,4.124999999999998,8.399999999999999,8.399999999999999,0.0,0.7272406744540244,1.0884699238677882,0.4218251143020938,0.011407899856568537,4.274999999999999,4.124999999999998,0.15000000000000036,0.022308951821206402
665e155d1c3c4abdb5129b35b80c3b1b,1.5749999999999995,6.0,6.0,0.0,0.1961538819256858,0.40469386605968366,0.02407397951791265,0.007394886016846236,1.2749999999999995,3.6000000000000014,0.0,0.0,0.19643798017192693,0.40599417818759803,0.02354579133471612,0.008437728881836026,1.5749999999999995,1.2749999999999995,0.30000000000000004,-0.00028409824624112123
6711467d3a2146c0a90f6a69787d8648,0.44999999999999996,1.2000000000000028,0.0,0.0,0.08821244088775096,0.1319414902776266,0.0708442555706116,0.005581855773925781,0.1499999999999999,1.1999999999999993,0.0,0.0,0.021825822093162958,0.04863685099583411,0.028151643322354262,0.0030368328094469987,0.44999999999999996,0.1499999999999999,0.30000000000000004,0.066386618794588
674ac51c90f444ffa066c3aa15991728,2.6999999999999993,4.800000000000004,4.799999999999997,0.0,0.36299322893728914,0.6090480849556723,0.17827873083505127,0.009550523757935636,3.1499999999999995,7.199999999999996,4.799999999999997,0.0,0.4048763821411906,0.6839342618032698,0.18033320225662153,0.018660020828246804,2.6999999999999993,3.1499999999999995,-0.4500000000000002,-0.04188315320390146
67b146ff35ba4f84b3e6276a8e8ff65a,0.3749999999999998,2.3999999999999986,0.0,0.0,0.055375539552713626,0.07285817120480695,0.03121551340217075,0.0014758586883543146,0.30000000000000027,2.3999999999999986,0.0,0.0,0.04464584846412048,0.11552720621333411,0.11552720621333411,0.004640007019041992,0.3749999999999998,0.30000000000000027,0.07499999999999951,0.010729691088593146
67cc592aa2b94371a450ca2c7f4397ce,0.3750000000000002,1.2000000000000028,0.0,0.0,0.11302081171425965,0.18664260229695956,0.05713016183097167,0.007995414733886541,1.1250000000000004,3.599999999999998,2.4000000000000057,0.0,0.28112014029548277,0.4745781621393737,0.11431877355425323,0.005539941787719549,0.3750000000000002,1.1250000000000004,-0.7500000000000002,-0.16809932858122312
68c0cfc033f54e919e5f1975765f55d0,0.1499999999999999,1.1999999999999993,0.0,0.0,0.05264301463708297,0.13062369677724356,0.009175799439218741,0.005122947692872248,0.22499999999999987,1.1999999999999993,1.1999999999999993,0.0,0.05540528866444047,0.12041310079221619,0.020836151425741047,0.00761775970459011,0.1499999999999999,0.22499999999999987,-0.07499999999999996,-0.0027622740273575003
694bf9809dd34036b8e22b164be1f842,0.8249999999999993,2.3999999999999986,0.0,0.0,0.24464337042289425,0.32802434661105867,0.23096942381445354,0.00977182388305664,0.8249999999999993,2.3999999999999986,0.0,0.0,0.24464337042289425,0.32802434661105867,0.23096942381445354,0.00977182388305664,0.8249999999999993,0.8249999999999993,0.0,0.0
6a85b1377e5c42dfb6e125b2cb0a4ec8,0.9749999999999992,2.3999999999999986,1.1999999999999957,0.0,0.2299837826298306,0.3992194611995662,0.1098093315460312,0.015046977996825639,0.22499999999999964,1.2000000000000028,0.0,0.0,0.10754713445775249,0.1361051302226651,0.1300174503363462,0.011394309997558416,0.9749999999999992,0.22499999999999964,0.7499999999999996,0.12243664817207811
6b10154e2b3146ab85b43f3cfe053d6d,0.15000000000000013,1.2000000000000028,0.0,0.0,0.012362969478710184,0.031247307691229336,0.007013568401775553,0.0018775463104252488,0.375,2.3999999999999986,2.3999999999999986,0.0,0.021557585319119034,0.03998584441570692,0.008412963100528767,0.0014329433441173656,0.15000000000000013,0.375,-0.22499999999999987,-0.00919461584040885
6b3c851413064994bb0babae7e74efad,3.7499999999999982,8.399999999999999,8.399999999999999,0.0,0.6294321203529409,1.0269802810785267,0.3663636495231699,0.013160705566407138,3.7499999999999982,8.399999999999999,8.399999999999999,0.0,0.6294321203529409,1.0269802810785267,0.3663636495231699,0.013160705566407138,3.7499999999999982,3.7499999999999982,0.0,0.0
6b615c1f0be2421dbb6337ea8d5ee04e,3.6000000000000005,7.200000000000003,2.4000000000000057,0.0,0.629084227233675,1.017643306548472,0.26457065194972745,0.012565755844115678,3.3,7.200000000000003,1.2000000000000028,0.0,0.5663354126836491,0.9453426261411757,0.2500160552074145,0.011691570281981978,3.6000000000000005,3.3,0.3000000000000007,0.0627488145500259
6b72920576b04269ab1b929599e8dc79,3.772279390558377,7.200000000000003,4.800000000000004,0.22500000000000053,0.5571230614599476,0.8687278055853042,0.2470778977507587,0.011187171936034801,4.000729447933676,9.67470929795826,4.800000000000004,0.3000000000000007,0.5808143300478514,0.8921758322691498,0.2608796437134786,0.012066221237181374,3.772279390558377,4.000729447933676,-0.22845005737529878,-0.023691268587903824
6b9af38cbf654171870cb14b4ae89fd6,1.9500000000000002,3.6000000000000014,3.6000000000000014,0.0,0.2020949553487211,0.39704898491036156,0.024509694780040236,0.008347606658935192,2.1,3.6000000000000014,3.6000000000000014,0.0,0.23529728322079607,0.4576010752108368,0.03417967704364181,0.008084678649900923,1.9500000000000002,2.1,-0.1499999999999999,-0.03320232787207497
6be3fbcf5c224508adb27b4b703b6625,5.024999999999999,8.399999999999999,8.399999999999999,0.0,0.952423809077058,1.5245577930077305,0.5340586573149282,0.01913638114929217,4.799999999999999,8.399999999999999,8.399999999999999,0.0,0.8281824794648925,1.3493554772256677,0.477163163091886,0.017610883712767755,5.024999999999999,4.799999999999999,0.22499999999999964,0.1242413296121655
6bf8421a1f32469f99868bbbeea9a200,3.8249999999999984,8.399999999999999,8.399999999999999,0.0,0.5809602653405004,0.9758784707217503,0.3256052669958781,0.011183738708496094,5.099999999999998,9.599999999999998,9.599999999999998,0.0,0.7733040315263711,1.3785328363915959,0.48356270346979957,0.013071155548096236,3.8249999999999984,5.099999999999998,-1.2749999999999995,-0.19234376618587068
6ce8c5bbf572476d84ade686fd21a09d,2.4000000000000004,4.799999999999997,3.6000000000000014,0.0,0.4196371885461576,0.7996612054541259,0.16343277280955706,0.00916972160339391,2.1750000000000007,3.6000000000000014,3.6000000000000014,0.0,0.40134558762176786,0.7684789938036536,0.1768637347698853,0.008323717117308949,2.4000000000000004,2.1750000000000007,0.22499999999999964,0.01829160092438975
6dab8a84451a4f01aca9352708196964,0.6014823628377813,4.3266615305567875,0.0,0.30000000000000004,0.15404588694334426,0.32735715533646637,0.04317182592040452,0.053448200225829634,0.7691874611502656,4.3266615305567875,0.0,0.4500000000000002,0.15755806257104074,0.31842195330339274,0.05684870153821363,0.05690574645996049,0.6014823628377813,0.7691874611502656,-0.16770509831248426,-0.0035121756276964844
6e0955c28ecb405b98d91b089761dbbb,2.0249999999999986,3.599999999999998,3.599999999999998,0.0,0.11712394878588034,0.2941177848363109,0.14272885458998397,0.012090110778809393,2.0249999999999986,3.599999999999998,3.599999999999998,0.0,0.06804986937588603,0.18798848662775366,0.0628053953622878,0.011862802505492986,2.0249999999999986,2.0249999999999986,0.0,0.04907407940999431
6e80e8ce36464a0d8002e1924f3391cb,5.624999999999998,8.399999999999999,8.399999999999999,0.0,1.1538139958423568,1.647478731292812,0.7474769031835171,0.034763145446777166,5.324999999999999,8.399999999999999,8.399999999999999,0.0,1.0512559818048604,1.5470368016013618,0.6615732098403767,0.02984189987182484,5.624999999999998,5.324999999999999,0.29999999999999893,0.10255801403749643
6eb8a3ff0abf4f3a9380a48f2a0b87ef,0.0,0.0,0.0,0.0,0.10740075148929988,0.2284693196496375,0.12529281057459246,0.0028999328613275033,0.0,0.0,0.0,0.0,0.09694902187762647,0.2002236100192792,0.13472959446239585,0.0028128147125245917,0.0,0.0,0.0,0.010451729611673413
6ec48adcac3b407ca77de01d2c600bf4,16.349999999999998,33.599999999999994,33.599999999999994,0.0,1.6601200139765069,2.6364265913789295,0.7182847196176183,0.014888620376586559,16.349999999999998,33.599999999999994,33.599999999999994,0.0,1.6601200139765069,2.6364265913789295,0.7182847196176183,0.014888620376586559,16.349999999999998,16.349999999999998,0.0,0.0
6f56f5d8c2f84038a5086ec52f5027a1,0.6000000000000005,1.2000000000000028,0.0,0.0,0.1704270945452298,0.3381145287321195,0.012732396798568423,0.002666616439818803,0.7499999999999996,4.799999999999997,4.799999999999997,0.0,0.09838593448695342,0.17739622448903167,0.17198361558046527,0.004767322540283114,0.6000000000000005,0.7499999999999996,-0.14999999999999902,0.07204116005827639
6f5b556ef64b47f596df0314f6db9f99,0.9000000000000001,2.4000000000000057,0.0,0.0,0.19873900205906003,0.2813011946967223,0.09748346081855551,0.00940146446227974,0.9000000000000001,2.4000000000000057,0.0,0.0,0.19873900205906003,0.2813011946967223,0.09748346081855551,0.00940146446227974,0.9000000000000001,0.9000000000000001,0.0,0.0
6f6e36cd57714b92ad8a0e6dfc57f767,0.5999999999999999,2.400000000000002,0.0,0.0,0.20005289096869797,0.27950728442396794,0.11304974171268219,0.008531141281127752,1.141659385440783,6.118823416311339,0.0,0.15000000000000036,0.04047841775338576,0.09615933559571647,0.023593573183241862,0.009293174743652433,0.5999999999999999,1.141659385440783,-0.5416593854407832,0.1595744732153122
702718159551426784c32a0722aac622,0.75,2.400000000000002,2.3999999999999986,0.0,0.1745970831169897,0.36444610789418685,0.07319040814201867,0.0093428134918212,0.6000000000000001,2.3999999999999986,2.3999999999999986,0.0,0.159308283320129,0.3618873589242923,0.054344491032559394,0.008674621582031694,0.75,0.6000000000000001,0.1499999999999999,0.015288799796860708
70fce5a2055144d093d21875e8da0b7e,5.624999999999998,8.399999999999999,8.399999999999999,0.0,1.1704644130505406,1.6428262375137526,0.7753729862220482,0.03371229171752832,5.624999999999998,8.399999999999999,8.399999999999999,0.0,1.126129420694284,1.5932504670041097,0.7697402404813904,0.03155937194824254,5.624999999999998,5.624999999999998,0.0,0.0443349923562566
713882a28f2442098451f77f1362d326,1.0053688760465755,3.7947331922020506,3.7947331922020506,0.5250000000000012,0.09347975960055835,0.20224813931004923,0.05451095780757645,0.020170927047729048,0.3750000000000002,1.2000000000000028,0.0,0.15000000000000036,0.08484378678347032,0.17301005657704252,0.03785471778671512,0.011704158782959162,1.0053688760465755,0.3750000000000002,0.6303688760465753,0.008635972817088028
717c45682e15432f9862e47775b9b80f,0.4592329219213248,4.947726750741191,0.0,0.07500000000000018,0.03778134544559387,0.08978442698401828,0.024285588175124672,0.01301336288452326,0.5342329219213245,4.947726750741191,0.0,0.07500000000000018,0.05800580023858068,0.11153492990469314,0.053679380601990234,0.021727180480958896,0.4592329219213248,0.5342329219213245,-0.07499999999999973,-0.02022445479298681
71b80d6861c44bc69bc468d54625bd73,2.0249999999999986,3.599999999999998,3.599999999999998,0.0,0.5180064709281582,0.6455745278122372,0.3916617326606575,0.00473599433898908,2.0249999999999986,3.599999999999998,3.599999999999998,0.0,0.504309191138852,0.6297767684823111,0.36906673737134843,0.0037792682647710407,2.0249999999999986,2.0249999999999986,0.0,0.013697279789306238
71be7481176747a7aff4ef5143b18e2a,1.2177050983124844,2.6832815729997477,1.2000000000000028,0.07500000000000018,0.20940142103957743,0.4207647346713814,0.036102405460862484,0.0139984130859383,1.751938020233809,4.947726750741191,1.2000000000000028,0.15000000000000036,0.3000539331299628,0.5226334329241126,0.12297275842097147,0.0193542480468758,1.2177050983124844,1.751938020233809,-0.5342329219213247,-0.09065251209038538
72120150a5014fa6837585f0c4429110,4.799999999999999,8.399999999999999,8.399999999999999,0.0,0.7745290145613988,1.3327860257167745,0.4465574461279074,0.011470985412599166,5.699999999999998,9.599999999999998,9.599999999999998,0.0,0.8761720126111645,1.4416185990438992,0.50913482405509,0.013260841369630683,4.799999999999999,5.699999999999998,-0.8999999999999995,-0.10164299804976573
723ad93330684af28bd8f329092efa7b,0.375,2.3999999999999986,0.0,0.0,0.22751224563073547,0.3310403872983959,0.17581328739336105,0.009310340881347745,0.0,0.0,0.0,0.0,0.02720102779959182,0.0421303187718418,0.019995846708837473,0.004221153259276633,0.375,0.0,0.375,0.20031121783114364
726c4eb7ce3e490e908dfc5a5ad9dd19,2.3871840044976738,14.843180252223576,14.843180252223576,0.7499999999999982,0.17949304295574836,0.30161423127118764,0.17467407549061723,0.03462581634521511,1.5127565494093698,8.48528137423857,8.48528137423857,0.4500000000000002,0.12813004806031503,0.20583657708871855,0.16889142975828525,0.029516744613647727,2.3871840044976738,1.5127565494093698,0.874427455088304,0.051362994895433334
72fe05b8fd804c7eb2edba7554f1f796,2.7,4.800000000000004,4.799999999999997,0.0,0.41525006262341624,0.7652868924557492,0.12884664503331061,0.011795997619628906,3.3,6.0,6.0,0.0,0.520924257715567,0.9282560004320987,0.20959230748310087,0.00887317657470632,2.7,3.3,-0.5999999999999996,-0.10567419509215081
733e12b439b846169b3f8214a89ed8c4,1.575,3.6000000000000014,1.1999999999999957,0.0,0.23459758811567405,0.3964006083712986,0.09484468485005755,0.005163574218750355,0.9749999999999999,3.6000000000000014,0.0,0.0,0.17191349219899976,0.27727739174599486,0.1075721741453142,0.005508899688720703,1.575,0.9749999999999999,0.6000000000000001,0.06268409591667429
73620d31303a47f9a86908f6157370f9,16.851622955970424,43.2801340108831,43.21874593275469,3.9000000000000012,0.4565326784189809,0.7438180455520769,0.18068957023073248,0.03235430717468191,15.140132285418236,37.373787605753854,18.902380802428034,3.6000000000000014,1.4230747150984828,1.83404952342158,1.029936035923672,0.04704523086547896,16.851622955970424,15.140132285418236,1.7114906705521875,-0.9665420366795019
73a3e6b8189f445baf70c080117d3bf6,0.44999999999999996,1.2000000000000028,0.0,0.0,0.13036585862831893,0.20061739348286867,0.06165776273041275,0.0046145439147950995,1.1249999999999998,4.799999999999997,4.799999999999997,0.0,0.028156380774087414,0.05860859146506136,0.03735777697378951,0.008729553222657227,0.44999999999999996,1.1249999999999998,-0.6749999999999998,0.10220947785423151
73ce29fbb23b4fdda87da12569830fe0,0.7060660171779825,2.3999999999999986,1.697056274847718,0.07500000000000018,0.13243337575017267,0.21242649085394355,0.21242649085394355,0.010850858688353338,1.8310660171779825,4.799999999999997,1.697056274847718,0.07500000000000018,0.27523588665841575,0.3760062711050792,0.2888113765283585,0.011420488357542613,0.7060660171779825,1.8310660171779825,-1.125,-0.14280251090824309
75023dda46de40c3953a0a67a31de816,1.109751845650226,3.7947331922020573,3.7947331922020573,0.3000000000000007,0.05362193734288642,0.08413600828731482,0.04747139872829801,0.012817811965941672,0.8725810211375973,3.7947331922020573,1.1999999999999957,0.22500000000000053,0.05023893222071718,0.06919237987830144,0.04910130730326185,0.013209342956541636,1.109751845650226,0.8725810211375973,0.23717082451262872,0.0033830051221692414
7586016dd8d4458aba6f7a88b3ab21b4,5.324999999999999,8.399999999999999,8.399999999999999,0.0,1.0528970200036334,1.5859225103593027,0.6589564820085206,0.03192701339721715,4.799999999999999,8.399999999999999,8.399999999999999,0.0,0.8827492236511352,1.3712193958241272,0.5359942038948645,0.02128944396972532,5.324999999999999,4.799999999999999,0.5250000000000004,0.17014779635249822
75ce3975720942779e8f2a56309de167,3.5999999999999988,8.399999999999999,8.399999999999999,0.0,0.4464566484066993,0.8625976486126677,0.21705273014654985,0.009953784942626331,4.724999999999999,9.599999999999998,9.599999999999998,0.0,0.618248934992597,1.2597066991326193,0.38790154125476495,0.013330650329589577,3.5999999999999988,4.724999999999999,-1.125,-0.17179228658589774
7604c6ea363c4a4a8fcf574281a7ac86,0.07500000000000018,1.2000000000000028,0.0,0.0,0.051233313645041426,0.07980604793028406,0.07208106310403987,0.002393674850464933,0.15000000000000013,1.2000000000000028,0.0,0.0,0.05198579233671707,0.09099935568602419,0.031525144259387,0.0024682044982902163,0.07500000000000018,0.15000000000000013,-0.07499999999999996,-0.0007524786916756412
7613f642104247d4a792553d4f2cdfee,5.624999999999998,8.399999999999999,8.399999999999999,0.0,1.1886751416487307,1.644445087409517,0.8173085554069889,0.03492937088012571,5.849999999999999,8.399999999999999,8.399999999999999,0.0,1.2506658866195426,1.6888785109886728,0.8767210173796885,0.03743290901184082,5.624999999999998,5.849999999999999,-0.22500000000000053,-0.06199074497081192
7616699455044566a7bf555d476f5799,5.347079400778609,13.254433220624716,13.254433220624716,0.3750000000000009,0.7277766516708943,1.021809866704496,0.42710017968756214,0.019234228134155984,5.347079400778609,13.254433220624716,13.254433220624716,0.3750000000000009,0.7277766516708943,1.021809866704496,0.42710017968756214,0.019234228134155984,5.347079400778609,5.347079400778609,0.0,0.0
7693424bd4b04229b08c578b256a7de4,8.556804152578088,17.999999999999996,17.999999999999996,0.15000000000000036,0.7713346863111781,1.2402479293563151,0.45607301878705153,0.0179207324981685,8.928402076289043,17.999999999999996,17.999999999999996,0.07500000000000018,0.8049784280575352,1.2609900786945527,0.47109252901506343,0.020403814315796076,8.556804152578088,8.928402076289043,-0.37159792371095435,-0.03364374174635709
76ffdcc4676f4b75b7adf32b0ff47c4a,0.4500000000000002,2.3999999999999986,0.0,0.0,0.08863053576035222,0.1417937131353829,0.05947340078956438,0.009592151641844016,0.37499999999999956,1.2000000000000028,1.2000000000000028,0.0,0.04137821557874093,0.07520933036454078,0.07520933036454078,0.007970094680784356,0.4500000000000002,0.37499999999999956,0.07500000000000062,0.04725232018161129
774f588fe35f46338735d6c72c94de28,0.5250000000000006,2.3999999999999986,0.0,0.0,0.12521186380957866,0.19201487847808246,0.05220424444976128,0.00357656478881907,0.37500000000000044,2.3999999999999986,0.0,0.0,0.09189075599778904,0.15523199929756493,0.023504925057216856,0.004058790206908469,0.5250000000000006,0.37500000000000044,0.15000000000000013,0.033321107811789624
7760d89f50a947d78929ae468844c25e,3.9000000000000012,8.399999999999999,8.399999999999999,0.0,0.5157034533144782,0.8167910260990513,0.24666984582645585,0.005804443359374911,3.825,8.399999999999999,8.399999999999999,0.0,0.5534235789800687,0.8959658275544669,0.2668168339912346,0.012343740463256925,3.9000000000000012,3.825,0.07500000000000107,-0.037720125665590465
7778e7e99779472cbb886e43dbc9a1ea,0.3621320343559644,3.3941125496954285,0.0,0.1499999999999999,0.06448723989749086,0.12279082302367292,0.05729052058431754,0.03467645645141504,0.3621320343559644,3.3941125496954285,0.0,0.1499999999999999,0.06514474703407513,0.12066233950477921,0.0584614127110637,0.035227489471434836,0.3621320343559644,0.3621320343559644,0.0,-0.0006575071365842733
77b3e8a94b22491a97efb1e8f2b742b7,2.2499999999999987,3.599999999999998,3.599999999999998,0.0,0.4498099611111725,0.5801658525923286,0.3010277066176489,0.006005430221557084,2.174999999999999,3.599999999999998,3.599999999999998,0.0,0.3332646970821863,0.4608651290120116,0.23656020517579604,0.006305122375489081,2.2499999999999987,2.174999999999999,0.07499999999999973,0.11654526402898618
77dda60825f246ecac50f1411e851fdc,1.7249999999999994,3.6000000000000014,3.5999999999999943,0.0,0.2626883115674761,0.3610883883286038,0.16421340749583047,0.007231521606445579,1.7249999999999994,3.6000000000000014,3.5999999999999943,0.0,0.2626883115674761,0.3610883883286038,0.16421340749583047,0.007231521606445579,1.7249999999999994,1.7249999999999994,0.0,0.0
77f6617716654cfb8e313f0cd69e04a6,0.0,0.0,0.0,0.0,0.15225718147243272,0.21591341456338997,0.12687235445485598,0.005861234664916726,0.0,0.0,0.0,0.0,0.13170015726198656,0.18497765620915976,0.11057675984917753,0.005214786529542881,0.0,0.0,0.0,0.020557024210446168
7844c7bf21ce4114a8ef64b3a46a579b,0.6000000000000001,1.2000000000000028,1.1999999999999957,0.0,0.1634811671152329,0.33232987138101294,0.08222825351310376,0.0039620876312262965,0.4810660171779825,1.697056274847713,1.697056274847713,0.07500000000000018,0.12538953515398443,0.2830961438403997,0.06814521041514869,0.0029123783111573154,0.6000000000000001,0.4810660171779825,0.11893398282201761,0.03809163196124846
78828ab1fe6e4b8882729099326a5db6,0.15000000000000036,1.2000000000000028,0.0,0.0,0.042732135815059934,0.07617584982689117,0.015765381025523193,0.004469347000122248,0.6000000000000008,2.3999999999999986,0.0,0.0,0.11234541440467088,0.15479478923601456,0.07652152375074528,0.00884242057800222,0.15000000000000036,0.6000000000000008,-0.4500000000000004,-0.06961327858961094
78b6b787491441fa864d6bd9382d5701,3.7134924806974414,7.199999999999996,6.118823416311343,0.15000000000000036,0.6676171287059068,1.0656838625504297,0.34949969748050447,0.025597286224364968,3.7134924806974414,7.199999999999996,6.118823416311343,0.15000000000000036,0.6676171287059068,1.0656838625504297,0.34949969748050447,0.025597286224364968,3.7134924806974414,3.7134924806974414,0.0,0.0
78be3bd5f1f146cdb1b7120bbf8a218c,1.2749999999999992,2.3999999999999986,1.1999999999999993,0.0,0.29328619582694865,0.500140405346286,0.14419149411246396,0.012529277801514027,1.574999999999999,2.3999999999999986,1.1999999999999993,0.0,0.2596423243534112,0.46997678939110976,0.1163076919297311,0.008911085128784357,1.2749999999999992,1.574999999999999,-0.2999999999999998,0.03364387147353742
79a822a6858f451ebde3a7595252f22e,5.474999999999999,9.599999999999998,9.599999999999998,0.0,0.8904825305426902,1.4305503934055201,0.4964926887050044,0.01672325134277486,4.424999999999999,8.399999999999999,8.399999999999999,0.0,0.7380865182008469,1.2448843572588664,0.41255665150153653,0.012119150161743253,5.474999999999999,4.424999999999999,1.0499999999999998,0.1523960123418433
7a903ae4cbb0466093fc117258a31efc,1.8417909472727256,6.118823416311341,3.5999999999999943,0.2999999999999994,0.10962476711899127,0.23941858105878477,0.13387350081320248,0.03862724304199183,2.001023869194051,6.118823416311341,0.0,0.3749999999999991,0.18836523050355963,0.32775207189517586,0.143018012153602,0.04255614280700648,1.8417909472727256,2.001023869194051,-0.15923292192132532,-0.07874046338456836
7ac61a641ce14bbdab9e8af6aaa6081e,0.4500000000000004,1.2000000000000028,1.2000000000000028,0.0,0.061841459091726635,0.09189682329554621,0.08478327042662762,0.0028272628784167253,0.3750000000000002,1.2000000000000028,0.0,0.0,0.03922978735277067,0.0892433684248332,0.018632903081966377,0.0015466690063474786,0.4500000000000004,0.3750000000000002,0.07500000000000018,0.022611671738955966
7aca59dc11fb484da90cbabc1eea0be5,5.624999999999998,8.399999999999999,8.399999999999999,0.0,1.2062302470505748,1.6585172416147809,0.8211915259781383,0.03557868003845366,5.624999999999998,8.399999999999999,8.399999999999999,0.0,1.2354940352181631,1.678542057227068,0.8531584816657699,0.03658747673034757,5.624999999999998,5.624999999999998,0.0,-0.029263788167588345
7c0aa537b98344bea85226ba8148ae98,2.0249999999999986,3.599999999999998,3.599999999999998,0.0,0.2892193478714155,0.3956432628553883,0.31807144211360633,0.006455898284912109,2.0249999999999986,3.599999999999998,3.599999999999998,0.0,0.2892193478714155,0.3956432628553883,0.31807144211360633,0.006455898284912109,2.0249999999999986,2.0249999999999986,0.0,0.0
7c7ce7a97984492b9a5c76327bc90610,3.1281152949374533,7.200000000000003,7.200000000000003,0.22500000000000053,0.6397990899537405,1.0332955722708648,0.4478140185034546,0.0609632492065435,3.1281152949374533,7.200000000000003,7.200000000000003,0.22500000000000053,0.6369919435042578,1.031359469983218,0.44589284040662813,0.06117296218872115,3.1281152949374533,3.1281152949374533,0.0,0.002807146449482656
7c8b7e6b9a5c46df898321470c81c8e8,2.0249999999999986,3.599999999999998,3.599999999999998,0.0,0.4446468221931926,0.5539719451788501,0.2970061025410238,0.0040652275085450995,2.0249999999999986,3.599999999999998,3.599999999999998,0.0,0.38838631483130437,0.4829631843419012,0.24881537322795758,0.003831481933595171,2.0249999999999986,2.0249999999999986,0.0,0.05626050736188826
7d1d71e3ce5745f7b49b9c2e5991a45b,0.0,0.0,0.0,0.0,0.20682385912970008,0.3645271509643817,0.1556874707465253,0.008818674087524236,0.0,0.0,0.0,0.0,0.2176525084757876,0.3756487295637855,0.16451254839311907,0.008917808532713956,0.0,0.0,0.0,-0.010828649346087516
7dfa2547d5ff46aeb0229c166234dabf,1.6621708245126285,3.7947331922020573,2.4000000000000057,0.07500000000000018,0.16037462196972752,0.3248924490133132,0.14858544368854976,0.022361326217651634,1.6621708245126285,3.7947331922020573,2.4000000000000057,0.07500000000000018,0.16037462196972752,0.3248924490133132,0.14858544368854976,0.022361326217651634,1.6621708245126285,1.6621708245126285,0.0,0.0
7f06772548b74f3a912afe867ba70a6d,2.235941940003094,7.199999999999996,6.0,0.22500000000000053,0.2152321135692811,0.3861906048545452,0.06150571299583348,0.01326899528503489,1.3414762138029506,6.0,6.0,0.3000000000000007,0.07538612648633372,0.12170287236144584,0.03155825982619063,0.008752584457397905,2.235941940003094,1.3414762138029506,0.8944657262001434,0.13984598708294738
7f11a83e09d4433a8b2049c739c284a7,1.8000000000000005,3.6000000000000014,3.6000000000000014,0.0,0.3208388007677617,0.5638501972610778,0.15479534784430565,0.008111286163330789,1.5750000000000004,3.6000000000000014,3.6000000000000014,0.0,0.30580247039094904,0.5376141653705984,0.15028802245907394,0.007562685012818093,1.8000000000000005,1.5750000000000004,0.2250000000000001,0.015036330376812679
7fbf9f1634a64bfea374596abdfec3d9,8.40649535100141,19.237463450257675,10.866462165764897,0.15000000000000036,1.2358869103917758,1.8796823814176842,0.7845635023470923,0.018699073791502485,5.182894556944373,12.059850745345068,10.866462165764897,0.15000000000000036,0.7687073013967805,1.2063810891907247,0.4262185405006202,0.016725397109984552,8.40649535100141,5.182894556944373,3.2236007940570373,0.46717960899499533
7ff1f84a3c184434a366282773ca9572,2.175,6.0,3.599999999999998,0.0,0.7698540299928531,1.3548285366599802,0.17677847211981668,0.03043198585510254,2.175,6.0,3.599999999999998,0.0,0.7698540299928531,1.3548285366599802,0.17677847211981668,0.03043198585510254,2.175,2.175,0.0,0.0
806011e8a7114eca971fd0f6b95bcd4b,0.0,0.0,0.0,0.0,0.03825701578487277,0.06268440394278071,0.05176120956087272,0.0032062053680412816,0.0,0.0,0.0,0.0,0.03802440712388018,0.0627415202526918,0.05221197137033124,0.0030695915222165304,0.0,0.0,0.0,0.00023260866099258926
808fabcc3ed441afbd6bdddc929887f3,0.75,3.6000000000000014,1.1999999999999957,0.0,0.06932083155186763,0.138611327615181,0.03265031960823789,0.005539512634276544,0.5250000000000001,3.6000000000000014,1.2000000000000028,0.0,0.035925945927419184,0.08069942208597973,0.015441315907731058,0.009314346313476385,0.75,0.5250000000000001,0.22499999999999987,0.03339488562444845
80a992a086714b53b833720d775931c1,4.724999999999998,8.399999999999999,8.399999999999999,0.0,0.7720469773911118,1.3725863466687247,0.41905432970593093,0.008612251281737482,5.549999999999999,9.599999999999998,9.599999999999998,0.0,0.9042901885222892,1.4872013420456367,0.5158612997405427,0.012107563018799006,4.724999999999998,5.549999999999999,-0.8250000000000011,-0.13224321113117732
828a847cc7174a7d9c8058734ca6dd6e,1.9282691157260168,9.13892772703669,9.13892772703669,1.4249999999999998,0.11800221293569522,0.29530413681773243,0.030908471937958083,0.04454555511474556,1.9282691157260168,9.13892772703669,9.13892772703669,1.4249999999999998,0.11800221293569522,0.29530413681773243,0.030908471937958083,0.04454555511474556,1.9282691157260168,1.9282691157260168,0.0,0.0
847d19905eb24a379479a944ac3dc6d5,0.7237711154904665,2.683281572999751,0.0,0.15000000000000036,0.15314930367354318,0.29842736923948143,0.05332447536168886,0.019782972335815607,0.3749999999999998,1.2000000000000028,0.0,0.0,0.11101600282936558,0.2211661399374738,0.028046142773118104,0.012280082702636808,0.7237711154904665,0.3749999999999998,0.3487711154904667,0.0421333008441776
848eed388a5c47d5b3cdbeeb15c2f856,1.6500000000000004,3.6000000000000014,3.6000000000000014,0.07500000000000018,0.2972603529730816,0.4479017807138837,0.277563505183634,0.026912212371825284,3.9934658438426496,10.800000000000004,10.800000000000004,0.15000000000000036,0.6008899900665753,0.7943374127538914,0.6262859871322152,0.010639142990112926,1.6500000000000004,3.9934658438426496,-2.343465843842649,-0.30362963709349367
84b5d2fbf0c24b23893f4d037c306b3a,0.7371320343559645,2.3999999999999986,0.0,0.22500000000000053,0.1849623650727089,0.3549369608420922,0.057104107719681524,0.02986135482788077,0.5871320343559646,1.697056274847718,0.0,0.22500000000000053,0.1800612480272304,0.3367729952414031,0.0593920536161091,0.030181789398192826,0.7371320343559645,0.5871320343559646,0.1499999999999999,0.00490111704547852
852490943ea64291ae0f85dc0d49825a,0.2250000000000001,1.2000000000000028,1.1999999999999957,0.0,0.04500507615158568,0.09827067222219915,0.059551287201360215,0.006937694549562057,0.15000000000000036,1.2000000000000028,0.0,0.0,0.07705460237807663,0.1379053051823777,0.09644266586645257,0.005213356018066051,0.2250000000000001,0.15000000000000036,0.07499999999999973,-0.032049526226490946
8584cdee278d4bf89e6620ab02d15a7b,1.5177050983124847,4.800000000000004,2.3999999999999986,0.07500000000000018,0.28133387180598346,0.450588353277918,0.13403429626972913,0.012868595123292081,4.267255802840503,14.449913494550753,14.449913494550753,0.6000000000000014,0.631439280501178,0.9852814220177174,0.474763495755481,0.03643655776977539,1.5177050983124847,4.267255802840503,-2.7495507045280183,-0.3501054086951946
85b8779598cb46f89538faa1d7117404,2.609466878308689,6.118823416311343,4.947726750741191,0.45000000000000107,0.38598113187245603,0.5825835821274528,0.2700735554318516,0.022397375106812945,4.091830314394886,8.48528137423857,8.48528137423857,0.45000000000000107,0.5911286732465587,0.866718276276403,0.4391287504138879,0.027239942550659535,2.609466878308689,4.091830314394886,-1.4823634360861968,-0.20514754137410268
877f55a6d8324fefb5e0f5e0bac3d7c1,2.0999999999999988,3.599999999999998,3.599999999999998,0.0,0.6814701881910279,0.9808890973057325,0.4206341485945164,0.02114596366882271,2.174999999999999,3.599999999999998,3.599999999999998,0.0,0.6896406169072183,0.9574763080255461,0.45292445815113996,0.01697144508361781,2.0999999999999988,2.174999999999999,-0.07500000000000018,-0.008170428716190448
885aeed2512341ccbf84ca64d4e58ded,1.1231127645157233,3.7947331922020573,3.7947331922020573,0.3000000000000007,0.2542211424411135,0.40020362876038174,0.23745693930996994,0.02188882827758798,4.97123759602743,10.866462165764904,10.866462165764904,0.3000000000000007,0.8004693908571068,1.1623463683571125,0.5201068604356105,0.03028807640075648,1.1231127645157233,4.97123759602743,-3.848124831511707,-0.5462482484159933
8887f956960c40df8e801576ad31ac93,0.0,0.0,0.0,0.0,0.011778749532398682,0.018536437888320708,0.011742772499307823,0.0016868591308596415,0.22499999999999987,1.1999999999999993,1.1999999999999993,0.0,0.04796848037622477,0.07561818633244459,0.034340741448846294,0.0017485141754143285,0.0,0.22499999999999987,-0.22499999999999987,-0.03618973084382608
888dd9afb9bc43e2bfbc5e92835a2b26,1.2310660171779821,3.599999999999998,1.2000000000000028,0.07500000000000018,0.21322553968696623,0.41398726173435707,0.12041292389678418,0.02366766929626296,1.2310660171779821,3.599999999999998,1.2000000000000028,0.07500000000000018,0.19943587910327248,0.3987040018129911,0.11721580255983083,0.0224481582641598,1.2310660171779821,1.2310660171779821,0.0,0.013789660583693741
88a6b5e35eb44deba6b1065d74b0a3c4,12.149999999999999,25.199999999999996,25.199999999999996,0.0,1.4722975918027679,2.1416144605291763,0.8917305283593188,0.02434487342834446,13.134604550568305,28.824989158714352,28.824989158714352,0.3750000000000009,1.6229315733000353,2.3603522629025595,0.9489607077218967,0.026864576339722834,12.149999999999999,13.134604550568305,-0.9846045505683065,-0.15063398149726748
88c4bf6c96624c9baf7ca0f98c790034,2.6266434323613104,6.000000000000001,6.000000000000001,1.425,0.2600483420641261,0.37997166974796137,0.1864436453892199,0.089740562438966,2.6266434323613104,6.000000000000001,6.000000000000001,1.425,0.2600483420641261,0.37997166974796137,0.1864436453892199,0.089740562438966,2.6266434323613104,2.6266434323613104,0.0,0.0
894616d89edf41b8bbfd542a150e8fbd,0.375,3.6000000000000014,1.1999999999999957,0.0,0.06534385634455236,0.08610513510670365,0.05977902792434469,0.0026141166687017048,0.375,3.6000000000000014,1.1999999999999957,0.0,0.06534385634455236,0.08610513510670365,0.05977902792434469,0.0026141166687017048,0.375,0.375,0.0,0.0
89910914b61e442f967bea60eb5ed44f,0.22499999999999987,2.3999999999999986,0.0,0.0,0.15119413306635676,0.2898296562957313,0.06371918840910115,0.009515476226805042,0.75,8.399999999999999,0.0,0.0,0.06146926301000433,0.10177972670241604,0.08605817804833762,0.007724761962890625,0.22499999999999987,0.75,-0.5250000000000001,0.08972487005635243
8a0af59b07f543a0a165180a12472d04,0.6621320343559649,1.697056274847718,1.697056274847718,0.3000000000000007,0.04850503995172111,0.07630361726489295,0.018598768002042666,0.013434076309203125,0.7060660171779826,1.697056274847713,1.2000000000000028,0.3000000000000007,0.06152519783291819,0.09884362880435493,0.0673021570840897,0.01744923591613734,0.6621320343559649,0.7060660171779826,-0.04393398282201766,-0.013020157881197078
8ae5818912bf4a8db24b1690d83034ac,11.786851238630511,21.633307652783937,20.43526363911168,0.3750000000000009,1.59680304771061,2.3548197760037786,0.9021846752390386,0.04829421043395987,11.558009605468584,24.029981273400946,22.83155710852854,0.3000000000000007,1.4276936908522342,2.1167492631371876,0.8234521442588082,0.039812564849854404,11.786851238630511,11.558009605468584,0.2288416331619274,0.16910935685837591
8b06ab55378f4342b38c3b25b115e38e,1.9500000000000002,6.0,1.2000000000000028,0.0,0.3692591705719712,0.5680591103594645,0.16800003897674187,0.008466196060179954,1.9500000000000002,6.0,1.2000000000000028,0.0,0.3692591705719712,0.5680591103594645,0.16800003897674187,0.008466196060179954,1.9500000000000002,1.9500000000000002,0.0,0.0
8b17a8d9c23a4a849ec471da90fec39e,0.6750000000000003,2.3999999999999986,0.0,0.0,0.12337906474399062,0.2776597893227575,0.09669904742603806,0.008806943893432617,0.15000000000000013,1.2000000000000028,0.0,0.0,0.10134802822565753,0.14160363047832225,0.10148195425580903,0.005837488174437855,0.6750000000000003,0.15000000000000013,0.5250000000000001,0.02203103651833309
8d1c7b2b85fe4befb66efe9e05e0d939,0.8250000000000002,3.6000000000000014,0.0,0.0,0.1860938880845554,0.35534398263650124,0.02688366229331892,0.0028231143951416016,0.5427050983124843,2.6832815729997477,0.0,0.07500000000000018,0.11565827794039166,0.24792347628393993,0.11174981971715776,0.00372676849365261,0.8250000000000002,0.5427050983124843,0.2822949016875159,0.07043561014416375
8d966583bc7c4627a2437be13761529c,0.15000000000000036,1.2000000000000028,1.2000000000000028,0.0,0.04776211192207601,0.08885567862072327,0.012027095846366747,0.003914451599122071,0.3000000000000007,1.2000000000000028,0.0,0.0,0.07836642804435366,0.11011091861649293,0.029573172975556523,0.003204345703125,0.15000000000000036,0.3000000000000007,-0.15000000000000036,-0.030604316122277653
8ddac045b61a412fb54f4d5870e0516f,2.1842329219213243,9.599999999999994,9.599999999999994,0.07500000000000018,0.23202614705578778,0.42372834369553236,0.06052400526236313,0.012143611907958984,2.3416593854407832,9.599999999999994,9.599999999999994,0.15000000000000036,0.28858725754051096,0.41311369465975883,0.11495829529689669,0.025784826278685724,2.1842329219213243,2.3416593854407832,-0.15742646351945888,-0.056561110484723176
8de7ec06e1ac48c689c4d24d6cc64fd7,0.39319805153394655,1.697056274847718,1.2000000000000028,0.22499999999999964,0.04206261918425812,0.13464681189333136,0.013451069063334,0.0055541038513182706,0.39319805153394655,1.697056274847718,1.2000000000000028,0.22499999999999964,0.034817045287776696,0.125671566374374,0.017097845724552627,0.004753017425537465,0.39319805153394655,0.39319805153394655,0.0,0.007245573896481422
8df9376254584396bdfaa521242b4757,0.375,2.4000000000000057,1.1999999999999957,0.0,0.03556889707780729,0.09279393052900402,0.017898280929387042,0.003682851791381392,0.375,2.4000000000000057,1.1999999999999957,0.0,0.03556889707780729,0.09279393052900402,0.017898280929387042,0.003682851791381392,0.375,0.375,0.0,0.0
8e46878ced734164aae0e83567aa02a5,1.1999999999999997,3.6000000000000014,1.1999999999999957,0.0,0.1845119462368131,0.2676508466111294,0.12373097951653304,0.01061782836914027,1.1999999999999997,3.6000000000000014,1.1999999999999957,0.0,0.1845119462368131,0.2676508466111294,0.12373097951653304,0.01061782836914027,1.1999999999999997,1.1999999999999997,0.0,0.0
8ef17257025146b19306abed70229687,0.2999999999999998,1.1999999999999993,1.1999999999999993,0.0,0.19300357044477567,0.23557040716166897,0.18249871560443662,0.0051054954528813035,0.8999999999999997,3.599999999999998,0.0,0.0,0.08776704561852061,0.14045576738277857,0.06980821796710802,0.0049921989440919745,0.2999999999999998,0.8999999999999997,-0.5999999999999999,0.10523652482625506
8ef8d4b6b837492dab9785c3e33d936b,2.6999999999999993,6.0,6.0,0.0,0.455101728445917,0.6899917505849943,0.21978861909971406,0.007922744750977984,2.6999999999999993,6.0,6.0,0.0,0.455101728445917,0.6899917505849943,0.21978861909971406,0.007922744750977984,2.6999999999999993,2.6999999999999993,0.0,0.0
8ffab42b57d14c6cb0486620d8675a74,0.6621320343559641,1.6970562748477156,1.2000000000000028,0.44999999999999996,0.10667331763689791,0.19188171674259905,0.14230527657821465,0.08332557678222674,0.5871320343559635,1.6970562748477156,0.0,0.2999999999999996,0.06993815173890358,0.12821290335394453,0.09920042756813793,0.04983615875244096,0.6621320343559641,0.5871320343559635,0.07500000000000062,0.03673516589799433
901cfd30cb2a4fdba55095f9ec0fed34,4.724999999999998,8.399999999999999,8.399999999999999,0.0,0.8188981412700531,1.311411869091045,0.5342657176106173,0.015828609466552734,5.399999999999999,9.599999999999998,9.599999999999998,0.0,0.9260357411015127,1.4071469955961415,0.6117314005653877,0.020438289642334073,4.724999999999998,5.399999999999999,-0.6750000000000007,-0.10713759983145954
903d85bfc48b437ea725fe1c32bf3401,1.8916593854407837,6.118823416311343,3.6000000000000014,0.15000000000000036,0.2561490079738443,0.5006438733045316,0.10088478549699505,0.0160828113555902,1.8916593854407837,6.118823416311343,3.6000000000000014,0.15000000000000036,0.2561490079738443,0.5006438733045316,0.10088478549699505,0.0160828113555902,1.8916593854407837,1.8916593854407837,0.0,0.0
9124545509cb45e1b79168bead041f06,1.7219226701628534,3.794733192202054,2.3999999999999986,0.3750000000000009,0.3899178754529928,0.7885333546677525,0.056368800713183245,0.05481233596801838,1.5749999999999993,3.6000000000000014,2.3999999999999986,0.0,0.10471323718711673,0.2631498561548427,0.15020218717843647,0.016442441940308417,1.7219226701628534,1.5749999999999993,0.1469226701628541,0.28520463826587605
9157f0c9ea4441a89b91d623f0157fce,4.965215388051272,14.449913494550753,9.600000000000001,0.22500000000000053,0.6536388886067235,1.0444645892360218,0.5115834068929741,0.011332511901855913,4.965215388051272,14.449913494550753,9.600000000000001,0.22500000000000053,0.6536388886067235,1.0444645892360218,0.5115834068929741,0.011332511901855913,4.965215388051272,4.965215388051272,0.0,0.0
917a76cd5f564387bcacc22537010630,16.725,34.8,34.8,0.0,2.249948912338189,3.247658502651974,1.3499672383208103,0.026374769210814275,0.07499999999999996,1.1999999999999993,0.0,0.0,0.17647804672910236,0.3009255215035706,0.24533741564020667,0.014130878448487483,16.725,0.07499999999999996,16.650000000000002,2.0734708656090866
9253e18a84404e25b1eb4433905ad579,3.5249999999999995,7.199999999999999,7.199999999999999,0.0,0.20370466301208168,0.5098820383285729,0.05756304548941963,0.011063718795776278,3.5249999999999995,7.199999999999999,7.199999999999999,0.0,0.20370466301208168,0.5098820383285729,0.05756304548941963,0.011063718795776278,3.5249999999999995,3.5249999999999995,0.0,0.0
9281ea172d9e43528e65fca81e2006d4,3.674999999999999,7.199999999999999,4.800000000000001,0.0,0.24199470737284368,0.34748706473136737,0.2580165962793098,0.01461782455444327,3.599999999999999,7.199999999999999,3.6000000000000014,0.0,0.2580680843533441,0.3424369945947976,0.2762545180659613,0.013522911071776722,3.674999999999999,3.599999999999999,0.07499999999999973,-0.01607337698050043
92c817e6a1b4445ea8505dca77d023bf,1.5335745709465818,4.947726750741191,0.0,0.3000000000000007,0.20661822565682286,0.36531020939756825,0.1400416872432452,0.010389518737792702,1.011512473537886,3.7947331922020573,3.7947331922020573,0.3750000000000009,0.13436179206858692,0.26697584026221005,0.10009149981674142,0.014947128295898171,1.5335745709465818,1.011512473537886,0.5220620974086958,0.07225643358823594
938d0ee9763d44b6a01b7dbbe2240c85,1.260941940003095,3.7947331922020573,3.7947331922020573,0.22500000000000053,0.1440075947208001,0.24069659865953058,0.09971554525529765,0.012582349777219726,0.8725810211375973,3.7947331922020573,3.7947331922020573,0.3000000000000007,0.05445276050252144,0.11402123086415653,0.06797074312954471,0.019056558609008345,1.260941940003095,0.8725810211375973,0.38836091886549773,0.08955483421827867
93d437c833f24dd9b14a406d199113ff,0.5999999999999994,2.3999999999999986,0.0,0.0,0.15538678531353137,0.2955203739611486,0.02467817498596083,0.006899070739746271,2.3999999999999995,7.199999999999999,1.1999999999999957,0.0,0.40008581926557285,0.6871901240634064,0.15308473336653178,0.008013153076170898,0.5999999999999994,2.3999999999999995,-1.8,-0.24469903395204148
947147c686d04c168ee8604b2f43bd46,3.24786657521315,9.600000000000001,9.600000000000001,0.22500000000000053,0.42723238672093594,0.6040148373268457,0.3381621077772092,0.02226219177246147,3.0246730336150156,7.29931503635786,7.200000000000003,0.22500000000000053,0.44416508733204557,0.6139204872327902,0.35641639897985367,0.02183003425598251,3.24786657521315,3.0246730336150156,0.22319354159813454,-0.01693270061110963
94b913a2bb1e4f18bc10509f644d539e,4.874999999999998,8.399999999999999,8.399999999999999,0.0,0.8252639413581879,1.3485768749583562,0.4675549996634021,0.015461683273315874,4.424999999999999,8.399999999999999,8.399999999999999,0.0,0.6602561266383897,1.2159398627046836,0.36889972029579027,0.007746648788452326,4.874999999999998,4.424999999999999,0.4499999999999993,0.1650078147197982
94e396a143d64345a09f671443f942bc,5.624999999999998,8.399999999999999,8.399999999999999,0.0,1.1873101135693933,1.6576797104254728,0.7955743854333437,0.03532118797302264,5.624999999999998,8.399999999999999,8.399999999999999,0.0,1.2207785419395345,1.6803317182679025,0.8317890882416085,0.03629965782165545,5.624999999999998,5.624999999999998,0.0,-0.03346842837014119
95024749968b4c5db7c4830da4d2d475,1.804837132668449,7.200000000000003,7.200000000000003,0.22500000000000053,0.36605608830606345,0.6935922757469648,0.13258338964202815,0.02348299026489231,1.804837132668449,7.200000000000003,7.200000000000003,0.22500000000000053,0.36605608830606345,0.6935922757469648,0.13258338964202815,0.02348299026489231,1.804837132668449,1.804837132668449,0.0,0.0
950d6f7fe8ca41538582327bf45afcc1,2.3249999999999993,6.0,2.3999999999999986,0.0,0.3734138632869631,0.6918319856204829,0.16912552717340756,0.008440160751343129,1.0499999999999998,3.6000000000000014,0.0,0.0,0.2835462448320995,0.43107225694108714,0.3892811140791886,0.008078956604004706,2.3249999999999993,1.0499999999999998,1.2749999999999995,0.08986761845486357
9568f067471847f3b10432b4e53a43ba,0.07499999999999996,1.1999999999999993,0.0,0.0,0.015398999445283758,0.023837362820881745,0.013331084161040993,0.0036990165710446554,0.07499999999999996,1.1999999999999993,0.0,0.0,0.013139882812849177,0.024946105875718723,0.0157404486462591,0.005502319335937145,0.07499999999999996,0.07499999999999996,0.0,0.0022591166324345806
9573d00b8d3d4ca5badde36566ed0c84,0.44999999999999973,4.799999999999997,0.0,0.0,0.04582328325322217,0.07763367578328077,0.038255334776291734,0.004538869857788619,5.475,13.199999999999996,13.199999999999996,0.0,0.7501032113985846,1.0547356836220245,0.5250092154075557,0.013442230224609553,0.44999999999999973,5.475,-5.025,-0.7042799281453624
9577cf1a1f31414d90358bd7b104b615,3.7499999999999982,8.399999999999999,8.399999999999999,0.0,0.6494619197582072,1.0504923854561918,0.3824530165866264,0.013963794708252042,3.7499999999999982,8.399999999999999,8.399999999999999,0.0,0.6494619197582072,1.0504923854561918,0.3824530165866264,0.013963794708252042,3.7499999999999982,3.7499999999999982,0.0,0.0
971fe52375054e499551b963e85e1fcf,0.6749999999999998,3.6000000000000014,1.1999999999999957,0.0,0.11894452488661458,0.15216508977642115,0.08181783486169307,0.004403114318847212,0.6749999999999998,3.6000000000000014,1.1999999999999957,0.0,0.11894452488661458,0.15216508977642115,0.08181783486169307,0.004403114318847212,0.6749999999999998,0.6749999999999998,0.0,0.0
98592cf269d34c80bdb23c6fa2708db8,2.4749999999999988,3.599999999999998,3.599999999999998,0.0,0.4867217462299571,0.6898638196960384,0.28824420496856773,0.008793640136719016,2.2499999999999987,3.599999999999998,3.599999999999998,0.0,0.35078947031729085,0.5389223033890644,0.1756714351628979,0.0037057399749742537,2.4749999999999988,2.2499999999999987,0.2250000000000001,0.13593227591266627
98a8d1c359d54ed19060d3f0f5867468,2.3249999999999993,5.9999999999999964,5.9999999999999964,0.0,0.43031466632437876,0.5932835792469918,0.37251954914307794,0.006517124176025568,0.1499999999999999,1.1999999999999993,0.0,0.0,0.1484667679024604,0.24050272563756,0.13306297130573186,0.005934476852416992,2.3249999999999993,0.1499999999999999,2.1749999999999994,0.2818478984219184
995b3a75250b4fc5a5b785f90b5e739e,0.6750000000000003,3.599999999999998,2.3999999999999986,0.0,0.07036151910001229,0.17788785911153732,0.023338220102902534,0.009284877777099076,1.5000000000000002,8.399999999999999,8.399999999999999,0.0,0.05096282829373466,0.122138574227711,0.03829109968524454,0.007406330108642667,0.6750000000000003,1.5000000000000002,-0.825,0.019398690806277624
99ccc70f143b41bf87ef7be9dc4d850a,2.8499999999999983,4.799999999999997,3.599999999999998,0.0,0.6091862335850828,0.8684022375123902,0.357376098816047,0.013761949539184748,2.8499999999999983,4.799999999999997,3.599999999999998,0.0,0.6572325176315936,0.9385094031248521,0.39848076013146677,0.01605734825134153,2.8499999999999983,2.8499999999999983,0.0,-0.04804628404651079
9a2209d8b19045f4a0d52af5d5c23a78,4.177040414789232,7.200000000000003,7.200000000000003,0.3750000000000009,0.7941301665005458,1.1597526500414408,0.6707303923400824,0.06308612823486337,3.795745395459211,7.200000000000003,7.200000000000003,0.3000000000000007,0.7389898679944416,1.0838680838979018,0.6142441635101222,0.05947494506835893,4.177040414789232,3.795745395459211,0.3812950193300213,0.055140298506104246
9a95f1a1e26843fa91963c1131b3c53c,0.6000000000000001,2.3999999999999986,1.2000000000000028,0.0,0.11498403762765418,0.2576632715433429,0.016465611174793757,0.004417562484740678,0.5999999999999999,4.799999999999997,4.799999999999997,0.0,0.10300741342026873,0.19175158674350834,0.12479170646537645,0.003434371948241477,0.6000000000000001,0.5999999999999999,2.220446049250313e-16,0.011976624207385447
9bbe4968739d429b9e6a05b60690c67e,2.562170824512628,6.0,6.0,0.07500000000000018,0.39090367309090457,0.6037821021924851,0.16519785348072744,0.007428503036498224,2.562170824512628,6.0,6.0,0.07500000000000018,0.39090367309090457,0.6037821021924851,0.16519785348072744,0.007428503036498224,2.562170824512628,2.562170824512628,0.0,0.0
9be682790a634b91b334b633fa43010a,5.388867609679189,13.199999999999996,13.199999999999996,0.5250000000000012,0.8025672907687067,1.4715934936520163,0.2771999981154409,0.09483146667480469,4.394270321647102,9.599999999999994,6.0,0.3750000000000009,0.760351595763569,1.3644415106512928,0.3531021223245475,0.06655797958374032,5.388867609679189,4.394270321647102,0.9945972880320868,0.042215695005137666
9c2cb01fe74e49e1b9d3b8ae3fa72299,1.125,4.799999999999997,4.799999999999997,0.0,0.16165195847206262,0.2606677745734921,0.09873082574049853,0.0019533634185782134,1.1999999999999997,4.799999999999997,4.799999999999997,0.0,0.17624311618942948,0.2351381828225141,0.10341867964692038,0.003228521347045543,1.125,1.1999999999999997,-0.07499999999999973,-0.014591157717366854
9c3458157e3641dead10c9d1bfa06c5b,0.6749999999999996,3.6000000000000014,3.6000000000000014,0.0,0.16555981424794025,0.38102719504050875,0.032997105804610474,0.005354547500610263,0.675,3.6000000000000014,3.6000000000000014,0.0,0.17671755668823425,0.40477079875424427,0.0519803392967142,0.004273509979246803,0.6749999999999996,0.675,-4.440892098500626e-16,-0.011157742440293994
9c6aa2cb631841abb2cd4bebea86d03f,1.1560660171779824,4.799999999999997,4.799999999999997,0.15000000000000036,0.19910618909784275,0.30774236002262184,0.21108528701993878,0.009655809402465909,1.544643118546293,4.947726750741191,4.799999999999997,0.22500000000000053,0.2686746887456808,0.42919473591007995,0.3324606120534365,0.015089321136473544,1.1560660171779824,1.544643118546293,-0.3885771013683106,-0.06956849964783804
9c75ddb5976343c3b7b33e8148d3eeb0,0.0,0.0,0.0,0.0,0.45875413587390484,0.6684290157279661,0.3830381867739365,0.01399083137512136,0.0,0.0,0.0,0.0,0.5200597846371806,0.7609978350846961,0.44377261774466387,0.013883256912230468,0.0,0.0,0.0,-0.061305648763275766
9cae01630a3c475080fedef5d59297be,4.874999999999998,8.399999999999999,8.399999999999999,0.0,0.8571795932544651,1.3748663406608452,0.5244501184859774,0.01915369033813663,4.424999999999999,8.399999999999999,8.399999999999999,0.0,0.7282858517513418,1.2513538856218078,0.43311927732339583,0.011945486068726918,4.874999999999998,4.424999999999999,0.4499999999999993,0.12889374150312338
9ce5d3ae2cce4a0aaea1626e752f65d9,10.370628907307815,22.83155710852854,22.83155710852854,0.5250000000000012,1.366288135560253,2.210423308328712,0.7089581440068669,0.051786947250367366,10.520628907307813,22.83155710852854,22.83155710852854,0.5250000000000012,1.370690522041133,2.2394558135000415,0.7011931242220119,0.05177493095397967,10.370628907307815,10.520628907307813,-0.14999999999999858,-0.004402386480879983
9d0e1d796b20401a862602bb02d613b4,1.0592329219213235,4.947726750741191,4.947726750741191,0.07500000000000018,0.0885219842161502,0.19880227249207713,0.14219827004703453,0.005065011978150569,1.6574264635194595,6.118823416311343,6.118823416311343,0.07500000000000018,0.27151461052867154,0.5814730627357858,0.05473940711013491,0.0075129032135015095,1.0592329219213235,1.6574264635194595,-0.5981935415981361,-0.18299262631252133
9d601e6912d04c77951c173f6012ee6f,0.4500000000000004,3.6000000000000014,3.6000000000000014,0.0,0.12443903329696906,0.30719680740562705,0.036163450892771586,0.01498346328735467,0.4500000000000004,3.6000000000000014,3.6000000000000014,0.0,0.12443903329696906,0.30719680740562705,0.036163450892771586,0.01498346328735467,0.4500000000000004,0.4500000000000004,0.0,0.0
9e28820bd2ba4eb480e1b9079f17c30c,1.2412332357363418,3.3941125496954285,1.6970562748477156,0.6750000000000007,0.12170956246306273,0.2654868300061933,0.04402371874523189,0.05979423522949334,1.1351672185583594,3.3941125496954285,1.6970562748477156,0.6000000000000005,0.12294713724179465,0.24215783362067891,0.07970448183283783,0.05266857147216841,1.2412332357363418,1.1351672185583594,0.10606601717798236,-0.0012375747787319175
9e527ac110c84d6daa076e018aeb7a53,1.0562071897723666,7.29931503635786,0.0,0.07500000000000018,0.08431456287927805,0.21218737041230903,0.05851915946381075,0.008352327346802024,1.0562071897723666,7.29931503635786,0.0,0.07500000000000018,0.08431456287927805,0.21218737041230903,0.05851915946381075,0.008352327346802024,1.0562071897723666,1.0562071897723666,0.0,0.0
9e9808fe898648e1b0bbf09b1a30f0d4,5.474999999999998,8.399999999999999,8.399999999999999,0.0,1.158704519554874,1.5806256741608005,0.8120932435812879,0.03408679962158212,5.624999999999998,8.399999999999999,8.399999999999999,0.0,1.2001064235428367,1.6135031444484151,0.8483644416065903,0.03536109924316477,5.474999999999998,5.624999999999998,-0.15000000000000036,-0.04140190398796273
9f3355442ce347be804a9880d086ca8f,0.7152989390993073,4.9477267507411975,4.9477267507411975,0.15000000000000036,0.21862211975812545,0.33938197652713636,0.03501611444036013,0.03331403732299831,1.8092329219213252,4.9477267507411975,4.9477267507411975,0.07500000000000018,0.13956396024580553,0.29485812029495534,0.056929549001774146,0.047632312774657404,0.7152989390993073,1.8092329219213252,-1.0939339828220178,0.07905815951231993
9faf87fc638c492d87ccbdb48388450c,1.9553300858899103,8.48528137423857,8.48528137423857,0.07500000000000018,0.4272878865684012,0.7437099201183013,0.2461391990812701,0.016215562820434126,1.725,4.800000000000004,0.0,0.0,0.4345643871324451,0.7557578033300747,0.2539680584769961,0.011869668960572177,1.9553300858899103,1.725,0.23033008588991022,-0.007276500564043886
9fbc6ac2c75c479cbc125a7a50bbaf64,4.424999999999999,8.399999999999999,8.399999999999999,0.0,0.72597446787166,1.2075664864580384,0.4040357635231542,0.011681985855101829,4.349999999999999,8.399999999999999,8.399999999999999,0.0,0.6896872739116766,1.1394393516789583,0.4232827864792082,0.008045768737793058,4.424999999999999,4.349999999999999,0.07500000000000018,0.036287193959983366
a0197f52509f48feb1292b78c9188d1f,0.44999999999999996,2.3999999999999986,0.0,0.0,0.08566883566475704,0.11783881365672806,0.062045296360404865,0.003330087661744141,0.44999999999999996,2.3999999999999986,0.0,0.0,0.08189071185431634,0.10922508616183935,0.06335794520752898,0.00299191474914684,0.44999999999999996,0.44999999999999996,0.0,0.003778123810440695
a05edf71b4b14052bb477918d0997c88,0.825,2.3999999999999986,0.0,0.0,0.10264435541875269,0.21766701809580188,0.05680620992801494,0.009678268432616655,0.37500000000000044,1.2000000000000028,0.0,0.0,0.0442954380370663,0.1415117532800825,0.01767873166419538,0.008188104629515802,0.825,0.37500000000000044,0.4499999999999995,0.05834891738168639
a0c1b7a7cec84f6f8e2955ac370637ad,0.0,0.0,0.0,0.0,0.01743715099227357,0.04423991943951268,0.012334784246228246,0.0032429695129403413,0.0,0.0,0.0,0.0,0.01743715099227357,0.04423991943951268,0.012334784246228246,0.0032429695129403413,0.0,0.0,0.0,0.0
a0cf9d95c8af48b9aa1aaedc52d1b41c,2.8499999999999996,4.800000000000004,4.799999999999997,0.0,0.4962089796133061,0.8010686076553235,0.24122447470563171,0.00598411560058576,2.9249999999999994,6.0,4.799999999999997,0.0,0.511991965678155,0.8268833939904413,0.25685281815915645,0.005490589141845081,2.8499999999999996,2.9249999999999994,-0.07499999999999973,-0.015782986064848847
a0edf6edd121431785948038c54e036e,1.8,3.6000000000000014,3.6000000000000014,0.0,0.18405801654125564,0.3356406977181789,0.07664423584771442,0.006720829010009144,1.9500000000000002,3.6000000000000014,3.6000000000000014,0.0,0.2478899178925951,0.3521311523213695,0.1611271270919338,0.007576704025268555,1.8,1.9500000000000002,-0.15000000000000013,-0.06383190135133945
a27511294c014c34bea679aae0d35735,1.0499999999999996,2.3999999999999986,1.2000000000000028,0.0,0.06627398170648108,0.1828177746054249,0.04192029979141777,0.009121942520140536,1.287170824512628,3.7947331922020506,3.6000000000000014,0.07500000000000018,0.13026031824879108,0.19810345533823467,0.07995673763550948,0.018584203720092507,1.0499999999999996,1.287170824512628,-0.2371708245126285,-0.06398633654231001
a3037fd8331e47d48357d5250fbd8aa6,0.15000000000000013,1.2000000000000028,0.0,0.0,0.044573615073460755,0.07502500722043937,0.039768330899087774,0.007050132751464933,1.4249999999999998,3.5999999999999943,2.3999999999999986,0.0,0.14690683628281548,0.29587406575044944,0.046182307498732214,0.010798788070679244,0.15000000000000013,1.4249999999999998,-1.2749999999999997,-0.10233322120935473
a442b57b3e044dbcbe729bf3db01af36,1.581207189772367,7.299315036357867,2.3999999999999986,0.07500000000000018,0.19376482876477158,0.37587942561143706,0.023611773680606553,0.011457109451296077,0.9184658438426492,4.9477267507411975,1.1999999999999957,0.15000000000000036,0.09720955612258972,0.2630607681849917,0.014321122391249781,0.014389514923096591,1.581207189772367,0.9184658438426492,0.6627413459297178,0.09655527264218186
a62e12cf09b94b25a116bf70cf35e861,1.7493416490252576,3.7947331922020573,0.0,0.15000000000000036,0.2616084373830108,0.5370915577387898,0.07975764271858968,0.019201326370238636,1.7493416490252576,3.7947331922020573,0.0,0.15000000000000036,0.2616084373830108,0.5370915577387898,0.07975764271858968,0.019201326370238636,1.7493416490252576,1.7493416490252576,0.0,0.0
a687809bdfff490198d3b39bfc4bd42b,1.0113961030678935,1.6970562748477156,1.6970562748477156,0.5250000000000008,0.2783574729250988,0.5158495380185866,0.07439209203521854,0.045973062515258345,1.0113961030678935,1.6970562748477156,1.6970562748477156,0.5250000000000008,0.2732127757941622,0.5026764160257263,0.07483508201273521,0.045992660522460316,1.0113961030678935,1.0113961030678935,0.0,0.005144697130936626
a71b19643dbc488e97323303442d1a21,0.7691874611502658,4.3266615305567875,0.0,0.2999999999999998,0.14622666952634017,0.3753539178626375,0.08063207546607788,0.0654544830322279,0.7691874611502658,4.3266615305567875,0.0,0.2999999999999998,0.14622666952634017,0.3753539178626375,0.08063207546607788,0.0654544830322279,0.7691874611502658,0.7691874611502658,0.0,0.0
a7795dcadad44c1c85fa27eef18366f6,3.45,7.200000000000003,7.200000000000003,0.0,0.8308853569480559,1.2750910842380325,0.6021356012163125,0.021943330764770508,3.225,7.200000000000003,7.200000000000003,0.0,0.6980475288743173,1.141164466155421,0.4970408531408859,0.01949172019958567,3.45,3.225,0.2250000000000001,0.13283782807373856
a79c34821835458ca58d97b687602ab1,2.924999999999998,4.799999999999997,4.799999999999997,0.0,0.5710397669331932,0.7871792739301247,0.3510475842687997,0.010551309585571822,3.1499999999999986,8.399999999999999,8.399999999999999,0.0,0.5830318376469517,0.8911599530882327,0.2996752243839399,0.015610885620118253,2.924999999999998,3.1499999999999986,-0.22500000000000053,-0.011992070713758407
a92511954d004ec9922e75be59fbb109,2.55,8.399999999999999,3.6000000000000014,0.0,0.26082988418005393,0.5291209019527733,0.03374925661323784,0.010297250747679954,2.0999999999999996,7.199999999999996,2.3999999999999986,0.0,0.2351832513393134,0.4830590888743088,0.03173129448649726,0.009360265731810813,2.55,2.0999999999999996,0.4500000000000002,0.025646632840740535
a9549839ca344c5d81df2325736374bf,3.149999999999998,4.799999999999997,4.799999999999997,0.0,0.7875992079312797,1.0528174715499468,0.49083740711624846,0.012994337081909002,2.9999999999999982,4.799999999999997,4.799999999999997,0.0,0.7627962578228527,1.028718023133633,0.4708975813907401,0.011603736877441317,3.149999999999998,2.9999999999999982,0.1499999999999999,0.024802950108427035
a9b8176bf0b546a4bc46afc631979805,2.9533024014265177,9.674709297958257,0.0,0.3750000000000009,0.24814592878699304,0.3895459927964847,0.12289483658985598,0.044415378570556996,3.028302401426518,9.674709297958257,0.0,0.3750000000000009,0.7705873558527201,1.1195505953618239,0.4012626614780962,0.018541145324707298,2.9533024014265177,3.028302401426518,-0.07500000000000018,-0.522441427065727
a9e6b3566fcd4effb8847e22a2a4577e,2.25,4.799999999999997,4.799999999999997,0.0,0.3054249667986376,0.37930049757315354,0.2021144034926316,0.004295682907104137,2.25,4.799999999999997,4.799999999999997,0.0,0.3054249667986376,0.37930049757315354,0.2021144034926316,0.004295682907104137,2.25,2.25,0.0,0.0
a9e8805b699142f78346ca02570450f9,0.0,0.0,0.0,0.0,0.06336367200508092,0.10258387157898402,0.0934652535265538,0.006005287170409712,0.44999999999999996,2.3999999999999986,2.3999999999999986,0.0,0.06301733926772926,0.09300993474022101,0.07677017249581615,0.003653669357299716,0.0,0.44999999999999996,-0.44999999999999996,0.0003463327373516567
aa126aada7ec4a46b23162e57a7a023f,4.649999999999999,8.399999999999999,8.399999999999999,0.0,0.76465798169151,1.358527764365389,0.3500312050497668,0.011524343490599609,4.424999999999999,8.399999999999999,8.399999999999999,0.0,0.7098474441655946,1.223080539399256,0.38211920958304185,0.011375570297240234,4.649999999999999,4.424999999999999,0.22499999999999964,0.05481053752591536
aaac0015dd724fbfa7c52edc33a64dc1,2.7749999999999986,4.799999999999997,4.799999999999997,0.0,0.502956620511302,0.7258384731182084,0.29989912965177656,0.007258701324463601,3.224999999999998,8.399999999999999,8.399999999999999,0.0,0.6168426370739067,0.8795347501429628,0.377870290026678,0.0113156318664549,2.7749999999999986,3.224999999999998,-0.4499999999999993,-0.11388601656260477
aadec83b3fa24b9c87651c3d2ac53035,0.5250000000000004,2.3999999999999986,0.0,0.0,0.035400161715598955,0.09079345194399811,0.013912049531438288,0.001980543136597568,0.5250000000000004,2.3999999999999986,0.0,0.0,0.035400161715598955,0.09079345194399811,0.013912049531438288,0.001980543136597568,0.5250000000000004,0.5250000000000004,0.0,0.0
abccb4eda68e441d893861429fdd5605,0.5999999999999999,3.6000000000000014,0.0,0.0,0.11328448085321174,0.20847495247684034,0.005645562916247316,0.002250480651855735,0.07500000000000018,1.2000000000000028,0.0,0.0,0.029904317984686252,0.0567797047755987,0.02548032381543572,0.0020500659942630506,0.5999999999999999,0.07500000000000018,0.5249999999999997,0.0833801628685255
ac22e12d11f84b6a98faa260bdaa64ff,0.5249999999999995,1.2000000000000028,1.1999999999999957,0.0,0.1089689578918333,0.23299139945074715,0.040512143991722746,0.005506181716919745,0.0,0.0,0.0,0.0,0.0712734508558778,0.1308461601008737,0.06875970411968345,0.0057370662689213425,0.5249999999999995,0.0,0.5249999999999995,0.037695507035955506
ac83bf9a407f40ec8182fb5d2ba88444,0.2999999999999996,2.3999999999999986,0.0,0.0,0.07970642431237862,0.13391178738834839,0.0179248283383986,0.008542013168335583,0.3750000000000002,2.3999999999999986,0.0,0.0,0.10529281157376859,0.1759750329974864,0.06966871127654772,0.004833698272705078,0.2999999999999996,0.3750000000000002,-0.07500000000000062,-0.025586387261389967
ad61033aa6e44659966bb4065f50abbc,0.8250000000000002,4.799999999999997,4.799999999999997,0.0,0.07545768283920179,0.11452931388328724,0.11452931388328724,0.0022175788879406078,0.15000000000000036,1.2000000000000028,0.0,0.0,0.03649143303609631,0.0923474621480467,0.04068708562224868,0.004486083984374556,0.8250000000000002,0.15000000000000036,0.6749999999999998,0.03896624980310548
ae3d3b5cb4424e7ab501a5d6f0a4980a,6.8249999999999975,16.8,16.8,0.0,1.3189696148891137,1.7142847839574795,1.01894022801232,0.03571043014526287,5.549999999999999,9.599999999999998,9.599999999999998,0.0,1.1282526724315596,1.5269061301222422,0.8676850197074272,0.02964105606079004,6.8249999999999975,5.549999999999999,1.2749999999999986,0.1907169424575541
ae4e0c3aa3f24c91aab599e8b54e9264,0.10606601717798222,1.6970562748477156,0.0,0.07500000000000018,0.0462221854614879,0.11897792388926204,0.05733007901876157,0.025209903717039683,0.10606601717798222,1.6970562748477156,0.0,0.07500000000000018,0.0462221854614879,0.11897792388926204,0.05733007901876157,0.025209903717039683,0.10606601717798222,0.10606601717798222,0.0,0.0
aee1e33b4ca74ae4a761fa072f92b577,1.5934658438426483,4.947726750741191,2.3999999999999986,0.15000000000000036,0.24974385605259122,0.5327830333799646,0.05680597808553202,0.016795778274536044,1.5993416490252566,3.7947331922020573,3.6000000000000014,0.15000000000000036,0.24665455709498268,0.5226638945855895,0.0437600029107014,0.017596149444580433,1.5934658438426483,1.5993416490252566,-0.005875805182608218,0.0030892989576085383
b006ca82a2654951ae8f42300f66f3c4,5.6999999999999975,10.799999999999997,10.799999999999997,0.0,0.3513159695830824,0.7076230913577973,0.311864235669438,0.0117317676544193,3.8999999999999986,8.399999999999999,8.399999999999999,0.0,0.11804589228632195,0.30711065786717484,0.12545548367591414,0.015653657913208274,5.6999999999999975,3.8999999999999986,1.799999999999999,0.23327007729676047
b008a79c9b33493ea958075001f1d72a,0.07499999999999996,1.1999999999999993,0.0,0.0,0.02028516151230183,0.030718443011215207,0.013044851929316759,0.0006657600402828479,0.07499999999999996,1.1999999999999993,0.0,0.0,0.02028516151230183,0.030718443011215207,0.013044851929316759,0.0006657600402828479,0.07499999999999996,0.07499999999999996,0.0,0.0
b04b95006e24460bacaaf80e299dff01,3.5999999999999988,8.399999999999999,8.399999999999999,0.0,0.6690223411634423,1.0650717798472267,0.3961020801618858,0.014812803268432262,3.5999999999999988,8.399999999999999,8.399999999999999,0.0,0.6690223411634423,1.0650717798472267,0.3961020801618858,0.014812803268432262,3.5999999999999988,3.5999999999999988,0.0,0.0
b0a2fb669af14c0289675261bee29949,3.7499999999999982,8.399999999999999,8.399999999999999,0.0,0.6441045477072367,1.0433931668910714,0.3786682544441134,0.013636350631712979,3.7499999999999982,8.399999999999999,8.399999999999999,0.0,0.6441045477072367,1.0433931668910714,0.3786682544441134,0.013636350631712979,3.7499999999999982,3.7499999999999982,0.0,0.0
b0c254b0902d464798cc86878317ec06,0.6750000000000003,3.6000000000000014,3.6000000000000014,0.0,0.1093706052379805,0.22171617674481184,0.04693006564972304,0.0031501293182363277,0.6750000000000003,3.6000000000000014,3.6000000000000014,0.0,0.1093706052379805,0.22171617674481184,0.04693006564972304,0.0031501293182363277,0.6750000000000003,0.6750000000000003,0.0,0.0
b10f0cd792b64d16a1a5e8349b20504c,0.0,0.0,0.0,0.0,0.0992943810901088,0.19469074052167948,0.19469074052167948,0.0032485485076900744,0.0,0.0,0.0,0.0,0.12742742928823309,0.27651751661520213,0.15203795971587925,0.0033182144165038174,0.0,0.0,0.0,-0.02813304819812429
b11dc3efe66e4cf4b316b6c11b9b0158,0.9000000000000001,4.799999999999997,4.799999999999997,0.0,0.1061200613016019,0.1583340888385805,0.09388624941141527,0.007387447357178001,0.825,4.799999999999997,4.799999999999997,0.0,0.09303708748194602,0.1363679082203507,0.09931265435685202,0.006852006912231534,0.9000000000000001,0.825,0.07500000000000018,0.013082973819655883
b13f8b7a3b5d40f197d11b1f68100015,1.9500000000000004,4.799999999999997,1.2000000000000028,0.0,0.34336554521571594,0.5610759363903578,0.13255218778023173,0.0071084976196282845,1.8310660171779827,4.799999999999997,1.2000000000000028,0.07500000000000018,0.32953451227240205,0.48778597199516893,0.15912183091179277,0.015112209320068182,1.9500000000000004,1.8310660171779827,0.11893398282201773,0.013831032943313892
b143df90cc734dd780de782bdd261ab1,4.05,9.599999999999994,8.399999999999999,0.0,0.5050163239405411,0.8598049422605897,0.24386827997421956,0.0068075180053721596,4.05,9.599999999999994,8.399999999999999,0.0,0.5050163239405411,0.8598049422605897,0.24386827997421956,0.0068075180053721596,4.05,4.05,0.0,0.0
b1eea1e3d59e4afdaa6d29481480d974,3.0749999999999984,7.199999999999999,4.799999999999997,0.0,0.867186983250634,1.1246575703958828,0.555287298499305,0.02016005516052255,2.924999999999998,4.799999999999997,4.799999999999997,0.0,0.8363655243096586,1.0940256913142532,0.5298784088518811,0.01876072883606028,3.0749999999999984,2.924999999999998,0.15000000000000036,0.030821458940975432
b214d0d42c404d4f925aa56ee9cac607,0.0,0.0,0.0,0.0,0.07869766726117555,0.18754618787359276,0.024650008532490438,0.005460834503173917,0.0,0.0,0.0,0.0,0.07869766726117555,0.18754618787359276,0.024650008532490438,0.005460834503173917,0.0,0.0,0.0,0.0
b2a10e8a03c843f69a00bc872fc18170,0.1499999999999999,1.2000000000000028,0.0,0.0,0.013073195792122877,0.029517734679769782,0.0010010617499083437,0.0014622688293459696,1.95,4.799999999999997,4.799999999999997,0.0,0.2757967842554109,0.38371995826102195,0.16338400438053038,0.004385519027709783,0.1499999999999999,1.95,-1.8,-0.262723588463288
b2fecdf10a404d94a049c91f20eaddf3,1.65,4.800000000000004,1.1999999999999957,0.0,0.3121779140050677,0.7698304129897782,0.017136955328106437,0.01424288749694913,1.575,4.800000000000004,1.1999999999999957,0.0,0.2616224753366615,0.6692650634063042,0.018846050315094832,0.014044046401978871,1.65,1.575,0.07499999999999996,0.05055543866840623
b32f383e87e246669013e90202455df7,0.75,3.599999999999998,0.0,0.0,0.06189866154119558,0.10767574239604563,0.0822530214169265,0.01134710311889675,1.6499999999999997,7.199999999999999,1.1999999999999957,0.0,0.14406602344289232,0.19506924583653684,0.14992134147815148,0.011930036544799627,0.75,1.6499999999999997,-0.8999999999999997,-0.08216736190169674
b32fbd9e38c74aaf9ca5e733d359281c,5.324999999999999,8.399999999999999,8.399999999999999,0.0,1.0651294219320369,1.5520405253597689,0.6991033354682689,0.033111333847045454,5.474999999999998,8.399999999999999,8.399999999999999,0.0,1.1106345738331114,1.6451025582126124,0.7096527481999358,0.034771442413329634,5.324999999999999,5.474999999999998,-0.14999999999999858,-0.045505151901074514
b3d9bac351554cc98cdafe751f3d437a,0.8434658438426497,4.9477267507411975,1.2000000000000028,0.15000000000000036,0.07249524547213593,0.21505303536835896,0.014502889429561861,0.01071982383728054,1.0835745709465816,4.9477267507411975,1.2000000000000028,0.22500000000000053,0.057167262951441714,0.15895971079369978,0.04992744009302701,0.015084743499756748,0.8434658438426497,1.0835745709465816,-0.24010872710393194,0.015327982520694214
b3f975c461014d0e841c56a20a180f7f,5.841300402580242,37.40387680441694,37.40387680441694,2.4375,0.3809839624978402,0.6559811686904553,0.15468785904983434,0.005420637130737926,5.841300402580242,37.40387680441694,37.40387680441694,2.4375,0.3809839624978402,0.6559811686904553,0.15468785904983434,0.005420637130737926,5.841300402580242,5.841300402580242,0.0,0.0
b43de5e578944891bf9433166bd974c2,0.9749999999999992,2.3999999999999986,0.0,0.0,0.11274403039743824,0.17738659669067244,0.10097017450447654,0.0033951759338375354,1.7249999999999996,3.6000000000000014,1.2000000000000028,0.0,0.23353222491636227,0.3771853551373068,0.06551026164373051,0.004606819152832564,0.9749999999999992,1.7249999999999996,-0.7500000000000004,-0.12078819451892403
b5fd72c8c35c4b7bb656f4e9d5b8fe52,0.0,0.0,0.0,0.0,0.6887583885319122,0.883621021146826,0.686395968114576,0.04287371635436976,0.0,0.0,0.0,0.0,0.6584045993041758,0.8412206883554726,0.6635351068767941,0.038811779022216,0.0,0.0,0.0,0.03035378922773635
b660b9573c9e46b086245e5c23ccf7fe,0.887132034355965,2.3999999999999986,1.2000000000000028,0.22500000000000053,0.08486453474967795,0.11433744809775699,0.11278611576484315,0.011610603332518732,0.6048371326684489,2.6832815729997477,2.6832815729997477,0.22500000000000053,0.05560330200135029,0.08574826523402905,0.0803196517756747,0.009504604339599432,0.887132034355965,0.6048371326684489,0.28229490168751614,0.029261232748327662
b687fc34af774f64a1d3f91aa486b740,3.5999999999999996,6.0,4.799999999999997,0.0,0.5448880004741896,0.9015638320947126,0.19608908455122273,0.014115715026855824,3.5999999999999996,6.0,4.799999999999997,0.0,0.5718413683837902,0.9037419902666447,0.2552785833583651,0.008811521530150301,3.5999999999999996,3.5999999999999996,0.0,-0.026953367909600567
b7d899dbb6264d7bada8daff326556ce,0.6749999999999996,3.5999999999999943,3.5999999999999943,0.15000000000000036,0.05254993088818184,0.08592453271190852,0.08331240324716377,0.01909031867981037,0.6749999999999996,3.5999999999999943,3.5999999999999943,0.15000000000000036,0.05254993088818184,0.08592453271190852,0.08331240324716377,0.01909031867981037,0.6749999999999996,0.6749999999999996,0.0,0.0
b7f4a3b32d654cc2b69c1c260a5f34a0,14.858824039609859,32.42221460665511,32.42221460665511,0.3750000000000009,1.757650925549736,2.5169407825207064,0.9281371398317199,0.024334430694580078,0.5999999999999999,1.2000000000000028,0.0,0.0,0.3368840897455869,0.5723137444410461,0.2284278240621992,0.012161636352538086,14.858824039609859,0.5999999999999999,14.25882403960986,1.420766835804149
b8002d4effb540c0b1bb70addf423f32,1.6859667542451888,8.48528137423857,8.48528137423857,0.3000000000000007,0.3655051261320691,0.5908181310630173,0.19120453385695677,0.020743846893311435,1.3928074928679066,4.9477267507411975,3.7947331922020573,0.3000000000000007,0.40028677436077803,0.6100266856651992,0.25677593939164095,0.022776174545288796,1.6859667542451888,1.3928074928679066,0.2931592613772822,-0.03478164822870894
b83e2b71e78244dea5693836ca0a8ccc,0.5999999999999992,2.3999999999999986,0.0,0.0,0.061480912819658895,0.12221654661143665,0.04215493783373687,0.011038684844971058,1.5310660171779817,12.0,12.0,0.07500000000000018,0.06541151828825051,0.13087159250334202,0.015706739621256783,0.006193685531616033,0.5999999999999992,1.5310660171779817,-0.9310660171779825,-0.003930605468591614
b85ef7111b8c46069e51bc0d905ad8c8,0.7500000000000007,3.6000000000000014,1.2000000000000028,0.0,0.28030477965569767,0.44884848101664326,0.2294473536670468,0.006148624420165838,0.7500000000000007,3.6000000000000014,1.2000000000000028,0.0,0.2607015951248816,0.40994645777459965,0.21764232247109216,0.009347248077391956,0.7500000000000007,0.7500000000000007,0.0,0.019603184530816053
b90fba92889749a69ec4235b8edec06f,3.8999999999999986,8.399999999999999,8.399999999999999,0.0,0.7851844232761656,1.0705181827966803,0.49181313904728996,0.01017007827758798,3.5249999999999986,7.199999999999999,4.799999999999997,0.0,0.7542738741125433,1.0459874958701432,0.4673499415575896,0.008869171142577681,3.8999999999999986,3.5249999999999986,0.375,0.030910549163622236
b923744651764ed194ddf7526b9b2cf6,0.345416345659799,4.326661530556785,4.326661530556785,0.22499999999999987,0.036064611322770904,0.07118597160747431,0.03940376169256248,0.019978380203248047,0.345416345659799,4.326661530556785,4.326661530556785,0.22499999999999987,0.04136124276896572,0.07280987478121499,0.041307633216324316,0.02473526000976589,0.345416345659799,0.345416345659799,0.0,-0.005296631446194813
b92936f399d5405fb98d6f8a2298a504,4.507481343168134,12.059850745345068,12.059850745345068,0.15000000000000036,0.6506634686468593,0.9598959865915903,0.37289163018387456,0.012569046020508345,1.7250000000000005,4.800000000000004,3.6000000000000014,0.0,0.34080135382537124,0.5553726572325507,0.19278617663434897,0.009759807586669389,4.507481343168134,1.7250000000000005,2.7824813431681337,0.30986211482148807
b966442a32c24683829cb74c30e6e21d,0.75,2.3999999999999986,0.0,0.0,0.09937624159332245,0.18331621677569357,0.02811787969639836,0.006150484085083008,0.6750000000000003,2.3999999999999986,0.0,0.0,0.09318823862097389,0.17661472995029873,0.03703324635000926,0.004209280014038086,0.75,0.6750000000000003,0.07499999999999973,0.006188002972348561
b9db804449d34414ba98868e9034abd3,1.8750000000000002,6.0,4.799999999999997,0.0,0.18650635101585705,0.37354665228038864,0.024649022725649488,0.006380510330200373,1.8000000000000005,4.800000000000004,4.799999999999997,0.0,0.2094997887555432,0.36369628261590037,0.06660885606609866,0.0083182811737057,1.8750000000000002,1.8000000000000005,0.07499999999999973,-0.02299343773968615
ba6527487d5042b2bd4fb8e503918d29,1.8750000000000004,3.6000000000000014,1.2000000000000028,0.0,0.2776216200952013,0.4250520260305461,0.17677418496147684,0.006188249588013228,0.5999999999999996,2.3999999999999986,0.0,0.0,0.11880432778160982,0.27221711385391806,0.04793188520839638,0.006270360946655451,1.8750000000000004,0.5999999999999996,1.2750000000000008,0.15881729231359148
ba94cb79ebc74614bc2442185cb53c26,0.3121708245126286,3.794733192202055,0.0,0.07499999999999973,0.04649776521096188,0.06495932031249052,0.05530071933207065,0.023031806945801314,0.3121708245126286,3.794733192202055,0.0,0.07499999999999973,0.04649776521096188,0.06495932031249052,0.05530071933207065,0.023031806945801314,0.3121708245126286,0.3121708245126286,0.0,0.0
bb4f4d9a36754178a62d5dfbd55998b9,2.925,6.0,6.0,0.0,0.4839402133944579,0.7229850956857093,0.24171055594861332,0.010944700241088956,2.925,6.0,6.0,0.0,0.4839402133944579,0.7229850956857093,0.24171055594861332,0.010944700241088956,2.925,2.925,0.0,0.0
bcdcc52ce4614abea760880e5645eefc,1.560941940003096,4.799999999999997,1.2000000000000028,0.3750000000000009,0.1445409151882709,0.22714616821863126,0.013838811526925029,0.016858005523681552,1.8036470383155794,4.799999999999997,1.2000000000000028,0.3750000000000009,0.19693803418376915,0.28044820823882866,0.08407001521650082,0.01345596313476527,1.560941940003096,1.8036470383155794,-0.24270509831248344,-0.05239711899549826
bdc86a9c8b2742039a4d07b1074e2ae4,0.0,0.0,0.0,0.0,0.07919997812864091,0.14975842349162005,0.09403765278457538,0.008675909042359375,0.0,0.0,0.0,0.0,0.06916680867068595,0.14183693267772168,0.08511845481059395,0.008491086959839134,0.0,0.0,0.0,0.01003316945795496
bdcb762d6df842358056925b1143e961,3.9749999999999988,8.399999999999999,8.399999999999999,0.0,0.5999643129204683,1.082155354524531,0.3427858105896158,0.008923244476318981,5.174999999999999,8.399999999999999,8.399999999999999,0.0,0.9788438440323033,1.51383630333876,0.5275666622659946,0.027063846588135654,3.9749999999999988,5.174999999999999,-1.2000000000000002,-0.37887953111183503
bdf525c2d1d841199bf52a46e91e5d5e,0.6000000000000005,2.4000000000000057,2.4000000000000057,0.0,0.12432545933950465,0.2030978310106197,0.05779725213294929,0.013987398147583985,0.6000000000000005,2.4000000000000057,2.4000000000000057,0.0,0.13234883569643052,0.20727838638755822,0.05742673561387912,0.012563323974608576,0.6000000000000005,0.6000000000000005,0.0,-0.008023376356925876
be3fb86ba1a846719241b051d3ec4385,2.610941940003095,4.800000000000004,4.799999999999997,0.22500000000000053,0.4842936247925366,0.7531734067924938,0.25428104778502153,0.010577917098999468,2.3993028588685927,4.800000000000004,4.799999999999997,0.22500000000000053,0.440225583506058,0.7017780866947049,0.22213020558154134,0.01203160285949778,2.610941940003095,2.3993028588685927,0.21163908113450214,0.04406804128647862
beee295d6f3645208fb6763f8c415323,0.6000000000000001,1.2000000000000028,0.0,0.0,0.12911761670695782,0.21721033939546747,0.07797191785815938,0.004771184921264382,0.0,0.0,0.0,0.0,0.01855772940141943,0.051418792209480986,0.014538928959644674,0.0026606082916265095,0.6000000000000001,0.0,0.6000000000000001,0.11055988730553838
bf5592d0c9e54957a9a3c627013ae32d,3.5193598060652733,9.372299611087982,9.372299611087982,2.3249999999999975,0.15475404986549218,0.2884803896093524,0.09383878503765293,0.04240522384643608,3.0030568065724195,9.372299611087982,9.372299611087982,1.8749999999999978,0.12128913044675858,0.2441491258905504,0.06734446967539529,0.02775621414184659,3.5193598060652733,3.0030568065724195,0.5163029994928539,0.0334649194187336
c086941272e24fefad3e65d65760aed4,1.0257464315497098,4.326661530556787,1.6970562748477107,0.5250000000000004,0.09089383175230814,0.14842690229426322,0.14021220955165825,0.05880646705627468,0.9636143971937459,4.326661530556787,1.6970562748477107,0.3750000000000002,0.07054582276936924,0.12020552791420487,0.11497698953607198,0.049421024322509055,1.0257464315497098,0.9636143971937459,0.06213203435596393,0.020348008982938898
c0a6034c27fe43488476d9a15140e398,2.354875922825112,4.799999999999997,4.799999999999997,0.15000000000000036,0.3699210415465154,0.5411261963800389,0.17421336243861932,0.010203695297240856,1.5664762138029515,2.683281572999751,0.0,0.22500000000000053,0.30945727285136637,0.4719342594626881,0.06533555948241351,0.012940692901612483,2.354875922825112,1.5664762138029515,0.7883997090221606,0.06046376869514902
c0cd427afacb4c2bb974461eec1dbd79,15.376561822419646,28.824989158714352,28.824989158714352,0.07500000000000018,1.9421456187236605,2.706939937317891,1.2387223447207392,0.024400377273559926,0.45923292192132453,4.947726750741194,4.947726750741194,0.07500000000000018,0.10219680674882561,0.16866369673084558,0.11630421214053781,0.0075121879577628725,15.376561822419646,0.45923292192132453,14.91732890049832,1.8399488119748348
c0efe2319882495b9d13add1d352bee4,5.271647301466057,10.799999999999997,6.0,0.22500000000000053,0.7353853982176912,1.2537738670645164,0.4352206515289077,0.005427360534667969,3.8689389370573446,7.199999999999999,6.0,0.3000000000000007,0.5744587582263679,1.0536230031729632,0.31046986641728574,0.006531572341919034,5.271647301466057,3.8689389370573446,1.4027083644087126,0.16092663999132328
c10dfcf73ed84179b8915990fa6464a5,1.875,7.199999999999996,1.2000000000000028,0.0,0.25764031549391714,0.2933326208185563,0.22268420750919898,0.009015226364135653,1.65,7.199999999999996,1.2000000000000028,0.0,0.2279336677816795,0.26577458383897257,0.2016133215058083,0.008085823059080788,1.875,1.65,0.2250000000000001,0.029706647712237633
c1ab33c3994041ceae32b0fe1b51e611,0.0,0.0,0.0,0.0,0.13505993508291805,0.2523448382391407,0.09944730968097285,0.00573248863220277,0.0,0.0,0.0,0.0,0.24497500342785863,0.43658830318973035,0.17485555695149665,0.00889320373535174,0.0,0.0,0.0,-0.10991506834494058
c1c270bc79c94005af29078bd0cda1b5,0.2999999999999998,2.3999999999999986,0.0,0.0,0.07735777420302488,0.1306917762820828,0.054296264804739404,0.004319572448729492,0.4500000000000002,2.3999999999999986,0.0,0.0,0.10942884660167862,0.1944380721417575,0.07306802612424926,0.004158639907836825,0.2999999999999998,0.4500000000000002,-0.15000000000000036,-0.03207107239865374
c292d90b90ec4dbd826dfd11aa361df1,3.7469690874110766,7.299315036357867,4.947726750741191,0.6000000000000014,0.5498721306065848,0.8611268678374758,0.37877074089715335,0.061794662475585405,3.860037399725778,8.399999999999999,8.399999999999999,0.3000000000000007,0.5896569907650192,0.8635639280718012,0.41274768466402545,0.04212884902954084,3.7469690874110766,3.860037399725778,-0.11306831231470138,-0.03978486015843441
c2e56200cb7d46b6a93fb4ec389f4ba9,0.44999999999999973,2.3999999999999986,0.0,0.0,0.07582420966919975,0.11707764255803035,0.05005128438667995,0.0014715671539309305,0.44999999999999973,2.3999999999999986,0.0,0.0,0.07582420966919975,0.11707764255803035,0.05005128438667995,0.0014715671539309305,0.44999999999999973,0.44999999999999973,0.0,0.0
c36eb85918a84a788e236f5c9eef2b05,0.4500000000000002,1.2000000000000028,1.1999999999999993,0.0,0.5153023963148667,0.9095027290334389,0.3549964049533896,0.012048912048339133,0.4500000000000002,1.2000000000000028,1.1999999999999993,0.0,0.4667044210693881,0.8387857826747404,0.3218702792956002,0.010833978652954102,0.4500000000000002,0.4500000000000002,0.0,0.04859797524547865
c3ab884d58ff4822b6debfdbae4ef0a5,1.4249999999999998,3.5999999999999943,3.5999999999999943,0.0,0.18635733617218914,0.2488385617064781,0.1253356389602212,0.005976104736328036,1.4999999999999996,3.5999999999999943,3.5999999999999943,0.0,0.23277099233059567,0.29637628504037405,0.15921228994240536,0.007171297073363725,1.4249999999999998,1.4999999999999996,-0.07499999999999973,-0.046413656158406535
c7686b765fcf4212a0c9f7611a2236f2,1.5749999999999995,4.799999999999997,1.1999999999999957,0.0,0.24736775406055947,0.4544379599549556,0.004138274740381874,0.00502109527587935,1.4249999999999996,4.799999999999997,0.0,0.0,0.21764059257317192,0.40055817750714434,0.022473653855428453,0.004580354690552735,1.5749999999999995,1.4249999999999996,0.1499999999999999,0.02972716148738755
c818a482aa4b41128c8b3bd773ae6504,0.0,0.0,0.0,0.0,0.5115078774081321,0.6398059468642959,0.4037097130768634,0.017235660552978427,0.0,0.0,0.0,0.0,0.5157071672401656,0.6455340291562861,0.3962261283024229,0.019334793090820312,0.0,0.0,0.0,-0.004199289832033548
c83fb640e909437d80981a7c4338265d,1.35,3.6000000000000014,0.0,0.0,0.29962700649949325,0.513789408567565,0.10249627116236128,0.01351146697998118,1.7999999999999998,3.6000000000000014,0.0,0.0,0.3558082156657014,0.6105670844197415,0.11289182393384144,0.016001987457275213,1.35,1.7999999999999998,-0.44999999999999973,-0.05618120916620817
c8b6a861ef0445cd8bef18eb2b7f9e89,0.0,0.0,0.0,0.0,0.01354051180396524,0.02797850186287775,0.02474952802305821,0.005364274978636896,0.30000000000000027,2.400000000000002,2.400000000000002,0.0,0.014266404668089972,0.04149922204230938,0.01637482544644057,0.009078598022460582,0.0,0.30000000000000027,-0.30000000000000027,-0.0007258928641247324
c93b4d390af34c32b681f52d224dc01f,0.5250000000000004,2.3999999999999986,1.2000000000000028,0.0,0.10066069171304848,0.1866202604246744,0.021415303018828095,0.0028322696685796345,0.375,2.3999999999999986,1.2000000000000028,0.0,0.07724353162852907,0.1839602961992826,0.04267801809777874,0.0025288581848146308,0.5250000000000004,0.375,0.15000000000000036,0.02341716008451941
cac56fc7411b4bfca61e56d4244faecc,2.6999999999999984,4.799999999999997,4.799999999999997,0.0,0.5947887471055876,0.7729819136845012,0.4011448875561111,0.008085107803343483,2.924999999999998,4.799999999999997,4.799999999999997,0.0,0.7298661822096653,0.9505089022887374,0.5297344108710161,0.010034608840941761,2.6999999999999984,2.924999999999998,-0.22499999999999964,-0.13507743510407766
cae55f0935cb448d9527042acf104ad0,0.8371708245126283,3.7947331922020573,3.6000000000000014,0.07500000000000018,0.07692672461441807,0.16548175727864856,0.05025558716645906,0.0024620532989505506,0.375,3.6000000000000014,3.6000000000000014,0.0,0.057098757801771344,0.09437520020132903,0.051436137068729265,0.0018951416015635658,0.8371708245126283,0.375,0.46217082451262825,0.01982796681264673
cb39369c45bf4fd0be41ab5fb995494b,0.8121320343559648,3.6000000000000014,3.6000000000000014,0.3000000000000007,0.07640197053551269,0.15808556513445252,0.061656880925351626,0.02006120681762713,0.30000000000000027,1.2000000000000028,0.0,0.22500000000000053,0.06048844142813768,0.11383241268430096,0.11383241268430096,0.012926244735716796,0.8121320343559648,0.30000000000000027,0.5121320343559645,0.015913529107375007
cb7c92011a4c48a2a201cd2dc9fb7488,2.924999999999998,4.799999999999997,4.799999999999997,0.0,0.5623700967156908,0.7864012754206545,0.34131943025494793,0.009543228149414329,2.5499999999999985,3.599999999999998,3.599999999999998,0.0,0.4505118107399063,0.6472923936082712,0.23117033454193203,0.008745145797730114,2.924999999999998,2.5499999999999985,0.37499999999999956,0.11185828597578451
cb8f79c86c884d07a82d6cb7fbeaf75c,3.181066017177982,8.399999999999999,4.799999999999997,0.07500000000000018,0.4471474887919186,0.6531669780957917,0.21332405524642392,0.00979757308959961,2.956066017177982,8.399999999999999,4.799999999999997,0.07500000000000018,0.43019700389423743,0.6242660694324119,0.20413977897891647,0.01021986007690412,3.181066017177982,2.956066017177982,0.2250000000000001,0.016950484897681195
cbde405b33b946bd9e1796cb78c12731,1.2749999999999997,3.599999999999998,0.0,0.0,0.19090364920329136,0.40861964098151754,0.08747455916785452,0.005309200286865767,1.2749999999999997,3.599999999999998,0.0,0.0,0.19090364920329136,0.40861964098151754,0.08747455916785452,0.005309200286865767,1.2749999999999997,1.2749999999999997,0.0,0.0
cc0a7d86675248779f21b34ae891159c,0.30000000000000027,1.2000000000000028,0.0,0.0,0.020650259664663724,0.05733040381979839,0.030177265889956395,0.004694795608520597,0.75,2.4000000000000057,0.0,0.0,0.048612135116399835,0.11350031320407036,0.019490304764712835,0.004038333892820489,0.30000000000000027,0.75,-0.44999999999999973,-0.02796187545173611
cc175ce81d9448c9b797dd81e1981460,0.2560660171779823,1.697056274847718,0.0,0.07500000000000018,0.03437963953047382,0.13334959725982162,0.05461468924504356,0.013543224334715998,0.2560660171779823,1.697056274847718,0.0,0.07500000000000018,0.03458868588954711,0.13303010045909539,0.055130019938885,0.013434791564942206,0.2560660171779823,0.2560660171779823,0.0,-0.0002090463590732894
cc50000970584ba5aaf14760b1ced696,3.224999999999998,4.799999999999997,4.799999999999997,0.0,0.362805642196248,0.5275150262723866,0.2637546649041288,0.009148406982421253,3.224999999999998,4.799999999999997,4.799999999999997,0.0,0.359428874468094,0.5277164014609218,0.26425235528819246,0.00817322731018022,3.224999999999998,3.224999999999998,0.0,0.0033767677281539843
cd908fdce67249f3a8a14b987f00592e,0.44999999999999973,1.1999999999999993,0.0,0.0,0.17321710705484353,0.26258601093768735,0.05117594699547168,0.007582712173462625,0.8250000000000002,1.2000000000000028,1.2000000000000028,0.0,0.18390816072852972,0.27362148424003685,0.04783215211804215,0.011460971832276456,0.44999999999999973,0.8250000000000002,-0.37500000000000044,-0.010691053673686196
cdd29238803446ba84398ca3a4292c19,0.5250000000000006,2.3999999999999986,0.0,0.0,0.07090709071280454,0.1108840306704725,0.05841792331832967,0.00681438446044913,1.6546693311223915,9.674709297958255,9.674709297958255,0.07500000000000018,0.15567809359953189,0.177670628832649,0.15031737624698394,0.009222364425658824,0.5250000000000006,1.6546693311223915,-1.1296693311223909,-0.08477100288672734
ce77d3d2915543dc8b8b2408d407f7b5,2.1000000000000005,6.0,1.2000000000000028,0.0,0.3432259251887014,0.5921510190035072,0.11928635908362634,0.006028461456300427,1.3810660171779825,3.6000000000000014,1.2000000000000028,0.07500000000000018,0.27619125104386744,0.45162804953989405,0.10699001100185566,0.008030891418456143,2.1000000000000005,1.3810660171779825,0.718933982822018,0.06703467414483394
cf86af90b622499b8214df0024a6ea29,4.724999999999998,8.399999999999999,8.399999999999999,0.0,0.8149912507281036,1.3090281681932057,0.5335707349307274,0.015703153610231002,5.324999999999998,9.599999999999998,9.599999999999998,0.0,0.904855885069052,1.4051321824194274,0.5812294635057693,0.02132635116577264,4.724999999999998,5.324999999999998,-0.6000000000000005,-0.08986463434094838
cffb959327ac42ad866a5f8829e18187,7.424999999999999,16.8,16.8,0.0,1.3357162658379758,1.8344389587242853,0.8929851723483387,0.03051667213440057,7.049999999999998,16.8,16.8,0.0,1.3219490018652502,1.8291578879369412,0.8978855226174003,0.031244516372681996,7.424999999999999,7.049999999999998,0.3750000000000009,0.01376726397272554
d00b9230860e4f4199bcbf9678438447,0.2999999999999998,2.3999999999999986,0.0,0.0,0.02554029254858474,0.037315369159305535,0.028734277828318177,0.002021455764770419,0.2999999999999998,2.3999999999999986,0.0,0.0,0.02554029254858474,0.037315369159305535,0.028734277828318177,0.002021455764770419,0.2999999999999998,0.2999999999999998,0.0,0.0
d09b065aa1c74e31b0742ec36052f9c9,5.249999999999998,8.399999999999999,8.399999999999999,0.0,1.0632808138640248,1.557562369222808,0.6820485575712945,0.0302121162414557,4.649999999999999,8.399999999999999,8.399999999999999,0.0,0.9015985715905961,1.385793673692855,0.5526552613628061,0.023366117477416903,5.249999999999998,4.649999999999999,0.5999999999999996,0.16168224227342876
d0b2eb773b2a4f9c8a25c655d5deffbd,0.825,3.599999999999998,0.0,0.07500000000000018,0.1329992728039302,0.2483405323151214,0.1292406232534456,0.014179229736326793,1.7249999999999996,3.599999999999998,1.2000000000000028,0.0,0.3199952024947662,0.6824756878205936,0.1670740354410688,0.012995767593384056,0.825,1.7249999999999996,-0.8999999999999997,-0.186995929690836
d0dc3c18dfc64c779bc9e4ee6e9e2e3b,0.0,0.0,0.0,0.0,0.000825293207171565,0.0014201467777334828,0.0009605541031376631,0.0002408981323234194,0.0,0.0,0.0,0.0,0.000825293207171565,0.0014201467777334828,0.0009605541031376631,0.0002408981323234194,0.0,0.0,0.0,0.0
d11f2c7391984c91b68ebd8efaef6f30,1.9553300858899103,8.48528137423857,8.48528137423857,0.07500000000000018,0.29401215066408654,0.5254568773841002,0.03606614722449431,0.007254838943481001,0.825,3.599999999999998,2.4000000000000057,0.0,0.22069624437078103,0.39355329561889596,0.04379879224259171,0.007812166213988725,1.9553300858899103,0.825,1.1303300858899104,0.0733159062933055
d20b00f4db5f46d081ce884d84f39d3e,5.624999999999998,8.399999999999999,8.399999999999999,0.0,1.1837280038100748,1.6582704854630663,0.7952281530417873,0.03437261581420925,6.224999999999999,9.599999999999998,9.599999999999998,0.0,1.2539737041010879,1.7295930538330555,0.865312329408608,0.03651480674743679,5.624999999999998,6.224999999999999,-0.6000000000000005,-0.07024570029101307
d22de14af8cc4007994efda8354c939b,5.624999999999998,8.399999999999999,8.399999999999999,0.0,1.1898853400835934,1.6591501821479087,0.793609284480266,0.03518214225769034,5.474999999999998,8.399999999999999,8.399999999999999,0.0,1.094819500494105,1.570377735441046,0.7355657282646373,0.031064128875732955,5.624999999999998,5.474999999999998,0.15000000000000036,0.09506583958948833
d41e43b5f85b4c8298180efc246d529e,0.9749999999999999,3.6000000000000014,0.0,0.0,0.2698427713209969,0.37920344164035286,0.26501976298611,0.015083312988282138,0.9749999999999999,3.6000000000000014,0.0,0.0,0.2698427713209969,0.37920344164035286,0.26501976298611,0.015083312988282138,0.9749999999999999,0.9749999999999999,0.0,0.0
d43144192b63485894f7ef174cdbecac,1.9499999999999997,6.0,6.0,0.0,0.36103520766206515,0.5925943768872369,0.13790146344441034,0.005930328369141424,3.234232921921324,8.399999999999999,6.0,0.07500000000000018,0.5455910896125035,0.799592409445809,0.27607299687211084,0.007166576385496892,1.9499999999999997,3.234232921921324,-1.2842329219213244,-0.18455588195043832
d5324133e1d241658a7b763831b3af2e,4.874999999999998,9.599999999999998,9.599999999999998,0.0,0.829466369317318,1.3695510348020346,0.5106127476485264,0.012654590606687943,4.874999999999998,9.599999999999998,9.599999999999998,0.0,0.829466369317318,1.3695510348020346,0.5106127476485264,0.012654590606687943,4.874999999999998,4.874999999999998,0.0,0.0
d5c86824b36b4dbba467399bf3123d90,3.8112181665575373,6.118823416311343,6.118823416311343,0.6000000000000014,0.6301022527924538,1.0123516631823575,0.4020883571960346,0.046069765090941406,5.8176316787424,13.254433220624716,13.254433220624716,0.6000000000000014,0.8818708894248191,1.3994960479585659,0.5728016022910906,0.050552272796630326,3.8112181665575373,5.8176316787424,-2.0064135121848623,-0.25176863663236526
d5d6c0c464bc490cb251a7f1d41c6665,0.07499999999999996,1.1999999999999993,0.0,0.0,0.10086071528462352,0.22018714712243123,0.0609814591760562,0.02672853469848535,0.2560660171779823,1.697056274847718,0.0,0.07500000000000018,0.05911932435399354,0.12090723072857258,0.041053256053054134,0.028088378906249822,0.07499999999999996,0.2560660171779823,-0.18106601717798232,0.041741390930629986
d617daef46b24ba39fcc80e8f767b082,2.25,4.800000000000004,4.799999999999997,0.0,0.35423618897467485,0.47588975580153275,0.20846178336581772,0.007908868789673562,0.8999999999999999,3.6000000000000014,3.6000000000000014,0.0,0.19300324506679045,0.28316555707241053,0.11234426270695606,0.00479178428649929,2.25,0.8999999999999999,1.35,0.1612329439078844
d6515448fc1e4af98571ae1663b33efe,4.275,9.600000000000001,8.399999999999999,0.0,0.5723299483800739,0.921964111336256,0.20011647445830008,0.01111521720886266,4.275,9.600000000000001,8.399999999999999,0.0,0.5723299483800739,0.921964111336256,0.20011647445830008,0.01111521720886266,4.275,4.275,0.0,0.0
d66a316ffd914123b6324efc5b30c15b,0.0,0.0,0.0,0.0,0.12219292442533711,0.19484859421622738,0.07574643862188968,0.0068637371063240415,0.0,0.0,0.0,0.0,0.010125300865043055,0.021210216324225227,0.007719957680290359,0.0028976440429695494,0.0,0.0,0.0,0.11206762356029405
d6e16562bd2a4778b4789b3b66431e74,3.524999999999999,8.399999999999999,8.399999999999999,0.0,0.5534760906234093,0.9552126634902252,0.26625936379888554,0.011030673980713779,3.3749999999999987,8.399999999999999,8.399999999999999,0.0,0.5129457810897234,0.8931167396603445,0.2475984566522448,0.011373424530029652,3.524999999999999,3.3749999999999987,0.15000000000000036,0.04053030953368586
d73b8f7d5b574b2ea0f11de439db47d9,0.6121708245126284,3.794733192202054,0.0,0.07500000000000018,0.04743585071502609,0.12696193459324573,0.03809228954164188,0.014406394958495383,0.6121708245126284,3.794733192202054,0.0,0.07500000000000018,0.04743585071502609,0.12696193459324573,0.03809228954164188,0.014406394958495383,0.6121708245126284,0.6121708245126284,0.0,0.0
d773c946a192406c83ed0980f776d1a8,2.2499999999999987,3.599999999999998,3.599999999999998,0.0,0.45123112077804184,0.5612447758583095,0.3406714396055053,0.005059576034546431,2.2499999999999987,3.599999999999998,3.599999999999998,0.0,0.4127708241489392,0.5539440607785363,0.28506071643624814,0.005240678787232778,2.2499999999999987,2.2499999999999987,0.0,0.038460296629102664
d8230413dcd947d8bb19287931a618d7,5.624999999999998,8.399999999999999,8.399999999999999,0.0,1.1768884124644226,1.6598550466646673,0.7809881993822464,0.03470849990844549,5.624999999999998,8.399999999999999,8.399999999999999,0.0,1.1075300050774914,1.5946335183221811,0.7116849838760065,0.03265700340270916,5.624999999999998,5.624999999999998,0.0,0.06935840738693111
d8a6a5c6a7c444a9aba383526e5e1161,0.30000000000000027,1.2000000000000028,0.0,0.0,0.028933395954510634,0.05930040294344799,0.024005081233458736,0.0022161483764655543,0.30000000000000027,1.2000000000000028,0.0,0.0,0.040990489165783,0.08001261814288725,0.025844451633745186,0.002031755447387873,0.30000000000000027,0.30000000000000027,0.0,-0.012057093211272369
d8ff67e7cda741f0ac2d7525dd26d208,0.825,3.6000000000000014,3.5999999999999943,0.0,0.1243849411193278,0.156600365073122,0.10957486749905325,0.006443023681640625,1.7999999999999998,4.799999999999997,4.799999999999997,0.0,0.25512971076043517,0.3696941901780462,0.17681458353339477,0.0048633098602288705,0.825,1.7999999999999998,-0.9749999999999999,-0.13074476964110737
d91511762a3649fe9977ef72f1b6982f,3.3871708245126286,10.799999999999997,0.0,0.07500000000000018,0.5931982926532433,0.8878829357685666,0.45301864614492027,0.018826532363891868,2.5500000000000003,4.799999999999997,1.2000000000000028,0.0,0.45438674921496014,0.6359006943889299,0.26461898682512647,0.021189165115357067,3.3871708245126286,2.5500000000000003,0.8371708245126284,0.13881154343828317
d95b9559fb6f46d89e065b2be43595bb,0.3871708245126281,3.7947331922020506,0.0,0.07500000000000018,0.08716815091675205,0.198933350492077,0.198933350492077,0.013401603698730558,1.9008044778044542,7.29931503635786,3.7947331922020573,0.22500000000000053,0.19996854592760982,0.3611605455891634,0.3611605455891634,0.014107561111450728,0.3871708245126281,1.9008044778044542,-1.513633653291826,-0.11280039501085777
d96de08343d248809556faa746c70968,1.9499999999999997,9.599999999999998,9.599999999999998,0.0,0.21998835789857396,0.3080237350034568,0.18060607795581754,0.01476802825927681,0.44999999999999996,1.2000000000000028,0.0,0.0,0.051464485784414794,0.10060586652325988,0.01623016252986098,0.004030036926269798,1.9499999999999997,0.44999999999999996,1.4999999999999998,0.16852387211415917
d9b482ce80634d5a819aac651c1e31d3,0.825,3.6000000000000014,3.6000000000000014,0.0,0.06624868960955538,0.1061062057298275,0.04217931430845572,0.003488588333128817,0.6000000000000001,3.6000000000000014,3.6000000000000014,0.0,0.05910651192475052,0.09405980430183478,0.039184963433799604,0.00285701751709011,0.825,0.6000000000000001,0.22499999999999987,0.007142177684804858
da3ef456918149c5a22ff069dd97b7d7,2.0249999999999986,3.599999999999998,2.3999999999999986,0.0,0.380657522880888,0.5608252748716515,0.23092236846600062,0.005932474136352894,1.9499999999999988,3.599999999999998,2.3999999999999986,0.0,0.3189615866244929,0.5165256223451714,0.15121438046043711,0.0054632663726819075,2.0249999999999986,1.9499999999999988,0.07499999999999973,0.06169593625639508
da74550a10a8408299d7e6b1735963ae,4.724999999999998,8.399999999999999,8.399999999999999,0.0,0.7973309890499714,1.3015661788866764,0.5028680560561861,0.014479207992552201,4.799999999999999,8.399999999999999,8.399999999999999,0.0,0.8122364155532422,1.3067787347465802,0.5216378017885893,0.01615862846374405,4.724999999999998,4.799999999999999,-0.07500000000000107,-0.014905426503270869
dac52a02f54c4677b0a6b4a28e2c56a1,3.675,7.199999999999996,7.199999999999996,0.0,0.5782678837797007,1.1593536271530969,0.08467751901010268,0.017379570007323597,3.3,7.199999999999996,7.199999999999996,0.0,0.5118261361018026,1.0472495375372346,0.06300564144119955,0.016871452331542525,3.675,3.3,0.375,0.06644174767789812
dc878ebb5b1e43eb9442d9361854613e,5.699999999999998,10.799999999999997,10.799999999999997,0.0,0.7017209877154946,0.9339836467423891,0.6109054115193782,0.01790227890014595,5.624999999999998,9.599999999999998,9.599999999999998,0.0,0.7110696403618533,0.8927489722124196,0.6431548544757892,0.01676001548767081,5.699999999999998,5.624999999999998,0.07500000000000018,-0.009348652646358646
dce33c96ffdb4802a69f6d7d530a4f09,4.650000000000001,13.200000000000003,13.200000000000003,0.0,0.6342395515929775,0.9944332880415784,0.3267960241787101,0.014360475540160067,4.65,14.399999999999999,14.399999999999999,0.0,0.6328556255438766,0.983031372417874,0.3230714345864481,0.009951925277709606,4.650000000000001,4.65,8.881784197001252e-16,0.0013839260491008698
dd0789b8c39340289a053eea9e3b16d7,0.0,0.0,0.0,0.0,0.06090112836531548,0.0992537858599719,0.06385645977258453,0.005989265441894265,0.0,0.0,0.0,0.0,0.05767023507620443,0.0965831136076309,0.05518648565420071,0.006405830383300781,0.0,0.0,0.0,0.003230893289111046
de52afcc66d9450da5f07b10977e0493,4.499999999999998,8.399999999999999,8.399999999999999,0.0,0.8111395965146271,1.2946710771745673,0.46975409762369347,0.016164064407349077,4.049999999999999,8.399999999999999,8.399999999999999,0.0,0.6768065447021405,1.1056400217546438,0.425422568343537,0.010191249847411044,4.499999999999998,4.049999999999999,0.4499999999999993,0.13433305181248656
ded088a5ef664ca687fd0e8c1e4bda1d,0.5427050983124846,2.683281572999754,0.0,0.07500000000000018,0.040429875466436144,0.0761903628049504,0.03679694097031738,0.012652873992919922,0.9000000000000004,3.6000000000000014,0.0,0.07500000000000018,0.11700386249802919,0.18018231496361822,0.023988528700128443,0.01160573959350586,0.5427050983124846,0.9000000000000004,-0.35729490168751576,-0.07657398703159304
ded4f73ce5494ba89d258c0217bc50ca,2.1345374206136554,3.794733192202054,3.794733192202054,0.6750000000000016,0.07344549265851932,0.13980594476464578,0.0904669922743762,0.047288131713867365,2.1345374206136554,3.794733192202054,3.794733192202054,0.6750000000000016,0.07115009793765043,0.1360273126174311,0.0850413820878398,0.0440986633300775,2.1345374206136554,2.1345374206136554,0.0,0.0022953947208688985
deeef8bef80344a49ac174c4787ed9a4,1.9810660171779826,4.800000000000004,1.697056274847718,0.15000000000000036,0.3807095511853158,0.5762327462633413,0.28879218839562343,0.01593346595764178,5.025,9.600000000000001,7.200000000000003,0.0,0.7094077694614007,1.018003631515753,0.49892873014870504,0.019712877273559304,1.9810660171779826,5.025,-3.0439339828220175,-0.3286982182760849
df87d08ce3644995bc7ad5721a725899,1.7395113980053456,10.182337649086286,10.182337649086286,0.6750000000000003,0.3551417095957678,0.47846509153313405,0.3052370689381878,0.05337038040161213,1.7395113980053456,10.182337649086286,10.182337649086286,0.6750000000000003,0.3551417095957678,0.47846509153313405,0.3052370689381878,0.05337038040161213,1.7395113980053456,1.7395113980053456,0.0,0.0
e08e07dcca544d99b739e512f6b704ed,2.240342683491297,6.118823416311339,3.7947331922020506,0.45000000000000107,0.3026650201542589,0.49787020383979347,0.11500871657856913,0.022424840927123935,3.127126133989266,7.299315036357863,1.697056274847713,0.3000000000000007,0.6029126117129724,0.9232221704056385,0.23119184868976397,0.024057626724242276,2.240342683491297,3.127126133989266,-0.886783450497969,-0.3002475915587135
e13ec49d20974a01942b83317fcbfa46,2.249999999999999,4.800000000000004,3.5999999999999943,0.0,0.3013174557987168,0.4565327312652738,0.1722282264459902,0.004499816894531605,2.249999999999999,4.800000000000004,3.5999999999999943,0.0,0.3016708967567658,0.4582556772823815,0.17743444688908355,0.003921318054199041,2.249999999999999,2.249999999999999,0.0,-0.00035344095804895614
e14dc295bf8f4cca8bbea7fa0068b6ef,0.0,0.0,0.0,0.0,0.15575121689716592,0.23875584692956123,0.16045015458010267,0.014966440200804954,0.0,0.0,0.0,0.0,0.1595494782826568,0.24202297877261503,0.16219533505491993,0.01790628433227548,0.0,0.0,0.0,-0.0037982613854908864
e14e81f029e6490ab1bdba51b6dd7054,1.4249999999999996,4.799999999999997,4.799999999999997,0.0,0.259691507036549,0.3836446410273343,0.2169603402266593,0.005279016494751598,1.1250000000000007,3.6000000000000014,1.2000000000000028,0.0,0.21408392743344673,0.34772934512305914,0.08962180724413538,0.00535426139831463,1.4249999999999996,1.1250000000000007,0.29999999999999893,0.045607579603102244
e19007f8d28a4590b249b6025bd8f4d1,6.156404326728062,15.646085772486355,15.646085772486355,2.55,0.08728571735788623,0.18221122847372132,0.07944162482427009,0.016501665115356445,4.024804808705711,15.646085772486355,15.646085772486355,1.8749999999999996,0.10521443758094612,0.1672619623182324,0.09972652989324451,0.04316482543945188,6.156404326728062,4.024804808705711,2.131599518022351,-0.017928720223059885
e26feac8d43d4eed9a11e739b0d4264b,1.125,4.799999999999997,1.2000000000000028,0.0,0.18715926883303657,0.3860440709007577,0.010314494608625067,0.0035531044006353873,0.6749999999999994,3.5999999999999943,3.5999999999999943,0.0,0.12723525800809748,0.274930504094247,0.05742117803196736,0.005305624008179688,1.125,0.6749999999999994,0.4500000000000006,0.05992401082493909
e2c7c91b4ea2462090d866539ff6b9e5,1.2749999999999997,3.599999999999998,0.0,0.0,0.288694122316717,0.6531670412287208,0.04654443574376145,0.00788383483886701,1.5000000000000004,3.6000000000000014,3.6000000000000014,0.0,0.26022418663720187,0.6083001147000526,0.007871332858607877,0.006007146835327326,1.2749999999999997,1.5000000000000004,-0.22500000000000075,0.028469935679515113
e30706e0581348c2b5b76deed01672ec,5.624999999999998,8.399999999999999,8.399999999999999,0.0,1.1882630857495857,1.6551529781324694,0.8039432424936187,0.034301376342772194,5.849999999999999,8.399999999999999,8.399999999999999,0.0,1.1976441430650426,1.655438289516385,0.80219856527731,0.035198163986205344,5.624999999999998,5.849999999999999,-0.22500000000000053,-0.009381057315456909
e35b8b29c8b742ecbff086c39c87875a,0.7500000000000002,3.6000000000000014,1.2000000000000028,0.0,0.09451660395423686,0.30569680970570867,0.043379685499530134,0.0172923088073742,0.3000000000000007,1.2000000000000028,1.2000000000000028,0.0,0.04031260910290413,0.08192006813722405,0.026448190559242506,0.014671468734740234,0.7500000000000002,0.3000000000000007,0.4499999999999995,0.05420399485133273
e380df67fa3d49c7add4657b69605cdc,1.596403746433953,4.9477267507411975,3.7947331922020573,0.15000000000000036,0.24750016319025614,0.5024601445217601,0.11631980317698855,0.01670479774475009,1.596403746433953,4.9477267507411975,3.7947331922020573,0.15000000000000036,0.24750016319025614,0.5024601445217601,0.11631980317698855,0.01670479774475009,1.596403746433953,1.596403746433953,0.0,0.0
e4437a15cc6a4c82b8cb1e21c439baa5,0.5250000000000004,3.5999999999999943,0.0,0.0,0.042907471988409496,0.11905446982988488,0.03014849371094133,0.005208063125610618,1.7249999999999999,4.799999999999997,0.0,0.0,0.20624491108473852,0.36189143300412485,0.026780697216873452,0.005299758911132546,0.5250000000000004,1.7249999999999999,-1.1999999999999995,-0.16333743909632903
e4908d7239ad42cbafe3281cbb86b1b0,0.37500000000000067,1.2000000000000028,1.2000000000000028,0.0,0.06342685724590837,0.1515883892957183,0.01139847559988803,0.010099983215331676,1.1249999999999991,3.599999999999998,1.1999999999999957,0.0,0.17666733119570333,0.22366355160527587,0.14146591027732505,0.009431505203247426,0.37500000000000067,1.1249999999999991,-0.7499999999999984,-0.11324047394979496
e4b197f5dff84cfd882d0d0dd29403eb,8.174999999999999,15.599999999999998,15.599999999999998,0.0,0.17252037898401368,0.3940758715664989,0.11145145065889323,0.007516336441040217,8.174999999999999,15.599999999999998,15.599999999999998,0.0,0.17252037898401368,0.3940758715664989,0.11145145065889323,0.007516336441040217,8.174999999999999,8.174999999999999,0.0,0.0
e4df3ac5874d49b7a3553035cd735902,2.25,3.6000000000000014,3.6000000000000014,0.0,0.27967664552066607,0.4194519683791256,0.3109467977100848,0.016013574600219904,3.5999999999999996,6.0,6.0,0.0,0.5146233004028901,0.7163398614740656,0.4552753185232006,0.01857705116272035,2.25,3.5999999999999996,-1.3499999999999996,-0.234946654882224
e568b88df00a4c19960ff2b83ca5630d,1.2749999999999995,4.799999999999997,4.799999999999997,0.0,0.20797575462303086,0.2747260944858022,0.1752309410521504,0.010360622406007103,0.9749999999999994,4.799999999999997,4.799999999999997,0.0,0.1555300260675976,0.223465222101659,0.1319433836393937,0.008862447738648083,1.2749999999999995,0.9749999999999994,0.30000000000000004,0.05244572855543325
e5bb15af564245e99b4def0019b2b045,7.125,19.2,19.2,0.0,0.0834689707555129,0.13550226041969715,0.107025589758457,0.008821392059326083,2.625,19.2,19.2,0.0,0.04583045866294584,0.10149146878091846,0.011036997299724934,0.0036097526550276093,7.125,2.625,4.5,0.037638512092567064
e5ef83bd8b8e4ba986e7d8a43591994f,4.654669331122391,9.674709297958255,9.600000000000001,0.07500000000000018,0.7319039483081089,0.9587557273338574,0.48180542975653934,0.01605978012084952,4.6593386622447825,9.67470929795826,9.67470929795826,0.15000000000000036,0.7488308222521971,0.9914889618281241,0.5039830896376342,0.01923794746398988,4.654669331122391,4.6593386622447825,-0.00466933112239154,-0.016926873944088205
e617edf72860495abd928aaf57dfa5fa,3.2249999999999988,6.0,6.0,0.0,0.308829863229387,0.4163559474546487,0.3576232845116411,0.011788272857666371,3.374999999999999,6.0,6.0,0.0,0.3600963941962567,0.4835344258544154,0.3982275325858209,0.01206665039062571,3.2249999999999988,3.374999999999999,-0.15000000000000036,-0.05126653096686973
e6bf9e3dc50149ba8cdce44e52f82fb9,2.6249999999999982,3.599999999999998,3.599999999999998,0.0,0.6690313722638334,0.8694352866558364,0.5121996457801204,0.012581634521484197,2.6999999999999984,3.599999999999998,3.599999999999998,0.0,0.7926562554731127,1.000962737301102,0.6155296732971072,0.01780085563659739,2.6249999999999982,2.6999999999999984,-0.07500000000000018,-0.12362488320927933
e6c7e16f831d4807befccae91f7df830,0.6749999999999994,3.6000000000000014,2.3999999999999986,0.0,0.11536551027252401,0.14090766155274573,0.1077264873824895,0.00555353164672967,0.6749999999999994,3.6000000000000014,2.3999999999999986,0.0,0.09291889265003482,0.12343179925938667,0.08689428711257184,0.004704809188843306,0.6749999999999994,0.6749999999999994,0.0,0.022446617622489187
e7438081ad0545299e8c703a8dd33ffa,1.725,9.599999999999998,9.599999999999998,0.0,0.2911330116979225,0.42429417284761295,0.20229714625114464,0.005753946304321467,1.725,9.599999999999998,9.599999999999998,0.0,0.2911330116979225,0.42429417284761295,0.20229714625114464,0.005753946304321467,1.725,1.725,0.0,0.0
e8038e0f57c445f0a91111dd2c9052a3,4.35,8.399999999999999,8.399999999999999,0.0,0.7188145869831499,1.257750899661429,0.28658754624898075,0.01203145980834952,4.2749999999999995,8.399999999999999,8.399999999999999,0.0,0.7098204251208202,1.231401139982686,0.2607916548770594,0.02181315422058061,4.35,4.2749999999999995,0.07500000000000018,0.008994161862329708
e84aea79175942398074b3f7f93f7fea,1.5335745709465813,4.947726750741191,0.0,0.22500000000000053,0.2675010505449131,0.49840891275753924,0.10813042703424013,0.01510834693908647,1.5335745709465813,4.947726750741191,0.0,0.22500000000000053,0.2675010505449131,0.49840891275753924,0.10813042703424013,0.01510834693908647,1.5335745709465813,1.5335745709465813,0.0,0.0
e93e98b63d3b40209056d129dc53ceee,0.34877111549046647,2.6832815729997463,2.6832815729997463,0.2250000000000001,0.06216974361667747,0.14936249995035705,0.04170685919798558,0.02678461074829208,0.49877111549046615,2.6832815729997463,2.6832815729997463,0.2999999999999998,0.06183088179082474,0.14519817013503208,0.04342879299420654,0.027749633789064365,0.34877111549046647,0.49877111549046615,-0.1499999999999997,0.0003388618258527293
eaad6827a3c44cdab111ea7d912c9947,2.1749999999999994,4.799999999999997,4.799999999999997,0.0,0.2363530356755761,0.37311908151762396,0.21318884458423093,0.02083053588867223,2.0249999999999995,4.799999999999997,4.799999999999997,0.0,0.10266183227999015,0.26769112235987524,0.044613406331181965,0.016512966156005948,2.1749999999999994,2.0249999999999995,0.1499999999999999,0.13369120339558596
eac9992171c446dabf9d738c23a96cde,0.375,2.3999999999999986,1.1999999999999957,0.0,0.13468792368823213,0.1829647964227452,0.14511849328508383,0.004752302169799716,0.4810660171779819,2.3999999999999986,2.3999999999999986,0.07500000000000018,0.022486339236387026,0.07294104786004492,0.009536185561091107,0.003467559814454013,0.375,0.4810660171779819,-0.10606601717798192,0.1122015844518451
eaf2f8cfe79e4558900f140452f299a1,13.274999999999999,33.599999999999994,1.1999999999999957,0.0,1.0536466268096345,1.5651949026280474,0.4991506635307952,0.013772821426392134,12.749999999999996,33.599999999999994,1.1999999999999957,0.0,0.996495266560612,1.4788741733387571,0.5763584319717004,0.023603868484498136,13.274999999999999,12.749999999999996,0.5250000000000021,0.057151360249022454
eb4b6de953e247bcafe77dffd79bc8ed,3.7499999999999982,8.399999999999999,8.399999999999999,0.0,0.6510804303391876,1.0437477804242317,0.38892635453619834,0.013840484619140003,3.7499999999999982,8.399999999999999,8.399999999999999,0.0,0.6510804303391876,1.0437477804242317,0.38892635453619834,0.013840484619140003,3.7499999999999982,3.7499999999999982,0.0,0.0
ec82914025214e10b88b887d91adf6e7,3.75,8.399999999999999,6.0,0.0,0.4783567310583172,0.8445854710269413,0.25154484664708954,0.017752790451049716,3.75,8.399999999999999,6.0,0.0,0.4783567310583172,0.8445854710269413,0.25154484664708954,0.017752790451049716,3.75,3.75,0.0,0.0
ecaea9ca526a43a984e46bff7ea85204,2.175,4.799999999999997,4.799999999999997,0.0,0.3442777208765115,0.5909583685245845,0.17696173397099815,0.01438021659851163,0.5250000000000006,2.4000000000000057,2.3999999999999986,0.0,0.05642261826544474,0.14030170299603395,0.04359255981599351,0.008910369873048385,2.175,0.5250000000000006,1.6499999999999992,0.2878551026110667
ecc288c7de6746348af26a0b368a945d,1.882116370095432,6.4621977685614045,0.0,0.44999999999999973,0.42367930625588934,0.6923686410879629,0.21938946347669028,0.07839832305908256,1.882116370095432,6.4621977685614045,0.0,0.44999999999999973,0.3914037964280018,0.5867915196478378,0.23907309229960025,0.0900069236755372,1.882116370095432,1.882116370095432,0.0,0.032275509827887516
f00e0c9a763b4b11b88becf115af6387,1.3499999999999999,3.6000000000000014,1.1999999999999993,0.0,0.355655825239122,0.5862665261501151,0.1737084969025829,0.009208631515502663,1.3499999999999999,3.6000000000000014,1.1999999999999993,0.0,0.33131231565862174,0.5595508947720079,0.15260333832938,0.00824704170226953,1.3499999999999999,1.3499999999999999,0.0,0.024343509580500244
f216d7a4ff5345dbbbb8b27dce4f0953,3.47286657521315,11.999999999999993,11.999999999999993,0.22500000000000053,0.2744053816287737,0.4592634659111599,0.05244289393085908,0.01881179809570277,2.7092329219213243,11.999999999999993,11.999999999999993,0.07500000000000018,0.19904321138723247,0.29773565160180093,0.07307017908932058,0.006272077560424805,3.47286657521315,2.7092329219213243,0.7636336532918255,0.07536217024154124
f286cdaef36648cba3b6a24d2178dc8a,0.0,0.0,0.0,0.0,0.23006122504224502,0.4847143862312893,0.017009474330357544,0.012156343460083097,0.0,0.0,0.0,0.0,0.2338336379155035,0.48810501429856445,0.01642480438587541,0.011850357055663618,0.0,0.0,0.0,-0.0037724128732584683
f41862469f33424eb660258e9392c4f4,2.6560660171779817,7.200000000000003,6.0,0.07500000000000018,0.4547292004137151,0.6971452979037799,0.22100682821471193,0.0064601898193359375,1.0060660171779825,2.400000000000002,2.3999999999999986,0.15000000000000036,0.20929348216042953,0.4244982899443241,0.008505406701599542,0.006621980667114169,2.6560660171779817,1.0060660171779825,1.6499999999999992,0.24543571825328558
f5193e87e04547808e974d88fed8159e,0.7677050983124837,2.6832815729997477,1.1999999999999957,0.07500000000000018,0.087119772212515,0.175342673658625,0.027150522553350695,0.009935045242309037,11.784232921921323,32.39999999999999,32.39999999999999,0.07500000000000018,0.6266368813720663,0.9235516919736423,0.317960347376802,0.017549800872802113,0.7677050983124837,11.784232921921323,-11.01652782360884,-0.5395171091595513
f56a544064a548a39a81f18cc8f633c5,0.0,0.0,0.0,0.0,0.056951242911912336,0.15332521811157254,0.15332521811157254,0.005162572860717418,0.0,0.0,0.0,0.0,0.05382598934919362,0.14860616418950687,0.14860616418950687,0.005062150955199574,0.0,0.0,0.0,0.0031252535627187134
f59eb1486a3141e3b5cc615dcfa83e52,0.6749999999999998,2.3999999999999986,2.3999999999999986,0.0,0.1445972840853242,0.3197261278591394,0.10349887052160818,0.011597299575805131,0.7499999999999998,2.3999999999999986,2.3999999999999986,0.0,0.1402590014323438,0.28978109519579975,0.10152152805664537,0.012831687927246094,0.6749999999999998,0.7499999999999998,-0.07499999999999996,0.004338282652980419
f5a38abe0b404babb18bca1f0adf60b6,1.9204038640764576,4.947726750741191,0.0,0.3000000000000007,0.38535694693295786,0.585164051354448,0.2695779827021279,0.032293224334716264,2.849459234942629,8.48528137423857,1.697056274847718,0.45000000000000107,0.49174496833173,0.7796194032664795,0.3317791833704511,0.0470782756805419,1.9204038640764576,2.849459234942629,-0.9290553708661713,-0.10638802139877213
f6a82d4677144b92bcce7d8a013889a8,0.375,2.3999999999999986,1.2000000000000028,0.0,0.04475012827551782,0.11041199235608098,0.013174917425766246,0.0030445575714113104,0.375,1.2000000000000028,0.0,0.0,0.13852726356500228,0.30502394097901336,0.06872255366481382,0.006855583190918502,0.375,0.375,0.0,-0.09377713528948446
f6dc7d8ea5bd4b84938579f60488bee5,1.7249999999999999,3.6000000000000014,2.3999999999999986,0.0,0.2666334000165106,0.4281053031791189,0.12988093702182982,0.006779909133911133,1.4999999999999998,3.6000000000000014,1.1999999999999957,0.0,0.2615301210282689,0.4286041261965707,0.13171398826828373,0.006073665618896662,1.7249999999999999,1.4999999999999998,0.2250000000000001,0.0051032789882416996
f73dfd9690d74d3a9af2667bf3dd9481,3.7499999999999982,8.399999999999999,8.399999999999999,0.0,0.6305822126138843,1.0234417425545588,0.36499475680773974,0.013536500930785511,3.7499999999999982,8.399999999999999,8.399999999999999,0.0,0.6305822126138843,1.0234417425545588,0.36499475680773974,0.013536500930785511,3.7499999999999982,3.7499999999999982,0.0,0.0
f7a001c474d844618d4c6fb15dc16b8c,0.1499999999999999,1.1999999999999993,0.0,0.0,0.1397942367031135,0.20383969085928116,0.1549129536598157,0.009060573577881037,0.1499999999999999,1.1999999999999993,0.0,0.0,0.1397942367031135,0.20383969085928116,0.1549129536598157,0.009060573577881037,0.1499999999999999,0.1499999999999999,0.0,0.0
f91ec82037fb47ccbac160cb5de453bf,3.8999999999999995,9.600000000000001,9.600000000000001,0.0,0.5311638051556732,0.8296202398597898,0.30278030430107866,0.007971096038818626,3.749999999999999,9.600000000000001,9.600000000000001,0.0,0.5151630043239079,0.8054334180443512,0.3012542522977083,0.006840276718139471,3.8999999999999995,3.749999999999999,0.15000000000000036,0.01600080083176525
f9438d42bb944364b5a75d6c5d0bc758,0.6000000000000003,2.4000000000000057,1.2000000000000028,0.0,0.18810511862217144,0.27215828517762974,0.1678026767063587,0.006099414825440075,1.2074264635194591,6.118823416311343,1.2000000000000028,0.07500000000000018,0.22558218978901,0.33861097385114297,0.18263453794644152,0.005029106140137518,0.6000000000000003,1.2074264635194591,-0.6074264635194588,-0.03747707116683857
f9475d1f1f96401c81ce511a93578a96,2.7750000000000004,7.199999999999999,7.199999999999999,0.0,0.5378045790628441,0.7621520740474097,0.44718753123362937,0.01675615310669043,2.4750000000000005,7.199999999999999,7.199999999999999,0.0,0.42569147226367254,0.525808988760716,0.3851110735864644,0.014127302169799183,2.7750000000000004,2.4750000000000005,0.2999999999999998,0.11211310679917152
f965ad5d2ee94318b2dd1ac927a37856,5.474999999999998,8.399999999999999,8.399999999999999,0.0,1.0949039398169005,1.5988254226632148,0.7037816092320363,0.032715082168579546,6.374999999999998,9.599999999999998,9.599999999999998,0.0,1.2712699450428155,1.803469916105124,0.805606208045067,0.040599203109740856,5.474999999999998,6.374999999999998,-0.9000000000000004,-0.17636600522591506
f9e3162f45db4bf5bc7f9360a831d2e4,0.7499999999999998,3.5999999999999943,3.5999999999999943,0.0,0.10360923242176584,0.12153355318504136,0.12129703112008883,0.003724765777587624,0.7499999999999998,3.5999999999999943,3.5999999999999943,0.0,0.10360923242176584,0.12153355318504136,0.12129703112008883,0.003724765777587624,0.7499999999999998,0.7499999999999998,0.0,0.0
fa88c561566341479ad9bfcd557b096b,1.8671783091696845,6.118823416311343,2.6832815729997477,0.3750000000000009,0.23698612223740767,0.349319171942891,0.19929199708993423,0.014690637588501865,0.6927050983124837,2.6832815729997477,2.6832815729997477,0.07500000000000018,0.0789795978885237,0.1352621346791317,0.09519243294811015,0.004720115661621005,1.8671783091696845,0.6927050983124837,1.174473210857201,0.15800652434888396
facb1d12888a40438207e3505d107cc4,0.3750000000000002,1.2000000000000028,0.0,0.0,0.20588448322063507,0.3743888363209055,0.10403913650066265,0.005011653900145685,0.3750000000000002,1.2000000000000028,0.0,0.0,0.18768900585369802,0.36161678015480275,0.08300140514608217,0.004139041900635743,0.3750000000000002,0.3750000000000002,0.0,0.018195477366937052
fb879538cc574e5094ccc39fa2953ef5,0.5871320343559645,4.799999999999997,0.0,0.22500000000000053,0.02350419972368571,0.05885707283343677,0.008293956447343449,0.013948774337767755,1.4604101966249687,6.0,0.0,0.22500000000000053,0.18680848122253818,0.2939517630072489,0.07609752450224319,0.011178016662597656,0.5871320343559645,1.4604101966249687,-0.8732781622690042,-0.16330428149885248
fb90e4c770134c2ebbfb7312f08e059e,1.1341813121154352,2.683281572999751,0.0,0.3000000000000007,0.2285115047409901,0.43498994748688535,0.10381553111755616,0.021587133407591885,1.1341813121154352,2.683281572999751,0.0,0.3000000000000007,0.2285115047409901,0.43498994748688535,0.10381553111755616,0.021587133407591885,1.1341813121154352,1.1341813121154352,0.0,0.0
fbbad6309f1543f78634e49c50dfb779,5.624999999999998,8.399999999999999,8.399999999999999,0.0,1.1376374556568116,1.642123319344084,0.7517666105540137,0.033647203445435814,5.624999999999998,8.399999999999999,8.399999999999999,0.0,1.1722351782675904,1.6546470574925687,0.7905942960647471,0.03443756103515705,5.624999999999998,5.624999999999998,0.0,-0.03459772261077876
fbc2727b0f35414f88d956bc63345af0,4.799999999999999,8.399999999999999,8.399999999999999,0.0,0.8356016902178384,1.323379319975234,0.5084793092108187,0.018739128112791548,7.124999999999998,16.8,16.8,0.0,1.207478427646635,1.7293533669805814,0.7358855471659533,0.03133420944213805,4.799999999999999,7.124999999999998,-2.3249999999999993,-0.3718767374287967
fcd37961086342abaf431243971cbc9b,0.75,2.400000000000002,0.0,0.0,0.4486367303617852,0.7502867272205194,0.08789909301138363,0.009516334533690607,0.75,2.400000000000002,0.0,0.0,0.4486367303617852,0.7502867272205194,0.08789909301138363,0.009516334533690607,0.75,0.75,0.0,0.0
fd12f683aa444ceea85633f5f72b7d3d,0.6000000000000001,3.6000000000000014,3.6000000000000014,0.0,0.05547037593998697,0.10299705088273013,0.07340463376207185,0.004584932327271307,3.1499999999999995,12.0,12.0,0.0,0.4077106477498429,0.5711245670172884,0.3819553111791256,0.02122192382812438,0.6000000000000001,3.1499999999999995,-2.5499999999999994,-0.3522402718098559
fd27366f4f1c4df3ae73e27f8d469db1,1.4999999999999998,6.0,1.1999999999999957,0.0,0.19143499997034838,0.3144440904424192,0.05827640803926284,0.007624769210814453,0.375,4.800000000000004,0.0,0.0,0.04897866405900826,0.12954144638635479,0.020172517587883836,0.006049060821533114,1.4999999999999998,0.375,1.1249999999999998,0.1424563359113401
fd534bf0c87d4d4cb891f0fc6f41a6a9,2.924999999999998,4.799999999999997,4.799999999999997,0.0,0.6950294782053168,0.9167521562611171,0.4659557448173475,0.00758357048034819,2.924999999999998,4.799999999999997,4.799999999999997,0.0,0.6751442108889598,0.8908352986416439,0.463435959017018,0.006576919555664862,2.924999999999998,2.924999999999998,0.0,0.01988526731635698
fd612e8660e74196af7da7e6487e5d53,3.7562071897723674,7.299315036357867,7.299315036357867,0.07500000000000018,0.6180147260282127,1.1522395602349467,0.19885968126990744,0.026308822631836204,3.75,7.200000000000003,6.0,0.0,0.6313035845300676,1.1827666417037639,0.1927777874667478,0.027228212356567916,3.7562071897723674,3.75,0.00620718977236745,-0.013288858501854905
fd7fed4b72f645ad886c561410662e33,3.5999999999999988,8.399999999999999,8.399999999999999,0.0,0.5860407637189575,0.9716524735634214,0.3336819538451432,0.011978387832642046,4.649999999999999,9.599999999999998,9.599999999999998,0.0,0.7337002255494105,1.311637395488421,0.45045180327069406,0.013388156890867808,3.5999999999999988,4.649999999999999,-1.0499999999999998,-0.14765946183045298
fd8420396768425eabec9bdddf7e64b6,0.0,0.0,0.0,0.0,0.1989606357694625,0.4247374464680188,0.024717273634082562,0.008229732513427734,0.0,0.0,0.0,0.0,0.2103755469130033,0.45159161599023695,0.016095719466515303,0.008446168899535866,0.0,0.0,0.0,-0.011414911143540818
fd9610de75464b4f9a7a32837634a2c9,2.325,4.800000000000004,4.800000000000004,0.0,0.37306030764527953,0.6099707406203403,0.2774782123643064,0.008699369430541726,1.4250000000000003,4.799999999999997,3.6000000000000014,0.0,0.21763001199826992,0.3713707706535526,0.19095332462228126,0.013780546188355114,2.325,1.4250000000000003,0.8999999999999999,0.1554302956470096
fd96de719c3a4ca3869bf96166095368,1.1249999999999996,3.599999999999998,3.599999999999998,0.0,0.16222003433974658,0.4316920642313506,0.046223733696034226,0.010699796676635565,1.1249999999999996,3.599999999999998,3.599999999999998,0.0,0.16222003433974658,0.4316920642313506,0.046223733696034226,0.010699796676635565,1.1249999999999996,1.1249999999999996,0.0,0.0
fe944294f6a44b87a4da95136f86bb79,2.509160295843322,8.48528137423857,4.947726750741191,0.3000000000000007,0.35565988004983096,0.6995309584786401,0.14448716961615457,0.01908388137817285,2.4824264635194586,6.118823416311343,6.118823416311343,0.07500000000000018,0.34272578834634954,0.6332811116746352,0.21484367604281623,0.01257090568542596,2.509160295843322,2.4824264635194586,0.026733832323863282,0.01293409170348142
ff98be19bcf9436cad14f28ff63cb501,2.4749999999999988,3.599999999999998,3.599999999999998,0.0,0.5247678994383943,0.6730071976942592,0.3368125773357679,0.014432859420777433,1.799999999999999,2.3999999999999986,2.3999999999999986,0.0,0.3785140122412114,0.4746778955546245,0.23924458938303014,0.009546947479248669,2.4749999999999988,1.799999999999999,0.6749999999999998,0.1462538871971829
ffb68ec5043b45f499086fd8c24dc2b6,0.07500000000000018,1.2000000000000028,0.0,0.0,0.051827024163018376,0.12083874263457578,0.042124805269903406,0.0071248054504402525,0.6000000000000003,2.3999999999999986,2.3999999999999986,0.0,0.08124477530903527,0.17022845183897603,0.010208500397804101,0.011870670318603782,0.07500000000000018,0.6000000000000003,-0.5250000000000001,-0.0294177511460169
