sample_token,JC_mean_m_cheap,JC_max_m_cheap,JC_final_m_cheap,JC_lat_mean_m_cheap,JC_soft_mean_m_cheap,JC_soft_max_m_cheap,JC_soft_final_m_cheap,JC_soft_lat_mean_m_cheap,JC_mean_m_full,JC_max_m_full,JC_final_m_full,JC_lat_mean_m_full,JC_soft_mean_m_full,JC_soft_max_m_full,JC_soft_final_m_full,JC_soft_lat_mean_m_full,JC_cheap,JC_full,dJC,dJC_soft
00555b2de3954c988621617787d900f1,0.0,0.0,0.0,0.0,0.01577200689220981,0.02300271617814315,0.017895612693598302,0.001447248458862127,0.0,0.0,0.0,0.0,0.01577200689220981,0.02300271617814315,0.017895612693598302,0.001447248458862127,0.0,0.0,0.0,0.0
008c89588f2c409a897a8136668b363e,0.0,0.0,0.0,0.0,0.007131123096994134,0.014866022545345421,0.014866022545345421,0.0038000106811528767,0.0,0.0,0.0,0.0,0.00800001309285821,0.017467850254420082,0.017467850254420082,0.004563331604003462,0.0,0.0,0.0,-0.0008688899958640755
00e3ea12ab3c40ca85b5d19afe3df599,0.07499999999999973,1.1999999999999957,0.0,0.0,0.04102187685374466,0.06739314598687839,0.007993568277361762,0.0065630435943613286,0.0,0.0,0.0,0.0,0.013387946207967887,0.02686992624573014,0.0001810916788752783,0.005304622650146751,0.07499999999999973,0.0,0.07499999999999973,0.02763393064577677
00ee093616ef4d0abaafa4d9cf12d0bd,0.6842329219213249,4.947726750741191,4.947726750741191,0.07500000000000018,0.04167273699993371,0.06594912797879907,0.0259164750374612,0.0009861946105975683,0.6842329219213249,4.947726750741191,4.947726750741191,0.07500000000000018,0.043873925446762045,0.07083416380752332,0.026102209704738786,0.0011080741882332212,0.6842329219213249,0.6842329219213249,0.0,-0.002201188446828338
018544073581453fa7369ad7063135bf,0.22499999999999987,1.2000000000000028,0.0,0.0,0.06566745025396555,0.1228732411774407,0.016195693751918875,0.0013319492340095884,0.15000000000000036,2.4000000000000057,2.4000000000000057,0.0,0.015708547806327803,0.027619433178509865,0.019231798818373006,0.0018579483032223898,0.22499999999999987,0.15000000000000036,0.07499999999999951,0.049958902447637746
01df0413f9bb47478af656d87047fd6a,0.0,0.0,0.0,0.0,0.06769511609451263,0.10745723686630981,0.09450398365437628,0.026622533798218218,0.0,0.0,0.0,0.0,0.06769511609451263,0.10745723686630981,0.09450398365437628,0.026622533798218218,0.0,0.0,0.0,0.0
020dfd38919349dea80f90e5c326a3de,0.2250000000000001,2.3999999999999986,2.3999999999999986,0.0,0.008827961207512693,0.016948860059520374,0.004968678318716189,0.001474285125732333,0.2250000000000001,2.3999999999999986,2.3999999999999986,0.0,0.008827961207512693,0.016948860059520374,0.004968678318716189,0.001474285125732333,0.2250000000000001,0.2250000000000001,0.0,0.0
02b64c010ed84f8b87c4546571e4796d,11.062289809553834,24.8421013603922,24.8421013603922,5.418749999999999,1.662391462299133,2.2680441523473664,1.0461029975563307,0.08775501251220641,11.062289809553834,24.8421013603922,24.8421013603922,5.418749999999999,1.662391462299133,2.2680441523473664,1.0461029975563307,0.08775501251220641,11.062289809553834,11.062289809553834,0.0,0.0
03635bc0b8154a5790ee994192ba9017,0.07499999999999996,1.1999999999999993,0.0,0.0,0.023332516673350054,0.04791840976645599,0.013211123809338208,0.0011838912963879622,0.0,0.0,0.0,0.0,0.006522587098531967,0.01951023367329651,0.002766287685362645,0.0013688564300542438,0.07499999999999996,0.0,0.07499999999999996,0.016809929574818087
03f0ff95697543d2a63bf2ecc88c2f14,1.35,3.6000000000000014,3.6000000000000014,0.0,0.11174637943840376,0.1743967450509186,0.0650717055715384,0.014205980300903143,2.0249999999999995,7.200000000000003,7.200000000000003,0.0,0.29726168274584763,0.44364885259132525,0.18121301397207418,0.013379001617431996,1.35,2.0249999999999995,-0.6749999999999994,-0.18551530330744387
043dd37c4abb4970a148404098f7b7ab,0.0,0.0,0.0,0.0,0.009815590837116783,0.015957535236155472,0.01548679518455391,0.0017549514770505148,0.0,0.0,0.0,0.0,0.005205329599500631,0.009335528668029823,0.008001216964963294,0.0014918804168719824,0.0,0.0,0.0,0.004610261237616152
046f9ae6c3b14cb9a778eb7a5dd779a5,0.7500000000000002,2.3999999999999986,1.2000000000000028,0.0,0.08706503321485493,0.11468127486781739,0.07604713091199208,0.0026327133178716267,0.2250000000000001,2.3999999999999986,1.2000000000000028,0.0,0.034581656670486224,0.06107227638615433,0.024775398460767054,0.0025963783264160156,0.7500000000000002,0.2250000000000001,0.5250000000000001,0.0524833765443687
047f8d54fab943b5b08b950bd2d1123a,0.0,0.0,0.0,0.0,0.007808040721728488,0.013707958441880004,0.010386400484390095,0.0027703285217279827,0.0,0.0,0.0,0.0,0.0054919931411513585,0.009927557226072128,0.009471776395422134,0.0017904281616218931,0.0,0.0,0.0,0.0023160475805771297
04a58655c5f847118011c66becbf23b8,1.535410196624969,10.799999999999997,10.799999999999997,0.15000000000000036,0.12089326342654691,0.2274631554747492,0.08100136662306527,0.054374456405639204,1.535410196624969,10.799999999999997,10.799999999999997,0.15000000000000036,0.09775153433341079,0.19008564242340928,0.08560894941425484,0.05497169494628906,1.535410196624969,1.535410196624969,0.0,0.023141729093136124
05b837922fbd46fbab76efda7cea2373,2.3405458520171485,9.674709297958255,1.1999999999999957,0.2250000000000001,0.3391439532022966,0.6426886736660329,0.13965782815238775,0.028069496154786044,1.429669331122391,9.674709297958255,1.1999999999999957,0.07500000000000018,0.259961278122231,0.5363111928205504,0.07851361321737983,0.022166204452514826,2.3405458520171485,1.429669331122391,0.9108765208947576,0.0791826750800656
061392f48e344b279c07eb6fb875df24,0.5250000000000001,4.799999999999997,0.0,0.0,0.07559559409635913,0.1205428736428846,0.04542470360590773,0.0014885902404784268,0.07499999999999996,1.1999999999999993,0.0,0.0,0.03694850446587551,0.08708500437017495,0.009532475363413456,0.002391672134399503,0.5250000000000001,0.07499999999999996,0.4500000000000002,0.03864708963048362
06cc9133c0684cf2b676cf5f7c49e88b,3.8087459728275737,7.683749084919417,7.683749084919417,1.7249999999999996,0.5737148183645326,0.9783448717578764,0.2147701689526755,0.12170934677124023,3.5656824795327386,7.683749084919417,7.683749084919417,1.4999999999999996,0.5013407918646406,0.8215985877515121,0.175011982890699,0.10275363922119096,3.8087459728275737,3.5656824795327386,0.243063493294835,0.072374026499892
06e3204145384701825d1c3cdc707f35,1.9482493562019216,6.99714227381436,0.0,1.5750000000000004,0.32236101695652863,0.4392530993672919,0.2668238122266052,0.23555502891540625,0.9895630078112352,6.788225099390855,0.0,0.7500000000000002,0.3008257047390476,0.42304162757100977,0.2422255509473717,0.21236257553100657,1.9482493562019216,0.9895630078112352,0.9586863483906864,0.021535312217481062
071f9d7f2c4f48fcb72fc17756bedfa7,0.9980351842023952,8.485281374238575,8.485281374238575,0.1499999999999999,0.21635644787924052,0.3413584466956531,0.11260925292803224,0.017881250381470704,0.6980351842023952,8.485281374238575,8.485281374238575,0.1499999999999999,0.1770423102110542,0.29854339533490193,0.06990873337166238,0.01569070816040119,0.9980351842023952,0.6980351842023952,0.30000000000000004,0.03931413766818631
0723a8ca18824b5ea36ae831977f6b3c,1.4939847675715499,4.947726750741192,2.6832815729997477,0.37499999999999956,0.18483769432963473,0.2979101993198146,0.0750928114413743,0.04996318817138734,0.6432368416906105,3.7947331922020515,0.0,0.1499999999999999,0.11336951264549945,0.157484436317908,0.09185662606758359,0.008274364471436257,1.4939847675715499,0.6432368416906105,0.8507479258809394,0.07146818168413528
07794b6977294d6185f1b4567cd10e4b,4.764173955387135,18.686893802876927,18.45670609832643,3.1125,0.2764073127909681,0.5382525377725506,0.1906164323008614,0.0802104949951179,3.3853157320733676,18.686893802876927,18.45670609832643,2.1375,0.20846060675309216,0.47234194199524887,0.1467662451061422,0.07469573020935183,4.764173955387135,3.3853157320733676,1.3788582233137676,0.06794670603787592
084cd90f5e4e49329d25632399b352f1,1.3018864104279184,10.733126291998992,0.0,0.5999999999999992,0.09775651056689857,0.1920160253859296,0.02698088750297493,0.03070807456970126,1.3018864104279184,10.733126291998992,0.0,0.5999999999999992,0.09775651056689857,0.1920160253859296,0.02698088750297493,0.03070807456970126,1.3018864104279184,1.3018864104279184,0.0,0.0
086488777f874869b694b023382c61f7,0.7286082481589145,2.6832815729997463,2.6832815729997463,0.5999999999999996,0.0813775733011981,0.1725398027066614,0.08325654161231166,0.04994831085204954,0.7286082481589145,2.6832815729997463,2.6832815729997463,0.5999999999999996,0.0813775733011981,0.1725398027066614,0.08325654161231166,0.04994831085204954,0.7286082481589145,0.7286082481589145,0.0,0.0
0873980b44db4b76b01fc3ca14e96963,0.9749999999999999,2.3999999999999986,1.1999999999999993,0.0,0.20861007179172875,0.41033526320887237,0.05830946502997737,0.004392242431640714,0.8999999999999999,2.3999999999999986,1.1999999999999993,0.0,0.15702836481360227,0.299269317035133,0.04414243006734171,0.003555965423584162,0.9749999999999999,0.8999999999999999,0.07499999999999996,0.051581706978126474
08adc1f8ccb941ebbcb6be4b90477b7f,1.5824264635194594,6.118823416311341,2.4000000000000057,0.07499999999999973,0.26742670466078766,0.40115109283872963,0.14777740366249498,0.028047323226929155,1.5824264635194594,6.118823416311341,2.4000000000000057,0.07499999999999973,0.26742670466078766,0.40115109283872963,0.14777740366249498,0.028047323226929155,1.5824264635194594,1.5824264635194594,0.0,0.0
08d8f55f3d0f46ff8c7490f8ac23e8ea,0.6749999999999998,2.400000000000002,1.1999999999999993,0.0,0.0696074050558543,0.16081611063767998,0.0165870292245224,0.006031036376954013,0.5999999999999999,2.400000000000002,1.1999999999999993,0.0,0.0729552614018815,0.15007832200555823,0.019466690249696363,0.004490661621093128,0.6749999999999998,0.5999999999999999,0.07499999999999996,-0.0033478563460271893
090cc8955ca24ab290e29ce76f3b088b,0.8109419400030955,3.7947331922020573,1.2000000000000028,0.22500000000000053,0.11491601482608715,0.3034546455319709,0.01658987713935111,0.013491296768188388,0.8109419400030955,3.7947331922020573,1.2000000000000028,0.22500000000000053,0.11491601482608715,0.3034546455319709,0.01658987713935111,0.013491296768188388,0.8109419400030955,0.8109419400030955,0.0,0.0
09c20b036021493ea64c166cd51ac14c,0.2250000000000001,1.2000000000000028,1.1999999999999957,0.0,0.04981246310959603,0.08463353508491589,0.01949107293533797,0.000910377502441051,0.2250000000000001,1.2000000000000028,1.1999999999999957,0.0,0.04981246310959603,0.08463353508491589,0.01949107293533797,0.000910377502441051,0.2250000000000001,0.2250000000000001,0.0,0.0
0a597f318c934343bc353de70102be6e,0.9092329219213244,4.947726750741194,0.0,0.07500000000000018,0.1439997949792172,0.25844489790100067,0.07629739596765152,0.006086397171019886,1.0592329219213243,4.947726750741194,2.3999999999999986,0.07500000000000018,0.15423070798555327,0.2781179026213564,0.08574135796293939,0.008117294311522638,0.9092329219213244,1.0592329219213243,-0.1499999999999999,-0.010230913006336079
0aa8264e9c3e4270a6bc5ee4c417946c,0.0,0.0,0.0,0.0,0.005974745800925025,0.018076025554182147,0.01772420932972457,0.0008115291595447438,0.0,0.0,0.0,0.0,0.00510141841220056,0.014234471812265273,0.013941028602149946,0.0007079601287829362,0.0,0.0,0.0,0.0008733273887244651
0b03409f980d495f8895785ec6963cb6,0.0,0.0,0.0,0.0,0.004028938816963725,0.009150089226634359,0.0043303790097635455,0.001780271530150923,0.0,0.0,0.0,0.0,0.004820823137927128,0.010778385642239364,0.00403922166502085,0.0017898559570319605,0.0,0.0,0.0,-0.0007918843209634031
0bc4310298d34311a063c0fc07879f4f,0.0,0.0,0.0,0.0,0.008345696386762594,0.012404372676335125,0.006462572974263908,0.003170156478880859,0.0,0.0,0.0,0.0,0.007695636753729359,0.011909531098987734,0.005540326788302339,0.0032007694244375884,0.0,0.0,0.0,0.0006500596330332349
0c6013f2ffd8405794d09dff6f7f412d,11.489921144578346,24.8421013603922,24.8421013603922,5.887499999999999,1.6580551373977088,2.2431004812905972,1.0284509108215296,0.07586059570312376,11.489921144578346,24.8421013603922,24.8421013603922,5.887499999999999,1.6580551373977088,2.2431004812905972,1.0284509108215296,0.07586059570312376,11.489921144578346,11.489921144578346,0.0,0.0
0c7e29325ae5462ca0fd1d45b2fcda8b,0.0,0.0,0.0,0.0,0.03099530537084392,0.04787969338940145,0.037247868808409496,0.003052425384520774,0.0,0.0,0.0,0.0,0.0431073590292798,0.06353217158110588,0.04553841474683652,0.004142332077025301,0.0,0.0,0.0,-0.01211205365843588
0ca7e4ab1f17416b9b40a867becc746e,2.0999999999999996,4.800000000000004,4.799999999999997,0.07500000000000018,0.29869877173701265,0.4847160043271128,0.15683346324936878,0.008413982391358044,1.7249999999999996,4.799999999999997,4.799999999999997,0.07500000000000018,0.26477101126666014,0.4464724361297618,0.14291376185370092,0.008676195144652787,2.0999999999999996,1.7249999999999996,0.375,0.03392776047035251
0d2c39d562e7477fa7b158cd1478667c,0.39270509831248435,2.6832815729997477,1.2000000000000028,0.07500000000000018,0.23344501760159644,0.4401390909853285,0.12331980850610946,0.017673969268798828,0.39270509831248435,2.6832815729997477,1.2000000000000028,0.07500000000000018,0.23344501760159644,0.4401390909853285,0.12331980850610946,0.017673969268798828,0.39270509831248435,0.39270509831248435,0.0,0.0
0e966fcc0e204fcc99cdf4d6a30b7fbb,7.425000000000001,19.200000000000003,18.0,0.0,0.6803645316585083,1.0013449469560407,0.3996186633844953,0.005436801910400746,0.8250000000000002,3.599999999999998,0.0,0.0,0.16121589074005627,0.2672131681445536,0.09975307816249697,0.004645013809204457,7.425000000000001,0.8250000000000002,6.6000000000000005,0.519148640918452
0fa318e62d0540f5a20cda4b21842eda,0.0,0.0,0.0,0.0,0.025542805300925918,0.05366982937841038,0.023109350144490223,0.0072581291198732245,0.0,0.0,0.0,0.0,0.025542805300925918,0.05366982937841038,0.023109350144490223,0.0072581291198732245,0.0,0.0,0.0,0.0
102fb6fa7ea84b9ebd2775d460389d3c,0.15000000000000036,1.2000000000000028,0.0,0.0,0.02402794486809975,0.045650403225194536,0.009831282434831206,0.0009751796722410333,0.15000000000000036,1.2000000000000028,0.0,0.0,0.02402794486809975,0.045650403225194536,0.009831282434831206,0.0009751796722410333,0.15000000000000036,0.15000000000000036,0.0,0.0
1232e4600cb4400db443ae7e6a710c1c,2.25,7.200000000000003,7.200000000000003,0.0,0.535377331557062,1.0542291997153688,0.12718203757547983,0.026543855667114258,2.325,7.200000000000003,7.200000000000003,0.0,0.5377592209491624,1.0680693127389949,0.12882374615800343,0.02936224937438947,2.25,2.325,-0.07500000000000018,-0.002381889392100378
1247776e94cd4c2999df4d8cf07b43ee,0.5999999999999992,3.6000000000000014,0.0,0.0,0.0980003194851865,0.17616518091602906,0.018572294279561054,0.006464767456055842,0.5999999999999994,3.6000000000000014,0.0,0.0,0.11668179131302346,0.20509819787426825,0.03927848008559022,0.0066015243530284096,0.5999999999999992,0.5999999999999994,-2.220446049250313e-16,-0.018681471827836957
143a8e6ae77e44b08ce72eccd1659302,0.375,2.3999999999999986,0.0,0.0,0.06929754439318052,0.16008726670543144,0.023428700702642757,0.0014449596405028409,0.375,2.3999999999999986,0.0,0.0,0.07309508238996504,0.15731853624356204,0.026685796449487164,0.0019387722015387077,0.375,0.375,0.0,-0.0037975379967845196
15800bc3dc714c7097dc5f3eb22d49dc,2.249999999999999,6.0,0.0,0.0,0.2265213883428273,0.30050444784568464,0.17058042750933108,0.0029919147491450637,1.5749999999999997,3.6000000000000014,0.0,0.0,0.12574528667742588,0.17389209698137922,0.0954749854237109,0.0018731117248531604,2.249999999999999,1.5749999999999997,0.6749999999999994,0.10077610166540144
159259786fa9452984a95541fa7ec1ed,0.0,0.0,0.0,0.0,0.005637284111072222,0.01237551641639822,0.002857607825009785,0.002890348434448242,0.0,0.0,0.0,0.0,0.004685244434415457,0.010830433327386875,0.0034187469277706865,0.0033328056335446554,0.0,0.0,0.0,0.0009520396766567654
15ab3872150347678f4efca8c640ce75,0.0,0.0,0.0,0.0,0.12300053257988605,0.1749100960308622,0.0963544391145487,0.006031608581543502,0.0,0.0,0.0,0.0,0.12300053257988605,0.1749100960308622,0.0963544391145487,0.006031608581543502,0.0,0.0,0.0,0.0
15c9fc58c4544a929763a1f2a34a2269,4.161876687319859,6.4621977685614045,5.366563145999493,1.7999999999999998,0.20497414485435378,0.2583888245212785,0.22899543070029157,0.07690072059631481,4.161876687319859,6.4621977685614045,5.366563145999493,1.7999999999999998,0.16531016985697758,0.2443185224175697,0.2176645400973288,0.04815044403076296,4.161876687319859,4.161876687319859,0.0,0.0396639749973762
170cf44f4b394e639564bd69ff0829c7,0.0,0.0,0.0,0.0,0.046414419788989456,0.07037533995554601,0.053553216590417424,0.002833127975463867,0.0,0.0,0.0,0.0,0.04644997720665666,0.07096449140928794,0.05261050701942277,0.0029362678527835584,0.0,0.0,0.0,-3.555741766720494e-05
171635b86c1643e598b6e2fcb69030cd,0.44999999999999973,3.6000000000000014,3.6000000000000014,0.0,0.027877037840555702,0.048282499817271035,0.04565637310937563,0.014935970306396484,0.44999999999999973,3.6000000000000014,3.6000000000000014,0.0,0.02296350512672955,0.04904642704124165,0.038667049161037956,0.014111566543579368,0.44999999999999973,0.44999999999999973,0.0,0.004913532713826153
176ca096590a49d89567d01694a27c45,0.6750000000000005,2.3999999999999986,1.2000000000000028,0.0,0.08278421051030312,0.16865032663841384,0.017620495752022916,0.003077030181885654,0.6750000000000005,2.3999999999999986,1.2000000000000028,0.0,0.08278421051030312,0.16865032663841384,0.017620495752022916,0.003077030181885654,0.6750000000000005,0.6750000000000005,0.0,0.0
17893294a75d4ec1918cba9c0c358de1,0.24270509831248419,2.6832815729997477,0.0,0.07500000000000018,0.10398618668616486,0.24018542577175472,0.03247892197765692,0.009972667694091442,0.24270509831248419,2.6832815729997477,0.0,0.07500000000000018,0.10398618668616486,0.24018542577175472,0.03247892197765692,0.009972667694091442,0.24270509831248419,0.24270509831248419,0.0,0.0
17a00680440148a495caf18f86077781,0.0,0.0,0.0,0.0,0.03217331882998453,0.049922440115992874,0.03183279127974301,0.018111848831176225,0.0,0.0,0.0,0.0,0.03217331882998453,0.049922440115992874,0.03183279127974301,0.018111848831176225,0.0,0.0,0.0,0.0
17ea8c857d884c8ebb31ae19381e4322,0.0,0.0,0.0,0.0,0.025803212612775756,0.036148720699611135,0.017531115735085503,0.003501749038696378,0.0,0.0,0.0,0.0,0.021742576259522285,0.031274210373087634,0.013237362133852076,0.0030425548553467685,0.0,0.0,0.0,0.004060636353253471
1814989d6d634d2ba55a8bfc453c628c,0.07500000000000018,1.2000000000000028,1.2000000000000028,0.0,0.06648837063331886,0.147217165960731,0.010943318340423454,0.004533433914184926,0.07500000000000018,1.2000000000000028,1.2000000000000028,0.0,0.06648837063331886,0.147217165960731,0.010943318340423454,0.004533433914184926,0.07500000000000018,0.07500000000000018,0.0,0.0
182cbaa9d85740f68f3436acc6073ef7,0.0,0.0,0.0,0.0,0.16298909132840989,0.2588305990830653,0.10274167747661235,0.022771596908570668,0.0,0.0,0.0,0.0,0.16298909132840989,0.2588305990830653,0.10274167747661235,0.022771596908570668,0.0,0.0,0.0,0.0
1946640a90254a28b9e368d4d94562e5,0.40388736053508784,6.462197768561405,0.0,0.375,0.10483858294908845,0.32798804845741397,0.008809114470392086,0.010922241210937766,0.40388736053508784,6.462197768561405,0.0,0.375,0.10483858294908845,0.32798804845741397,0.008809114470392086,0.010922241210937766,0.40388736053508784,0.40388736053508784,0.0,0.0
1a5dbed725a640b2b2f961e07f685ffc,1.3499999999999996,2.400000000000002,1.1999999999999993,0.0,0.14880052709396768,0.343940105228224,0.015135377105352024,0.003680706024169478,1.725,3.6000000000000014,2.400000000000002,0.0,0.254858680442085,0.5067680671967884,0.03939381745028078,0.003867959976196378,1.3499999999999996,1.725,-0.37500000000000044,-0.1060581533481173
1ac5ee6af3e847f0bf3b0626ec153179,0.0,0.0,0.0,0.0,0.01190585201238236,0.030670771436266394,0.01594997376076166,0.0006257057189951176,0.0,0.0,0.0,0.0,0.01190585201238236,0.030670771436266394,0.01594997376076166,0.0006257057189951176,0.0,0.0,0.0,0.0
1ae0605ba30943989bb5f430815e27a8,2.25,7.200000000000003,7.200000000000003,0.0,0.4202574213458181,0.765236582541093,0.2555268734193032,0.013138961791992365,2.25,7.200000000000003,7.200000000000003,0.0,0.4202574213458181,0.765236582541093,0.2555268734193032,0.013138961791992365,2.25,2.25,0.0,0.0
1c5c0aea435941cc85d436afd450c22b,0.22499999999999987,1.2000000000000028,0.0,0.1499999999999999,0.06002207694428893,0.09568204501936224,0.032799894389379754,0.01669192314148038,0.22499999999999987,1.2000000000000028,0.0,0.1499999999999999,0.06002207694428893,0.09568204501936224,0.032799894389379754,0.01669192314148038,0.22499999999999987,0.22499999999999987,0.0,0.0
1cc4743fc70047ad8eac0777e43cfe57,7.081789886856733,20.4,20.4,2.9999999999999996,0.4775064695644321,0.8502315096004426,0.13826182042526383,0.09025840759277326,7.293362624230869,20.4,20.4,3.15,0.5725381617021785,0.9810688467226675,0.15909214995275506,0.09702501296997035,7.081789886856733,7.293362624230869,-0.2115727373741363,-0.09503169213774643
1cd5675706444c709853445988445db8,3.699218181613375,34.83102065687998,0.0,1.6875000000000002,0.2772650815148203,0.4642029525338478,0.10511476877549077,0.018373203277588068,3.699218181613375,34.83102065687998,0.0,1.6875000000000002,0.2772650815148203,0.4642029525338478,0.10511476877549077,0.018373203277588068,3.699218181613375,3.699218181613375,0.0,0.0
1cff332ca9fe445aad327bdd01c29e70,0.457426463519459,6.118823416311341,6.118823416311341,0.07499999999999973,0.05634540201517882,0.10840967344032426,0.05124212452099753,0.010992193222046698,0.457426463519459,6.118823416311341,6.118823416311341,0.07499999999999973,0.04082926152777819,0.08275065398800328,0.0399291185237033,0.009852647781371626,0.457426463519459,0.457426463519459,0.0,0.015516140487400631
1d0745e306594cd0a5ec16cf63d496c2,0.0,0.0,0.0,0.0,0.0507639074521446,0.07898333313533253,0.07295182123626613,0.013854503631591353,0.0,0.0,0.0,0.0,0.05375848001839918,0.08422437042941472,0.07689474264469269,0.013770675659179776,0.0,0.0,0.0,-0.002994572566254586
1e443d89682740b6914727baf1e43c78,0.07499999999999996,1.1999999999999993,0.0,0.0,0.03765418289023576,0.07063083900215963,0.008954220454336474,0.002980756759643821,0.07499999999999996,1.1999999999999993,0.0,0.0,0.031428227365553243,0.05849848148921056,0.009661152181381723,0.003470563888551048,0.07499999999999996,0.07499999999999996,0.0,0.006225955524682518
1e7cd9c4ba56457f945d1912f0e43e73,4.598998931743196,10.8664621657649,7.199999999999996,0.3750000000000009,0.31544811817332713,0.502661811924589,0.26385641054948045,0.020915651321411932,2.94623759602743,10.866462165764897,4.799999999999997,0.3000000000000007,0.19434142910575147,0.37128468885722604,0.15224340955981772,0.017079877853393377,4.598998931743196,2.94623759602743,1.6527613357157662,0.12110668906757566
1e8b732e51b849a484f642c387b75c1b,1.7829162199718385,4.947726750741191,3.794733192202054,0.3750000000000009,0.34229521459339984,0.4881624630168722,0.2690702049513468,0.009852647781372514,1.5457453954592095,4.947726750741191,3.794733192202054,0.3000000000000007,0.2609677311640427,0.379679680376473,0.21083750758836414,0.007323646545410067,1.7829162199718385,1.5457453954592095,0.23717082451262894,0.08132748342935714
1e98565f9a204ac3bf6a7fad5b8b0530,1.4249999999999998,3.599999999999998,2.3999999999999986,0.0,0.29006893365316755,0.6090679011255772,0.04925202204085852,0.019041252136229314,1.1249999999999996,2.400000000000002,2.3999999999999986,0.0,0.23295794265376912,0.535516158541411,0.02852510502284344,0.019902563095091974,1.4249999999999998,1.1249999999999996,0.30000000000000027,0.057110990999398425
1f8ffa340b7a425fb3574477a849c3d9,0.0,0.0,0.0,0.0,0.07803878436104283,0.10814209023128694,0.06855903819535081,0.005607604980470082,0.0,0.0,0.0,0.0,0.07803878436104283,0.10814209023128694,0.06855903819535081,0.005607604980470082,0.0,0.0,0.0,0.0
1fbeb180dcb940268ce8dc4b6d544f53,0.6749999999999998,4.799999999999997,0.0,0.0,0.08241537741687326,0.11394200609492558,0.05842154522231017,0.0032139301300055934,0.44999999999999973,4.799999999999997,0.0,0.0,0.049828043361375,0.07304296577497259,0.03809549569354836,0.0029853343963619494,0.6749999999999998,0.44999999999999973,0.2250000000000001,0.032587334055498254
202d65a85c79410f9056991d2b8ca95e,0.0,0.0,0.0,0.0,0.05777636006083497,0.09430648560724274,0.0786009279201803,0.010542726516723278,0.0,0.0,0.0,0.0,0.05560438312182468,0.09086766358363152,0.07570175294907854,0.010992765426635298,0.0,0.0,0.0,0.0021719769390102853
20c24bdd80bf4904afad6e0c2da15572,2.4749999999999996,9.599999999999994,9.599999999999994,0.0,0.2616144524376749,0.41794154370595527,0.11960546743668969,0.003995847702026101,2.0249999999999995,9.599999999999994,9.599999999999994,0.0,0.23043779052966434,0.3707572360111706,0.10653609782564831,0.0039446353912353516,2.4749999999999996,2.0249999999999995,0.4500000000000002,0.03117666190801055
20d3a69979874bae88d539b06e3d103a,0.0,0.0,0.0,0.0,0.0028162259114871426,0.006172082096260972,0.004690550578906647,0.0005177021026616657,0.0,0.0,0.0,0.0,0.0075400691913723875,0.013894640354689377,0.013894640354689377,0.0030275344848642582,0.0,0.0,0.0,-0.004723843279885245
21264665e06c47f080828a1be4e7c242,0.0,0.0,0.0,0.0,0.05804829507987993,0.09163974986053203,0.06900330990557153,0.0033785820007325995,0.0,0.0,0.0,0.0,0.05804829507987993,0.09163974986053203,0.06900330990557153,0.0033785820007325995,0.0,0.0,0.0,0.0
2129f7f0aa3e45a5b58df9ddd62ecab2,2.325,4.800000000000001,1.2000000000000028,0.0,0.315867911595779,0.434966794477395,0.22361813648034845,0.007169723510741743,1.425,3.599999999999998,1.2000000000000028,0.0,0.12923382138562098,0.1773200705281411,0.09592973493443352,0.004612827301025746,2.325,1.425,0.9000000000000001,0.186634090210158
21396e284e314570977466255e4e96f5,1.05,4.799999999999997,4.799999999999997,0.0,0.1874385552065847,0.3183791773408113,0.05805737015821158,0.002897644042968661,1.05,4.799999999999997,4.799999999999997,0.0,0.1874385552065847,0.3183791773408113,0.05805737015821158,0.002897644042968661,1.05,1.05,0.0,0.0
2202430c861a43888255efaa7740e131,0.0,0.0,0.0,0.0,0.07892987664725631,0.1141518542601145,0.0832683384479965,0.00910835266113219,0.0,0.0,0.0,0.0,0.07892987664725631,0.1141518542601145,0.0832683384479965,0.00910835266113219,0.0,0.0,0.0,0.0
224e8308c04f400da0f8cc76a51ff19e,0.22499999999999987,3.599999999999998,3.599999999999998,0.0,0.04014031113187228,0.12371606568183527,0.019120749121237336,0.003189754486083718,0.22499999999999987,2.3999999999999986,2.3999999999999986,0.0,0.044504072537997375,0.1300631958579536,0.010406244000868526,0.004555034637451438,0.22499999999999987,0.22499999999999987,0.0,-0.004363761406125093
22eab383ab9c492abeeecc4875dc9364,0.2999999999999998,3.599999999999998,0.0,0.0,0.02546827794911112,0.10440375629208526,0.010782180919573068,0.0017048835754396308,0.2999999999999998,3.599999999999998,0.0,0.0,0.02546827794911112,0.10440375629208526,0.010782180919573068,0.0017048835754396308,0.2999999999999998,0.2999999999999998,0.0,0.0
23f9e9c26d4c47a5afea459f1e7437a6,1.1324264635194592,6.118823416311341,6.118823416311341,0.07499999999999973,0.13510225758466538,0.20745994464254108,0.018543333560709915,0.01029267311096227,0.2999999999999998,2.3999999999999986,0.0,0.0,0.027363829368907095,0.053435517528426305,0.043023485392160235,0.009737920761108576,1.1324264635194592,0.2999999999999998,0.8324264635194594,0.10773842821575828
24684b9c5ad44496ad6214dae1c19581,1.5284347052154978,8.73613186713662,0.0,0.22499999999999964,0.2644028902273702,0.39829958919065955,0.15305761188259387,0.024823808670045633,1.0710082416960391,8.73613186713662,0.0,0.1499999999999999,0.18804406450941194,0.26843224268792165,0.12062592812606832,0.024821090698242898,1.5284347052154978,1.0710082416960391,0.4574264635194587,0.07635882571795824
247c70b9424341c2a1dc5555adce09d6,0.1499999999999999,1.1999999999999993,0.0,0.0,0.3279777616835676,0.5536759518411158,0.1541699872883879,0.021727037429809304,0.1499999999999999,1.1999999999999993,0.0,0.0,0.3008796639938517,0.502288787122033,0.14188484051859157,0.01932277679443306,0.1499999999999999,0.1499999999999999,0.0,0.02709809768971594
248f5231a8c94b5da0b58e515ad68298,2.6306306778901205,7.683749084919417,7.683749084919417,1.0499999999999985,0.20138546834218923,0.331104897786235,0.09216597001824216,0.06651964187622195,3.278570094010068,7.683749084919417,7.683749084919417,1.4249999999999985,0.31067398392476697,0.4785926064058065,0.15207713710441523,0.0938939094543465,2.6306306778901205,3.278570094010068,-0.6479394161199474,-0.10928851558257774
259718b177e84706b743f657f9ab7537,0.6000000000000001,2.400000000000002,0.0,0.0,0.14307474726467384,0.2545796692704646,0.038000497349271946,0.00456690788269043,1.2,3.6000000000000014,0.0,0.0,0.20144277583539438,0.42140691218512044,0.03283309098858727,0.004117584228515714,0.6000000000000001,1.2,-0.5999999999999999,-0.05836802857072054
25bb601da8f74d6aadf9cbc447d3c0bb,0.7500000000000002,8.399999999999999,8.399999999999999,0.0,0.07845787385906425,0.16416381138880232,0.005116999876151719,0.003935909271239879,0.7500000000000002,8.399999999999999,8.399999999999999,0.0,0.07845787385906425,0.16416381138880232,0.005116999876151719,0.003935909271239879,0.7500000000000002,0.7500000000000002,0.0,0.0
26372d156431456ea3093a3d32a0b6db,0.0,0.0,0.0,0.0,0.00680101925819173,0.012691074911216085,0.012597578070637837,0.0007734775543206673,0.0,0.0,0.0,0.0,0.008030968302776182,0.014161032390619967,0.013074898066592726,0.0006495952606191402,0.0,0.0,0.0,-0.0012299490445844517
263fe6da3d174b45aab50a866d33a89c,0.0,0.0,0.0,0.0,0.05824484074886593,0.09089415253788911,0.06628670002692533,0.004167222976683593,0.0,0.0,0.0,0.0,0.05824484074886593,0.09089415253788911,0.06628670002692533,0.004167222976683593,0.0,0.0,0.0,0.0
273ee10b061744d8a23f353cc0dd1973,0.45923292192132437,4.947726750741191,0.0,0.07500000000000018,0.04868168561910102,0.0884801758887287,0.006466481816652627,0.008057928085327681,0.30923292192132446,4.947726750741191,0.0,0.07500000000000018,0.019980663209851528,0.04114759176874707,0.003421262873722672,0.00673985481262207,0.45923292192132437,0.30923292192132446,0.1499999999999999,0.028701022409249495
274763ea86e64977a6e4c7bcc643b8c6,0.0,0.0,0.0,0.0,0.03759200382727658,0.07001458178219137,0.0049973166075899704,0.00173349380493093,0.0,0.0,0.0,0.0,0.03164849459728268,0.06484848276372703,0.004501451717283934,0.0019472122192376595,0.0,0.0,0.0,0.0059435092299938985
2776d0d502e94091a3b5cfe7b42bb48d,0.0,0.0,0.0,0.0,0.380108743992518,0.5199736393235681,0.2738592868691899,0.02281236648559526,0.0,0.0,0.0,0.0,0.380108743992518,0.5199736393235681,0.2738592868691899,0.02281236648559526,0.0,0.0,0.0,0.0
2798769c09e8461f9e9f9e93d1733001,0.8250000000000002,3.6000000000000014,1.2000000000000028,0.0,0.12489784059444554,0.16999402584118417,0.1166302685993931,0.002935266494750177,0.3750000000000002,1.2000000000000028,0.0,0.0,0.09145326819383436,0.13062641618228604,0.06907654267419151,0.0017839908599843746,0.8250000000000002,0.3750000000000002,0.44999999999999996,0.03344457240061119
27db88f43951479fb01b30ecb05b42a8,1.0060660171779818,5.999999999999999,1.1999999999999993,0.30000000000000004,0.10642445572133147,0.18161899957055663,0.05945041578596501,0.04409008026123118,0.9310660171779819,5.999999999999999,1.1999999999999993,0.30000000000000004,0.10049731324779383,0.16846117080391512,0.06252574874544427,0.053651332855224165,1.0060660171779818,0.9310660171779819,0.07499999999999996,0.005927142473537636
29924498950847cf978e6bab1c42722c,0.07499999999999996,1.1999999999999993,0.0,0.0,0.08549420867660411,0.218904127261542,0.016690364799355952,0.00810184478759668,0.07499999999999996,1.1999999999999993,0.0,0.0,0.08549420867660411,0.218904127261542,0.016690364799355952,0.00810184478759668,0.07499999999999996,0.07499999999999996,0.0,0.0
299d834e4afe415880ab536ee7cac84c,0.07499999999999973,1.1999999999999957,0.0,0.07499999999999973,0.021441871054145165,0.042760131734979515,0.02311491701321887,0.013387155532837092,0.24270509831248416,2.683281572999751,0.0,0.1499999999999999,0.031048641180951183,0.07996156345929827,0.026699220678975413,0.014354610443115146,0.07499999999999973,0.24270509831248416,-0.16770509831248442,-0.009606770126806018
29f1d24272df4ee289273295c188b759,1.0743416490252564,3.7947331922020506,3.7947331922020506,0.15000000000000036,0.16250096695324823,0.3585098596809338,0.08994674048424596,0.016471338272094016,1.0743416490252564,3.7947331922020506,3.7947331922020506,0.15000000000000036,0.14505373397657906,0.3274568534648123,0.08085901377560463,0.01636676788330016,1.0743416490252564,1.0743416490252564,0.0,0.01744723297666917
2a16bef3c1494de3a582f298fea9fa0e,0.0,0.0,0.0,0.0,0.028909428828174214,0.05256718921107517,0.03486078467766408,0.003824329376220348,0.0,0.0,0.0,0.0,0.038733774549322614,0.06904818868868602,0.04168699945921738,0.004235029220581055,0.0,0.0,0.0,-0.0098243457211484
2a2d180d999843f6b2b9756b60624576,0.0,0.0,0.0,0.0,0.0911241623941152,0.12777459198163232,0.06074014431040575,0.006536865234375355,0.0,0.0,0.0,0.0,0.0911241623941152,0.12777459198163232,0.06074014431040575,0.006536865234375355,0.0,0.0,0.0,0.0
2a5b7ca84a824dc3bff2159ec8c180ac,0.0,0.0,0.0,0.0,0.1151008786764513,0.2425546931636615,0.05766827397604409,0.00933766365051314,0.0,0.0,0.0,0.0,0.1151008786764513,0.2425546931636615,0.05766827397604409,0.00933766365051314,0.0,0.0,0.0,0.0
2ab351dd2aa44cc59b4df94feb2b5fa1,2.560660171779822,8.485281374238573,8.485281374238573,0.15000000000000036,0.21968815189293622,0.3865305910182185,0.16008117500781383,0.0079190254211432,2.2615372756622767,8.485281374238573,8.485281374238573,0.15000000000000036,0.18829883169413975,0.3475522200340821,0.13210028530818174,0.007814311981201083,2.560660171779822,2.2615372756622767,0.29912289611754517,0.03138932019879648
2b297685ee644a94bcfebde73186796d,0.0,0.0,0.0,0.0,0.00896210004750591,0.015745295213852963,0.013238085347695085,0.005538368225098456,0.0,0.0,0.0,0.0,0.00896210004750591,0.015745295213852963,0.013238085347695085,0.005538368225098456,0.0,0.0,0.0,0.0
2bb61f7343cf45ec857b602f72f2d319,0.6053300858899108,3.3941125496954285,1.697056274847718,0.4500000000000002,0.060031344752891916,0.13788298392239592,0.017051925350429133,0.0205078125,0.7113961030678932,3.3941125496954285,1.697056274847718,0.5250000000000004,0.059314570788552456,0.1346581191436764,0.021125936786665484,0.022378921508789507,0.6053300858899108,0.7113961030678932,-0.10606601717798247,0.0007167739643394594
2bb732577bc3469faffcf42f96a56d0f,0.9750000000000001,2.400000000000002,0.0,0.0,0.19892475921479258,0.3978392227514168,0.019726237032346165,0.007600879669188654,1.1250000000000004,2.4000000000000057,0.0,0.0,0.2098186266029678,0.4135190460831145,0.029060408886876055,0.007183027267456676,0.9750000000000001,1.1250000000000004,-0.15000000000000036,-0.010893867388175216
2bd8c7c927914921a022c2ad3b9d025f,0.0,0.0,0.0,0.0,0.015671018832372374,0.02670989489398427,0.02670989489398427,0.0018732547760005325,0.0,0.0,0.0,0.0,0.01714268575917264,0.028591125671496985,0.028591125671496985,0.0017141819000232594,0.0,0.0,0.0,-0.001471666926800265
2c5ddecd3e2048598d9e8259e9765874,0.6749999999999996,2.3999999999999986,0.0,0.0,0.10195390780083935,0.2211607844230231,0.013876311984003182,0.012825393676759056,0.6749999999999996,2.3999999999999986,0.0,0.0,0.10368607476728503,0.2188305909424048,0.01118629363438537,0.011559391021728871,0.6749999999999996,0.6749999999999996,0.0,-0.0017321669664456807
2c5e5aed2bc849f49b8f74d867bf6ae0,0.5475422309809328,2.6832815729997463,2.6832815729997463,0.4500000000000002,0.09278412635327127,0.1578087092908596,0.12430723880189525,0.04356966018676678,0.5475422309809328,2.6832815729997463,2.6832815729997463,0.4500000000000002,0.09278412635327127,0.1578087092908596,0.12430723880189525,0.04356966018676678,0.5475422309809328,0.5475422309809328,0.0,0.0
2ed4898428f6463dbb254de49bbf426d,0.5250000000000001,3.6000000000000014,3.6000000000000014,0.0,0.14173307072908392,0.23599489666435747,0.10388607748273178,0.003053712844848011,0.5250000000000001,3.6000000000000014,3.6000000000000014,0.0,0.14173307072908392,0.23599489666435747,0.10388607748273178,0.003053712844848011,0.5250000000000001,0.5250000000000001,0.0,0.0
2f1ea51cd0a94a4d99f3e7ba83afde28,3.075,6.0,6.0,0.0,0.607356855107082,1.0575110246111274,0.34085251666350597,0.020274496078490856,3.075,6.0,6.0,0.0,0.6018006697735115,1.0501232406933159,0.33558547362568036,0.019806575775146218,3.075,3.075,0.0,0.005556185333570496
2ff5689a089844f0a2097b1883916003,6.167116978636666,19.863534428696212,19.863534428696212,2.5499999999999994,0.6350191269800138,0.997841799463422,0.30624367974790656,0.13505544662475533,5.693012042722739,19.863534428696212,19.863534428696212,2.2499999999999996,0.5962311271957458,0.9161226464775816,0.2847285494172131,0.09802694320678729,6.167116978636666,5.693012042722739,0.47410493591392733,0.03878799978426806
3057b6636fb24702802896cd944f9593,3.2669989233841306,8.48528137423857,8.48528137423857,0.375,0.3645114285500827,0.8739966064325948,0.03141029327323887,0.03554391860961914,2.8116688374942203,8.48528137423857,8.48528137423857,0.2999999999999998,0.32312571397999046,0.7644188591942327,0.04464548721665586,0.03500018119812065,3.2669989233841306,2.8116688374942203,0.4553300858899103,0.041385714570092214
3082b36a962f4174aff23dd948f5ff85,0.4381214439722835,4.3266615305567875,0.0,0.2250000000000001,0.03845232552303057,0.10069759088741338,0.02270101187811191,0.022497653961181197,0.0,0.0,0.0,0.0,0.0351797886566321,0.09286273153757038,0.010542328172336881,0.018087959289550426,0.4381214439722835,0.0,0.4381214439722835,0.0032725368663984733
30d2d1e393ef48b1a3f866d8519dceda,0.0,0.0,0.0,0.0,0.006262363416594429,0.009989951456933687,0.009956439840057212,0.0013109207153312319,0.0,0.0,0.0,0.0,0.005738738217816467,0.011721181617227011,0.007967205423837782,0.002373933792114702,0.0,0.0,0.0,0.0005236251987779618
30eb523939e2405cb8e510c9aaf080c7,2.625,8.399999999999999,8.399999999999999,0.0,0.33157416235783854,0.4722279764495572,0.2146206100623302,0.0048245429992683775,3.45,7.199999999999996,7.199999999999996,0.0,0.49165317940914355,0.7249518263575495,0.33969684693488206,0.008460474014283292,2.625,3.45,-0.8250000000000002,-0.160079017051305
30ec9fa5b6f54b0483f9bcfaf2907fd5,0.07500000000000018,1.2000000000000028,0.0,0.0,0.004249308477906833,0.009615626667553272,0.00275344468114226,0.0015872955322264737,0.07500000000000018,1.2000000000000028,0.0,0.0,0.004249308477906833,0.009615626667553272,0.00275344468114226,0.0015872955322264737,0.07500000000000018,0.07500000000000018,0.0,0.0
30fef0d4880a4412ad9f68b10d8955d1,0.0,0.0,0.0,0.0,0.02319734134138486,0.03483671951624519,0.022397526971085196,0.007781982421875444,0.0,0.0,0.0,0.0,0.02319734134138486,0.03483671951624519,0.022397526971085196,0.007781982421875444,0.0,0.0,0.0,0.0
316e6888424e41d4adb854ff00b926b6,0.28713203435596435,3.3941125496954263,0.0,0.2250000000000001,0.06625032666453178,0.13468473099230083,0.022763524662559757,0.014407539367675692,0.28713203435596435,3.3941125496954263,0.0,0.2250000000000001,0.06625032666453178,0.13468473099230083,0.022763524662559757,0.014407539367675692,0.28713203435596435,0.28713203435596435,0.0,0.0
3170eea95f914bb597dd15e3be88345b,1.9130631318747364,6.118823416311341,4.9477267507411895,0.2999999999999994,0.278830229096717,0.4609869450809572,0.15948423663059033,0.03030538558959872,1.9130631318747364,6.118823416311341,4.9477267507411895,0.2999999999999994,0.278830229096717,0.4609869450809572,0.15948423663059033,0.03030538558959872,1.9130631318747364,1.9130631318747364,0.0,0.0
31d071a119c6449dae7c9039ce8ef79d,7.1736587198561015,29.578539517697624,29.578539517697624,1.2,0.4923024053056566,0.7466484747674174,0.22110874101298042,0.01676430702209375,6.723658719856101,29.578539517697624,29.578539517697624,1.2,0.449153181910445,0.6985174403899918,0.1911368415290645,0.015163993835448863,7.1736587198561015,6.723658719856101,0.4500000000000002,0.0431492233952116
328fd8f2e946430b9b2b83f75dbc67fd,2.571403746433953,4.947726750741191,3.7947331922020573,0.15000000000000036,0.48946497701747504,0.7329525591130456,0.26212090542925104,0.01644601821899494,2.571403746433953,4.947726750741191,3.7947331922020573,0.15000000000000036,0.4429953921726485,0.6659747472821718,0.22913596906806896,0.016575193405150568,2.571403746433953,2.571403746433953,0.0,0.04646958484482655
34caa21ef8594cb188bc52649f57e4b3,0.0,0.0,0.0,0.0,0.09772306022522423,0.14917587180414799,0.12627051252395,0.0107161045074462,0.0,0.0,0.0,0.0,0.09908065323476731,0.1523395328385097,0.12902876192746038,0.010799646377563032,0.0,0.0,0.0,-0.0013575930095430788
3514d4a3474440c49fbe126af4dc1c55,0.07499999999999973,1.1999999999999957,0.0,0.0,0.029168832532496046,0.056083701596483876,0.006959297035637456,0.010182094573973899,0.0,0.0,0.0,0.0,0.022751077977600568,0.04269392667252006,0.005087353328828473,0.006041908264159179,0.07499999999999973,0.0,0.07499999999999973,0.006417754554895478
363dd5e0bec74edc958547759324c56a,2.85,8.399999999999999,8.399999999999999,0.0,0.34575362007811816,0.6436409473821036,0.1714712787909149,0.015992546081542436,2.85,8.399999999999999,8.399999999999999,0.0,0.34575362007811816,0.6436409473821036,0.1714712787909149,0.015992546081542436,2.85,2.85,0.0,0.0
37b397c6f4114ce69ce15f70eb6c9340,1.3537406715840665,12.059850745345068,12.059850745345068,0.07500000000000018,0.1005045767190611,0.16663853744175666,0.07782994232596027,0.003577852249145863,1.9537406715840668,12.059850745345068,12.059850745345068,0.07500000000000018,0.14683164995610334,0.2544837743014125,0.1131379792807,0.0030027866363533384,1.3537406715840665,1.9537406715840668,-0.6000000000000003,-0.04632707323704224
37bc30e4e4de4a7681106582ae93e722,1.1249999999999998,4.800000000000004,1.2000000000000028,0.0,0.16094737911894036,0.26710369531412775,0.0931361256910648,0.002938699722290661,1.1249999999999998,4.800000000000004,1.2000000000000028,0.0,0.16094737911894036,0.26710369531412775,0.0931361256910648,0.002938699722290661,1.1249999999999998,1.1249999999999998,0.0,0.0
386cf99395154f089c40658a1903df65,0.0,0.0,0.0,0.0,0.04183426621214517,0.05959221509559065,0.038100954909770654,0.013129091262816583,0.0,0.0,0.0,0.0,0.04363478038516566,0.06360370175100703,0.03945989232046494,0.013082170486450106,0.0,0.0,0.0,-0.0018005141730204899
3949e585a6064fd6a9818ef8bf09fcd8,0.6062071897723664,7.29931503635786,0.0,0.07500000000000018,0.050355907259074614,0.07701619658450991,0.037619815719556214,0.0009274005889898795,0.6062071897723664,7.29931503635786,0.0,0.07500000000000018,0.050355907259074614,0.07701619658450991,0.037619815719556214,0.0009274005889898795,0.6062071897723664,0.6062071897723664,0.0,0.0
3976f7f63a5c498dae351de74590d5ce,0.5249999999999999,1.2000000000000028,0.0,0.0,0.0530569113795363,0.145187810469208,0.060391759202706466,0.0047809123992923475,0.5249999999999999,1.2000000000000028,0.0,0.0,0.0530569113795363,0.145187810469208,0.060391759202706466,0.0047809123992923475,0.5249999999999999,0.5249999999999999,0.0,0.0
39c87a6a8a3f457c9f9d148d241cfc8d,0.0,0.0,0.0,0.0,0.16119274297619668,0.22463607908187544,0.13090432061517232,0.01043701171875,0.0,0.0,0.0,0.0,0.16119274297619668,0.22463607908187544,0.13090432061517232,0.01043701171875,0.0,0.0,0.0,0.0
3a16cdd7ce82444c98dbd16d2d143643,0.0,0.0,0.0,0.0,0.5162802707456312,0.6548802540233976,0.4610632265046763,0.0177615165710443,0.0,0.0,0.0,0.0,0.4977369877548745,0.6320288264775883,0.45980955021902187,0.018950414657592063,0.0,0.0,0.0,0.018543282990756693
3a69e1fd93f142b8b01e68242d284969,0.6000000000000001,3.6000000000000014,0.0,0.0,0.12102425482808618,0.2012213392115721,0.05709674461766463,0.003951787948606178,0.5249999999999999,2.400000000000002,0.0,0.0,0.11849964402645258,0.19655480926081267,0.059777772244000084,0.003275299072265092,0.6000000000000001,0.5249999999999999,0.07500000000000018,0.0025246108016336033
3a79189434434908b4ad669e2ab6a03b,2.2151649143979877,12.354756169184405,0.0,1.0500000000000003,0.10090807509591143,0.16424924669407703,0.07214822283276609,0.01590027809143013,2.2151649143979877,12.354756169184405,0.0,1.0500000000000003,0.10061124035245393,0.16552511310234524,0.07010460233578214,0.016112136840818803,2.2151649143979877,2.2151649143979877,0.0,0.0002968347434574997
3b74128412b54e88bd1c547ca7be57d5,0.30000000000000027,1.2000000000000028,0.0,0.0,0.039364655330776155,0.050849353189084026,0.041335393957309584,0.0030843257904047405,0.30000000000000027,1.2000000000000028,0.0,0.0,0.039364655330776155,0.050849353189084026,0.041335393957309584,0.0030843257904047405,0.30000000000000027,0.30000000000000027,0.0,0.0
3b775ef6723e416f9dcd26e116a756df,0.42041634565979913,4.3266615305567875,4.3266615305567875,0.30000000000000004,0.09054161984999629,0.15237385415124702,0.07076872410648068,0.03709902763366735,2.2120064878978862,31.295047531518463,31.295047531518463,1.85625,0.13012803714596485,0.1975400203657144,0.1133880698627922,0.05170125961303684,0.42041634565979913,2.2120064878978862,-1.791590142238087,-0.03958641729596857
3b88aaf7a61c4c25ba12d3fb2d1c33e3,5.8578475555206975,18.039955654047485,0.0,0.22500000000000053,0.186295768108454,0.3597522992490516,0.15446301531958162,0.01079692840576163,5.8578475555206975,18.039955654047485,0.0,0.22500000000000053,0.186295768108454,0.3597522992490516,0.15446301531958162,0.01079692840576163,5.8578475555206975,5.8578475555206975,0.0,0.0
3bb50b821c47433ea30d1da270155d9b,1.7641088447464373,4.9477267507411895,3.794733192202055,0.22499999999999964,0.3917157406072176,0.5969980158077041,0.2355913099857714,0.04711089134216406,1.7641088447464373,4.9477267507411895,3.794733192202055,0.22499999999999964,0.3917157406072176,0.5969980158077041,0.2355913099857714,0.04711089134216406,1.7641088447464373,1.7641088447464373,0.0,0.0
3c23cd7c54034c298278d81d0b3d3954,0.3310660171779821,1.6970562748477156,0.0,0.1499999999999999,0.13332454145895278,0.39209206558514986,0.08229032099436034,0.04245600700378516,0.3310660171779821,1.6970562748477156,0.0,0.1499999999999999,0.13332454145895278,0.39209206558514986,0.08229032099436034,0.04245600700378516,0.3310660171779821,0.3310660171779821,0.0,0.0
3ccf926957e3498d8e076a582c79de7d,0.825,2.3999999999999986,2.3999999999999986,0.07500000000000018,0.10537179206674598,0.13444964269994789,0.09176541751028798,0.004551887512207031,0.5250000000000004,2.3999999999999986,0.0,0.0,0.09039203219061206,0.11295951869570214,0.07964288951003894,0.005039691925049272,0.825,0.5250000000000004,0.2999999999999996,0.01497975987613391
3d206a3f1b354cecac72da662d1cc6d4,1.5671783091696838,6.118823416311339,0.0,0.45000000000000107,0.3689719801958308,0.5491511079515521,0.14370850856378833,0.03695669174194327,1.437879960236904,4.947726750741194,0.0,0.45000000000000107,0.331399707770888,0.48930060119423047,0.12042252449221924,0.035722589492797496,1.5671783091696838,1.437879960236904,0.12929834893277992,0.037572272424942765
3d23611072a642bba2fb4dee88421a6b,0.0,0.0,0.0,0.0,0.08785537816936362,0.21026629203766573,0.022072235602275645,0.008023166656493164,0.0,0.0,0.0,0.0,0.08785537816936362,0.21026629203766573,0.022072235602275645,0.008023166656493164,0.0,0.0,0.0,0.0
3d8c74afd1874cc7af0e37632f0b258d,0.0,0.0,0.0,0.0,0.2698813091717016,0.400983811363825,0.23722071394816802,0.022355747222901456,0.0,0.0,0.0,0.0,0.2698813091717016,0.400983811363825,0.23722071394816802,0.022355747222901456,0.0,0.0,0.0,0.0
3db7ad888728438193a53d0477ea4eff,0.5999999999999999,1.2000000000000028,1.2000000000000028,0.0,0.06572742270443002,0.0959363400448577,0.06794944660691526,0.006534004211426581,0.1499999999999999,1.2000000000000028,0.0,0.0,0.05329180996832472,0.0804931612314164,0.055771655326406704,0.006910800933838335,0.5999999999999999,0.1499999999999999,0.44999999999999996,0.0124356127361053
3e755d84f9634ee780b76847cd0f917b,0.0,0.0,0.0,0.0,0.03875890984842601,0.05865517561561681,0.043192785079414785,0.004371929168700994,0.0,0.0,0.0,0.0,0.03875890984842601,0.05865517561561681,0.043192785079414785,0.004371929168700994,0.0,0.0,0.0,0.0
3f218535b2ab49088401fcfa69cf5acc,2.624999999999999,6.0,6.0,0.0,0.3809133576751378,0.6394747369676638,0.1985453449071097,0.00897974967956472,2.624999999999999,6.0,6.0,0.0,0.3809133576751378,0.6394747369676638,0.1985453449071097,0.00897974967956472,2.624999999999999,2.624999999999999,0.0,0.0
3f557d37d7554395b8b3dfae0be18b91,0.4500000000000002,3.599999999999998,0.0,0.0,0.043771092640262736,0.1292318099461855,0.06687527626991753,0.010815095901488991,0.4500000000000002,3.599999999999998,0.0,0.0,0.043771092640262736,0.1292318099461855,0.06687527626991753,0.010815095901488991,0.4500000000000002,0.4500000000000002,0.0,0.0
3f6274610db64041975221d29fa44573,0.0,0.0,0.0,0.0,0.12349031244650716,0.19625975640482576,0.16778920940534112,0.013927030563354759,0.0,0.0,0.0,0.0,0.1196615113614749,0.19059240979751466,0.16344678957603573,0.013216066360473455,0.0,0.0,0.0,0.003828801085032252
3f68cbbc204e42f797a5067240edcccf,0.5427050983124846,2.683281572999751,1.2000000000000028,0.07500000000000018,0.19591741349185987,0.3411647805944258,0.12008673816955431,0.014212703704834073,0.5427050983124846,2.683281572999751,1.2000000000000028,0.07500000000000018,0.19591741349185987,0.3411647805944258,0.12008673816955431,0.014212703704834073,0.5427050983124846,0.5427050983124846,0.0,0.0
4007e9dce59d4b9f935c770dbad5166d,1.1249999999999993,4.799999999999997,0.0,0.0,0.18384439114017712,0.40922193827817915,0.09813322155112023,0.053160953521727894,1.1249999999999993,4.799999999999997,0.0,0.0,0.18384439114017712,0.40922193827817915,0.09813322155112023,0.053160953521727894,1.1249999999999993,1.1249999999999993,0.0,0.0
401c8c710c3b4f6f9e6ef8a5de6022d0,4.583307770720612,10.866462165764897,10.866462165764897,0.15000000000000036,0.6118368447108766,1.0516061571415902,0.11355542815356945,0.011154842376708718,3.4541538853603058,10.866462165764897,10.866462165764897,0.07500000000000018,0.5056590494118814,0.89880582031936,0.07992709456561671,0.006288814544677557,4.583307770720612,3.4541538853603058,1.1291538853603065,0.10617779529899518
40361ae68e894233bd2d6fc5faf9d915,0.8249999999999995,8.399999999999999,0.0,0.0,0.12907021300243324,0.20826255899346746,0.05920094324320073,0.0030039310455318713,0.7499999999999998,7.200000000000003,0.0,0.0,0.09839798991893073,0.15886994999049603,0.04630183897289577,0.0025264263153079725,0.8249999999999995,0.7499999999999998,0.07499999999999973,0.03067222308350251
40599f85823f42b7b2af58331bc466f3,0.5737711154904662,2.6832815729997477,0.0,0.14999999999999947,0.1265164145325318,0.2885090893623765,0.12376459474548127,0.023302745819091975,0.5737711154904662,2.6832815729997477,0.0,0.14999999999999947,0.1265164145325318,0.2885090893623765,0.12376459474548127,0.023302745819091975,0.5737711154904662,0.5737711154904662,0.0,0.0
4113ec8b67944976bf7eb58e2b162448,0.5324264635194589,6.118823416311343,6.118823416311343,0.07500000000000018,0.03352736487162163,0.05561889968345207,0.01963575442974369,0.001992273330689187,0.0,0.0,0.0,0.0,0.015140237143623845,0.03307131895862184,0.01316964762875803,0.0010924816131598902,0.5324264635194589,0.0,0.5324264635194589,0.01838712772799779
4117c48b1ffa4667801d85643eb8291f,1.0170467473377414,3.7947331922020573,3.7947331922020573,0.2250000000000001,0.06032294494133564,0.11394495542286327,0.07786148090665831,0.019157266616821378,0.6993416490252569,3.7947331922020573,3.7947331922020573,0.1499999999999999,0.04696845418459146,0.08044302418323235,0.04959254291384654,0.014106702804566051,1.0170467473377414,0.6993416490252569,0.3177050983124845,0.013354490756744178
41eadff98d2649a19ba268504820c389,6.75,14.399999999999999,10.799999999999997,0.0,0.8883008562680339,1.3567057912687805,0.45623649148213297,0.015313482284545099,6.75,14.399999999999999,10.799999999999997,0.0,0.8883008562680339,1.3567057912687805,0.45623649148213297,0.015313482284545099,6.75,6.75,0.0,0.0
420797414ea048f387111113df2417a9,0.0,0.0,0.0,0.0,0.035595279389676895,0.058781903843348596,0.026321257184447014,0.0036453723907459157,0.0,0.0,0.0,0.0,0.046969972778228467,0.05635118254981653,0.04256441922143289,0.0036397933959952944,0.0,0.0,0.0,-0.011374693388551571
4335dc585b004cea822fa24fb7c9d41e,1.5000000000000004,4.799999999999997,4.799999999999997,0.0,0.1970330230120772,0.29283852986157866,0.10741557411658091,0.003284454345704013,1.35,4.799999999999997,4.799999999999997,0.0,0.1438913145524336,0.21189575786466003,0.08049049853553572,0.0026463031768804157,1.5000000000000004,1.35,0.15000000000000036,0.05314170845964361
442412fd5e5a4574bc6702fc7e469f61,0.0,0.0,0.0,0.0,0.2343769351167958,0.43659034560264093,0.0936157767006806,0.007306766510009499,0.0,0.0,0.0,0.0,0.2343769351167958,0.43659034560264093,0.0936157767006806,0.007306766510009499,0.0,0.0,0.0,0.0
4520d73845374d60896106f41c1ef427,0.0,0.0,0.0,0.0,0.005950501100330085,0.011095161201317781,0.004980164231074794,0.0020137310028074396,0.0,0.0,0.0,0.0,0.006042772153470561,0.013419886224554228,0.006594411013731229,0.0022453308105472303,0.0,0.0,0.0,-9.227105314047607e-05
45224fd5dde34ac59d8682de6cc59ef2,3.8249999999999993,14.399999999999999,14.399999999999999,0.0,0.12852014113325125,0.2768792286490442,0.0052906252980013686,0.008577346801758257,3.0749999999999997,14.399999999999999,14.399999999999999,0.0,0.0409809700828257,0.11496383603915733,0.03765092287356882,0.004540014266967596,3.8249999999999993,3.0749999999999997,0.7499999999999996,0.08753917105042555
4687c93cca6e4135ac78d549c286f393,0.0,0.0,0.0,0.0,0.025765169392449605,0.04438592937567837,0.022272355386283763,0.0014729976654055399,0.0,0.0,0.0,0.0,0.025765169392449605,0.04438592937567837,0.022272355386283763,0.0014729976654055399,0.0,0.0,0.0,0.0
46f7968fb3d94da1a35cee3fd2cdd9c7,0.0,0.0,0.0,0.0,0.009341543577536294,0.014479354387564005,0.014479354387564005,0.001324224472047053,0.0,0.0,0.0,0.0,0.013356036882794206,0.01901578021410309,0.01901578021410309,0.001131820678711204,0.0,0.0,0.0,-0.004014493305257912
47195279d3864f6f973244084c8bef7c,0.6121708245126287,3.794733192202055,0.0,0.07499999999999973,0.10192711166371073,0.12335419593995303,0.062213698865214044,0.032815361022949574,0.7854101966249685,2.6832815729997446,0.0,0.14999999999999947,0.06496652157046448,0.08807183586826965,0.048122238957208074,0.038295793533324574,0.6121708245126287,0.7854101966249685,-0.17323937211233975,0.036960590093246246
471efc3eb8d744c7b7f36ffca98471d2,0.9092329219213242,4.9477267507411895,0.0,0.07499999999999973,0.12440874603269475,0.2348961561983507,0.10610515723338944,0.017349958419799805,0.9842329219213239,4.9477267507411895,0.0,0.07499999999999973,0.048060157338635626,0.09611264269705916,0.0728139696791792,0.014270639419555753,0.9092329219213242,0.9842329219213239,-0.07499999999999973,0.07634858869405912
4770d6bde82346f5bc0549ac737fad0a,1.328115294937453,5.366563145999493,1.2000000000000028,0.2250000000000001,0.14571590118745667,0.2362964114092753,0.09913808714546969,0.020202684402466087,1.9043671799177475,6.4621977685614045,6.4621977685614045,0.5249999999999999,0.18478105261777802,0.29194081231057534,0.09216089340785383,0.01743121147155824,1.328115294937453,1.9043671799177475,-0.5762518849802944,-0.039065151430321354
484fe6e84c934bc2a63b88d98e064074,0.0,0.0,0.0,0.0,0.11387923601617875,0.23223276242822102,0.05872776673298673,0.005511617660522994,0.0,0.0,0.0,0.0,0.11387923601617875,0.23223276242822102,0.05872776673298673,0.005511617660522994,0.0,0.0,0.0,0.0
48676dfadb7e4abfacd4ec684182fbdb,1.425000000000001,4.800000000000004,4.799999999999997,0.0,0.13721155900617604,0.2496406917084039,0.07869977505471219,0.013188457489013317,1.125,4.799999999999997,4.799999999999997,0.0,0.2146158591560515,0.3571610161511979,0.12143956347859033,0.019919013977051758,1.425000000000001,1.125,0.30000000000000093,-0.07740430014987545
48923c4573b44b329080f08f65f02695,0.9749999999999999,2.400000000000002,1.1999999999999957,0.0,0.16327692407853375,0.24008434893743655,0.12915725320429197,0.0025065422058103692,0.6000000000000001,2.3999999999999986,0.0,0.0,0.10960735887907232,0.16505132215578397,0.08182801748032044,0.002512550354003551,0.9749999999999999,0.6000000000000001,0.3749999999999998,0.053669565199461436
49478b7a2bf74eb98ec3a7a86047dfa8,3.8999999999999995,8.399999999999999,7.199999999999999,0.0,0.4533395979449236,0.6808515359220333,0.26049583485065475,0.006145763397217063,0.9750000000000001,3.6000000000000014,0.0,0.0,0.16916772548286174,0.3134780607984282,0.06573500115212351,0.002608108520507635,3.8999999999999995,0.9750000000000001,2.9249999999999994,0.2841718724620619
4a9483a8bc964b29b5aaf85399026278,0.2250000000000003,1.2000000000000028,0.0,0.0,0.031018510568751274,0.042325281862365116,0.030355120995915155,0.0011358261108385115,0.5250000000000006,2.3999999999999986,0.0,0.0,0.0711797013479166,0.11346313855532877,0.058134106583127385,0.0054199218749997335,0.2250000000000003,0.5250000000000006,-0.30000000000000027,-0.04016119077916532
4bbfe2e15f654fd3821ddae62fe0c5bd,0.5250000000000001,2.400000000000002,0.0,0.0,0.06939746796567105,0.10737102589260178,0.05459641618457895,0.00359129905700728,0.5250000000000001,2.400000000000002,0.0,0.0,0.06435432571169103,0.09767594853152681,0.05347031875663959,0.003679990768432617,0.5250000000000001,0.5250000000000001,0.0,0.005043142253980018
4c45aca6e9b747ebb5480f51b640d491,0.0,0.0,0.0,0.0,0.00810160078264427,0.012993681294192231,0.008341907726289101,0.0018515110015857594,0.0,0.0,0.0,0.0,0.005120419204206052,0.0091740648063658,0.004104687998513888,0.0014651298522947442,0.0,0.0,0.0,0.002981181578438217
4cf68d7ad4634653ae3f2eafddd5cdb2,0.6749999999999992,2.3999999999999986,1.1999999999999957,0.0,0.11584062744152268,0.13510876280267656,0.10975825336809072,0.005018091201782315,0.6749999999999992,2.3999999999999986,1.1999999999999957,0.0,0.11476910894353948,0.1386367201989995,0.10867317584547657,0.004685783386231268,0.6749999999999992,0.6749999999999992,0.0,0.0010715184979832038
4d53bb70174b4e8db3913f50a7bc1590,3.1038346114832622,19.38659330568421,1.697056274847713,1.1249999999999996,0.5337468036421247,0.9888728726239433,0.23530190761668054,0.10299367904663237,3.1038346114832622,19.38659330568421,1.697056274847713,1.1249999999999996,0.516105124791504,0.9647506981570956,0.21901061806199693,0.11227884292602619,3.1038346114832622,3.1038346114832622,0.0,0.017641678850620623
4d5669e480f24488a235d865d7a5c8f2,0.375,2.3999999999999986,1.2000000000000028,0.0,0.026672094934102223,0.06525992206270907,0.001397688628185054,0.0008947849273681641,0.375,2.3999999999999986,1.2000000000000028,0.0,0.026672094934102223,0.06525992206270907,0.001397688628185054,0.0008947849273681641,0.375,0.375,0.0,0.0
4da483152c61425ea2d44a8fafea9380,0.23717082451262858,3.7947331922020573,0.0,0.07500000000000018,0.09425728723975133,0.2529803441487685,0.00739746660288696,0.011771392822265803,0.23717082451262858,3.7947331922020573,0.0,0.07500000000000018,0.09425728723975133,0.2529803441487685,0.00739746660288696,0.011771392822265803,0.23717082451262858,0.23717082451262858,0.0,0.0
4e395aa3b0184594a07ef423209c76dd,0.15000000000000013,2.400000000000002,0.0,0.0,0.03101035531689835,0.05878079557136356,0.001906348004127598,0.0018455028533934659,0.1499999999999999,1.1999999999999993,0.0,0.0,0.061563691375095,0.1050153608333911,0.01794062688018627,0.0028561592102049893,0.15000000000000013,0.1499999999999999,2.220446049250313e-16,-0.03055333605819665
4ec4d59515d94d4697fdbb1fa33b0015,0.0,0.0,0.0,0.0,0.03536167517825556,0.061611423417533284,0.035122485710912144,0.005513763427734464,0.0,0.0,0.0,0.0,0.05775532539955262,0.09789093789165428,0.05759680373780272,0.007485580444336115,0.0,0.0,0.0,-0.022393650221297065
4ef1587c085b43288dd70dbea9a4f60c,11.624999999999998,23.999999999999996,23.999999999999996,0.0,1.0458296023355147,1.559219703975916,0.588649887533477,0.016389942169189542,11.474999999999998,23.999999999999996,23.999999999999996,0.0,1.0411344403372331,1.5405747921336879,0.5983706056606038,0.016580915451049894,11.624999999999998,11.474999999999998,0.15000000000000036,0.004695161998281572
4f54fd98c3e4467a91767d7bfc9f30d8,0.9750000000000005,4.800000000000004,3.6000000000000014,0.0,0.1490554007145788,0.22599992636446448,0.0862113644318569,0.007018232345580966,1.1250000000000007,4.800000000000004,3.6000000000000014,0.0,0.18892869574147397,0.2970078205175042,0.10802294299275006,0.007762098312377397,0.9750000000000005,1.1250000000000007,-0.15000000000000013,-0.039873295026895184
505b846ded6c4469b2c48a6f99c1c7b1,0.6465924588475721,6.462197768561407,0.0,0.22499999999999964,0.05972027389114902,0.12986128113220677,0.12016916926029206,0.025820159912109286,1.0038873605350875,6.462197768561407,0.0,0.1499999999999999,0.2819353954996354,0.3492800910231618,0.2346908662752096,0.024317979812621182,0.6465924588475721,1.0038873605350875,-0.35729490168751543,-0.2222151216084864
50ada898780b4bb98e8e517287065c38,0.1499999999999999,2.3999999999999986,2.3999999999999986,0.0,0.059597191655176476,0.09393906211928453,0.025273706076918045,0.002288961410521928,0.2250000000000001,3.6000000000000014,0.0,0.0,0.0070208465037073335,0.011066689315800711,0.011066689315800711,0.0019708156585691583,0.1499999999999999,0.2250000000000001,-0.07500000000000018,0.05257634515146914
5111b855c90a4f08b3471e3432b9055c,1.5749999999999997,4.799999999999997,4.799999999999997,0.0,0.20258907305210422,0.3015964924737958,0.14810729952399604,0.00941405296325648,1.1249999999999996,2.400000000000002,1.1999999999999957,0.0,0.1743266185532511,0.2625895049433771,0.1314073566097856,0.00854902267456037,1.5749999999999997,1.1249999999999996,0.4500000000000002,0.028262454498853118
513d56efbee44510910e54f5e5e94507,0.8999999999999999,3.6000000000000014,2.3999999999999986,0.0,0.11862449190643436,0.2201654524139243,0.030353164478692386,0.0025235652923583096,0.4500000000000004,3.6000000000000014,0.0,0.0,0.09549983237298684,0.18769121563763985,0.02353216959573933,0.0023341655731190514,0.8999999999999999,0.4500000000000004,0.4499999999999995,0.023124659533447514
517a07a7eea34fb6b8fbee028840ec87,0.0,0.0,0.0,0.0,0.2417822825525273,0.3559567002306647,0.13675368333815976,0.009529638290405984,0.0,0.0,0.0,0.0,0.2417822825525273,0.3559567002306647,0.13675368333815976,0.009529638290405984,0.0,0.0,0.0,0.0
5226c03c1e0d4ff7b96ab0b3af7dbc2d,1.1995190413714054,4.947726750741191,0.0,0.3750000000000009,0.16268872665009237,0.29909304926142316,0.18646772447598486,0.052399635314942294,1.1995190413714054,4.947726750741191,0.0,0.3750000000000009,0.16268872665009237,0.29909304926142316,0.18646772447598486,0.052399635314942294,1.1995190413714054,1.1995190413714054,0.0,0.0
52b2a002307241b8b3c5bb025390fc19,2.625,6.0,4.800000000000001,0.0,0.34824884895410146,0.426093324866461,0.27326264694223223,0.010017299652100409,0.2999999999999998,1.1999999999999993,0.0,0.0,0.07060908903526983,0.09776149361194304,0.05807077935088863,0.005762100219727895,2.625,0.2999999999999998,2.325,0.2776397599188316
52f07fadf76848d6a4ed57d4f3354e5a,1.9499999999999997,7.200000000000003,3.6000000000000014,0.0,0.23761201132067591,0.4687661450835468,0.09730415263405613,0.01181788444519194,0.75,3.6000000000000014,3.6000000000000014,0.0,0.15223328713666961,0.32106017994249536,0.04665978909891196,0.006752157211304954,1.9499999999999997,0.75,1.1999999999999997,0.0853787241840063
55107d4d21664eb8aba3c983d7aa8745,9.461529135685128,20.957099035887577,20.4,8.325,0.6506011983785589,0.9796775718460669,0.5050753330263659,0.45195221900939897,8.854917125356664,20.957099035887577,20.957099035887577,7.875000000000001,0.6333423403987257,0.9422890550951616,0.5116894644928688,0.4575622558593744,9.461529135685128,8.854917125356664,0.6066120103284636,0.017258857979833175
55974cad6c524fa9b241c0b8bdc5470c,0.0,0.0,0.0,0.0,0.01808022469918774,0.02978612812207656,0.016125620701389183,0.006222438812256481,0.0,0.0,0.0,0.0,0.01808022469918774,0.02978612812207656,0.016125620701389183,0.006222438812256481,0.0,0.0,0.0,0.0
55a79292e26c471e94d0c6cb9a3c6db6,0.946506128871673,7.2993150363578625,0.0,0.22499999999999964,0.12765312403492396,0.21610902507149848,0.0829170710692786,0.018132734298705433,1.021506128871673,7.2993150363578625,0.0,0.22499999999999964,0.15473115368282692,0.24966415582574425,0.10223675362566881,0.022884607315063477,0.946506128871673,1.021506128871673,-0.07499999999999996,-0.027078029647902957
5624382d44a64fddbecdb56c12f49d83,0.3749999999999998,2.3999999999999986,0.0,0.0,0.06275117667627261,0.13642422258816847,0.007871917181331636,0.003467416763305309,0.3749999999999998,2.3999999999999986,0.0,0.0,0.055713753929807625,0.1314590205014696,0.004549433995837863,0.0029341220855720884,0.3749999999999998,0.3749999999999998,0.0,0.0070374227464649886
563a609fb1fd4e69b7d4f155e6e99cbe,0.8999999999999997,7.199999999999996,0.0,0.0,0.07470678810510939,0.08952293224262181,0.06798387848013805,0.0021426200866705436,0.8999999999999997,7.199999999999996,0.0,0.0,0.07470678810510939,0.08952293224262181,0.06798387848013805,0.0021426200866705436,0.8999999999999997,0.8999999999999997,0.0,0.0
5680e9fda9e64e4aaa54af716b1c804f,0.0,0.0,0.0,0.0,0.040837577728628706,0.06327310234838437,0.0625975407275356,0.006857872009277788,0.0,0.0,0.0,0.0,0.06709068579636629,0.1130047989702304,0.09779643761558707,0.004586076736451616,0.0,0.0,0.0,-0.026253108067737584
56b2752879d247359f620173a94838c3,1.1700844619618649,5.366563145999493,0.0,0.5999999999999996,0.310971534877322,0.5182202343594252,0.1729480302474758,0.059307575225830966,1.1700844619618649,5.366563145999493,0.0,0.5999999999999996,0.310971534877322,0.5182202343594252,0.1729480302474758,0.059307575225830966,1.1700844619618649,1.1700844619618649,0.0,0.0
56bce8e241bd457dac12a934134b477b,1.8465668247996474,5.366563145999499,0.0,0.8250000000000002,0.15158191365476567,0.4307290136492534,0.0619847355543451,0.024055767059327327,1.801150479139848,5.999999999999999,0.0,0.9750000000000005,0.1465634905139185,0.39379750142462433,0.08283563974649802,0.021721744537354315,1.8465668247996474,1.801150479139848,0.04541634565979935,0.005018423140847161
5750b8c5b7884ad28dc391b1c6ed5946,0.0,0.0,0.0,0.0,0.2520161020652305,0.35239851864861493,0.17532636734709642,0.007155847549438654,0.0,0.0,0.0,0.0,0.2601866906419351,0.3659519183148118,0.1822778467237798,0.007397317886352894,0.0,0.0,0.0,-0.008170588576704607
584d6df66ae6499ab8527f8521ca32fc,2.7680568978773654,11.063453348751466,0.0,0.5999999999999988,0.10705463095868278,0.14590089247257798,0.0747953305768382,0.031393146514891335,2.7680568978773654,11.063453348751466,0.0,0.5999999999999988,0.10705463095868278,0.14590089247257798,0.0747953305768382,0.031393146514891335,2.7680568978773654,2.7680568978773654,0.0,0.0
58c815975f4e401281f587f76450ede4,0.7499999999999998,4.800000000000001,0.0,0.0,0.06773399679022737,0.16531053985442568,0.038076610798686676,0.004395818710327681,0.8249999999999997,4.800000000000001,0.0,0.0,0.08554089093515112,0.19114937542562904,0.043580345067948306,0.004553461074829457,0.7499999999999998,0.8249999999999997,-0.07499999999999996,-0.017806894144923743
59e1ec0333a747d58efe81aeb250c113,2.6217800320152564,6.4621977685614045,0.0,1.0500000000000007,0.19776701071530872,0.24603473245166613,0.21740731764078905,0.1098017692565918,2.6217800320152564,6.4621977685614045,0.0,1.0500000000000007,0.20010310152664548,0.2503055391120622,0.21548787423433313,0.10419616699218759,2.6217800320152564,2.6217800320152564,0.0,-0.0023360908113367607
5a1f37aea5be4500a3f36e3764f273ad,0.0,0.0,0.0,0.0,0.21689738405933104,0.2998340209355102,0.1887402198564735,0.011054420471192206,0.0,0.0,0.0,0.0,0.21689738405933104,0.2998340209355102,0.1887402198564735,0.011054420471192206,0.0,0.0,0.0,0.0
5a3cdaf698374be7a9effa6f07708c8f,3.00809629729192,4.947726750741191,4.947726750741191,0.6750000000000016,0.0335608582005108,0.051190597193216045,0.03709725298028813,0.004532003402709872,3.00809629729192,4.947726750741191,4.947726750741191,0.6750000000000016,0.0335608582005108,0.051190597193216045,0.03709725298028813,0.004532003402709872,3.00809629729192,3.00809629729192,0.0,0.0
5c3ee925f9f54fcbb3b0a25510b381e3,1.922100062509003,5.366563145999495,3.7947331922020573,0.6000000000000001,0.1347315166113525,0.23761068364551993,0.08697317659364796,0.051698398590087624,1.922100062509003,5.366563145999495,3.7947331922020573,0.6000000000000001,0.1347315166113525,0.23761068364551993,0.08697317659364796,0.051698398590087624,1.922100062509003,1.922100062509003,0.0,0.0
5c61b4ffdfc34d8789ebfb518cdbfea5,0.0,0.0,0.0,0.0,0.05011473170343872,0.0944355063062281,0.030989034886441093,0.003263854980467773,0.0,0.0,0.0,0.0,0.05531414119685295,0.10273769363329947,0.03680432597181347,0.004202985763548828,0.0,0.0,0.0,-0.005199409493414228
5ce36984d1124087b781cdb457d7107d,0.0,0.0,0.0,0.0,0.03810456179014905,0.07106301848986955,0.06721770910754502,0.012229442596434215,0.0,0.0,0.0,0.0,0.03810456179014905,0.07106301848986955,0.06721770910754502,0.012229442596434215,0.0,0.0,0.0,0.0
5d0f0c2b07044187b0552e02dfd22d92,0.0,0.0,0.0,0.0,0.04556001893876992,0.08093088777126939,0.037195752224300625,0.009219217300414417,0.0,0.0,0.0,0.0,0.04556001893876992,0.08093088777126939,0.037195752224300625,0.009219217300414417,0.0,0.0,0.0,0.0
5dd6067864c34caa91264e5bce18580e,12.10257378838515,22.83155710852854,22.83155710852854,0.7500000000000018,0.20802882823625024,0.35012738967221796,0.18398639844792483,0.012637424468993963,12.10257378838515,22.83155710852854,22.83155710852854,0.7500000000000018,0.20802882823625024,0.35012738967221796,0.18398639844792483,0.012637424468993963,12.10257378838515,12.10257378838515,0.0,0.0
5dda0a3e52524eb6b46d902ca084021d,2.7642112271841577,7.299315036357866,1.1999999999999957,0.30000000000000027,0.4891279244425013,0.627568223223796,0.2904373452851562,0.045601701736451616,2.7642112271841577,7.299315036357866,1.1999999999999957,0.30000000000000027,0.4891279244425013,0.627568223223796,0.2904373452851562,0.045601701736451616,2.7642112271841577,2.7642112271841577,0.0,0.0
5e7602fccef3460985ead6f7c81688a0,0.6980351842023949,2.6832815729997526,0.0,0.5249999999999999,0.08239470675737544,0.1555427626413456,0.05853824794181818,0.0581574440002437,0.6980351842023949,2.6832815729997526,0.0,0.5249999999999999,0.08239470675737544,0.1555427626413456,0.05853824794181818,0.0581574440002437,0.6980351842023949,0.6980351842023949,0.0,0.0
5f0755db013c455288b683858aea5296,0.15000000000000013,1.2000000000000028,0.0,0.0,0.06367024174440533,0.146694944003531,0.004581549498106953,0.0026003837585446554,0.22499999999999987,1.2000000000000028,1.1999999999999957,0.0,0.06250279751390218,0.13404490224403365,0.007271789173027619,0.0023743629455568183,0.15000000000000013,0.22499999999999987,-0.07499999999999973,0.001167444230503148
5fb0c750bcaf4abe83072022193448c2,0.22499999999999987,2.400000000000002,0.0,0.0,0.0348844406659742,0.06414381841467666,0.06414381841467666,0.003007650375366655,0.22499999999999987,2.400000000000002,0.0,0.0,0.039439911305804605,0.07793302439235555,0.057599765459076656,0.0030562877655033738,0.22499999999999987,0.22499999999999987,0.0,-0.004555470639830403
5fb9b70862354ca4aa833fba628c81d0,2.1,4.799999999999997,4.799999999999997,0.0,0.31830291817296075,0.4524311794568807,0.23753687925563813,0.007275438308715909,2.1,4.799999999999997,4.799999999999997,0.0,0.3113916414700786,0.43500026689994736,0.2350997580522508,0.00760946273803631,2.1,2.1,0.0,0.006911276702882163
6119ff02ad864cc6bbe765521f4736f9,0.5737711154904671,2.6832815729997477,1.2000000000000028,0.15000000000000036,0.170866435897947,0.30180523634844963,0.1581645474154999,0.013496589660644265,1.137170824512629,3.7947331922020573,1.2000000000000028,0.07500000000000018,0.07807802830168259,0.1489605563809086,0.10017076796091684,0.010581779479980735,0.5737711154904671,1.137170824512629,-0.563399709022162,0.09278840759626442
614424a541a64dc49fb94db233994053,0.5999999999999999,2.3999999999999986,0.0,0.0,0.04843699835589228,0.12812127443974505,0.017477803203535806,0.005150413513182794,0.3749999999999998,2.3999999999999986,0.0,0.0,0.04149880273916963,0.10917543326621225,0.014945893630587598,0.0055572509765622335,0.5999999999999999,0.3749999999999998,0.2250000000000001,0.006938195616722653
625cb28093bd49b2909865618b09bf30,0.07499999999999996,1.1999999999999993,0.0,0.0,0.025261539896216746,0.038145706064179274,0.030116872785833148,0.0037177562713615053,0.5999999999999999,3.6000000000000014,3.6000000000000014,0.0,0.07402586365507852,0.1292445520094939,0.06013043977868663,0.004669475555420188,0.07499999999999996,0.5999999999999999,-0.5249999999999999,-0.04876432375886177
62898c8684834ac48719edbbf9223bb2,0.3842329219213245,4.9477267507411895,4.9477267507411895,0.07499999999999973,0.04415675448920181,0.07791289832336568,0.03939823082672146,0.0052043437957771665,0.5342329219213247,4.9477267507411895,4.9477267507411895,0.07499999999999973,0.02764931842808022,0.054559521931341,0.029573464109137748,0.0053355216979982245,0.3842329219213245,0.5342329219213247,-0.15000000000000013,0.01650743606112159
63245f8ba976431da6812a29a916660a,0.0,0.0,0.0,0.0,0.003966502813290186,0.00754235977807184,0.00387313785965519,0.0009457111358637249,0.0,0.0,0.0,0.0,0.005515347179370373,0.00916948312480752,0.005104608891672107,0.0005008220672610975,0.0,0.0,0.0,-0.0015488443660801867
6333e6cebe394ff7a37591cc567c768f,0.0,0.0,0.0,0.0,0.6740836620011993,0.8483285603012881,0.5357625129045659,0.013377571105957387,0.0,0.0,0.0,0.0,0.6740836620011993,0.8483285603012881,0.5357625129045659,0.013377571105957387,0.0,0.0,0.0,0.0
637373c92ca04e68b604ffe4487f2cbe,0.0,0.0,0.0,0.0,0.04779218638531513,0.07292291859415444,0.06697189356276863,0.004836273193359553,0.0,0.0,0.0,0.0,0.04977847198357904,0.07856283583318904,0.07193857865276365,0.005229377746581942,0.0,0.0,0.0,-0.001986285598263915
63f7bd448c7040c681034a447c5fbb84,0.0,0.0,0.0,0.0,0.03451840181954351,0.05665934399806556,0.028742637942075346,0.011449527740478693,0.0,0.0,0.0,0.0,0.040458867235151644,0.06432149276753382,0.03488557184596461,0.012125873565674183,0.0,0.0,0.0,-0.005940465415608137
64dd47bcaabc44279c9be12aab064752,0.15000000000000036,1.2000000000000028,1.2000000000000028,0.0,0.022089352780814975,0.06062910347596941,0.006776538728574768,0.007180452346802202,0.15000000000000036,1.2000000000000028,1.2000000000000028,0.0,0.022089352780814975,0.06062910347596941,0.006776538728574768,0.007180452346802202,0.15000000000000036,0.15000000000000036,0.0,0.0
653aafa00f754234b9872a58f975f56b,0.6000000000000005,1.2000000000000028,1.2000000000000028,0.0,0.06328431907440157,0.1375959431451597,0.0519592953052693,0.023703718185426492,0.7574264635194594,6.118823416311343,0.0,0.07500000000000018,0.07706289001473485,0.1204931869342332,0.10171232883306158,0.0169608592987065,0.6000000000000005,0.7574264635194594,-0.15742646351945888,-0.013778570940333273
655613c5a57d4ad3a3062d3110e608c2,5.8124369881043805,15.646085772486355,15.646085772486355,3.0749999999999993,0.49244600837564734,0.8083487278868097,0.18948033708247136,0.06967620849609402,5.8124369881043805,15.646085772486355,15.646085772486355,3.0749999999999993,0.49244600837564734,0.8083487278868097,0.18948033708247136,0.06967620849609402,5.8124369881043805,5.8124369881043805,0.0,0.0
65b19d68b4554811a8a0ffb31d38e999,0.638492480697441,6.118823416311337,0.0,0.1499999999999999,0.10120015515151132,0.16976587153236614,0.06332659359307567,0.025692987442017312,0.638492480697441,6.118823416311337,0.0,0.1499999999999999,0.11006213103488287,0.176766467162453,0.06836705132793247,0.025686550140381126,0.638492480697441,0.638492480697441,0.0,-0.00886197588337155
660f711d91fc42158eb8afc5063adb60,1.3484711594980738,7.683749084919417,0.0,0.5249999999999997,0.24575000426183838,0.48052656968105795,0.07043617056643578,0.03185176849365101,1.3484711594980738,7.683749084919417,0.0,0.5249999999999997,0.24110850303807868,0.479712234485364,0.06701823345918073,0.030550146102903852,1.3484711594980738,1.3484711594980738,0.0,0.0046415012237596975
6611e3ee45484c5d80bd4703d458e518,2.9962138947743995,6.462197768561407,2.683281572999751,0.8249999999999997,0.5773284390783433,0.8482241921494539,0.3087838390615857,0.07123346328735414,2.757435261343244,4.947726750741192,2.683281572999751,0.7499999999999996,0.5671132754218169,0.833816103867856,0.3228116191053627,0.06871776580810751,2.9962138947743995,2.757435261343244,0.23877863343115546,0.010215163656526416
6627628f72fb43d78288abb283deefcd,0.6993416490252566,3.7947331922020506,3.7947331922020506,0.15000000000000036,0.03915199273231759,0.06158688994163702,0.025622358862041835,0.004422283172607955,0.8774697636119351,4.9477267507411895,3.7947331922020506,0.2250000000000001,0.0680584354569099,0.10747006710012509,0.04321155319730309,0.015659236907957563,0.6993416490252566,0.8774697636119351,-0.17812811458667843,-0.028906442724592307
663a78de1dd74f3a97e4e6c0a0b1f1dc,0.4677050983124843,2.6832815729997477,0.0,0.07500000000000018,0.16411418544733872,0.2651988820939825,0.09396999953558088,0.01953749656677184,0.4677050983124843,2.6832815729997477,0.0,0.07500000000000018,0.16411418544733872,0.2651988820939825,0.09396999953558088,0.01953749656677184,0.4677050983124843,0.4677050983124843,0.0,0.0
66717a3d228f440a861fcda56e84f76a,1.2749999999999997,3.599999999999998,1.1999999999999957,0.0,0.20169036844559265,0.36148975124709715,0.13012454070249252,0.009503173828125266,0.9000000000000001,2.4000000000000057,1.1999999999999957,0.0,0.16200629896377702,0.3003364069620459,0.09524360437859909,0.00855774879455673,1.2749999999999997,0.9000000000000001,0.37499999999999956,0.03968406948181563
66b9f430969c4e718defe7a22e166120,0.5249999999999999,2.3999999999999986,0.0,0.0,0.026946793753794357,0.06280049925261953,0.01667815498720235,0.0027026653289792257,0.3749999999999998,2.3999999999999986,0.0,0.0,0.02233556225135016,0.04903995275623863,0.009385479624268512,0.0015053272247307348,0.5249999999999999,0.3749999999999998,0.15000000000000013,0.004611231502444198
66e98d5c80c6408cbb3aee9ab0c8bc73,1.9823328667878228,5.366563145999495,5.366563145999495,0.5250000000000004,0.41634305546615047,0.6311520392511634,0.27147341214230425,0.01163306236267081,1.9823328667878228,5.366563145999495,5.366563145999495,0.5250000000000004,0.41634305546615047,0.6311520392511634,0.27147341214230425,0.01163306236267081,1.9823328667878228,1.9823328667878228,0.0,0.0
6708a82e3f1b453fbcec3cf279d2f0d6,4.668700842899762,14.449913494550753,4.799999999999997,0.3750000000000009,0.2259566119694459,0.4137472133221246,0.14907402792264923,0.021248388290405096,4.0713752254864675,14.449913494550753,4.799999999999997,0.3750000000000009,0.17572564887715672,0.354338137595953,0.10769781093266687,0.01872911453247106,4.668700842899762,4.0713752254864675,0.5973256174132944,0.050230963092289166
67ab769541f541f48cefbfd4770ec127,0.16770509831248404,2.6832815729997446,0.0,0.07499999999999973,0.014324283731336467,0.030741192662309846,0.012198261257764942,0.0067141056060786575,0.16770509831248404,2.6832815729997446,0.0,0.07499999999999973,0.014324283731336467,0.030741192662309846,0.012198261257764942,0.0067141056060786575,0.16770509831248404,0.16770509831248404,0.0,0.0
67c796e8433a4316af7047ac10c66587,1.1249999999999993,6.0,6.0,0.0,0.13000620248115155,0.24515076354588192,0.020630152900888155,0.006745719909668324,0.5249999999999995,3.6000000000000014,0.0,0.0,0.037259799253002525,0.09124173495039206,0.04949704325173973,0.004895067214965909,1.1249999999999993,0.5249999999999995,0.5999999999999999,0.09274640322814903
687e601e59d44bfbb7f2fd19d98185d7,2.4223744294348752,9.674709297958254,9.674709297958254,0.1499999999999999,0.3629974383351555,0.636715911446795,0.1265363471052308,0.023493432998656694,2.4223744294348752,9.674709297958254,9.674709297958254,0.1499999999999999,0.3629974383351555,0.636715911446795,0.1265363471052308,0.023493432998656694,2.4223744294348752,2.4223744294348752,0.0,0.0
6891260ad7c84844b5e74faf17303fff,0.07500000000000018,1.2000000000000028,0.0,0.07500000000000018,0.07219947895207432,0.14655859804254293,0.04528166386730992,0.0034754276275643647,0.07500000000000018,1.2000000000000028,0.0,0.07500000000000018,0.09948822692200855,0.19055803622790196,0.06087187214159503,0.0033007621765133166,0.07500000000000018,0.07500000000000018,0.0,-0.027288747969934232
69900a0493514f279e1d160de412f568,1.4999999999999996,3.6000000000000014,3.5999999999999943,0.0,0.2953412887397485,0.4998851496258902,0.22883134315485765,0.05551786422729421,1.8749999999999996,3.6000000000000014,3.5999999999999943,0.0,0.3761519442013014,0.601259612839131,0.3048611320192239,0.05832467079162562,1.4999999999999996,1.8749999999999996,-0.375,-0.08081065546155286
6a0391f7241546c1bcb33ee6976c68b8,3.9749999999999988,7.199999999999999,7.199999999999999,0.0,0.2238473103495529,0.4062516500853298,0.11643350599328103,0.0028407096862794745,3.9749999999999988,7.199999999999999,7.199999999999999,0.0,0.2238473103495529,0.4062516500853298,0.11643350599328103,0.0028407096862794745,3.9749999999999988,3.9749999999999988,0.0,0.0
6c7de63ed5f64275992b041550641710,1.8074264635194586,6.118823416311343,2.3999999999999986,0.07500000000000018,0.2018490541608402,0.2915720741919939,0.11971345593664716,0.0060035705566403585,1.5824264635194591,6.118823416311343,1.2000000000000028,0.07500000000000018,0.16930134472877462,0.25568592700422055,0.10025288042756364,0.006913089752197621,1.8074264635194586,1.5824264635194591,0.22499999999999942,0.032547709432065586
6c9a72368c0b442bbe75f55c7a324708,0.0,0.0,0.0,0.0,0.04711863174787745,0.06601587991076,0.04270760419163681,0.005586433410644798,0.0,0.0,0.0,0.0,0.03902311321412479,0.05647537564063626,0.0308659460991475,0.0047550201416015625,0.0,0.0,0.0,0.008095518533752656
6cc2a560dacc42149e0780bfb6efe682,2.316924317777178,9.372299611087987,9.372299611087987,0.8250000000000006,0.3331002094441169,0.4378472619068209,0.265553887192917,0.09210462570190403,2.316924317777178,9.372299611087987,9.372299611087987,0.8250000000000006,0.33052984062925417,0.44514420779305336,0.23258814382665483,0.08414497375488272,2.316924317777178,2.316924317777178,0.0,0.0025703688148627224
6d0cc921b3564b00ac7925cf529310ae,0.9420467473377409,3.794733192202054,0.0,0.22500000000000053,0.28444762470536067,0.5577718950241677,0.11641083047683427,0.030785322189331055,0.7048759228251125,3.794733192202054,1.1999999999999993,0.15000000000000036,0.15686897597381755,0.3351455272524649,0.04978362533903946,0.02423572540283203,0.9420467473377409,0.7048759228251125,0.2371708245126284,0.12757864873154312
6d9d99ad7cbb498ba899bd789d7b2283,0.2250000000000001,1.2000000000000028,1.1999999999999993,0.07499999999999996,0.13504007659833006,0.2261929051351469,0.07262561112665081,0.07659630775451731,0.2250000000000001,1.2000000000000028,1.1999999999999993,0.07499999999999996,0.13504007659833006,0.2261929051351469,0.07262561112665081,0.07659630775451731,0.2250000000000001,0.2250000000000001,0.0,0.0
6dc0d7f6a4594896bea4997fb8bcf013,8.363214526876831,19.809088823063014,19.202343606966313,2.4375,0.45855167172728273,0.56118333900007,0.41707354382057155,0.0053978919982911044,8.363214526876831,19.809088823063014,19.202343606966313,2.4375,0.4533520835226681,0.5617157456966301,0.4176971552074461,0.006051921844481889,8.363214526876831,8.363214526876831,0.0,0.005199588204614636
6de5509bb441456a8d05442a95c80996,1.570430349094832,5.366563145999499,0.0,0.7499999999999991,0.20507157032888118,0.32496700098202885,0.09388843254880419,0.010894775390626332,1.570430349094832,5.366563145999499,0.0,0.7499999999999991,0.20507157032888118,0.32496700098202885,0.09388843254880419,0.010894775390626332,1.570430349094832,1.570430349094832,0.0,0.0
6eb152276f2e4958abf8f6e38841c938,0.07499999999999973,1.1999999999999957,0.0,0.07499999999999973,0.02904342420066634,0.05814499501393065,0.01703517441050845,0.017107057571409623,0.07499999999999973,1.1999999999999957,0.0,0.07499999999999973,0.02904342420066634,0.05814499501393065,0.01703517441050845,0.017107057571409623,0.07499999999999973,0.07499999999999973,0.0,0.0
6f4d050b67344de3b85303fd7801d3bb,0.0,0.0,0.0,0.0,0.1083538222000649,0.17478442465730257,0.1464901679562462,0.012331151962280629,0.0,0.0,0.0,0.0,0.11440587633567934,0.1844589136916289,0.15436674377849124,0.012600231170653675,0.0,0.0,0.0,-0.0060520541356144375
6ff876ce29ae498a8c5c993c282084c1,1.1999999999999997,3.5999999999999943,1.2000000000000028,0.0,0.16643769728237018,0.28537613606670525,0.056632769878539234,0.0023829460144031422,0.3749999999999998,2.3999999999999986,0.0,0.0,0.10675707293480413,0.15616675461587234,0.06717333647817687,0.003804302215577149,1.1999999999999997,0.3749999999999998,0.825,0.05968062434756605
713e6b367a92472b8ac8b6ed90062347,0.0,0.0,0.0,0.0,0.34344738895368665,0.41813826193030884,0.27810102421731303,0.008341741561890714,0.0,0.0,0.0,0.0,0.34344738895368665,0.41813826193030884,0.27810102421731303,0.008341741561890714,0.0,0.0,0.0,0.0
7169eced1ce64fa7bd22e4a6fa193b8d,0.8897389938235939,4.326661530556789,1.9209372712298562,0.6937500000000001,0.08033866085210913,0.22947444607380585,0.06887119692248964,0.033314895629882546,0.8897389938235939,4.326661530556789,1.9209372712298562,0.6937500000000001,0.07542144604023757,0.23673094908928918,0.061159745067431645,0.03176565170288148,0.8897389938235939,0.8897389938235939,0.0,0.004917214811871559
72f030bd5dd142d497c090dc04bb5697,9.90726932127544,21.46625258399798,21.46625258399798,3.2250000000000005,1.0807105299801476,1.5001977878677593,0.5615885363202651,0.1558097362518316,10.351452505628703,21.46625258399798,21.46625258399798,3.4500000000000006,1.1689912574812569,1.7375652285861198,0.5842937142855332,0.13473973274230922,9.90726932127544,10.351452505628703,-0.444183184353264,-0.08828072750110927
739b4b73505e4d31866028ea381f415d,0.0,0.0,0.0,0.0,0.025793785960349827,0.0354914767036991,0.020585214968185335,0.002868175506592241,0.0,0.0,0.0,0.0,0.023377956879540432,0.03254254145645464,0.019528112532024036,0.0023989677429216982,0.0,0.0,0.0,0.002415829080809395
73ac66237c854ee69fc29e9b24860e41,5.175000000000001,8.399999999999999,8.399999999999999,0.0,0.784347629869203,1.3272563798949875,0.2896324924126951,0.025127935409546165,5.175000000000001,8.399999999999999,8.399999999999999,0.0,0.784347629869203,1.3272563798949875,0.2896324924126951,0.025127935409546165,5.175000000000001,5.175000000000001,0.0,0.0
73c04e824a214a54922b03391a1549f3,0.2999999999999998,2.3999999999999986,0.0,0.0,0.043749602769791396,0.07876190473016009,0.019407722805340543,0.0012402534484872163,0.2999999999999998,2.3999999999999986,0.0,0.0,0.0333939993988517,0.06748032179980755,0.015427888938192448,0.001316070556640181,0.2999999999999998,0.2999999999999998,0.0,0.010355603370939694
73f682825d594fc8a0a8280a2aec0f82,1.35,4.799999999999997,1.2000000000000028,0.0,0.2368709485193664,0.3719422502507681,0.1451907346641089,0.004535293579102095,1.35,4.799999999999997,1.2000000000000028,0.0,0.2368709485193664,0.3719422502507681,0.1451907346641089,0.004535293579102095,1.35,1.35,0.0,0.0
7475730feb534dc196df595354e74b84,1.4249999999999996,4.799999999999997,4.799999999999997,0.0,0.12143120777759084,0.1812302984974326,0.07963259177910408,0.0026772022247310012,1.6499999999999997,4.799999999999997,4.799999999999997,0.0,0.12223815224197829,0.17676449431289312,0.08178250464956181,0.0015581130981439095,1.4249999999999996,1.6499999999999997,-0.2250000000000001,-0.000806944464387449
74c03d0f0f744bed935325b7d117a52b,0.0,0.0,0.0,0.0,0.0029072892396206852,0.0044389057896124535,0.0044389057896124535,0.001056003570556463,0.0,0.0,0.0,0.0,0.0029072892396206852,0.0044389057896124535,0.0044389057896124535,0.001056003570556463,0.0,0.0,0.0,0.0
758ed7a3a37f4b66a4e0dfcb7e16d06b,0.0,0.0,0.0,0.0,0.069418980447854,0.12399561010395516,0.10715852605490536,0.004535579681397728,0.0,0.0,0.0,0.0,0.061462537212832485,0.10521452526010934,0.09952947413254216,0.0045548915863058426,0.0,0.0,0.0,0.00795644323502151
767a33407d2044cbaf3903bd369cc847,0.0,0.0,0.0,0.0,0.03466363320327448,0.05651592658937582,0.03905677399540053,0.006993484497070046,0.0,0.0,0.0,0.0,0.04559182156901907,0.07525880197017377,0.055628788886540305,0.008000993728638495,0.0,0.0,0.0,-0.010928188365744593
76bb47046f334f0ea4a5d82026ff8974,0.0,0.0,0.0,0.0,0.007542229219647404,0.0121414149093684,0.00935316822062651,0.0006445884704584515,0.0,0.0,0.0,0.0,0.007542229219647404,0.0121414149093684,0.00935316822062651,0.0006445884704584515,0.0,0.0,0.0,0.0
76d37819ed44411d9db4b6736a63c0d4,0.0,0.0,0.0,0.0,0.01207154864907298,0.01632688176519243,0.01632688176519243,0.0023081302642826707,0.0,0.0,0.0,0.0,0.010524669264751606,0.01471208661940929,0.013757754169371316,0.0026520252227792973,0.0,0.0,0.0,0.0015468793843213743
7749cae99ced4337ab5d5385c6b5516f,0.21213203435596428,3.3941125496954285,0.0,0.1499999999999999,0.023707681508021876,0.04021807547025339,0.030288105187784454,0.017779541015626954,0.0,0.0,0.0,0.0,0.015715510766241378,0.04412111463299418,0.02354744570793085,0.00941376686096218,0.21213203435596428,0.0,0.21213203435596428,0.007992170741780498
77fb48fed340429595ce38626acda315,0.30000000000000004,1.2000000000000028,1.1999999999999957,0.0,0.016474570065601678,0.03928587419000046,0.03254529642740236,0.002523994445799538,0.30000000000000004,1.2000000000000028,1.1999999999999957,0.0,0.016474570065601678,0.03928587419000046,0.03254529642740236,0.002523994445799538,0.30000000000000004,0.30000000000000004,0.0,0.0
7836c1a8996b41e29776fb038f627235,0.16770509831248415,2.6832815729997463,0.0,0.07499999999999996,0.03784396350629758,0.07884347631794407,0.024438191232622652,0.004338598251341974,0.16770509831248415,2.6832815729997463,0.0,0.07499999999999996,0.02174701800713054,0.059717599290440126,0.01227229166574276,0.004706954956056109,0.16770509831248415,0.16770509831248415,0.0,0.016096945499167042
7a6b6e8af79d45c78614e2e6acf14c89,0.49926406871192824,3.394112549695431,1.6970562748477107,0.3749999999999998,0.1906134352814463,0.3619217518485163,0.06129746114669183,0.041452503204346236,0.49926406871192824,3.394112549695431,1.6970562748477107,0.3749999999999998,0.18327558227111723,0.35360345659892595,0.05737277578736784,0.038626670837402344,0.49926406871192824,0.49926406871192824,0.0,0.007337853010329076
7b83f82e4ff1440294cd995820de6134,2.25,4.799999999999997,2.3999999999999986,0.0,0.33659197181543493,0.5340926466352848,0.12396797550807712,0.005085182189942472,2.55,8.399999999999999,8.399999999999999,0.0,0.2567508142854074,0.4240357457381621,0.09102977885143361,0.007104492187500089,2.25,2.55,-0.2999999999999998,0.07984115753002752
7bee9b03539f4d1ba0e84fd64d1fd480,0.0,0.0,0.0,0.0,0.0016963573194966703,0.0034202484847189554,0.003389111704683717,0.0010138034820550423,0.0,0.0,0.0,0.0,0.0016963573194966703,0.0034202484847189554,0.003389111704683717,0.0010138034820550423,0.0,0.0,0.0,0.0
7bfb0fad8b034ca1b4542325e58b7377,0.0,0.0,0.0,0.0,0.06975496229982175,0.10502704175020015,0.07166187841219113,0.006516838073730824,0.0,0.0,0.0,0.0,0.06946542289316705,0.10094063649392009,0.05985183388564051,0.009684562683105469,0.0,0.0,0.0,0.00028953940665470135
7c3ab67349d544aa8bb493023b0837fc,0.30000000000000027,1.2000000000000028,1.2000000000000028,0.0,0.06923939840900187,0.12504403324087618,0.05592287522823848,0.0032176494598377126,0.30000000000000027,1.2000000000000028,1.2000000000000028,0.0,0.06923939840900187,0.12504403324087618,0.05592287522823848,0.0032176494598377126,0.30000000000000027,0.30000000000000027,0.0,0.0
7cfc3facc4424afda10e3f5db8cab69a,0.30000000000000004,2.3999999999999986,0.0,0.0,0.1184891188989586,0.14562207643325517,0.07996097709703595,0.004662609100341442,0.2250000000000001,1.2000000000000028,0.0,0.0,0.1166039220532675,0.13963108375902952,0.08470568677857274,0.0044950962066643285,0.30000000000000004,0.2250000000000001,0.07499999999999996,0.0018851968456911061
7d1af8d9472348f2a4e848fd8832e276,0.15000000000000013,1.2000000000000028,0.0,0.0,0.06139133268878891,0.10152484215136727,0.008805699100152498,0.0014838695526129264,0.15000000000000013,2.400000000000002,0.0,0.0,0.03556856710008546,0.07240615218629627,0.028606283297187562,0.002452182769774769,0.15000000000000013,0.15000000000000013,0.0,0.025822765588703445
7d1bf4d4ec5648c8b932e916b1d5223c,1.8053300858899106,8.48528137423857,0.0,0.07500000000000018,0.1902563862194635,0.33347602510878366,0.03347650989764189,0.003934621810912642,1.8053300858899106,8.48528137423857,0.0,0.07500000000000018,0.1902563862194635,0.33347602510878366,0.03347650989764189,0.003934621810912642,1.8053300858899106,1.8053300858899106,0.0,0.0
7d2e7f5c87fa49ec80b5e393c6ef7230,0.6048371326684485,2.6832815729997446,1.2000000000000028,0.375,0.08324535429385838,0.12079741254558099,0.044253481138895275,0.03311433792114293,1.539501018499361,11.063453348751462,6.788225099390853,1.0499999999999994,0.09226465981752308,0.12578978753880538,0.06699221135923206,0.03928756713867276,0.6048371326684485,1.539501018499361,-0.9346638858309124,-0.0090193055236647
7d3f4f121bc44f74a9cecbb2c3c645b6,3.825,7.199999999999999,6.0,0.0,0.6171272989351968,1.1902472800948725,0.3371979079883883,0.014869165420532848,3.9000000000000004,7.199999999999999,6.0,0.0,0.6189283276106655,1.1901163994876374,0.33695082561096595,0.015674829483032227,3.825,3.9000000000000004,-0.07500000000000018,-0.0018010286754687188
7d858cfead5048bc9052699b51464806,0.44999999999999996,2.3999999999999986,2.3999999999999986,0.07500000000000018,0.08161218673278538,0.10433688922284295,0.09207159319892583,0.005124664306640714,0.2250000000000003,1.2000000000000028,0.0,0.0,0.04183490485268804,0.09099193069712223,0.04371761268496063,0.004987764358519886,0.44999999999999996,0.2250000000000003,0.22499999999999964,0.03977728188009734
7db6aa626fe641afbd555caa132c0cb0,2.6053067934995093,5.999999999999999,3.3941125496954263,1.0500000000000003,0.31871523768024873,0.6800183200755741,0.11358878032543754,0.04204216003418093,2.6053067934995093,5.999999999999999,3.3941125496954263,1.0500000000000003,0.31871523768024873,0.6800183200755741,0.11358878032543754,0.04204216003418093,2.6053067934995093,2.6053067934995093,0.0,0.0
800720f7b8c44e8f81db27ca3e9d651f,17.624999999999996,33.599999999999994,33.599999999999994,0.0,0.5317389190023486,0.8417577787556212,0.41987721143829954,0.011872816085816584,2.625,6.0,6.0,0.0,0.29204084865158886,0.5351989746289523,0.0231411312720493,0.005053281784058061,17.624999999999996,2.625,14.999999999999996,0.23969807035075974
80406b20df8c43ad98e4a7d6b8de00ae,1.3810660171779827,4.800000000000004,2.3999999999999986,0.07500000000000018,0.39434144583693675,0.7075765081085397,0.13404571320435316,0.01507802009582404,1.7250000000000008,7.200000000000003,2.3999999999999986,0.0,0.3627103921041473,0.6607166017839753,0.11448691747491505,0.013296461105346769,1.3810660171779827,1.7250000000000008,-0.34393398282201804,0.03163105373278946
81f15cced544486daa6aa4d6b6bf17d9,5.175000000000001,8.399999999999999,8.399999999999999,0.0,0.7874019662507781,1.464673464218599,0.2285248035297811,0.014944982528685813,4.05,8.399999999999999,8.399999999999999,0.0,0.6530433306452006,1.2235069835567145,0.18820675654069302,0.01457304954528782,5.175000000000001,4.05,1.1250000000000009,0.13435863560557748
8293a45700074db6b77ba2c4ced413b2,3.303303827638528,6.997142273814361,6.997142273814361,0.9750000000000005,0.4707742990844051,0.757896519505046,0.353852177420262,0.015083456039429066,3.303303827638528,6.997142273814361,6.997142273814361,0.9750000000000005,0.4707742990844051,0.757896519505046,0.353852177420262,0.015083456039429066,3.303303827638528,3.303303827638528,0.0,0.0
82a88b409fe4435ea678f8f89ba34b74,10.85839307290573,19.863534428696212,19.863534428696212,3.75,0.8172699939731332,1.2811114890418973,0.44167109844188956,0.16099576950073313,10.85839307290573,19.863534428696212,19.863534428696212,3.75,0.8161015588208995,1.2678257067317986,0.46088637317468567,0.1635503768920903,10.85839307290573,10.85839307290573,0.0,0.0011684351522336378
82ae4ae20309448fb7c2ef81cd1d9b54,1.2,2.400000000000002,1.2000000000000028,0.0,0.1689969227473235,0.33833294588077967,0.0486997097407157,0.004439163208008523,1.2,2.400000000000002,1.2000000000000028,0.0,0.1689969227473235,0.33833294588077967,0.0486997097407157,0.004439163208008523,1.2,1.2,0.0,0.0
842155be0edd4e738fa8755fe5649348,11.763917051752028,26.96163941602958,26.537709019431198,5.98125,1.4300949424320155,1.985343470169928,0.8515553675935837,0.07629718780517569,11.763917051752028,26.96163941602958,26.537709019431198,5.98125,1.4300949424320155,1.985343470169928,0.8515553675935837,0.07629718780517569,11.763917051752028,11.763917051752028,0.0,0.0
844ace8221a74dd4b6a621ac9aa8e740,0.375,1.2000000000000028,0.0,0.0,0.013030113609824116,0.04307595221396008,0.004171734860761298,0.0019771099090575284,0.15000000000000036,1.2000000000000028,0.0,0.0,0.04859277036981145,0.10485013633092535,0.022500624075258976,0.001821756362915039,0.375,0.15000000000000036,0.22499999999999964,-0.035562656759987335
849d5acd29f643ab832e6a0c12b38715,0.0,0.0,0.0,0.0,0.27930807465890445,0.39773775386012505,0.18452523482863972,0.004505825042723899,0.0,0.0,0.0,0.0,0.27930807465890445,0.39773775386012505,0.18452523482863972,0.004505825042723899,0.0,0.0,0.0,0.0
84ac535e89264a9492d14ecfe93d478b,0.700131561831943,6.118823416311343,0.0,0.1499999999999999,0.1325078039264368,0.23062362343797882,0.07759292194913196,0.02310991287231401,0.700131561831943,6.118823416311343,0.0,0.1499999999999999,0.12862372317322182,0.2253014423830186,0.07302711834494292,0.021494436264038796,0.700131561831943,0.700131561831943,0.0,0.0038840807532149746
84f575c7dc274e7b8e5b44b7cf5638fa,0.30000000000000004,2.3999999999999986,1.2000000000000028,0.0,0.03342419316246577,0.08720083408239901,0.005790549415489689,0.00197024345397967,0.30000000000000004,2.3999999999999986,1.2000000000000028,0.0,0.03342419316246577,0.08720083408239901,0.005790549415489689,0.00197024345397967,0.30000000000000004,0.30000000000000004,0.0,0.0
853ebce6d51e459b804d1da200bae728,2.292046747337742,4.800000000000004,0.0,0.22500000000000053,0.3912394618093533,0.738373526712951,0.18738903127705422,0.03665685653686568,1.662170824512629,3.7947331922020573,3.6000000000000014,0.07500000000000018,0.22591440608007624,0.47017644638526856,0.07880172393771503,0.015104627609253463,2.292046747337742,1.662170824512629,0.629875922825113,0.16532505572927708
8540dea94154421689f242eb4f5d51ed,0.0,0.0,0.0,0.0,0.011357482060985157,0.021620236860523268,0.00547985754051345,0.0021184444427491123,2.925,7.200000000000003,7.200000000000003,0.0,0.4118543596658181,0.5958350249817823,0.2901605259989683,0.003107357025147639,0.0,2.925,-2.925,-0.400496877604833
85bd3055729a4abdbeaca9c2a539e4c2,0.2427050983124846,2.683281572999751,1.2000000000000028,0.07500000000000018,0.12671306999316628,0.28360416095466773,0.018578701102695952,0.015944194793701794,0.2427050983124846,2.683281572999751,1.2000000000000028,0.07500000000000018,0.12671306999316628,0.28360416095466773,0.018578701102695952,0.015944194793701794,0.2427050983124846,0.2427050983124846,0.0,0.0
85fb025a1b014374a267ad70a044d148,4.949999999999998,8.399999999999999,8.399999999999999,0.0,0.08559433676774103,0.23457958025976097,0.03281523861270427,0.007720613479614613,4.199999999999999,8.399999999999999,8.399999999999999,0.0,0.07136146221283704,0.17735261504376115,0.015895164590596998,0.006580495834350497,4.949999999999998,4.199999999999999,0.7499999999999991,0.01423287455490399
8610dd7c403e48dd91ad1bb1ef77b308,0.842500910402539,8.485281374238568,3.7947331922020573,0.6000000000000001,0.08969669005705913,0.16396213782590022,0.025678803186145294,0.016359901428222745,0.917500910402539,8.485281374238568,3.7947331922020573,0.6000000000000001,0.10689263496211167,0.19025445086568943,0.019000731310919422,0.008365201950073065,0.842500910402539,0.917500910402539,-0.07499999999999996,-0.017195944905052538
86e3aefe9f6544bb931068995dc3b1e1,1.5571207282353825,7.683749084919417,0.0,0.7499999999999996,0.46637740734073707,0.9004067205361106,0.17198729223312256,0.02926068305969265,1.5571207282353825,7.683749084919417,0.0,0.7499999999999996,0.47274335386715594,0.9070237978755741,0.17607676062677302,0.030145740509033292,1.5571207282353825,1.5571207282353825,0.0,-0.006365946526418864
883f8d77dc184d8480849b7ec156d496,2.0598066887620483,12.059850745345068,12.059850745345068,0.14999999999999947,0.22965131084580104,0.4533466789643052,0.10142894045461201,0.013681554794310546,1.8969387231180124,12.059850745345068,12.059850745345068,0.2999999999999994,0.19652206623295732,0.4062443668205317,0.08006200747414316,0.018410825729369584,2.0598066887620483,1.8969387231180124,0.16286796564403594,0.03312924461284372
890968303c924855b8b2349649807a46,8.85,17.999999999999996,17.999999999999996,0.0,0.8723644590827673,1.3832564880892764,0.4577483854259192,0.01510434150695783,8.85,17.999999999999996,17.999999999999996,0.0,0.8673002353959097,1.3800312867152573,0.45310204087044265,0.016671037673951172,8.85,8.85,0.0,0.00506422368685755
89612e28f64b415f8fe05f396a92238d,0.0,0.0,0.0,0.0,0.307770823555937,0.39232807053560786,0.2906065568484412,0.020177793502806463,0.0,0.0,0.0,0.0,0.307770823555937,0.39232807053560786,0.2906065568484412,0.020177793502806463,0.0,0.0,0.0,0.0
897c8180d6e84e3e8cb47c96b8a400fc,5.678844103637278,12.0,11.879393923933996,3.4500000000000006,0.198844960504949,0.38675399793033155,0.13204476617793934,0.033598995208739435,5.678844103637278,12.0,11.879393923933996,3.4500000000000006,0.198844960504949,0.38675399793033155,0.13204476617793934,0.033598995208739435,5.678844103637278,5.678844103637278,0.0,0.0
89b7d45a58b84d2d9eae7b6b51932f3a,5.168656402670705,16.970562748477143,1.6970562748477156,5.025,0.32384509794358357,0.4606038914180072,0.3057222422108329,0.31108031272888104,5.168656402670705,16.970562748477143,1.6970562748477156,5.025,0.32384509794358357,0.4606038914180072,0.3057222422108329,0.31108031272888104,5.168656402670705,5.168656402670705,0.0,0.0
89ebed4bf2a740ff98f20714823de858,0.2250000000000001,2.3999999999999986,2.3999999999999986,0.0,0.041683628680462756,0.06015796810837722,0.03127321368288229,0.0023935317993166727,0.375,2.3999999999999986,0.0,0.0,0.05535270972878588,0.0854957783554396,0.013963187726403363,0.002102851867675337,0.2250000000000001,0.375,-0.1499999999999999,-0.013669081048323123
8a2f1d422b5344bf856ac21c65f2d562,0.0,0.0,0.0,0.0,0.3638452826748024,0.48795919120740366,0.2814180701216222,0.025929164886474343,0.0,0.0,0.0,0.0,0.3638452826748024,0.48795919120740366,0.2814180701216222,0.025929164886474343,0.0,0.0,0.0,0.0
8a71d732371e4067b4dfa11953919549,0.30000000000000004,2.3999999999999986,0.0,0.0,0.05984977691774358,0.09753695336027736,0.04263154280424753,0.0023900985717770773,0.30000000000000004,2.3999999999999986,0.0,0.0,0.05984977691774358,0.09753695336027736,0.04263154280424753,0.0023900985717770773,0.30000000000000004,0.30000000000000004,0.0,0.0
8a9da278a46c4cb8a34df981a174f95b,2.0031152949374533,3.6000000000000014,3.6000000000000014,0.22500000000000053,0.2947248755587636,0.5609054911024565,0.11821627452502725,0.027822875976562855,1.018236841690611,3.7947331922020573,0.0,0.15000000000000036,0.16501256784933174,0.3807727780837044,0.01703491409121824,0.022240734100339665,2.0031152949374533,1.018236841690611,0.9848784532468424,0.12971230770943185
8b5e5c70dba141538b9c5e89818848c3,1.4249999999999996,6.0,1.1999999999999957,0.0,0.22353628447062598,0.4179227020683125,0.10173200563606065,0.004846000671386186,1.4249999999999996,6.0,1.1999999999999957,0.0,0.22353628447062598,0.4179227020683125,0.10173200563606065,0.004846000671386186,1.4249999999999996,1.4249999999999996,0.0,0.0
8b6891cad27d4649bbe2a06055be4f7e,0.0,0.0,0.0,0.0,0.019648745335935993,0.03550428680169153,0.02548165574366875,0.0010993480682364165,0.0,0.0,0.0,0.0,0.046060347870776425,0.06177372892856845,0.055161029465112865,0.0028471469879152167,0.0,0.0,0.0,-0.02641160253484043
8b735e1da7f44939a4829436824db4d3,0.0,0.0,0.0,0.0,0.01268772312747236,0.025647750154573646,0.009618393904120925,0.0024026870727529293,0.0,0.0,0.0,0.0,0.012326343541665782,0.02465462197133243,0.010979597891220529,0.0024916648864734547,0.0,0.0,0.0,0.0003613795858065788
8bf2608c5dd149e5859cc42e27fed7a6,0.07500000000000018,1.2000000000000028,0.0,0.0,0.007879237651180794,0.018009797748234135,0.004959624336782556,0.0007853507995601028,0.07500000000000018,1.2000000000000028,0.0,0.0,0.007879237651180794,0.018009797748234135,0.004959624336782556,0.0007853507995601028,0.07500000000000018,0.07500000000000018,0.0,0.0
8c4bd54a31924d7c99f9cdad2358f1ab,0.0,0.0,0.0,0.0,0.35862902190816465,0.4840554565075434,0.3343114964070965,0.04781327247619638,0.0,0.0,0.0,0.0,0.35862902190816465,0.4840554565075434,0.3343114964070965,0.04781327247619638,0.0,0.0,0.0,0.0
8c99931fb4e14d658050bdaac6c19b8a,0.46770509831248475,2.6832815729997477,1.2000000000000028,0.07500000000000018,0.08315657275072094,0.19887143256071593,0.09579760093396801,0.02105126380920419,0.46770509831248475,2.6832815729997477,1.2000000000000028,0.07500000000000018,0.08315657275072094,0.19887143256071593,0.09579760093396801,0.02105126380920419,0.46770509831248475,0.46770509831248475,0.0,0.0
8cefab0167e14e04bbcda2f05febf1be,0.0,0.0,0.0,0.0,0.04336069529935165,0.0696824927265776,0.03622803850197121,0.010987186431885121,0.0,0.0,0.0,0.0,0.04336069529935165,0.0696824927265776,0.03622803850197121,0.010987186431885121,0.0,0.0,0.0,0.0
8d9bbe9b03a0415a956dfbdfc8813aa2,1.425,7.199999999999999,0.0,0.0,0.0697894895891257,0.10490731543815886,0.05309322825791117,0.005796861648560636,2.9736587198561018,29.578539517697624,29.578539517697624,1.2,0.04950701119404762,0.07542643313178851,0.04290758016925759,0.0057317733764654655,1.425,2.9736587198561018,-1.5486587198561017,0.02028247839507808
8deec6b96f7f498da9d9517feabcb007,1.1526987657639733,4.947726750741192,0.0,0.2249999999999992,0.10967993285264536,0.1398225874282953,0.09550544052564428,0.03713936805725071,1.1526987657639733,4.947726750741192,0.0,0.2249999999999992,0.1041092697640481,0.12936076152058687,0.08643150019716989,0.03296384811401332,1.1526987657639733,1.1526987657639733,0.0,0.005570663088597258
8e4e202ff5e14e09baad8c32fcadeae4,0.0,0.0,0.0,0.0,0.5579130112803549,0.7844816637656564,0.3388465429973864,0.027813863754272194,0.0,0.0,0.0,0.0,0.6523213461484002,0.9020384734534578,0.4198677534868376,0.030789327621459694,0.0,0.0,0.0,-0.09440833486804534
8ea26a603cd34da4811c2aec41e05555,0.5427050983124846,3.6000000000000014,0.0,0.15000000000000036,0.06702121454619031,0.12046886191172863,0.02535226349419395,0.041394996643065785,0.5427050983124846,3.6000000000000014,0.0,0.15000000000000036,0.06553408663877733,0.12573004013185274,0.024000020215040448,0.03607234954833949,0.5427050983124846,0.5427050983124846,0.0,0.0014871279074129828
8eb6ed9e552c40f4b576bbe60f2cb55f,0.0,0.0,0.0,0.0,0.03330174760355695,0.05108053378511517,0.036647968921196844,0.0017731189727778762,0.0,0.0,0.0,0.0,0.02948259882527411,0.04228284636238795,0.029861373082580883,0.0011270999908443713,0.0,0.0,0.0,0.0038191487782828354
8ecca46da8ff4f8a8fabfca4758db414,0.0,0.0,0.0,0.0,0.03413933207316651,0.09002712759203185,0.0247508750431966,0.00665473937988148,0.0,0.0,0.0,0.0,0.03263766948984262,0.05426278959620451,0.03565991821559758,0.005618619918823509,0.0,0.0,0.0,0.00150166258332389
8f530822443d481f89bbe6e355fe5a45,0.0,0.0,0.0,0.0,0.005224004391123688,0.010254985207602619,0.008195001867488954,0.0015174865722662467,0.0,0.0,0.0,0.0,0.005447231793295596,0.010603096246111896,0.008609628401521506,0.001488447189332387,0.0,0.0,0.0,-0.00022322740217190808
8fc2c834003544c095b1e38c78b20e72,0.0,0.0,0.0,0.0,0.008837472547714805,0.01696125814508285,0.016385960592637337,0.0013041973114011896,0.0,0.0,0.0,0.0,0.005952514855224722,0.011941777910821752,0.010799716121759092,0.0014172077178962184,0.0,0.0,0.0,0.002884957692490083
90574d0d361b4da59951e46fdaea5448,0.0,0.0,0.0,0.0,0.022692637862410943,0.04532401520755606,0.010769961523766903,0.0012891769409164588,0.0,0.0,0.0,0.0,0.022692637862410943,0.04532401520755606,0.010769961523766903,0.0012891769409164588,0.0,0.0,0.0,0.0
90845aab7dda4012b222fd89357f42f4,1.3645113980053456,3.3941125496954285,3.3941125496954285,0.6749999999999994,0.15621433272551916,0.3411685670996562,0.08620425601629023,0.029391860961915928,1.3645113980053456,3.3941125496954285,3.3941125496954285,0.6749999999999994,0.15621433272551916,0.3411685670996562,0.08620425601629023,0.029391860961915928,1.3645113980053456,1.3645113980053456,0.0,0.0
9099b4918d3d462ca0fb18b41648ae1c,1.1999999999999995,2.3999999999999986,1.2000000000000028,0.0,0.21371583763549062,0.40823917449117,0.055133869094845696,0.010420846939087625,0.8999999999999999,2.3999999999999986,1.2000000000000028,0.0,0.18600374420105292,0.36250404801673364,0.03655153121752714,0.011450672149659447,1.1999999999999995,0.8999999999999999,0.2999999999999996,0.0277120934344377
90fce8ab654e4583bb004aafed05f767,1.6359419400030957,4.799999999999997,1.2000000000000028,0.22500000000000053,0.2842595653508987,0.46296047047974265,0.09449531566999601,0.021075153350829545,1.5609419400030955,3.794733192202054,1.2000000000000028,0.22500000000000053,0.2484185821134479,0.39932582529081406,0.07935796521144732,0.023326492309568625,1.6359419400030957,1.5609419400030955,0.07500000000000018,0.0358409832374508
91a189c1a3ca483e98c7dd8b2fbd57b3,9.225,19.2,19.2,0.0,0.9893541523607158,1.4884539578453946,0.5518016235256,0.008634281158447443,8.925,19.2,19.2,0.0,0.9613853868848089,1.4457767404224988,0.5381093338870715,0.009483146667480291,9.225,8.925,0.29999999999999893,0.027968765475906876
91e81904bc56431ca8cb32441cb84776,0.0,0.0,0.0,0.0,0.22706472712145745,0.2709441546818613,0.26145334097170136,0.014871168136596946,0.0,0.0,0.0,0.0,0.22513871125310975,0.2688067173092449,0.25877140831560397,0.0159520626068117,0.0,0.0,0.0,0.0019260158683477024
93ff5779fccd482bb1ef839ed2a30911,0.7499999999999998,3.599999999999998,3.599999999999998,0.0,0.19327431019702035,0.37385018125132297,0.04494976199158201,0.0028686046600343573,0.7499999999999998,3.599999999999998,3.599999999999998,0.0,0.19327431019702035,0.37385018125132297,0.04494976199158201,0.0028686046600343573,0.7499999999999998,0.7499999999999998,0.0,0.0
9426bcaf73314a55b5bfba2791ca97bf,0.4493028588685928,3.794733192202053,0.0,0.375,0.1206452220380399,0.21511990574664394,0.0950060201309312,0.0680387020111084,0.4493028588685928,3.794733192202053,0.0,0.375,0.1206452220380399,0.21511990574664394,0.0950060201309312,0.0680387020111084,0.4493028588685928,0.4493028588685928,0.0,0.0
9451ac6ed1854040903b94c284185534,1.3769380202338088,4.9477267507411975,2.683281572999754,0.15000000000000036,0.17329472880657903,0.43720525339107164,0.04498090804909896,0.015669536590577238,1.3769380202338088,4.9477267507411975,2.683281572999754,0.15000000000000036,0.17329472880657903,0.43720525339107164,0.04498090804909896,0.015669536590577238,1.3769380202338088,1.3769380202338088,0.0,0.0
94719139ae16433bb563d9772644db0d,4.799999999999999,33.599999999999994,33.599999999999994,0.0,0.02947976047475729,0.048449821428778114,0.048449821428778114,0.0031163692474360793,4.799999999999999,33.599999999999994,33.599999999999994,0.0,0.02947976047475729,0.048449821428778114,0.048449821428778114,0.0031163692474360793,4.799999999999999,4.799999999999999,0.0,0.0
94ba4bb5b423408fb6a140798968e98d,2.4000000000000004,3.6000000000000014,2.4000000000000057,0.0,0.4693461229702002,0.7919526938964998,0.22291428720210485,0.005744361877441317,2.4000000000000004,3.6000000000000014,2.4000000000000057,0.0,0.4693461229702002,0.7919526938964998,0.22291428720210485,0.005744361877441317,2.4000000000000004,2.4000000000000004,0.0,0.0
94c6b3e562004fa58842171bd2fe5fdd,0.0,0.0,0.0,0.0,0.040787392510187793,0.05964372756755819,0.056236681860957864,0.006690788269043235,0.0,0.0,0.0,0.0,0.01952005915090403,0.03319872550883353,0.01384749937372162,0.0019509315490728873,0.0,0.0,0.0,0.021267333359283762
951845487e694c63af10cca2e2384137,0.675,4.799999999999997,4.799999999999997,0.0,0.1012109605348167,0.18227008890714536,0.0274988625136913,0.002433300018310991,0.675,4.799999999999997,4.799999999999997,0.0,0.1012109605348167,0.18227008890714536,0.0274988625136913,0.002433300018310991,0.675,0.675,0.0,0.0
951ac57b36f346718bbefb104e2db9f7,1.2871708245126285,3.794733192202054,3.5999999999999943,0.07500000000000018,0.17074150798076893,0.29615651460720155,0.053956688327190715,0.015419483184814897,1.2871708245126285,3.794733192202054,3.5999999999999943,0.07500000000000018,0.16082122572188184,0.279208338599549,0.04964496068857136,0.015295600891114258,1.2871708245126285,1.2871708245126285,0.0,0.009920282258887081
96154998ee0d42f1a43c13298234a024,3.611222014752199,12.059850745345065,12.059850745345065,0.2249999999999992,0.269046364749147,0.37984388708296557,0.16614642968330845,0.016278076171874822,3.611222014752199,12.059850745345065,12.059850745345065,0.2249999999999992,0.24083311901108734,0.32132302107405375,0.1626589367222295,0.013372278213500621,3.611222014752199,3.611222014752199,0.0,0.028213245738059667
9700cda834b44a66aa47d7eb42ea1cb3,0.30000000000000004,2.400000000000002,2.400000000000002,0.0,0.1365063742510617,0.19890330665041128,0.07409956923684642,0.004472351074218839,0.30000000000000004,2.400000000000002,2.400000000000002,0.0,0.1365063742510617,0.19890330665041128,0.07409956923684642,0.004472351074218839,0.30000000000000004,0.30000000000000004,0.0,0.0
970f84931fb248f586d6e262c0372bb4,0.6053300858899099,1.6970562748477156,0.0,0.3749999999999991,0.16770050655069285,0.26931206700797206,0.13806992959934516,0.02737984657287562,0.6053300858899099,1.6970562748477156,0.0,0.3749999999999991,0.16770050655069285,0.26931206700797206,0.13806992959934516,0.02737984657287562,0.6053300858899099,0.6053300858899099,0.0,0.0
97459c70a9fe4f68a8017994922b629a,0.9749999999999996,2.3999999999999986,2.3999999999999986,0.0,0.11995358084430602,0.16310122598331428,0.08913536345966838,0.0019044399261485268,0.9749999999999996,2.3999999999999986,2.3999999999999986,0.0,0.11995358084430602,0.16310122598331428,0.08913536345966838,0.0019044399261485268,0.9749999999999996,0.9749999999999996,0.0,0.0
97df8d32f954486d8b1b47349d45e2f3,0.6749999999999998,2.3999999999999986,2.3999999999999986,0.0,0.04295632213409509,0.13916814798697436,0.033854117156572196,0.008101415634155007,0.6749999999999998,2.3999999999999986,2.3999999999999986,0.0,0.04295632213409509,0.13916814798697436,0.033854117156572196,0.008101415634155007,0.6749999999999998,0.6749999999999998,0.0,0.0
982d107c70d84c5294032002bf9d19f4,0.212132034355964,1.6970562748477132,0.0,0.1499999999999997,0.06310011231553861,0.11238281483912618,0.028603630342450396,0.021752214431763672,0.2371708245126283,3.794733192202053,0.0,0.22499999999999987,0.025362955243178324,0.05113588528187466,0.01086391630600786,0.015832471847534446,0.212132034355964,0.2371708245126283,-0.025038790156664298,0.037737157072360285
98e3c44681984a688e9569e3e6ce9a73,0.0,0.0,0.0,0.0,0.10814031700376814,0.20155439250932747,0.06318736347010726,0.012553882598877575,0.0,0.0,0.0,0.0,0.10814031700376814,0.20155439250932747,0.06318736347010726,0.012553882598877575,0.0,0.0,0.0,0.0
9a243822c8dd451f863c6f3e02c520f3,0.0,0.0,0.0,0.0,0.04663967124469258,0.07044678062402163,0.045973718570621436,0.0037622451782235444,0.0,0.0,0.0,0.0,0.04663967124469258,0.07044678062402163,0.045973718570621436,0.0037622451782235444,0.0,0.0,0.0,0.0
9a566f8ff6134d73822c046046bbc5cc,0.6941874611502655,4.3266615305567875,0.0,0.375,0.2076065182977932,0.3781910983877319,0.1333604640761171,0.04592657089233354,0.6941874611502655,4.3266615305567875,0.0,0.375,0.2076065182977932,0.3781910983877319,0.1333604640761171,0.04592657089233354,0.6941874611502655,0.6941874611502655,0.0,0.0
9b155907cdbe4825b2c9ef7d59eec965,1.3067681125447155,6.118823416311343,0.0,0.22500000000000053,0.2409399267715397,0.42359522244293435,0.12861648120571004,0.03792514801025337,1.3067681125447155,6.118823416311343,0.0,0.22500000000000053,0.2409399267715397,0.42359522244293435,0.12861648120571004,0.03792514801025337,1.3067681125447155,1.3067681125447155,0.0,0.0
9cc1da2eefe04c629b44a31a97103552,1.4342329219213248,7.200000000000003,4.9477267507411975,0.07500000000000018,0.22820650883783436,0.35445868786047363,0.10826111275348584,0.012593793869018377,0.6842329219213248,4.9477267507411975,4.9477267507411975,0.07500000000000018,0.16760372314784094,0.2898837641898431,0.06625262979611189,0.004281520843505415,1.4342329219213248,0.6842329219213248,0.75,0.060602785689993416
9ce3fc6e76394d3298df0f901ff0e154,0.0,0.0,0.0,0.0,0.1579592754280956,0.1955326763348067,0.10991704483593656,0.013805866241453746,0.0,0.0,0.0,0.0,0.1579592754280956,0.1955326763348067,0.10991704483593656,0.013805866241453746,0.0,0.0,0.0,0.0
9de854f284b945df91b6f679c2593c85,17.924999999999997,33.599999999999994,33.599999999999994,0.0,2.6454085708785566,3.790216655008776,1.5498265251871635,0.017902708053588956,0.5249999999999992,2.3999999999999986,0.0,0.0,0.07275550462329364,0.1672506640425959,0.007672750383328202,0.0035511016845704013,17.924999999999997,0.5249999999999992,17.4,2.572653066255263
9e784620bd684ee28d7d72f337060b24,0.6993416490252571,3.7947331922020573,3.7947331922020573,0.15000000000000036,0.14536824041672383,0.2857829022881179,0.0711207989318503,0.0179265975952152,0.6993416490252571,3.7947331922020573,3.7947331922020573,0.15000000000000036,0.14536824041672383,0.2857829022881179,0.0711207989318503,0.0179265975952152,0.6993416490252571,0.6993416490252571,0.0,0.0
9e8e53de611c4a1885f3b2720ca8ceb8,11.342801505358743,24.8421013603922,24.8421013603922,5.7375,0.6975094061189553,1.1039443811970049,0.3250220457387719,0.0660784721374501,11.342801505358743,24.8421013603922,24.8421013603922,5.7375,0.6975094061189553,1.1039443811970049,0.3250220457387719,0.0660784721374501,11.342801505358743,11.342801505358743,0.0,0.0
9fbcde13d96b43a8aee0f76aee3bfc65,5.475,8.399999999999999,6.0,0.0,0.9140372113568032,1.623678629655749,0.27074965241248394,0.011900854110717951,5.475,8.399999999999999,6.0,0.0,0.8929138401232202,1.5789565252846367,0.2671024019256836,0.011276865005491743,5.475,5.475,0.0,0.021123371233582988
a085faf3366241a095a88d527a3fdc1b,1.1999999999999997,7.199999999999999,7.199999999999999,0.0,0.0534844231338034,0.11863747064214637,0.02363767949393409,0.014281654357910067,1.1999999999999997,7.199999999999999,7.199999999999999,0.0,0.0534844231338034,0.11863747064214637,0.02363767949393409,0.014281654357910067,1.1999999999999997,1.1999999999999997,0.0,0.0
a0e97cf86ca846d7b3193b7de50b6128,1.0500000000000005,3.6000000000000014,0.0,0.0,0.14224579144425933,0.26466208169950034,0.03355383835170216,0.005458688735961115,1.0500000000000005,3.6000000000000014,0.0,0.0,0.15007713145719973,0.2715870172002805,0.04261614205230629,0.004639577865601208,1.0500000000000005,1.0500000000000005,0.0,-0.007831340012940391
a109b976598c4460bee1b79902b787e3,0.8250000000000002,2.400000000000002,1.1999999999999993,0.0,0.2925856189446501,0.35424570735908784,0.2648972630602849,0.009203767776488903,0.2250000000000001,1.2000000000000028,0.0,0.0,0.010269413243799217,0.022166810669771737,0.006085499303925875,0.004446029663085493,0.8250000000000002,0.2250000000000001,0.6000000000000001,0.2823162057008509
a1b24ae10dd1438597859611a13fe892,0.7592329219213245,4.947726750741196,4.947726750741196,0.07499999999999973,0.07859865740388929,0.2063367721886663,0.04606223718809344,0.017796707153320046,0.6842329219213243,4.947726750741196,4.947726750741196,0.07499999999999973,0.05329614332689647,0.11804231469318333,0.029552161896115266,0.014474058151244584,0.7592329219213245,0.6842329219213243,0.07500000000000018,0.025302514076992813
a232ecf86c954455846c23378f850c74,0.07499999999999996,1.1999999999999993,0.0,0.0,0.11699572897756716,0.1669835219048446,0.07887277923064513,0.010680198669432706,0.1499999999999999,1.1999999999999993,0.0,0.0,0.12487730539719151,0.18206049208341343,0.08344297350586431,0.011630630493163707,0.07499999999999996,0.1499999999999999,-0.07499999999999996,-0.00788157641962435
a24ee9becdf243dc874f523a2bd5f2ba,0.07499999999999996,1.1999999999999993,0.0,0.0,0.029237669902552738,0.07725164309725747,0.004674253522497649,0.002300119400024947,0.07499999999999996,1.1999999999999993,0.0,0.0,0.029237669902552738,0.07725164309725747,0.004674253522497649,0.002300119400024947,0.07499999999999996,0.07499999999999996,0.0,0.0
a2c2773bd2634124b441f16ecff4265b,0.0,0.0,0.0,0.0,0.4473861467430442,0.5629716905489429,0.3817596810208751,0.009809446334839045,0.0,0.0,0.0,0.0,0.4473861467430442,0.5629716905489429,0.3817596810208751,0.009809446334839045,0.0,0.0,0.0,0.0
a2c946f6e37d44b992c8f4dc722f3958,0.75,2.3999999999999986,1.2000000000000028,0.0,0.1726810545213215,0.27134431389387603,0.07337524785971665,0.002253484725951882,0.5249999999999999,2.3999999999999986,0.0,0.0,0.05282252634692002,0.09284697389230202,0.007339921806988936,0.004570341110229581,0.75,0.5249999999999999,0.2250000000000001,0.11985852817440146
a3015f7b521e4be7b01dad30d8d8fdb2,11.453803851913971,24.8421013603922,24.8421013603922,5.812499999999999,1.263707799476238,1.8952535506382335,0.6423324192924118,0.10716476440429679,11.453803851913971,24.8421013603922,24.8421013603922,5.812499999999999,1.263707799476238,1.8952535506382335,0.6423324192924118,0.10716476440429679,11.453803851913971,11.453803851913971,0.0,0.0
a38098166d4049d1a81ff4e309415026,0.44999999999999973,1.1999999999999993,1.1999999999999993,0.0,0.11872032521591203,0.20717942344827642,0.0600540789209787,0.0035764217376712537,1.7999999999999996,7.199999999999999,1.1999999999999993,0.0,0.11420888543956914,0.19049517765354476,0.05826775673412094,0.004265642166137784,0.44999999999999973,1.7999999999999996,-1.3499999999999999,0.004511439776342885
a3cfa2ae8cff49eba4f9133706010c86,0.0,0.0,0.0,0.0,0.054265491087389685,0.08857790273987237,0.060311725970238726,0.0034749984741222484,0.0,0.0,0.0,0.0,0.05920414061502811,0.09715437600534223,0.06507331262068043,0.003422498703004262,0.0,0.0,0.0,-0.004938649527638422
a3d4456cd792421cb22e59f1dbcb052a,0.0,0.0,0.0,0.0,0.029401012025747054,0.040985023756927495,0.03332669055644694,0.0017752647399902344,0.0,0.0,0.0,0.0,0.029797332219148143,0.04052556993440324,0.03357547725508526,0.0013177871704095345,0.0,0.0,0.0,-0.0003963201934010889
a4ba2ac186aa4efbbd2d1396665ced0d,0.2999999999999998,3.599999999999998,0.0,0.0,0.07791139226659478,0.10196165026586507,0.059371458535391726,0.004589653015135919,0.2999999999999998,3.599999999999998,0.0,0.0,0.07791139226659478,0.10196165026586507,0.059371458535391726,0.004589653015135919,0.2999999999999998,0.2999999999999998,0.0,0.0
a6be1b51213443ba9991585f56a30c71,1.1256575259183852,5.366563145999495,5.366563145999495,0.8249999999999997,0.26650314611161896,0.5365933250753223,0.030417821891652715,0.048179054260255594,2.2832775228115914,6.99714227381436,5.366563145999495,1.7249999999999994,0.3230925158096038,0.6332731074693609,0.043371527147298625,0.065855169296265,1.1256575259183852,2.2832775228115914,-1.1576199968932062,-0.05658936969798484
a71c3dc9f5a84b72ab144c192d2cb51a,0.0,0.0,0.0,0.0,0.3008291798305557,0.40272451412040694,0.25032694255224675,0.022081661224364613,0.0,0.0,0.0,0.0,0.3008291798305557,0.40272451412040694,0.25032694255224675,0.022081661224364613,0.0,0.0,0.0,0.0
a87adcb824f54f29a34b07985b3d5611,0.0,0.0,0.0,0.0,0.05666128955882864,0.08279549137881641,0.07058264602904084,0.0035253524780269885,0.0,0.0,0.0,0.0,0.05666128955882864,0.08279549137881641,0.07058264602904084,0.0035253524780269885,0.0,0.0,0.0,0.0
a88de97710c144abad967a140ec9354a,0.0,0.0,0.0,0.0,0.059262741899373236,0.1018555113247371,0.07643848820002189,0.004874610900878373,0.0,0.0,0.0,0.0,0.05828750568988006,0.09940409133731312,0.07396744319225629,0.005039978027343128,0.0,0.0,0.0,0.0009752362094931771
a8904c5f0c604ec2bb7cc3e2c7ab07c5,0.0,0.0,0.0,0.0,0.061000203174457236,0.08340232656702969,0.07455192315335224,0.002429294586181463,0.0,0.0,0.0,0.0,0.061000203174457236,0.08340232656702969,0.07455192315335224,0.002429294586181463,0.0,0.0,0.0,0.0
a99d085974cb44b78145e3a10ce2b510,0.7677050983124842,2.683281572999751,2.3999999999999986,0.07500000000000018,0.06758822888492233,0.1140911250905666,0.01781851957745154,0.011378145217896929,0.39270509831248496,2.683281572999751,0.0,0.07500000000000018,0.03468787630196656,0.07327095319202208,0.0028254672348855072,0.009073448181152077,0.7677050983124842,0.39270509831248496,0.3749999999999993,0.03290035258295577
a9aeb015d73a40d6b90f4609f0670566,6.667018469201807,11.384199576606164,11.384199576606164,1.5000000000000009,0.3249271896727225,0.47427873911774515,0.2709922787036966,0.0451200485229486,6.667018469201807,11.384199576606164,11.384199576606164,1.5000000000000009,0.3249271896727225,0.47427873911774515,0.2709922787036966,0.0451200485229486,6.667018469201807,6.667018469201807,0.0,0.0
a9b04c513ff24c75bc4e6d9da849099a,1.0621708245126285,3.7947331922020573,0.0,0.07500000000000018,0.15156428411163467,0.27223098464737083,0.019645469842052198,0.011406612396240856,1.0621708245126285,3.7947331922020573,0.0,0.07500000000000018,0.15156428411163467,0.27223098464737083,0.019645469842052198,0.011406612396240856,1.0621708245126285,1.0621708245126285,0.0,0.0
aa73183cfd5c4501aa4b1425ce0a98f6,0.7499999999999998,1.2000000000000028,1.2000000000000028,0.0,0.035079172760336313,0.07476461673485438,0.02586520917785308,0.008067798614501687,0.7499999999999998,1.2000000000000028,1.2000000000000028,0.0,0.035079172760336313,0.07476461673485438,0.02586520917785308,0.008067798614501687,0.7499999999999998,0.7499999999999998,0.0,0.0
ab67269ee29f4f558d17f0e987c9af5f,0.30000000000000004,1.2000000000000028,0.0,0.0,0.05314696623895897,0.07869850600660369,0.04722914968706077,0.0011554241180422586,0.30000000000000004,1.2000000000000028,0.0,0.0,0.05340825393962462,0.07946987495137857,0.047010451207825224,0.0010518550872813393,0.30000000000000004,0.30000000000000004,0.0,-0.00026128770066564944
ab806dcb71f446ec869a710f28d97727,2.1298759228251125,3.7947331922020573,2.3999999999999986,0.15000000000000036,0.47597274199133693,0.7570413732818297,0.1902195610411651,0.03502750396728471,2.1298759228251125,3.7947331922020573,2.3999999999999986,0.15000000000000036,0.47597274199133693,0.7570413732818297,0.1902195610411651,0.03502750396728471,2.1298759228251125,2.1298759228251125,0.0,0.0
ab8bb06d76ba4c38b370e17d3cd1f988,0.0,0.0,0.0,0.0,0.01324180513538871,0.036112765223212454,0.004890270259895451,0.0013316631317144,0.0,0.0,0.0,0.0,0.01324180513538871,0.036112765223212454,0.004890270259895451,0.0013316631317144,0.0,0.0,0.0,0.0
aba7b4e53d664310833fe91218581d23,0.825,2.3999999999999986,1.2000000000000028,0.0,0.12995680009975713,0.2501896994069171,0.015960280976523106,0.0023334503173821908,0.825,2.3999999999999986,1.2000000000000028,0.0,0.12995680009975713,0.2501896994069171,0.015960280976523106,0.0023334503173821908,0.825,0.825,0.0,0.0
accfc202aad04ab88921c3f18f472e7c,1.134232921921325,4.9477267507411975,1.2000000000000028,0.07500000000000018,0.2606252016811106,0.4918168960039188,0.14380235487340384,0.016232872009276367,1.057426463519459,6.118823416311343,0.0,0.07500000000000018,0.28269443521867965,0.5033220639159478,0.14924259564000752,0.01656188964843741,1.134232921921325,1.057426463519459,0.07680645840186595,-0.022069233537569066
ad16c683b38243f1bf1c4afaaa71cd3c,0.5427050983124838,2.6832815729997477,1.2000000000000028,0.07500000000000018,0.22238578016410762,0.35381422093156134,0.1251056875645302,0.026478195190429155,0.617705098312484,2.6832815729997477,1.2000000000000028,0.07500000000000018,0.22885082859284145,0.39523396159229596,0.11496257172105949,0.035268545150756836,0.5427050983124838,0.617705098312484,-0.07500000000000018,-0.006465048428733827
ad2c63e34d084d8fbf13bdeee04f6457,0.9749999999999999,3.6000000000000014,1.2000000000000028,0.0,0.14520297163855828,0.24204081438679506,0.05560355097234449,0.002075386047363015,0.9749999999999999,3.6000000000000014,1.2000000000000028,0.0,0.13647304611894862,0.24754797049306906,0.0444683008831842,0.004207563400268288,0.9749999999999999,0.9749999999999999,0.0,0.00872992551960966
ae73ef54e4eb4c2ca04c2b56ed903dfe,0.37500000000000044,2.3999999999999986,2.3999999999999986,0.0,0.030847066838944455,0.06444777454308875,0.015159015231207594,0.019697570800781605,0.30000000000000027,2.3999999999999986,2.3999999999999986,0.0,0.025892920467934927,0.04780785153429594,0.01796864823449482,0.00515799522399929,0.37500000000000044,0.30000000000000027,0.07500000000000018,0.004954146371009528
ae7ecec2843b421aa49686d753a9a9f3,0.375,1.2000000000000028,0.0,0.0,0.08557274713826168,0.14736057877076889,0.03120351735553884,0.002174806594847034,0.375,1.2000000000000028,0.0,0.0,0.08557274713826168,0.14736057877076889,0.03120351735553884,0.002174806594847034,0.375,0.375,0.0,0.0
ae83482d78ee463590e10a0ad75c8a53,3.4499999999999997,7.200000000000003,5.9999999999999964,0.0,0.4040380515004667,0.5384073484443532,0.29690085584737413,0.007665252685547852,3.0749999999999993,6.0000000000000036,5.9999999999999964,0.0,0.3473191332307049,0.4694698486768307,0.2541841479282884,0.006057643890381215,3.4499999999999997,3.0749999999999993,0.37500000000000044,0.056718918269761776
af380e7ff5ba4de1b429309330f8f3fd,0.15000000000000013,1.2000000000000028,1.2000000000000028,0.0,0.01421582915875991,0.02676749938369302,0.009379678449189388,0.00175609588623038,0.9000000000000004,2.4000000000000057,2.4000000000000057,0.0,0.11630422027533127,0.17419409217229162,0.07976908259225442,0.0031884670257564807,0.15000000000000013,0.9000000000000004,-0.7500000000000002,-0.10208839111657136
afaf41b80a66437ab1235fe6cb6a2ecd,0.45483713266844833,2.6832815729997526,0.0,0.2999999999999998,0.0844415817365175,0.10161513280928867,0.0645317454267057,0.019620037078857067,0.45483713266844833,2.6832815729997526,0.0,0.2999999999999998,0.0844415817365175,0.10161513280928867,0.0645317454267057,0.019620037078857067,0.45483713266844833,0.45483713266844833,0.0,0.0
b007fc18b89f4f42bf5798e093b43729,0.7085377896320827,4.3266615305567875,4.3266615305567875,0.375,0.09133717522532861,0.14406314346900712,0.07296567355707817,0.032844114303589134,0.4381214439722835,4.3266615305567875,4.3266615305567875,0.2250000000000001,0.07488670111546536,0.1543838222142489,0.06491736693129159,0.031174421310426137,0.7085377896320827,0.4381214439722835,0.2704163456597992,0.01645047410986325
b0691648cfba45c495b190ad8273a9bb,1.1249999999999998,4.800000000000001,3.5999999999999943,0.0,0.18269634436302717,0.23277046463479348,0.15616639004312347,0.005467271804809659,1.2749999999999997,4.800000000000001,3.5999999999999943,0.0,0.17857412560514857,0.22530657559119355,0.15628341806197377,0.00344352722167951,1.1249999999999998,1.2749999999999997,-0.1499999999999999,0.004122218757878604
b0b837db91f149dea348720b1bc00e26,0.5999999999999996,2.3999999999999986,0.0,0.0,0.181850655961813,0.35976155125914305,0.1189216761464746,0.008710670471192561,0.44999999999999973,2.3999999999999986,0.0,0.0,0.15192894114937927,0.31361213220323503,0.08811822761498958,0.008472347259522284,0.5999999999999996,0.44999999999999973,0.1499999999999999,0.02992171481243372
b0e3ce27d0794ee0b88431294df2059d,0.0,0.0,0.0,0.0,0.025903938394344003,0.0435267090809038,0.02112411955280036,0.005907297134399414,0.0,0.0,0.0,0.0,0.025903938394344003,0.0435267090809038,0.02112411955280036,0.005907297134399414,0.0,0.0,0.0,0.0
b16c13a33031451e97116a3149783fa9,10.23868917687327,20.4,20.4,3.3000000000000007,0.7992382918064194,1.1539005526174975,0.3133413667571367,0.0679100990295396,10.80312379085159,20.4,20.4,3.6750000000000007,0.8562711282212407,1.317125357448546,0.3258940487502365,0.0710689544677714,10.23868917687327,10.80312379085159,-0.5644346139783192,-0.057032836414821375
b173607014c44dfd86cfee252561315f,5.369403267887729,9.67470929795826,7.299315036357866,0.5249999999999999,0.8542490979879168,1.5307423836790852,0.31645991347968755,0.08174114227294949,4.933097544820041,9.67470929795826,4.947726750741196,0.5999999999999996,0.7351914397584225,1.3449005716086366,0.27087879000505716,0.06677083969116149,5.369403267887729,4.933097544820041,0.43630572306768833,0.11905765822949432
b18eddcbf30e49a59ccb64e6ee3f7645,7.3800178531708225,19.863534428696212,19.863534428696212,2.0999999999999996,0.1992423001861468,0.3081645674653153,0.12866108028934062,0.04290361404418963,0.33541019662496807,2.6832815729997446,2.6832815729997446,0.22499999999999964,0.0323312009143894,0.053044852029161274,0.024946612916273155,0.007296037673949485,7.3800178531708225,0.33541019662496807,7.044607656545854,0.1669110992717574
b1c6966bd3a547ed82273d837490e63a,6.075000000000001,9.600000000000001,9.600000000000001,0.0,1.0111595840346848,1.6514658838713405,0.4208294067183456,0.016794490814208807,6.0,9.600000000000001,9.600000000000001,0.0,0.9823455141673123,1.6137671697609368,0.4077634572268468,0.01687645912170499,6.075000000000001,6.0,0.07500000000000107,0.02881406986737245
b2ec36b4311440c69a959a0e3c992177,0.0,0.0,0.0,0.0,0.24730091409297073,0.3431290485348908,0.1988424412392276,0.0115900039672856,0.0,0.0,0.0,0.0,0.24730091409297073,0.3431290485348908,0.1988424412392276,0.0115900039672856,0.0,0.0,0.0,0.0
b34b1b14b39242bb93f588dde535d6a0,1.9270404147892306,4.947726750741194,1.2000000000000028,0.375,0.22549821195031816,0.3800030122031425,0.10211048530079987,0.03254170417785707,1.9270404147892306,4.947726750741194,1.2000000000000028,0.375,0.22549821195031816,0.3800030122031425,0.10211048530079987,0.03254170417785707,1.9270404147892306,1.9270404147892306,0.0,0.0
b46130d95b9746ef985695d00325f3cf,1.1250000000000004,2.4000000000000057,1.2000000000000028,0.0,0.19592083071964655,0.32738681410509585,0.07207407083829931,0.002399826049805487,1.1250000000000004,2.4000000000000057,1.2000000000000028,0.0,0.19592083071964655,0.32738681410509585,0.07207407083829931,0.002399826049805487,1.1250000000000004,1.1250000000000004,0.0,0.0
b56f9bb8b47f45aea938669ec9b4b645,0.7499999999999998,3.6000000000000014,0.0,0.0,0.13569508141440417,0.16884351218707802,0.10912037862303614,0.00373477935790989,0.7499999999999998,3.6000000000000014,0.0,0.0,0.13376460052135172,0.1650640193015254,0.11022715867065926,0.004262638092040749,0.7499999999999998,0.7499999999999998,0.0,0.0019304808930524497
b66b4277cf6145bbabb891ea7193dfa6,1.1562305898749048,5.366563145999493,2.6832815729997446,0.44999999999999973,0.33687127218674795,0.774984194297692,0.1220975471347047,0.03186063766479563,1.9482773372126458,5.366563145999493,2.6832815729997477,0.6749999999999998,0.4976150024176888,1.0336608347766454,0.19842288384109463,0.0654961109161385,1.1562305898749048,1.9482773372126458,-0.792046747337741,-0.16074373023094085
b69267d13328431cbdc43f70c398a628,0.6053300858899104,8.485281374238568,0.0,0.07499999999999973,0.07540917591970098,0.12748060571084566,0.05339872586361504,0.006994771957397727,0.6053300858899104,8.485281374238568,0.0,0.07499999999999973,0.07540917591970098,0.12748060571084566,0.05339872586361504,0.006994771957397727,0.6053300858899104,0.6053300858899104,0.0,0.0
b736928c44d14a349b9d20b6ead6a2d6,0.375,2.3999999999999986,2.3999999999999986,0.0,0.017769827813461814,0.04109840033857216,0.014640468993044787,0.0024038314819341267,0.2427050983124848,2.683281572999754,0.0,0.07500000000000018,0.025189130271580967,0.062244158458651694,0.005678995154851778,0.0027002334594730115,0.375,0.2427050983124848,0.1322949016875152,-0.007419302458119153
b78605983b3543a1a70df4b3805e4dfc,2.851198681003183,7.683749084919421,7.683749084919421,1.1250000000000009,0.36132295365541667,0.4163134672505819,0.29083968691084816,0.07823438644409197,2.8685453843333164,7.683749084919421,7.683749084919421,1.0500000000000012,0.35620824077323554,0.42198968247470053,0.27155675697156,0.09972953796386674,2.851198681003183,2.8685453843333164,-0.01734670333013355,0.005114712882181127
b7d39e03124a49c69083bb6b8b23ce38,0.6749999999999996,1.1999999999999993,0.0,0.0,0.21130599358041652,0.38273416708193414,0.10994831123030854,0.0042028427124019,0.3749999999999998,1.1999999999999993,0.0,0.0,0.153443505021564,0.3268486532840502,0.04522483719879736,0.004933977127074662,0.6749999999999996,0.3749999999999998,0.2999999999999998,0.05786248855885251
b7e8f82fec5c41b39a73f8c86d06b470,0.15000000000000036,1.2000000000000028,0.0,0.0,0.008252136290650965,0.012422518789388846,0.007513924349094763,0.0005627632141091965,0.15000000000000036,1.2000000000000028,0.0,0.0,0.008252136290650965,0.012422518789388846,0.007513924349094763,0.0005627632141091965,0.15000000000000036,0.15000000000000036,0.0,0.0
b819c59bb4864a878beef275e9178672,4.35,17.999999999999996,17.999999999999996,0.0,0.3971487806036737,0.5693192197875028,0.27853860583903745,0.0140861034393307,0.75,2.400000000000002,1.1999999999999993,0.0,0.17407168395994632,0.23881073278835316,0.12087834320062482,0.009848213195800426,4.35,0.75,3.5999999999999996,0.22307709664372738
b8270b9749ce4edcb45f575546ba8d37,0.0,0.0,0.0,0.0,0.21343466798202418,0.2972648184260701,0.16003490960677186,0.007778835296630593,0.0,0.0,0.0,0.0,0.07306466744474735,0.09803338215654102,0.07760197707848637,0.0035731315612794745,0.0,0.0,0.0,0.14037000053727683
b8a429d70c164028ba31d8f5b3473672,1.6553300858899103,8.48528137423857,1.1999999999999957,0.07500000000000018,0.2585979308778985,0.4770855098004847,0.08616905596342732,0.0064480304718004255,1.6553300858899103,8.48528137423857,1.1999999999999957,0.07500000000000018,0.2585979308778985,0.4770855098004847,0.08616905596342732,0.0064480304718004255,1.6553300858899103,1.6553300858899103,0.0,0.0
b8c1727432364080b983d322a2752dcb,0.375,1.2000000000000028,1.1999999999999993,0.0,0.11257971702894842,0.20681842667018469,0.07882785799865688,0.006936120986938299,0.375,1.2000000000000028,1.1999999999999993,0.0,0.12204316997055059,0.24012012918020856,0.07821972327814797,0.008118581771851208,0.375,0.375,0.0,-0.009463452941602168
b954b1f2ddba46a794ef054b99064403,1.9119316876852974,4.947726750741191,1.1999999999999993,0.3000000000000007,0.25862143803157295,0.36978415277861454,0.1733797922324043,0.06259460449218768,1.9119316876852974,4.947726750741191,1.1999999999999993,0.3000000000000007,0.25862143803157295,0.36978415277861454,0.1733797922324043,0.06259460449218768,1.9119316876852974,1.9119316876852974,0.0,0.0
b99b59abce4f4637bf8e00240dee961b,0.9230351842023948,8.485281374238568,0.0,0.1499999999999999,0.10382037689960949,0.22800418998622485,0.07795608151293755,0.018746852874756303,0.8480351842023949,8.485281374238568,0.0,0.1499999999999999,0.11467111603560744,0.23570864784838957,0.07694733437243262,0.014925241470337358,0.9230351842023948,0.8480351842023949,0.07499999999999996,-0.010850739135997947
ba22ee94c0b04c69aca0a5171a8e9863,1.8026293388042336,3.3941125496954285,3.3941125496954285,1.1249999999999991,0.4235729641925671,0.8337385586408285,0.12367515823940277,0.06928367614746023,1.303365270092305,3.3941125496954285,3.3941125496954285,0.8249999999999993,0.31142007862588394,0.637993329500297,0.10487671069658068,0.047072696685790394,1.8026293388042336,1.303365270092305,0.4992640687119285,0.11215288556668318
bb229f2eb199473195c3b8891be4ae8d,0.22499999999999987,2.3999999999999986,0.0,0.0,0.05014905858091501,0.11130350016251628,0.005450697302189229,0.0012129306793209338,0.22499999999999987,2.3999999999999986,0.0,0.0,0.05014905858091501,0.11130350016251628,0.005450697302189229,0.0012129306793209338,0.22499999999999987,0.22499999999999987,0.0,0.0
bb972993952a499d8ed1a19fb2c52dd2,0.3927050983124841,2.6832815729997477,0.0,0.07500000000000018,0.1381841882248232,0.2649042347791163,0.09829736168922665,0.02416949272155655,0.3927050983124841,2.6832815729997477,0.0,0.07500000000000018,0.1381841882248232,0.2649042347791163,0.09829736168922665,0.02416949272155655,0.3927050983124841,0.3927050983124841,0.0,0.0
bb99cbc063344aa497ce11315ff5bf8d,1.5187974169951612,4.3266615305567875,0.0,0.75,0.13799077081089992,0.28996618663015816,0.1380085057119172,0.03975191116332999,1.5187974169951612,4.3266615305567875,0.0,0.75,0.13799077081089992,0.28996618663015816,0.1380085057119172,0.03975191116332999,1.5187974169951612,1.5187974169951612,0.0,0.0
bbba31d91e334f4abf6d1f96bf699980,0.0,0.0,0.0,0.0,0.008660973890815086,0.013168441489126471,0.009754985735842103,0.0013009071350107426,0.0,0.0,0.0,0.0,0.008660973890815086,0.013168441489126471,0.009754985735842103,0.0013009071350107426,0.0,0.0,0.0,0.0
bc928f34080143cb9f56b5b59fd71aed,2.5555392280351814,13.200000000000003,0.0,0.3749999999999991,0.34338347471544695,0.7328531023733742,0.1063661204862449,0.02695355415344114,2.2573456864370476,13.200000000000003,0.0,0.3749999999999991,0.2425459910586389,0.5939624383791396,0.0561927269609052,0.021999692916869762,2.5555392280351814,2.2573456864370476,0.2981935415981338,0.10083748365680806
bc97f8abd66f4f50961918081592854a,0.5427050983124847,3.6000000000000014,0.0,0.07500000000000018,0.04054825350184103,0.05887165005776443,0.033957243414020906,0.003699588775634588,0.5427050983124847,3.6000000000000014,0.0,0.07500000000000018,0.030175204933830652,0.05097402312472923,0.02997436558391823,0.0035161972045885115,0.5427050983124847,0.5427050983124847,0.0,0.010373048568010381
bc9925b35d7045f59dc456b6308b102e,0.6842329219213246,4.9477267507411895,2.3999999999999986,0.07499999999999973,0.021351292143069522,0.04867262754443769,0.019265437021693404,0.008448600769043857,0.8312071897723664,7.299315036357859,2.3999999999999986,0.07499999999999973,0.026152374093412513,0.0740346107544369,0.00757253228020054,0.009196043014527255,0.6842329219213246,0.8312071897723664,-0.14697426785104184,-0.0048010819503429905
bcb22b3f028c4e6289864df5ddbd2b4b,0.6177050983124845,2.683281572999751,0.0,0.07500000000000018,0.20810837109683916,0.33166320509029473,0.14645503336177373,0.01932463645935023,0.6177050983124845,2.683281572999751,0.0,0.07500000000000018,0.19971156618334604,0.31641099821938623,0.14073978033194495,0.018595790863037198,0.6177050983124845,0.6177050983124845,0.0,0.008396804913493122
bd063ae874da437ab0db3e2137be5d15,0.0,0.0,0.0,0.0,0.03389145845232574,0.07091897969092543,0.06613173980767058,0.011467123031616566,0.0,0.0,0.0,0.0,0.03389145845232574,0.07091897969092543,0.06613173980767058,0.011467123031616566,0.0,0.0,0.0,0.0
bd0b19f001164853b28e37108b288d9f,1.6500000000000006,3.6000000000000014,3.6000000000000014,0.0,0.24654253205301824,0.4332950532964542,0.08534128308387376,0.006231164932249733,1.6500000000000006,3.6000000000000014,3.6000000000000014,0.0,0.24654253205301824,0.4332950532964542,0.08534128308387376,0.006231164932249733,1.6500000000000006,1.6500000000000006,0.0,0.0
bd56288f906041a78b9ffb0d5e20884f,0.10606601717798222,1.6970562748477156,0.0,0.07500000000000018,0.041523489123252995,0.11796850754009272,0.015570310477119459,0.022013568878174183,0.07499999999999996,1.1999999999999993,0.0,0.0,0.02989549437167751,0.05784671559698286,0.030389040867983236,0.01107044219970632,0.10606601717798222,0.07499999999999996,0.03106601717798227,0.011627994751575485
bd91668cfb80411281917754291e5876,0.0,0.0,0.0,0.0,0.09974716698209547,0.13797357755729842,0.13797357755729842,0.013657808303832564,0.0,0.0,0.0,0.0,0.09952589659821691,0.13729588992020814,0.13729588992020814,0.01386423110961843,0.0,0.0,0.0,0.00022127038387856346
bdb7191edd29442ebb489370fea67d6c,0.5250000000000001,1.2000000000000028,0.0,0.0,0.11495650135894678,0.18218292450451365,0.06923708832716038,0.003652381896973367,0.5250000000000001,1.2000000000000028,0.0,0.0,0.0995707221662181,0.1630440646870368,0.05871989725753295,0.0030047893524178804,0.5250000000000001,0.5250000000000001,0.0,0.015385779192728682
be4d6ffa6ec14e9ab422a1c6f74c8818,4.741526341779922,30.3712034664417,30.3712034664417,2.6625000000000005,0.24270992536920402,0.4085244222248696,0.0729700752757061,0.024158906936645685,4.691396130407737,28.05280734614631,27.809530740377483,2.5875000000000004,0.1585657753859937,0.2973150127209525,0.0976918973621563,0.017076301574707742,4.741526341779922,4.691396130407737,0.050130211372184874,0.08414414998321032
bf0f869608744492b861152fe1a00da4,0.39270509831248457,2.6832815729997477,0.0,0.15000000000000036,0.06259358967998106,0.25633693703992083,0.02824567669370808,0.025216627120971058,1.1560660171779822,2.400000000000002,2.3999999999999986,0.15000000000000036,0.12578976363827454,0.38797054929561847,0.01476092392159967,0.017827463150025036,0.39270509831248457,1.1560660171779822,-0.7633609188654976,-0.06319617395829348
bf6a901eb1df4fbfacb12183fc82c240,2.946989471330694,8.485281374238568,8.485281374238568,0.2250000000000001,0.4613370788475169,0.7723796323956096,0.23198966852363714,0.02885699272155806,2.946989471330694,8.485281374238568,8.485281374238568,0.2250000000000001,0.4613370788475169,0.7723796323956096,0.23198966852363714,0.02885699272155806,2.946989471330694,2.946989471330694,0.0,0.0
c02c429b35624ec0903c63daf01d2491,1.8927050983124836,7.200000000000003,7.200000000000003,0.07500000000000018,0.3514739211208193,0.6299984100788549,0.1425367417540097,0.019904136657714844,1.8927050983124836,7.200000000000003,7.200000000000003,0.07500000000000018,0.3514739211208193,0.6299984100788549,0.1425367417540097,0.019904136657714844,1.8927050983124836,1.8927050983124836,0.0,0.0
c03d17123c6345f1a4626c6245b2c962,0.0,0.0,0.0,0.0,0.00996550704589266,0.016799853945786786,0.014888467866393336,0.0022258758544917434,0.0,0.0,0.0,0.0,0.008569042233107303,0.01422252225174441,0.012005119357123012,0.0021883964538562672,0.0,0.0,0.0,0.0013964648127853564
c0cc6b799a424a3cbad4bcf8a6920359,6.674999999999999,15.599999999999998,9.600000000000001,0.0,0.7887640937006849,1.361596007091384,0.41561824624590177,0.011382865905762873,6.449999999999999,15.599999999999998,6.0,0.0,0.7797560346998231,1.347059374170388,0.4102489041405358,0.011891555786133434,6.674999999999999,6.449999999999999,0.22499999999999964,0.009008059000861768
c11b4b82b0cf4292b5cc446ac74d7958,0.0,0.0,0.0,0.0,0.07708342382538846,0.1276773669980666,0.09824295499864526,0.0061949729919432706,0.0,0.0,0.0,0.0,0.07057110963533468,0.11721683328045975,0.0854752258505373,0.004092836380005682,0.0,0.0,0.0,0.006512314190053783
c1f1297352a147dd8ea73095a26f200b,1.2310660171779824,3.6000000000000014,3.6000000000000014,0.07500000000000018,0.12423098309330954,0.17190645952235717,0.09599432872078863,0.0036263465881352097,0.6000000000000003,1.2000000000000028,1.2000000000000028,0.0,0.062005254368954495,0.08775364524998693,0.042716245677296205,0.0039093017578117895,1.2310660171779824,0.6000000000000003,0.631066017177982,0.06222572872435505
c210d2a3c65148019cbebe3eef0c9540,0.0,0.0,0.0,0.0,0.05137361111205287,0.07342083648703794,0.06121472220110285,0.0035366535186769354,0.0,0.0,0.0,0.0,0.05137361111205287,0.07342083648703794,0.06121472220110285,0.0035366535186769354,0.0,0.0,0.0,0.0
c2167aa0fa674d1da8fb84b4de4c31e3,0.0,0.0,0.0,0.0,0.06613367248044816,0.11700705735664782,0.08858359502052052,0.003703880310057084,0.0,0.0,0.0,0.0,0.06644166385377025,0.11687748729169364,0.08963943502276146,0.0039052963256827056,0.0,0.0,0.0,-0.00030799137332208903
c22473b6b93c4dda86c14887f2f8a2a1,0.0,0.0,0.0,0.0,0.018601737104666748,0.04462567305695792,0.010139704285985594,0.003916883468627397,0.15000000000000013,1.2000000000000028,0.0,0.0,0.019989306804501908,0.03369170618960603,0.021824152744267605,0.001795578002930398,0.0,0.15000000000000013,-0.15000000000000013,-0.0013875696998351603
c2b0757b22f748a0a8c600d6cdad8c05,6.6140030128666005,14.449913494550753,12.059850745345068,0.3000000000000007,0.7767479976284366,1.3214867037188667,0.2187478183540186,0.011934471130370383,5.635883419457178,13.254433220624716,12.059850745345068,0.22500000000000053,0.6363420650791709,1.1081534850098038,0.18304210628449966,0.005322360992431552,6.6140030128666005,5.635883419457178,0.9781195934094224,0.1404059325492657
c4549c02dc304267baaa27b54ed1582b,12.605475813853792,27.62607463973121,27.62607463973121,0.22500000000000053,0.25382044110118474,0.4781778038411419,0.23237288005332493,0.013969659805297852,12.757387378481123,27.62607463973121,27.62607463973121,0.3000000000000007,0.2798202274764766,0.5468099998483016,0.1810815741571557,0.005777120590210405,12.605475813853792,12.757387378481123,-0.15191156462733169,-0.025999786375291878
c4a1c573c825427489f96400e51a1e4f,11.446039081912346,24.8421013603922,24.8421013603922,5.8125,1.9153119319278096,2.5669219564512638,1.2241841077182334,0.13741464614868049,11.446039081912346,24.8421013603922,24.8421013603922,5.8125,1.9153119319278096,2.5669219564512638,1.2241841077182334,0.13741464614868049,11.446039081912346,11.446039081912346,0.0,0.0
c4f21f2ac3744862b986ae5cdfd204a7,0.44999999999999996,2.3999999999999986,0.0,0.0,0.1387482332678011,0.23061109514421949,0.0584390397844298,0.0033316612243652344,0.44999999999999996,2.3999999999999986,0.0,0.0,0.1387482332678011,0.23061109514421949,0.0584390397844298,0.0033316612243652344,0.44999999999999996,0.44999999999999996,0.0,0.0
c5bb4463c2a54ae5aae09b41aefcac73,0.30000000000000027,1.2000000000000028,1.2000000000000028,0.0,0.060396887145515915,0.1874526738252943,0.038482478373505026,0.013013219833373668,0.30000000000000027,1.2000000000000028,1.2000000000000028,0.0,0.060396887145515915,0.1874526738252943,0.038482478373505026,0.013013219833373668,0.30000000000000027,0.30000000000000027,0.0,0.0
c60ad5d158654623ad2ff82454ea09a5,7.996665086693231,15.646085772486355,15.646085772486355,3.45,0.3763120732934774,0.5628809418484868,0.23319504103235478,0.040874862670897905,7.996665086693231,15.646085772486355,15.646085772486355,3.45,0.3763120732934774,0.5628809418484868,0.23319504103235478,0.040874862670897905,7.996665086693231,7.996665086693231,0.0,0.0
c64c6c970ae94cf8bdf7e98f804eb889,0.37983713266844865,2.6832815729997446,0.0,0.2250000000000001,0.08998922735277627,0.26843634679579276,0.05997240884066949,0.043782806396484464,0.37983713266844865,2.6832815729997446,0.0,0.2250000000000001,0.09794169128576159,0.2864501871193394,0.07963633911018868,0.0484505653381353,0.37983713266844865,0.37983713266844865,0.0,-0.00795246393298532
c6811ce5394649fe891f4ba96715f189,0.0,0.0,0.0,0.0,0.012359469848352653,0.030491708280939004,0.009730028244517977,0.005008220672606978,0.0,0.0,0.0,0.0,0.011430758242695722,0.03133209967200058,0.005672979785915614,0.004347181320189186,0.0,0.0,0.0,0.0009287116056569313
c6fae425e7694f4bb4aea5da0196d433,0.9000000000000004,4.800000000000004,1.2000000000000028,0.0,0.08999346814621673,0.22249415027680133,0.012180030931422819,0.01595792770385751,0.9000000000000004,4.800000000000004,1.2000000000000028,0.0,0.08999346814621673,0.22249415027680133,0.012180030931422819,0.01595792770385751,0.9000000000000004,0.9000000000000004,0.0,0.0
c71a1f1602fb4a4cbf52d990d5d101d4,0.07499999999999996,1.1999999999999993,0.0,0.0,1.1732404052991636,1.5774330464620279,0.7818023113030669,0.03008279800415048,8.88404280861286,17.181385275931625,17.181385275931625,0.4500000000000006,1.5742717867383624,2.2021104525358326,0.9830803134424013,0.038795185089111506,0.07499999999999996,8.88404280861286,-8.80904280861286,-0.4010313814391988
c7848242a0724c13b708e8912f43eeee,0.42426406871192845,5.091168824543142,1.6970562748477132,0.30000000000000004,0.12755909804686905,0.2202634099751251,0.0741002361631821,0.027293872833250354,0.5303300858899106,5.091168824543142,1.6970562748477132,0.3750000000000002,0.1099393690159996,0.18496224082932602,0.07014144071898061,0.022039747238157048,0.42426406871192845,0.5303300858899106,-0.10606601717798214,0.017619729030869447
c7f7190397824cc7bdb813e4947064f6,0.4237711154904662,2.6832815729997477,1.1999999999999993,0.15000000000000013,0.381613666740475,0.7062436479793605,0.14660958393939197,0.06840705871581942,0.4237711154904662,2.6832815729997477,1.1999999999999993,0.15000000000000013,0.381613666740475,0.7062436479793605,0.14660958393939197,0.06840705871581942,0.4237711154904662,0.4237711154904662,0.0,0.0
c8429748c8b2437b86619a02b457b09b,0.7060660171779823,2.3999999999999986,1.2000000000000028,0.07500000000000018,0.039941205935542,0.06276050366321703,0.026967431371369706,0.01126799583435023,0.7060660171779823,2.3999999999999986,1.2000000000000028,0.07500000000000018,0.039941205935542,0.06276050366321703,0.026967431371369706,0.01126799583435023,0.7060660171779823,0.7060660171779823,0.0,0.0
c8d61404b70940e3aa54ceaaf5f97322,1.9499999999999993,7.199999999999999,0.0,0.0,1.242447216856282,1.667146274761882,0.8870190252847073,0.029222345352172052,0.0,0.0,0.0,0.0,0.013221023712240109,0.024665960010093444,0.008243057857000169,0.0014978885650633877,1.9499999999999993,0.0,1.9499999999999993,1.2292261931440418
c9b3e94d59c0492ba3f22ad531b304c2,0.5999999999999999,2.3999999999999986,1.1999999999999957,0.0,0.08443045808726564,0.15733336897897904,0.012530167621682697,0.0022490501403806817,0.7499999999999998,2.3999999999999986,1.1999999999999957,0.0,0.1210341148616238,0.19565963793311292,0.049197424798735775,0.0020439147949220526,0.5999999999999999,0.7499999999999998,-0.1499999999999999,-0.03660365677435816
c9bbf80a68e0472bb9b2ed9d9bfae35a,0.5999999999999999,3.6000000000000014,0.0,0.0,0.15551895023967316,0.21923284357295206,0.13891687328605282,0.01750216484069922,0.5999999999999999,3.6000000000000014,0.0,0.0,0.15551895023967316,0.21923284357295206,0.13891687328605282,0.01750216484069922,0.5999999999999999,0.5999999999999999,0.0,0.0
ca004dced6b14fad85ae59eed00026b1,0.7499999999999998,3.599999999999998,1.2000000000000028,0.0,0.10136833257676614,0.1607964657339271,0.04272294885950341,0.0021258831024177915,0.6000000000000005,2.400000000000002,0.0,0.0,0.1262295042290076,0.22679251545754758,0.0930898483249643,0.006387662887572976,0.7499999999999998,0.6000000000000005,0.14999999999999925,-0.02486117165224147
cb319537ffde4e81b8d7cdb402db0b2c,0.1810660171779821,1.6970562748477107,0.0,0.1499999999999999,0.07865972377539843,0.17652910938660984,0.04846251809250591,0.02958326339721662,0.1810660171779821,1.6970562748477107,0.0,0.1499999999999999,0.08380318384918131,0.1771830462211045,0.03478619755064908,0.02820224761962864,0.1810660171779821,0.1810660171779821,0.0,-0.005143460073782885
cc5d111bf469460ebe535cd04542fcb1,4.992199814930688,22.272853431924702,19.202343606966313,2.4375,0.22807946635295168,0.278745508753373,0.20679663264088446,0.011175298690795366,6.863214526876832,19.809088823063014,19.202343606966313,2.4375,0.21650050095419887,0.2622778594232978,0.20385414415568207,0.010182094573973899,4.992199814930688,6.863214526876832,-1.8710147119461444,0.011578965398752805
cd71f915b2ef4bf3be01e19f0e3b2f35,0.0,0.0,0.0,0.0,0.0020881344430642864,0.00439756348425068,0.00439756348425068,0.0013139247894300432,0.0,0.0,0.0,0.0,0.00322908336836394,0.00813945516026022,0.00813945516026022,0.0006723403930659622,0.0,0.0,0.0,-0.0011409489252996534
ceab46a1061a49aa889488978912d762,0.15000000000000013,1.2000000000000028,0.0,0.0,0.07049625819280819,0.15889730372989108,0.009589918675536324,0.0024026870727533733,0.15000000000000013,1.2000000000000028,0.0,0.0,0.07049625819280819,0.15889730372989108,0.009589918675536324,0.0024026870727533733,0.15000000000000013,0.15000000000000013,0.0,0.0
cecdfd58442340f9a84194f725224dd2,11.271502864797373,26.537709019431198,26.537709019431198,5.56875,1.7537464171995127,2.3511786570447897,1.10003134874004,0.09631547927856365,11.271502864797373,26.537709019431198,26.537709019431198,5.56875,1.7537464171995127,2.3511786570447897,1.10003134874004,0.09631547927856365,11.271502864797373,11.271502864797373,0.0,0.0
cf5c4b437daf4bb3ad68d0f88ea7bff2,1.4572164963178311,10.73312629199899,10.73312629199899,0.7500000000000009,0.1368977297314956,0.19482181625569941,0.09482274364940477,0.017768526077271307,0.7863961030678941,1.697056274847718,1.697056274847718,0.45000000000000107,0.0812171094581281,0.10902310904491322,0.08186623315817029,0.008650016784667702,1.4572164963178311,0.7863961030678941,0.670820393249937,0.05568062027336751
d0113c8f8ab3486180fc0689728adca3,0.5857687256929989,9.372299611087982,0.0,0.44999999999999973,0.07608199339712177,0.1241324429684491,0.0862890471177356,0.03301477432250888,0.0,0.0,0.0,0.0,0.06866162207590958,0.1231485354944164,0.0710693338571707,0.025191020965575017,0.5857687256929989,0.0,0.5857687256929989,0.007420371321212191
d0786c5a22a64d59b013096510d3d006,0.6749999999999998,2.4000000000000057,2.4000000000000057,0.0,0.06368520818069356,0.1788185340521698,0.03497258490469373,0.009584569931030185,0.6749999999999998,2.4000000000000057,2.4000000000000057,0.0,0.06368520818069356,0.1788185340521698,0.03497258490469373,0.009584569931030185,0.6749999999999998,0.6749999999999998,0.0,0.0
d14217acbfbf4003a301b6d3c1ea6637,11.174999999999997,23.999999999999996,23.999999999999996,0.0,0.93651909898582,1.359897042405841,0.5158266839336808,0.010392379760741477,11.174999999999997,23.999999999999996,23.999999999999996,0.0,0.9252434196326813,1.3463840994479903,0.5053588845809922,0.0108861923217769,11.174999999999997,11.174999999999997,0.0,0.011275679353138668
d144dca78dca4455a8768ce8dd3265e4,0.0,0.0,0.0,0.0,0.010127999859016466,0.02350571268867853,0.021564291995873383,0.004373788833619052,0.0,0.0,0.0,0.0,0.010127999859016466,0.02350571268867853,0.021564291995873383,0.004373788833619052,0.0,0.0,0.0,0.0
d170260e87514fa3bfd962c9bbda8fc6,1.188372446562143,10.32279032045115,0.0,0.5999999999999999,0.16829121864510668,0.3057947449613514,0.04721558740915018,0.05337882041931197,1.188372446562143,10.32279032045115,0.0,0.5999999999999999,0.16829121864510668,0.3057947449613514,0.04721558740915018,0.05337882041931197,1.188372446562143,1.188372446562143,0.0,0.0
d17367e65c5848a1b1bd13545b4588d0,0.0,0.0,0.0,0.0,0.04831707251115187,0.07610975395122263,0.04274317888935626,0.002314853668211825,0.0,0.0,0.0,0.0,0.04831707251115187,0.07610975395122263,0.04274317888935626,0.002314853668211825,0.0,0.0,0.0,0.0
d18572eed2594936be874ed1509ebd32,3.1499999999999986,6.0,6.0,0.0,0.20455930591137894,0.3526257186485319,0.16097211154543295,0.00475273132324272,3.1499999999999986,6.0,6.0,0.0,0.20455930591137894,0.3526257186485319,0.16097211154543295,0.00475273132324272,3.1499999999999986,3.1499999999999986,0.0,0.0
d1df3366846f4aae8b1847cd810fccd1,0.30000000000000027,1.2000000000000028,1.2000000000000028,0.0,0.05855798414599222,0.07370453186489752,0.057749865769213045,0.002957010269164062,0.2250000000000001,1.2000000000000028,1.2000000000000028,0.0,0.011357489808757434,0.01748755622012801,0.011418585391174806,0.0017663955688469457,0.30000000000000027,0.2250000000000001,0.07500000000000018,0.047200494337234784
d2524d69f0df43ef83a43b458c2af1e0,0.07499999999999996,1.1999999999999993,0.0,0.0,0.021677607369846086,0.06926935499725732,0.012480778765854858,0.0028791904449465555,0.15000000000000013,2.400000000000002,0.0,0.0,0.048905988335076284,0.10584760968973152,0.03346198061958699,0.00257391929626527,0.07499999999999996,0.15000000000000013,-0.07500000000000018,-0.027228380965230198
d3133b05709f430f88878bb32a87677f,0.0,0.0,0.0,0.0,0.05476369795658878,0.0830774828895257,0.06594778995684078,0.0036735534667955427,0.0,0.0,0.0,0.0,0.05476369795658878,0.0830774828895257,0.06594778995684078,0.0036735534667955427,0.0,0.0,0.0,0.0
d32a87c0ddfb4421b09fc0c3460cf159,1.1249999999999996,3.599999999999998,0.0,0.0,0.1307863270990649,0.2729780112575044,0.053515563502758184,0.006286096572876154,1.1249999999999996,3.599999999999998,0.0,0.0,0.1307863270990649,0.2729780112575044,0.053515563502758184,0.006286096572876154,1.1249999999999996,1.1249999999999996,0.0,0.0
d3685fbdf49b4d569f45f7f638f7917e,0.0,0.0,0.0,0.0,0.05409665327039429,0.07469838348292665,0.048288522917325855,0.007926321029662287,0.0,0.0,0.0,0.0,0.05518194232831147,0.07949276894704503,0.050726875115774346,0.008573627471923473,0.0,0.0,0.0,-0.0010852890579171812
d379c1a590d64de3ac703c914d8950fd,0.07499999999999996,1.1999999999999993,0.0,0.0,0.024261116435146002,0.06918720534139076,0.008237553622693624,0.002706098556518377,0.07499999999999996,1.1999999999999993,0.0,0.0,0.014379630408274563,0.03939020887056561,0.008464555328139594,0.0031371116638183594,0.07499999999999996,0.07499999999999996,0.0,0.00988148602687144
d3dece03c4c54df7bb7e2355c9a6c6a5,0.15000000000000036,1.2000000000000028,0.0,0.0,0.019796301491215727,0.0706990752259005,0.01658716566272741,0.004387521743773437,0.07500000000000018,1.2000000000000028,0.0,0.0,0.02341314308085083,0.07677163415282216,0.016020321157494608,0.0036864280700679153,0.15000000000000036,0.07500000000000018,0.07500000000000018,-0.0036168415896351037
d3e10ee0920e4097ac5cfea1dd9c6176,0.0,0.0,0.0,0.0,0.017665823819655254,0.03668467343052696,0.03668467343052696,0.014406681060790572,0.0,0.0,0.0,0.0,0.017648297176735182,0.03739781032414439,0.03739781032414439,0.014716243743896129,0.0,0.0,0.0,1.7526642920071694e-05
d46356fa1ccd466c82ec47ba49e869af,0.0,0.0,0.0,0.0,0.045620098057968905,0.07563382537031342,0.042746938619749916,0.003112077713011807,0.0,0.0,0.0,0.0,0.045620098057968905,0.07563382537031342,0.042746938619749916,0.003112077713011807,0.0,0.0,0.0,0.0
d4f482225b1b4110813a81e771eb8723,0.4500000000000002,3.6000000000000014,3.6000000000000014,0.0,0.051919262441098964,0.08737262122551183,0.06753117420127548,0.0030253887176501237,0.4500000000000002,3.6000000000000014,3.6000000000000014,0.0,0.034440428220818275,0.04956610608515432,0.04956610608515432,0.0029708862304680395,0.4500000000000002,0.4500000000000002,0.0,0.017478834220280688
d5009be182224f989fafdde7b6635032,0.0,0.0,0.0,0.0,0.004103160848230514,0.011115981856586911,0.009867610931231995,0.0009082317352278046,0.0,0.0,0.0,0.0,0.004690702553599564,0.008747696388353801,0.007553225776328456,0.0013698577880862928,0.0,0.0,0.0,-0.0005875417053690501
d63c026dcf414a11b6a978f67d347dbd,0.07499999999999996,1.1999999999999993,0.0,0.0,0.014615346924689169,0.022309703237899103,0.022043314929726214,0.0008867740631108845,0.07499999999999996,1.1999999999999993,0.0,0.0,0.014615346924689169,0.022309703237899103,0.022043314929726214,0.0008867740631108845,0.07499999999999996,0.07499999999999996,0.0,0.0
d70ddfd8201b46b898e8daa5aaf081f0,0.8475422309809336,2.6832815729997495,1.1999999999999993,0.7500000000000011,0.06484122843251452,0.10108120502811375,0.04537407918608944,0.02235445976257333,0.8475422309809336,2.6832815729997495,1.1999999999999993,0.7500000000000011,0.06484122843251452,0.10108120502811375,0.04537407918608944,0.02235445976257333,0.8475422309809336,0.8475422309809336,0.0,0.0
d7f280ad9f5648cbbee4e56dc0446c00,3.3292423739747603,8.485281374238568,4.799999999999997,0.22499999999999964,0.5309320125568913,0.9864999792425861,0.1509932034618893,0.027938032150268466,1.4249999999999992,3.5999999999999943,3.5999999999999943,0.0,0.25963112425018126,0.5268890899298355,0.05786563905519003,0.006888055801391957,3.3292423739747603,1.4249999999999992,1.9042423739747611,0.27130088830671
d7f960507ad941dc9f2c10e5b3936d8d,0.8324264635194589,6.118823416311341,1.1999999999999957,0.07499999999999973,0.06498407711440873,0.11826188448622871,0.0224419175866604,0.009449815750121715,0.4500000000000002,1.2000000000000028,1.1999999999999957,0.0,0.02525504820458513,0.05878935676501905,0.032454278599472315,0.006941699981689364,0.8324264635194589,0.4500000000000002,0.38242646351945875,0.039729028909823605
d8a9c9c7ef7e4f9cbc03f48f94b57370,3.5999999999999996,8.399999999999999,8.399999999999999,0.0,0.43774517092822257,0.7447560725067431,0.13668877641756969,0.006115007400512074,3.5999999999999996,8.399999999999999,8.399999999999999,0.0,0.43774517092822257,0.7447560725067431,0.13668877641756969,0.006115007400512074,3.5999999999999996,3.5999999999999996,0.0,0.0
d94d3bb0e241476cb3ebf32cc5abe31b,0.8463521366280633,3.7947331922020573,1.6970562748477107,0.37500000000000067,0.08292352278516507,0.17874828032504633,0.056514851096560896,0.022580766677855912,0.8463521366280633,3.7947331922020573,1.6970562748477107,0.37500000000000067,0.08187995925377436,0.1587726441731327,0.05985911171613653,0.024928951263426757,0.8463521366280633,0.8463521366280633,0.0,0.0010435635313907066
d96260379fb54634b5022474c4bbf095,0.5427050983124844,2.683281572999751,0.0,0.07500000000000018,0.17879850769576597,0.32753407628826436,0.16040641335715736,0.02497000694275009,0.5427050983124844,2.683281572999751,0.0,0.07500000000000018,0.17879850769576597,0.32753407628826436,0.16040641335715736,0.02497000694275009,0.5427050983124844,0.5427050983124844,0.0,0.0
d98a0d70f184407985c6af457a36458f,1.4249999999999992,4.799999999999997,0.0,0.0,0.1340142346313821,0.25869150901230165,0.0756610457341585,0.013831901550292347,1.4249999999999992,4.799999999999997,0.0,0.0,0.11884872551066653,0.23013122208312625,0.07284050939833595,0.008530855178833008,1.4249999999999992,1.4249999999999992,0.0,0.01516550912071557
d9b8ab418bcb492ca02b38941c5d4aa6,3.8629361059469565,12.756174975281576,1.2000000000000028,1.4250000000000007,0.3819732046897628,0.7803376797676209,0.09846736867784674,0.061438608169556375,3.8629361059469565,12.756174975281576,1.2000000000000028,1.4250000000000007,0.3819732046897628,0.7803376797676209,0.09846736867784674,0.061438608169556375,3.8629361059469565,3.8629361059469565,0.0,0.0
dae47bb946e8418eb0fea1267c1ba730,2.934232921921325,6.0,6.0,0.07500000000000018,0.4050062070733203,0.668675343142887,0.1877725359984137,0.01425132751464897,3.009232921921324,6.0,6.0,0.07500000000000018,0.3913326696406989,0.6065135791483134,0.18987289272358746,0.019307041168213246,2.934232921921325,3.009232921921324,-0.07499999999999929,0.013673537432621397
dae6a9febc3447b0999dec350965e67a,0.8250000000000002,2.3999999999999986,1.2000000000000028,0.15000000000000036,0.1903520359923865,0.289376250173988,0.16470838035521845,0.012394952774047674,1.0725422309809332,3.5999999999999943,1.2000000000000028,0.3000000000000007,0.05867040368980291,0.10146354827579332,0.05479983366481408,0.020013713836669833,0.8250000000000002,1.0725422309809332,-0.24754223098093298,0.1316816323025836
dbef9281c1544285a8fb09957c000e4a,1.050000000000001,2.3999999999999986,1.2000000000000028,0.15000000000000036,0.10987147318057053,0.1456925738687635,0.06771732907349189,0.004994916915893821,0.2250000000000003,1.2000000000000028,0.0,0.0,0.012911531269554001,0.030873635247534687,0.00661693587501414,0.00540819168090767,1.050000000000001,0.2250000000000003,0.8250000000000006,0.09695994191101653
dbffcc96729b420380ace0e08ad587d5,4.65,9.600000000000001,9.600000000000001,0.0,0.7534086393778234,1.2879293594206365,0.2781189813318018,0.03088359832763743,3.6750000000000007,8.399999999999999,8.399999999999999,0.0,0.5727105933662332,1.0382138678092672,0.23167950369150447,0.029927015304566318,4.65,3.6750000000000007,0.9749999999999996,0.18069804601159023
dc8486592de94489b1c76a379fda719b,0.5914762138029511,2.683281572999751,0.0,0.4500000000000004,0.09520830379474318,0.21240323861936938,0.021315163737305236,0.0673205852508536,0.5914762138029511,2.683281572999751,0.0,0.4500000000000004,0.09520830379474318,0.21240323861936938,0.021315163737305236,0.0673205852508536,0.5914762138029511,0.5914762138029511,0.0,0.0
dd3d6515f2f54fc489c81a814713a8e7,1.036413146273926,11.002272492535347,0.0,0.9187500000000002,0.09901227369204586,0.14211365674738333,0.13533116076957685,0.06205787658691442,1.036413146273926,11.002272492535347,0.0,0.9187500000000002,0.09901227369204586,0.14211365674738333,0.13533116076957685,0.06205787658691442,1.036413146273926,1.036413146273926,0.0,0.0
ddc31994307940008530f4d811a74217,0.0,0.0,0.0,0.0,0.027019479408420578,0.04134953333109512,0.02543340893073833,0.0064291477203362035,0.0,0.0,0.0,0.0,0.030792873584089223,0.047498160849600284,0.03241240611067077,0.007277727127074307,0.0,0.0,0.0,-0.0037733941756686457
de1465b03ce54dff8f8b4e718f64a985,0.5250000000000001,1.2000000000000028,0.0,0.0,0.11450357721165647,0.22792494595099,0.047806466228958906,0.0036957263946537644,0.375,1.2000000000000028,0.0,0.0,0.11375507221741187,0.2050689881707673,0.05249502082558971,0.00441527366638228,0.5250000000000001,0.375,0.15000000000000013,0.0007485049942446004
def5219ae4bb4a4bb927fc798e5b7a78,0.6310660171779824,2.400000000000002,2.400000000000002,0.07500000000000018,0.044488593390966086,0.09443551920387057,0.033961483499947334,0.006751012802123313,0.6310660171779824,2.400000000000002,2.400000000000002,0.07500000000000018,0.044488593390966086,0.09443551920387057,0.033961483499947334,0.006751012802123313,0.6310660171779824,0.6310660171779824,0.0,0.0
df9929a0ddf54eb085ab793ae1e7f172,1.0499999999999994,4.799999999999997,0.0,0.0,0.14585971583795804,0.18491551957443444,0.1030399539425742,0.004748725891113192,1.0499999999999994,4.799999999999997,0.0,0.0,0.14827953179057263,0.18177722635846158,0.10857493973928097,0.003477859497070579,1.0499999999999994,1.0499999999999994,0.0,-0.00241981595261459
dfae55723a4c4ec28582161e2d312734,0.3750000000000009,1.2000000000000028,1.2000000000000028,0.0,0.05432906457565513,0.06908356192885366,0.04531859542383942,0.0013571262359630687,2.325,4.800000000000004,4.799999999999997,0.0,0.38044539087445156,0.4806310637091452,0.44318156390645486,0.005799007415770774,0.3750000000000009,2.325,-1.9499999999999993,-0.32611632629879644
e0e4f6e2772d4404b59949f7b78acf88,6.439278811165877,16.970562748477143,16.970562748477143,1.4250000000000018,0.7061206609723871,1.075147018178733,0.36204769425286576,0.08771023750305185,6.439278811165877,16.970562748477143,16.970562748477143,1.4250000000000018,0.6954511182360266,1.065886153789837,0.34785504078678775,0.08527135848998935,6.439278811165877,6.439278811165877,0.0,0.01066954273636056
e11dfc749a174c5b9c04807dd44048eb,0.825,3.6000000000000014,1.2000000000000028,0.0,0.27650970576465245,0.5189922230224433,0.11797436914340487,0.02290806770324716,0.8249999999999997,4.799999999999997,4.799999999999997,0.0,0.11521178733068117,0.28882553319111515,0.02121595668255427,0.012479352951050515,0.825,0.8249999999999997,2.220446049250313e-16,0.1612979184339713
e22c0bbea22343e7beffd77c44679a83,10.730850725283734,19.863534428696212,19.863534428696212,3.3000000000000003,0.8015316211868133,1.2923299478839165,0.37459622191965314,0.07077770233154279,10.730850725283734,19.863534428696212,19.863534428696212,3.3000000000000003,0.7781268196281268,1.1745757912959476,0.3943534822638546,0.06674108505248988,10.730850725283734,10.730850725283734,0.0,0.023404801558686517
e25bd16daa3f4782a33c6e3361d38114,10.95,23.999999999999996,23.999999999999996,0.0,0.9871146672018425,1.5062915586958827,0.5462448891950041,0.02063441276550293,10.95,23.999999999999996,23.999999999999996,0.0,0.975996607038851,1.4914917817238351,0.540943567148525,0.02236132621765119,10.95,10.95,0.0,0.011118060162991439
e2b98ffff9d249508e1986ea6191bcaa,0.9063194955062298,4.326661530556789,1.6970562748477107,0.5249999999999999,0.1482011717034785,0.4006279206148852,0.03770584943733826,0.06035356521606561,0.9063194955062298,4.326661530556789,1.6970562748477107,0.5249999999999999,0.14066745569441821,0.38780334050094434,0.03782974521941272,0.06034011840820286,0.9063194955062298,0.9063194955062298,0.0,0.007533716009060276
e2fb18a3d2b443608c26e1132cecf815,0.07499999999999973,1.1999999999999957,0.0,0.0,0.027773205747588185,0.07479131236035218,0.014850441936302836,0.005702304840088157,0.44999999999999973,3.6000000000000014,0.0,0.0,0.06680792451624895,0.11722140735838506,0.023501506667082856,0.0024518966674795806,0.07499999999999973,0.44999999999999973,-0.375,-0.03903471876866077
e343351ade314036874d6097258ba8a3,0.0,0.0,0.0,0.0,0.008647855645976091,0.011918401807328494,0.010542560728147033,0.005386018753053001,0.3121708245126287,3.794733192202056,0.0,0.07499999999999996,0.022670032253559715,0.04511057368637302,0.015793801983678992,0.0077284812927245206,0.0,0.3121708245126287,-0.3121708245126287,-0.014022176607583623
e3958d83ff2b431f9346c856f8c57cd7,0.0,0.0,0.0,0.0,0.05765102220572731,0.09217046164057734,0.05268532160321041,0.005789279937745029,0.0,0.0,0.0,0.0,0.07788715613040634,0.11979283826041753,0.07546930879702647,0.008779191970825106,0.0,0.0,0.0,-0.020236133924679024
e403de6d34234e4c9ff130b503eddc8a,1.1371708245126282,3.7947331922020573,2.3999999999999986,0.07500000000000018,0.05954945670108175,0.11162314563277037,0.07409176079968684,0.01997895240783709,1.1371708245126282,3.7947331922020573,2.3999999999999986,0.07500000000000018,0.04747832701141248,0.12989137865308775,0.06550740398405833,0.012958002090453391,1.1371708245126282,1.1371708245126282,0.0,0.012071129689669266
e41443d5aa9142cda7e1eae6fe5a4241,0.8652473292934171,5.366563145999494,0.0,0.375,0.09770048789063646,0.20985887333483022,0.07927054065708278,0.06511502265930202,0.8652473292934171,5.366563145999494,0.0,0.375,0.07654925501242558,0.15709124097426116,0.065989466079422,0.05348339080810627,0.8652473292934171,0.8652473292934171,0.0,0.02115123287821087
e43dc0bf8d214db1a9ed030c4d4b6c8a,0.0,0.0,0.0,0.0,0.046596767870147215,0.06995609228480135,0.05478417878885584,0.0026739120483405543,0.0,0.0,0.0,0.0,0.046596767870147215,0.06995609228480135,0.05478417878885584,0.0026739120483405543,0.0,0.0,0.0,0.0
e56aba7a91ea442dae8e7926a0d8f052,0.0,0.0,0.0,0.0,0.012130540692017015,0.01688339799912751,0.011451113568471824,0.001123380661011364,0.0,0.0,0.0,0.0,0.012130540692017015,0.01688339799912751,0.011451113568471824,0.001123380661011364,0.0,0.0,0.0,0.0
e5d3d7e6453a484daaf5f596e97570cc,1.2996730336150153,7.2993150363578625,0.0,0.2249999999999992,0.08907714155921705,0.12406113065398754,0.06144106544763421,0.010610103607177734,2.1381985251774362,13.416407864998737,0.0,0.3749999999999991,0.08906371889602335,0.12309948616019412,0.06358858935757619,0.008379507064819602,1.2996730336150153,2.1381985251774362,-0.838525491562421,1.3422663193693452e-05
e5eae7b13199436baa2544408340d01b,0.5560660171779819,1.6970562748477107,1.1999999999999993,0.1499999999999999,0.07380179054824511,0.12002009765283327,0.02214022304323358,0.028725671768188743,0.5560660171779819,1.6970562748477107,1.1999999999999993,0.1499999999999999,0.07380179054824511,0.12002009765283327,0.02214022304323358,0.028725671768188743,0.5560660171779819,0.5560660171779819,0.0,0.0
e5f7835a5b9a48d295e3cc35760ae5ee,1.2000000000000002,2.400000000000002,2.400000000000002,0.0,0.1928891956977491,0.34389856163333615,0.0981042629516604,0.00423016548156685,1.2000000000000002,2.400000000000002,2.400000000000002,0.0,0.1928891956977491,0.34389856163333615,0.0981042629516604,0.00423016548156685,1.2000000000000002,1.2000000000000002,0.0,0.0
e5fd1a6e14a448a1aba85e60b763f605,2.0999999999999996,4.800000000000001,3.6000000000000014,0.0,0.339951259725221,0.5928724431937936,0.20085695545189183,0.0360404491424573,1.1999999999999995,2.400000000000002,2.3999999999999986,0.0,0.18466937999950456,0.34584480573742704,0.10815862147552609,0.020828533172608132,2.0999999999999996,1.1999999999999995,0.9000000000000001,0.15528187972571644
e6ad1352eca14b09aa22fc4c3d433666,0.0,0.0,0.0,0.0,0.006781861738425111,0.016615528182485004,0.010268352414040885,0.004867744445800959,0.0,0.0,0.0,0.0,0.006781861738425111,0.016615528182485004,0.010268352414040885,0.004867744445800959,0.0,0.0,0.0,0.0
e71f2d1521e4479c8989ee3b3db48a4a,7.725,32.39999999999999,32.39999999999999,0.0,0.41070280543271737,0.8124110187008209,0.021788814596354074,0.006494235992432262,3.3,7.200000000000003,4.800000000000004,0.0,0.4772183133046943,0.8055806027879584,0.10671277827012701,0.011058712005616034,7.725,3.3,4.425,-0.06651550787197691
e73eeb0396a1414c8a1f57a5ebafab37,9.15,19.2,19.2,0.0,0.944761678513803,1.423123442925646,0.5224703901652339,0.010709667205810458,9.225000000000001,19.2,19.2,0.0,0.9495100077934181,1.4300641586078346,0.5241436067354389,0.011253404617308949,9.15,9.225000000000001,-0.07500000000000107,-0.004748329279615104
e759245e3f1d4e51a00b1da918442e21,2.6416593854407835,6.118823416311343,6.0,0.15000000000000036,0.36796454626436176,0.5984375440829245,0.1575116878668723,0.01230297088622967,2.6416593854407835,6.118823416311343,6.0,0.15000000000000036,0.36796454626436176,0.5984375440829245,0.1575116878668723,0.01230297088622967,2.6416593854407835,2.6416593854407835,0.0,0.0
e79cc0b4bfe54affa3b3371f83eb62ff,1.4398529270389173,6.118823416311341,6.118823416311341,0.14999999999999947,0.03354558571895372,0.06234035052837966,0.05303269663553921,0.01663112640380726,1.4398529270389173,6.118823416311341,6.118823416311341,0.14999999999999947,0.08951762374658387,0.13810976695738927,0.0366017834057852,0.018497085571288707,1.4398529270389173,1.4398529270389173,0.0,-0.05597203802763015
e8a537f34c7a4d43a56917340bbde797,0.0,0.0,0.0,0.0,0.04165343063417736,0.07987064288766611,0.024701748594669462,0.009946060180665128,0.0,0.0,0.0,0.0,0.04165343063417736,0.07987064288766611,0.024701748594669462,0.009946060180665128,0.0,0.0,0.0,0.0
e8dd2a90a84142b2aa1c42126d3f135b,9.525506645093522,21.46625258399798,21.46625258399798,3.6000000000000005,0.6104523259458333,0.9953297298986357,0.3060803942574272,0.13771190643310538,9.623746017205862,21.46625258399798,21.46625258399798,3.6750000000000003,0.615877449795122,1.0114476187360508,0.3147063905208305,0.1427041053771969,9.525506645093522,9.623746017205862,-0.09823937211234046,-0.005425123849288727
e91879b1ab1a4a7a80d2be6e89f2f5d8,1.6695218719101974,12.75617497528158,0.0,1.2000000000000002,0.0698957472158518,0.15565582577273857,0.05145571553531559,0.010138607025147017,1.6695218719101974,12.75617497528158,0.0,1.2000000000000002,0.0698957472158518,0.15565582577273857,0.05145571553531559,0.010138607025147017,1.6695218719101974,1.6695218719101974,0.0,0.0
e9b9031b8f5f41e89bd5eed158feaf14,1.8736173173794424,9.674709297958257,9.674709297958257,1.2000000000000002,0.32652418141587175,0.6684631484057793,0.06877342964570302,0.042311239242554866,2.3506133688962474,8.65332306111357,8.65332306111357,1.5749999999999997,0.3502315212874607,0.7124702753903835,0.07487382459317334,0.04791440963745197,1.8736173173794424,2.3506133688962474,-0.476996051516805,-0.02370733987158896
e9c6888ba9c542b8ad820b6e1cc2790a,1.506207189772366,7.299315036357863,0.0,0.07500000000000018,1.2670162036753263,1.5716422633610363,0.9452641204365659,0.15176639556884775,1.506207189772366,7.299315036357863,0.0,0.07500000000000018,1.2670162036753263,1.5716422633610363,0.9452641204365659,0.15176639556884775,1.506207189772366,1.506207189772366,0.0,0.0
ebf1f37446f949a29491fc675218479a,2.0343386622447825,9.67470929795826,9.67470929795826,0.14999999999999947,0.31730795971043874,0.49123360777295655,0.24544422238256,0.03530731201172044,0.9046693311223909,9.67470929795826,9.67470929795826,0.07499999999999973,0.24647831756140026,0.3856946773462154,0.20668578654507258,0.027300453186035245,2.0343386622447825,0.9046693311223909,1.1296693311223915,0.07082964214903847
ec3eabaeab1043bfb762c2d31a7f3351,1.95,6.0,6.0,0.0,0.3161974613979035,0.5075472429195117,0.1464248940582907,0.004022741317749379,0.5999999999999999,3.6000000000000014,0.0,0.0,0.09204202896936034,0.2262188735020198,0.04298403243286441,0.006682348251341619,1.95,0.5999999999999999,1.35,0.22415543242854316
eccbf98220bd449ca307913dba80f5ce,1.0975810211375967,3.794733192202054,1.1999999999999957,0.22500000000000053,0.1623882919818726,0.33851072515835334,0.08033085265536127,0.014713096618651722,1.1548759228251124,3.794733192202054,2.3999999999999986,0.15000000000000036,0.17200296194957682,0.33862537798873105,0.08736261959516167,0.010876464843749822,1.0975810211375967,1.1548759228251124,-0.05729490168751572,-0.009614669967704215
ed9a890fd88f4f298f2a8f90babcbc02,0.6000000000000005,2.3999999999999986,0.0,0.07500000000000018,0.09723878781789937,0.15728512345145437,0.03417381430301687,0.007500314712523881,0.6927050983124847,2.683281572999751,0.0,0.15000000000000036,0.06446580947210245,0.11295814823277339,0.013873666962962173,0.010461330413818803,0.6000000000000005,0.6927050983124847,-0.09270509831248419,0.03277297834579691
eded358c306b4bf9b91fb67db86310af,0.8463521366280635,3.794733192202055,2.6832815729997477,0.375,0.04233421231666716,0.16544359517016594,0.022448747270838912,0.0239951133728038,0.684181312115435,2.683281572999751,2.6832815729997477,0.30000000000000027,0.042240368538619205,0.13721282797409415,0.008231778425133823,0.028141593933106,0.8463521366280635,0.684181312115435,0.16217082451262854,9.384377804795563e-05
ee0ba6a0948a4f2fb100d884ea1d15b2,0.07499999999999996,1.1999999999999993,0.0,0.0,0.07673672466640391,0.17374953572207866,0.011743850945674133,0.0014704227447501772,0.07499999999999996,1.1999999999999993,0.0,0.0,0.07673672466640391,0.17374953572207866,0.011743850945674133,0.0014704227447501772,0.07499999999999996,0.07499999999999996,0.0,0.0
eea0d4122fe8431f879d5a8242398f4b,0.15000000000000013,2.400000000000002,0.0,0.15000000000000013,0.03831823244387263,0.06652785418286425,0.016024151373635297,0.020719957351685192,0.15000000000000013,2.400000000000002,0.0,0.15000000000000013,0.03831823244387263,0.06652785418286425,0.016024151373635297,0.020719957351685192,0.15000000000000013,0.15000000000000013,0.0,0.0
eea47cb542c6477a868e0de45c9b02c4,3.313633653291825,8.399999999999999,1.2000000000000028,0.15000000000000036,0.5404565442236302,0.8938164603371154,0.33930786500461524,0.020875024795532493,3.313633653291825,8.399999999999999,1.2000000000000028,0.15000000000000036,0.5404565442236302,0.8938164603371154,0.33930786500461524,0.020875024795532493,3.313633653291825,3.313633653291825,0.0,0.0
ef969c90f4294fc3abc0ecd7d85c49a9,1.584232921921324,4.9477267507411975,3.6000000000000014,0.07500000000000018,0.2270469032588811,0.5332854765069625,0.03736403548541852,0.019094181060791193,1.509232921921324,4.9477267507411975,3.6000000000000014,0.07500000000000018,0.21780592662840814,0.519781706779686,0.033443393143744254,0.019092321395874468,1.584232921921324,1.509232921921324,0.07499999999999996,0.009240976630472963
f00ff0e1da604b63b1189ee4a9f768c2,2.900233956387365,6.118823416311339,6.0,0.3750000000000009,0.5062919271119293,0.8302279949161259,0.18816429894455788,0.042855262756348544,2.8252339563873647,6.118823416311339,4.799999999999997,0.3750000000000009,0.5054780225324832,0.8370132385356276,0.18619507711394853,0.046614646911621094,2.900233956387365,2.8252339563873647,0.07500000000000018,0.0008139045794460786
f0e4797551024f9487a016ee9d9e29e1,1.1485316405972514,4.3266615305567875,4.3266615305567875,0.37499999999999956,0.13357690423097968,0.1964123067826687,0.12017059833797289,0.0449172019958497,1.4917467913453488,7.683749084919417,7.683749084919417,0.5249999999999999,0.24655519667984507,0.377580792936931,0.1344463790981303,0.07715978622436648,1.1485316405972514,1.4917467913453488,-0.3432151507480974,-0.1129782924488654
f0ef9aebf32f4ffc973bbab492c2c333,0.0,0.0,0.0,0.0,0.019454972140173943,0.03379158778208128,0.0064525719151191305,0.0023526191711424893,0.0,0.0,0.0,0.0,0.020383323431360144,0.03396631500377941,0.00638549475796614,0.0013199329376218927,0.0,0.0,0.0,-0.000928351291186201
f133d395c56f4cd696021b7a87faeedd,0.4859031498464304,2.6832815729997446,0.0,0.2999999999999998,0.10637772669610644,0.13174919739946472,0.08839189361545584,0.026272058486938477,0.4859031498464304,2.6832815729997446,0.0,0.2999999999999998,0.10637772669610644,0.13174919739946472,0.08839189361545584,0.026272058486938477,0.4859031498464304,0.4859031498464304,0.0,0.0
f16f2bfce974437fa2b072bd0be0e88f,1.1250000000000002,4.799999999999997,4.799999999999997,0.0,0.1453182089949987,0.2708089450201607,0.032890268855365085,0.0025257110595697796,1.1250000000000002,4.799999999999997,4.799999999999997,0.0,0.1453182089949987,0.2708089450201607,0.032890268855365085,0.0025257110595697796,1.1250000000000002,1.1250000000000002,0.0,0.0
f2074d5bed79494bba092ede8dbb1a09,0.9000000000000008,2.3999999999999986,2.3999999999999986,0.0,0.12552355048829705,0.3058012206872413,0.036263435973205874,0.01799340248107839,0.8342329219213243,4.9477267507411895,2.3999999999999986,0.07499999999999973,0.06975211180259466,0.2272558826210405,0.05339181469409325,0.02118458747863672,0.9000000000000008,0.8342329219213243,0.06576707807867654,0.05577143868570239
f3d7cea3b7fb44f0a47a88f6223e6760,0.0,0.0,0.0,0.0,0.0628384686721219,0.10043879935814777,0.08572635959725024,0.00690407752990696,0.0,0.0,0.0,0.0,0.053989174120169944,0.08615275649002897,0.07323444759480702,0.006598806381226119,0.0,0.0,0.0,0.00884929455195195
f417088c4bf7432990df0f954ddfcd89,0.2871320343559644,1.6970562748477156,0.0,0.15000000000000036,0.02755656531573184,0.04347583434283976,0.03567853403158134,0.013544511795045011,0.2871320343559644,1.6970562748477156,0.0,0.15000000000000036,0.02755656531573184,0.04347583434283976,0.03567853403158134,0.013544511795045011,0.2871320343559644,0.2871320343559644,0.0,0.0
f47e3eebb87649a1b41cc23ab195422f,0.675,2.3999999999999986,1.2000000000000028,0.0,0.10456237111299835,0.14619313066551143,0.0824982046644335,0.004311990737915217,0.0,0.0,0.0,0.0,0.02793428192576353,0.04744892437436149,0.013899653000450235,0.003070020675659535,0.675,0.0,0.675,0.07662808918723482
f4855427349f4c33998ed4bacdf74e20,1.2750000000000001,2.4000000000000057,2.4000000000000057,0.0,0.21431200319417443,0.4486719742295544,0.050246308658077,0.014483213424681729,1.1999999999999995,3.6000000000000014,3.6000000000000014,0.0,0.13088777181490666,0.3377404933766685,0.021265996691508464,0.016319847106933683,1.2750000000000001,1.1999999999999995,0.07500000000000062,0.08342423137926777
f4d031beba464ce6ad8ab92d2086d6d3,1.9959189442168992,6.118823416311337,6.118823416311337,0.22499999999999964,0.28757567259502337,0.40142437158140604,0.18453911046411717,0.027173137664794123,1.770918944216899,6.118823416311337,6.118823416311337,0.22499999999999964,0.20986742413329101,0.28793665940727964,0.13421306043470405,0.02066473960876314,1.9959189442168992,1.770918944216899,0.2250000000000001,0.07770824846173235
f50583c5c89240ea98ae6f977afa2260,0.375,1.2000000000000028,0.0,0.0,0.08878782907606242,0.14626345683521497,0.04249230785067668,0.006757164001466087,0.4500000000000004,1.2000000000000028,0.0,0.07500000000000018,0.08496877376866704,0.13770327985697753,0.044459314873067826,0.012661457061767578,0.375,0.4500000000000004,-0.0750000000000004,0.003819055307395375
f540699e07cf47d8bddeb1f0227a7417,0.5121320343559639,1.697056274847713,0.0,0.14999999999999947,0.21830223526858022,0.4395562739015571,0.04665563437638413,0.017833757400511185,0.5121320343559639,1.697056274847713,0.0,0.14999999999999947,0.21830223526858022,0.4395562739015571,0.04665563437638413,0.017833757400511185,0.5121320343559639,0.5121320343559639,0.0,0.0
f59d69aee77b45d8b465e2a600f6370c,0.0,0.0,0.0,0.0,0.03545919342438745,0.051359138094915574,0.0367289813604792,0.0010624408721930934,0.0,0.0,0.0,0.0,0.03848276674657851,0.0571519985202927,0.04232979292975607,0.0011085033416753376,0.0,0.0,0.0,-0.00302357332219106
f5dbabfd794c4d50a0b4f945ceb531af,0.22499999999999964,1.1999999999999993,0.0,0.0,0.023514311021811982,0.034172710328160764,0.019449626551653967,0.0019098758697513318,0.1499999999999997,1.1999999999999993,0.0,0.0,0.010070250700537443,0.02633979964418704,0.006342761279788305,0.0018402099609375888,0.22499999999999964,0.1499999999999997,0.07499999999999996,0.013444060321274539
f6486e3c8a90429dbf1d3d66a91239d3,3.0401347251318334,6.788225099390853,6.788225099390853,1.1999999999999997,0.2932352549940176,0.38762957742623044,0.2060013248286314,0.0781587123870846,3.276316987354437,6.788225099390853,6.788225099390853,1.2749999999999995,0.30972042877926487,0.4039498216196412,0.22012671055075256,0.08192811012268031,3.0401347251318334,3.276316987354437,-0.23618226222260352,-0.016485173785247276
f6f6d727126e419e8a0230737145a1c1,0.666476213802951,2.6832815729997477,0.0,0.22500000000000053,0.1375878719112813,0.22630282396170265,0.1461199153709159,0.040555572509764826,0.666476213802951,2.6832815729997477,0.0,0.22500000000000053,0.13005113718182992,0.213239683941947,0.14071637740586423,0.03894853591918901,0.666476213802951,0.666476213802951,0.0,0.007536734729451378
f6ffa36f3865472e826a67e545d38580,1.5,3.599999999999998,1.2000000000000028,0.0,0.3625347253819333,0.6149047584731359,0.1898948417454138,0.007125091552734553,1.3499999999999999,4.799999999999997,4.799999999999997,0.0,0.2319818893916415,0.3706955319688178,0.1433625554754677,0.0034555435180667615,1.5,1.3499999999999999,0.15000000000000013,0.13055283599029183
f7a2ecdc2d824aedb0b94724abed4a5b,8.325,17.999999999999996,17.999999999999996,0.0,0.861751757721769,1.3531630769847696,0.43046692071023157,0.00901951789856037,8.325,17.999999999999996,17.999999999999996,0.0,0.8619908335110619,1.3530846567718744,0.42915911107706023,0.009131956100464578,8.325,8.325,0.0,-0.0002390757892928308
f7bce2611f5943a0bd4679fbc840f335,1.458574570946582,4.9477267507411975,3.6000000000000014,0.22500000000000053,0.24942220812544139,0.531651868266532,0.09032266786091707,0.021873521804809393,1.458574570946582,4.9477267507411975,3.6000000000000014,0.22500000000000053,0.24942220812544139,0.531651868266532,0.09032266786091707,0.021873521804809393,1.458574570946582,1.458574570946582,0.0,0.0
f80bb729971946fdbf8c310bff3edabf,4.726347039547753,9.895453501482386,1.1999999999999993,1.7250000000000012,0.6609487317247077,1.1261699833874843,0.20929872412615178,0.05210080146789586,4.726347039547753,9.895453501482386,1.1999999999999993,1.7250000000000012,0.6609487317247077,1.1261699833874843,0.20929872412615178,0.05210080146789586,4.726347039547753,4.726347039547753,0.0,0.0
f86d135b91ae4ec0ae47bbd48b1cf4be,2.325,4.800000000000004,2.3999999999999986,0.0,0.3283512971334295,0.467313963985285,0.24014570547882352,0.00585122108459446,0.2250000000000003,2.4000000000000057,2.4000000000000057,0.0,0.01264651680619972,0.03545380798595961,0.005173523934719464,0.0028498649597170633,2.325,0.2250000000000003,2.0999999999999996,0.31570478032722976
f8aa9c94f6474ee2945b49802e206a8b,4.429153885360307,10.866462165764904,10.866462165764904,0.07500000000000018,0.7429741658502156,1.2866116310865117,0.37376236535963314,0.04418921470642223,4.429153885360307,10.866462165764904,10.866462165764904,0.07500000000000018,0.7344337206582153,1.2753699487645225,0.3624871671144207,0.043055105209351296,4.429153885360307,4.429153885360307,0.0,0.008540445192000257
f8b5e98950ed483e92ece29c264c072e,0.5742640687119284,1.697056274847718,0.0,0.2999999999999998,0.3633273390888544,0.541255456845344,0.2313941939668294,0.044448423385620384,0.5742640687119284,1.697056274847718,0.0,0.2999999999999998,0.3782106299338102,0.5573834342511839,0.23677033919173496,0.04848690032958958,0.5742640687119284,0.5742640687119284,0.0,-0.014883290844955821
f9a7f3dfa4d64eadacfcb277bbc82557,2.332426463519459,6.118823416311343,6.118823416311343,0.07500000000000018,0.287237060519984,0.3924557960488659,0.1297437535542687,0.00961260795593244,2.1824264635194592,6.118823416311343,6.118823416311343,0.07500000000000018,0.28006519807697594,0.38055610645553545,0.11944509876622324,0.011172437667846147,2.332426463519459,2.1824264635194592,0.1499999999999999,0.007171862443008048
fa072c58538d4600a907a0a773578c83,0.675,3.6000000000000014,3.6000000000000014,0.07500000000000018,0.036067179321604775,0.06548887661271909,0.021222392349406448,0.006938409805298473,0.07499999999999996,1.1999999999999993,0.0,0.0,0.017046194698867964,0.053858281109900985,0.005990386867743515,0.0038455009460456324,0.675,0.07499999999999996,0.6000000000000001,0.01902098462273681
fa2eb1e2c88c45ae84372dd127828b81,0.2250000000000001,2.400000000000002,0.0,0.0,0.09356657834168838,0.14241661168051983,0.0921918290392727,0.005525064468383967,0.1499999999999999,1.1999999999999993,1.1999999999999993,0.0,0.030928146764035373,0.07408236836731853,0.03770327153579435,0.0059846878051761365,0.2250000000000001,0.1499999999999999,0.07500000000000018,0.062638431577653
fa55911bfd0042999f97ee2741197378,0.0,0.0,0.0,0.0,0.33226148811787626,0.47691070135260444,0.25238481704504245,0.024018287658691406,0.0,0.0,0.0,0.0,0.33226148811787626,0.47691070135260444,0.25238481704504245,0.024018287658691406,0.0,0.0,0.0,0.0
fb6c1ea5f03746fab2ceca823c537f4e,0.4500000000000002,2.400000000000002,1.2000000000000028,0.0,0.025169388279254114,0.053212154581632726,0.007909156153292346,0.003714036941528498,0.375,1.2000000000000028,0.0,0.0,0.10300269762024672,0.1831942330738726,0.05845350827315032,0.004604673385620206,0.4500000000000002,0.375,0.07500000000000018,-0.07783330934099261
fbd7c6f480404ebc83f7138418d79408,0.0,0.0,0.0,0.0,0.2606352597135599,0.3847606455776015,0.2367269725208072,0.018545579910279386,0.0,0.0,0.0,0.0,0.2606352597135599,0.3847606455776015,0.2367269725208072,0.018545579910279386,0.0,0.0,0.0,0.0
fc1decba1d684597aa6f9702bd3c4806,1.160659755015745,6.99714227381436,6.99714227381436,0.7687500000000003,0.11666427936252081,0.21903288760012138,0.060083518729429,0.0250225067138663,1.160659755015745,6.99714227381436,6.99714227381436,0.7687500000000003,0.11666427936252081,0.21903288760012138,0.060083518729429,0.0250225067138663,1.160659755015745,1.160659755015745,0.0,0.0
fcc74aa320d4461482459c40e25fff9d,0.0,0.0,0.0,0.0,0.03745461272157119,0.06270990406620568,0.024551382983516452,0.001567840576171875,0.0,0.0,0.0,0.0,0.035463015318813296,0.060858044367422204,0.02043867633954428,0.0019806861877431636,0.0,0.0,0.0,0.001991597402757894
fe602e3545924d5e9b12817b78c90ddb,0.0,0.0,0.0,0.0,0.0076031346449402905,0.013429404501656634,0.0045442561923153815,0.0011152267456062681,0.0,0.0,0.0,0.0,0.005518818125552715,0.009552532248353476,0.003362756360860864,0.0013063430786135477,0.0,0.0,0.0,0.0020843165193875756
ff51a4dad44a4fa089a20b088fb33ab9,0.0,0.0,0.0,0.0,0.03225520858481052,0.052683976896197804,0.040750166293698487,0.004226732254027699,0.0,0.0,0.0,0.0,0.03225865813817297,0.05149929386657441,0.04218942642780777,0.0041164398193349605,0.0,0.0,0.0,-3.4495533624487318e-06
ffec712fbe4141cd983cca71eed15650,0.825,2.3999999999999986,2.3999999999999986,0.07500000000000018,0.21594287066294982,0.34351076105317035,0.1928030385671206,0.007189321517944602,0.5250000000000001,2.3999999999999986,2.3999999999999986,0.0,0.12236624838721877,0.2264031514910347,0.11691399903796085,0.006814956665039951,0.825,0.5250000000000001,0.2999999999999998,0.09357662227573105
fff1030f85944ffea92aaf83d507bc0a,0.2250000000000001,1.2000000000000028,0.0,0.0,0.009317631641833244,0.018085404552601804,0.0022423937892515466,0.0018824100494385654,0.2250000000000001,1.2000000000000028,0.0,0.0,0.009317631641833244,0.018085404552601804,0.0022423937892515466,0.0018824100494385654,0.2250000000000001,0.2250000000000001,0.0,0.0
