sample_token,JC_mean_m_cheap,JC_max_m_cheap,JC_final_m_cheap,JC_lat_mean_m_cheap,JC_soft_mean_m_cheap,JC_soft_max_m_cheap,JC_soft_final_m_cheap,JC_soft_lat_mean_m_cheap,JC_mean_m_full,JC_max_m_full,JC_final_m_full,JC_lat_mean_m_full,JC_soft_mean_m_full,JC_soft_max_m_full,JC_soft_final_m_full,JC_soft_lat_mean_m_full,JC_cheap,JC_full,dJC,dJC_soft
000cf4dfaab54d21a7314036fde74966,1.6835745709465817,4.947726750741191,1.2000000000000028,0.3000000000000007,0.3731491390344282,0.49683237991625273,0.2368310447290522,0.029331350326537997,0.854875922825113,3.7947331922020506,1.2000000000000028,0.22500000000000053,0.13475425309794897,0.20819753174605848,0.05801630969379477,0.019886112213133966,1.6835745709465817,0.854875922825113,0.8286986481214687,0.23839488593647923
0073c1a820274b22b954dca66b35d7e5,2.4428074928679067,4.9477267507411975,4.9477267507411975,0.3000000000000007,0.2912097365197499,0.5521381314887516,0.1511032681567716,0.01745495796203622,3.1566210323644635,15.646085772486359,15.646085772486359,0.15000000000000036,0.23818299830596656,0.3731461390057829,0.22931528407957838,0.021801280975341175,2.4428074928679067,3.1566210323644635,-0.7138135394965568,0.05302673821378334
007eef047a064d9ca8b7671d85ea3609,0.5999999999999999,1.2000000000000028,1.1999999999999993,0.0,0.2229431701789409,0.3061281940954724,0.15410705023932456,0.014449453353881037,0.5999999999999999,1.2000000000000028,1.1999999999999993,0.0,0.2229431701789409,0.3061281940954724,0.15410705023932456,0.014449453353881037,0.5999999999999999,0.5999999999999999,0.0,0.0
00e9bfb3dd2a4a58b322433e6a36d44d,2.6999999999999993,4.800000000000004,4.799999999999997,0.0,0.45442284248980336,0.7136427899392079,0.22886458813721083,0.027317190170287997,2.925,4.800000000000004,4.799999999999997,0.0,0.49634372026327,0.7718518497430903,0.2337603533477227,0.02266259193420428,2.6999999999999993,2.925,-0.22500000000000053,-0.04192087777346665
010612c3b6aa4aa4ae152fc3d819e021,0.375,2.3999999999999986,0.0,0.0,0.07841361616709955,0.11205303262779948,0.10907260722584022,0.015499591827393022,0.7499999999999991,3.5999999999999943,0.0,0.0,0.07333884251211116,0.17577841221485718,0.0660323005027493,0.017425060272216797,0.375,0.7499999999999991,-0.3749999999999991,0.005074773654988388
010e6fcca00f4e94ba530ce141c7bf24,0.0,0.0,0.0,0.0,0.0357151985781971,0.05308511926402241,0.04426014851982335,0.002015590667723277,0.0,0.0,0.0,0.0,0.023806082708736045,0.04364964615644368,0.03256004176705528,0.0021969795227039235,0.0,0.0,0.0,0.011909115869461053
0171207ee4304dc290a9cf27b0a0c2f3,0.6749999999999996,3.599999999999998,0.0,0.0,0.3851665435725455,0.6704573144218934,0.18898965966487447,0.009959363937378285,0.6749999999999996,3.599999999999998,0.0,0.0,0.3851665435725455,0.6704573144218934,0.18898965966487447,0.009959363937378285,0.6749999999999996,0.6749999999999996,0.0,0.0
017fcf87f7404bed9919b11be0b5562b,1.2750000000000001,4.799999999999997,4.799999999999997,0.0,0.16617870794267203,0.2409637206034843,0.14320695115809548,0.007106781005858931,1.3499999999999999,4.799999999999997,4.799999999999997,0.0,0.16616865330892194,0.23192815907410255,0.137660459631142,0.007202911376952947,1.2750000000000001,1.3499999999999999,-0.07499999999999973,1.0054633750089526e-05
025c656847f94b09baa7648ca5d70cc8,0.6000000000000008,2.3999999999999986,1.2000000000000028,0.0,0.10471603271855197,0.17009899902400977,0.07121390734755144,0.00748887062072745,0.07500000000000018,1.2000000000000028,0.0,0.0,0.04342073128330507,0.10440831860564541,0.016835913716209433,0.00796251296997097,0.6000000000000008,0.07500000000000018,0.5250000000000006,0.0612953014352469
02f64cc49e0640f99b3f54903224c610,1.8749999999999998,3.6000000000000014,3.6000000000000014,0.0,0.31028863842185944,0.5892360849523756,0.18816011139697775,0.011248970031738637,1.584232921921324,4.947726750741191,3.6000000000000014,0.07500000000000018,0.2779942574871629,0.46228013245384253,0.22264731577074595,0.010480499267578658,1.8749999999999998,1.584232921921324,0.29076707807867574,0.032294380934696554
036a87945450427786a9ce565bd1e0d2,2.2869806400377164,7.58946638440411,4.3266615305567875,1.2749999999999997,0.09125152326763167,0.1812919556915766,0.01751360750641198,0.04449377059936532,2.2951873710282227,5.366563145999499,4.3266615305567875,1.499999999999999,0.09906680670084564,0.21004300578390103,0.028647367833000325,0.07463707923889107,2.2869806400377164,2.2951873710282227,-0.008206730990506284,-0.007815283433213971
03b428b824ef4fa5a2616198036c35c6,0.6000000000000001,4.800000000000004,3.6000000000000014,0.0,0.12807363270142127,0.3010736265396676,0.0684002542880831,0.01068019866943315,0.8250000000000002,3.6000000000000014,3.6000000000000014,0.0,0.04208645287375422,0.13414859348332775,0.04090295259466019,0.011305618286133079,0.6000000000000001,0.8250000000000002,-0.2250000000000001,0.08598717982766706
03dab2f26ac2455fbda1567321c706cf,0.10606601717798222,1.6970562748477156,0.0,0.07500000000000018,0.03608228984860867,0.06986352177840773,0.005191664178856938,0.009250974655151456,0.10606601717798222,1.6970562748477156,0.0,0.07500000000000018,0.03608228984860867,0.06986352177840773,0.005191664178856938,0.009250974655151456,0.10606601717798222,0.10606601717798222,0.0,0.0
03f676f5fd424934a8e3fc22604dc3c7,1.6499999999999995,4.799999999999997,1.2000000000000028,0.0,0.20646912028123343,0.4402094020425272,0.024065154877126887,0.0074038982391355646,1.8749999999999996,4.799999999999997,1.2000000000000028,0.0,0.23695452987853857,0.4923391932649183,0.016428470624576762,0.010406255722043678,1.6499999999999995,1.8749999999999996,-0.2250000000000001,-0.03048540959730514
0411eee335df4ef895f140396950a569,0.6310660171779823,1.6970562748477107,0.0,0.1499999999999999,0.11460188233692109,0.20342494440691433,0.15765859683006042,0.06923418045043883,0.5560660171779823,1.6970562748477107,0.0,0.1499999999999999,0.11127508681383677,0.17107999609895666,0.15522307330376328,0.06587390899658097,0.6310660171779823,0.5560660171779823,0.07499999999999996,0.0033267955230843194
044272282fe147918ba8422210de35bd,0.629875922825112,3.7947331922020484,3.7947331922020484,0.14999999999999947,0.07734326131793201,0.11006337952606396,0.10735494706180639,0.015197896957397372,0.7798759228251121,3.7947331922020484,3.7947331922020484,0.14999999999999947,0.06308009964092606,0.10318320904648694,0.05696620206205998,0.011883831024169567,0.629875922825112,0.7798759228251121,-0.15000000000000013,0.014263161677005948
04ed9c2ff5114dc7a4e64cba2c0062c2,4.290030406255065,10.866462165764904,7.299315036357867,0.22500000000000053,0.639653527997621,1.0637655701126179,0.2700027864441677,0.01385250091552681,4.365329502902213,9.67470929795826,8.48528137423857,0.22500000000000053,0.6454422635630078,1.0508058071659838,0.2377401425740222,0.014717960357666371,4.290030406255065,4.365329502902213,-0.07529909664714829,-0.005788735565386838
06c90758caf944608f9ba8087667c567,1.7999999999999992,10.799999999999997,0.0,0.0,0.3181053947283173,0.4979800377765036,0.22581946754272458,0.007598018646240767,8.474999999999998,14.399999999999999,14.399999999999999,0.0,0.6088539889753537,0.882191190987063,0.45523925012772815,0.013167428970337625,1.7999999999999992,8.474999999999998,-6.674999999999999,-0.2907485942470364
070378543a5f42f4a0f527bf5dd2366e,1.4999999999999993,4.799999999999997,4.799999999999997,0.0,0.23769481750393706,0.3049367118595857,0.19434941810548692,0.007426929473877131,0.1499999999999999,2.3999999999999986,0.0,0.0,0.03967925560792743,0.08811129345949366,0.019874536144493783,0.0037180423736571377,1.4999999999999993,0.1499999999999999,1.3499999999999994,0.19801556189600963
0729893238404ab4855b6180ea85aa1e,0.44999999999999996,2.3999999999999986,0.0,0.0,0.05044931014734974,0.14331493106160184,0.015104462263424212,0.00472297668456978,0.4500000000000002,2.400000000000002,0.0,0.0,0.07958752956549436,0.2043549598755812,0.014688997323134303,0.004450321197510654,0.44999999999999996,0.4500000000000002,-2.220446049250313e-16,-0.029138219418144623
07a022e7759a462aaab2e9bab0b9dd42,1.05,3.6000000000000014,1.1999999999999957,0.15000000000000036,0.11600755508614555,0.2179348028958334,0.037617775322541666,0.006563472747803001,1.6060660171779821,4.800000000000004,3.5999999999999943,0.15000000000000036,0.20665512411487783,0.33760045569458796,0.11158819035138626,0.006531715393065962,1.05,1.6060660171779821,-0.5560660171779821,-0.09064756902873228
07c67a2d418948a48107dc568b370824,0.1499999999999999,2.3999999999999986,0.0,0.0,0.05264252163585146,0.10711466048819618,0.06965476555032012,0.02304096221923979,0.2999999999999998,2.3999999999999986,0.0,0.0,0.04240194493494657,0.08389243833885159,0.04074515049058923,0.007459545135498402,0.1499999999999999,0.2999999999999998,-0.1499999999999999,0.010240576700904891
07e0bbd14bfc44c2962c1d0be3ca687f,0.5560660171779825,2.4000000000000057,1.2000000000000028,0.15000000000000036,0.031641822383798625,0.062444000125010175,0.02140838737024203,0.014371919631959162,0.6432368416906108,3.7947331922020573,3.7947331922020573,0.15000000000000036,0.034177163929360654,0.06698738149024744,0.027871895618927094,0.012485074996949397,0.5560660171779825,0.6432368416906108,-0.08717082451262825,-0.0025353415455620296
08064c1d5ec84bd08fcf9b3acebd8e36,0.5999999999999996,4.799999999999997,0.0,0.0,1.5728547531593349,2.300191404106323,0.9378769807027743,0.02437891960144034,0.5999999999999996,4.799999999999997,0.0,0.0,1.1220549884858537,1.7673038633460763,0.5822037680859249,0.00844388008117658,0.5999999999999996,0.5999999999999996,0.0,0.45079976467348115
087dfdeef74b4ad0adf297d750097c42,0.5250000000000001,1.2000000000000028,1.2000000000000028,0.0,0.1114343873461581,0.20269561570029648,0.12551526615588338,0.016162919998168324,0.22500000000000053,1.2000000000000028,0.0,0.0,0.06605568452429303,0.1549719293212207,0.05745335992683068,0.013993978500365767,0.5250000000000001,0.22500000000000053,0.2999999999999996,0.04537870282186507
093ed49120a943e5884dea0d26f4c53a,0.375,3.6000000000000014,1.2000000000000028,0.0,0.036398317362045914,0.11609362164547657,0.02738410476325294,0.00536842346191424,0.4621708245126287,3.7947331922020573,3.7947331922020573,0.07500000000000018,0.04996710395617053,0.13796176968927285,0.029929192485300522,0.007223224639891335,0.375,0.4621708245126287,-0.0871708245126287,-0.013568786594124617
0967f8b7910c426ca134ec87b1d9cb0c,1.4999999999999996,8.399999999999999,1.2000000000000028,0.0,0.17751706240874604,0.3171694803993625,0.010257686190765872,0.0050163745880116295,1.65,8.399999999999999,1.2000000000000028,0.0,0.207926924747524,0.3425896624503022,0.04948057395675668,0.0044493198394768285,1.4999999999999996,1.65,-0.15000000000000036,-0.03040986233877796
09742d648cdb48e880ddeb123f33a529,0.0,0.0,0.0,0.0,0.4071204589410735,0.5905527734384012,0.3104676962512366,0.01930689811706543,0.0,0.0,0.0,0.0,0.4002652641199227,0.5662180428770117,0.32966946584253093,0.016532135009766247,0.0,0.0,0.0,0.006855194821150823
09932477b0e94956add44cb573924a07,0.5249999999999997,2.3999999999999986,0.0,0.0,0.05616770170652899,0.11012367834004304,0.016246010303882907,0.006395959854126332,0.22499999999999987,1.2000000000000028,0.0,0.0,0.04169988057723792,0.10441105233073586,0.012117938217192127,0.008932399749757014,0.5249999999999997,0.22499999999999987,0.2999999999999998,0.01446782112929107
09e74cd39b204772a30a985e3a1cba94,1.7999999999999996,3.6000000000000014,3.6000000000000014,0.0,0.36912489428101536,0.5045358461377969,0.5045358461377969,0.010951137542723366,1.5749999999999997,3.6000000000000014,3.6000000000000014,0.0,0.33163799790685977,0.4430423654588383,0.4430423654588383,0.006698513031004438,1.7999999999999996,1.5749999999999997,0.22499999999999987,0.03748689637415559
0a19b2644364427b987a754a6159be58,0.0,0.0,0.0,0.0,0.07812817867370972,0.11449798760125478,0.11449798760125478,0.03675098419189515,0.0,0.0,0.0,0.0,0.06840043437603818,0.12176098166812775,0.12176098166812775,0.04307613372802743,0.0,0.0,0.0,0.009727744297671537
0a3de46504504b028132df207871842a,1.5000000000000004,4.800000000000004,1.1999999999999957,0.07500000000000018,0.18487977239286663,0.37954609598403904,0.051938840603774204,0.0073016166687023265,0.6310660171779822,2.3999999999999986,1.1999999999999957,0.15000000000000036,0.1194205877362674,0.2972185994708637,0.07069334366634554,0.007853507995606801,1.5000000000000004,0.6310660171779822,0.8689339828220183,0.06545918465659922
0a71cd9e2ee94dfda79f9d87df741bba,0.07499999999999996,1.1999999999999993,0.0,0.0,0.46011192880026924,0.7295317604637519,0.24216043968112402,0.008774757385253462,0.07499999999999996,1.1999999999999993,0.0,0.0,0.49812989779432326,0.7359180640959274,0.28206110095665804,0.008422279357910067,0.07499999999999996,0.07499999999999996,0.0,-0.03801796899405402
0b09ec030a654aa687bcbd62daf030fa,0.8243028588685932,3.794733192202054,1.2000000000000028,0.22500000000000053,0.09181455582386855,0.1281043179926981,0.09492970153984691,0.007962656021118342,0.8243028588685932,3.794733192202054,1.2000000000000028,0.22500000000000053,0.1007118253578112,0.1410950758560235,0.10220503610360268,0.009890556335449219,0.8243028588685932,0.8243028588685932,0.0,-0.008897269533942653
0ba0c2a1f13e415b8462704e5d5748d3,1.2664762138029504,2.6832815729997446,2.6832815729997446,0.6749999999999994,0.20382397499365618,0.3121702933392326,0.10508615339463682,0.05022153854370037,1.574395630543872,6.118823416311343,6.118823416311343,0.8250000000000002,0.25485826240781306,0.4028898443762994,0.13742654654357359,0.0605044841766369,1.2664762138029504,1.574395630543872,-0.3079194167409216,-0.05103428741415689
0c0d457506954f9ca28799e126b9cc1f,0.5737711154904669,2.6832815729997477,1.2000000000000028,0.22500000000000053,0.08516266143271153,0.22051609221634702,0.08023943215602372,0.017326498031616566,0.5737711154904669,2.6832815729997477,1.2000000000000028,0.22500000000000053,0.08764814916009013,0.21672731024486594,0.08529331710261055,0.01671066284179723,0.5737711154904669,0.5737711154904669,0.0,-0.0024854877273785964
0d93136f6245485a81c9069422e99122,9.938052111161491,20.435263639111675,20.435263639111675,0.7500000000000018,0.5815447128041039,0.8491805341211113,0.31650582289858387,0.02410998344421511,10.087774099279144,21.633307652783934,21.633307652783934,0.7500000000000018,0.5579199686491896,0.8131908702159023,0.30345495510953935,0.030615949630738548,9.938052111161491,10.087774099279144,-0.14972198811765303,0.023624744154914334
0dca4eeb674d410e8d34356df2767c22,0.3871708245126285,3.7947331922020573,1.1999999999999957,0.07500000000000018,0.029253959502035902,0.04962064643625303,0.037464969914452834,0.008262348175049006,0.1499999999999997,1.1999999999999993,1.1999999999999957,0.0,0.07885467842178359,0.11254239338304119,0.0797513484677557,0.012019014358520597,0.3871708245126285,0.1499999999999997,0.23717082451262883,-0.04960071891974769
0dd8a00c53c7468db12b05be3570dba8,0.375,2.3999999999999986,0.0,0.0,0.20074505612881283,0.34984998197095263,0.24258692995794937,0.022394371032714577,0.375,2.3999999999999986,0.0,0.0,0.19385822265876468,0.3434361188338451,0.2298364501022192,0.022786045074464134,0.375,0.375,0.0,0.006886833470048148
0de5e9971456420cafc5f3bd7970bfd3,0.1499999999999997,1.1999999999999993,0.0,0.0,0.030154391213259985,0.07798877846265911,0.006066681341959556,0.0032109260559081143,0.1499999999999997,1.1999999999999993,0.0,0.0,0.030154391213259985,0.07798877846265911,0.006066681341959556,0.0032109260559081143,0.1499999999999997,0.1499999999999997,0.0,0.0
0e24f2eadada44e7872e9f08b65d3681,1.0500000000000005,2.4000000000000057,1.2000000000000028,0.0,0.14250085436600127,0.22642807393668316,0.08519559025883143,0.004140186309812943,1.2750000000000001,3.6000000000000014,3.6000000000000014,0.0,0.1513951987938065,0.228231515057503,0.1101575887423091,0.005009651184081143,1.0500000000000005,1.2750000000000001,-0.22499999999999964,-0.008894344427805234
0f377607708e4766807dd05e894b7ace,0.0,0.0,0.0,0.0,0.03364246587815739,0.08460022115822087,0.003499865974267126,0.0015177726745601028,0.9749999999999992,4.799999999999997,1.1999999999999957,0.0,0.06674052927468417,0.11187534223388518,0.01208166597703706,0.003977680206298739,0.0,0.9749999999999992,-0.9749999999999992,-0.03309806339652678
0f9fe6a1aec74049bd0650ee80bd73c7,1.2749999999999997,3.6000000000000014,3.6000000000000014,0.0,0.2406430241064392,0.45674999278744544,0.091242567815782,0.004824113845825373,0.9749999999999999,3.6000000000000014,3.6000000000000014,0.0,0.15859205976908677,0.3117126466122892,0.032818664430477346,0.002984905242918501,1.2749999999999997,0.9749999999999999,0.2999999999999998,0.08205096433735243
1009885e2a774e04856df7a471c0b826,1.2310660171779828,3.6000000000000014,1.2000000000000028,0.07500000000000018,0.2500847029694016,0.43793688780973183,0.13225075707814668,0.01268148422241211,1.9104101966249687,4.800000000000004,4.800000000000004,0.15000000000000036,0.3648362474442827,0.6069170627185043,0.2111242956474257,0.021308469772339134,1.2310660171779828,1.9104101966249687,-0.6793441794469859,-0.11475154447488112
10599379ae6b4a9da77f68b4a73794e2,4.373683670833118,12.059850745345065,12.059850745345065,0.45000000000000107,0.06522531719068235,0.13996929753130105,0.008432380841935087,0.007294607162476208,5.128353001955508,12.059850745345065,12.059850745345065,0.5250000000000012,0.0660889635374472,0.14568980197774595,0.029451830645232487,0.0073641300201421345,4.373683670833118,5.128353001955508,-0.7546693311223907,-0.0008636463467648486
1100b838ee544231a494089ce390f503,0.0,0.0,0.0,0.0,0.061506129799994445,0.0997395091374505,0.0997395091374505,0.005040836334229137,0.0,0.0,0.0,0.0,0.062005069534025785,0.09932043966188156,0.09932043966188156,0.0051442623138422405,0.0,0.0,0.0,-0.0004989397340313395
117da90271d34d1ab98031124f507819,0.0,0.0,0.0,0.0,0.1959581329584593,0.30104811062311726,0.18607549028778084,0.010327434539794123,0.0,0.0,0.0,0.0,0.12108635627900763,0.17216889021573473,0.14533449396360645,0.007529783248901634,0.0,0.0,0.0,0.07487177667945166
119ff0265fbe4164b4cc5766a5a8e325,0.5031152949374526,5.366563145999493,0.0,0.2250000000000001,0.10243514282159966,0.1578436466991594,0.07448235779485872,0.02407808303832981,0.5031152949374526,5.366563145999493,0.0,0.2250000000000001,0.09999278492801364,0.1576797555047298,0.0697107500991892,0.02257289886474556,0.5031152949374526,0.5031152949374526,0.0,0.002442357893586017
11e6bfe3a1a3478da2d66d2c85720f6f,0.9750000000000003,3.5999999999999943,1.2000000000000028,0.0,0.12702946755499916,0.2323827516311157,0.14112535340073948,0.006900215148924804,2.625,6.0,6.0,0.0,0.3681865844170981,0.5968908204199758,0.26813054651211876,0.006959295272826793,0.9750000000000003,2.625,-1.6499999999999997,-0.24115711686209895
122003fd9f6e41a9984a20f1a573644f,0.07499999999999973,1.1999999999999957,1.1999999999999957,0.0,0.036161905172174574,0.10003385009325931,0.10003385009325931,0.006362915039063832,0.2999999999999994,2.3999999999999986,1.1999999999999957,0.0,0.04248790072625831,0.10810255886538139,0.10810255886538139,0.006251192092896041,0.07499999999999973,0.2999999999999994,-0.22499999999999964,-0.006325995554083738
124094c6f8f44561bccb4f6d93e4e0a8,1.1786082481589149,3.3941125496954263,1.2000000000000028,0.44999999999999973,0.22099885071774125,0.2763799715118257,0.11437861264763953,0.031655216217041815,1.2713133464713993,3.3941125496954263,1.2000000000000028,0.44999999999999973,0.2224085164876484,0.29110599751927424,0.11205759839311522,0.032674026489258434,1.1786082481589149,1.2713133464713993,-0.09270509831248441,-0.0014096657699071424
1286312f65d64bb6b53ace78c3f4f717,0.31770509831248417,2.6832815729997477,0.0,0.07500000000000018,0.039642162661057675,0.09239035562294623,0.022639914339327476,0.009280443191526988,0.8737711154904665,3.6000000000000014,3.6000000000000014,0.15000000000000036,0.1249980724321805,0.24123618457110885,0.02217566455318608,0.013704442977905185,0.31770509831248417,0.8737711154904665,-0.5560660171779823,-0.08535590977112283
12e3abab10ce43bd96ef1fbff23bbe6f,1.1740633839753785,4.326661530556789,0.0,0.5250000000000001,0.1454736112316775,0.25889206512238583,0.056916803048217376,0.06749181747436594,1.1740633839753785,4.326661530556789,0.0,0.5250000000000001,0.1454736112316775,0.25889206512238583,0.056916803048217376,0.06749181747436594,1.1740633839753785,1.1740633839753785,0.0,0.0
137ae840d06b4a779512738826d13a65,0.5249999999999999,3.6000000000000014,0.0,0.0,0.05797736700374884,0.12708935559774123,0.007196086053509665,0.0021673679351810193,0.2999999999999998,3.6000000000000014,3.6000000000000014,0.0,0.03803269905693536,0.06409032696764067,0.017742354203876366,0.0017992973327638495,0.5249999999999999,0.2999999999999998,0.2250000000000001,0.01994466794681348
14347c7a5b7644b382b37500b8d9a3f2,1.1560660171779822,3.599999999999998,1.2000000000000028,0.07500000000000018,0.256889092288321,0.40662382403383956,0.13191506570183367,0.016428709030151367,1.681066017177982,3.6000000000000014,1.2000000000000028,0.07500000000000018,0.3420662439093054,0.5379711852458848,0.1807198286737751,0.021801996231078924,1.1560660171779822,1.681066017177982,-0.5249999999999999,-0.08517715162098438
149e7777a08340ebb30e45aa8f5e5173,0.44999999999999973,2.3999999999999986,1.1999999999999957,0.0,0.0896194220514614,0.16196713629067946,0.06976829329874028,0.003007793426514027,0.44999999999999973,2.3999999999999986,1.1999999999999957,0.0,0.07228827314010504,0.13398757173447598,0.05976394907796589,0.0028172492980949038,0.44999999999999973,0.44999999999999973,0.0,0.017331148911356356
15e6bf56b7aa4eb28b410a8c2e146563,1.6500000000000001,3.6000000000000014,3.6000000000000014,0.0,0.29328740810953025,0.5379926057411023,0.11801337454415177,0.013423490524292703,1.35,3.6000000000000014,3.6000000000000014,0.0,0.20478380308585042,0.3854868867912423,0.06833887675464002,0.008483791351319159,1.6500000000000001,1.35,0.30000000000000004,0.08850360502367982
166d5519f9f04aa981b7c44d15abaae3,0.0,0.0,0.0,0.0,0.10745071034933411,0.15479916489624174,0.1301972797152467,0.007697582244873935,0.0,0.0,0.0,0.0,0.09279980170688354,0.16090084453895317,0.08781590921821426,0.005527210235596325,0.0,0.0,0.0,0.014650908642450569
1681047a76884176a92f828dd7479e6d,0.07499999999999996,1.1999999999999993,0.0,0.0,1.1613660602013245,1.701147444132991,0.7220172218539702,0.02566037178039604,0.44999999999999973,3.599999999999998,0.0,0.0,1.2508670810488562,1.8143948253422706,0.7912822998429323,0.024485492706299627,0.07499999999999996,0.44999999999999973,-0.3749999999999998,-0.08950102084753175
169a008501f54295a0eeb017eaf433b8,1.137170824512629,3.7947331922020573,3.7947331922020573,0.07500000000000018,0.14163225064862217,0.22396346907170073,0.05757234196500457,0.0018296241760253906,1.2842329219213249,4.9477267507411975,4.9477267507411975,0.07500000000000018,0.1513208400020143,0.23714189954928303,0.06610075990174473,0.002529144287110263,1.137170824512629,1.2842329219213249,-0.1470620974086958,-0.009688589353392119
1724db8eab71420fb3c13ebf4553eb57,0.07499999999999996,1.1999999999999993,0.0,0.0,0.908210840840374,1.2053211333716443,0.6813425704760203,0.026079940795898704,0.07499999999999996,1.1999999999999993,0.0,0.0,0.6470755277657266,0.8287832774218948,0.5256455449245037,0.023765659332275924,0.07499999999999996,0.07499999999999996,0.0,0.2611353130746473
176769df02cb4712994b2236047a4a60,1.6819129008538005,6.997142273814358,5.366563145999493,0.6749999999999998,0.1759087561002861,0.259747559400549,0.16313017048996126,0.10602149963378826,1.8496179991662847,6.997142273814358,5.366563145999493,0.7499999999999996,0.17703328604865912,0.2735894407582745,0.16305182749128452,0.10524244308471653,1.6819129008538005,1.8496179991662847,-0.16770509831248415,-0.0011245299483730042
17be5f3012e741e98740c6520191b076,0.1499999999999999,1.1999999999999993,1.1999999999999993,0.0,0.22924606668526218,0.3421454041818898,0.0963721989703908,0.01018509864807049,0.22499999999999987,1.1999999999999993,1.1999999999999993,0.0,0.22862358355825288,0.3376869355751834,0.09946841008141882,0.009885263442992898,0.1499999999999999,0.22499999999999987,-0.07499999999999996,0.000622483127009299
17ed207024df442faa0b330ffdddc4fe,0.0,0.0,0.0,0.0,0.1589097366474378,0.25047160458054535,0.14437164310745,0.007812023162841797,0.0,0.0,0.0,0.0,0.09629088592988234,0.15403557854174518,0.099917448557581,0.005878829956055043,0.0,0.0,0.0,0.06261885071755545
19cafb9a132e4860b422828a8ecaf2f2,1.375131561831944,6.118823416311343,1.2000000000000028,0.22500000000000053,0.13567079620994063,0.23178266152373894,0.11874857249939506,0.025512027740477894,1.1604101966249691,2.6832815729997477,2.6832815729997477,0.22500000000000053,0.1171045276242938,0.19232339225171005,0.10280799607757987,0.026902055740356534,1.375131561831944,1.1604101966249691,0.21472136520697482,0.018566268585646833
1a2fa42ebe374ca4bdb234d8b9bc0ad7,3.3750000000000004,10.800000000000004,10.800000000000004,0.0,0.6297067598666719,1.0108049201260052,0.3446369744025913,0.009335947036743786,2.475,4.800000000000001,3.6000000000000014,0.0,0.532053690564011,0.8779428667186783,0.2583926396566954,0.004480504989623935,3.3750000000000004,2.475,0.9000000000000004,0.09765306930266093
1b7f2f3f47104f6b93d0a07022a0de23,1.5121708245126282,3.7947331922020506,0.0,0.07500000000000018,0.20218522323481833,0.41895735788368615,0.05080716524674043,0.01631240844726456,1.2750000000000001,3.6000000000000014,0.0,0.0,0.1595529304471664,0.4091412995491171,0.024721991915442935,0.015312337875365678,1.5121708245126282,1.2750000000000001,0.23717082451262805,0.04263229278765193
1be47ac2307f4fefafd4a6679574ca74,2.9939847675715496,8.399999999999999,8.399999999999999,0.3750000000000009,0.5885163496167716,0.9658521728764851,0.2702320553344172,0.036048603057860173,2.8499999999999996,7.200000000000003,7.200000000000003,0.0,0.5195174677445251,0.9134779235179076,0.19889665446229926,0.021228504180908825,2.9939847675715496,2.8499999999999996,0.14398476757155,0.06899888187224645
1caf1fcf71f54a8590f0f9af64cf5148,0.6842329219213247,4.947726750741191,0.0,0.07500000000000018,0.08233672420342113,0.13615105783258716,0.08225045339870989,0.008133172988891602,0.8342329219213246,4.947726750741191,0.0,0.07500000000000018,0.08752408881814924,0.13393750111950892,0.07053089036596817,0.007350397109985973,0.6842329219213247,0.8342329219213246,-0.1499999999999999,-0.0051873646147281155
1d432835d5b343b3ba9f8c6f0c89bc9a,4.895533063492353,13.254433220624712,0.0,0.3750000000000009,0.5951514466416089,0.8991564024171153,0.3261427953180993,0.05979938507080007,1.4999999999999991,4.799999999999997,0.0,0.0,0.4164197164113172,0.6948441162484825,0.2274529892079588,0.04817376136779794,4.895533063492353,1.4999999999999991,3.395533063492354,0.1787317302302917
1d76822a4f374fb0ba82bbdd388fecf4,1.4250000000000003,3.6000000000000014,1.2000000000000028,0.0,0.2941298168553001,0.4281982803393611,0.1000608935680304,0.006895065307616299,1.2000000000000002,3.6000000000000014,0.0,0.0,0.26898748902799696,0.38993133197656227,0.12915628656159733,0.008389377593993608,1.4250000000000003,1.2000000000000002,0.2250000000000001,0.025142327827303135
1db97a56970142f5a1497e787a90d1ea,0.44999999999999996,2.3999999999999986,0.0,0.0,0.1331843632851843,0.25254850938291096,0.25254850938291096,0.016915512084960227,0.5999999999999999,2.3999999999999986,0.0,0.0,0.14070867371708784,0.25153967456548065,0.25153967456548065,0.019887828826903764,0.44999999999999996,0.5999999999999999,-0.1499999999999999,-0.007524310431903547
1e424ebf53044f1c8e2b3e7a08656fef,1.4105125911803902,4.947726750741191,4.947726750741191,0.375,0.1345090387658762,0.2424142491845971,0.0857531296307549,0.053941440582274236,1.5605125911803903,4.947726750741191,4.947726750741191,0.375,0.13995467756055102,0.27376401599898775,0.08843337372271412,0.05493135452270348,1.4105125911803902,1.5605125911803903,-0.15000000000000013,-0.005445638794674829
1e623dd41bf44230b77ee28f8d1c0e83,0.0,0.0,0.0,0.0,0.016938470432294885,0.028025464416917927,0.015398037207693636,0.0014289379119878376,0.0,0.0,0.0,0.0,0.035092439719421505,0.06082003618877403,0.052301803304402913,0.000698804855348012,0.0,0.0,0.0,-0.01815396928712662
1e96cd8b79134cb5ae0e0f62943b5c00,2.201938020233809,4.9477267507411975,2.3999999999999986,0.15000000000000036,0.4714949883737841,0.7771690095997132,0.2544183306992727,0.028829813003540927,2.7934658438426494,4.9477267507411975,4.799999999999997,0.15000000000000036,0.5802835563519771,0.9157569592460296,0.33714358036423997,0.03368496894836559,2.201938020233809,2.7934658438426494,-0.5915278236088404,-0.10878856797819303
1f523efa8bda4156830b8aaa94a23b85,8.415923583091862,15.035956903370002,15.035956903370002,2.175,1.0084849717820101,1.5018219282773644,0.6229076896356522,0.09145288467407076,9.21088349555881,15.035956903370002,15.035956903370002,1.9500000000000002,1.1451363558769172,1.6987381492519864,0.6245737514680825,0.07787289619445792,8.415923583091862,9.21088349555881,-0.7949599124669486,-0.13665138409490707
201241eaa9494e4291e00c9f3ef60337,1.434181312115435,7.199999999999996,7.199999999999996,0.3000000000000007,0.20970792026892815,0.2768597652843646,0.2042207443502706,0.019641065597533203,1.7341813121154357,7.199999999999996,7.199999999999996,0.3000000000000007,0.255172572073764,0.3264037371484192,0.22434673553723417,0.020735263824462002,1.434181312115435,1.7341813121154357,-0.3000000000000007,-0.04546465180483583
209bb44a1a3f4263b9ae14162fba800d,1.4705774151833277,3.3941125496954285,3.3941125496954285,0.9750000000000001,0.21268149114632195,0.5141823578385714,0.06814020037726677,0.0476726531982421,1.4705774151833277,3.3941125496954285,3.3941125496954285,0.9750000000000001,0.21268149114632195,0.5141823578385714,0.06814020037726677,0.0476726531982421,1.4705774151833277,1.4705774151833277,0.0,0.0
20b9be45c2bc498380517053a3116611,0.0,0.0,0.0,0.0,0.08625784094557445,0.11877265808320207,0.0625894093251071,0.0021686553955087007,0.0,0.0,0.0,0.0,0.4232052515071587,0.7127725556527997,0.24986091103436892,0.01521635055541859,0.0,0.0,0.0,-0.3369474105615843
21dfddc08b1f42ef935d343d063177b3,0.2999999999999998,2.3999999999999986,0.0,0.0,0.11321915239990836,0.17966213216345667,0.13062214924877513,0.04206018447875959,0.2999999999999998,2.3999999999999986,0.0,0.0,0.11034702227927587,0.1753058624971338,0.12507342239514357,0.040247726440429066,0.2999999999999998,0.2999999999999998,0.0,0.0028721301206324906
21f50dbd1f5849da834f60e1113ede64,0.6487711154904661,2.683281572999751,0.0,0.1499999999999999,0.1366238076168244,0.35571373080322616,0.1476431047457834,0.06632766723632821,1.0429585766407323,4.3266615305567875,0.0,0.4500000000000002,0.14469198627399288,0.46019020615586664,0.07398389507782607,0.05269289016723455,0.6487711154904661,1.0429585766407323,-0.39418746115026626,-0.008068178657168468
22ee8385732b48069b0b6e0498d0c370,1.5749999999999995,7.199999999999999,0.0,0.0,1.5402544744987203,2.2276730299187792,0.9582141095567249,0.025028800964355113,3.299999999999999,10.799999999999997,0.0,0.0,1.5902945479957804,2.2770058701605054,1.0216507512027087,0.023371124267578036,1.5749999999999995,3.299999999999999,-1.7249999999999994,-0.05004007349706008
236a1b4b400e4fc194c6d9791fe44b75,2.3999999999999995,4.799999999999997,4.799999999999997,0.0,0.4107771899836854,0.7033260382340183,0.2318596238587488,0.009254550933838424,2.2499999999999996,6.0,6.0,0.0,0.38741556247982756,0.6236172677999229,0.25545584361421875,0.011892271041869407,2.3999999999999995,2.2499999999999996,0.1499999999999999,0.02336162750385784
23889d359ddd48b2be32c287c50cf7bb,0.8002534783282471,4.3266615305567875,0.0,0.37499999999999956,0.2043519490267332,0.39169744973186366,0.059041723992353974,0.04475412368774423,0.6941874611502653,4.3266615305567875,0.0,0.2999999999999998,0.2554321931489636,0.4665519536788859,0.14351137244929335,0.06733560562133833,0.8002534783282471,0.6941874611502653,0.10606601717798181,-0.05108024412223039
23b92f80a49847e2ac9583221a1b8071,3.3957764011649374,13.254433220624712,0.0,0.3000000000000007,0.3870195741849203,0.6065008034576994,0.24292354352086734,0.03019065856933567,5.282629389520039,14.449913494550753,4.800000000000001,0.45000000000000107,0.6953365504773841,0.98208801991616,0.46668670480033236,0.04858818054199299,3.3957764011649374,5.282629389520039,-1.886852988355102,-0.3083169762924638
244ddb48c04649909772fdf7bc0b6716,0.44999999999999973,3.6000000000000014,3.6000000000000014,0.0,0.0875466698731232,0.20956539989898001,0.05428330765763821,0.01694183349609224,0.5249999999999997,3.6000000000000014,3.6000000000000014,0.0,0.1421811336173578,0.3189269031499092,0.05946540340525884,0.015453100204466441,0.44999999999999973,0.5249999999999997,-0.07499999999999996,-0.054634463744234585
247deed882af48169d896393dcd33b3f,3.1500000000000004,6.0,4.800000000000001,0.0,0.6872254576073968,0.9836846107801503,0.4160991411408771,0.01872267723083576,2.85,4.800000000000001,2.400000000000002,0.0,0.6926147305018597,0.9857647434715315,0.40225533237904537,0.024289369583129883,3.1500000000000004,2.85,0.30000000000000027,-0.005389272894462893
24c6e0108b5844778df82c055c62cece,1.0499999999999998,4.800000000000004,1.2000000000000028,0.0,0.2221556159432677,0.3414536539315641,0.15236616315935486,0.006640434265137163,1.125,3.6000000000000014,1.2000000000000028,0.0,0.19154163505479915,0.2806275892923126,0.1201634378478371,0.006638574600219993,1.0499999999999998,1.125,-0.07500000000000018,0.030613980888468534
2605d37e56124453b43a73a44d5e1705,0.9636143971937453,4.3266615305567875,0.0,0.37499999999999956,0.1440248572769442,0.21920024330508056,0.08101648856783632,0.03856601715088015,0.9636143971937453,4.3266615305567875,0.0,0.37499999999999956,0.14243186315729975,0.23220590467165253,0.0826743663596492,0.04241924285888743,0.9636143971937453,0.9636143971937453,0.0,0.0015929941196444475
265776b3394b484894d65c51d941213f,0.8999999999999999,3.6000000000000014,3.6000000000000014,0.0,0.13600187222103344,0.25224930541265067,0.0642538843115489,0.0015548229217534626,0.5250000000000006,1.2000000000000028,0.0,0.0,0.049148375456318186,0.09265858824676745,0.01971079820834582,0.00360989570617809,0.8999999999999999,0.5250000000000006,0.37499999999999933,0.08685349676471525
272ef83edfef48b39207abda82032305,1.1652473292934173,2.6832815729997477,1.2000000000000028,0.45000000000000107,0.19282003160729994,0.38681447895887994,0.12317641872609819,0.03509645462036115,0.8914762138029503,2.6832815729997477,1.2000000000000028,0.22500000000000053,0.13717545011457855,0.26982118977833436,0.11142989946306307,0.025556373596191673,1.1652473292934173,0.8914762138029503,0.27377111549046707,0.05564458149272139
280d77fa6cdf45f6916229c8c9f8779f,0.6177050983124842,2.6832815729997446,0.0,0.07499999999999973,0.1921330979240616,0.2788096319670278,0.2304493923917649,0.0308030605316163,0.3927050983124841,2.6832815729997446,0.0,0.07499999999999973,0.11024202497649367,0.16074892852810202,0.1079366725199386,0.01834945678710964,0.6177050983124842,0.3927050983124841,0.2250000000000001,0.08189107294756794
28d7133e98e649a8aab88fe13d284d20,0.5249999999999995,3.6000000000000014,3.6000000000000014,0.0,0.09165454324117435,0.13483014026060214,0.11476295536262507,0.003002214431763406,1.05,3.6000000000000014,3.6000000000000014,0.0,0.17590701323822255,0.2613613961459292,0.24261509179145213,0.005020093917845969,0.5249999999999995,1.05,-0.5250000000000006,-0.0842524699970482
2925acd1ffbc4cab965078691b7f074d,6.0749999999999975,10.799999999999997,10.799999999999997,0.0,0.6862116979004537,1.076926134634416,0.4580185359465062,0.018614244461059304,8.549999999999999,17.999999999999996,17.999999999999996,0.0,1.0457875913309227,1.5154728019606447,0.730256977764055,0.024583625793455965,6.0749999999999975,8.549999999999999,-2.4750000000000014,-0.35957589343046903
292c5f9071dc4ac4a7e43c9c334ba195,2.349341649025257,3.7947331922020573,3.7947331922020573,0.15000000000000036,0.455936362239782,0.6225340404717534,0.2838743238503838,0.011135959625244052,2.274341649025257,3.7947331922020573,3.7947331922020573,0.15000000000000036,0.4547582706547137,0.6064511624517094,0.31524805566419006,0.012100982666015891,2.349341649025257,2.274341649025257,0.07500000000000018,0.0011780915850683193
292cb1a71ae648d69b6341950ddac12a,0.9000000000000001,2.3999999999999986,1.2000000000000028,0.0,0.1491801829966183,0.2752812869654472,0.07410876053469936,0.005212211608886186,0.9750000000000003,3.6000000000000014,1.2000000000000028,0.0,0.16166084128062544,0.29294816715833166,0.0857537618220042,0.005232095718384233,0.9000000000000001,0.9750000000000003,-0.07500000000000018,-0.012480658284007129
298b2154bbb24bc4a922795f5c095258,0.8249999999999997,4.799999999999997,4.799999999999997,0.0,0.13362375453055458,0.26613737676291166,0.10121130232865529,0.012347745895385565,0.8427050983124841,4.799999999999997,4.799999999999997,0.07500000000000018,0.10933153419226177,0.18236621293798963,0.1312271645118333,0.015554666519165483,0.8249999999999997,0.8427050983124841,-0.017705098312484346,0.024292220338292814
2a4282ef0f934f348105d77d6f7f3a8d,4.4212376569997485,11.879393923934003,11.879393923934003,2.1750000000000007,0.2489450321702504,0.3684406220442245,0.322368191208868,0.04089832305908292,8.50252239654457,18.039955654047493,18.039955654047493,0.5250000000000004,0.6636123376902922,0.8753196696438753,0.5282767150156132,0.019831609725951882,4.4212376569997485,8.50252239654457,-4.081284739544822,-0.4146673055200417
2a5dfe4e1a6f4843acbfaa326b741e89,3.953503243568428,8.400000000000006,7.299315036357867,0.45000000000000107,0.5171017044407413,0.9502236896258864,0.24800067944996607,0.04373016357421866,4.2874143795447335,8.399999999999999,7.299315036357867,0.15000000000000036,0.4544785290380763,0.8451710663991742,0.15713122113806371,0.03046102523803773,3.953503243568428,4.2874143795447335,-0.3339111359763054,0.06262317540266504
2a82c27a29b4439c9dacc509b3fbcb9b,0.30000000000000027,2.3999999999999986,0.0,0.0,0.0911365692355283,0.14356853717538412,0.10367274614147406,0.006064224243164329,0.30000000000000027,2.3999999999999986,0.0,0.0,0.0911365692355283,0.14356853717538412,0.10367274614147406,0.006064224243164329,0.30000000000000027,0.30000000000000027,0.0,0.0
2a9951938c554f56884ec7a32e11448c,1.3682700445107505,10.252804494381039,10.252804494381039,0.44999999999999973,0.052592957554255686,0.14129521191893615,0.03401228448775953,0.017857217788695756,0.9617026855332602,4.9477267507411975,4.9477267507411975,0.2999999999999998,0.03363313142705886,0.06093433301976837,0.030763942774343307,0.016461610794067383,1.3682700445107505,0.9617026855332602,0.4065673589774903,0.01895982612719683
2b44e9076b0542129f278cf4139cf701,2.4184658438426485,4.9477267507411975,4.799999999999997,0.15000000000000036,0.3703374047556393,0.6664663849096714,0.12570354015371804,0.0237768173217785,0.5342329219213244,4.9477267507411975,1.1999999999999957,0.07500000000000018,0.13525822385995886,0.2822116788689916,0.032387617417135556,0.018174219131469105,2.4184658438426485,0.5342329219213244,1.884232921921324,0.23507918089568045
2b9d2986eaea4ce685767de9e3188632,0.2250000000000003,1.2000000000000028,1.2000000000000028,0.0,0.17867023249229458,0.24966409685317048,0.12588803922996147,0.02165408134460378,0.3871708245126283,3.794733192202054,1.1999999999999957,0.07500000000000018,0.11975956113301302,0.15670997060913713,0.09246327561447557,0.01600127220153791,0.2250000000000003,0.3871708245126283,-0.162170824512628,0.05891067135928156
2be2d60f75414d76b022da0b4003a634,8.25,20.4,20.4,0.0,0.6358328555558763,0.901032479504167,0.3813969642802294,0.01780385971069265,7.505555524351762,16.842802617141835,16.842802617141835,0.15000000000000036,0.5675941961620613,0.8025875883383398,0.31972185591948715,0.017696428298949574,8.25,7.505555524351762,0.7444444756482378,0.06823865939381502
2d268403069249d2b7a229194725b293,8.003392287823647,16.099689437998485,0.0,3.2250000000000005,0.40260074537545937,0.5409970272592176,0.22263749733416374,0.13756971359252912,8.003392287823647,16.099689437998485,0.0,3.2250000000000005,0.39084065667903645,0.5449926821116348,0.21154890273680432,0.15899691581726128,8.003392287823647,8.003392287823647,0.0,0.011760088696422921
2d333672e0f14c9885e27a8d59fcf30c,0.37499999999999956,3.6000000000000014,0.0,0.0,0.0899611246012506,0.1986786005744289,0.023045730625545283,0.011542797088623491,0.37499999999999956,3.6000000000000014,0.0,0.0,0.0899611246012506,0.1986786005744289,0.023045730625545283,0.011542797088623491,0.37499999999999956,0.37499999999999956,0.0,0.0
2e55334cd46a498d8bf05d801a795191,0.36213203435596464,1.6970562748477156,1.2000000000000028,0.2250000000000001,0.07554307121661905,0.13279977016940492,0.13279977016940492,0.02154035568237367,0.8575485849042453,11.32077735846792,1.2000000000000028,0.6749999999999998,0.08013125528323742,0.12028932713038433,0.12028932713038433,0.024055194854737394,0.36213203435596464,0.8575485849042453,-0.4954165505482807,-0.004588184066618373
2f11637660c6491c9cf31dfbd0f7afb0,5.999999999999998,9.599999999999998,9.599999999999998,0.0,0.7600320615774863,1.0937252763461487,0.5221511065856931,0.010118722915647638,5.999999999999998,9.599999999999998,9.599999999999998,0.0,0.6073670269773386,0.8750024058959368,0.4436788768537418,0.011226081848143998,5.999999999999998,5.999999999999998,0.0,0.1526650346001477
302d513bec6946b6ac5be859ba3ed95a,0.0,0.0,0.0,0.0,0.14363152601401857,0.22158368176056045,0.12126626946420074,0.007741355895996005,0.0,0.0,0.0,0.0,0.08768539714103638,0.12250157578471216,0.09268676939946033,0.0059068679809564095,0.0,0.0,0.0,0.0559461288729822
307ba1f86fd14cd18b118ac823a43f9e,0.5999999999999996,2.3999999999999986,0.0,0.0,0.1953190587236172,0.35214650904147915,0.031433236760728095,0.013541221618652788,0.44999999999999973,2.3999999999999986,0.0,0.0,0.19695303441652406,0.357947989507026,0.02471675309298174,0.015417623519898171,0.5999999999999996,0.44999999999999973,0.1499999999999999,-0.0016339756929068527
30f10cde38cf4347a3ad801bc36c9b69,1.0500000000000003,4.799999999999997,1.2000000000000028,0.0,0.12558488709496776,0.19726873832815478,0.04479489518505683,0.013245391845702503,1.2000000000000002,4.799999999999997,1.2000000000000028,0.0,0.11533461651545864,0.17066128814174278,0.04409012775494097,0.012990617752074218,1.0500000000000003,1.2000000000000002,-0.1499999999999999,0.010250270579509127
30f8cd6e28cf4400a4cab3603134f0da,0.30000000000000027,1.2000000000000028,0.0,0.0,0.04396324962244102,0.1282888538847469,0.013403201493537326,0.008741998672486595,0.37500000000000044,1.2000000000000028,1.2000000000000028,0.0,0.04639324922394887,0.1256245124108167,0.013112372703438256,0.007807874679565341,0.30000000000000027,0.37500000000000044,-0.07500000000000018,-0.0024299996015078526
3142d6f4518b4f6d8b8cd712215d367e,0.0,0.0,0.0,0.0,0.3226043495786065,0.5633353549071866,0.14751239819719764,0.007066440582275124,0.0,0.0,0.0,0.0,0.92881018906471,1.483981748813732,0.5393164889147437,0.025620603561401722,0.0,0.0,0.0,-0.6062058394861035
319817461b974bdd904360356a5186de,1.4249999999999996,3.599999999999998,1.1999999999999957,0.0,0.24467735636163596,0.45034403650991994,0.11457775787206269,0.009647798538206853,1.1249999999999996,3.5999999999999943,3.5999999999999943,0.0,0.2148853037675053,0.3883389426959497,0.09193225417542705,0.0076253414154052734,1.4249999999999996,1.1249999999999996,0.30000000000000004,0.029792052594130647
3198221efff94bfbaac21edd8b7be6e1,1.7810765174396197,5.091168824543139,1.1999999999999993,1.1249999999999993,0.12478885440331453,0.31097440938777354,0.05509008259719846,0.08557677268981934,2.4062080792715617,6.118823416311338,6.118823416311338,1.7999999999999974,0.1491011906235974,0.28644774372684884,0.0927752994676775,0.1206657886505127,1.7810765174396197,2.4062080792715617,-0.625131561831942,-0.024312336220282865
31ba992e248d435e95360a20b03f9289,0.7499999999999996,2.3999999999999986,0.0,0.0,0.19412279326932702,0.3257349301111725,0.21595638797001873,0.1283926963806139,0.44999999999999973,2.3999999999999986,0.0,0.0,0.1744031551925101,0.2912201353708256,0.1971511019289573,0.1178129196166986,0.7499999999999996,0.44999999999999973,0.2999999999999998,0.019719638076816925
31e890702ba847fe973eac8852110ed8,8.774999999999999,32.39999999999999,32.39999999999999,0.0,1.4181262383492186,1.9882510934137216,1.0269777713200836,0.03977508544922026,7.499999999999998,14.399999999999999,14.399999999999999,0.0,1.2722518330588553,1.7853787483255692,0.9396688933625309,0.0350336551666266,8.774999999999999,7.499999999999998,1.2750000000000004,0.14587440529036333
33d4e7ba18304d05973bf95ae6b23100,1.425,2.4000000000000057,2.4000000000000057,0.0,0.33269006026754433,0.541670409666505,0.07584367396917284,0.007568407058716975,1.275,2.400000000000002,1.2000000000000028,0.0,0.2382751499987356,0.39198273962897073,0.05547491456165529,0.007819032669067916,1.425,1.275,0.15000000000000013,0.09441491026880872
349280b046da462e9d439c3b1e0b7e0c,0.9000000000000001,3.5999999999999943,0.0,0.0,0.11684043772271321,0.2767089094037705,0.027150219330956626,0.00702667236328125,1.875,4.799999999999997,3.5999999999999943,0.0,0.22723555057410177,0.4137814622313104,0.02091459297139769,0.007309484481810902,0.9000000000000001,1.875,-0.9749999999999999,-0.11039511285138856
34b99bee7dee49cab8975cc71aa1f207,0.0,0.0,0.0,0.0,0.02309803761395846,0.05990135492667574,0.012165296737261525,0.009609889984131481,0.0,0.0,0.0,0.0,0.028019627273845337,0.07162853359508406,0.006568072860653683,0.011965656280516601,0.0,0.0,0.0,-0.004921589659886878
350bebd0ad144736aea809a275611a11,1.268451529862194,4.3266615305567875,1.6970562748477107,0.5999999999999996,0.250373465271829,0.5547618260943997,0.14951148335234873,0.0767701148986828,1.3611566281746779,4.3266615305567875,1.6970562748477107,0.6749999999999994,0.2507390918422545,0.5633821666611267,0.13556741163313754,0.0764951705932626,1.268451529862194,1.3611566281746779,-0.09270509831248397,-0.0003656265704254924
352858ea6da64bfb888adecab41a8452,2.3693581512047572,6.118823416311343,1.1999999999999993,0.3750000000000009,0.503324606115906,0.6607877018190983,0.48613565685932975,0.0288846015930182,2.211931687685298,4.947726750741194,4.947726750741194,0.3000000000000007,0.3358309612830723,0.5472591511506297,0.33925208346471525,0.029135656356810813,2.3693581512047572,2.211931687685298,0.15742646351945933,0.1674936448328337
3621246382a54d6d91ea2f03958f3c21,0.4499999999999995,2.3999999999999986,2.3999999999999986,0.0,0.04393227853225501,0.08123598353608923,0.042187144357455214,0.004349899291992365,0.7499999999999998,2.400000000000002,2.3999999999999986,0.0,0.0686291718067577,0.12896088211233872,0.026813156086558574,0.004790210723876864,0.4499999999999995,0.7499999999999998,-0.30000000000000027,-0.024696893274502696
364d49f721fa4af081dd8a9fcd5ea684,1.05,2.4000000000000057,1.2000000000000028,0.0,0.17009974201566253,0.25967687080665036,0.15641739929778256,0.013419771194457919,1.2750000000000001,3.6000000000000014,3.6000000000000014,0.0,0.1969588103370522,0.29916260519524196,0.17985494479617145,0.010380363464356446,1.05,1.2750000000000001,-0.2250000000000001,-0.02685906832138968
3682d192833d4535aaadd371c3bd7ad2,0.5249999999999999,3.599999999999998,2.4000000000000057,0.0,0.13017781638778653,0.27061828458088516,0.021979175077465097,0.0034339427947998047,0.825,4.800000000000001,1.2000000000000028,0.07500000000000018,0.06726229169189687,0.15225715153743172,0.029743411484234948,0.005363130569458363,0.5249999999999999,0.825,-0.30000000000000004,0.06291552469588965
36d80427cbe047428458c076311428ec,0.8250000000000004,2.3999999999999986,1.2000000000000028,0.0,0.15622288411882806,0.20656515120282476,0.10932718024570964,0.008022880554198863,0.8250000000000004,2.3999999999999986,1.2000000000000028,0.0,0.15622288411882806,0.20656515120282476,0.10932718024570964,0.008022880554198863,0.8250000000000004,0.8250000000000004,0.0,0.0
38049f6b32124cb3b7e5dda85e03a280,0.8250000000000002,2.3999999999999986,0.0,0.0,0.09731276553069958,0.12653770586790605,0.09140650862074767,0.002419710159301758,0.7500000000000002,2.3999999999999986,0.0,0.0,0.09503976377884338,0.12104919987890303,0.09411232234291088,0.0026146888732916373,0.8250000000000002,0.7500000000000002,0.07499999999999996,0.002273001751856199
38190c630bc5440488cbb5197a4728fe,2.625,4.800000000000001,2.3999999999999986,0.0,0.5729738080872429,0.8337052733591506,0.31593389519697135,0.017368125915528942,2.55,4.800000000000001,2.3999999999999986,0.0,0.5005868745533717,0.731930200081103,0.29875628278335975,0.012609815597534713,2.625,2.55,0.07500000000000018,0.07238693353387116
381d9dfde64041cbac749fd66627e3aa,0.4500000000000002,2.3999999999999986,0.0,0.0,0.09087909692376674,0.1692661125507919,0.07661733767861564,0.010567903518676314,0.8250000000000002,4.799999999999997,4.799999999999997,0.0,0.14363299669824542,0.2696090483435933,0.10296061303894011,0.012414121627807084,0.4500000000000002,0.8250000000000002,-0.375,-0.05275389977447868
3a3e63470d1645a9ac68b509a5669236,1.05,3.6000000000000014,3.6000000000000014,0.0,0.16637890569832028,0.28430299166947937,0.06202405014731612,0.006943416595458718,1.125,3.6000000000000014,3.6000000000000014,0.0,0.2060038779707421,0.3770235068731419,0.0697722068718328,0.0080197334289549,1.05,1.125,-0.07499999999999996,-0.039624972272421816
3a93f9e26ae3486abd368c41cc0fa82e,5.699999999999999,10.799999999999997,10.799999999999997,0.0,0.0835900076464678,0.13509155520148222,0.022922146432819923,0.02668576240539622,5.699999999999999,10.799999999999997,10.799999999999997,0.0,0.08377539372042792,0.1457434101512428,0.02455093574218821,0.027742195129394798,5.699999999999999,5.699999999999999,0.0,-0.00018538607396011153
3b6306515b24443fb5fe4cbb48326e40,1.1560660171779817,3.6000000000000014,3.5999999999999943,0.07500000000000018,0.06773903976487239,0.18676475354470998,0.06919624543282304,0.01902079582214311,1.35,4.800000000000004,4.800000000000004,0.0,0.09117525443278979,0.14485138495773944,0.0698338326966424,0.007806730270386364,1.1560660171779817,1.35,-0.19393398282201835,-0.0234362146679174
3c313f517d6b4d5bafb8929ddd7b46fe,0.5999999999999996,2.3999999999999986,0.0,0.0,0.1565364291642517,0.39944826685279017,0.09418365181073297,0.04217290878295943,0.5999999999999996,2.3999999999999986,0.0,0.0,0.1480475577028655,0.38215980206254413,0.09418156340141269,0.04233684539794913,0.5999999999999996,0.5999999999999996,0.0,0.008488871461386188
3c70f9519bdb4b15adda25c432fc32d0,3.3927444654346433,8.48528137423857,3.5999999999999943,0.22500000000000053,0.45756711843349457,0.7662612153086313,0.21782427968349738,0.0116768360137951,1.9648529270389175,6.118823416311343,1.1999999999999957,0.15000000000000036,0.24476995113007405,0.490354729336735,0.10441337524715666,0.011011505126954368,3.3927444654346433,1.9648529270389175,1.4278915383957258,0.21279716730342052
3d477bc2b7e7409197b5b87053b6a8a7,0.0,0.0,0.0,0.0,0.36935754728067277,0.5637561725148521,0.23580518623002067,0.009068870544432617,0.0,0.0,0.0,0.0,0.564274106344828,0.8481197567518474,0.3695285261364521,0.011934041976927823,0.0,0.0,0.0,-0.19491655906415523
3dee301429b240ca951e3408e0cc0688,0.4060660171779823,1.697056274847713,0.0,0.15000000000000036,0.08878330077414609,0.1362132383224995,0.1196622581117067,0.01974377632141122,0.7371320343559646,2.3999999999999986,0.0,0.15000000000000036,0.0853142737148007,0.21408341621803395,0.013884643213974297,0.018626117706298295,0.4060660171779823,0.7371320343559646,-0.33106601717798234,0.0034690270593453892
3e076c9b5d2f40a1bedf18deb143cc44,1.6621708245126283,4.799999999999997,4.799999999999997,0.07500000000000018,0.22269074644453696,0.3513892008375672,0.1042538747705094,0.009931468963622958,1.3170467473377414,3.7947331922020573,0.0,0.22500000000000053,0.16567750525714342,0.2556760455853048,0.1141801818199474,0.014569902420043412,1.6621708245126283,1.3170467473377414,0.3451240771748869,0.05701324118739354
3e9462eb95f942d5b42b46a0c05c7215,0.40487592282511287,3.794733192202055,0.0,0.1499999999999999,0.048869979044896025,0.10755283566856233,0.009108280119771966,0.005415344238282049,0.0,0.0,0.0,0.0,0.030104380901372695,0.06046081622952788,0.0062169902027196695,0.014673757553100852,0.40487592282511287,0.0,0.40487592282511287,0.01876559814352333
3ea1703a835142869f32bbc4b3575eae,11.204648117957452,25.65306999171834,25.65306999171834,1.4250000000000007,1.396903979915506,1.9233320972097045,0.9243374227665664,0.11786227226257262,6.545461050321428,18.159295140505865,18.159295140505865,1.0500000000000012,0.5793773931992671,0.8373802028532286,0.45389319545188317,0.06745762825012136,11.204648117957452,6.545461050321428,4.659187067636024,0.817526586716239
3eba487aadc34c6483b807d3891943c4,1.95,4.800000000000001,1.2000000000000028,0.0,0.3670951622884479,0.51330970690277,0.2539705708764893,0.01634488105773979,1.8000000000000003,3.6000000000000014,1.2000000000000028,0.0,0.3159368467585806,0.4860518188416293,0.20543440549993303,0.014663600921631215,1.95,1.8000000000000003,0.1499999999999997,0.051158315529867326
3ec630edf60e4ef2b6ed934b525732a4,0.75,3.6000000000000014,3.6000000000000014,0.0,0.1144847371684225,0.29060495571780076,0.03865899445862911,0.017121791839600498,0.6749999999999998,2.400000000000002,0.0,0.0,0.1826068060988644,0.38462158842871047,0.09036472320838751,0.017280864715575994,0.75,0.6749999999999998,0.07500000000000018,-0.0681220689304419
3f7ba6582ba94d6cb62c292aec382dc1,1.5,2.4000000000000057,1.2000000000000028,0.0,0.3125956383650381,0.5828802304556513,0.12805580097321043,0.007161569595338424,1.35,2.4000000000000057,1.2000000000000028,0.0,0.30236771219011727,0.5592153657666795,0.1348115055880448,0.008744859695436702,1.5,1.35,0.1499999999999999,0.010227926174920854
3f9fedbeb860405cb3be60280a04021e,0.22499999999999942,1.1999999999999993,1.1999999999999957,0.0,0.02944574868297301,0.0794992938463489,0.012881590917871454,0.003229236602783292,0.22499999999999942,1.1999999999999993,1.1999999999999957,0.0,0.018234712049926154,0.06513683422384166,0.010087551664479527,0.004732418060302113,0.22499999999999942,0.22499999999999942,0.0,0.011211036633046855
41eb1111d010400c8a56491982171b47,5.249999999999998,10.799999999999997,0.0,0.0,1.4916500017157424,2.0535711443241227,1.0594529658811218,0.035813713073730824,12.674999999999997,28.8,28.8,0.0,1.741032539094631,2.467136643013079,1.1793063174201004,0.041007041931152344,5.249999999999998,12.674999999999997,-7.424999999999999,-0.2493825373788887
42a363d665034f31a1b0918abc4b58ff,1.2694409394785136,4.3266615305567875,0.0,0.675,0.22456747400986998,0.34880221005786044,0.13866625815587807,0.14520277976989782,1.2694409394785136,4.3266615305567875,0.0,0.675,0.22456747400986998,0.34880221005786044,0.13866625815587807,0.14520277976989782,1.2694409394785136,1.2694409394785136,0.0,0.0
42afc545277242218898b3252e5d8f97,0.0,0.0,0.0,0.0,0.11394252709498381,0.1629966441420881,0.10097157615436189,0.0037656784057604753,0.0,0.0,0.0,0.0,0.0725201229721225,0.08911389288412228,0.08136745353085724,0.00295286178588805,0.0,0.0,0.0,0.041422404122861314
42ea07c090a949ba871e0235d816bcb8,2.1628341297226976,6.118823416311341,6.118823416311341,0.2999999999999998,0.31461017399800517,0.5527830145808557,0.1297489230855121,0.031746196746827327,2.309896227131394,6.118823416311341,6.118823416311341,0.2999999999999998,0.3186350481637451,0.5420773687360293,0.11569335856356641,0.025544214248657493,2.1628341297226976,2.309896227131394,-0.14706209740869625,-0.004024874165739933
44a646442f5445a389120987762ee8b9,1.4434658438426484,4.9477267507411895,2.400000000000002,0.8999999999999995,0.1715340013203479,0.3459038876337572,0.08337312555807484,0.033332777023316496,1.3337647829419552,9.895453501482386,9.895453501482386,0.7499999999999996,0.06053447838056828,0.09642950005526445,0.07567696330036996,0.03620109558105389,1.4434658438426484,1.3337647829419552,0.1097010609006932,0.11099952293977963
44bc933d7cfb43a485802e98e0e12495,0.7677050983124848,4.799999999999997,1.2000000000000028,0.15000000000000036,0.09117606659150232,0.12798060628916538,0.12506605914568264,0.020049762725829368,1.5554076662032397,3.7947331922020573,1.2000000000000028,0.3000000000000007,0.12644123651619654,0.2574254668512317,0.09744225765973791,0.015233087539672674,0.7677050983124848,1.5554076662032397,-0.7877025678907549,-0.03526516992469422
451f8a8a0bf348899e06016cce8d550a,0.33106601717798245,2.3999999999999986,0.0,0.07500000000000018,0.05225126764408295,0.14779764356626005,0.14779764356626005,0.006282520294190075,0.44999999999999973,2.3999999999999986,0.0,0.0,0.04758584401827539,0.10310208196511922,0.06973956391589724,0.008825683593748579,0.33106601717798245,0.44999999999999973,-0.11893398282201728,0.00466542362580756
45be071350e7496ba5158b08ed808f72,0.0,0.0,0.0,0.0,0.2789659087871558,0.38225611008798394,0.19232322763297638,0.007333660125731889,0.0,0.0,0.0,0.0,0.2516467497568645,0.3497009712143975,0.16976202100303436,0.006453323364258079,0.0,0.0,0.0,0.027319159030291307
45d2c8494861443cb432acd639319b97,0.6000000000000001,2.3999999999999986,1.2000000000000028,0.0,0.15654543415496097,0.24175874224226107,0.2001316117975579,0.009737491607665572,0.6000000000000001,2.3999999999999986,1.2000000000000028,0.0,0.12221206626888802,0.20644979490671406,0.16639776273275864,0.010307979583739968,0.6000000000000001,0.6000000000000001,0.0,0.034333367886072955
474ea34a88284e259620b40e1503faad,8.857164388412752,20.54069132234843,20.54069132234843,1.1250000000000009,0.9871253494086614,1.3916907165051946,0.6292223978524489,0.075935411453246,8.079504443196488,16.84280261714184,16.84280261714184,0.825000000000002,0.8409257032433424,1.2216627301267373,0.5315379052751731,0.05716567039489595,8.857164388412752,8.079504443196488,0.7776599452162642,0.146199646165319
475c6d4fb63c401bb1c9d9ddc11b22f2,2.7288302099534123,6.118823416311343,4.800000000000004,0.22500000000000053,0.4948480361309733,0.7933008661910378,0.25361585430772016,0.024182796478270596,2.646403746433953,4.9477267507411975,4.800000000000004,0.15000000000000036,0.4833674201322656,0.7680296066596584,0.261524945230531,0.022985887527465998,2.7288302099534123,2.646403746433953,0.08242646351945915,0.0114806159987077
47e6b3fa70cc4649a4d88c5a13e9c20a,0.0,0.0,0.0,0.0,0.04150001977671741,0.11297527491473791,0.03674325993674322,0.00918045043945348,0.0,0.0,0.0,0.0,0.03761217012628018,0.1102067058241903,0.023801020653628366,0.009068870544434837,0.0,0.0,0.0,0.0038878496504372306
489dab84f27d4a988ad7b7775d6ace83,0.8914762138029512,2.683281572999751,2.4000000000000057,0.22500000000000053,0.10320580624958434,0.15831110875074877,0.07944315612546689,0.018483352661132102,1.1641088447464374,4.947726750741191,4.947726750741191,0.3000000000000007,0.2444291528765466,0.36495577647945265,0.17485712859121277,0.022336864471435014,0.8914762138029512,1.1641088447464374,-0.2726326309434862,-0.14122334662696226
48f50eb479f040a493500dc889c0d43e,0.0,0.0,0.0,0.0,0.24766404051167568,0.6156772790285593,0.08080609395760915,0.006452322006224698,0.07499999999999996,1.1999999999999993,0.0,0.0,0.34659069796759584,0.7659042928498231,0.14368326605273835,0.007083606719969993,0.0,0.07499999999999996,-0.07499999999999996,-0.09892665745592016
4a423faa3dc14d5f89f34836c938a776,1.8749999999999998,6.0,6.0,0.0,0.1344016168146495,0.19248635385663238,0.12616573676252066,0.009632492065429599,1.7999999999999996,4.799999999999997,4.799999999999997,0.0,0.10357070320465134,0.1606551055268769,0.09615175589711877,0.005419349670409801,1.8749999999999998,1.7999999999999996,0.07500000000000018,0.03083091360999815
4a6f5c560b644d57b37c456e5b814674,12.374999999999998,28.8,28.8,0.0,1.449956759044743,2.134521609468529,0.9371883225757397,0.019365406036377486,12.374999999999998,28.8,28.8,0.0,1.4361929754960965,2.1145703918535528,0.9451596404693544,0.020083093643188832,12.374999999999998,12.374999999999998,0.0,0.013763783548646602
4ab67fa0bb364159a5dc2c5fd49340a6,0.37500000000000044,3.6000000000000014,0.0,0.0,0.012622225379721649,0.029166454742337165,0.029166454742337165,0.007695722579955433,0.30000000000000027,3.6000000000000014,0.0,0.0,0.012639567086712385,0.027761034100968016,0.027761034100968016,0.00786309242248473,0.37500000000000044,0.30000000000000027,0.07500000000000018,-1.734170699073563e-05
4affbe8ae6c747a686adea8b18949a86,0.1499999999999999,1.1999999999999993,0.0,0.0,0.2635195326948394,0.37161848696456345,0.19598021614013347,0.03679103851318377,0.1499999999999999,1.1999999999999993,0.0,0.0,0.3852932655871522,0.5136623790197735,0.2760016860050157,0.03322849273681561,0.1499999999999999,0.1499999999999999,0.0,-0.1217737328923128
4bbbf943032d41bcb5a3bf7b958684f8,0.0,0.0,0.0,0.0,0.04559229018760588,0.06770885405623091,0.025969111130789937,0.0071260929107661575,0.0,0.0,0.0,0.0,0.04478571634797526,0.06751483009265612,0.024075166322455186,0.006549024581908203,0.0,0.0,0.0,0.0008065738396306199
4c4e1e94e1364ef5a3c390d97be19ee1,2.152916058913654,6.118823416311343,0.0,0.4500000000000002,0.26953435854359376,0.4461717205736384,0.16126435266478262,0.04114837646484437,2.0797225173155196,6.118823416311343,0.0,0.4500000000000002,0.22232368088348609,0.38589810340097763,0.12897968992854844,0.038259458541870295,2.152916058913654,2.0797225173155196,0.07319354159813418,0.04721067766010767
4c4f5bde9d574cab9813c9ff33ea9aca,2.1487711154904665,6.0,2.3999999999999986,0.15000000000000036,0.3387846710603098,0.56460391559287,0.006950309284087016,0.009271430969238548,1.3500000000000003,4.800000000000004,0.0,0.0,0.22413225924544017,0.4096708893714428,0.007276309078603105,0.009549379348754439,2.1487711154904665,1.3500000000000003,0.7987711154904662,0.11465241181486963
4c64d0232a8e4ef9bc13a969d731dfff,5.924999999999999,8.399999999999999,7.199999999999999,0.0,1.0208624548019625,1.4004827979311456,0.6107599494334865,0.034684038162231534,5.024999999999999,7.199999999999999,7.199999999999999,0.0,0.8605228431298825,1.2320744084580488,0.49386773834495307,0.02622399330139169,5.924999999999999,5.024999999999999,0.9000000000000004,0.16033961167208
4c8b3add6f994bfebbf8585f725506b1,2.2884924806974416,6.118823416311343,1.697056274847718,0.15000000000000036,0.36639408008147784,0.5982459343494917,0.1812610745723783,0.011299753189085937,2.2884924806974416,6.118823416311343,1.697056274847718,0.15000000000000036,0.3769672669394738,0.6150286915871928,0.19058845420973758,0.011028814315795277,2.2884924806974416,2.2884924806974416,0.0,-0.010573186857995964
4f26e6dac5f947a4ab722596b9cb9cef,0.8871320343559644,2.3999999999999986,0.0,0.15000000000000036,0.17922206585896805,0.29721006593031957,0.08213635910058754,0.024004983901977806,0.887132034355964,2.3999999999999986,0.0,0.15000000000000036,0.1565367720629454,0.2741644992869577,0.053473260436573036,0.02168283462524423,0.8871320343559644,0.887132034355964,4.440892098500626e-16,0.02268529379602266
4f2792661fd1407ba91f983551275338,0.6000000000000008,2.3999999999999986,0.0,0.0,0.1373034185599005,0.30021075180105145,0.06292970051312428,0.005020093917847301,0.75,4.799999999999997,1.2000000000000028,0.0,0.0578107949617745,0.12446146105000776,0.12355861018287936,0.0077928543090823865,0.6000000000000008,0.75,-0.14999999999999925,0.079492623598126
4f33efc0e9724dc8bfcade6c6394c46b,0.4500000000000002,1.2000000000000028,0.0,0.0,0.1194558524252689,0.25108593974024,0.025206975226720833,0.0057307720184329725,0.9750000000000001,3.6000000000000014,0.0,0.0,0.20378367579731055,0.349809346635258,0.11328212586631577,0.004704523086548118,0.4500000000000002,0.9750000000000001,-0.5249999999999999,-0.08432782337204164
4f432ee8aca449beb7a111a783c6028f,2.1170079571810767,7.200000000000003,4.799999999999997,0.3000000000000007,0.22885243185954227,0.2999422858833255,0.2953516731222921,0.02042627334594682,3.009232921921324,8.399999999999999,6.0,0.07500000000000018,0.3581952173018489,0.4811481101303163,0.3566962727515516,0.013394737243652255,2.1170079571810767,3.009232921921324,-0.8922249647402474,-0.12934278544230662
4f602020f2cd477eb8c1111dd1b35eec,0.6749999999999996,1.2000000000000028,1.1999999999999957,0.0,0.14323426908602177,0.22627470354664375,0.055956894939322224,0.0028687477111817294,0.6749999999999996,1.2000000000000028,1.1999999999999957,0.0,0.15018601667540626,0.23537173454312899,0.06624808149147363,0.0028457164764401632,0.6749999999999996,0.6749999999999996,0.0,-0.006951747589384494
4f721a0a8d8c4159b60bcdd6513ffc80,0.8249999999999997,2.3999999999999986,0.0,0.07500000000000018,0.06891755671520482,0.1592539506118241,0.07011845231907798,0.02617850303649938,0.7281152949374525,2.6832815729997477,0.0,0.2999999999999994,0.1572993644300461,0.27077271605030223,0.15397379212014936,0.013899564743043324,0.8249999999999997,0.7281152949374525,0.0968847050625472,-0.08838180771484129
4fb469c1cc4f438da132eab2ebd0bb40,1.4042175718503702,3.7947331922020573,3.7947331922020573,0.3750000000000009,0.21019551413361176,0.3349427617608001,0.2616291087465757,0.029567527770995916,0.723771115490467,2.6832815729997477,1.2000000000000028,0.3000000000000007,0.13161940325240296,0.26097911481394365,0.17723474960832078,0.02211084365844762,1.4042175718503702,0.723771115490467,0.6804464563599032,0.0785761108812088
4fde06ca966a4410ae9779d3f895da66,1.65,3.6000000000000014,3.6000000000000014,0.0,0.24303322164650204,0.4171341116838031,0.1410942721268124,0.009890699386597923,1.65,3.6000000000000014,3.6000000000000014,0.0,0.24303322164650204,0.4171341116838031,0.1410942721268124,0.009890699386597923,1.65,1.65,0.0,0.0
500b79cf7b2f48ea81cb2df23bb20f3a,4.507894556944373,12.059850745345068,10.866462165764897,0.15000000000000036,0.7308275919240041,1.0499009666686332,0.4798867785777689,0.030589485168458275,4.204153885360307,10.866462165764897,10.866462165764897,0.07500000000000018,0.7199545913615899,1.0536356000932832,0.45648436652980195,0.03107671737670925,4.507894556944373,4.204153885360307,0.30374067158406604,0.010873000562414248
50c8e5e559c64bf6af66d9dbd99b332d,1.66549730444827,5.091168824543139,5.091168824543139,0.9749999999999996,0.24093983480175796,0.43926686560288236,0.23323078919945744,0.12584409713744948,1.7404973044482699,5.091168824543139,5.091168824543139,0.9749999999999996,0.2547417449091933,0.3921235507244841,0.2756340847902362,0.15878591537475417,1.66549730444827,1.7404973044482699,-0.07499999999999996,-0.013801910107435367
5169b072b8b849f385fc16a8aa1756d0,1.4249999999999998,2.4000000000000057,0.0,0.0,0.3326504922237713,0.5827203193908208,0.15972010494043784,0.00847063064575293,1.35,2.4000000000000057,0.0,0.0,0.3218355184560794,0.5657397026051955,0.14325742247054843,0.007998418807983576,1.4249999999999998,1.35,0.07499999999999973,0.010814973767691916
516a9ea8a3fd4251937640cb1b414914,0.0,0.0,0.0,0.0,0.15126310643358395,0.23614770103055283,0.13093797767923523,0.005566978454590643,0.0,0.0,0.0,0.0,0.12206229015167583,0.183198811766815,0.11621217812148282,0.0050148010253918684,0.0,0.0,0.0,0.029200816281908126
518587efbd6d482b9ebeaee84ebbdce5,1.8243416490252566,4.800000000000001,4.800000000000001,0.15000000000000036,0.06371951732676326,0.12055875560810395,0.03658421433274135,0.00725140571594185,1.362170824512628,4.800000000000001,4.800000000000001,0.07500000000000018,0.0634609110361731,0.1381390963054513,0.12551089915117927,0.010560178756713334,1.8243416490252566,1.362170824512628,0.4621708245126286,0.0002586062905901576
5193a1bb5d334e09965d96d68f9c0573,0.0,0.0,0.0,0.0,0.31214716853281615,0.46516047616988015,0.25189819553264453,0.009952211380004794,0.0,0.0,0.0,0.0,0.2706810827450439,0.40297758225548164,0.2243838277424354,0.009636926651001243,0.0,0.0,0.0,0.04146608578777228
52161d1ba85140958bfb2fdedec3dd88,0.3177050983124844,2.6832815729997477,0.0,0.07500000000000018,0.08066905832207066,0.14200816433742314,0.07519373063801406,0.02233958244323775,0.3177050983124844,2.6832815729997477,0.0,0.07500000000000018,0.09264741194910953,0.15500216538954611,0.0885442451892356,0.023661518096924183,0.3177050983124844,0.3177050983124844,0.0,-0.011978353627038862
52780b1edf5d40f09611958e96aa9422,8.783736415196811,18.039955654047485,18.039955654047485,0.22500000000000053,0.7527793985460569,1.0661470906796402,0.3458286477780785,0.023902988433838424,9.08373641519681,18.039955654047485,18.039955654047485,0.22500000000000053,0.8670690450198159,1.2072639958130298,0.4529107196171576,0.019668817520140713,8.783736415196811,9.08373641519681,-0.29999999999999893,-0.11428964647375894
533d94f9d78547d19330af0bfb01d70d,0.7499999999999998,2.400000000000002,1.1999999999999957,0.0,0.04749255660276688,0.10923642470715822,0.06528439677623053,0.003046274185179776,0.7499999999999998,2.400000000000002,1.1999999999999957,0.0,0.04749255660276688,0.10923642470715822,0.06528439677623053,0.003046274185179776,0.7499999999999998,0.7499999999999998,0.0,0.0
53a3b6ba49af484d9d0bab0ffb9dea01,6.8249999999999975,17.999999999999996,0.0,0.0,1.2152073637538645,1.7687689848286636,0.7582918336906701,0.03658390045165971,12.449999999999998,27.599999999999998,27.599999999999998,0.0,1.4928439399353568,2.180698462995344,0.9429895305591334,0.04286055564880353,6.8249999999999975,12.449999999999998,-5.625,-0.2776365761814923
5408876a7e6b40f48511768b3bd28b55,1.35,4.799999999999997,1.2000000000000028,0.0,0.17317625898024966,0.29616934163693454,0.10539565516302743,0.007337951660157049,0.22499999999999964,1.2000000000000028,0.0,0.0,0.03690766574080723,0.08895683089247207,0.02727116423476777,0.006092262268067028,1.35,0.22499999999999964,1.1250000000000004,0.13626859323944243
5486abfaea0f40d68576ad5c3fff76c1,0.22499999999999987,1.2000000000000028,0.0,0.0,0.050909594123976165,0.13476404559723662,0.13476404559723662,0.010781478881837003,0.07499999999999996,1.1999999999999993,0.0,0.0,0.08289806473339967,0.18708491731869092,0.17782852098293828,0.012695217132568715,0.22499999999999987,0.07499999999999996,0.1499999999999999,-0.0319884706094235
5496fdeb89f04174a9eee1beeccc133e,2.669210920567043,21.732924331529798,21.732924331529798,2.4749999999999996,0.17674149622348553,0.23115180427068244,0.14115291307044842,0.15666732788085858,2.669210920567043,21.732924331529798,21.732924331529798,2.4749999999999996,0.15970993264877745,0.19877689382257493,0.14514208744632268,0.13835906982421875,2.669210920567043,2.669210920567043,0.0,0.017031563574708086
550eea84a6cd45f999241c3a168758b7,8.577777830223674,38.00065788904187,37.76903493604251,6.581249999999999,0.08691453484661965,0.21268550195264863,0.038580409440505156,0.06517181396484473,8.173890469688587,38.00065788904187,37.76903493604251,6.206249999999999,0.08138058258846698,0.17432436458068012,0.08718904442438095,0.06064138412475728,8.577777830223674,8.173890469688587,0.4038873605350872,0.0055339522581526746
5536c1c1f5774317914858dd4e5e7e3b,0.1499999999999999,1.2000000000000028,0.0,0.0,0.020665984981851036,0.0412153909692699,0.03523860501757104,0.0037136077880868257,0.1499999999999999,1.2000000000000028,0.0,0.0,0.02096224763784984,0.03597037988761128,0.03597037988761128,0.005598449707032049,0.1499999999999999,0.1499999999999999,0.0,-0.0002962626559988024
55a2bbbcad7b4781b5c8d13aacc87cd8,0.1499999999999997,1.1999999999999993,1.1999999999999957,0.0,0.0647458357339278,0.1671538035973968,0.025585043915220013,0.006253910064696999,0.1499999999999997,1.1999999999999993,1.1999999999999957,0.0,0.09252498682050753,0.20054623068970526,0.034828016633775494,0.0038166046142582566,0.1499999999999997,0.1499999999999997,0.0,-0.02777915108657973
55a857582dd4413a8d6fa6a7e46cf9c9,2.088165514312456,7.2993150363578625,7.2993150363578625,0.4499999999999993,0.15269032030088914,0.2533882978432802,0.2533882978432802,0.06559681892394975,2.654902743208453,20.435263639111678,20.435263639111678,1.1249999999999991,0.18319695232217148,0.2759563203714557,0.2759563203714557,0.05884637832641548,2.088165514312456,2.654902743208453,-0.5667372288959971,-0.030506632021282343
55e17afe991c4b6191fcbd8f1171f2c5,0.0,0.0,0.0,0.0,0.18235913377467228,0.29564607877850557,0.14596658007264657,0.007117080688475941,0.0,0.0,0.0,0.0,0.1187974761004154,0.18549077944848238,0.10688981701698304,0.00467791557311914,0.0,0.0,0.0,0.06356165767425688
56285ad5b65d46748442bbb0a756350a,16.349999999999998,31.2,31.2,0.0,1.987424533725024,2.913087901845534,1.0794372281920077,0.02697472572326598,14.924999999999999,29.999999999999996,29.999999999999996,0.0,1.9408912028363818,2.8706081795806346,1.080147289766746,0.027575254440307173,16.349999999999998,14.924999999999999,1.424999999999999,0.0465333308886422
56325f91831d44f9b6a6122b08178ae7,4.727203977444481,20.43526363911168,0.0,0.07500000000000018,0.4507130339262818,0.894880289219823,0.1350191296060099,0.02733392715454075,4.727203977444481,20.43526363911168,0.0,0.07500000000000018,0.4507130339262818,0.894880289219823,0.1350191296060099,0.02733392715454075,4.727203977444481,4.727203977444481,0.0,0.0
5634a399a72341d8bb4bbc19f395eeaf,4.085207247610617,25.056735621385318,25.056735621385318,1.1250000000000004,0.174170229903425,0.29225982597538974,0.07880466958383532,0.01292924880981472,0.9664762138029509,2.683281572999754,0.0,0.22500000000000053,0.24068364539413395,0.34799836070037876,0.1288856958941107,0.020322704315185458,4.085207247610617,0.9664762138029509,3.118731033807666,-0.06651341549070894
563cde34c60b4b2b99e1bc558ebcad2d,0.0,0.0,0.0,0.0,0.1661952210269757,0.2638029755269591,0.14335130467748475,0.00575294494628853,0.0,0.0,0.0,0.0,0.1089203912155093,0.16865993054310777,0.11014528292863339,0.0036927223205562854,0.0,0.0,0.0,0.05727482981146641
563f366e40784e9ea1b0a0bea1c57127,3.1499999999999986,6.0,4.799999999999997,0.0,0.24849498414417748,0.5751995870276766,0.03665225076872055,0.0066339969635005325,3.5249999999999995,6.0,6.0,0.0,0.37096840254542457,0.7834360039758389,0.09255155396318902,0.009061574935912642,3.1499999999999986,3.5249999999999995,-0.3750000000000009,-0.12247341840124709
5643ff5934fd47a8b2624fea0c5669bc,1.5749999999999997,6.0,3.6000000000000014,0.0,0.2130975574288147,0.4564980933763881,0.050888184074012785,0.00960602760314977,1.3499999999999996,3.6000000000000014,2.3999999999999986,0.0,0.18659945472446396,0.4040219945018801,0.04357327935250255,0.00833058357238814,1.5749999999999997,1.3499999999999996,0.2250000000000001,0.02649810270435074
56e47a0e044d4dd1857f569ff4561ffd,0.0,0.0,0.0,0.0,0.02802748055624069,0.08022449922060576,0.006725791961573472,0.005629348754883523,0.0,0.0,0.0,0.0,0.2728572621601396,0.4804687672762605,0.1710297235654452,0.013840198516846591,0.0,0.0,0.0,-0.24482978160389893
57043e509c994460a7fd69e213fafe9a,1.9499999999999995,3.6000000000000014,0.0,0.0,0.333139679171332,0.5591548174741441,0.12018142096320769,0.01834273338317871,1.4249999999999998,3.6000000000000014,0.0,0.0,0.2505321987138956,0.4554224128918039,0.07288784021588325,0.01985564231872461,1.9499999999999995,1.4249999999999998,0.5249999999999997,0.08260748045743643
5718fa033dad4893bd1f6e6720e5dd5a,0.849341649025257,3.7947331922020573,3.7947331922020573,0.15000000000000036,0.10077956370151149,0.2891489723182006,0.04523095388211734,0.008760023117066584,0.9749999999999996,2.3999999999999986,1.1999999999999957,0.0,0.14330575306695403,0.24800888650145886,0.08891394056376634,0.009482860565184659,0.849341649025257,0.9749999999999996,-0.12565835097474265,-0.04252618936544254
575b55e43b014b17850144a75d9b0424,0.0,0.0,0.0,0.0,0.1072115171144605,0.16386941472359978,0.08451047036150938,0.0075523853302010835,0.0,0.0,0.0,0.0,0.09354456083036078,0.17491427924775318,0.05623914084817882,0.007864522933960227,0.0,0.0,0.0,0.013666956284099724
57715cd92803407da7dcf8374cd9d2ca,1.2487711154904666,4.799999999999997,1.2000000000000028,0.15000000000000036,0.20037164561137932,0.2881192384845416,0.11294580072532168,0.014618396759033203,1.4371708245126285,3.7947331922020573,1.2000000000000028,0.07500000000000018,0.26139674262707735,0.35572065160672145,0.14877696753775976,0.01367497444152832,1.2487711154904666,1.4371708245126285,-0.18839970902216185,-0.06102509701569803
5796a821ea4545d3871c40299fb8c7bf,2.3486343732185575,4.947726750741191,4.947726750741191,0.6000000000000014,0.1561518918433874,0.22578414926783988,0.11061535281763131,0.021143102645873935,2.3486343732185575,4.947726750741191,4.947726750741191,0.6000000000000014,0.14095099371201064,0.21086742359659028,0.11051877975021493,0.020482063293456143,2.3486343732185575,2.3486343732185575,0.0,0.015200898131376761
57b1193e6b284ac8bbc41cc6a81255f9,0.49877111549046654,2.6832815729997477,0.0,0.15000000000000036,0.14757483328123788,0.2546487368489951,0.08530053616012759,0.020036315917970615,0.49877111549046677,2.6832815729997477,0.0,0.15000000000000036,0.13400518224819977,0.22918102064188098,0.07917651665113172,0.019265270233155274,0.49877111549046654,0.49877111549046677,-2.220446049250313e-16,0.013569651033038116
57e9d6ebb02a463b8b55456d6c6eb3f5,8.174999999999999,20.399999999999995,20.399999999999995,0.0,0.3504144991787582,0.4506306946894596,0.24835132275800384,0.018274354934691317,0.0,0.0,0.0,0.0,0.06329841460084643,0.08934574754396875,0.05416261700055459,0.01655774116516051,8.174999999999999,0.0,8.174999999999999,0.2871160845779118
58957a5e92194fe4b5aff9d2d1f92b4a,0.0,0.0,0.0,0.0,0.05214121199550048,0.1248192260100092,0.03723739751545231,0.006500959396362305,0.0,0.0,0.0,0.0,0.0915002849075621,0.1838235737964972,0.053316222858664504,0.00867662429809668,0.0,0.0,0.0,-0.039359072912061616
589cc3949362468b92173dbf93e3d369,0.44999999999999973,2.3999999999999986,1.2000000000000028,0.07500000000000018,0.045570891164461336,0.1021665587845929,0.054513981761972294,0.009770536422730292,0.2999999999999998,1.2000000000000028,1.2000000000000028,0.07500000000000018,0.046280167557194725,0.1294228371893561,0.04421086928490332,0.009787702560423384,0.44999999999999973,0.2999999999999998,0.1499999999999999,-0.0007092763927333892
58de3ce4790042c3bf3dec6d0a025264,0.8427050983124844,2.683281572999751,2.3999999999999986,0.07500000000000018,0.14900675512530168,0.3260342900617123,0.039046242221521935,0.018122148513794123,1.2354101966249682,2.683281572999751,2.3999999999999986,0.15000000000000036,0.1653608971453873,0.3071487146321362,0.12109644877451504,0.024427556991576616,0.8427050983124844,1.2354101966249682,-0.3927050983124838,-0.016354142020085616
59205838f45c438ba19dd90af9198b7a,0.44999999999999996,3.6000000000000014,1.1999999999999957,0.0,0.0711879583751295,0.09504105563600763,0.05000859278458696,0.004645586013793945,0.4500000000000002,3.6000000000000014,1.1999999999999957,0.0,0.02969901480723439,0.04172379799620964,0.03880959393844612,0.00528903007507342,0.44999999999999996,0.4500000000000002,-2.220446049250313e-16,0.04148894356789512
596345aa123b44a8a3df8078e1d98569,0.9092329219213242,4.947726750741196,4.947726750741196,0.07499999999999973,0.12311283870238046,0.20077149647475265,0.11488697579015449,0.010221719741820401,0.9092329219213242,4.947726750741196,4.947726750741196,0.07499999999999973,0.12967731543114963,0.20777947481870096,0.12145794458728777,0.01051697731017942,0.9092329219213242,0.9092329219213242,0.0,-0.00656447672876917
599a3e9956b74abd9a05ca4c84e61a11,1.0499999999999994,3.599999999999998,0.0,0.0,0.9152190282588364,1.32752155039078,0.5285836021377311,0.02290406227111852,1.649999999999999,4.799999999999997,0.0,0.0,0.9704632656184382,1.3871384574815204,0.5655863909179757,0.02377109527587873,1.0499999999999994,1.649999999999999,-0.5999999999999996,-0.05524423735960182
5a1c98e09a394ea39475d9fbd1d2d145,1.2749999999999997,4.799999999999997,4.799999999999997,0.0,0.16778428053687955,0.27982183707476016,0.17231606418929574,0.010686206817625887,0.9749999999999999,3.5999999999999943,0.0,0.0,0.15813703877325944,0.26411441482423964,0.17115886735363262,0.009830760955810813,1.2749999999999997,0.9749999999999999,0.2999999999999998,0.009647241763620112
5a6bd62f71a543bbb0b54ccd2f3db710,1.057426463519459,6.118823416311343,6.118823416311343,0.07500000000000018,0.15863041097295344,0.3637480345533226,0.046781989968849955,0.008748292922972745,0.5999999999999999,4.799999999999997,4.799999999999997,0.0,0.07381461470372391,0.20779244615325151,0.018663319072410648,0.005830621719359996,1.057426463519459,0.5999999999999999,0.45742646351945915,0.08481579626922953
5a882c92021848a8b9527a0b96ebbc4f,1.2000000000000002,3.5999999999999943,1.2000000000000028,0.0,0.25498565930326045,0.35428891682719804,0.2682557047366643,0.009379577636718484,1.0500000000000003,2.4000000000000057,1.2000000000000028,0.0,0.2444162562430675,0.3395195561550978,0.28407098047427615,0.009441375732421875,1.2000000000000002,1.0500000000000003,0.1499999999999999,0.010569403060192939
5aa9750752044ebd99eac6ae847bc75f,0.3750000000000009,1.2000000000000028,1.2000000000000028,0.15000000000000036,0.11213751908978817,0.20482547126806983,0.20482547126806983,0.020582342147828392,0.3750000000000009,1.2000000000000028,1.2000000000000028,0.15000000000000036,0.10896441929358089,0.17326805495398245,0.17326805495398245,0.022501230239868608,0.3750000000000009,0.3750000000000009,0.0,0.0031730997962072793
5ac8509410e14e0ea5423aff1584a723,0.2999999999999998,2.3999999999999986,1.2000000000000028,0.0,0.053999389612575444,0.10779663096618279,0.014608173346439888,0.002972602844237393,0.2999999999999998,2.3999999999999986,1.2000000000000028,0.0,0.07125479532217366,0.13202109003265394,0.0038059498247995922,0.003143262863158025,0.2999999999999998,0.2999999999999998,0.0,-0.017255405709598215
5ace0e45b44745db9dfe173a93266845,0.1499999999999999,1.1999999999999993,0.0,0.0,0.1426803769829913,0.27165781652710697,0.037928409791841845,0.00806150436401376,0.5249999999999997,3.599999999999998,0.0,0.0,0.1700229644890115,0.3185685760890207,0.05573837126364295,0.008137464523314986,0.1499999999999999,0.5249999999999997,-0.3749999999999998,-0.0273425875060202
5b44d3f063874f36a3b8ee5201957f93,0.6749999999999998,2.3999999999999986,2.3999999999999986,0.0,0.07438381214272952,0.1274361271422519,0.07917397151935929,0.0038203239440925962,0.6749999999999998,2.3999999999999986,2.3999999999999986,0.0,0.07438381214272952,0.1274361271422519,0.07917397151935929,0.0038203239440925962,0.6749999999999998,0.6749999999999998,0.0,0.0
5c15c019742a4c4197a45081e90fbce4,2.0250000000000004,8.399999999999999,8.399999999999999,0.0,0.25500729440031944,0.32933040790516155,0.1915192256677413,0.01745166778564533,1.4250000000000003,3.6000000000000014,3.6000000000000014,0.0,0.21978213877444716,0.28833928455384666,0.1481565926350658,0.013691854476929777,2.0250000000000004,1.4250000000000003,0.6000000000000001,0.03522515562587228
5c27d9133c86499fb9251624c0107207,0.46217082451262825,3.7947331922020506,3.7947331922020506,0.07500000000000018,0.05688287937810128,0.1735396886997352,0.0485100541164375,0.019891405105590287,0.6964037464339532,4.9477267507411975,3.7947331922020506,0.15000000000000036,0.048820071274344234,0.14233580436205434,0.047416401427217474,0.018494939804077237,0.46217082451262825,0.6964037464339532,-0.23423292192132494,0.008062808103757042
5d549f7113254e009216c95d9e09f27f,1.125,4.799999999999997,1.2000000000000028,0.0,0.1974438760556952,0.2564444824869533,0.16430987292032068,0.01904268264770481,2.106207189772367,7.299315036357867,7.299315036357867,0.07500000000000018,0.37976146481735973,0.5480281823125311,0.2828687381292401,0.028600072860716974,1.125,2.106207189772367,-0.9812071897723671,-0.18231758876166454
5e2be0b7e8c740f88bb7feac868b07e5,7.474356780123704,23.5762592452662,23.5762592452662,1.4249999999999996,0.7300751085261177,0.8412702211498376,0.6362641234551304,0.07883319854736426,0.8737711154904664,2.683281572999751,0.0,0.15000000000000036,0.31761488704842844,0.4714366088038573,0.347369542573523,0.0525950431823734,7.474356780123704,0.8737711154904664,6.600585664633237,0.41246022147768924
5e758b05fbff4f39b7c1df92cbc118d9,4.199999999999999,8.399999999999999,8.399999999999999,0.0,0.6552517536151766,1.0445661900977858,0.3268620610640809,0.019794273376463778,3.525,7.199999999999996,4.800000000000004,0.0,0.6118147249686957,1.0201442206375833,0.27634772410787245,0.024428987503051225,4.199999999999999,3.525,0.6749999999999994,0.04343702864648091
5ec11dd0aada4c219e7846253a4a3d8c,1.4249999999999996,4.800000000000001,1.1999999999999957,0.0,0.14419405914191213,0.2128107947541712,0.14113106306198014,0.011392593383789062,2.625,8.399999999999999,8.399999999999999,0.0,0.2607303916032001,0.3779525863909902,0.22272028559040327,0.012876892089842773,1.4249999999999996,2.625,-1.2000000000000004,-0.11653633246128797
5f56bd648377499c9f14edee6999a854,2.55,8.400000000000006,6.0,0.0,0.4180898781424967,0.7430920172347637,0.2328903654525207,0.013164281845091885,2.175,6.0,6.0,0.0,0.3264735814305332,0.628803813900776,0.14664394647043436,0.012449598312377574,2.55,2.175,0.375,0.09161629671196353
5fd3808fd2cb491db035ac88417692a3,0.5604101966249694,2.683281572999751,0.0,0.15000000000000036,0.16869061227831483,0.2870375725188569,0.12155570224840503,0.023322057723998313,0.5604101966249694,2.683281572999751,0.0,0.15000000000000036,0.16869061227831483,0.2870375725188569,0.12155570224840503,0.023322057723998313,0.5604101966249694,0.5604101966249694,0.0,0.0
600a692c948d45fb8f1a4706c3222eed,0.34877111549046624,2.6832815729997477,0.0,0.15000000000000036,0.0360677153995731,0.07533271562380534,0.024041896762959387,0.018454456329345614,0.34877111549046624,2.6832815729997477,0.0,0.15000000000000036,0.03825163427247653,0.08591737565748316,0.02329926445927183,0.017399597167969016,0.34877111549046624,0.34877111549046624,0.0,-0.00218391887290343
606a2c4b5e3c4dfd80601959be5e4cc1,10.68821452687683,19.809088823063014,19.202343606966313,2.4375,1.3713706186267192,1.9054406455607655,0.7836034898676904,0.02836546897888237,10.388214526876832,19.809088823063014,19.202343606966313,2.4375,1.4309916890722545,2.0008541947926277,0.8156688372674252,0.03919258117675861,10.68821452687683,10.388214526876832,0.29999999999999893,-0.05962107044553533
606d5e292a0043c388c4d81b7f71d84b,1.077379363649381,2.683281572999751,1.6970562748477156,0.75,0.13219199945867993,0.24851464294623649,0.06534975243471139,0.031123638153076172,0.9359031498464299,2.683281572999751,1.1999999999999993,0.4499999999999993,0.1226756392861442,0.23679649248162546,0.07499033350601675,0.0349431037902832,1.077379363649381,0.9359031498464299,0.14147621380295106,0.009516360172535737
61a557e5cbb9419eace28cff51ca9ee5,1.2749999999999992,2.3999999999999986,1.1999999999999993,0.0,0.27101370246685674,0.39482988678300984,0.12310570181301789,0.03410611152648935,2.521164609606622,4.947726750741191,4.947726750741191,0.3750000000000009,0.2619659529235818,0.38102176334974697,0.1342337789978875,0.03874711990356472,1.2749999999999992,2.521164609606622,-1.2461646096066226,0.009047749543274919
626e422f75ae4134b463f1dea455a492,0.4500000000000002,2.3999999999999986,2.3999999999999986,0.0,0.10510742209456712,0.1493404984646107,0.04000806646693959,0.0027857780456548298,0.8999999999999999,3.6000000000000014,3.6000000000000014,0.0,0.06682450722526573,0.17398132402566852,0.025986413604774054,0.002732992172240767,0.4500000000000002,0.8999999999999999,-0.44999999999999973,0.038282914869301396
62eb73669a3044359c48fb42fd21a694,0.0,0.0,0.0,0.0,0.25977200057759203,0.3671435339305855,0.24221446566496374,0.006070804595946555,0.0,0.0,0.0,0.0,0.2367244948326083,0.3343516910567102,0.22621788484339708,0.0047377109527571015,0.0,0.0,0.0,0.023047505744983737
63200db0d9f945fa899f191256269eca,8.024999999999999,17.999999999999996,0.0,0.0,0.22718491773525076,0.39273054235117805,0.05900986395848139,0.011212491989134765,0.2999999999999998,4.799999999999997,0.0,0.0,0.058533129806195294,0.11454706151677854,0.05068986306459519,0.0065342903137195485,8.024999999999999,0.2999999999999998,7.724999999999999,0.16865178792905547
635c71b91aaa4a5b9dd9b1ac32a1ac6f,1.5465668247996462,5.366563145999493,5.366563145999493,0.8249999999999993,0.2098517943985927,0.31027030635537195,0.1979497656078928,0.10093832015991389,1.5465668247996462,5.366563145999493,5.366563145999493,0.8249999999999993,0.2098517943985927,0.31027030635537195,0.1979497656078928,0.10093832015991389,1.5465668247996462,1.5465668247996462,0.0,0.0
63d21c73ba5f4a78acd5092fbb446339,0.21213203435596428,1.6970562748477156,0.0,0.15000000000000013,0.08234836466953185,0.16197351126203505,0.08859572157789969,0.024334573745727006,0.28713203435596446,1.6970562748477156,0.0,0.2250000000000003,0.08366423190056824,0.1634120394833251,0.09956055979859217,0.03138227462768439,0.21213203435596428,0.28713203435596446,-0.07500000000000018,-0.0013158672310363828
63e4740d689b4bc5b2ca179c69bb1dd7,2.6999999999999997,5.9999999999999964,3.6000000000000014,0.0,0.3965274186530208,0.5270262842054125,0.2605432647788428,0.007073593139648615,2.6999999999999997,5.9999999999999964,3.6000000000000014,0.0,0.3943918237686082,0.5282071132771226,0.2568302089640196,0.006279516220092596,2.6999999999999997,2.6999999999999997,0.0,0.002135594884412617
6426aa95c5da4dccaa6f5ac1e179cfae,0.9750000000000003,3.6000000000000014,1.2000000000000028,0.0,0.09294215299986144,0.13491006084294085,0.11762552590056415,0.004689788818359908,0.7499999999999998,3.6000000000000014,0.0,0.0,0.06695941725955172,0.11384032067035925,0.10789748885870902,0.004680204391479759,0.9750000000000003,0.7499999999999998,0.22500000000000053,0.025982735740309723
653b2b59f1e3486b96dc1a5845b32046,0.3871708245126285,3.7947331922020573,0.0,0.07500000000000018,0.07525411143485672,0.11201114360267797,0.06819506431813555,0.015274000167846857,0.5164762138029503,2.6832815729997477,0.0,0.22500000000000053,0.06130336144985577,0.1563112543280329,0.013663377590502703,0.010923099517822443,0.3871708245126285,0.5164762138029503,-0.12930538929032176,0.013950749985000947
653b3d6168cb4dd096cb5c32624fb697,0.0,0.0,0.0,0.0,0.07132881340551962,0.13959989337552095,0.038527911683005095,0.00749087333679288,0.0,0.0,0.0,0.0,0.07643585616064527,0.13851047866054728,0.04093764860781365,0.006368350982665749,0.0,0.0,0.0,-0.005107042755125649
653ef46de7224400b19122409763cf72,2.5500000000000007,4.800000000000004,0.0,0.0,0.4345861738178206,0.7568782517482988,0.13812123987880184,0.015381574630737749,3.0,6.0,3.6000000000000014,0.0,0.48652080101080364,0.7985276947796772,0.18830806025134125,0.023594856262206587,2.5500000000000007,3.0,-0.4499999999999993,-0.05193462719298303
65d1f31faea54d63b0095267afbda101,11.174999999999997,19.2,19.2,0.0,1.5345675234715717,2.214693205364626,1.0112631844073288,0.02990512847900284,11.024999999999999,19.2,19.2,0.0,1.497975202454737,2.173536819655203,0.9920977896633042,0.03097944259643537,11.174999999999997,11.024999999999999,0.14999999999999858,0.03659232101683463
65ec22d82e914d1f986dde7373e1e6a0,0.44999999999999996,1.2000000000000028,0.0,0.0,0.17746930231292696,0.29078567545922374,0.18212641717498101,0.008645582199097834,0.825,3.6000000000000014,3.6000000000000014,0.0,0.18752511248759068,0.3226213719254773,0.14781200400070457,0.010447883605958275,0.44999999999999996,0.825,-0.375,-0.010055810174663726
66c7080bb66c4ea0ab4b2f20978af34b,1.2214037464339538,4.9477267507411975,3.7947331922020573,0.15000000000000036,0.21561523072345495,0.3783958404593057,0.13399707002282157,0.00864372253418022,1.049302858868593,3.7947331922020573,3.7947331922020573,0.22500000000000053,0.18506372982001473,0.31048439753688484,0.17619181572213669,0.00998454093933221,1.2214037464339538,1.049302858868593,0.17210088756536068,0.03055150090344022
67966957238a437cb19455a6fa2e4066,0.7182368416906107,3.7947331922020506,3.7947331922020506,0.15000000000000036,0.0750371830868593,0.13773689524160668,0.07996191203160463,0.00757441520690838,0.4932368416906109,3.7947331922020506,3.7947331922020506,0.15000000000000036,0.02560241297286437,0.05931136003781589,0.018168045576290596,0.0027103900909426493,0.7182368416906107,0.4932368416906109,0.22499999999999987,0.049434770113994934
67eb4a6b67c04fadae51b6425cc939b1,0.0,0.0,0.0,0.0,0.22575069427074645,0.28385887823278483,0.2379281150667824,0.018062925338746094,0.0,0.0,0.0,0.0,0.22254722677659927,0.2740573224606139,0.22862085675007138,0.01602401733398473,0.0,0.0,0.0,0.003203467494147183
6803758a06ba45538e211682698d8f8a,2.5500000000000007,4.800000000000004,1.2000000000000028,0.0,0.46439456625315323,0.6769930484738423,0.3211384865948753,0.012759017944336204,2.775000000000001,4.800000000000004,1.2000000000000028,0.0,0.5056074125558,0.7181969832225081,0.41054064865854284,0.019796133041380504,2.5500000000000007,2.775000000000001,-0.2250000000000001,-0.041212846302646766
68316c596bf8486589c60a6663bfb55d,13.068294517882144,33.19036004625438,33.19036004625438,2.0062500000000005,0.4461407982996051,0.6723991591723326,0.3607468030039032,0.044895744323731,13.068294517882144,33.19036004625438,33.19036004625438,2.0062500000000005,0.4420838343432666,0.6773956040135743,0.331756492427349,0.04075741767883345,13.068294517882144,13.068294517882144,0.0,0.004056963956338533
689abe75535442ed8273862cbd602132,4.7677702648838025,34.12228011138763,34.12228011138763,2.2125,0.18601776851519863,0.3611160865851454,0.00812948200165549,0.007002639770508967,4.7677702648838025,34.12228011138763,34.12228011138763,2.2125,0.20570478091064512,0.3883739101503946,0.041495727686922376,0.007748222351074308,4.7677702648838025,4.7677702648838025,0.0,-0.019687012395446485
68ca352ad1c0437fb72ba8797d119287,11.399999999999999,31.2,8.399999999999999,0.0,1.1582378570746188,1.9141081962922373,0.4854718990411255,0.02528257369995135,10.875,28.8,6.0,0.0,1.04925784156237,1.7878170838712821,0.44212443143449204,0.02868275642395135,11.399999999999999,10.875,0.5249999999999986,0.1089800155122489
69185c833aa44a17b7e7e84560559285,0.2250000000000001,1.2000000000000028,0.0,0.15000000000000036,0.06217972103976509,0.10061731088220648,0.04889655668048721,0.01426520347595206,0.2250000000000001,1.2000000000000028,0.0,0.15000000000000036,0.05839154986007697,0.09000259667730638,0.042859584686682044,0.014414978027343484,0.2250000000000001,0.2250000000000001,0.0,0.0037881711796881185
69b813061efe46729c2e9535ab8ab9c2,0.0,0.0,0.0,0.0,0.17869263264155286,0.26675444997685993,0.16708074693481015,0.00568699836730957,0.0,0.0,0.0,0.0,0.12827591988974602,0.18409826156859416,0.13709813531937218,0.0040288925170894885,0.0,0.0,0.0,0.05041671275180684
69bc35440f5545169c6c29a713a138ce,1.4784040602489692,5.091168824543139,3.794733192202055,1.0499999999999994,0.11348724207815723,0.1636055208261015,0.1389240924669398,0.05592069625854457,1.3106989619364848,5.091168824543139,3.794733192202055,0.8999999999999995,0.10761478064536523,0.19804826852700416,0.16438242403108883,0.06154804229736355,1.4784040602489692,1.3106989619364848,0.16770509831248437,0.005872461432792006
6a13cea7802d4e03b4ff07b70d1571ed,0.7499999999999996,4.799999999999997,0.0,0.0,0.9056544780778716,1.4648112330046223,0.4460411228349377,0.01641540527343821,2.624999999999999,8.399999999999999,0.0,0.0,1.0225825019493402,1.6220857391572643,0.5233933841139283,0.009361982345581499,0.7499999999999996,2.624999999999999,-1.8749999999999996,-0.11692802387146861
6a5df9ab3df04fd680599b46ba6f0521,0.9225422309809325,2.6832815729997477,2.6832815729997463,0.44999999999999996,0.08977383691014323,0.1824051449145415,0.08978013204454785,0.05282649993896493,0.7859031498464307,2.6832815729997477,0.0,0.44999999999999996,0.07983557343025377,0.16260696167028885,0.07494375677193395,0.05221295356750488,0.9225422309809325,0.7859031498464307,0.13663908113450174,0.009938263479889464
6aa2c27de8ba46b9abcb1ad8c7837cfe,0.5342329219213243,4.947726750741191,4.947726750741191,0.07500000000000018,0.09423209358942698,0.24880288152792376,0.034572483960344416,0.011905860900878196,0.5342329219213243,4.947726750741191,4.947726750741191,0.07500000000000018,0.09423209358942698,0.24880288152792376,0.034572483960344416,0.011905860900878196,0.5342329219213243,0.5342329219213243,0.0,0.0
6be41080876f4c59af4345891c4328f3,0.07499999999999996,1.1999999999999993,0.0,0.0,0.40050408208588906,0.7886009242349221,0.16520691228725465,0.006050920486450728,0.2999999999999998,3.599999999999998,0.0,0.0,0.4495308127491514,0.9160383190301096,0.1965563249329354,0.009259271621702592,0.07499999999999996,0.2999999999999998,-0.22499999999999987,-0.04902673066326235
6cded1f1cbeb44b88d76f3dd85c06fbd,0.9750000000000003,3.6000000000000014,3.6000000000000014,0.0,0.20018648412526874,0.3471824750480076,0.09649588618127274,0.0051336765289309305,1.8000000000000003,4.800000000000004,4.800000000000004,0.0,0.25939483251404605,0.4212107538001617,0.17453437927155857,0.009641647338866743,0.9750000000000003,1.8000000000000003,-0.825,-0.05920834838877731
6e2711e1505c4acfaa5bb1d79ace05ed,2.7912066067846686,9.67470929795826,9.67470929795826,0.22500000000000053,0.2859481964670848,0.4713103753823725,0.1610466316979679,0.023466682434081676,3.693449096311635,14.449913494550753,14.449913494550753,0.3000000000000007,0.3895480043424513,0.6107923057294606,0.27055034964142943,0.026559019088745472,2.7912066067846686,3.693449096311635,-0.9022424895269663,-0.10359980787536649
6ec86a533070404ca326ec81bac56bbc,0.4677050983124843,2.6832815729997477,0.0,0.07500000000000018,0.09170488706652233,0.12228340301607159,0.03717239280637081,0.008542442321777255,0.8737711154904668,2.6832815729997477,2.3999999999999986,0.22500000000000053,0.14092646935051512,0.21940744381722305,0.0675260547570302,0.0131883144378655,0.4677050983124843,0.8737711154904668,-0.4060660171779825,-0.04922158228399279
6f05e39206eb464899af5b062d2902ec,1.3499999999999999,3.6000000000000014,3.6000000000000014,0.0,0.16381262288573645,0.21197152567923364,0.14122245057052546,0.009374713897706055,2.175,4.800000000000004,4.799999999999997,0.0,0.30563964937179827,0.3892149060659916,0.2632452798152532,0.011260557174682884,1.3499999999999999,2.175,-0.825,-0.14182702648606182
6f6cd9a49cf54406ae7dd95ca05f863b,0.2999999999999998,3.599999999999998,0.0,0.0,0.7079238900754512,1.1824086684915434,0.3062517789501955,0.0069113731384295995,0.0,0.0,0.0,0.0,0.36171115112736507,0.6959863443075333,0.11875158415933525,0.005476427078248136,0.2999999999999998,0.0,0.2999999999999998,0.34621273894808613
709fdcf523f34add92cdaf554a2de263,0.4810660171779825,2.3999999999999986,0.0,0.07500000000000018,0.03925454639825136,0.07984414600306451,0.03203841992705766,0.003259277343751421,0.675,2.3999999999999986,1.2000000000000028,0.0,0.054356225555873994,0.15103699702445122,0.025724241641247893,0.004406833648681996,0.4810660171779825,0.675,-0.19393398282201757,-0.015101679157622637
71d2344c7c5148b2b92dcead750eaaa2,0.0,0.0,0.0,0.0,0.18370684644596447,0.284460179229507,0.16658562378573086,0.0062988281250007105,0.0,0.0,0.0,0.0,0.14528272355039107,0.22044290447128306,0.14362738624165652,0.004228162765502752,0.0,0.0,0.0,0.0384241228955734
72ba4011f3b74fbea1fb0ceba50fa269,2.2813319654509283,30.501311447214853,30.501311447214853,1.2,0.041753377075305326,0.07821821042081958,0.04721192649902554,0.011455106735228426,2.206331965450928,30.501311447214853,30.501311447214853,1.2,0.032625764304749706,0.06218282359193369,0.05167823306335191,0.009595012664793678,2.2813319654509283,2.206331965450928,0.07500000000000018,0.00912761277055562
72fd091c31f045af91479e7fdb6c0488,1.812170824512629,3.7947331922020573,3.6000000000000014,0.07500000000000018,0.24333125946153222,0.4714420600977799,0.038715576545652754,0.004035615921020863,1.243236841690611,3.7947331922020573,0.0,0.15000000000000036,0.18193160659530228,0.3209770843402008,0.07831272661662811,0.01001801490783727,1.812170824512629,1.243236841690611,0.5689339828220179,0.06139965286622995
740d2cd12a3645fba72ced34b29f22fa,0.9749999999999999,2.3999999999999986,2.3999999999999986,0.0,0.10126431427199759,0.11860069643166747,0.052086686624917604,0.004255199432372514,0.9749999999999999,2.3999999999999986,2.3999999999999986,0.0,0.09029270252073372,0.11077245154938331,0.047668751313966716,0.003948926925658736,0.9749999999999999,0.9749999999999999,0.0,0.010971611751263863
749bde81e6dd4c6391d133727974e1b1,2.3999999999999995,10.799999999999997,0.0,0.0,0.05955896183423915,0.10291315270867908,0.07630329705334839,0.004099988937378285,1.7249999999999994,10.799999999999997,0.0,0.0,0.07776285121460136,0.14301613315377834,0.018109775373601426,0.005291891098022639,2.3999999999999995,1.7249999999999994,0.675,-0.018203889380362208
7659f125cc914b9b8be91ec5618e4cb2,3.238633653291825,7.299315036357863,4.799999999999997,0.15000000000000036,0.6204423758940212,1.0162450211064946,0.34506540495907284,0.026741409301759056,3.238633653291825,7.299315036357863,4.799999999999997,0.15000000000000036,0.6204423758940212,1.0162450211064946,0.34506540495907284,0.026741409301759056,3.238633653291825,3.238633653291825,0.0,0.0
76d8b30f25c64ee4a85b5ee7a2ce55b6,0.7500000000000004,3.6000000000000014,3.6000000000000014,0.0,0.11514705104147346,0.1639460053635498,0.08773920605751241,0.002229595184326083,0.375,1.2000000000000028,0.0,0.0,0.028587082732308547,0.06376923673573731,0.0022442573057627033,0.00199728012085032,0.7500000000000004,0.375,0.37500000000000044,0.08655996830916492
76ed31da2e6b4a60986764cb6dd79c0f,2.924999999999998,4.799999999999997,4.799999999999997,0.0,0.3234748493485563,0.6236519355165885,0.13457632332765676,0.04360098838806037,2.7749999999999986,4.799999999999997,4.799999999999997,0.0,0.33789746814827976,0.67501541933206,0.15796468603030758,0.038888740539549715,2.924999999999998,2.7749999999999986,0.14999999999999947,-0.014422618799723452
76f8c42e97c743c69bcbf8971e48277d,1.0604733341275037,10.322790320451151,0.0,0.5250000000000004,0.08878205775668488,0.15067734873031752,0.09464622005528556,0.009334945678709516,0.521364956277289,4.947726750741191,0.0,0.22500000000000053,0.07838104243654469,0.12864452470132337,0.10004341423611368,0.010355758666991566,1.0604733341275037,0.521364956277289,0.5391083778502147,0.010401015320140192
79025431db8a4c8083c4e381d9704e62,3.158307770720612,10.866462165764897,0.0,0.15000000000000036,1.0490068191539095,1.7365028039275556,0.5405345931235767,0.043892526626586825,12.0901119232987,22.8,22.8,0.3000000000000007,1.2220751642014507,1.9146273217428738,0.6845037940682016,0.04427762031555149,3.158307770720612,12.0901119232987,-8.931804152578088,-0.1730683450475412
792657eb1818482e9f4a1271eccbf16c,2.714852927038918,6.118823416311343,6.118823416311343,0.15000000000000036,0.4015656695307481,0.661808521058661,0.20697792286498976,0.018503808975219638,2.6416593854407835,6.118823416311343,6.118823416311343,0.15000000000000036,0.36577195954227265,0.6435102472211609,0.11093094365212472,0.018351602554322,2.714852927038918,2.6416593854407835,0.07319354159813463,0.035793709988475475
79caf3784b924bcfb74d2676c3b5dcdb,1.711644035369829,6.118823416311343,6.118823416311343,0.3750000000000009,0.19641442337073017,0.3182271506266614,0.18686248697316343,0.034421253204346414,1.3495190413714062,4.947726750741191,4.947726750741191,0.3750000000000009,0.16251554750065011,0.2603212873047626,0.15514357946466778,0.029528617858887163,1.711644035369829,1.3495190413714062,0.3621249939984228,0.03389887587008006
79f89a9310a54fcabd0f6094505ff56f,0.9749999999999994,2.3999999999999986,1.1999999999999993,0.0,0.24390295099664028,0.3238908606604197,0.160826423806931,0.07614426612854075,0.9749999999999994,2.3999999999999986,1.1999999999999993,0.0,0.24390295099664028,0.3238908606604197,0.160826423806931,0.07614426612854075,0.9749999999999994,0.9749999999999994,0.0,0.0
7a9d91fd79b2443fbba1de438a03af4f,0.0,0.0,0.0,0.0,0.17563983737269528,0.2759341915825075,0.15049629806038858,0.006828832626343484,0.0,0.0,0.0,0.0,0.12492761280753599,0.18052104841529704,0.13104211122481507,0.004536151885986772,0.0,0.0,0.0,0.050712224565159295
7b06c6bd641e4060a607f3db4d3c3109,12.749999999999998,23.999999999999996,23.999999999999996,0.0,1.4649761838986866,1.9977515191271267,0.8843533931392029,0.02589297294616788,12.749999999999998,23.999999999999996,23.999999999999996,0.0,1.4200645877034574,1.9394837470564268,0.8402267443363314,0.02220096588134801,12.749999999999998,12.749999999999998,0.0,0.04491159619522911
7b17bccd20f74011b8a87be053c2ce3b,2.4749999999999988,3.599999999999998,3.599999999999998,0.0,0.13964733551950478,0.3001240319491079,0.10858726496037671,0.056682014465332387,2.4749999999999988,3.599999999999998,3.599999999999998,0.0,0.1061594395103414,0.15246756555895669,0.12849935923092037,0.050031709671020774,2.4749999999999988,2.4749999999999988,0.0,0.03348789600916338
7b37b37119f54b08ba9131dd4e79c617,9.224999999999998,17.999999999999996,17.999999999999996,0.0,0.7979963463778006,1.2769904347629542,0.5539631203067236,0.021972513198853072,10.349999999999998,19.2,19.2,0.0,0.9547886082060033,1.4979195201784605,0.6199366605051011,0.022324848175047762,9.224999999999998,10.349999999999998,-1.125,-0.15679226182820272
7c876ea78f93425dbda4043635da911f,3.0,6.0,6.0,0.0,0.41148648930555454,0.6617841115230363,0.20165574881791823,0.014456176757812411,3.246060116811284,7.299315036357867,6.118823416311343,0.22500000000000053,0.44496526742621256,0.7187771018963441,0.17473992619220735,0.016401958465575905,3.0,3.246060116811284,-0.24606011681128415,-0.033478778120658026
7cb395fbcc7341eba0e4a2fb34cc072c,1.1036082481589156,2.6832815729997477,0.0,0.3750000000000009,0.05837385760298106,0.1150031044539778,0.011590243737031944,0.03563518524169895,0.6621320343559641,1.697056274847718,0.0,0.15000000000000036,0.08594702913287272,0.1778413839007736,0.030256845557408138,0.021999263763427646,1.1036082481589156,0.6621320343559641,0.44147621380295143,-0.02757317152989166
7d18f7f2cb6a4fd0b4930d81d1f89103,0.675,3.6000000000000014,0.0,0.0,0.12018776571826592,0.21753292755025666,0.08596990089669376,0.0031581401824949396,0.1499999999999999,1.2000000000000028,0.0,0.0,0.07352084510772902,0.16567754412462907,0.16567754412462907,0.004304981231689986,0.675,0.1499999999999999,0.5250000000000001,0.0466669206105369
7db920e252e9423d87f2f64150e8718c,2.356066017177982,6.0,4.799999999999997,0.07500000000000018,0.2578650584829141,0.3589116335487407,0.19130844556439544,0.011749792098998846,3.4182368416906104,6.0,6.0,0.15000000000000036,0.4061870363130089,0.505886870301723,0.3641884394665086,0.01955351829528862,2.356066017177982,3.4182368416906104,-1.0621708245126285,-0.14832197783009482
7dddea6427974dd9bc7ba2e000ea3983,0.0,0.0,0.0,0.0,0.6103537847611282,0.828224102917984,0.4392301272186543,0.022412824630737127,0.0,0.0,0.0,0.0,0.560624430400021,0.76338130218216,0.41092655971715325,0.01903338432312074,0.0,0.0,0.0,0.04972935436110726
7ecb580f0a0245429aa19ab1f6f6e07e,0.16770509831248423,2.6832815729997477,0.0,0.07500000000000018,0.21165908829135516,0.360796349460758,0.14881191604217495,0.12251715660095108,0.16770509831248423,2.6832815729997477,0.0,0.07500000000000018,0.41863134232902005,0.7408417360626801,0.20804961575280287,0.15617752075195224,0.16770509831248423,0.16770509831248423,0.0,-0.2069722540376649
7efe61368c96401e9cba997bddcdc71a,0.0,0.0,0.0,0.0,0.13701744418572528,0.20718973251281003,0.13939012666099104,0.016713523864745117,0.0,0.0,0.0,0.0,0.1283903224739647,0.18784402650775864,0.12027274972634805,0.0128587245941163,0.0,0.0,0.0,0.008627121711760583
7f5f3e618b814a31b6256c102ddf201e,0.6121708245126284,3.7947331922020573,0.0,0.07500000000000018,0.08860953547918742,0.17296156595496084,0.05254852307682821,0.01455330848693892,0.6871708245126283,3.7947331922020573,0.0,0.07500000000000018,0.1047844389618951,0.21009724298355542,0.039216053516660875,0.01477060317993173,0.6121708245126284,0.6871708245126283,-0.07499999999999996,-0.016174903482707684
7fc95c470aa74e908ac33c495cf86574,0.6749999999999996,4.799999999999997,0.0,0.0,0.3329754364368339,0.4739413153586255,0.21035879663201906,0.026698207855224698,0.44999999999999973,3.599999999999998,0.0,0.0,0.3451455142521819,0.5149984460748421,0.19597609177605815,0.025191593170166726,0.6749999999999996,0.44999999999999973,0.22499999999999987,-0.012170077815347957
7fe54162bbf24e33950af4742c636f20,2.568621569317099,8.399999999999999,8.399999999999999,0.22500000000000053,0.14712484400228804,0.18559799160464502,0.12479100823991382,0.027542924880979758,2.568621569317099,8.399999999999999,8.399999999999999,0.22500000000000053,0.14712484400228804,0.18559799160464502,0.12479100823991382,0.027542924880979758,2.568621569317099,2.568621569317099,0.0,0.0
8039177444ce4a1c9c2998c8268f5237,1.4250000000000005,3.6000000000000014,3.6000000000000014,0.0,0.17799408392309496,0.28168256464077357,0.28168256464077357,0.011624479293823153,2.8592329219213255,9.600000000000001,9.600000000000001,0.07500000000000018,0.34951282660016203,0.41088940054910267,0.37869788597357085,0.012233304977417259,1.4250000000000005,2.8592329219213255,-1.434232921921325,-0.17151874267706707
803f08d2e3d74ba7ac19b4d91b6c7e53,0.8652473292934166,2.6832815729997477,0.0,0.37499999999999956,0.11237546376336083,0.21325733353573548,0.052027776914743244,0.08316478729248056,0.8652473292934166,2.6832815729997477,0.0,0.37499999999999956,0.11237546376336083,0.21325733353573548,0.052027776914743244,0.08316478729248056,0.8652473292934166,0.8652473292934166,0.0,0.0
805679273e9d4b6c8db969928e9b2587,0.2427050983124842,2.6832815729997446,0.0,0.07499999999999973,0.074572181840526,0.16382740229592427,0.02010755587586897,0.006901931762694602,0.3927050983124841,2.6832815729997446,0.0,0.07499999999999973,0.05033238163987053,0.16256922582851713,0.03763958444707356,0.005897855758667525,0.2427050983124842,0.3927050983124841,-0.1499999999999999,0.02423980020065547
807d3467e0b843d489586bdbe93530cb,2.0250000000000004,4.799999999999997,4.799999999999997,0.0,0.37254053791421615,0.6562342289842741,0.16802173117150265,0.016363191604614524,2.0250000000000004,4.799999999999997,4.799999999999997,0.0,0.37254053791421615,0.6562342289842741,0.16802173117150265,0.016363191604614524,2.0250000000000004,2.0250000000000004,0.0,0.0
81033e9ff91d4df08078bf3566a8157b,0.07499999999999973,1.1999999999999957,0.0,0.0,0.05172091290795136,0.10109715709378443,0.03960894652140629,0.005276155471801047,0.2999999999999994,2.3999999999999986,0.0,0.0,0.09416404271987165,0.15241050092300829,0.07087932577348445,0.006763315200804865,0.07499999999999973,0.2999999999999994,-0.22499999999999964,-0.04244312981192029
81458d7c63ee40afba6d143188cebaa2,1.5121708245126277,3.7947331922020573,2.3999999999999986,0.07500000000000018,0.246545515856717,0.3422795425730504,0.17258300258476053,0.01159172058105451,1.1371708245126282,3.7947331922020573,2.3999999999999986,0.07500000000000018,0.18207572691990823,0.26866978037997435,0.09902870062660896,0.006160783767700018,1.5121708245126277,1.1371708245126282,0.37499999999999956,0.06446978893680877
81938c27da814c1eb2b293acc618ab2c,3.688633653291826,7.299315036357867,4.799999999999997,0.15000000000000036,0.6535117971433966,1.082177661256507,0.4168049617831255,0.02663254737853915,3.688633653291826,7.299315036357867,4.799999999999997,0.15000000000000036,0.6599857703107362,1.0902211856736728,0.4238581772288852,0.026885890960692382,3.688633653291826,3.688633653291826,0.0,-0.006473973167339664
81f25e25111a4b1aaa4771846c96e99f,7.425,13.2,12.000000000000004,0.0,0.9596240356949767,1.387047912890685,0.6801444567196574,0.016675615310668856,8.325,20.400000000000002,20.400000000000002,0.0,1.0580271971295696,1.523354348288415,0.758650688648736,0.01932721138000515,7.425,8.325,-0.8999999999999995,-0.09840316143459293
8221d1f0021547b2bfce855a76875cc2,3.675,7.200000000000003,4.799999999999997,0.0,0.4804785750512206,0.640510182184215,0.278121129086705,0.013749504089354936,3.975,8.399999999999999,8.399999999999999,0.0,0.49236948221679044,0.6609161186120494,0.2883618580102949,0.014221858978272106,3.675,3.975,-0.30000000000000027,-0.011890907165569842
82df337a49274400944eaea41669daa3,6.224999999999998,9.599999999999998,7.199999999999999,0.0,1.0555534560148423,1.439797777255446,0.6358210931142224,0.03077802658081108,4.499999999999999,6.0,6.0,0.0,0.8996254496091752,1.276180496620598,0.5281226697045371,0.04399266242981037,6.224999999999998,4.499999999999999,1.7249999999999988,0.15592800640566706
82fb5760e07b475d8294cc3799470b2b,0.0,0.0,0.0,0.0,0.34315768373128985,0.44641338637286065,0.3058480782039454,0.009080028533934303,0.0,0.0,0.0,0.0,0.34706833650455804,0.45611118749310964,0.2856642462822588,0.006742429733276989,0.0,0.0,0.0,-0.003910652773268186
85259150adbf4cdfab72f9cc07c0702e,0.912170824512628,3.7947331922020506,3.5999999999999943,0.15000000000000036,0.021272959432210137,0.06069277437393242,0.012806540876452336,0.003545665740967152,1.4172369593331158,4.947726750741191,4.947726750741191,0.3000000000000007,0.18466284295439278,0.2917072838044522,0.12290896214181801,0.010635423660277254,0.912170824512628,1.4172369593331158,-0.5050661348204878,-0.16338988352218264
856fbf13b0cf44c7a8d7e6ec97893845,1.734232921921325,4.9477267507411975,2.3999999999999986,0.07500000000000018,0.27882963683539475,0.47781194214015454,0.17798218929361723,0.009124803543091087,1.209232921921325,4.9477267507411975,0.0,0.07500000000000018,0.2012233566280883,0.37267159555352436,0.06362679702194332,0.007229375839233221,1.734232921921325,1.209232921921325,0.5250000000000001,0.07760628020730645
85849bb757314a45996d41fce0f11fc6,0.8121320343559644,1.6970562748477156,1.1999999999999957,0.15000000000000036,0.19356605358183498,0.29736401109183147,0.12917593517910503,0.02520446777343821,0.5121320343559645,1.6970562748477156,1.1999999999999957,0.15000000000000036,0.1598514634815854,0.25070081157411317,0.10496600829934369,0.024719381332397372,0.8121320343559644,0.5121320343559645,0.2999999999999998,0.033714590100249575
8655e2cb43214558b53abba4842f3115,0.8250000000000006,3.6000000000000014,1.2000000000000028,0.15000000000000036,0.1319362003236961,0.2571014850315363,0.03990637323014532,0.01385350227355886,1.5000000000000004,3.6000000000000014,1.2000000000000028,0.15000000000000036,0.2104312286869302,0.38554266195219944,0.08525723482791651,0.016777753829954722,0.8250000000000006,1.5000000000000004,-0.6749999999999998,-0.0784950283632341
86b70d00d4eb420d859c3c6024e256d6,0.8371708245126287,3.7947331922020573,0.0,0.07500000000000018,0.0869715474234691,0.13708311954392788,0.08481692189492489,0.006859874725341886,0.8371708245126287,3.7947331922020573,0.0,0.07500000000000018,0.10823357573339712,0.175377972654653,0.09008058157787743,0.006778764724732156,0.8371708245126287,0.8371708245126287,0.0,-0.021262028309928016
86fa742785964db9b2368e490597a22f,0.1499999999999999,1.2000000000000028,0.0,0.0,0.01951239624574527,0.039194435655860435,0.039194435655860435,0.005516195297240678,0.1499999999999999,1.2000000000000028,0.0,0.0,0.01951239624574527,0.039194435655860435,0.039194435655860435,0.005516195297240678,0.1499999999999999,0.1499999999999999,0.0,0.0
87b99fdfba2b42fb97f70e2f24ffe151,0.30000000000000027,3.6000000000000014,3.6000000000000014,0.0,0.023972427776669518,0.05439826664221412,0.00925328274785524,0.0010223865509026986,0.6750000000000005,3.6000000000000014,3.6000000000000014,0.0,0.08763688536073105,0.18318102497967453,0.014383526249007782,0.00567440986633283,0.30000000000000027,0.6750000000000005,-0.3750000000000002,-0.06366445758406153
8872619e5c784e15a0daf988306fb19f,9.757376369393812,20.435263639111675,20.435263639111675,0.22500000000000053,1.2688994046164652,1.7582697961548899,0.7731358393532527,0.02459292411804226,10.20696677603897,22.83155710852854,22.83155710852854,0.22500000000000053,1.315221790991553,1.8055218067432552,0.8209838864067862,0.02650079727172905,9.757376369393812,10.20696677603897,-0.44959040664515726,-0.046322386375087676
89440fe76105478cba552b4a40f0c3b7,0.375,2.3999999999999986,0.0,0.0,0.0438991955388308,0.13492325154697754,0.13492325154697754,0.012075662612914595,0.30000000000000004,2.3999999999999986,0.0,0.0,0.05400242350252085,0.08829907011221812,0.08829907011221812,0.013129949569701704,0.375,0.30000000000000004,0.07499999999999996,-0.01010322796369005
89b1255f0e1d4cf9ad275736c8c38865,0.0,0.0,0.0,0.0,0.06103946270527023,0.12719813130572888,0.025663263964971594,0.006966876983643289,0.0,0.0,0.0,0.0,0.11077716660731973,0.2165812301218876,0.056933424546168294,0.009169149398803977,0.0,0.0,0.0,-0.049737703902049506
8bc4d49b04884b7e86491abb0cbee618,1.4249999999999992,3.599999999999998,0.0,0.0,0.48759846981236543,0.640824256911066,0.35742705426411525,0.11404008865356463,1.4249999999999992,3.599999999999998,0.0,0.0,0.5232484530880893,0.6954092982372185,0.3731584883096054,0.1108376026153568,1.4249999999999992,1.4249999999999992,0.0,-0.035649983275723884
8c0306a02d1c4711bcaa839976760ef1,1.5181980515339473,7.200000000000003,7.200000000000003,0.22500000000000053,0.12081408918224751,0.19425459267073233,0.07074229384763758,0.02887673377990696,1.5181980515339473,7.200000000000003,7.200000000000003,0.22500000000000053,0.1329546555277143,0.20916728887807584,0.07990845530471541,0.02680091857910183,1.5181980515339473,1.5181980515339473,0.0,-0.012140566345466786
8c055f196cfb432caa9b35fa1bae56d7,1.7999999999999996,4.799999999999997,1.2000000000000028,0.0,0.30368094235016013,0.42016493124991017,0.24065222342822035,0.008125019073486506,3.003119593409422,14.449913494550753,14.449913494550753,0.07500000000000018,0.30320423382438705,0.44716789378534144,0.3028260053440202,0.013801145553589134,1.7999999999999996,3.003119593409422,-1.2031195934094223,0.0004767085257730841
8c995fe75e4b40898d4926d01156db02,1.2310660171779824,3.6000000000000014,1.697056274847713,0.07500000000000018,0.13213908905057034,0.33285504257006077,0.02250483453953823,0.010805797576904475,0.7810660171779823,2.400000000000002,1.697056274847713,0.07500000000000018,0.18032432141695465,0.4315938656205514,0.047546604392269244,0.009243106842041549,1.2310660171779824,0.7810660171779823,0.45000000000000007,-0.048185232366384306
8cfd3e3b15bf419eb8a6bd0e06e787ff,2.0999999999999996,3.6000000000000014,3.6000000000000014,0.0,0.4270304806874665,0.6386393564972832,0.3296345056473418,0.014377069473267667,2.25,4.799999999999997,2.3999999999999986,0.0,0.5206496164258616,0.7574069081369657,0.3972270841913462,0.01505413055419913,2.0999999999999996,2.25,-0.15000000000000036,-0.09361913573839509
8d2452eac7554346a408ab1a938ce31e,0.10606601717798206,1.697056274847713,0.0,0.07500000000000018,0.02959234385814103,0.0806733276758962,0.011161040842545327,0.007567119598388405,0.0,0.0,0.0,0.0,0.039455904323189295,0.08657794479317131,0.020528900679965174,0.006808948516846769,0.10606601717798206,0.0,0.10606601717798206,-0.009863560465048264
8d3c79e6f9b047c88cf4109f75c9f6c6,0.49877111549046677,2.6832815729997477,2.6832815729997477,0.15000000000000036,0.06568116779118079,0.13791049151081927,0.019662846883381307,0.011126661300659091,0.573771115490467,2.6832815729997477,2.6832815729997477,0.15000000000000036,0.11983471444459744,0.24028514822344182,0.048906542870263074,0.017337369918823953,0.49877111549046677,0.573771115490467,-0.07500000000000023,-0.05415354665341665
8dba119ee80b45f4ad16df7fc75ee472,0.75,3.6000000000000014,3.6000000000000014,0.0,0.14508843346773448,0.30007373196357506,0.02330975195022804,0.008942127227783647,1.1250000000000002,3.6000000000000014,3.6000000000000014,0.0,0.1978039678288427,0.3879089200161867,0.06472719221911022,0.015795421600341975,0.75,1.1250000000000002,-0.3750000000000002,-0.05271553436110821
8dd94dc47c0249abb3430ea2da1358cd,0.7500000000000002,3.6000000000000014,3.6000000000000014,0.0,0.13134389348630843,0.29179365521832,0.048559651871007345,0.004000282287598189,0.7500000000000002,3.6000000000000014,3.6000000000000014,0.0,0.13134389348630843,0.29179365521832,0.048559651871007345,0.004000282287598189,0.7500000000000002,0.7500000000000002,0.0,0.0
8ebc4595468e47979c938ff9b24e5ca3,0.0,0.0,0.0,0.0,0.06623848197761562,0.1172364621025565,0.05182072396807147,0.0036324977874744313,0.0,0.0,0.0,0.0,0.28936137500657844,0.3905603123814639,0.22206617114953608,0.009115791320800426,0.0,0.0,0.0,-0.22312289302896282
900b25becd3a440fb4760059f0bc236e,0.0,0.0,0.0,0.0,0.02137610013788581,0.04313505719854785,0.008737817621957564,0.006091117858887163,0.0,0.0,0.0,0.0,0.061707376504314126,0.13229445149034005,0.016461650886252087,0.008050489425659446,0.0,0.0,0.0,-0.04033127636642832
900bef6496fd4df5a3c9a639e8d9750d,1.35,3.6000000000000014,1.2000000000000028,0.0,0.20505150933552457,0.39944846116837596,0.08161571491765413,0.002204418182373491,1.35,3.6000000000000014,1.2000000000000028,0.0,0.20505150933552457,0.39944846116837596,0.08161571491765413,0.002204418182373491,1.35,1.35,0.0,0.0
9027c52e22a64eb38ad6ab68a5c2ffc3,2.6836484294913743,6.4621977685614045,5.366563145999499,0.9749999999999994,0.24707028785663016,0.30316637389318624,0.24852691943664984,0.11060743331909118,2.392665168909886,6.4621977685614045,1.6970562748477156,0.8999999999999995,0.24534803887621473,0.30296244061162814,0.24159291708430128,0.11881227493286106,2.6836484294913743,2.392665168909886,0.29098326058148816,0.001722248980415425
903f048a82d74748829792c21c579883,0.75,1.2000000000000028,0.0,0.0,0.164971507660316,0.2786842542441891,0.047078268800325326,0.002138042449950195,0.8250000000000002,1.2000000000000028,0.0,0.0,0.1961937633537722,0.33280717360027223,0.0630954584666908,0.0014114856719968927,0.75,0.8250000000000002,-0.07500000000000018,-0.031222255693456186
904fca52c0b141378d27a76c5e19b613,0.1499999999999999,1.1999999999999993,0.0,0.0,0.06110382142107293,0.11537233390833272,0.07386600070619376,0.006406831741333274,0.375,2.400000000000002,0.0,0.0,0.08556713259617636,0.15621669713149466,0.11750292848713101,0.0064132690429690165,0.1499999999999999,0.375,-0.2250000000000001,-0.024463311175103433
9071d11218e746edbab4006a7bd7322b,2.267705098312484,7.200000000000003,3.6000000000000014,0.07500000000000018,0.2384357653770223,0.4679208691618344,0.03102740985321023,0.021568107604979847,1.7249999999999992,3.6000000000000014,2.3999999999999986,0.0,0.41114509031403235,0.7204747517675637,0.18807933525057524,0.02045946121215758,2.267705098312484,1.7249999999999992,0.5427050983124846,-0.17270932493701005
9165015b97254c078758133676e17804,0.9000000000000001,2.4000000000000057,1.1999999999999957,0.0,0.12372884959450965,0.25851041365974486,0.10284122788638445,0.007314062118530806,1.425,4.799999999999997,4.799999999999997,0.0,0.2522504695808807,0.4224116883852056,0.24079979389072162,0.01226220130920419,0.9000000000000001,1.425,-0.5249999999999999,-0.12852161998637107
922349daf3cf48ada31bbe98830a08a2,3.5398342983929463,16.84280261714184,16.84280261714184,0.3000000000000007,0.17639668310213139,0.27484055021195164,0.10211969551565991,0.024434423446655362,5.055824556062678,16.84280261714184,16.84280261714184,0.5250000000000012,0.23707729452267073,0.36422526656642096,0.13315125720013762,0.03238348960876314,3.5398342983929463,5.055824556062678,-1.5159902576697317,-0.06068061142053935
9281cd464fb3477c88690a7f3314498f,4.317046747337741,9.600000000000001,9.600000000000001,0.22500000000000053,0.7111859553073872,1.143224404398517,0.38502990995306935,0.054946231842040394,3.8999999999999995,9.599999999999994,8.399999999999999,0.0,0.5881755031661967,0.9662773486051126,0.28483897210330056,0.026641845703124556,4.317046747337741,3.8999999999999995,0.41704674733774194,0.12301045214119044
931093cc64d6445e8a8612ef3e308039,0.0,0.0,0.0,0.0,0.017082688059947535,0.05247584888810578,0.012854278797895339,0.0050528526306141686,0.0,0.0,0.0,0.0,0.017082688059947535,0.05247584888810578,0.012854278797895339,0.0050528526306141686,0.0,0.0,0.0,0.0
935186d00f4a45b895de58d8bea7d882,0.8250000000000002,3.6000000000000014,0.0,0.0,0.14637004365555545,0.24470902007327341,0.08266090408879091,0.0031785964965820312,0.9750000000000003,3.6000000000000014,0.0,0.0,0.19197224822620662,0.3459341341250849,0.11653655548775801,0.006435441970825906,0.8250000000000002,0.9750000000000003,-0.15000000000000013,-0.04560220457065117
94ca04ede35c491bb8f1ae3800bf39d9,2.825517784482966,8.049844718999243,6.4621977685614045,0.9749999999999992,0.2675299590888868,0.3517369122972407,0.32780460650919635,0.09971466064453116,1.8713002126325966,6.4621977685614045,6.4621977685614045,0.6749999999999998,0.2068902933261976,0.300931855526818,0.27169332042101113,0.07386188507080105,2.825517784482966,1.8713002126325966,0.9542175718503696,0.06063966576268923
953a43eeac5743aa9f214b97cbb29c11,0.0,0.0,0.0,0.0,0.1768296944348487,0.28432934300866575,0.1474190479189041,0.006543302536010653,0.0,0.0,0.0,0.0,0.12738888001635806,0.20467717607013633,0.11271060728714004,0.0048983573913568,0.0,0.0,0.0,0.04944081441849063
9570a496ffde4a2bb2f5215a7c7d83bb,0.22499999999999964,1.1999999999999993,0.0,0.0,0.0989070539077738,0.16132384850669512,0.0574644971817271,0.028947401046753196,0.22499999999999964,1.1999999999999993,0.0,0.0,0.10550124754152339,0.14215415564675715,0.09920522661486635,0.036849975585937056,0.22499999999999964,0.22499999999999964,0.0,-0.006594193633749593
95cf14e1ffd3417cb9a742227a575164,0.5250000000000004,2.3999999999999986,1.2000000000000028,0.0,0.09280392291019163,0.1399837747373465,0.09122470909309605,0.0022673606872576357,0.37500000000000044,1.2000000000000028,1.2000000000000028,0.0,0.08735228454312788,0.14578494611478715,0.09368697115239566,0.0028291225433356715,0.5250000000000004,0.37500000000000044,0.1499999999999999,0.005451638367063749
95d853ec1941473981346f04a47fd6e2,0.9749999999999999,3.6000000000000014,3.6000000000000014,0.0,0.14882038469597483,0.21965395711336977,0.15943427381717357,0.010775470733642045,1.5842329219213247,4.947726750741191,3.6000000000000014,0.07500000000000018,0.21194982992745792,0.3160407034042584,0.1796553084783238,0.009650230407713956,0.9749999999999999,1.5842329219213247,-0.6092329219213248,-0.06312944523148309
96449dc436da4a59bc96af84104adf46,3.789194576064175,27.599999999999998,1.2000000000000028,0.3000000000000007,0.11013921379553313,0.21105755882368651,0.21105755882368651,0.029252815246580965,2.500752880116266,6.118823416311343,1.2000000000000028,0.6000000000000014,0.14040573356010222,0.2976534845399006,0.09064246633471479,0.040422248840330965,3.789194576064175,2.500752880116266,1.2884416959479092,-0.030266519764569094
96457c28e7cb4cfeab3b1d912d8c4cf7,0.36213203435596475,1.697056274847718,0.0,0.22500000000000053,0.016221078755563403,0.04533281120923094,0.013310209862664013,0.01030755043029874,0.36213203435596475,1.697056274847718,0.0,0.22500000000000053,0.01847871135684741,0.03780433052905141,0.018622355608326948,0.010745573043823509,0.36213203435596475,0.36213203435596475,0.0,-0.0022576326012840077
9657675e78c24c19b409ee9c04a135c3,4.962563888066764,12.059850745345068,9.67470929795826,0.22500000000000053,0.7737406661178865,1.2896926168020773,0.39260381204232864,0.03214673995971751,5.037563888066765,12.059850745345068,9.67470929795826,0.22500000000000053,0.8009094880641292,1.3186633887258246,0.41486294308508,0.029377985000610174,4.962563888066764,5.037563888066765,-0.07500000000000018,-0.027168821946242705
96d512f13a6d42fba86f8e06add70b66,1.9810660171779824,4.799999999999997,1.697056274847718,0.07500000000000018,0.30183113842791337,0.366057112678579,0.2618066040137534,0.01396064758300719,1.8177050983124847,4.799999999999997,2.683281572999754,0.07500000000000018,0.29238795051948985,0.38113078478396184,0.2640401184166493,0.015753364562987038,1.9810660171779824,1.8177050983124847,0.16336091886549764,0.009443187908423523
98107cb9a0d24947b6bfd3200cf77b10,0.0,0.0,0.0,0.0,0.08164240295245523,0.12004474967794047,0.07861994140560351,0.001471281051634854,0.0,0.0,0.0,0.0,0.08244333462472743,0.1206609726059154,0.07992194518313021,0.0016595363616946912,0.0,0.0,0.0,-0.000800931672272201
9880929359634fd4a974a1057ba3eca1,3.609232921921324,9.600000000000001,9.599999999999994,0.07500000000000018,0.6230678798144587,0.9816284230172986,0.371900983390438,0.023627042770385742,4.150482601923481,10.866462165764897,10.866462165764897,0.3000000000000007,0.7462231800721126,1.0826836366597523,0.5899373175708165,0.03470392227172825,3.609232921921324,4.150482601923481,-0.5412496800021569,-0.12315530025765398
98f8cf08a4ab42838847589a6e75ee8b,3.759232921921324,9.600000000000001,9.600000000000001,0.07500000000000018,0.6115425204324065,0.8469996459247074,0.4519563725837217,0.017101907730101562,2.162132034355964,4.799999999999997,3.6000000000000014,0.15000000000000036,0.40508803823368134,0.6025524933136744,0.3431561151454704,0.01681180000305238,3.759232921921324,2.162132034355964,1.59710088756536,0.2064544821987252
991b236621be49e693d045589fdc3ee1,0.5249999999999999,1.2000000000000028,1.1999999999999993,0.0,0.11068082443117795,0.17118140479487726,0.045518348460622714,0.010562181472776544,0.5249999999999999,1.2000000000000028,1.1999999999999993,0.0,0.11068082443117795,0.17118140479487726,0.045518348460622714,0.010562181472776544,0.5249999999999999,0.5249999999999999,0.0,0.0
993a62212975460eb987c56b7488c31b,1.5749999999999993,4.799999999999997,4.799999999999997,0.0,0.24191793599378195,0.29214794142575456,0.20732097202055438,0.0035897254943852985,0.6749999999999996,2.3999999999999986,2.3999999999999986,0.0,0.1166352427280141,0.14987434030310742,0.1142978636759538,0.003248977661132635,1.5749999999999993,0.6749999999999996,0.8999999999999997,0.12528269326576785
997be81e2d73480f80fcf242cf152dcd,1.4999999999999991,4.799999999999997,4.799999999999997,0.0,0.2656780667814377,0.45273012117098504,0.11800735519712997,0.01513023376464906,0.6000000000000005,2.400000000000002,1.2000000000000028,0.0,0.05888797458158474,0.17977777030415074,0.057371138627195166,0.008295392990113726,1.4999999999999991,0.6000000000000005,0.8999999999999986,0.20679009219985295
99c3a7061764434d916a43a06c28a5e3,0.0,0.0,0.0,0.0,0.22000021380501614,0.33406754827405605,0.19497396721103533,0.006023740768432262,0.0,0.0,0.0,0.0,0.2151706887283612,0.3160996805253486,0.20647433937765394,0.004671192169190874,0.0,0.0,0.0,0.004829525076654934
9a8cb8b2be404b2dacef6c7ed42bfca1,0.5999999999999996,2.3999999999999986,2.3999999999999986,0.0,0.12884587507799147,0.23832039797290586,0.12410993218228016,0.03194103240966806,0.5999999999999996,2.3999999999999986,2.3999999999999986,0.0,0.13305755072568198,0.24315045614551561,0.1287515950133096,0.03341932296752903,0.5999999999999996,0.5999999999999996,0.0,-0.00421167564769051
9b8e07663a974d0981dca1ba80361d29,1.6499999999999995,7.199999999999999,0.0,0.0,1.3774953278300057,1.8857737980876874,0.9981671225053114,0.041659498214722035,4.199999999999998,10.799999999999997,0.0,0.0,1.3700195092436853,1.8717024697711067,1.0254708994029071,0.039275836944580256,1.6499999999999995,4.199999999999998,-2.549999999999999,0.007475818586320404
9c19818b654d463cad7b7430c803e8c4,0.9750000000000001,3.6000000000000014,1.1999999999999993,0.0,0.20035869799090333,0.2812389427950763,0.1438408736156587,0.0076938629150400395,0.9750000000000001,3.6000000000000014,1.1999999999999993,0.0,0.20035869799090333,0.2812389427950763,0.1438408736156587,0.0076938629150400395,0.9750000000000001,0.9750000000000001,0.0,0.0
9cd981bf4a4547bc97c62058f5291d92,0.30000000000000027,2.3999999999999986,0.0,0.0,0.07785529295925672,0.14577622237339652,0.04907946916274548,0.010987615585327681,0.30000000000000027,2.3999999999999986,0.0,0.0,0.07785529295925672,0.14577622237339652,0.04907946916274548,0.010987615585327681,0.30000000000000027,0.30000000000000027,0.0,0.0
9ce45d4276fb448d8bfef38748b56fd8,0.1499999999999997,1.1999999999999993,0.0,0.0,0.052743736022261234,0.07004064771230119,0.04177955642982735,0.023816585540770596,0.1499999999999997,1.1999999999999993,0.0,0.0,0.052743736022261234,0.07004064771230119,0.04177955642982735,0.023816585540770596,0.1499999999999997,0.1499999999999997,0.0,0.0
9cf011a3ae7c4cfa92fca3859d5cdc93,0.5475422309809325,5.366563145999493,5.366563145999493,0.2999999999999998,0.1502552082800123,0.24044789402990185,0.2056718140653374,0.10701570510864311,0.21213203435596414,1.6970562748477156,0.0,0.1499999999999999,0.1721565937109194,0.2726273383581942,0.21333032686272163,0.12272443771362385,0.5475422309809325,0.21213203435596414,0.3354101966249683,-0.02190138543090711
9d6823596eb14499a9d7223ecd25047a,1.7398529270389178,6.118823416311343,6.118823416311341,0.1499999999999999,0.2693996884073982,0.5801168718546513,0.1411307309364519,0.031641769409179954,1.7398529270389178,6.118823416311343,6.118823416311341,0.1499999999999999,0.2693996884073982,0.5801168718546513,0.1411307309364519,0.031641769409179954,1.7398529270389178,1.7398529270389178,0.0,0.0
9de7da7b88c94c98ba80bed0ad7ef3d8,0.41041019662496825,5.366563145999493,0.0,0.1499999999999999,0.09503668044721157,0.30882057558399917,0.049541832650954715,0.03177709579467747,0.41041019662496825,5.366563145999493,0.0,0.1499999999999999,0.09669351143041019,0.31131685904060147,0.048764521276938255,0.03238792419433567,0.41041019662496825,0.41041019662496825,0.0,-0.0016568309831986178
9e0cf145e19242288dab24a14650be5f,1.985410196624969,3.6000000000000014,3.6000000000000014,0.15000000000000036,0.4677980921241226,0.7912391788831833,0.27084062633542133,0.03670878410339329,2.2104101966249687,3.6000000000000014,3.6000000000000014,0.15000000000000036,0.5121866285522123,0.8754747407903827,0.2865237586061367,0.034772586822509055,1.985410196624969,2.2104101966249687,-0.22499999999999964,-0.04438853642808971
9e28e21fe0814585bce97a8b78d84d08,0.9609419400030949,3.794733192202054,2.4000000000000057,0.22500000000000053,0.13873954037818703,0.2363906053894867,0.12064509938542502,0.021685838699341264,0.9609419400030949,3.794733192202054,2.4000000000000057,0.22500000000000053,0.13873954037818703,0.2363906053894867,0.12064509938542502,0.021685838699341264,0.9609419400030949,0.9609419400030949,0.0,0.0
9e3e8ffb3fdc4087b98ce895d200ccd5,2.1750000000000003,6.0,6.0,0.0,0.35211240140083794,0.6222829108477441,0.15028182666033751,0.014636850357056197,2.0250000000000004,6.0,6.0,0.0,0.2820741267862263,0.5222591125038615,0.10096165172953775,0.007091903686524237,2.1750000000000003,2.0250000000000004,0.1499999999999999,0.07003827461461165
9e4138614837413a8fd75cdb0aaae113,0.6842329219213238,4.947726750741191,4.947726750741191,0.07500000000000018,0.07983678095430183,0.1832634068787222,0.1428493434473133,0.007095050811768644,0.7499999999999998,3.6000000000000014,0.0,0.0,0.10101773294964857,0.1744337791643957,0.16726116164498128,0.011452245712279652,0.6842329219213238,0.7499999999999998,-0.06576707807867599,-0.02118095199534674
9e6150355d0841d59fdca841ee229d4b,1.215817862828208,3.7947331922020573,2.6832815729997477,0.45000000000000107,0.12709290766580153,0.33939519704540505,0.049032221654008765,0.04299602508544931,0.8859419400030945,3.7947331922020506,1.2000000000000028,0.3000000000000007,0.0896484415247103,0.2333060384763718,0.04038504436998246,0.033751630783080966,1.215817862828208,0.8859419400030945,0.32987592282511347,0.03744446614109123
9e85663c69444a30b5a9fdff3476f772,1.575,3.6000000000000014,3.6000000000000014,0.0,0.24407854319714636,0.4144988248565539,0.14601912289734414,0.0041891098022457385,1.575,3.6000000000000014,3.6000000000000014,0.0,0.24407854319714636,0.4144988248565539,0.14601912289734414,0.0041891098022457385,1.575,1.575,0.0,0.0
9e930f35e9b4483ebe079466b2633920,9.524999999999999,13.2,13.2,0.0,1.197045371640558,1.6074977358915334,0.7371738441594733,0.04102535247802752,9.599999999999998,13.2,13.2,0.0,1.2488398274468173,1.7086229477005148,0.7502024259586281,0.04341802597045907,9.524999999999999,9.599999999999998,-0.07499999999999929,-0.0517944558062593
9f8adff0f7c144b3abef8053bac90252,0.24270509831248419,2.6832815729997477,0.0,0.07500000000000018,0.07171581143635641,0.12522860432767494,0.07818310962179893,0.047677803039550604,0.24270509831248419,2.6832815729997477,0.0,0.07500000000000018,0.0635027531882896,0.11876575498195203,0.08911740060260563,0.036325836181640536,0.24270509831248419,0.24270509831248419,0.0,0.008213058248066812
9f9b1ef876ad4d6eae300231ec0fdf08,1.4370337320571338,7.299315036357859,0.0,0.44999999999999973,0.23767426225575633,0.3976881023862125,0.2627196798624969,0.15405893325805708,1.4370337320571338,7.299315036357859,0.0,0.44999999999999973,0.23767426225575633,0.3976881023862125,0.2627196798624969,0.15405893325805708,1.4370337320571338,1.4370337320571338,0.0,0.0
9fb44c7c030a4827bf0c8491348a0445,0.44999999999999973,2.3999999999999986,0.0,0.0,0.08951567466091966,0.19135217635253965,0.03032988991458829,0.004159927368164951,0.44999999999999973,2.3999999999999986,0.0,0.0,0.059531926855307137,0.11453934630561227,0.07770938616907555,0.004520702362059925,0.44999999999999973,0.44999999999999973,0.0,0.02998374780561252
a011c05eedf445ef99fb2f31e90b1774,4.79742173998213,35.254786909014214,35.254786909014214,3.525,0.08827213548489493,0.19450671514061169,0.028032294610344365,0.017428922653198953,5.5398873634014,35.254786909014214,35.254786909014214,3.75,0.17244495958126788,0.27899784288858476,0.08564588172972176,0.04286642074584979,4.79742173998213,5.5398873634014,-0.7424656234192701,-0.08417282409637294
a01c0f0b80a94bb29471a91a80008631,1.2749999999999997,4.799999999999997,4.799999999999997,0.0,0.19448645247945268,0.2939344217534034,0.1325739109868553,0.004292535781861506,1.2749999999999997,4.799999999999997,4.799999999999997,0.0,0.19448645247945268,0.2939344217534034,0.1325739109868553,0.004292535781861506,1.2749999999999997,1.2749999999999997,0.0,0.0
a03bd30fe2b04037a95510ca2d88fda8,0.1499999999999999,1.2000000000000028,0.0,0.0,0.0665087807042796,0.09163164265926631,0.08135547880820652,0.00538344383239675,0.1499999999999999,1.2000000000000028,0.0,0.0,0.0665087807042796,0.09163164265926631,0.08135547880820652,0.00538344383239675,0.1499999999999999,0.1499999999999999,0.0,0.0
a03dedbff28247ff8d8479ff8cdcf8cd,12.974999999999998,25.2,25.2,0.0,0.09521106898172546,0.22746785373726697,0.22746785373726697,0.03704166412353471,3.372810612372832,8.48528137423857,8.48528137423857,0.6000000000000014,0.19207784932408856,0.4578320840526769,0.0810434345683903,0.05392956733703613,12.974999999999998,3.372810612372832,9.602189387627167,-0.0968667803423631
a0b1d82aae9f4860aa0f7f524979d591,0.9243416490252567,3.7947331922020573,3.794733192202055,0.1499999999999999,0.13270490258527706,0.1651702884823987,0.1458424702120916,0.03466544151306117,0.46770509831248447,2.683281572999751,0.0,0.07500000000000018,0.10814345327931049,0.1505080681806616,0.14154145300934132,0.032418537139891956,0.9243416490252567,0.46770509831248447,0.45663655071277226,0.02456144930596657
a1068ed0c1804cf8b21edff9e0074037,2.8743416490252565,6.0,4.799999999999997,0.15000000000000036,0.6158108492511774,1.014976880078528,0.355046559226983,0.03714909553527912,3.474341649025256,6.0,4.799999999999997,0.15000000000000036,0.7632655882253904,1.2761793029260433,0.47406590781907826,0.04382343292236257,2.8743416490252565,3.474341649025256,-0.5999999999999996,-0.14745473897421302
a18f6a3866e643e6bbf08564b801c754,0.0,0.0,0.0,0.0,1.0686489145545135,1.5555726763400939,0.6363181621085406,0.025115919113158025,0.07499999999999996,1.1999999999999993,0.0,0.0,1.2362821285510455,1.7862358386633916,0.7584975423452318,0.028087663650512518,0.0,0.07499999999999996,-0.07499999999999996,-0.16763321399653197
a201c0bdf5fc4657abfe445eef562077,0.9749999999999994,4.799999999999997,0.0,0.0,0.15275548614564569,0.2287975723186217,0.09644282542900237,0.013410758972168146,0.2999999999999998,3.599999999999998,0.0,0.0,0.18676945935572017,0.2871056285134444,0.17176672312265595,0.01321921348571875,0.9749999999999994,0.2999999999999998,0.6749999999999996,-0.03401397321007449
a262ad95f9e44fad8a369c707fe75dec,0.0,0.0,0.0,0.0,0.0452531666367373,0.11566330649323057,0.04900797539777101,0.003925037384032937,0.0,0.0,0.0,0.0,0.052760678604447095,0.13643836096415607,0.007253774912142203,0.0034273624420166904,0.0,0.0,0.0,-0.007507511967709796
a2f01e547e7b46a0837dee21b1929ab5,0.4104101966249684,2.6832815729997477,0.0,0.14999999999999947,0.07601406569579895,0.10983260453613797,0.019088271430195,0.022738838195801137,0.9507464315497087,4.3266615305567875,1.6970562748477107,0.5249999999999986,0.06268341734564055,0.08878540638332642,0.04284467692463124,0.05531930923461914,0.4104101966249684,0.9507464315497087,-0.5403362349247403,0.013330648350158403
a3834ec955d04dfb87e47120e30239df,1.125,3.6000000000000014,3.6000000000000014,0.0,0.14054924060426993,0.16213365095306442,0.11128897226284237,0.003873252868652699,0.8250000000000004,2.4000000000000057,0.0,0.0,0.16027869383592008,0.27945321561291664,0.09941834065135269,0.007342672348023438,1.125,0.8250000000000004,0.2999999999999996,-0.01972945323165015
a40fa2994a4b4570b5693527558e8471,1.799999999999999,3.599999999999998,3.599999999999998,0.0,0.06972923896684832,0.12838446104957682,0.11104961746318934,0.037950181961059926,1.9499999999999988,3.599999999999998,3.599999999999998,0.0,0.0714895815859993,0.11542764573542111,0.0984076537979034,0.03698544502258283,1.799999999999999,1.9499999999999988,-0.1499999999999999,-0.0017603426191509786
a4b254bc408c4e5d9c221fb78c188f8f,0.9749999999999994,3.599999999999998,0.0,0.0,0.9746322405140457,1.357203074139959,0.6826863180097477,0.04255957603454519,0.9749999999999994,3.599999999999998,0.0,0.0,0.9742154321000187,1.3774697180419195,0.6592656391214736,0.04389152526855433,0.9749999999999994,0.9749999999999994,0.0,0.0004168084140270256
a4dcda5d370e4b60b58f581c28903984,0.8999999999999997,3.6000000000000014,3.6000000000000014,0.0,0.18802993033558324,0.3136654328853632,0.15207371678286932,0.00894041061401385,1.4249999999999998,3.6000000000000014,3.6000000000000014,0.0,0.2795349054324092,0.45603978339008605,0.25034759724305483,0.0048344135284410505,0.8999999999999997,1.4249999999999998,-0.5250000000000001,-0.09150497509682598
a5c0f872d11f4769bc642acef8c49e83,4.574999999999999,10.799999999999997,10.799999999999997,0.0,0.09914166144297568,0.15863628599522578,0.0751696870422168,0.017917299270629794,4.604875922825112,10.799999999999997,10.799999999999997,0.15000000000000036,0.2213975787794261,0.284064339979097,0.16078763359328554,0.018608379364013494,4.574999999999999,4.604875922825112,-0.029875922825112866,-0.12225591733645041
a5e17bb0b01045199ae4a868f5ba0721,0.5250000000000001,2.4000000000000057,1.1999999999999957,0.0,0.08473941287916575,0.17694033106660254,0.09688840541888755,0.0067494392395017755,0.6749999999999996,2.4000000000000057,1.1999999999999957,0.0,0.12606027551951393,0.21679416794553052,0.1548400608844458,0.009252691268921254,0.5250000000000001,0.6749999999999996,-0.14999999999999947,-0.04132086264034818
a5f9e7f71ee141739fc437448f2936bd,0.9749999999999994,3.6000000000000014,3.5999999999999943,0.0,0.14877596666097825,0.23697510300602098,0.1954604577224087,0.006376218795776545,1.0371320343559636,4.799999999999997,4.799999999999997,0.15000000000000036,0.11212336181827325,0.18055087397995706,0.13230201559767824,0.00812673568725586,0.9749999999999994,1.0371320343559636,-0.06213203435596415,0.03665260484270501
a6026282a41e45a9b089491bd459cb4f,1.661537275662276,8.48528137423857,8.48528137423857,0.15000000000000036,0.16621678233487774,0.2703177224071038,0.12071483309914442,0.012153482437133878,2.6249999999999996,8.399999999999999,8.399999999999999,0.0,0.4108633766522539,0.5481895657393917,0.35951781736084854,0.01080393791198686,1.661537275662276,2.6249999999999996,-0.9634627243377236,-0.24464659431737618
a6345d0a7d9d454ca735feb8639aaf08,0.9000000000000004,3.6000000000000014,3.6000000000000014,0.0,0.1019201837934775,0.1530578665648298,0.13543643341869166,0.009510898590088246,1.5750000000000006,3.6000000000000014,3.6000000000000014,0.0,0.24113041475265462,0.2802565816510923,0.246411964070599,0.005437374114992011,0.9000000000000004,1.5750000000000006,-0.6750000000000003,-0.13921023095917712
a6a717f3a117418b90e3dd5643ff3633,0.4060660171779824,2.400000000000002,1.2000000000000028,0.1499999999999999,0.0649982355913267,0.09982366266323754,0.05082513958014979,0.04857258796691877,0.4060660171779824,2.400000000000002,1.2000000000000028,0.1499999999999999,0.0649982355913267,0.09982366266323754,0.05082513958014979,0.04857258796691877,0.4060660171779824,0.4060660171779824,0.0,0.0
a75d3ddadc4540e994f674edc8de70cc,2.5574264635194597,6.118823416311343,1.2000000000000028,0.07500000000000018,0.4138981858856897,0.6102554661441947,0.254889377610157,0.015028095245361861,2.1148529270389185,6.118823416311343,1.2000000000000028,0.15000000000000036,0.3143544120274862,0.45574095000129106,0.2433873308871428,0.019092893600463512,2.5574264635194597,2.1148529270389185,0.4425735364805412,0.09954377385820351
a805936597f243a38745c2e8bcadf378,2.6338232164826962,10.866462165764897,10.866462165764897,0.15000000000000036,0.1385499043774031,0.22234127422038122,0.08978353601451879,0.024402236938476207,2.6338232164826962,10.866462165764897,10.866462165764897,0.15000000000000036,0.1385499043774031,0.22234127422038122,0.08978353601451879,0.024402236938476207,2.6338232164826962,2.6338232164826962,0.0,0.0
a92a15053117459b8f4c9df4fd3c6e86,2.3249999999999993,7.199999999999996,7.199999999999996,0.0,0.3527953420751464,0.4595657856176564,0.2324132486403457,0.012803506851196467,1.2749999999999997,3.6000000000000014,1.1999999999999957,0.0,0.19590103767770445,0.33864959801874944,0.07048425264719718,0.02223100662231481,2.3249999999999993,1.2749999999999997,1.0499999999999996,0.15689430439744195
a943ce88b1eb48e08770699332f89b18,2.2499999999999987,3.599999999999998,3.599999999999998,0.0,0.669034119616745,1.0504199417028663,0.38758752417269554,0.02583518028259313,2.4749999999999988,3.599999999999998,3.599999999999998,0.0,0.6850592841739118,1.0630977718372476,0.3899085630815375,0.02357883453369114,2.2499999999999987,2.4749999999999988,-0.2250000000000001,-0.01602516455716685
aa938d311fab4b7a884fc88a1ceb6df9,0.07499999999999996,1.1999999999999993,0.0,0.0,0.047513559501297764,0.09090482989976614,0.09090482989976614,0.0035465240478509408,0.37500000000000044,2.3999999999999986,1.2000000000000028,0.0,0.056520703950496215,0.11947497154441118,0.10987214159999535,0.008022165298462003,0.07499999999999996,0.37500000000000044,-0.3000000000000005,-0.009007144449198451
aa9594327b8c4668923c0334bb4ff0e0,2.4749999999999996,9.599999999999998,0.0,0.0,0.775044479178391,1.0664530050289043,0.5420608706257456,0.003945922851561701,2.4749999999999996,9.599999999999998,0.0,0.0,0.7461591782131424,1.0039014460144562,0.5357302085838965,0.0034964561462391686,2.4749999999999996,2.4749999999999996,0.0,0.02888530096524866
ab4fd22d24274174841183521d7a1a35,0.5249999999999997,4.799999999999997,4.799999999999997,0.0,0.032456172193731,0.07544951950428326,0.006314783071764507,0.0023039817810062146,0.6749999999999998,4.799999999999997,4.799999999999997,0.0,0.029051587341499027,0.05096659665690803,0.035953842056421964,0.004328012466431996,0.5249999999999997,0.6749999999999998,-0.15000000000000013,0.0034045848522319747
ab763fc77dcb4f9e8b7fa9d210f999ff,0.8250000000000002,2.3999999999999986,0.0,0.0,0.14893301641801357,0.3030098758095674,0.029180299927704847,0.005215215682982333,0.8999999999999999,2.3999999999999986,0.0,0.0,0.171255406693794,0.33508939406297306,0.059054472605182616,0.005054426193236594,0.8250000000000002,0.8999999999999999,-0.07499999999999973,-0.022322390275780424
ac2e706a974d4d239ec616b2d73b46f7,6.346300926035131,37.97696670351648,0.0,5.45625,0.1534806633222505,0.31264408035767505,0.1735114086511923,0.09815783500671316,4.0178133443753055,37.97696670351648,0.0,3.375,0.15796201917494687,0.2871282184691515,0.17001049811099062,0.11331281661987358,6.346300926035131,4.0178133443753055,2.328487581659825,-0.004481355852696378
ac90c831ef434eba8f42ba25ff3e08e7,2.431624989435835,20.957099035887577,20.957099035887577,1.1249999999999998,0.30539525977358617,0.5183216436485677,0.17836683678698786,0.1534837245941172,2.431624989435835,20.957099035887577,20.957099035887577,1.1249999999999998,0.30539525977358617,0.5183216436485677,0.17836683678698786,0.1534837245941172,2.431624989435835,2.431624989435835,0.0,0.0
ad0ad8832615459c818d212bdaf1e641,1.1528723168708435,5.366563145999493,0.0,0.675,0.21589811366540212,0.29268314711900145,0.18262939626667815,0.10268182754516486,1.2145113980053457,5.366563145999493,0.0,0.675,0.23098501697399831,0.3054456820704911,0.1939371967166232,0.10784540176391566,1.1528723168708435,1.2145113980053457,-0.06163908113450223,-0.015086903308596189
ad6535e0ac204f018bad5da2164cafcb,2.552774262304266,18.973665961010273,18.973665961010273,1.4249999999999998,0.08233984521730835,0.2070350029443249,0.1455553284611216,0.06189451217651332,5.6131051267697405,18.973665961010273,18.973665961010273,3.225,0.0815573760887498,0.2011012866076744,0.14436426157424895,0.06081104278564409,2.552774262304266,5.6131051267697405,-3.0603308644654743,0.0007824691285585467
ae278babd4f44736b74d26bd2d4c07ee,0.0,0.0,0.0,0.0,0.2816828544123599,0.48249958276443783,0.19605728239900558,0.011667680740357067,0.0,0.0,0.0,0.0,0.1814631608686873,0.3113827379464603,0.13984981989374812,0.01020197868347239,0.0,0.0,0.0,0.1002196935436726
ae6d24f1fa4f495da1d07b8c25b8f06f,2.6531167709214065,28.080064102490937,28.080064102490937,1.3499999999999999,0.16658094293516018,0.2771600744514167,0.2771600744514167,0.0354869842529304,2.722582497121551,28.080064102490937,28.080064102490937,1.3499999999999999,0.16983577750200632,0.28088379279264725,0.28088379279264725,0.034839963912964844,2.6531167709214065,2.722582497121551,-0.06946572620014457,-0.0032548345668461376
af03c15257554d638d91c1b5a121aaa3,3.154837132668448,9.599999999999994,8.399999999999999,0.22500000000000053,0.4072559116115256,0.6461045478101002,0.19552313619410053,0.009164428710938033,3.5548759228251123,8.399999999999999,8.399999999999999,0.15000000000000036,0.5066050747914581,0.7930811151747668,0.294884538542067,0.007551956176758967,3.154837132668448,3.5548759228251123,-0.40003879015666444,-0.09934916317993253
af19bfccf2ec4c4c8ee5c81013caf35c,1.2750000000000004,2.400000000000002,0.0,0.0,0.21077186947847498,0.3555935552454556,0.10323972193288541,0.010198545455933239,1.65,3.6000000000000014,1.2000000000000028,0.0,0.25167759088479746,0.4122409425150617,0.12257452714929604,0.009762811660766868,1.2750000000000004,1.65,-0.37499999999999956,-0.04090572140632248
af1fe4ae71c441d1a4744097f622c449,3.0886336532918257,8.399999999999999,8.399999999999999,0.15000000000000036,0.45527982843337045,0.7486304557044551,0.26415412035690444,0.02509732246398899,3.163633653291826,8.399999999999999,8.399999999999999,0.15000000000000036,0.49391392550696567,0.8277907140482521,0.26337130219204324,0.02417564392089888,3.0886336532918257,3.163633653291826,-0.07500000000000018,-0.03863409707359522
af6f5cce3b714c65a7fab7e20f66b056,0.6000000000000005,2.4000000000000057,0.0,0.07500000000000018,0.06323853925357767,0.1803389643592148,0.04191882245801364,0.013119935989379883,0.30000000000000004,2.3999999999999986,0.0,0.07500000000000018,0.053259830674775396,0.14635323647706153,0.038497763212683576,0.013617038726805308,0.6000000000000005,0.30000000000000004,0.3000000000000005,0.009978708578802273
b0ece04a2172427bbc77c800c5ec5416,12.192552939882727,21.63330765278393,21.63330765278393,3.0,1.79218925062043,2.3729042711601656,1.198352005955088,0.02491078376769984,13.286276947785847,28.52367437761131,21.63330765278393,3.1500000000000004,1.806721254577053,2.404715896469804,1.2036843102922685,0.023373270034790394,12.192552939882727,13.286276947785847,-1.0937240079031199,-0.014532003956623019
b1940961344f40d394a866ccc71d4a0d,1.6500000000000001,4.799999999999997,0.0,0.0,0.31704274062031246,0.4752035203194306,0.2586663999276151,0.00891609191894549,1.5000000000000004,4.799999999999997,1.2000000000000028,0.0,0.2873121731545868,0.4194984143060117,0.26233089487679384,0.008742427825928711,1.6500000000000001,1.5000000000000004,0.1499999999999997,0.029730567465725666
b203d6cccc1e436ca967c6bb9f7a98b4,1.3718350569386004,9.024965373894796,6.4621977685614045,1.2937500000000002,0.07772834360541868,0.1633367001683567,0.15507446054722263,0.056214237213133345,1.5581154902364152,8.782368700982671,6.4621977685614045,1.44375,0.08274352877346092,0.19602548230299657,0.1782541765793193,0.06253852844238184,1.3718350569386004,1.5581154902364152,-0.18628043329781474,-0.005015185168042238
b23f28ea6e5445b998355b3739b1cc1a,0.0,0.0,0.0,0.0,0.1525285036137823,0.2311492282078208,0.1411194175075789,0.005196332931519887,0.0,0.0,0.0,0.0,0.08755259479823302,0.11899949901328294,0.10403999421125523,0.003753519058227628,0.0,0.0,0.0,0.0649759088155493
b2ccc848be7a4d4ab7bf42914b50a82b,0.6000000000000001,1.2000000000000028,1.1999999999999993,0.0,0.1897856072381543,0.3273249381553292,0.11568672883222927,0.00553679466247603,1.725,6.0,6.0,0.0,0.27851862123307125,0.42554777611111044,0.22157592301761941,0.005947494506835849,0.6000000000000001,1.725,-1.125,-0.08873301399491695
b2f175db0d4b4196a3877722db1f7349,1.8164902172379835,4.3266615305567875,2.6832815729997477,0.8250000000000002,0.16183930522991347,0.21349273397048485,0.1334445126078962,0.11091384887695321,1.6487851189254992,4.3266615305567875,2.6832815729997477,0.75,0.1597662248616633,0.21638292323431732,0.13632113193198903,0.10965242385864293,1.8164902172379835,1.6487851189254992,0.16770509831248437,0.0020730803682501575
b3c35a96810b4a00aec8a2c1a4de2ee1,0.7500000000000002,2.400000000000002,1.2000000000000028,0.0,0.1200552037923101,0.3062396951310267,0.009944077907513744,0.00946512222290119,0.7500000000000002,2.400000000000002,1.2000000000000028,0.0,0.1200552037923101,0.3062396951310267,0.009944077907513744,0.00946512222290119,0.7500000000000002,0.7500000000000002,0.0,0.0
b41eb23330a24e10a194d6bfd519ed82,0.7548371326684478,3.3941125496954285,0.0,0.22499999999999987,0.20134102523335112,0.4247669615230879,0.07754335142352221,0.048814201354980824,1.028608248158914,3.3941125496954285,0.0,0.37499999999999956,0.2240009050295289,0.45618953850065713,0.10838712475357336,0.06783971786499032,0.7548371326684478,1.028608248158914,-0.2737711154904663,-0.022659879796177784
b43556da7d084de3b4ea1638ddeaa5d4,0.6298759228251127,3.794733192202055,0.0,0.1499999999999999,0.05149522783753543,0.11830571529222658,0.06312920215062116,0.010776901245117987,0.5371708245126283,3.794733192202055,0.0,0.07499999999999973,0.06348364521463903,0.09767608400930258,0.07085899717060222,0.025897836685181197,0.6298759228251127,0.5371708245126283,0.09270509831248441,-0.011988417377103606
b47e31481532444bb0b543a0ec192959,11.258079995023497,19.809088823063014,19.202343606966313,3.5625,1.7962332975213435,2.3776702024585,1.1590744795566996,0.05155477523803853,10.30316968292572,19.809088823063014,19.202343606966313,2.8125,1.7119885686172485,2.285186490995871,1.1324026784665004,0.04495482444763299,11.258079995023497,10.30316968292572,0.9549103120977769,0.08424472890409507
b6398bf31aa945c185c3fe2e0313f5ae,0.3749999999999998,2.3999999999999986,0.0,0.0,0.030933834685554357,0.08482232749041685,0.006863361424664048,0.004210710525511363,0.6000000000000001,2.3999999999999986,0.0,0.0,0.10175711294688003,0.1283338670438504,0.10736040386351871,0.002843427658079989,0.3749999999999998,0.6000000000000001,-0.2250000000000003,-0.07082327826132567
b659437b962e460faf0126bf16fa96be,5.854994456755937,18.03995565404749,0.0,0.15000000000000036,0.6834345280741048,1.191343222484323,0.26705104118981116,0.007599592208863193,5.854994456755937,18.03995565404749,0.0,0.15000000000000036,0.6834345280741048,1.191343222484323,0.26705104118981116,0.007599592208863193,5.854994456755937,5.854994456755937,0.0,0.0
b72f2f5db001422aad91c243b2cbb716,0.0,0.0,0.0,0.0,0.752046672150265,1.1685669845071172,0.4359291508955654,0.0187361240386954,0.0,0.0,0.0,0.0,0.6244060362333919,0.9637410886872373,0.3963431385130385,0.017308616638183505,0.0,0.0,0.0,0.12764063591687314
b78cb6f95fda4df3a8b043d97db13acd,0.30000000000000004,1.2000000000000028,0.0,0.0,0.05774963256599454,0.10632097100592489,0.024298268614374115,0.0014372348785385292,0.8249999999999997,4.799999999999997,1.2000000000000028,0.0,0.07112738947768621,0.13534645235026185,0.0450522617478309,0.004645442962647017,0.30000000000000004,0.8249999999999997,-0.5249999999999997,-0.013377756911691671
b8bab23ef9bc4398a5ab0385e0710a1a,1.734232921921325,4.9477267507411975,3.6000000000000014,0.07500000000000018,0.3212941261714358,0.6004069042329465,0.18648284171377166,0.009591007232664595,1.741659385440784,6.118823416311343,1.2000000000000028,0.15000000000000036,0.276058122704682,0.562031737119369,0.11102310573080004,0.015425777435301935,1.734232921921325,1.741659385440784,-0.00742646351945897,0.04523600346675383
b8f8a7e278f04035abf83b57fde78fb8,8.242658373205273,17.306646122227146,17.306646122227146,3.0000000000000013,0.7499049221077584,1.1695772247479115,0.5403201350553393,0.2527284622192383,8.2950792474384,17.306646122227146,17.306646122227146,3.075000000000001,0.7484578575120828,1.1496793656855462,0.53163031758842,0.22670259475708,8.242658373205273,8.2950792474384,-0.05242087423312647,0.0014470645956755623
b986b0bd1ad64f70b85307972bffdca8,0.14999999999999947,1.1999999999999957,0.0,0.0,0.050919341263028925,0.11688090790421071,0.01582134097782868,0.0013296604156503022,0.22499999999999964,2.3999999999999986,1.1999999999999957,0.0,0.043799184719763753,0.09811604349697879,0.04562697766808491,0.004362487792967773,0.14999999999999947,0.22499999999999964,-0.07500000000000018,0.0071201565432651714
b9cf9c6bd43643dbb57f96b022b92e2f,2.6696516132754753,32.53997541486471,1.6970562748477107,2.04375,0.11714153915273989,0.22126160852054033,0.08151436162585747,0.07263936996459996,2.6696516132754753,32.53997541486471,1.6970562748477107,2.04375,0.11884524129402962,0.22892953617864142,0.07260836068016581,0.07436256408691388,2.6696516132754753,2.6696516132754753,0.0,-0.0017037021412897313
ba088aff2a6647eca02ffd893cec79f9,0.9121708245126284,3.7947331922020573,1.1999999999999957,0.07500000000000018,0.26172947293704996,0.45700047098767166,0.08142077733363927,0.026517534255983577,0.8371708245126285,3.7947331922020573,1.2000000000000028,0.07500000000000018,0.31771354265419205,0.5426297345662328,0.11649565259790587,0.03295354843139897,0.9121708245126284,0.8371708245126285,0.07499999999999996,-0.05598406971714209
ba342f07fc704ffb9f868efce879a9c1,0.0,0.0,0.0,0.0,0.17287582179070404,0.2540171969543406,0.16112331082765916,0.006561470031738015,0.0,0.0,0.0,0.0,0.09243928501451272,0.1428479996201975,0.08735676490727469,0.00734910964965696,0.0,0.0,0.0,0.08043653677619132
ba884c09172a4e0782df8313cfbdb15a,0.2999999999999994,2.3999999999999986,0.0,0.0,0.09581059162328498,0.1635107284780246,0.1327308219644749,0.006465768814087891,0.5999999999999999,2.3999999999999986,0.0,0.0,0.12861545816035322,0.2448671647981274,0.035645087814227434,0.009733057022094371,0.2999999999999994,0.5999999999999999,-0.3000000000000005,-0.03280486653706824
ba920082c1ba4200a914eafd1a542bda,0.2999999999999998,3.599999999999998,0.0,0.0,1.6188028470612097,2.389441388876183,0.9530950400813241,0.033488273620605025,0.2999999999999998,3.599999999999998,0.0,0.0,1.287969296467602,1.9851011415210555,0.6939931626288,0.022125291824340643,0.2999999999999998,0.2999999999999998,0.0,0.33083355059360775
bb778ab188a3477f9673cce754fceb5d,3.706768112544716,9.600000000000001,9.600000000000001,0.22500000000000053,0.4075019923872153,0.6948809630973921,0.18717991476942952,0.017911291122436612,2.2810660171779826,8.399999999999999,8.399999999999999,0.07500000000000018,0.29091947463856394,0.47089608757545487,0.15704416737431434,0.013176584243773881,3.706768112544716,2.2810660171779826,1.4257020953667334,0.11658251774865136
bbbb24f874a64d5499d07537974858b4,0.0,0.0,0.0,0.0,0.0574103147203556,0.14303678762765012,0.059038824447988664,0.01811127662658718,0.0,0.0,0.0,0.0,0.05896693682246013,0.1492805585748396,0.058760475166815866,0.018483495712279918,0.0,0.0,0.0,-0.0015566221021045337
bbc762fb58b341429ab4a3508fd84ce1,1.336434893224557,5.091168824543144,1.2000000000000028,0.375,0.10925266769996148,0.15997012160798685,0.08965060591412786,0.00768857002258283,1.1553688760465752,5.091168824543144,1.2000000000000028,0.2999999999999998,0.09564804654340633,0.1434469290491996,0.0881790361937584,0.007760667800902787,1.336434893224557,1.1553688760465752,0.18106601717798188,0.013604621156555141
bbce11090c6d46c6b037412f0992c437,5.187170824512629,14.400000000000002,14.400000000000002,0.07500000000000018,0.529773411212843,0.7354633258667193,0.36422035845770667,0.05081505775451722,4.442705098312484,11.999999999999996,11.999999999999996,0.07500000000000018,0.4480723441444715,0.6291082438014709,0.301479874945513,0.04771456718444922,5.187170824512629,4.442705098312484,0.7444657262001453,0.08170106706837155
bc6f82d1a9c5435c991b9a2e807c2feb,1.6621708245126285,4.799999999999997,3.7947331922020573,0.15000000000000036,0.228816850091482,0.41153403527942667,0.02505611723534867,0.007321786880492898,1.65,4.799999999999997,3.6000000000000014,0.07500000000000018,0.24279658065514792,0.42919705198346714,0.06720360979757566,0.007800579071045366,1.6621708245126285,1.65,0.01217082451262863,-0.013979730563665915
bd074621e1ec42e29f7ce05d9d856b9f,2.025000000000001,4.800000000000004,4.800000000000004,0.0,0.3004268935947613,0.38070472027479435,0.19272766419076207,0.01120719909668022,1.65,3.6000000000000014,3.6000000000000014,0.0,0.26213834047333995,0.3328809215728535,0.17227012095617794,0.01114482879638734,2.025000000000001,1.65,0.3750000000000009,0.038288553121421376
bdb6983a1de646f7b99519c7b4d496b1,1.1249999999999996,4.799999999999997,1.1999999999999957,0.07500000000000018,0.2366224214055062,0.41591835448801845,0.10481508038590363,0.0170504093170174,1.1249999999999996,4.799999999999997,1.1999999999999957,0.07500000000000018,0.22863836564894374,0.4043659246413396,0.09833336032960165,0.017301321029663974,1.1249999999999996,1.1249999999999996,0.0,0.00798405575656247
be3ed10bdcc1453682ad6b2e801bb769,4.531888656619787,13.254433220624708,13.254433220624708,0.3750000000000009,0.7866208778140616,1.2079357212826174,0.5274288549941232,0.04233312606811479,4.760161863528024,12.059850745345068,12.059850745345068,0.45000000000000107,0.7562352902815247,1.1595610456747834,0.5047927485516045,0.04353203773498526,4.531888656619787,4.760161863528024,-0.22827320690823694,0.03038558753253695
be71c94f123e4583878a8ff57618507c,0.0,0.0,0.0,0.0,1.2024189907287326,1.874709821678629,0.6200872028626756,0.029379844665528232,0.0,0.0,0.0,0.0,0.9385271016114656,1.4485658889735202,0.5096866631036183,0.0251462459564209,0.0,0.0,0.0,0.263891889117267
bee0d4cacf74408fb40d47e10dff4a89,3.1499999999999995,7.199999999999996,7.199999999999996,0.0,0.3160557614810242,0.46904332292096634,0.20253975596608811,0.010136604309081587,0.6749999999999998,4.799999999999997,4.799999999999997,0.0,0.04398309736350548,0.11627727511472886,0.017410645894775752,0.007713460922240234,3.1499999999999995,0.6749999999999998,2.4749999999999996,0.27207266411751874
bfb2693692614652bb63879232fb971a,1.8,6.0,4.800000000000004,0.0,0.18809138026795091,0.2662511278952301,0.09726877864499217,0.009127807617187678,1.3500000000000003,6.0,1.2000000000000028,0.0,0.14245320056733723,0.20610271049049236,0.07005670884266088,0.009094190597534357,1.8,1.3500000000000003,0.44999999999999973,0.04563817970061368
bff9e8fdca6f45949ed1a6fa1fb6957a,0.3927050983124841,2.6832815729997446,0.0,0.07499999999999973,0.04961438500976373,0.1323076098829294,0.02508676107833074,0.016788768768311257,0.4677050983124843,2.6832815729997446,0.0,0.07499999999999973,0.04776126639144111,0.13097567209601635,0.02088124652170364,0.01778297424316433,0.3927050983124841,0.4677050983124843,-0.07500000000000018,0.0018531186183226162
c086b130313346ffabc85727d0eeb883,0.5249999999999999,2.3999999999999986,0.0,0.0,0.053044545482853,0.11331387152132484,0.038237791191349776,0.008149051666259677,1.2,2.3999999999999986,0.0,0.0,0.177106430310703,0.34360998937212056,0.034351058780816526,0.0111278057098394,0.5249999999999999,1.2,-0.675,-0.12406188482785
c0d03923f3cc4a2f8955cbf16513d5d2,0.7621708245126286,3.7947331922020515,2.400000000000002,0.1499999999999999,0.05239060631798608,0.10654642941268144,0.09444239289642246,0.02693567276000941,2.6441782896171557,29.91738624947039,29.91738624947039,1.5187499999999994,0.1317013632266242,0.23332126287212196,0.23332126287212196,0.040159749984740145,0.7621708245126286,2.6441782896171557,-1.882007465104527,-0.07931075690863812
c16a2a4f17dd4c98bc946950c16a481e,0.0,0.0,0.0,0.0,0.09089198963876752,0.14262903206925323,0.060100230403445,0.005545949935914063,0.0,0.0,0.0,0.0,0.5564321339763945,0.7853497690696432,0.4215484674517804,0.0184195518493655,0.0,0.0,0.0,-0.4655401443376269
c347f1d1d7634931bc36445810a3a8e7,0.34877111549046613,2.6832815729997477,2.6832815729997477,0.14999999999999947,0.2473500525583513,0.3843922726290919,0.26113476783263634,0.022217273712157315,1.6499999999999997,7.199999999999999,7.199999999999999,0.0,0.3246820464689937,0.4912682685666202,0.3467129844068632,0.01322779655456463,0.34877111549046613,1.6499999999999997,-1.3012288845095337,-0.07733199391064238
c370568cda2d4161acd15ace5fcb1822,0.5249999999999997,2.3999999999999986,1.1999999999999957,0.0,0.03796996115820925,0.11048468558991967,0.046385295871191085,0.007991409301758345,0.5999999999999999,2.3999999999999986,1.1999999999999957,0.0,0.06307840044218209,0.13624195006272707,0.06305716512817897,0.014211559295654208,0.5249999999999997,0.5999999999999999,-0.07500000000000018,-0.02510843928397284
c3859300cfef4d4286db5a6d0c40a68d,0.2999999999999998,3.599999999999998,0.0,0.0,0.1001039238294465,0.25491584605903994,0.027086560838801975,0.008200120925904386,0.7499999999999996,4.799999999999997,0.0,0.0,0.1241376746682949,0.36494617748050734,0.007683425506640087,0.014117288589477806,0.2999999999999998,0.7499999999999996,-0.44999999999999973,-0.0240337508388484
c43075940579430e8957f0be230b61e8,0.9749999999999994,2.3999999999999986,0.0,0.0,0.13187127026248588,0.27042775980228884,0.042386362151297464,0.010220861434935724,0.9749999999999994,2.3999999999999986,0.0,0.0,0.13187127026248588,0.27042775980228884,0.042386362151297464,0.010220861434935724,0.9749999999999994,0.9749999999999994,0.0,0.0
c49cbb185f9044719ea4cce3955caf39,0.7060660171779821,3.6000000000000014,1.1999999999999957,0.22500000000000053,0.16100940682342604,0.27899076062722483,0.18499006594899758,0.025415182113647017,1.3810660171779816,4.799999999999997,4.799999999999997,0.07500000000000018,0.15133464500296823,0.313256307380285,0.30249633782616736,0.01803331375122097,0.7060660171779821,1.3810660171779816,-0.6749999999999995,0.009674761820457817
c4d496c9fb944890aa9f3cb0d17dd2a1,0.0,0.0,0.0,0.0,0.018809002457053647,0.032624506022253565,0.027816571409134964,0.011262273788453125,0.0,0.0,0.0,0.0,0.018894097816812474,0.03470604381440938,0.024914835713769852,0.010926961898803711,0.0,0.0,0.0,-8.50953597588272e-05
c5214b606e8f4808b702fc0341a9590c,0.9365124735378851,3.794733192202055,3.794733192202055,0.2249999999999992,0.04119194848442537,0.09951663184134099,0.05253421551586818,0.017871236801147994,0.8615124735378852,3.794733192202055,3.794733192202055,0.2249999999999992,0.049289194703948366,0.1412648653685753,0.04660732290067123,0.020881891250609907,0.9365124735378851,0.8615124735378852,0.07499999999999996,-0.008097246219523
c66f9382a2b84b0683a0244e4193bcd4,0.8757464315497099,4.326661530556785,3.3941125496954285,0.5249999999999999,0.06450764444017099,0.10665650691595036,0.08678295667913415,0.03747711181640634,0.8757464315497099,4.326661530556785,3.3941125496954285,0.5249999999999999,0.06450764444017099,0.10665650691595036,0.08678295667913415,0.03747711181640634,0.8757464315497099,0.8757464315497099,0.0,0.0
c77dc6c7300546d5b06e7a003715de6b,0.0,0.0,0.0,0.0,0.24970051496587647,0.4572725291857644,0.11102024254374966,0.016270780563353515,0.0,0.0,0.0,0.0,0.3169851796839591,0.5736507108243609,0.14953356895000364,0.018693923950194424,0.0,0.0,0.0,-0.06728466471808264
c8c86914e28a450894834889bfe81f53,5.056378118726469,8.48528137423857,7.199999999999996,0.3750000000000009,0.6938145781744373,1.051033260215479,0.4349570092417647,0.04697327613830504,5.056378118726469,8.48528137423857,7.199999999999996,0.3750000000000009,0.6558559168465445,0.9895149368241533,0.4078999125844266,0.045398139953614525,5.056378118726469,5.056378118726469,0.0,0.03795866132789272
c9391a7a19e648a5a97fb66b44301771,0.7499999999999998,2.400000000000002,0.0,0.0,0.03374127183033032,0.11099236828170243,0.032036532280505126,0.005043268203735796,0.3750000000000002,2.400000000000002,0.0,0.0,0.08934030850789465,0.1806660558181434,0.02677263903946007,0.0050973415374753195,0.7499999999999998,0.3750000000000002,0.37499999999999956,-0.05559903667756433
c9c16c6da913418584e88113e4fb0bb7,2.2500000000000004,6.0,6.0,0.0,0.34284281486007645,0.40224220267876043,0.2776580841573272,0.004145336151122336,1.8000000000000003,3.6000000000000014,1.2000000000000028,0.0,0.2845474770442046,0.33084449992363313,0.24865803709656203,0.004855155944823775,2.2500000000000004,1.8000000000000003,0.4500000000000002,0.05829533781587187
c9fa03983eff4a22b39756bdc3cb9e73,12.77784031819322,22.83155710852854,22.83155710852854,0.7500000000000018,1.161893879350174,1.6288329156805879,0.6586920476650376,0.05124378204345659,12.383584251616472,22.83155710852854,22.83155710852854,0.3000000000000007,1.0152044146870849,1.4068366921322095,0.5733441058149948,0.03968882560730025,12.77784031819322,12.383584251616472,0.39425606657674805,0.1466894646630892
ca3857e4430f428fbced795ba949edd3,0.0,0.0,0.0,0.0,0.09102186537092058,0.14607532900529616,0.14607532900529616,0.005402040481568449,0.0,0.0,0.0,0.0,0.09652728148948257,0.1372119807919439,0.10335662023630408,0.005406475067138761,0.0,0.0,0.0,-0.005505416118561993
ca3a8f16cd794eb8979bb4a6b61c77f7,1.7057682301872208,6.118823416311343,1.2000000000000028,0.37500000000000044,0.2828738579309143,0.46527244650964994,0.17692167368911682,0.05430307388305655,1.0288760404676174,4.947726750741191,0.0,0.30000000000000027,0.1733249488974719,0.24988776402509355,0.1437344297513645,0.03855457305908283,1.7057682301872208,1.0288760404676174,0.6768921897196034,0.10954890903344239
ca7b70df065847fab0179df83eeb9cfa,4.074085848960242,7.199999999999996,6.0,0.22500000000000053,0.6826418867823265,1.0926333865456592,0.46763389522464177,0.04243412017822301,3.391659385440783,6.118823416311339,6.0,0.15000000000000036,0.6256704720101343,1.0357533464331012,0.3949132308169585,0.0375038623809818,4.074085848960242,3.391659385440783,0.6824264635194588,0.05697141477219225
caadd7c231ac4c4b93e7447bc4d38c3f,1.4249999999999998,3.6000000000000014,1.2000000000000028,0.0,0.2759147377622636,0.48583619987436805,0.16564195589438696,0.0025225639343267048,0.8250000000000002,2.3999999999999986,1.2000000000000028,0.0,0.20858551315872592,0.303225280441111,0.21328107167723678,0.0028846263885498047,1.4249999999999998,0.8250000000000002,0.5999999999999996,0.06732922460353769
cacbc816033d4ad08c20cebb3fe84cc7,0.0,0.0,0.0,0.0,0.022463383609517943,0.0462093837528498,0.009646670767574934,0.0038208961486820847,0.0,0.0,0.0,0.0,0.02153988713257178,0.062364587518683824,0.0013437761550877429,0.0039028644561764914,0.0,0.0,0.0,0.0009234964769461625
caf1afbc89944f168ac7caad1256a98d,0.2250000000000001,1.2000000000000028,0.0,0.0,0.08540936093776194,0.11942290363910019,0.06587625331966228,0.0067445755004866825,0.2250000000000001,1.2000000000000028,0.0,0.0,0.08540936093776194,0.11942290363910019,0.06587625331966228,0.0067445755004866825,0.2250000000000001,0.2250000000000001,0.0,0.0
cbf9f6f096d54c669702cbbc288ed271,0.7500000000000002,2.4000000000000057,2.4000000000000057,0.0,0.0811279960906246,0.11067969911682973,0.08569534116067308,0.0048967838287339305,1.0500000000000003,2.4000000000000057,1.1999999999999957,0.0,0.17014360580038335,0.23400302692939626,0.08834470279693574,0.007840347290038352,0.7500000000000002,1.0500000000000003,-0.30000000000000004,-0.08901560970975875
cbfa055b0ab6448cb0037a8dd107c67d,1.2541012013803774,3.3941125496954263,2.4000000000000057,0.75,0.08350900079137466,0.15871888918214055,0.030400102337051423,0.0562677383422856,1.3291012013803774,3.3941125496954263,2.4000000000000057,0.75,0.09489034649331529,0.1783660900746393,0.04608926599723985,0.05754861831665048,1.2541012013803774,1.3291012013803774,-0.07499999999999996,-0.011381345701940632
cc1567e902724f82898f405601923c3c,0.6000000000000001,2.3999999999999986,0.0,0.0,0.1302105512982566,0.18613401134537377,0.10951601737653205,0.004860448837280984,0.3749999999999998,1.2000000000000028,0.0,0.0,0.11039568851638847,0.1788240364675674,0.07729908834953084,0.005913448333740856,0.6000000000000001,0.3749999999999998,0.2250000000000003,0.01981486278186813
cc25ae7022d842a7915380a1791863f1,4.578402076289045,13.254433220624716,13.254433220624716,0.07500000000000018,0.8512764168156876,1.4047709256932874,0.4766819660394036,0.02183876037597665,4.503740671584067,12.059850745345068,12.059850745345068,0.07500000000000018,0.7735257729868996,1.2986893932549979,0.3914743360495663,0.01778941154480096,4.578402076289045,4.503740671584067,0.07466140470497784,0.07775064382878794
cd3039e0c2fb47d58e0b35ed4752afa2,0.45742646351945876,6.118823416311341,0.0,0.07499999999999973,0.040789768487982686,0.10611290124354307,0.02014529506456669,0.004797792434692916,1.1433780142849954,7.299315036357866,7.299315036357866,0.1499999999999999,0.11173379626309918,0.24350698395201567,0.038283003583227046,0.0073443889617927915,0.45742646351945876,1.1433780142849954,-0.6859515507655367,-0.07094402777511649
cd6a683d2b52441fb2b14310cda45403,0.0,0.0,0.0,0.0,0.1814962156602007,0.22169481430270338,0.2088145892199908,0.006685066223145242,0.0,0.0,0.0,0.0,0.167595266566673,0.2122113298122498,0.1692647851091183,0.005460691452025657,0.0,0.0,0.0,0.013900949093527681
cdb3180a9d704611af1cbd96c972ddf6,0.0,0.0,0.0,0.0,0.5759227453754204,0.9477986445399378,0.3430863232841463,0.015904569625854847,0.0,0.0,0.0,0.0,0.8556696071705259,1.3617716388184677,0.5218936963444489,0.023054552078247692,0.0,0.0,0.0,-0.27974686179510544
cddc1dedd5274979ac1a4648b7d33c17,0.767705098312484,2.683281572999751,2.3999999999999986,0.07500000000000018,0.064774851568602,0.12241308380839679,0.02646533827697411,0.011413192749022194,0.767705098312484,2.683281572999751,2.3999999999999986,0.07500000000000018,0.06323673744068045,0.12073876586182831,0.023555665124879933,0.011751365661620383,0.767705098312484,0.767705098312484,0.0,0.0015381141279215416
cddd0ebad86a4a84b34f77e3b5640831,10.497547596811248,19.809088823063014,19.202343606966313,3.1125000000000016,0.6942634722318994,1.0387306624737527,0.3861095688719531,0.043694114685057794,10.572369661617852,19.809088823063014,19.202343606966313,3.1125000000000016,0.70635216993658,1.0337598679838818,0.39747677517543395,0.04395060539245632,10.497547596811248,10.572369661617852,-0.0748220648066038,-0.012088697704680573
cdeb0825ebd5485583bac9499ad36dc2,0.2250000000000001,2.400000000000002,0.0,0.0,0.03795653347396944,0.08356763886476275,0.06394489983863319,0.003652667999267667,0.2250000000000001,2.400000000000002,0.0,0.0,0.03795653347396944,0.08356763886476275,0.06394489983863319,0.003652667999267667,0.2250000000000001,0.2250000000000001,0.0,0.0
ce22b1605a1c476796cb557856d72955,0.9310660171779828,3.6000000000000014,1.1999999999999957,0.07500000000000018,0.10319157609149868,0.166281985166692,0.06124584297873871,0.008158349990845526,0.07499999999999973,1.1999999999999957,1.1999999999999957,0.0,0.024698103272724342,0.06199727643034164,0.039106097032282114,0.007719755172729936,0.9310660171779828,0.07499999999999973,0.856066017177983,0.07849347281877433
ce3c4d4dac814c58b90855902c287057,0.0,0.0,0.0,0.0,0.21976442168013027,0.3523296750839645,0.19835440169423976,0.00808310508727983,0.2999999999999998,3.599999999999998,0.0,0.0,0.1609520075035425,0.29285942112753044,0.09343646033870388,0.008714962005613724,0.0,0.2999999999999998,-0.2999999999999998,0.05881241417658778
cf64f28355014134bb2e6be6169f22d6,1.8750000000000007,4.799999999999997,4.799999999999997,0.07500000000000018,0.20860455864128064,0.31992059078751345,0.22874079412898396,0.015395450592041282,1.8000000000000007,4.799999999999997,4.799999999999997,0.07500000000000018,0.1818333412968894,0.26871204818763017,0.2128833501124003,0.015128517150878373,1.8750000000000007,1.8000000000000007,0.07499999999999996,0.026771217344391224
cf684326b2c043ab95af3a90386aa5eb,0.37500000000000044,2.3999999999999986,1.2000000000000028,0.0,0.07506455925777535,0.1567164440573838,0.1567164440573838,0.012544870376588246,0.4500000000000002,2.3999999999999986,0.0,0.0,0.07438318181347675,0.1776379669173418,0.13790276703753343,0.010527992248535956,0.37500000000000044,0.4500000000000002,-0.07499999999999973,0.0006813774442985948
cf82c314f3d64450ba6dcbff2adb1e50,0.7621708245126285,3.7947331922020573,1.2000000000000028,0.07500000000000018,0.12439638509406992,0.20668178967162354,0.08004094302975642,0.010161066055297763,0.8371708245126283,3.7947331922020573,0.0,0.07500000000000018,0.13900586828318917,0.24631551794665849,0.08268413126925254,0.009396314620970792,0.7621708245126285,0.8371708245126283,-0.07499999999999973,-0.014609483189119254
cf8fc521689c4a48811a9d9439cc9016,2.4749999999999996,9.599999999999998,0.0,0.0,1.6761895866122583,2.3454245972145116,1.0807825586951034,0.021464395523071556,2.4749999999999996,9.599999999999998,0.0,0.0,1.4224086025093563,2.00743023400818,0.8993726664856044,0.015958356857300515,2.4749999999999996,2.4749999999999996,0.0,0.25378098410290195
d0eed45f8dea47aba7ab2d12ff39a2e7,1.3673663521634274,7.683749084919417,6.000000000000003,0.9749999999999996,0.21775510283729244,0.3310710633181637,0.12226293298276532,0.11333370208740279,1.4742640687119277,6.000000000000003,6.000000000000003,1.0499999999999994,0.23040338186681358,0.3371736417340834,0.15219084519161907,0.1221273422241218,1.3673663521634274,1.4742640687119277,-0.10689771654850033,-0.012648279029521148
d1b8d295905640f8a777f8f5fa8af227,1.187132034355965,3.6000000000000014,1.2000000000000028,0.22500000000000053,0.14774695789420442,0.17477574122938025,0.16667029629253471,0.020824098587036044,1.0060660171779827,3.6000000000000014,0.0,0.22500000000000053,0.17050139884453358,0.22771645627108966,0.22068967679603538,0.02104296684265128,1.187132034355965,1.0060660171779827,0.18106601717798232,-0.022754440950329163
d233a22c8c4546e5a5dd38c3d7452bce,9.820647320871853,17.306646122227146,17.306646122227146,3.7500000000000004,0.823883929801984,1.2374286003217614,0.6520126654178411,0.2727347373962403,9.895647320871852,17.306646122227146,17.306646122227146,3.7500000000000004,0.8480381560385541,1.2984453921521215,0.6289129330334807,0.258287143707276,9.820647320871853,9.895647320871852,-0.07499999999999929,-0.024154226236570153
d252db5e41664c1f86b57d33439d51c4,1.7999999999999996,8.399999999999999,0.0,0.0,1.1973612768199513,1.5986001512882169,0.8436265235321192,0.014503240585327593,1.7999999999999996,8.399999999999999,0.0,0.0,1.1296865946003471,1.5672951774586084,0.741338581338751,0.01243987083435183,1.7999999999999996,1.7999999999999996,0.0,0.06767468221960415
d2a4585e7ca845a5a2b7449545529e31,0.1499999999999997,1.1999999999999993,1.1999999999999957,0.0,0.015626942969774568,0.05097916119627581,0.02203924816998786,0.0026309967041009408,0.6749999999999998,2.3999999999999986,0.0,0.0,0.058434127561090836,0.10716358608728105,0.03521975957319588,0.002753019332885298,0.1499999999999997,0.6749999999999998,-0.5250000000000001,-0.04280718459131627
d35ed5d740c44d1fa3560e3edc511939,13.29735207439892,24.029981273400942,24.029981273400942,0.6750000000000016,2.0733266630005316,2.7578541303613444,1.4287929512930877,0.05451235771179208,13.222474323544404,24.029981273400942,24.029981273400942,0.6750000000000016,2.050019423014788,2.7194138557297496,1.4041487451793397,0.05411782264709464,13.29735207439892,13.222474323544404,0.07487775085451709,0.02330723998574369
d3b3b874ae6c44088e3b41ba0c9c0460,0.30000000000000004,1.2000000000000028,0.0,0.0,0.04895866124163733,0.08507866607545184,0.01357811489810781,0.0010574340820301842,0.3750000000000002,1.2000000000000028,0.0,0.0,0.054963263202855175,0.08421150823631025,0.01898940121929479,0.0014279365539553446,0.30000000000000004,0.3750000000000002,-0.07500000000000018,-0.006004601961217847
d3bb2a6ce8624b858a8ef27e0f2b058b,0.2999999999999998,3.6000000000000014,3.6000000000000014,0.0,0.048730665967431475,0.10860994204818103,0.10860994204818103,0.007120227813721236,0.375,2.3999999999999986,0.0,0.0,0.14718939718035923,0.2241405227247746,0.169275990995212,0.0053915977478036226,0.2999999999999998,0.375,-0.07500000000000018,-0.09845873121292775
d3d4393a9bfb4441b7fb9aedd3330c29,0.5249999999999999,3.5999999999999943,0.0,0.0,0.1051584739583069,0.17748263236534728,0.04832701014174693,0.0019197463989262253,0.5249999999999999,3.5999999999999943,0.0,0.0,0.1051584739583069,0.17748263236534728,0.04832701014174693,0.0019197463989262253,0.5249999999999999,0.5249999999999999,0.0,0.0
d4a4b3808e7944ea930fad2b9f3226a6,0.30000000000000004,2.3999999999999986,0.0,0.07500000000000018,0.06770315416922314,0.11451001560084603,0.07398903573878164,0.017675113677977805,0.33106601717798223,1.697056274847718,0.0,0.15000000000000036,0.12583211365005584,0.22176431404385755,0.07549787536885529,0.01947641372680664,0.30000000000000004,0.33106601717798223,-0.031066017177982186,-0.0581289594808327
d4e73890aaaa4518b868109ee8d22da3,0.375,2.3999999999999986,0.0,0.0,0.10689623206303472,0.31808588311564084,0.03771853908039883,0.010644865036009588,0.5999999999999996,2.3999999999999986,0.0,0.0,0.14844140321410415,0.3618705557156681,0.03649306605913759,0.011449098587035689,0.375,0.5999999999999996,-0.22499999999999964,-0.04154517115106943
d51683a5d04540968046c8c27981be9f,0.631066017177982,1.697056274847718,0.0,0.15000000000000036,0.09683190688431559,0.16538573921288355,0.09848052259742647,0.02599182128906241,0.631066017177982,1.697056274847718,0.0,0.15000000000000036,0.09077348703471427,0.15338259334984417,0.09348141817673752,0.022730970382690785,0.631066017177982,0.631066017177982,0.0,0.006058419849601315
d51b6664d4734749bea587389128dfa4,0.21213203435596445,1.6970562748477156,0.0,0.15000000000000036,0.04648673550990625,0.0684431636878304,0.033842528941819626,0.025515890121460494,0.21213203435596445,1.6970562748477156,0.0,0.15000000000000036,0.04648673550990625,0.0684431636878304,0.033842528941819626,0.025515890121460494,0.21213203435596445,0.21213203435596445,0.0,0.0
d54cb423c33a4b57b26f62ce37a99cfa,0.8999999999999995,3.599999999999998,3.599999999999998,0.0,0.2636875823837507,0.4384137347589782,0.20154797075321274,0.015796279907226207,5.784770707147695,18.039955654047485,18.039955654047485,0.22500000000000053,0.668241045655885,1.0480429447563806,0.5505070667512202,0.02132520675659144,0.8999999999999995,5.784770707147695,-4.884770707147696,-0.4045534632721344
d5e1396d445b449e87aaf389182c5aa3,4.65,12.0,9.600000000000001,0.0,0.5309428647439991,0.8925391459614179,0.2112731101556472,0.017366552352906073,4.425000000000001,9.600000000000001,9.600000000000001,0.0,0.48702965921523744,0.8128789633796634,0.25119425587142313,0.02075200080871653,4.65,4.425000000000001,0.22499999999999964,0.043913205528761656
d5fe241009d44048a5b353ea62991d0f,4.425000000000001,16.8,16.8,0.0,0.29903450905334816,0.48563650106560025,0.19542814131604277,0.022376203536987216,7.6499999999999995,16.8,16.8,0.0,0.46547334121672523,0.7152082392859349,0.2940201031638925,0.023012208938598455,4.425000000000001,7.6499999999999995,-3.2249999999999988,-0.16643883216337707
d68a77aecb344f8daece8b4f49952309,1.0274181538060456,3.794733192202056,0.0,0.44999999999999996,0.12599550690271397,0.22025746965417742,0.1723775648960834,0.05221939086914018,1.0274181538060456,3.794733192202056,0.0,0.44999999999999996,0.12599550690271397,0.22025746965417742,0.1723775648960834,0.05221939086914018,1.0274181538060456,1.0274181538060456,0.0,0.0
d68e378d210a42e4a1340f034140e8cc,0.0,0.0,0.0,0.0,0.18645854268127054,0.2859407612929007,0.10529961216367989,0.013987541198731357,0.0,0.0,0.0,0.0,0.030102075841939517,0.0648243508177012,0.012079335550694058,0.013574838638306552,0.0,0.0,0.0,0.15635646683933102
d6cfd121af0b4da893057dae97b0c744,0.631066017177982,2.3999999999999986,2.3999999999999986,0.07500000000000018,0.03558862594374868,0.11794164838760975,0.023717868515030154,0.00901894569396866,0.5121320343559645,1.697056274847718,0.0,0.22500000000000053,0.05508405451421389,0.12167285766126433,0.01329187509882166,0.014171934127807262,0.631066017177982,0.5121320343559645,0.1189339828220175,-0.019495428570465205
d6f301139d6a4ab6bcdeadb3267cea1e,0.07500000000000018,1.2000000000000028,0.0,0.0,0.07865071502629326,0.18137615521855624,0.08870253398206636,0.01255302429199201,0.2250000000000001,2.3999999999999986,0.0,0.0,0.12041818753172184,0.24072172439062955,0.13076624159374867,0.012004995346069247,0.07500000000000018,0.2250000000000001,-0.1499999999999999,-0.04176747250542859
d778d608ec584bb19e63dc955ad32a90,0.07499999999999996,1.1999999999999993,0.0,0.0,0.061666528075867096,0.11646966878788706,0.006343749430449355,0.007855939865111683,0.38717082451262896,3.7947331922020573,3.7947331922020573,0.22500000000000053,0.033446785497494066,0.07742069302305585,0.038318084522976754,0.016132593154906782,0.07499999999999996,0.38717082451262896,-0.312170824512629,0.02821974257837303
d7f023cebff64a64956e486bc608383d,17.474999999999998,32.39999999999999,32.39999999999999,0.0,2.1852375558509847,3.1953885834850926,1.2119303095135443,0.04020152091980078,16.349999999999998,32.39999999999999,32.39999999999999,0.0,2.0860696896519295,3.051218253813412,1.2006430247646551,0.036173057556152965,17.474999999999998,16.349999999999998,1.125,0.09916786619905515
d87440c539d841bcae6c49eef4b75724,0.22499999999999964,1.2000000000000028,1.2000000000000028,0.0,0.05800928839321029,0.1189047274091833,0.019822542482007596,0.0013545513153068178,0.22499999999999964,1.2000000000000028,1.2000000000000028,0.0,0.05800928839321029,0.1189047274091833,0.019822542482007596,0.0013545513153068178,0.22499999999999964,0.22499999999999964,0.0,0.0
d90479b1116147de9244fc9faeb3c6cc,2.7243416490252566,8.399999999999999,8.399999999999999,0.15000000000000036,0.33688378144752645,0.647374826978092,0.0498759105458537,0.034317398071288974,0.7987711154904663,2.683281572999751,0.0,0.15000000000000036,0.21585702611838914,0.39337601367238534,0.07991150778770535,0.03628005981445259,2.7243416490252566,0.7987711154904663,1.9255705335347901,0.12102675532913731
d9ab75f6eff74071812c9e8c5d091553,1.5749999999999995,7.199999999999999,0.0,0.0,0.15164503992497608,0.4681513559526206,0.008875579881204068,0.008417415618896307,1.5749999999999995,7.199999999999999,0.0,0.0,0.18131412352953952,0.5272419851181516,0.022146727556494366,0.008864593505858664,1.5749999999999995,1.5749999999999995,0.0,-0.02966908360456344
d9bc9c46b0d44cb09757ff9dbb6bb1dc,0.4987711154904665,2.6832815729997477,0.0,0.1499999999999999,0.05517883485424998,0.087305315026645,0.05331907498513678,0.01562604904174858,0.4987711154904665,2.6832815729997477,0.0,0.1499999999999999,0.06188915634613306,0.09140767880960066,0.06071208568007197,0.01995177268981907,0.4987711154904665,0.4987711154904665,0.0,-0.006710321491883081
da2afef1b0fa4340abfe23843d6cc4f8,11.174999999999999,22.8,22.8,0.0,1.63931725411331,2.318312994156511,1.0757597372804053,0.03878059387207067,10.95,19.2,19.2,0.0,1.603673202751076,2.2250963569515494,1.107906600705872,0.03715538978576616,11.174999999999999,10.95,0.22499999999999964,0.03564405136223403
da3c26d4d7c44efc83d854be98efb5d7,1.575,3.5999999999999943,1.2000000000000028,0.0,0.22726418896644685,0.3097662339072607,0.12909643285707553,0.0027289867401134593,1.4250000000000003,3.5999999999999943,1.2000000000000028,0.0,0.21579925597925353,0.27805222446377403,0.12718124554182275,0.003687858581543413,1.575,1.4250000000000003,0.1499999999999997,0.01146493298719331
da5d7b805cdc4258b39673c199ef4408,3.5324264635194584,8.399999999999999,8.399999999999999,0.07500000000000018,0.5964103706809132,1.004193243587718,0.28515957652500873,0.02612199783325142,3.0,6.0,3.6000000000000014,0.0,0.5965239366841515,1.0161204582322454,0.31701059825619915,0.02548356056213308,3.5324264635194584,3.0,0.5324264635194584,-0.0001135660032383079
db28b78ad54d4ec1a5959e285a0a726c,1.0252534783282476,4.326661530556785,0.0,0.375,0.2433310515026737,0.4241766651706189,0.1762540122845889,0.02264328002929661,4.647645991706144,31.55709112069742,31.55709112069742,3.7875000000000005,0.22511882424723928,0.3829929873950733,0.1115274285075841,0.02470350265502841,1.0252534783282476,4.647645991706144,-3.6223925133778963,0.01821222725543442
db2f0c648d724b38b97e4be53c30c14c,0.07499999999999996,1.1999999999999993,0.0,0.0,1.2938677113210864,1.827649349710711,0.8256654560089453,0.01798138618469336,0.07499999999999996,1.1999999999999993,0.0,0.0,1.0207666206432047,1.5114999896944201,0.5977373942738176,0.007650232315062677,0.07499999999999996,0.07499999999999996,0.0,0.2731010906778817
db655797a4be45e69c6d0c11b07012c9,0.6298759228251127,3.7947331922020573,0.0,0.15000000000000036,0.061976726570062826,0.14434651964656647,0.14434651964656647,0.015137815475463334,1.0714037464339532,4.947726750741191,3.6000000000000014,0.15000000000000036,0.11333447052839564,0.16476880751963593,0.16476880751963593,0.015532064437866477,0.6298759228251127,1.0714037464339532,-0.44152782360884046,-0.05135774395833281
dbf325464bcb4f5da8b523e5d5b70571,0.5604101966249679,2.6832815729997446,0.0,0.14999999999999947,0.18163135097518962,0.27773921342147856,0.23532423157625218,0.019735193252564454,0.5604101966249679,2.6832815729997446,0.0,0.14999999999999947,0.1745338175143549,0.26404235214061655,0.21999078123395494,0.02194733619689826,0.5604101966249679,0.5604101966249679,0.0,0.007097533460834721
dc53f0d721694157832cc9fc73daa275,0.6749999999999996,2.400000000000002,1.1999999999999957,0.0,0.0619854727744166,0.12563117643591382,0.02330811520627961,0.005036401748655717,0.6749999999999996,2.400000000000002,1.1999999999999957,0.0,0.06581337334178264,0.12574595210272654,0.017230769441690667,0.006570339202879527,0.6749999999999996,0.6749999999999996,0.0,-0.0038279005673660382
dc716f0a1f43461882972185183fc59a,0.0,0.0,0.0,0.0,0.32104704520336547,0.5653078903865001,0.12088026145700709,0.013067579269407936,0.0,0.0,0.0,0.0,0.13709182104270373,0.33288954768035667,0.023545329887132985,0.009334945678710849,0.0,0.0,0.0,0.18395522416066173
dc7a30c214b74b4c9e66aff9c031e650,1.3499999999999992,3.599999999999998,0.0,0.0,0.13178276307667086,0.27550953011390955,0.07209970457137789,0.00629796981811559,1.3499999999999992,3.599999999999998,0.0,0.0,0.1288268503837191,0.2752695874884148,0.07961028715582916,0.00772576332092223,1.3499999999999992,1.3499999999999992,0.0,0.0029559126929517565
dd2a7d0d03ae41d8b253063ac65b352b,8.992181198483847,31.771685507696944,31.771685507696944,1.5,0.2983575590661628,0.45615015445695756,0.22574077976901483,0.026504373550415128,1.6350441141351368,5.366563145999499,4.3266615305567875,0.5999999999999996,0.24728385775430006,0.37703781753097626,0.20988848214502884,0.02737398147582981,8.992181198483847,1.6350441141351368,7.35713708434871,0.05107370131186273
dd5ee2902c8f4fbda194166b113fa1d5,0.07499999999999996,1.1999999999999993,0.0,0.0,0.10551111433072201,0.1533670584447119,0.10443139505943337,0.08226299285888627,0.07499999999999996,1.1999999999999993,0.0,0.0,0.10494188757234169,0.18266091395062434,0.09054933299430033,0.08086481094360298,0.07499999999999996,0.07499999999999996,0.0,0.0005692267583803229
de8939d47a33454c93802e48984dfd0c,3.9749999999999996,9.600000000000001,9.600000000000001,0.0,0.5727964239976675,0.9238113369736944,0.264390800506745,0.008537149429320934,4.125,9.600000000000001,9.600000000000001,0.0,0.6498745470897656,1.0372959463485827,0.324856066834433,0.00839581489562935,3.9749999999999996,4.125,-0.15000000000000036,-0.07707812309209805
de9b8cb7b73f4c3185810cbfa709b581,0.5999999999999994,1.2000000000000028,1.1999999999999957,0.0,0.08332383321752637,0.11298975540955757,0.052831998505994564,0.0038319110870363993,0.3750000000000002,2.3999999999999986,1.2000000000000028,0.0,0.01841996379253636,0.030628517881900522,0.024273711627270947,0.005269145965577149,0.5999999999999994,0.3750000000000002,0.2249999999999992,0.06490386942499002
deda9a86f9b6415f87902aeede40297f,3.6903295029022125,9.67470929795826,9.67470929795826,0.22500000000000053,0.5248665194540725,0.8273112985507899,0.3672655316301898,0.0157645225524905,3.909999417012302,9.67470929795826,9.67470929795826,0.15000000000000036,0.6105330525366726,0.9761313488382503,0.36941529046381266,0.017038965225220526,3.6903295029022125,3.909999417012302,-0.21966991411008951,-0.08566653308260008
df0dbb5594c645ccb22a78c8a4fb01c3,0.5121320343559644,2.3999999999999986,2.3999999999999986,0.15000000000000036,0.059015716380777905,0.10474401331595808,0.042865329009442066,0.013785982131957919,0.48106601717798214,2.3999999999999986,2.3999999999999986,0.07500000000000018,0.06641925684493587,0.09923910391339406,0.05489578264035881,0.006731128692626598,0.5121320343559644,0.48106601717798214,0.031066017177982297,-0.007403540464157962
df1322915fd545e391a31d837f092a21,0.5371708245126283,3.7947331922020484,1.2000000000000028,0.07499999999999973,0.03474826776631992,0.06857843553199841,0.018027184995592794,0.008584499359131748,0.5371708245126283,3.7947331922020484,1.2000000000000028,0.07499999999999973,0.03474826776631992,0.06857843553199841,0.018027184995592794,0.008584499359131748,0.5371708245126283,0.5371708245126283,0.0,0.0
dfb307a2f651452396d6636774d07bf3,0.0,0.0,0.0,0.0,0.023351812180121216,0.043862254090602355,0.040275598913681404,0.002963876724244141,0.0,0.0,0.0,0.0,0.023351812180121216,0.043862254090602355,0.040275598913681404,0.002963876724244141,0.0,0.0,0.0,0.0
dff1f7b7bb5740e7afbacd0532234892,1.0670079571810775,3.7947331922020573,3.7947331922020573,0.3000000000000007,0.12899873051102284,0.25375626914221733,0.09111484919323332,0.008094263076781516,0.5298371326684491,2.6832815729997477,0.0,0.22500000000000053,0.09600455251967897,0.20506433506991864,0.05601340282992923,0.00941791534423686,1.0670079571810775,0.5298371326684491,0.5371708245126284,0.03299417799134387
e0359b8fff1b4dcd80b4c42b427017b0,0.0,0.0,0.0,0.0,1.378356433381615,2.007170949995159,0.7270476409122574,0.04210910797119061,0.22499999999999987,3.599999999999998,0.0,0.0,1.482141520376326,2.2445268868621104,0.7995339459369472,0.04518442153930646,0.0,0.22499999999999987,-0.22499999999999987,-0.103785086994711
e0b36d5176c148a3b5d3433b660efbf1,0.6492640687119291,1.697056274847718,1.697056274847718,0.37500000000000044,0.0963768475623779,0.1764825228258105,0.05669099954410799,0.05814828872680522,0.6492640687119291,1.697056274847718,1.697056274847718,0.37500000000000044,0.09672586875100178,0.17877849675702256,0.05605119824037988,0.058673143386841264,0.6492640687119291,0.6492640687119291,0.0,-0.0003490211886238853
e116c259bf3c453cbcc6c76e9ca6042f,4.6173101245893315,12.97998459167036,0.0,2.250000000000001,0.06639669105950438,0.11471612090661268,0.045907772134611426,0.020460033416748846,4.6173101245893315,12.97998459167036,0.0,2.250000000000001,0.06658784245034821,0.12575052819848537,0.017879197167373215,0.019386863708496627,4.6173101245893315,4.6173101245893315,0.0,-0.00019115139084383004
e12fcf96194e4bf9beaf357beb424d02,0.1499999999999999,1.2000000000000028,0.0,0.0,0.024650172431871398,0.03667367422001662,0.02463575943409462,0.004473352432251332,1.7249999999999996,3.6000000000000014,0.0,0.0,0.21608096921357206,0.3107480116480974,0.10683362805112323,0.0015768527984625358,0.1499999999999999,1.7249999999999996,-1.5749999999999997,-0.19143079678170066
e203a50f5a2441aebd2104ae235e26d9,2.0249999999999986,3.599999999999998,3.599999999999998,0.0,0.07586124274120096,0.1801565018666696,0.08417595632212282,0.008939123153686612,2.0249999999999986,3.599999999999998,3.599999999999998,0.0,0.07925084884537058,0.18617029821435155,0.09710075799952224,0.009868383407591441,2.0249999999999986,2.0249999999999986,0.0,-0.0033896061041696207
e256cf1605074ced9afc24d78efd5449,0.4500000000000002,1.2000000000000028,0.0,0.0,0.12742071330099633,0.24925432222260566,0.1400655550567341,0.009490585327148526,0.5249999999999995,1.2000000000000028,0.0,0.0,0.13341106038209496,0.3103099303682989,0.09123286253300768,0.010786199569702504,0.4500000000000002,0.5249999999999995,-0.07499999999999929,-0.005990347081098635
e28f9cf0b4364265b27bd8be6ce5b0dd,4.0640079933671736,9.67470929795826,9.67470929795826,0.22500000000000053,0.5983785745956278,0.8585052667344588,0.44499593707941887,0.025490140914917525,3.0796693311223913,9.67470929795826,9.67470929795826,0.07500000000000018,0.5047662083201383,0.7320108739612379,0.32523467638377546,0.016621112823487216,4.0640079933671736,3.0796693311223913,0.9843386622447823,0.09361236627548952
e3b3a7a870574ce096721f8d7d149e0b,0.8433780142849956,7.299315036357867,3.7947331922020573,0.15000000000000036,0.07725648705528061,0.24326961613076,0.03397242697275978,0.01028351783752468,0.7683780142849954,7.299315036357867,3.7947331922020573,0.15000000000000036,0.06330917128628408,0.2104664638121051,0.02891221435977627,0.009861373901367987,0.8433780142849956,0.7683780142849954,0.07500000000000018,0.013947315768996535
e3e8620024894ed6aa6f9a5cc1d8768e,1.3654401116936907,7.29931503635786,0.0,0.15000000000000036,0.15883779948664306,0.2311181830503549,0.12502953147219947,0.010818958282470703,1.7324264635194588,6.118823416311343,1.2000000000000028,0.07500000000000018,0.24655691377594474,0.3727788315606551,0.12315530786780915,0.01316514015197745,1.3654401116936907,1.7324264635194588,-0.3669863518257681,-0.08771911428930168
e3ed49fbeb5f4c55a43d511366a00a48,0.30000000000000027,1.2000000000000028,1.2000000000000028,0.0,0.09332440863618788,0.16404954130539873,0.11455257248515023,0.004939126968383611,0.30000000000000027,1.2000000000000028,1.2000000000000028,0.0,0.09865155369784247,0.15492623462797375,0.12076454532708128,0.004855728149413707,0.30000000000000027,0.30000000000000027,0.0,-0.0053271450616545896
e41404a0197e46d8bdb654ba93627cdb,1.01189255946275,4.3266615305567875,0.0,0.375,0.10862647605171649,0.20229254152512,0.18820981711443457,0.04932618141174361,1.01189255946275,4.3266615305567875,0.0,0.375,0.10862647605171649,0.20229254152512,0.18820981711443457,0.04932618141174361,1.01189255946275,1.01189255946275,0.0,0.0
e471aaf2fed44636b543e9aebd427664,0.0,0.0,0.0,0.0,0.8947208883194264,1.3903678812563325,0.4875397817316145,0.018211555480956765,1.5749999999999995,7.199999999999999,0.0,0.0,1.2438133312753124,1.9346987892945922,0.7178588544468788,0.018456172943115412,0.0,1.5749999999999995,-1.5749999999999995,-0.34909244295588593
e4da10b6200f404fa340ed1a07177c89,0.8250000000000008,3.6000000000000014,3.6000000000000014,0.0,0.1959225558042581,0.4383607356504042,0.08581220809348306,0.0037280559539794034,0.4500000000000002,3.6000000000000014,3.6000000000000014,0.0,0.11853862838654905,0.33028099799300537,0.022936669949066617,0.0060250282287612755,0.8250000000000008,0.4500000000000002,0.37500000000000067,0.07738392741770905
e4f5831c844f4ee38d09837b0dc62f93,1.8749999999999996,4.799999999999997,2.3999999999999986,0.0,0.4129278554473941,0.6136288447218833,0.2602903716286335,0.011198329925536932,2.7750000000000004,4.800000000000004,4.800000000000004,0.0,0.494802524362337,0.710209901079617,0.3138072714511305,0.011815881729125621,1.8749999999999996,2.7750000000000004,-0.9000000000000008,-0.08187466891494294
e578bc5505b94ead8126cdc69730e64e,0.2999999999999998,2.400000000000002,1.1999999999999957,0.0,0.06094409458072032,0.1352183695464083,0.021153328744173163,0.007876396179198775,0.2250000000000003,2.400000000000002,0.0,0.0,0.12035158902621995,0.21991431446153675,0.038540761205763316,0.008181810379027432,0.2999999999999998,0.2250000000000003,0.07499999999999951,-0.05940749444549963
e66e2be809cc463384cdee4c86f66430,0.842705098312484,2.683281572999751,1.2000000000000028,0.07500000000000018,0.2884386900532585,0.3909632604633982,0.18583718939964824,0.017257404327391868,2.061512473537886,4.800000000000004,4.800000000000004,0.22500000000000053,0.4024537015915782,0.5791180800247185,0.28397392460184845,0.02840509414672754,0.842705098312484,2.061512473537886,-1.2188073752254018,-0.11401501153831967
e691aa5350704584803ae3b3aebcd6e9,0.5999999999999996,1.2000000000000028,1.1999999999999957,0.0,0.03249866515905254,0.06971153934654194,0.016503220323831214,0.004651880264280983,0.6177050983124842,2.6832815729997477,1.1999999999999957,0.07500000000000018,0.0224315365753847,0.07293710090919132,0.006679272387806771,0.003423786163329723,0.5999999999999996,0.6177050983124842,-0.01770509831248457,0.010067128583667838
e6c7984c3dab4aed84fcd62f209a5086,0.3750000000000002,2.3999999999999986,0.0,0.0,0.043970895616092756,0.10271736031771776,0.05115436794103668,0.0024471759796145243,0.3750000000000002,2.3999999999999986,0.0,0.0,0.043970895616092756,0.10271736031771776,0.05115436794103668,0.0024471759796145243,0.3750000000000002,0.3750000000000002,0.0,0.0
e772ba54f9514da4810e513149ce6fe3,0.7798759228251131,3.7947331922020573,0.0,0.15000000000000036,0.10577722744520986,0.1756761859789307,0.09853130367070681,0.006478500366211115,0.4621708245126287,3.7947331922020573,0.0,0.07500000000000018,0.06896273266338675,0.13682032493762392,0.05643470230912979,0.005700159072874911,0.7798759228251131,0.4621708245126287,0.3177050983124844,0.03681449478182311
e8047e5dbf074f9cb981164c9d2d1f1f,0.675,2.3999999999999986,0.0,0.0,0.10017027832255135,0.17781398286761974,0.058285092799083865,0.0056382179260254794,0.5999999999999999,2.3999999999999986,0.0,0.0,0.11162155122508456,0.18886499080180555,0.04652599189276829,0.007088756561278942,0.675,0.5999999999999999,0.07500000000000018,-0.011451272902533213
e92a9c1aa6bd4d449ae6a6ab99b4fb3c,1.067705098312484,4.799999999999997,4.799999999999997,0.07500000000000018,0.17318407317032858,0.25882120337717535,0.089141727331201,0.010448455810545543,0.9177050983124843,4.799999999999997,4.799999999999997,0.07500000000000018,0.1282709539570494,0.2193656403313196,0.037427686443675556,0.010749006271363104,1.067705098312484,0.9177050983124843,0.1499999999999998,0.04491311921327917
e961b547d4514eb3bab9debf6191bff0,4.953119593409422,14.449913494550753,14.449913494550753,0.07500000000000018,0.5873922514708442,0.7964781522186198,0.39142537095283453,0.014042615890502486,4.725,9.600000000000001,9.600000000000001,0.0,0.5996082574353445,0.7721824327561579,0.5001743736371911,0.01571817398071218,4.953119593409422,4.725,0.22811959340942245,-0.012216005964500343
e9790d775ba34509ba79d97344f11bfc,0.0,0.0,0.0,0.0,0.20489240471968728,0.2894558332944926,0.19499841014206354,0.0034262180328372693,0.0,0.0,0.0,0.0,0.1614261677495398,0.22692243807594248,0.1682065439013126,0.0025929450988764202,0.0,0.0,0.0,0.04346623697014748
e9917b5c818042fd9de5ba5789024f4c,0.9750000000000003,3.599999999999998,0.0,0.0,0.1475453311675783,0.28156154339761996,0.07919953768933163,0.003202915191651279,3.2249999999999996,8.399999999999999,8.399999999999999,0.0,0.3324609750534383,0.47837069664440096,0.31457646642512355,0.005644083023070845,0.9750000000000003,3.2249999999999996,-2.249999999999999,-0.18491564388586001
ea0fd790654b417fa8501ed27691e470,0.2250000000000001,3.6000000000000014,0.0,0.0,0.06426135952861685,0.10694249892550392,0.10694249892550392,0.004089403152465199,0.33106601717798245,2.3999999999999986,1.2000000000000028,0.15000000000000036,0.06624779520805749,0.10357933820152149,0.013195370540083263,0.00547285079956028,0.2250000000000001,0.33106601717798245,-0.10606601717798236,-0.0019864356794406374
ea18c2675c464907a0328f7018e3f09b,1.5305850585493876,5.366563145999493,3.794733192202055,0.6000000000000001,0.10166243645113562,0.22221606795654192,0.04822365604200405,0.03215246200561417,1.5567623332530316,5.366563145999493,3.794733192202055,0.6749999999999998,0.0863955297700843,0.1831919119063698,0.08862320825073018,0.05418305397033629,1.5305850585493876,1.5567623332530316,-0.02617727470364395,0.015266906681051323
ea623fca2159452e95764488d0198e01,0.3750000000000002,1.2000000000000028,0.0,0.07500000000000018,0.07624948602884107,0.20179550009113126,0.018636252995436104,0.05041065216064311,0.675,1.2000000000000028,0.0,0.07500000000000018,0.11276957510379086,0.21169710900429492,0.05816753304982659,0.04270834922790412,0.3750000000000002,0.675,-0.2999999999999998,-0.03652008907494979
eacae173a84341ef99ed1e504ee8c5ce,1.125,3.6000000000000014,1.1999999999999957,0.0,0.11405159322786848,0.20441575982411347,0.0627837281265211,0.004289102554321467,1.2,3.6000000000000014,1.1999999999999957,0.0,0.19471027437076582,0.3477693987237954,0.10097633392976306,0.005708312988281339,1.125,1.2,-0.07499999999999996,-0.08065868114289734
eadccf56ddb0498ca3ef4c10b4f1d5fa,0.8575483800157633,4.3266615305567875,1.1999999999999993,0.5249999999999999,0.17838060116309656,0.38912831067943293,0.12187052303582857,0.01568341255187944,0.8575483800157633,4.3266615305567875,1.1999999999999993,0.5249999999999999,0.1671242246550978,0.3628459788085504,0.12154009264473623,0.015450382232665927,0.8575483800157633,0.8575483800157633,0.0,0.011256376507998767
eade13bbfa434509ba0de2bc6f1f80f7,0.5250000000000001,2.3999999999999986,0.0,0.0,0.06517095682015786,0.16229612286121686,0.063081704417874,0.013458824157712712,0.15000000000000013,1.2000000000000028,0.0,0.0,0.06542280938046027,0.10013418047653183,0.10013418047653183,0.011041545867918945,0.5250000000000001,0.15000000000000013,0.375,-0.00025185256030241243
eb199c31a7d04065950832a70c52b03d,3.8620594424656343,12.059850745345068,12.059850745345068,0.3750000000000009,0.6685458248805345,0.8719819604183225,0.5246616685170644,0.04895882606506241,3.4874295830243858,8.48528137423857,8.48528137423857,0.3750000000000009,0.649323067057453,0.8722034750957839,0.5042048757635821,0.04949741363525284,3.8620594424656343,3.4874295830243858,0.3746298594412485,0.01922275782308147
eb4f3452518141a688b3243baa2f2f5f,2.0493416490252567,3.7947331922020573,2.3999999999999986,0.15000000000000036,0.4972553934552699,0.8775095596089088,0.25623321046612013,0.021964931488036132,2.868465843842649,4.947726750741194,4.799999999999997,0.15000000000000036,0.6041985469557134,0.9737958216651257,0.3557660905634949,0.028318262100218927,2.0493416490252567,2.868465843842649,-0.8191241948173924,-0.10694315350044348
eb6b65bba724437482ea88a0ddf75fe3,1.0500000000000003,2.4000000000000057,1.2000000000000028,0.0,0.2001490202652592,0.35068562600854297,0.09890144312417107,0.00909490585327255,0.825,2.400000000000002,0.0,0.0,0.1349798313599857,0.2580241737190553,0.058988820174544467,0.006459331512452149,1.0500000000000003,0.825,0.2250000000000003,0.06516918890527348
ec54ea277df94826953a7bba154b6ca4,0.9749999999999999,3.6000000000000014,3.6000000000000014,0.0,0.214505330351909,0.35782750028762145,0.21528641859920689,0.01063542366027903,0.9749999999999999,3.6000000000000014,3.6000000000000014,0.0,0.21258754727354479,0.35470353780643876,0.1755436126186702,0.010568189620972834,0.9749999999999999,0.9749999999999999,0.0,0.0019177830783642102
eda4d0b31b36438f8cd882456a27b698,1.8871708245126282,4.799999999999997,4.799999999999997,0.07500000000000018,0.279754160299452,0.3663408646889821,0.15726427117881664,0.014156913757324308,0.7677050983124837,3.5999999999999943,3.5999999999999943,0.07500000000000018,0.1792756382795821,0.26592869486668796,0.07108345515584068,0.012950277328490412,1.8871708245126282,0.7677050983124837,1.1194657262001444,0.1004785220198699
ee43cd05608e4e9e9f741d38397c2131,1.6500000000000004,6.0,6.0,0.0,0.295244948167905,0.40296303689847285,0.33619648037364264,0.01046547889709526,2.175,6.0,6.0,0.0,0.368206615307628,0.4807730490617312,0.40005469920927217,0.011130094528198686,1.6500000000000004,2.175,-0.5249999999999995,-0.07296166713972302
ee6c72d8922a47efbe27d93d826009a8,0.5249999999999999,2.3999999999999986,0.0,0.0,0.09985120456091481,0.14583570608557772,0.060164615684941324,0.00535368919372603,0.5249999999999999,2.3999999999999986,0.0,0.0,0.09985120456091481,0.14583570608557772,0.060164615684941324,0.00535368919372603,0.5249999999999999,0.5249999999999999,0.0,0.0
eecfebabb58247e1aff3d8771928d4f9,0.4987711154904665,2.683281572999751,0.0,0.15000000000000036,0.06539730090457388,0.10629136385280798,0.0640028391713655,0.028727960586548473,0.4987711154904665,2.683281572999751,0.0,0.15000000000000036,0.06539730090457388,0.10629136385280798,0.0640028391713655,0.028727960586548473,0.4987711154904665,0.4987711154904665,0.0,0.0
f00c919a5e07495c927062d083fbdd2d,6.802317876922427,15.273506473629425,15.273506473629425,3.825,0.31942457333921714,0.5839592158662557,0.08868491987251606,0.10371794700622683,7.576431709187823,15.273506473629425,15.273506473629425,4.050000000000001,0.432866890376622,0.7552770131771811,0.1460218418980724,0.1400276184082032,6.802317876922427,7.576431709187823,-0.774113832265396,-0.11344231703740487
f097fef323a943e9b4c681e8ac9639d4,0.22499999999999964,1.2000000000000028,1.1999999999999957,0.0,0.02372549351858392,0.07056177447295807,0.014360628064591565,0.006067800521850852,0.5249999999999997,2.3999999999999986,2.3999999999999986,0.07500000000000018,0.07322100495821968,0.1291867574736847,0.03511068319185621,0.005873823165893022,0.22499999999999964,0.5249999999999997,-0.30000000000000004,-0.04949551143963576
f0dcde0d23b04fbfae1df5d715b367c3,1.8934658438426493,4.947726750741191,3.6000000000000014,0.15000000000000036,0.2946432179673216,0.5203357205654459,0.11991754767325413,0.013745927810669745,1.1737711154904669,6.0,3.6000000000000014,0.22500000000000053,0.11006116101241563,0.25740085328045814,0.027986043895870897,0.00788769721984961,1.8934658438426493,1.1737711154904669,0.7196947283521824,0.18458205695490598
f2385b67dc0d4a9bb04f64287913a2c5,0.8249999999999997,3.5999999999999943,2.3999999999999986,0.0,0.08692211204004051,0.1205416045641614,0.076096790197784,0.010367774963377485,0.5249999999999999,2.3999999999999986,0.0,0.0,0.0865308358794002,0.1296012327314482,0.06213585338648013,0.012829256057740324,0.8249999999999997,0.5249999999999999,0.2999999999999998,0.00039127616064030257
f2404554d134460bb96f8e0496cd5e7e,3.1499999999999995,9.600000000000001,9.600000000000001,0.0,0.36339407668327495,0.48644234978165735,0.27842687337427624,0.01556982994079581,3.299999999999999,9.600000000000001,9.600000000000001,0.0,0.39890971193899344,0.5250992369097034,0.3023698979121252,0.019885826110839666,3.1499999999999995,3.299999999999999,-0.14999999999999947,-0.03551563525571849
f28577f482674846a1c861009c1e17b3,0.07499999999999973,1.1999999999999957,0.0,0.0,0.03865108617372605,0.06479976196868599,0.0564609032725224,0.0038632392883299893,0.07499999999999973,1.1999999999999957,0.0,0.0,0.03865108617372605,0.06479976196868599,0.0564609032725224,0.0038632392883299893,0.07499999999999973,0.07499999999999973,0.0,0.0
f2a3f3ce4dff4e92aa9fef20f0ca96a6,0.07500000000000018,1.2000000000000028,0.0,0.0,0.05422783830420285,0.10658095637131404,0.01346071181880553,0.0025036811828611505,0.07500000000000018,1.2000000000000028,0.0,0.0,0.05422783830420285,0.10658095637131404,0.01346071181880553,0.0025036811828611505,0.07500000000000018,0.07500000000000018,0.0,0.0
f313df432d9a4ed39d2f0e4bd9d1231d,0.5249999999999999,2.3999999999999986,0.0,0.0,0.18168733663230002,0.3865075450660439,0.03544417620786045,0.004829549789428622,0.5249999999999999,2.3999999999999986,0.0,0.0,0.18168733663230002,0.3865075450660439,0.03544417620786045,0.004829549789428622,0.5249999999999999,0.5249999999999999,0.0,0.0
f3163ef9b94846d8afe06102aa85c3bb,0.48106601717798203,1.6970562748477156,0.0,0.07500000000000018,0.07868826911155705,0.1325053391578093,0.03774666451587467,0.00860066413879279,0.5560660171779821,1.697056274847718,0.0,0.07500000000000018,0.08318137487337011,0.15005264456788067,0.03372891864468983,0.0030913352966304153,0.48106601717798203,0.5560660171779821,-0.07500000000000007,-0.004493105761813068
f317c59ec4654c46afde74c81d0ca7ff,0.8999999999999995,2.3999999999999986,0.0,0.0,0.14540219058181825,0.22199145754883212,0.09223056282517407,0.012886905670166371,0.8999999999999995,2.3999999999999986,0.0,0.0,0.13651373325309646,0.21653321145916418,0.08876488624473156,0.009422349929809837,0.8999999999999995,0.8999999999999995,0.0,0.008888457328721788
f36adbd7424e4da3afea193cbb150e6c,0.07500000000000018,1.2000000000000028,0.0,0.07500000000000018,0.02836345930994011,0.06679316109603498,0.027493993138417515,0.015171718597412287,0.07500000000000018,1.2000000000000028,0.0,0.07500000000000018,0.02836345930994011,0.06679316109603498,0.027493993138417515,0.015171718597412287,0.07500000000000018,0.07500000000000018,0.0,0.0
f3b260af549742c59e9434b8c7267b0c,0.4499999999999995,2.400000000000002,0.0,0.0,0.10911438932081524,0.239582116694839,0.031709831104304885,0.015536355972289861,0.5999999999999996,2.400000000000002,0.0,0.0,0.14697581390628478,0.32536256868287095,0.022958290305813332,0.009108781814574751,0.4499999999999995,0.5999999999999996,-0.15000000000000013,-0.03786142458546954
f3cbcf06a5b6444eb882e36f9dfc92f6,0.1499999999999999,2.3999999999999986,0.0,0.0,0.024922551261864982,0.08713918264746656,0.019030993391692418,0.0035448074340820312,0.0,0.0,0.0,0.0,0.048770195801049306,0.0953118469482671,0.02080561735289083,0.007254838943481889,0.1499999999999999,0.0,0.1499999999999999,-0.023847644539184323
f438741fc77c43358f7e61079e7d1e2d,0.7104101966249692,2.6832815729997477,0.0,0.15000000000000036,0.06710787859426909,0.13151136277610398,0.009855533852513993,0.008161640167236417,0.6177050983124849,2.6832815729997477,0.0,0.07500000000000018,0.06597695764453818,0.1067938177774341,0.0011206611918654508,0.007685995101928356,0.7104101966249692,0.6177050983124849,0.0927050983124843,0.0011309209497309125
f4c4a1d61cd14f16b3e95c43aee83d5a,7.625024326541784,23.175849498993557,23.175849498993557,3.4500000000000006,0.30543392822495274,0.38948440521868216,0.1678997564093707,0.18121719360351562,5.989041479321169,21.63330765278393,18.985520798756085,4.256250000000001,0.26979569909106793,0.3594406253853875,0.13996644890148482,0.17809152603149325,7.625024326541784,5.989041479321169,1.6359828472206148,0.03563822913388481
f55f3938b032475586499859d93c0d5b,3.0170837106671247,9.67470929795826,9.67470929795826,0.22500000000000053,0.44585250078311184,0.8507008675412299,0.15733043728957583,0.017681980133057884,1.0621708245126285,3.7947331922020573,3.7947331922020573,0.07500000000000018,0.2607655571591355,0.5010974299716109,0.09789890699915053,0.014896059036255682,3.0170837106671247,1.0621708245126285,1.9549128861544962,0.18508694362397632
f645a666e16b432da89e0e53788a5cd0,0.7592329219213252,4.947726750741194,1.2000000000000028,0.07500000000000018,0.11704018517713494,0.26625393226449445,0.06953327848725355,0.023503732681273704,0.9842329219213253,4.947726750741194,2.4000000000000057,0.07500000000000018,0.15742189004688098,0.3078409985659977,0.12750826709562246,0.02654728889465252,0.7592329219213252,0.9842329219213253,-0.2250000000000001,-0.04038170486974604
f6822c3263db4253ae673e5855fd3adf,0.46217082451262914,3.7947331922020573,1.2000000000000028,0.07500000000000018,0.05938239128873572,0.1320485902000768,0.029556333810627246,0.009281301498412109,1.1792175718503697,3.7947331922020573,2.6832815729997477,0.30000000000000027,0.16391872882852038,0.3304361161217921,0.09241448661121332,0.026150608062743608,0.46217082451262914,1.1792175718503697,-0.7170467473377405,-0.10453633753978465
f6ffc3dd4a2c4c0f8d750e385f1b899f,0.2250000000000001,1.2000000000000028,0.0,0.0,0.08607051510514677,0.1519478019898119,0.05684432712555005,0.020272636413574574,0.4500000000000002,1.2000000000000028,0.0,0.0,0.14695909292490641,0.26575853573181957,0.07913501482493275,0.02535996437072585,0.2250000000000001,0.4500000000000002,-0.2250000000000001,-0.06088857781975965
f76dc79b39874904994b30384c70275f,3.1225810211375964,9.599999999999994,7.199999999999996,0.22500000000000053,0.3610646262434658,0.6094829656136715,0.13933497076520673,0.026922225952149326,1.6499999999999997,6.0,6.0,0.0,0.25668901013666123,0.5063290829830679,0.11138586222326219,0.021927452087402877,3.1225810211375964,1.6499999999999997,1.4725810211375967,0.10437561610680457
f7fb64937ce245a889126f85be998feb,0.7060660171779825,2.3999999999999986,1.2000000000000028,0.15000000000000036,0.09114035063436775,0.20231078927374652,0.07227178650441313,0.013804006576539685,1.838492480697441,6.118823416311343,1.697056274847718,0.15000000000000036,0.25199177604721257,0.4489007660000051,0.18166417228826479,0.018465757369997338,0.7060660171779825,1.838492480697441,-1.1324264635194585,-0.1608514254128448
f8749c3120c641758221875b0e3b806d,0.7677050983124832,2.6832815729997477,0.0,0.07500000000000018,0.22214432163865852,0.3864644730011904,0.015368618181108398,0.010106706619261718,0.7237711154904667,2.6832815729997477,0.0,0.3750000000000009,0.09359215199723296,0.21231558899189387,0.04716433552186358,0.006463623046875089,0.7677050983124832,0.7237711154904667,0.04393398282201655,0.12855216964142557
f90f165889ba405ca8eb2482263383e7,0.6000000000000005,1.2000000000000028,1.1999999999999957,0.0,0.11450535872685738,0.22092954272114398,0.07119143818630586,0.02112736701965323,0.9092329219213245,4.947726750741191,1.1999999999999957,0.07500000000000018,0.11903614096583096,0.2234166539286334,0.08337089437753523,0.01946854591369629,0.6000000000000005,0.9092329219213245,-0.309232921921324,-0.004530782238973574
f969b65255c6470a9ee3d64fe9ab7813,3.413788607847344,13.682105101189654,13.682105101189654,1.4999999999999996,0.24060005701489376,0.32444342685890415,0.23706710918803747,0.03520016670227122,3.413788607847344,13.682105101189654,13.682105101189654,1.4999999999999996,0.24060005701489376,0.32444342685890415,0.23706710918803747,0.03520016670227122,3.413788607847344,3.413788607847344,0.0,0.0
f96be3e8469543f88b3b1b71d31d559c,1.1372635961879078,6.118823416311343,2.6832815729997446,0.2999999999999998,0.0749883979960767,0.11111932490504457,0.04918496327175599,0.01847562789916868,2.381178906744516,7.589466384404109,6.0,1.1249999999999987,0.0393369366929585,0.07050021342290384,0.06288004012450671,0.021325206756590998,1.1372635961879078,2.381178906744516,-1.2439153105566083,0.035651461303118206
f98d701431f44330838caaba88d7f56e,0.23717082451262844,3.794733192202055,0.0,0.07499999999999973,0.05865628752952706,0.16035313316726263,0.020038055726121308,0.03162274360656747,0.3842329219213245,4.9477267507411895,0.0,0.07499999999999973,0.04889907632995216,0.11874819954374775,0.019314351821167548,0.027155113220214133,0.23717082451262844,0.3842329219213245,-0.14706209740869608,0.0097572111995749
f9f0c4a87903406f9c10bf7550c67e98,3.8250000000000006,8.399999999999999,6.0,0.0,0.5617892582740507,0.8468056602052652,0.31420343370803683,0.021857500076295278,4.354669331122391,9.67470929795826,9.67470929795826,0.07500000000000018,0.6188559479096944,0.900895396410235,0.39537937253689437,0.021573114395140536,3.8250000000000006,4.354669331122391,-0.5296693311223906,-0.057066689635643764
fa35b6e5af684e9faecbaf321adb103f,3.9315523204329246,6.788225099390853,6.788225099390853,1.5749999999999997,0.4968940353302325,0.7930367806369839,0.25740801199731755,0.010727405548095703,3.9315523204329246,6.788225099390853,6.788225099390853,1.5749999999999997,0.4968940353302325,0.7930367806369839,0.25740801199731755,0.010727405548095703,3.9315523204329246,3.9315523204329246,0.0,0.0
fb0ade0d8184482b825934ec2f92fe7b,9.299999999999999,13.2,13.2,0.0,1.3233257888129826,1.8222842993634205,0.7146758941596463,0.06481389999389675,7.424999999999997,9.599999999999998,9.599999999999998,0.0,1.0732063537066936,1.490014849884018,0.6094560928100342,0.07554101943969815,9.299999999999999,7.424999999999997,1.8750000000000018,0.250119435106289
fbddc31c02ab46699fa0fa2d267b6554,2.7435556214599393,7.683749084919419,3.3941125496954263,1.4249999999999998,0.46405454203259267,0.7583426913822164,0.36012542761383637,0.19322805404663024,2.5292589116261777,7.683749084919419,1.6970562748477156,1.5750000000000002,0.3590377324822489,0.4952844293842717,0.3374649315858892,0.16620168685913184,2.7435556214599393,2.5292589116261777,0.2142967098337616,0.10501680955034376
fc8f06d5219f4981be14903fd461b8d2,0.2560660171779823,1.697056274847718,0.0,0.07500000000000018,0.037745002422734354,0.08527306229039444,0.025891836013315527,0.008601665496826172,0.2560660171779823,1.697056274847718,0.0,0.07500000000000018,0.02844767292277023,0.04783477997977275,0.04783477997977275,0.009147834777833097,0.2560660171779823,0.2560660171779823,0.0,0.009297329499964126
fda3c86c05e34414b89fabb0fd612eab,0.6000000000000003,2.4000000000000057,0.0,0.0,0.06549565392550055,0.15656493608266214,0.09844944766460954,0.00828795433044549,0.6000000000000003,2.4000000000000057,0.0,0.0,0.06549565392550055,0.15656493608266214,0.09844944766460954,0.00828795433044549,0.6000000000000003,0.6000000000000003,0.0,0.0
fddc64f6dee74c7ab09d12c855bbcfcc,0.7681980515339463,3.3941125496954285,3.3941125496954285,0.44999999999999996,0.09548097434621763,0.2496678000647431,0.0684599689732154,0.07004356384277388,0.999024593818714,4.3266615305567875,3.3941125496954285,0.5999999999999999,0.08655169123087356,0.13987833119040383,0.06523708181561837,0.068544244766235,0.7681980515339463,0.999024593818714,-0.23082654228476773,0.008929283115344078
ff3e47f0101749cb995e64f97d237305,12.088064718597963,24.029981273400942,24.029981273400942,0.45000000000000107,0.8672044525612055,1.3043066710267475,0.44006726341695035,0.024043750762940075,12.088064718597963,24.029981273400942,24.029981273400942,0.45000000000000107,0.8672044525612055,1.3043066710267475,0.44006726341695035,0.024043750762940075,12.088064718597963,12.088064718597963,0.0,0.0
ff51126a1fa84958a5b8a76981393186,2.4926407987529307,12.354756169184398,12.354756169184398,2.19375,0.09607264785761677,0.23791626857501047,0.11348767127717857,0.029582405090332387,3.5117188186898427,14.843180252223577,14.843180252223577,3.3375000000000004,0.06806351979117037,0.16489477826125912,0.07211960307807729,0.026700496673583984,2.4926407987529307,3.5117188186898427,-1.019078019936912,0.028009128066446398
ffac6939b6c14a75b8ee45ff5f0cbf5f,8.699999999999998,13.2,13.2,0.0,1.33381970803836,1.8819548551075973,0.7854863651525404,0.013742780685424894,8.777203977444477,20.435263639111675,20.435263639111675,0.07500000000000018,1.1898815281958064,1.6942491164260687,0.6960791304677436,0.020813798904419034,8.699999999999998,8.777203977444477,-0.07720397744447993,0.14393817984255364
