sample_token,JC_mean_m_cheap,JC_max_m_cheap,JC_final_m_cheap,JC_lat_mean_m_cheap,JC_soft_mean_m_cheap,JC_soft_max_m_cheap,JC_soft_final_m_cheap,JC_soft_lat_mean_m_cheap,JC_mean_m_full,JC_max_m_full,JC_final_m_full,JC_lat_mean_m_full,JC_soft_mean_m_full,JC_soft_max_m_full,JC_soft_final_m_full,JC_soft_lat_mean_m_full,JC_cheap,JC_full,dJC,dJC_soft
0037a705a2e04559b1bba6c01beca1cf,2.431066017177981,7.199999999999999,1.2000000000000028,0.07500000000000018,0.06339060807064657,0.14815247698633172,0.0168746777841481,0.018563175201414595,2.14323684169061,7.199999999999999,0.0,0.15000000000000036,0.07208745619533943,0.14906227922437332,0.022023968981989713,0.022311687469481978,2.431066017177981,2.14323684169061,0.2878291754873712,-0.00869684812469286
02229f185fe44a0780d24ed8a2b5af49,1.725,4.799999999999997,4.799999999999997,0.0,0.1973315585359902,0.3220393309743389,0.11414582534609533,0.0030734539031991304,1.7999999999999998,4.799999999999997,4.799999999999997,0.0,0.20366825946649442,0.3202826787351282,0.11769112285401892,0.002300977706910512,1.725,1.7999999999999998,-0.07499999999999973,-0.00633670093050423
023a58306058440988b0ca496bdf9c2e,0.6000000000000001,2.400000000000002,0.0,0.0,0.09569124656244307,0.1968303655634456,0.056433817285287215,0.03668088912963885,5.1803621986256,26.42725865465429,26.42725865465429,0.22500000000000053,0.7954814904379894,1.1423382595209102,0.5780519263095671,0.07138209342956614,0.6000000000000001,5.1803621986256,-4.5803621986256005,-0.6997902438755463
026155aa1c554e2f87914ec9ba80acae,2.025,4.800000000000004,4.800000000000004,0.0,0.22312043569417656,0.5126532372648401,0.11437959050128155,0.02151346206665039,1.9500000000000002,4.800000000000004,4.800000000000004,0.0,0.24863571114028743,0.5462950211951969,0.11617495000872344,0.01995677947998198,2.025,1.9500000000000002,0.07499999999999973,-0.025515275446110874
02651ca22b08484294d473d9c26cd9af,1.9499999999999988,3.599999999999998,3.599999999999998,0.0,0.2730785092896767,0.3989003637065291,0.29057211865576416,0.007891130447387873,1.9499999999999988,3.599999999999998,3.599999999999998,0.0,0.26327606413555804,0.39563863975349073,0.2872014324121766,0.007797718048094371,1.9499999999999988,1.9499999999999988,0.0,0.009802445154118655
028a3f3a237e469cb099f6d9c8e7f2f4,0.0,0.0,0.0,0.0,0.13171712915479578,0.28966846277972974,0.07090800979078314,0.012819814682006658,0.0,0.0,0.0,0.0,0.09034113777737904,0.2535587068209085,0.01602477317218789,0.010921525955199574,0.0,0.0,0.0,0.04137599137741674
046d4e3b185a4b15b5784331d7633565,0.8250000000000002,2.400000000000002,1.1999999999999993,0.0,0.20342471636462855,0.3219544388494807,0.12875880863124187,0.011743211746215731,0.375,1.2000000000000028,0.0,0.0,0.04095434734826582,0.10149268443242172,0.049306053193823376,0.013862657546996893,0.8250000000000002,0.375,0.4500000000000002,0.16247036901636275
0526f810f7754fe8b8a4ae62fc76c535,1.5749999999999997,2.400000000000002,2.3999999999999986,0.0,0.1476044682683103,0.2769480216867347,0.14735845788736698,0.010354614257813477,0.8249999999999997,2.400000000000002,1.1999999999999993,0.0,0.05745606207133726,0.14891838613503794,0.027903275249305914,0.005217218399048207,1.5749999999999997,0.8249999999999997,0.75,0.09014840619697305
05699704028c40708d98ab16374fd748,0.2999999999999996,2.3999999999999986,0.0,0.0,0.09678547980650826,0.16877141074111957,0.12886764261824363,0.007900285720825462,0.2999999999999998,2.3999999999999986,0.0,0.0,0.08808646563575215,0.14933876224552342,0.13445450046244434,0.011129522323609198,0.2999999999999996,0.2999999999999998,-2.220446049250313e-16,0.008699014170756109
05cf2a68a2cf4ff1838034f8ecae0c82,3.9750000000000005,12.000000000000004,12.000000000000004,0.0,0.5173826545565,0.6989457333293997,0.45512694300160894,0.02010126113891486,4.5,12.000000000000004,12.000000000000004,0.0,0.6088903054308291,0.8863438045093379,0.42327618308995635,0.01662540435790838,3.9750000000000005,4.5,-0.5249999999999995,-0.0915076508743291
05e8bcefb9e442ceb0c8d16b745974e0,0.7677050983124841,3.6000000000000014,3.6000000000000014,0.07500000000000018,0.11600462334817495,0.22189372994020568,0.03638367865942031,0.006728696823120384,1.1371708245126282,3.7947331922020573,3.6000000000000014,0.07500000000000018,0.2008176878792317,0.3406843386819763,0.05151035038242455,0.00965809822082564,0.7677050983124841,1.1371708245126282,-0.36946572620014406,-0.08481306453105676
0637df67b6fe4c5087e9139089ba1b49,0.0,0.0,0.0,0.0,0.0919489272281621,0.19614673085104334,0.03741996492601236,0.00954751968383638,0.0,0.0,0.0,0.0,0.207700074981345,0.3578273476774657,0.11130705778408068,0.013720178604125444,0.0,0.0,0.0,-0.11575114775318289
08254b97198045d98009af51d144d147,0.0,0.0,0.0,0.0,0.09152656862311735,0.17914283489706612,0.05762965964442893,0.006379222869872692,0.0,0.0,0.0,0.0,0.05243661668174292,0.11255046685291854,0.0369701850098481,0.006793928146362926,0.0,0.0,0.0,0.039089951941374435
08303db5860e4e67b5b4ab7c30d41902,4.356207189772367,9.600000000000001,9.600000000000001,0.07500000000000018,0.5708204741585331,0.9523767986447477,0.20321804952922787,0.020726966857909535,3.4714037464339533,7.200000000000003,6.0,0.15000000000000036,0.4018447783700374,0.6716649955968533,0.13284816692528445,0.01854686737060529,4.356207189772367,3.4714037464339533,0.8848034433384138,0.1689756957884957
0963783c3e71478fbba311287a1a5b42,0.0,0.0,0.0,0.0,0.023439974293229096,0.09099392981544767,0.023349738430291624,0.003906869888305131,0.0,0.0,0.0,0.0,0.08466905408506115,0.12249985434002025,0.0891995077314355,0.003922462463378018,0.0,0.0,0.0,-0.06122907979183205
09e58f5b8acb45a9a9c8c186895efa59,5.935544824162156,13.254433220624712,13.254433220624712,0.22500000000000053,0.9845408251380613,1.2987226982226294,0.8932297335781941,0.03354506492614728,5.785544824162155,13.254433220624712,13.254433220624712,0.22500000000000053,0.9785444067898854,1.2857011361216721,0.9262495846883716,0.03703579902648979,5.935544824162156,5.785544824162155,0.15000000000000036,0.00599641834817588
0a535567072a48a38a7213778550dcaf,1.6810660171779825,4.800000000000001,4.799999999999997,0.15000000000000036,0.08585227706135241,0.15693734787787175,0.0639393846108558,0.004879474639893022,1.0902473292934176,3.6000000000000014,3.6000000000000014,0.45000000000000107,0.06266587511956456,0.08507330537107102,0.07509397019357522,0.018213415145872602,1.6810660171779825,1.0902473292934176,0.5908186878845649,0.02318640194178785
0a66d3360b3e46228e210dd6a651ded2,0.0,0.0,0.0,0.0,0.18437040256461107,0.3843601874878871,0.10082454527667835,0.016106843948364702,0.0,0.0,0.0,0.0,0.1067125368012834,0.2642245980041182,0.032291506006116834,0.011773967742919833,0.0,0.0,0.0,0.07765786576332767
0b47858110f442afa33226467f596df7,0.8999999999999999,3.6000000000000014,0.0,0.0,0.10377009452594872,0.15852578565029787,0.11392183977987624,0.004522132873535423,1.125,3.6000000000000014,0.0,0.0,0.14040377872628787,0.18789104107961366,0.13638443316193855,0.004389095306396307,0.8999999999999999,1.125,-0.2250000000000001,-0.03663368420033915
0ba00e2623814934b1b00ec2b461a125,0.3750000000000002,2.3999999999999986,0.0,0.0,0.04327959745065693,0.10022649167479132,0.017298360404146562,0.002925109863282316,0.3750000000000002,2.3999999999999986,0.0,0.0,0.07645650326966538,0.12145601095552878,0.0843978144738542,0.0056495189666758705,0.3750000000000002,0.3750000000000002,0.0,-0.03317690581900845
0bcb08a96d264c8ca9f2119c6b0dbeb2,1.0573089051225488,4.3266615305567875,0.0,0.5249999999999999,0.1334585633706816,0.34695202084471255,0.07550344692652984,0.03429164886474512,1.0573089051225488,4.3266615305567875,0.0,0.5249999999999999,0.1358634701684876,0.3663298500095596,0.07549552861100081,0.033386135101318715,1.0573089051225488,1.0573089051225488,0.0,-0.002404906797806
0d2ebc600fc449f6b7a95f1f69ee52d1,0.0,0.0,0.0,0.0,0.19102535570068063,0.3135486189078656,0.0828456485757442,0.008969449996947265,0.0,0.0,0.0,0.0,0.19102535570068063,0.3135486189078656,0.0828456485757442,0.008969449996947265,0.0,0.0,0.0,0.0
0e27960b86db475e9dcf750295deb1b7,1.906066017177982,4.799999999999997,4.799999999999997,0.07500000000000018,0.30289678489429944,0.47344085531651026,0.13898627618092374,0.005276870727538352,1.906066017177982,4.799999999999997,4.799999999999997,0.07500000000000018,0.30289678489429944,0.47344085531651026,0.13898627618092374,0.005276870727538352,1.906066017177982,1.906066017177982,0.0,0.0
0e8782aa721545caabc7073d32fb1fb1,2.55,4.800000000000004,3.5999999999999943,0.0,0.4532062136863055,0.7989439520143906,0.1364934698496436,0.017439794540404563,1.7999999999999992,3.6000000000000014,3.5999999999999943,0.0,0.3798399464465516,0.6797188615757319,0.24407811017743639,0.01966624259948624,2.55,1.7999999999999992,0.7500000000000007,0.07336626723975387
0f5cbb909e9544dd861dc2ff63ac4d13,0.0,0.0,0.0,0.0,0.10049509888127783,0.32448033529191656,0.02540661125172611,0.011148548126220348,0.0,0.0,0.0,0.0,0.09299270485002067,0.2937305800776157,0.008234261276720991,0.01070609092712349,0.0,0.0,0.0,0.007502394031257159
112aa7a7edfc4df6b8e9775b14f74e12,0.6177050983124842,3.6000000000000014,0.0,0.07500000000000018,0.08257594730121635,0.14669151546763878,0.08367157293037635,0.011722326278685635,0.8371708245126285,3.7947331922020573,0.0,0.07500000000000018,0.09516673118946899,0.16171021678688133,0.08784616350080926,0.013403892517088067,0.6177050983124842,0.8371708245126285,-0.21946572620014426,-0.012590783888252632
11514e9bc4184a1f8bcdc1fe7aafad2d,3.0749999999999993,9.599999999999998,0.0,0.0,0.2470461346400953,0.4606247851031671,0.18772432011975487,0.00930075645446804,1.4999999999999998,9.599999999999998,0.0,0.0,0.31114234464395907,0.4562403255940969,0.137635699085073,0.00564479827880815,3.0749999999999993,1.4999999999999998,1.5749999999999995,-0.06409621000386376
1175f341a78a4877bc5257cbc763aef5,4.125,8.399999999999999,8.399999999999999,0.0,0.5785409942750762,0.9074470481866446,0.3418970907466051,0.018263912200927823,3.45,7.200000000000003,7.200000000000003,0.0,0.5367365885113753,0.8850901271735493,0.31148651329112526,0.01990342140197665,4.125,3.45,0.6749999999999998,0.041804405763700925
1259283ec9f549d4b26c98ee76c654a6,1.574999999999999,3.5999999999999943,3.5999999999999943,0.0,0.17612758847820334,0.2778247609595103,0.057469672872015605,0.00725340843200728,0.8249999999999995,3.5999999999999943,3.5999999999999943,0.0,0.11745327753281977,0.21710179081033149,0.02887911864402527,0.009170866012573331,1.574999999999999,0.8249999999999995,0.7499999999999996,0.05867431094538357
140c678882194ae69e47136c81168b6d,10.809109160711408,20.43526363911168,20.43526363911168,0.3000000000000007,1.4517211514078316,2.377844520320967,0.5999091342713909,0.012710952758789418,11.552081728298997,26.4,26.4,0.07500000000000018,1.5577179252988984,2.466889170230508,0.7142836040154003,0.007945346832275657,10.809109160711408,11.552081728298997,-0.7429725675875893,-0.10599677389106676
149f03b275944abc95aa59709a726bff,0.0,0.0,0.0,0.0,0.15019478921948246,0.35025086570688413,0.057751301745252545,0.012799930572510387,0.0,0.0,0.0,0.0,0.14596987184949042,0.3436945361568359,0.061118987400858416,0.011895561218263406,0.0,0.0,0.0,0.004224917369992032
14d5adfe50bb4445bc3aa5fe607691a8,0.39319805153394616,3.3941125496954285,0.0,0.22499999999999964,0.09161917651635047,0.162732154403077,0.050964706785166056,0.03808279037475604,0.39319805153394616,3.3941125496954285,0.0,0.22499999999999964,0.10784107286586193,0.18895196926260802,0.04731054540859989,0.04041652679443297,0.39319805153394616,0.39319805153394616,0.0,-0.01622189634951146
15222be375f74f0d843a4289d18c746a,17.174999999999997,33.599999999999994,33.599999999999994,0.0,0.14884011685659504,0.30901675215174074,0.20967848406850456,0.061400842666626154,18.0,33.599999999999994,33.599999999999994,0.0,0.1585589304909332,0.3493069835600518,0.2560485533004346,0.059961891174316495,17.174999999999997,18.0,-0.8250000000000028,-0.009718813634338158
1525755f9f8948f1a2f056039971fd70,0.5999999999999999,2.3999999999999986,0.0,0.0,0.08810158141579794,0.1698156140428494,0.02830428011882781,0.0022181510925300962,0.6000000000000001,2.3999999999999986,0.0,0.0,0.06668900455906979,0.10870473444519733,0.059438544271533424,0.0014054775238050432,0.5999999999999999,0.6000000000000001,-2.220446049250313e-16,0.02141257685672815
15e8288c2e60438bb4d65702ff0df804,0.8999999999999995,2.3999999999999986,2.3999999999999986,0.0,0.20644546464440802,0.38955453276905194,0.1979516600906222,0.015521478652952947,1.2749999999999995,3.599999999999998,2.3999999999999986,0.0,0.268274037950977,0.44238691888372894,0.19301205050440226,0.0088351249694818,0.8999999999999995,1.2749999999999995,-0.375,-0.06182857330656896
16011bbf9d634b099c5ff9a352d26c9e,1.4250000000000003,6.0,6.0,0.0,0.20055818555167898,0.23231127001667126,0.1597947836274237,0.0071655750274657315,1.275,4.799999999999997,4.799999999999997,0.0,0.1782270362136683,0.21317486971909885,0.131687479453896,0.01102595329284517,1.4250000000000003,1.275,0.15000000000000036,0.02233114933801067
160fa0f8e77b41409a98341093a7cace,4.279669331122391,9.674709297958257,9.674709297958257,0.07500000000000018,0.7628706515174711,0.8952378509086835,0.7801146729751608,0.030415678024292347,4.729153885360306,10.8664621657649,10.8664621657649,0.07500000000000018,0.9336972728358235,1.1309971673887074,0.8636136128256147,0.029772806167603694,4.279669331122391,4.729153885360306,-0.4494845542379151,-0.17082662131835236
163b70e627854893b88575caf85a56ea,0.0,0.0,0.0,0.0,0.16747802515859783,0.39385656956634785,0.13753823715254324,0.005064010620116299,0.0,0.0,0.0,0.0,0.09249491590429076,0.21380922219062412,0.21380922219062412,0.0056475162506108845,0.0,0.0,0.0,0.07498310925430707
16a2b81fe8554e7cb545a6df0b594977,0.22499999999999987,1.1999999999999993,0.0,0.0,0.1311277841714048,0.22558218568539637,0.10311691993519116,0.016574478149413707,0.7499999999999998,2.3999999999999986,0.0,0.0,0.09860073498928905,0.16873935129810427,0.03521382155319322,0.014784193038938742,0.22499999999999987,0.7499999999999998,-0.5249999999999999,0.032527049182115755
16c4a3eac2a54160a30b559855584cd8,1.4250000000000003,7.199999999999996,3.6000000000000014,0.07500000000000018,0.1619639690805017,0.2534102599226937,0.04681489003546593,0.01299719810485822,2.400000000000001,8.399999999999999,3.6000000000000014,0.07500000000000018,0.2425177986848634,0.36405870936868157,0.04644156568912746,0.010454893112182617,1.4250000000000003,2.400000000000001,-0.9750000000000005,-0.08055382960436169
1735e827e28040969f9172469b5f71a5,3.154854079147463,6.118823416311343,6.118823416311341,0.6000000000000005,0.3654055653564751,0.5927689700580858,0.20322835444289605,0.027043533325195046,3.154854079147463,6.118823416311343,6.118823416311341,0.6000000000000005,0.3654055653564751,0.5927689700580858,0.20322835444289605,0.027043533325195046,3.154854079147463,3.154854079147463,0.0,0.0
1808fbc3531c415fb77531c05b2547ae,2.625,4.800000000000001,3.6000000000000014,0.0,0.5178269580742256,0.7986843616341645,0.29990464479197587,0.007754230499266601,4.800000000000001,8.400000000000002,7.200000000000003,0.0,0.8042353213236346,1.227434099364841,0.4555857176766036,0.004905080795287731,2.625,4.800000000000001,-2.1750000000000007,-0.286408363249409
185dd9f6bc6b4cffbb23ac2ed72b3bb6,2.8499999999999996,8.399999999999999,8.399999999999999,0.0,0.47010716759975785,0.7136954878262106,0.3696418273544738,0.022126150131224875,2.6999999999999997,8.399999999999999,8.399999999999999,0.0,0.45224233478706954,0.6938225893322919,0.3562470895928089,0.018407392501830877,2.8499999999999996,2.6999999999999997,0.1499999999999999,0.017864832812688303
18b3ef8c389240f39196a55621eb1930,0.0,0.0,0.0,0.0,0.1664145401488092,0.25580719884687675,0.1756368985088365,0.008802652359007901,2.174999999999999,3.599999999999998,3.599999999999998,0.0,0.3985664487917676,0.5061892573395148,0.28187647762339796,0.013544511795043235,0.0,2.174999999999999,-2.174999999999999,-0.23215190864295843
1906aa07e1914059914e62ee02ccb50f,2.7487711154904653,7.199999999999996,7.199999999999996,0.15000000000000036,0.510831171205242,0.8061291879483488,0.4132785567176042,0.059721422195434304,2.523771115490465,7.199999999999996,7.199999999999996,0.15000000000000036,0.4547366700162908,0.6867298263964149,0.3920407683758878,0.056558418273924715,2.7487711154904653,2.523771115490465,0.2250000000000001,0.05609450118895121
19689911bd0e40adb943b0f97ea84a6a,0.948771115490467,4.799999999999997,4.799999999999997,0.15000000000000036,0.04557778365701455,0.1506970551068924,0.051431374263151225,0.008565473556518821,1.0237711154904672,4.799999999999997,4.799999999999997,0.15000000000000036,0.03110490812738407,0.11831887381823067,0.04214653196547917,0.008932399749756126,0.948771115490467,1.0237711154904672,-0.07500000000000018,0.014472875529630481
1981ee55006c4e00823d29de105d1680,15.374999999999996,32.39999999999999,32.39999999999999,0.0,1.450844388254771,1.9370541763221663,0.8698865899368793,0.00825619697570712,15.149999999999997,32.39999999999999,32.39999999999999,0.0,1.2114629712890048,1.6891962591504623,0.7328097694147095,0.0069574356079105115,15.374999999999996,15.149999999999997,0.22499999999999964,0.2393814169657662
19ffc60b7e9f429cbca0dbd5e2fc2e03,1.2749999999999997,3.6000000000000014,3.6000000000000014,0.0,0.24068371418423073,0.4638749648878967,0.050036074670745626,0.016011714935302734,1.4727254026187657,6.118823416311343,6.118823416311343,0.22500000000000053,0.23005205280319538,0.44805716539315116,0.0756209869198387,0.02178583145141655,1.2749999999999997,1.4727254026187657,-0.19772540261876603,0.010631661381035357
1a9894a106fe444c9f35126426563d43,0.0,0.0,0.0,0.0,0.08940848383937647,0.21499608892530597,0.03308394711507824,0.01189513206481907,0.0,0.0,0.0,0.0,0.13741769451956204,0.27401502604776146,0.08349848119559901,0.013593292236329102,0.0,0.0,0.0,-0.04800921068018557
1ac0914c98b8488cb3521efeba354496,4.949999999999998,8.399999999999999,8.399999999999999,0.0,0.478246172899426,0.7008605301936067,0.3717104198102011,0.014200830459595082,4.799999999999999,8.399999999999999,8.399999999999999,0.0,0.455474018643639,0.6604389508936335,0.35871329433234594,0.014061212539672852,4.949999999999998,4.799999999999999,0.14999999999999947,0.02277215425578699
1b5a6659994e466991ba17e9998fc05e,0.0,0.0,0.0,0.0,0.01081348237001545,0.01444208202120671,0.01360407477268275,0.005089473724365412,0.0,0.0,0.0,0.0,0.16843622516758522,0.2934088694672716,0.10009760285585384,0.009635639190673562,0.0,0.0,0.0,-0.15762274279756977
1c5d68d702df41fab44824a6b8e360c9,0.0,0.0,0.0,0.0,0.1737105380119437,0.42538650524616584,0.03699697084930642,0.01686744689941211,0.0,0.0,0.0,0.0,0.17467228285235586,0.41449100047129717,0.04199367049974733,0.015071010589599698,0.0,0.0,0.0,-0.0009617448404121709
1c79e219a67b4dfcb42b0628d6c76eb0,1.3499999999999996,2.400000000000002,0.0,0.0,0.298465079695746,0.48656104383589377,0.1515112026071349,0.006047344207764205,1.509232921921324,4.947726750741191,4.947726750741191,0.07500000000000018,0.2977037168872395,0.4733638699662166,0.15993175404127621,0.007928752899169833,1.3499999999999996,1.509232921921324,-0.15923292192132443,0.0007613628085064716
1c81b06c812b47788462c31f58b6c1d0,0.0,0.0,0.0,0.0,0.20452951042856093,0.33227778612572606,0.15512011226897243,0.004704666137695934,0.0,0.0,0.0,0.0,0.21014660662727813,0.3449216152075234,0.15420016424512814,0.005141973495484287,0.0,0.0,0.0,-0.0056170961987171975
1c8ec6c1dd614d3fb8b8849dc8756a9a,0.0,0.0,0.0,0.0,0.3756397331023802,0.568791308293134,0.31037557883287037,0.014253473281859552,0.0,0.0,0.0,0.0,0.3820107013383548,0.5766764592969824,0.3178542494595817,0.014010715484618519,0.0,0.0,0.0,-0.006370968235974606
1c99c1f837fa457085f86e4afab500ed,0.0,0.0,0.0,0.0,0.1824481148420804,0.28538327909817457,0.11102632392935946,0.009420776367186523,0.0,0.0,0.0,0.0,0.09847833853306617,0.1504919747374187,0.09650558034321596,0.0025284290313725144,0.0,0.0,0.0,0.08396977630901423
1dd5d04e621f4fe791bff994708af69b,0.0,0.0,0.0,0.0,0.22195191569036607,0.35552397544354525,0.17584273599602485,0.005312347412108398,0.0,0.0,0.0,0.0,0.2275703320152446,0.3681683398056486,0.174925819395791,0.00574965476989675,0.0,0.0,0.0,-0.005618416324878528
1e19d0a5189b46f4b62aa47508f2983e,9.233732162178956,16.800000000000004,10.799999999999997,0.15000000000000036,1.4656823503050167,2.255247371421722,0.5869811038201563,0.016564464569091886,9.45,16.800000000000004,10.799999999999997,0.0,1.5037809917023808,2.252354247832744,0.6254891923879929,0.020114135742187234,9.233732162178956,9.45,-0.21626783782104297,-0.038098641397364075
1e4b165a3a904717b30f044322edfa14,0.45923292192132437,4.947726750741191,1.2000000000000028,0.07500000000000018,0.03122900526171175,0.05805472342924395,0.032945127753301426,0.004305982589722035,0.7237711154904669,2.6832815729997477,0.0,0.45000000000000107,0.02615587660818713,0.0511328505745594,0.0239697124200827,0.008927106857298917,0.45923292192132437,0.7237711154904669,-0.26453819356914254,0.0050731286535246195
1e9f7d6d4f394cbcab3dc1d83ab86536,1.5750000000000002,3.6000000000000014,3.6000000000000014,0.0,0.27311064424633824,0.48832830600018434,0.1316089763468005,0.007093763351440074,1.4249999999999998,3.6000000000000014,3.6000000000000014,0.0,0.28202404944631676,0.5003292380594457,0.15654101600524717,0.007596445083617898,1.5750000000000002,1.4249999999999998,0.15000000000000036,-0.008913405199978519
1ecb668fec5d4f27bdcd6832ac687dce,0.825,3.5999999999999943,3.5999999999999943,0.0,0.13560875873420153,0.21972415398231412,0.06910422606349101,0.005901432037352272,1.05,3.6000000000000014,3.5999999999999943,0.0,0.14978413280289377,0.19981867130908407,0.10729402070030708,0.007375717163085049,0.825,1.05,-0.2250000000000001,-0.014175374068692237
1f1982e0b2a64ec2b2aba3a41175ab6e,0.7499999999999993,2.400000000000002,2.3999999999999986,0.0,0.06122036518821675,0.11960198083823886,0.045251645879435906,0.01097102165222097,0.5249999999999997,2.3999999999999986,2.3999999999999986,0.0,0.06531691409133211,0.184328647622162,0.026151192823530386,0.012357330322266158,0.7499999999999993,0.5249999999999997,0.22499999999999964,-0.004096548903115366
1f1a315571894e99a53928e74e5efcad,1.6891088447464369,4.9477267507411895,3.794733192202055,0.22499999999999964,0.2568472194270114,0.38384060913006773,0.1861206801076513,0.03328185081481916,1.764108844746437,4.9477267507411895,3.794733192202055,0.22499999999999964,0.2703528603010246,0.4017450754664572,0.1914124991059181,0.0329937458038323,1.6891088447464369,1.764108844746437,-0.07500000000000018,-0.013505640874013236
1f40bab191dd4d6c94cb3cbde8a474f0,0.0,0.0,0.0,0.0,0.12132225727354726,0.217235743427971,0.06511996049092275,0.008180379867554155,0.0,0.0,0.0,0.0,0.05628780641784384,0.12265232701200972,0.010323746354183427,0.00797710418701092,0.0,0.0,0.0,0.06503445085570342
1f94fe5edf784708b55707a1a7754fb9,4.429153885360306,10.866462165764897,10.866462165764897,0.07500000000000018,0.7501568176479736,1.0065840664684043,0.5801535949235629,0.012683629989625356,5.1812391868188445,14.449913494550753,14.449913494550753,0.15000000000000036,0.784496085573245,0.967476816851295,0.7037571551112373,0.013868522644042702,4.429153885360306,5.1812391868188445,-0.7520853014585382,-0.03433926792527142
20684b77c01641e7a5ada48308a0b1e1,0.825292268484912,4.326661530556785,0.0,0.30000000000000027,0.10231319940931528,0.15756124645200206,0.0987194709478536,0.03699259757995721,0.825292268484912,4.326661530556785,0.0,0.30000000000000027,0.10189008068240003,0.15583568747935242,0.09790698407687522,0.03686871528625524,0.825292268484912,0.825292268484912,0.0,0.0004231187269152503
20d3e54ae277464daafd2a078b830170,0.2250000000000001,2.3999999999999986,0.0,0.0,0.041356642095545446,0.12694514666072168,0.037259803353237045,0.007599163055420632,3.9930866352992798,8.48528137423857,8.48528137423857,0.22500000000000053,0.6433458264019165,0.9854353478712613,0.4033757207978445,0.033270835876464844,0.2250000000000001,3.9930866352992798,-3.7680866352992797,-0.601989184306371
21971c1ec4644d608f8c08bbfd4059f7,0.2999999999999996,2.3999999999999986,1.1999999999999957,0.0,0.02634323271641227,0.08386639075964948,0.00729949677019147,0.0029253959655748396,0.2999999999999996,2.3999999999999986,1.1999999999999957,0.0,0.07429337689149358,0.12462538800381173,0.09738127944786358,0.00385780334472674,0.2999999999999996,0.2999999999999996,0.0,-0.04795014417508131
21b99febc5c14f7385e787fe81e96670,0.8999999999999999,2.3999999999999986,1.2000000000000028,0.0,0.2055763302054765,0.3848093982253987,0.05481390624216979,0.010380363464355113,1.125,2.3999999999999986,1.2000000000000028,0.0,0.18596921956664858,0.37879720818591744,0.07055359071934075,0.009115648269653942,0.8999999999999999,1.125,-0.2250000000000001,0.019607110638827918
21efb26e944244799f3e163dcdd7285f,2.4,4.800000000000001,2.3999999999999986,0.0,0.4981956509041264,0.8217298652070698,0.36297510148567713,0.008625411987304599,3.00533008588991,8.48528137423857,8.48528137423857,0.07500000000000018,0.5500227212324211,0.9370382084687686,0.35944179298076057,0.010290384292602539,2.4,3.00533008588991,-0.6053300858899102,-0.051827070328294755
22141d99bca241658083cbbf3c7dcaf2,0.22499999999999987,1.1999999999999993,1.1999999999999993,0.0,0.2805614665294129,0.351897733306945,0.2665582243539101,0.00757155418396005,0.22499999999999987,1.1999999999999993,1.1999999999999993,0.0,0.18165375206087475,0.2307927239214417,0.1498489209453774,0.0052136421203621275,0.22499999999999987,0.22499999999999987,0.0,0.09890771446853813
22189c1013dc4263b23764258e8f0c21,3.6092329219213255,10.800000000000004,4.9477267507411975,0.07500000000000018,0.4651303396637372,0.7696562029007898,0.23757643334030884,0.014641141891479137,4.282426463519458,14.399999999999999,6.118823416311343,0.07500000000000018,0.46996014412283627,0.759617596360073,0.2968310275930189,0.011296606063842862,3.6092329219213255,4.282426463519458,-0.6731935415981329,-0.004829804459099085
22ce804db92749a1aee3a08ffbecfbbd,3.7751864414806184,12.059850745345068,12.059850745345068,0.22500000000000053,0.39278382246959365,0.6587696932821558,0.11035457443456712,0.0313086032867429,2.7964457698965517,12.059850745345068,12.059850745345068,0.15000000000000036,0.36915168420477357,0.5887740991981969,0.1118017510868609,0.029234790802000976,3.7751864414806184,2.7964457698965517,0.9787406715840667,0.02363213826482008
23dc1b528c734082b8b3bfd9757f0eb3,0.0,0.0,0.0,0.0,0.35507552635566864,0.6046967767030552,0.22964997224852593,0.012554740905762252,0.0,0.0,0.0,0.0,0.3735487115217901,0.6305411146547553,0.24545914164963767,0.012541294097900835,0.0,0.0,0.0,-0.018473185166121453
244e2876a6744249814936b24b6b03ea,2.1138736974038066,4.326661530556789,2.6832815729997477,1.5187499999999998,0.18138537616023193,0.3800576965892582,0.009005720499835912,0.03236846923828107,2.1888736974038068,4.326661530556789,2.6832815729997477,1.5187499999999998,0.18455352065876673,0.3920319872227967,0.009295341952328345,0.03128757476806632,2.1138736974038066,2.1888736974038068,-0.07500000000000018,-0.0031681444985348084
248b69faea5d4dc6ae0106c95d48ece8,3.0,7.199999999999996,7.199999999999996,0.0,0.39218274823615973,0.5364580882147193,0.23900174043082176,0.002411556243897106,2.8500000000000005,7.199999999999996,7.199999999999996,0.0,0.37049261005414524,0.51588426442607,0.22148160877136536,0.0023935317993166727,3.0,2.8500000000000005,0.14999999999999947,0.021690138182014485
250a57d8617045ad8cb35a00285a1703,0.931066017177982,1.697056274847713,1.697056274847713,0.15000000000000036,0.24798783965548055,0.5099830325179542,0.07284758655795702,0.021002769470215732,0.4621708245126287,3.7947331922020573,3.7947331922020573,0.15000000000000036,0.1576624719549667,0.3877878011452199,0.11371721473845366,0.018297815322875888,0.931066017177982,0.4621708245126287,0.4688951926653533,0.09032536770051386
2531f1309b364aa58fef2bb536d6639b,5.227171901271824,9.674709297958255,6.0,0.6000000000000014,0.788875190089545,1.49606987344001,0.33273576219623596,0.04153175354003835,4.560638328102172,8.485281374238577,6.0,0.6000000000000014,0.7087916586983156,1.346814875966491,0.31161361203604937,0.03563404083251864,5.227171901271824,4.560638328102172,0.6665335731696516,0.08008353139122937
2577f859f0fb47a3a21cfc7c95650d26,1.95,4.799999999999997,4.799999999999997,0.0,0.29449931913014676,0.3771825438816254,0.2965292222774801,0.020533847808838157,1.575,3.6000000000000014,1.2000000000000028,0.07500000000000018,0.2374641517906419,0.2853118406075116,0.21750112413748376,0.017830467224121183,1.95,1.575,0.375,0.057035167339504866
25fbd2d7377449aabfd2173c3a0a418f,1.087659196742744,9.13892772703669,0.0,0.9000000000000004,0.2127724834642441,0.37142742347309105,0.11590826899632549,0.052807331085205966,1.087659196742744,9.13892772703669,0.0,0.9000000000000004,0.21134431511625304,0.3804177137540487,0.11294057350122293,0.05182571411132875,1.087659196742744,1.087659196742744,0.0,0.00142816834799106
267340cfbeb4415f9f74090750e237ab,1.4249999999999994,3.6000000000000014,1.1999999999999957,0.0,0.22098089854215422,0.43444291226493015,0.0808432119738739,0.007249259948728604,1.3499999999999994,3.599999999999998,1.1999999999999957,0.0,0.24101698366364138,0.4731041505779969,0.07588008561884237,0.007121515274047141,1.4249999999999994,1.3499999999999994,0.07499999999999996,-0.020036085121487163
296e524f77ca4fad9d95e3dfe54c1259,3.8999999999999995,8.399999999999999,8.399999999999999,0.0,0.6837778941696266,1.1849447147575607,0.31260104752919904,0.0174141883850103,3.8999999999999995,8.399999999999999,8.399999999999999,0.0,0.6727362993037984,1.1722740061497503,0.30662414233610524,0.017424631118774236,3.8999999999999995,3.8999999999999995,0.0,0.01104159486582823
2a1c825acff04f808c6451e9e28b2d17,1.5749999999999995,4.799999999999997,1.2000000000000028,0.0,0.24679644112650798,0.40551895325170534,0.09302192903089852,0.00946612358093235,1.4999999999999993,4.799999999999997,1.2000000000000028,0.0,0.20909336641858317,0.372553315347124,0.06847683772482895,0.009004497528075195,1.5749999999999995,1.4999999999999993,0.07500000000000018,0.037703074707924805
2a8c82989fcc4edca9772cd20bf34b07,0.0,0.0,0.0,0.0,0.03142981737566475,0.08876639165260054,0.015330726801906792,0.005062580108642578,0.0,0.0,0.0,0.0,0.05170320034866051,0.13192583658848298,0.014723417727511694,0.0057412147521977985,0.0,0.0,0.0,-0.02027338297299576
2ab5ae2167d94c37987a69ef23b3cb6b,0.0,0.0,0.0,0.0,0.10501581501715417,0.17310123150286827,0.07354843344641504,0.007803153991699396,0.0,0.0,0.0,0.0,0.07623114789279493,0.128585574243902,0.05831313054864204,0.006797647476196378,0.0,0.0,0.0,0.02878466712435923
2acfc4b99f084778bc484fa1eef1b79f,1.037132034355965,4.799999999999997,1.2000000000000028,0.15000000000000036,0.05443774125503118,0.0899077071979458,0.0899077071979458,0.02537269592285263,1.2621320343559645,4.799999999999997,1.2000000000000028,0.15000000000000036,0.06585841301794364,0.1094889424331098,0.1031359315559205,0.024080801010132102,1.037132034355965,1.2621320343559645,-0.22499999999999964,-0.011420671762912456
2b4441336efa4a649510d33c96ca53aa,1.0499999999999994,4.799999999999997,4.799999999999997,0.07500000000000018,0.12114591397955082,0.16831890004858716,0.1618615606374379,0.04188351631164666,0.9749999999999992,4.799999999999997,4.799999999999997,0.07500000000000018,0.09468340891294974,0.2212792244242134,0.09226755439832568,0.03365592956543084,1.0499999999999994,0.9749999999999992,0.07500000000000018,0.026462505066601083
2cdbffa384a5478babff79039cac4e75,1.1250000000000002,3.6000000000000014,1.2000000000000028,0.0,0.23987235390899836,0.5592643770697535,0.09583730548217029,0.021525192260742454,1.3500000000000005,7.200000000000003,0.0,0.0,0.19555037986523932,0.3872359470615672,0.07722212714126524,0.02328400611877468,1.1250000000000002,1.3500000000000005,-0.2250000000000003,0.04432197404375904
2ce065a0fa9e4e4da888abc18fa100c8,0.07500000000000018,1.2000000000000028,0.0,0.0,0.05180686759065527,0.1151414268974275,0.03917925754075567,0.003149271011352539,0.07500000000000018,1.2000000000000028,0.0,0.0,0.030158948157387542,0.06900992748183556,0.05491163580933562,0.003682994842529208,0.07500000000000018,0.07500000000000018,0.0,0.021647919433267725
2d04e796e3de4102a0e367a0516e6e4e,0.4500000000000002,1.2000000000000028,0.0,0.0,0.10680665781651175,0.20609152674882483,0.08473505543448592,0.006481504440307262,1.1249999999999993,4.799999999999997,4.799999999999997,0.0,0.04159084397540784,0.09012853801581308,0.025207981920505655,0.0072871685028079725,0.4500000000000002,1.1249999999999993,-0.6749999999999992,0.0652158138411039
2d0f28162f864ad391ddeefb4aaf5b05,0.8342329219213245,4.9477267507411975,4.799999999999997,0.07500000000000018,0.12996365024650597,0.3440157478949782,0.018531436469030552,0.02948870658874503,0.30000000000000004,1.2000000000000028,0.0,0.0,0.07646141591737896,0.17605747110622252,0.04062994290877969,0.029591560363769087,0.8342329219213245,0.30000000000000004,0.5342329219213244,0.05350223432912701
2d30b6e4f3094fcca0fe91fb288a6a0f,0.29999999999999916,1.1999999999999993,0.0,0.0,0.07015641221615546,0.1395918774377412,0.04741404764650745,0.0035947322845473195,0.7499999999999998,3.5999999999999943,3.5999999999999943,0.0,0.06729416467601122,0.14802332916906144,0.14802332916906144,0.003671264648438033,0.29999999999999916,0.7499999999999998,-0.4500000000000006,0.002862247540144233
2d3694bf122e4349a984883bc48f6018,0.8999999999999999,2.3999999999999986,0.0,0.0,0.24373034512957664,0.28602336927715716,0.19623041313613698,0.005429792404175071,0.5999999999999999,2.3999999999999986,0.0,0.0,0.24267489181537835,0.314766844530305,0.20457862060878945,0.0052220821380619675,0.8999999999999999,0.5999999999999999,0.30000000000000004,0.0010554533141982902
2d800e7c6d03460e8532daba3641f5d2,0.0,0.0,0.0,0.0,0.07696649306554987,0.1834708126555846,0.0167875488583175,0.00966138839721653,0.0,0.0,0.0,0.0,0.05735526795624851,0.13561332064988432,0.0005162997923784112,0.008560037612913796,0.0,0.0,0.0,0.019611225109301356
2de4836c1a1e4d1a8c2d73a3af31fd47,4.9020869334849255,18.159295140505865,0.0,0.4500000000000006,0.3737342080653542,0.8859737396397097,0.2648487941367865,0.06261363029479838,8.123357033348892,39.30801444998207,39.30801444998207,1.5749999999999997,0.5453836468151035,0.9487382929627054,0.4891889335779255,0.08520913124084384,4.9020869334849255,8.123357033348892,-3.2212700998639665,-0.17164943874974936
2e743b1fb9a34383b88bec3e7792ad2a,0.6750000000000003,2.3999999999999986,0.0,0.0,0.12888429024743092,0.206214247131651,0.07580111089107355,0.008060216903685635,1.5824264635194587,6.118823416311343,1.2000000000000028,0.07500000000000018,0.28166352446396103,0.42876362262482676,0.043118636174209725,0.011996412277220259,0.6750000000000003,1.5824264635194587,-0.9074264635194584,-0.1527792342165301
2eb164aac518499f86fb04de8f9e52f2,1.7371708245126283,3.7947331922020506,3.7947331922020506,0.07500000000000018,0.27828528535255415,0.4467487429528132,0.13066803477513417,0.004866456985474166,1.917046747337741,3.7947331922020573,3.5999999999999943,0.22500000000000053,0.28112286446261103,0.4607106200943426,0.13057876529000675,0.0122639179229731,1.7371708245126283,1.917046747337741,-0.17987592282511278,-0.002837579110056887
2f26712f9c484ced857e42dc425d1d20,2.932426463519459,6.118823416311343,3.6000000000000014,0.07500000000000018,0.5171657083079313,0.6152122016598037,0.5283412911848502,0.008517837524413707,2.925,6.0,3.6000000000000014,0.0,0.5729419099117248,0.6868025035403117,0.6033781736000612,0.01005477905273322,2.932426463519459,2.925,0.00742646351945897,-0.055776201603793485
2f5de0aeca704127925cf8490ff5a21d,2.025,3.6000000000000014,1.1999999999999993,0.0,0.30028057713424444,0.5970897111628647,0.16026252759568463,0.009761524200440519,2.025,3.6000000000000014,1.1999999999999993,0.0,0.30458186609998056,0.6040775575271456,0.16760910633943016,0.0092642784118655,2.025,2.025,0.0,-0.004301288965736116
2f9f3852a80347e3b3a3ebaa5946bcea,1.425,2.400000000000002,2.3999999999999986,0.0,0.36450848584003925,0.5353363582765085,0.2464887679695856,0.007992553710937766,1.05,2.400000000000002,2.3999999999999986,0.0,0.3142437192216792,0.40427175736667015,0.2533574693428733,0.006613826751708185,1.425,1.05,0.375,0.050264766618360046
3064a6b9b3f04e5d8e51eefb4be8506a,0.0,0.0,0.0,0.0,0.3835056350445951,0.6099307369167954,0.26055958917371663,0.010968732833861239,0.0,0.0,0.0,0.0,0.36511227006337876,0.5946485285642843,0.2594517716334373,0.011321353912354226,0.0,0.0,0.0,0.018393364981216354
3078e2541d58490cb8bad9de7801b7cc,4.737740738533827,13.254433220624716,13.254433220624716,0.22500000000000053,0.6102723916206975,0.9678388726257171,0.32059644943365434,0.007422780990601119,3.6998523440512194,9.67470929795826,9.67470929795826,0.3000000000000007,0.48714066631271513,0.8174861818241997,0.21535540109686555,0.009382152557373402,4.737740738533827,3.6998523440512194,1.0378883944826072,0.12313172530798233
3097b27c66c448d58aee1c54958466ad,1.6810660171779812,8.399999999999991,8.399999999999991,0.07500000000000018,0.09681260993089552,0.1714195712862437,0.08220638155765811,0.014599514007567649,1.7560660171779814,8.399999999999991,8.399999999999991,0.07500000000000018,0.09786460769859404,0.1741280230014173,0.08272338810952538,0.01683955192565989,1.6810660171779812,1.7560660171779814,-0.07500000000000018,-0.0010519977676985148
30ad11916547467183371af9e1faf298,0.0,0.0,0.0,0.0,0.09896489924010662,0.24615723788299534,0.03695544353030976,0.012384796142578036,0.0,0.0,0.0,0.0,0.1225603945120123,0.2839764305653759,0.05690122520242055,0.012703514099120738,0.0,0.0,0.0,-0.023595495271905673
3164b1a6aa024beea62d3b14fa78d747,1.2750000000000001,2.400000000000002,2.3999999999999986,0.0,0.17234439645351024,0.30675232607985414,0.014477541635650706,0.007967376708985174,0.9750000000000001,2.400000000000002,2.3999999999999986,0.0,0.0997288530210593,0.1814961723093832,0.06218526669441638,0.006246185302735352,1.2750000000000001,0.9750000000000001,0.30000000000000004,0.07261554343245094
32dbf4593eee4f7384dcf576b2344059,1.3500000000000003,3.6000000000000014,3.6000000000000014,0.0,0.27298882188364865,0.5685969202265981,0.08328530784462866,0.007295751571655629,1.35,3.6000000000000014,3.6000000000000014,0.0,0.27014115902325453,0.5637941849038681,0.09175604101001848,0.007025098800658824,1.3500000000000003,1.35,2.220446049250313e-16,0.002847662860394118
3307d1211dfd442db4a6ae544c2ae197,1.5750000000000004,3.6000000000000014,3.6000000000000014,0.0,0.23707669156787564,0.2845696162129907,0.21998383967716192,0.006877326965331942,2.925,7.199999999999999,4.799999999999997,0.0,0.49032718267493725,0.584101376777591,0.45977117937554873,0.012344455718993785,1.5750000000000004,2.925,-1.3499999999999994,-0.2532504911070616
349fc724f9d84aeca8afe4af49d05986,1.368465843842649,4.947726750741191,0.0,0.15000000000000036,0.1398627811412466,0.2470187283794073,0.07577930825012781,0.01797194480895925,1.1342329219213245,4.947726750741191,0.0,0.07500000000000018,0.12834015669276302,0.2509392721075651,0.06765293271302003,0.013723182678221146,1.368465843842649,1.1342329219213245,0.2342329219213244,0.011522624448483565
34dc0f073e864d70b6e2b09c5b3ed032,4.725,12.0,12.0,0.0,0.6074325121702611,1.0246137433157994,0.4033351687064673,0.026864433288573242,3.9000000000000004,8.400000000000006,8.400000000000006,0.0,0.3907781517917368,0.6113545167195623,0.27540063174055424,0.015469408035277965,4.725,3.9000000000000004,0.8249999999999993,0.21665436037852426
3623e20bb2e647a280cbb6d8a0b50874,1.6666593854407834,6.118823416311343,6.118823416311343,0.15000000000000036,0.22980330444685346,0.3055125722045196,0.16790492162596063,0.010265350341797319,2.494522258161309,9.67470929795826,9.67470929795826,0.22500000000000053,0.31854604607837217,0.41880028727918694,0.2502959682770557,0.011439943313599432,1.6666593854407834,2.494522258161309,-0.8278628727205257,-0.08874274163151871
36d4e4bf966e467bbee01dd6e63d5cce,0.3749999999999998,2.3999999999999986,0.0,0.0,0.06673307604198717,0.12299223044099133,0.030156026781322082,0.0016201972961424893,0.3749999999999998,2.3999999999999986,0.0,0.0,0.06673307604198717,0.12299223044099133,0.030156026781322082,0.0016201972961424893,0.3749999999999998,0.3749999999999998,0.0,0.0
37b3d16060b442d5b6175cbebefd09a7,1.9499999999999988,3.599999999999998,3.599999999999998,0.0,0.3363316870662749,0.4608049587127489,0.3221974845177899,0.009190464019774414,1.9499999999999988,3.599999999999998,3.599999999999998,0.0,0.3326579987504425,0.45948824287070766,0.3227237405003974,0.010178947448729936,1.9499999999999988,1.9499999999999988,0.0,0.003673688315832424
38bde80644fd47f4b08d8de873a8be1b,0.22499999999999964,1.2000000000000028,0.0,0.0,0.035027329642756566,0.04855590500095874,0.03136608112066614,0.0034584045410159803,1.8749999999999996,7.199999999999996,7.199999999999996,0.0,0.18788653291520319,0.21237088644634672,0.1985173207320557,0.004045343399047496,0.22499999999999964,1.8749999999999996,-1.65,-0.15285920327244662
38c0c7b30e1142e4bc0833c2d489c493,0.7060660171779819,2.3999999999999986,1.2000000000000028,0.22500000000000053,0.1047855092063426,0.15748291442897275,0.04705706747372901,0.013572549819946378,0.6310660171779822,2.3999999999999986,1.2000000000000028,0.22500000000000053,0.10835124934699625,0.1579625617665781,0.03106791320360227,0.014191389083862305,0.7060660171779819,0.6310660171779822,0.07499999999999973,-0.003565740140653653
39a5d8e9868d4dcd9cf8386068c903b3,2.475,4.800000000000001,3.6000000000000014,0.0,0.5254383657143246,0.8938212633338979,0.33207327435468664,0.010175657272339045,0.75,2.400000000000002,1.1999999999999993,0.0,0.13864288893191015,0.3134016822238101,0.181488324518392,0.013100910186767845,2.475,0.75,1.725,0.38679547678241444
3a2c3d1efcea439cba29f425cdf5fbe0,1.2306366683552779,4.947726750741191,3.6000000000000014,0.22500000000000053,0.11416021770041346,0.19448344285214628,0.13796539678756523,0.018985176086427025,1.099531861020632,4.9477267507411975,4.9477267507411975,0.22500000000000053,0.13026543520666195,0.22307110265390667,0.13924989313525074,0.01929917335510334,1.2306366683552779,1.099531861020632,0.1311048073346459,-0.016105217506248493
3a56f761366a4338a35bccfe7b08befb,0.7499999999999996,3.6000000000000014,2.3999999999999986,0.0,0.16271365886308276,0.3629234745433907,0.22718787722678294,0.0069085121154790485,1.0562071897723666,7.29931503635786,1.2000000000000028,0.07500000000000018,0.14345457578876533,0.28173901815354946,0.24411634553343914,0.005603599548338778,0.7499999999999996,1.0562071897723666,-0.30620718977236705,0.019259083074317424
3a9918ace7f3435ea3fe8a024cb3f181,0.8036082481589152,2.683281572999754,0.0,0.5250000000000004,0.11696284933783309,0.23714577109999457,0.052970390663646005,0.09152669906616229,0.7109031498464308,2.6832815729997463,0.0,0.4500000000000002,0.09904544958735373,0.23538326445630062,0.03266844066889853,0.08077239990234508,0.8036082481589152,0.7109031498464308,0.09270509831248441,0.01791739975047936
3ba93f957fe54c8c891a2cd5992e65a9,0.5249999999999995,2.3999999999999986,0.0,0.0,0.05459072906235446,0.140998928874428,0.06716861154826435,0.016775321960448952,0.5249999999999995,2.3999999999999986,0.0,0.0,0.12187247500243782,0.24301176017855672,0.09294233477807538,0.013498163223267134,0.5249999999999995,0.5249999999999995,0.0,-0.06728174594008336
3bb2aa82346340a0903bf05257735f71,2.25,4.800000000000004,3.6000000000000014,0.0,0.45454667337491267,0.8218109446333223,0.06032499705499547,0.009936189651490235,2.4749999999999996,4.800000000000004,2.3999999999999986,0.0,0.44988112593781,0.845260195759121,0.02726000922692033,0.011760663986208009,2.25,2.4749999999999996,-0.22499999999999964,0.0046655474371026795
3be45164a35e465cbfbc3c20ef060718,0.0,0.0,0.0,0.0,0.37414428534255056,0.5670535742015186,0.29225293176851885,0.01166067123413006,1.1249999999999993,2.3999999999999986,1.1999999999999993,0.0,0.4206598618984132,0.6249585122111896,0.3250778157703555,0.012152338027952236,0.0,1.1249999999999993,-1.1249999999999993,-0.04651557655586264
3c1ab7d886244645ba1cbfad95326d21,3.309232921921325,8.399999999999999,4.947726750741191,0.07500000000000018,0.5805951529517357,0.7934662473466154,0.5490093293048397,0.011788129806518999,3.2342329219213246,8.399999999999999,4.947726750741191,0.07500000000000018,0.5710460257489622,0.7770584760423271,0.5289225269311765,0.010406398773193715,3.309232921921325,3.2342329219213246,0.07500000000000018,0.009549127202773455
3c4da98d05c74a74bf49867b6ccbc754,3.15,8.399999999999999,6.0,0.0,0.4302887724166978,0.6569692911634784,0.24291229921989896,0.00412645339965767,2.4749999999999996,6.0,6.0,0.0,0.3796457013344402,0.6477507164474174,0.13921683815359376,0.006868743896483842,3.15,2.4749999999999996,0.6750000000000003,0.050643071082257574
3c7b830b41274d04a8ecf415cc802c43,2.1487711154904656,4.799999999999997,4.799999999999997,0.15000000000000036,0.3370234307923898,0.5201820471021233,0.17503062825977841,0.0059962749481194955,1.9677050983124837,4.799999999999997,4.799999999999997,0.15000000000000036,0.30728618748551917,0.4987518698969962,0.14380863805511404,0.00549774169921724,2.1487711154904656,1.9677050983124837,0.18106601717798188,0.02973724330687061
3d4112671b8c4d8393a0b32d6d75287a,1.2000000000000002,3.6000000000000014,1.2000000000000028,0.0,0.18325661090653195,0.21971622782483144,0.15166226305422298,0.005408763885495826,0.5249999999999997,3.6000000000000014,0.0,0.0,0.09475416175881174,0.12629383914175957,0.1052868247587918,0.005740356445310457,1.2000000000000002,0.5249999999999997,0.6750000000000005,0.08850244914772021
3d905993341a42da8a4a951fb439682b,0.07499999999999996,1.1999999999999993,0.0,0.0,0.21541875383072323,0.3519839910265267,0.0899376615927525,0.00935125350952104,0.07499999999999996,1.1999999999999993,0.0,0.0,0.6288232903848185,0.9269535225529102,0.3865504766787212,0.009964227676389825,0.07499999999999996,0.07499999999999996,0.0,-0.4134045365540953
3e0c8a049c7e4cf2b1aa8a8387b045c7,5.559641263107888,14.449913494550753,13.254433220624716,0.22500000000000053,0.739951214845937,1.1514963483071448,0.4210279932770958,0.02600140571594256,3.9749999999999996,8.399999999999999,8.399999999999999,0.0,0.5434329209950118,0.853150254699594,0.3026281298209539,0.015624904632568715,5.559641263107888,3.9749999999999996,1.5846412631078888,0.19651829385092512
3e743a8cf0394f33b45a4c15149d014b,0.0,0.0,0.0,0.0,0.17479067425314376,0.32658134628087454,0.11733973780109454,0.013062286376952503,0.0,0.0,0.0,0.0,0.19538070745456548,0.36194946064613365,0.13839058309384064,0.013578414916992632,0.0,0.0,0.0,-0.02059003320142172
3f16f295d3e44088aa24a88b740f90bd,0.9750000000000003,2.400000000000002,0.0,0.0,0.1418401173219398,0.2850214791909382,0.05500011110688037,0.015666818618775835,0.7499999999999998,2.400000000000002,0.0,0.0,0.08212948282827721,0.2173805410812376,0.02747065549251858,0.011466693878174006,0.9750000000000003,0.7499999999999998,0.22500000000000053,0.05971063449366258
3fd8074cf3444290a8cf4ddd3de0ffc4,2.7,4.800000000000004,4.800000000000004,0.0,0.5542073770379665,0.8201235605691558,0.44302424698644427,0.010648727416990855,3.3796693311223915,9.67470929795826,9.67470929795826,0.07500000000000018,0.5821243888921463,0.824990701372188,0.5005563985944332,0.00899305343627832,2.7,3.3796693311223915,-0.6796693311223914,-0.02791701185417983
406d55a941a04eecb7851831d9044178,0.7810660171779826,3.6000000000000014,3.6000000000000014,0.07500000000000018,0.1666963333864076,0.3043931875093671,0.22167042768564985,0.009811162948607954,0.9871708245126288,3.7947331922020573,3.6000000000000014,0.15000000000000036,0.16385222346079426,0.33489348339188674,0.33489348339188674,0.013834762573240678,0.7810660171779826,0.9871708245126288,-0.2061048073346462,0.0028441099256133473
40a982ccf9564c6ea574f1d75f8a7dc0,0.22499999999999987,2.400000000000002,0.0,0.0,0.04903419924725093,0.0681346042840855,0.0681346042840855,0.004320859909058505,0.07499999999999973,1.1999999999999957,0.0,0.0,0.037289221974109416,0.09773891437146394,0.03494609793036157,0.004912090301513405,0.22499999999999987,0.07499999999999973,0.15000000000000013,0.011744977273141513
40e413c922184255a94f08d3c10037e0,0.7038873605350877,6.462197768561407,0.0,0.1499999999999999,0.1776269170030263,0.2941036710997341,0.08890834685724124,0.009145545959472035,0.7038873605350877,6.462197768561407,0.0,0.1499999999999999,0.18438163037540656,0.30523004832999573,0.09077738574196098,0.008354187011717862,0.7038873605350877,0.7038873605350877,0.0,-0.006754713372380261
41a751b9f46a4fcd8529557c46cd919e,0.0,0.0,0.0,0.0,0.11068637198654285,0.3141249015317936,0.0023745583206635614,0.013166856765747248,0.0,0.0,0.0,0.0,0.1507627507635695,0.3594690560895672,0.059290526419158635,0.0174169063568117,0.0,0.0,0.0,-0.04007637877702663
421215a3574d445db2bac0574bb34b67,2.7872864077347757,27.796582523756403,27.796582523756403,1.2,0.2958250716183869,0.45565378567726056,0.1720404317140759,0.015450954437256748,2.8622864077347754,27.796582523756403,27.796582523756403,1.2,0.3006801410581611,0.45561007488954725,0.18352007638759157,0.016073513031007458,2.7872864077347757,2.8622864077347754,-0.07499999999999973,-0.004855069439774207
4213954afbbf49db872817069f73ae7e,0.0,0.0,0.0,0.0,0.16518246075528575,0.3425535588787144,0.0977165209033242,0.014322280883789062,0.0,0.0,0.0,0.0,0.13374089264452768,0.3006877567165164,0.06676069463258891,0.013183021545410067,0.0,0.0,0.0,0.03144156811075807
4254e88744744d1da84ff59eb26d5e82,0.5999999999999999,6.0,1.1999999999999957,0.0,0.18051949247997828,0.4271730145352022,0.4271730145352022,0.01911706924438361,7.574999999999999,20.4,20.4,0.0,0.8826176931245051,1.0901456963066432,1.0140408281168358,0.01714625358581623,0.5999999999999999,7.574999999999999,-6.975,-0.7020982006445269
4404961302234ce8ad5fddbd17fbcc04,0.0,0.0,0.0,0.0,0.14845077814663624,0.3504560442278602,0.05494470674567636,0.012797069549561169,0.0,0.0,0.0,0.0,0.1402023051740011,0.33639419645818125,0.055677640350638234,0.011599731445312678,0.0,0.0,0.0,0.008248472972635146
442d1845be554fc49b9ee04c70492b29,2.1310660171779823,7.200000000000003,1.697056274847713,0.07500000000000018,0.2933738527288996,0.5324208417789366,0.15715363369168725,0.019357109069823242,1.081066017177982,4.800000000000004,1.697056274847713,0.07500000000000018,0.20252650730817803,0.34269220145296925,0.17033971534500228,0.017887401580809925,2.1310660171779823,1.081066017177982,1.0500000000000003,0.09084734542072156
453eb1d22e3147a183224ebd756a9c57,4.5601727497591815,8.485281374238573,8.48528137423857,0.6000000000000014,0.6510770065395282,0.9032792834500912,0.38832997117388063,0.026705074310302557,5.675617951956884,10.8664621657649,8.48528137423857,0.6000000000000014,0.7685112721440379,1.076810398189797,0.46520228521480383,0.02595434188842871,4.5601727497591815,5.675617951956884,-1.1154452021977024,-0.11743426560450976
45731d093e2e4bb590ca10bbfb198eee,4.239997345056938,12.059850745345068,12.059850745345068,0.3750000000000009,0.5414447966195057,0.8961006259488132,0.3173210286562512,0.009434080123901012,3.033318773230748,8.48528137423857,8.48528137423857,0.5250000000000012,0.43250660603728475,0.7112514267143061,0.22266758180945018,0.014069509506226208,4.239997345056938,3.033318773230748,1.2066785718261905,0.10893819058222098
47a1ea38aee04afcb5651a090a9c88fe,1.8890184447838831,5.9999999999999964,5.9999999999999964,0.6000000000000001,0.26133224943055694,0.4433684178153056,0.1262353749113426,0.058469581604003285,2.073166746034338,6.118823416311345,5.9999999999999964,0.7500000000000002,0.2340332736333789,0.39966122396728115,0.10488841631905832,0.06356821060180629,1.8890184447838831,2.073166746034338,-0.18414830125045478,0.02729897579717805
47d74378d3e04fa6bb3132928c0f9fa4,0.675,2.3999999999999986,0.0,0.0,0.11146371090268475,0.21561379124553204,0.010726942276708671,0.006367921829224077,0.4500000000000002,2.3999999999999986,0.0,0.0,0.07679350455398516,0.15709675656461056,0.0433449563332629,0.006622695922851474,0.675,0.4500000000000002,0.22499999999999987,0.03467020634869959
47f40eb09dcb40b9888d81fb4b872ac4,1.0499999999999998,3.6000000000000014,1.1999999999999957,0.0,0.12488549249875609,0.16921443333694447,0.07008597317058231,0.007065725326538708,1.0499999999999998,3.6000000000000014,1.1999999999999957,0.0,0.13412322270083085,0.1865228735643144,0.053165666292712854,0.006328582763672763,1.0499999999999998,1.0499999999999998,0.0,-0.00923773020207476
47fce09b77e44bb1810cedd61628ab1f,2.7803300858899105,8.48528137423857,8.48528137423857,0.07500000000000018,0.5857999474869737,0.8208295391345548,0.497562600678043,0.01790614128112855,2.8553300858899107,8.48528137423857,8.48528137423857,0.07500000000000018,0.5945519292545182,0.8161645962902334,0.55940502561044,0.022173786163329545,2.7803300858899105,2.8553300858899107,-0.07500000000000018,-0.008751981767544437
480afd6a2cac456ab71ae46506e30335,0.30000000000000004,1.2000000000000028,0.0,0.0,0.09076718853046792,0.12456097079624959,0.11607202157984335,0.003517341613770153,0.4499999999999995,3.5999999999999943,3.5999999999999943,0.0,0.1317400338592154,0.20396058838652972,0.20018142731127908,0.003888702392579546,0.30000000000000004,0.4499999999999995,-0.14999999999999947,-0.04097284532874748
487e37c966514fe58858a7003dfe2f18,10.05,25.2,25.2,0.0,1.193230986983926,1.383145499199982,1.1480998437812042,0.016993045806884766,10.95,26.4,26.4,0.0,1.5263414567438733,1.7655956619981767,1.411266595215285,0.018277072906494052,10.05,10.95,-0.8999999999999986,-0.3331104697599474
48ea4572f95c47a083efa79997c4a506,4.2749999999999995,6.0,4.799999999999997,0.0,0.7751932917491914,0.9628053214957883,0.7297535931493366,0.030010843276977006,4.2749999999999995,6.0,4.799999999999997,0.0,0.7577889462364851,0.9148044254727083,0.7447084635559605,0.0294522285461416,4.2749999999999995,4.2749999999999995,0.0,0.01740434551270631
496c5144cca24c2f86607f9d7f26e90e,1.9677050983124842,4.799999999999997,1.1999999999999957,0.07500000000000018,0.5780013195943242,0.934334678361982,0.2699416104028821,0.014724540710449041,0.6000000000000001,2.3999999999999986,0.0,0.0,0.4180754457158601,0.7230345709932319,0.12426236122025554,0.009539651870726473,1.9677050983124842,0.6000000000000001,1.367705098312484,0.15992587387846413
4996d203a43242c2b26d62b68aa2067b,1.9500000000000002,4.799999999999997,4.799999999999997,0.0,0.25294914762514553,0.3178082506733874,0.17555223723584482,0.0068243980407709515,1.9500000000000002,4.799999999999997,4.799999999999997,0.0,0.25294914762514553,0.3178082506733874,0.17555223723584482,0.0068243980407709515,1.9500000000000002,1.9500000000000002,0.0,0.0
49f8376cd6b34f07b20ed6d5b5b42acd,2.174999999999999,3.599999999999998,3.599999999999998,0.0,0.1154119077924801,0.31341628892280443,0.06262273420015561,0.003772401809692294,2.2499999999999987,3.599999999999998,3.599999999999998,0.0,0.17250132024751266,0.3314977095201553,0.11958340048896124,0.006280946731567649,2.174999999999999,2.2499999999999987,-0.07499999999999973,-0.05708941245503256
4a4426ac48d54f9590573ea48b1e76fc,1.1999999999999995,2.4000000000000057,0.0,0.0,0.13425972160239466,0.28771325808550624,0.03695101598414214,0.02979283332824778,1.2,3.6000000000000014,0.0,0.0,0.1255167212934078,0.27784410086764766,0.03513618798336292,0.026260185241699485,1.1999999999999995,1.2,-4.440892098500626e-16,0.008743000308986865
4a4ea75ecf81469988905e6bd73bf49d,3.2249999999999996,8.399999999999999,7.200000000000003,0.0,0.409872821236392,0.7976186121662665,0.13948705549316387,0.014574480056761097,3.2342329219213246,8.399999999999999,7.200000000000003,0.07500000000000018,0.4129512381944577,0.834671245362988,0.11537661214932568,0.017866086959839045,3.2249999999999996,3.2342329219213246,-0.009232921921324966,-0.0030784169580657106
4a7e82f96c7d487686ae95b6384b77a5,3.45,8.399999999999999,8.399999999999999,0.0,0.583659397709189,0.7617333048337733,0.45050865572161347,0.008523702621460849,2.8500000000000005,8.399999999999999,8.399999999999999,0.0,0.5078190591960006,0.6984482392093091,0.3772252216441905,0.007725334167480558,3.45,2.8500000000000005,0.5999999999999996,0.07584033851318839
4b6fcdc1549847c395d07fefcbdc16eb,0.22499999999999987,1.1999999999999993,1.1999999999999993,0.0,0.053827527170371266,0.1194498051350774,0.0700208493731097,0.008604812622070135,0.22499999999999987,1.1999999999999993,1.1999999999999993,0.0,0.06275238185878079,0.1346910380938863,0.07857250089201726,0.008926248550416016,0.22499999999999987,0.22499999999999987,0.0,-0.008924854688409527
4b9f0142681249f9896800b278a1fd0d,0.9750000000000001,2.3999999999999986,1.2000000000000028,0.0,0.19886728961216613,0.3389525246833809,0.05131407703077576,0.002740716934203302,0.9750000000000001,2.3999999999999986,1.2000000000000028,0.0,0.19886728961216613,0.3389525246833809,0.05131407703077576,0.002740716934203302,0.9750000000000001,0.9750000000000001,0.0,0.0
4cd53db3b63b42caba9e8f6a6ea70eae,0.0,0.0,0.0,0.0,0.029645441979490556,0.07332658562245048,0.0080863534778889,0.003547811508178178,0.0,0.0,0.0,0.0,0.02914001769932338,0.06208741715342946,0.012335966578429069,0.004349184036253728,0.0,0.0,0.0,0.000505424280167175
4d1040b4e7804bc395186572f5ee281c,0.6191874611502651,4.326661530556787,1.1999999999999993,0.3749999999999998,0.1531758451520379,0.3069764530057549,0.24435703938813433,0.11535015106201163,0.5164762138029504,2.6832815729997495,1.1999999999999993,0.3749999999999998,0.17634963112879304,0.3540992354323343,0.286176405025519,0.12723598480224574,0.6191874611502651,0.5164762138029504,0.10271124734731474,-0.02317378597675515
4d37ee8f85284d62a1f7465e2b005643,4.807481343168133,12.059850745345068,12.059850745345068,0.15000000000000036,0.6615734684184271,1.012924963595096,0.5147331421457005,0.021271991729736595,3.9838232164826968,10.866462165764897,10.866462165764897,0.15000000000000036,0.5496981089405826,0.8321739465578292,0.40225627820768106,0.022642564773559304,4.807481343168133,3.9838232164826968,0.8236581266854364,0.11187535947784455
4dd38dcd4e8549d6a37938285f886117,0.9000000000000001,3.6000000000000014,1.2000000000000028,0.0,0.15325075244010708,0.2566073240208557,0.06150306790202248,0.00448808670043821,0.9750000000000003,3.6000000000000014,1.2000000000000028,0.0,0.15523848681606212,0.26472802558378417,0.05730894129270653,0.004705524444579279,0.9000000000000001,0.9750000000000003,-0.07500000000000018,-0.001987734375955036
4dfab70f0b3f405bbf17f7c534d2dd91,12.169396911882746,27.704151313476462,25.314027731674777,0.45000000000000107,1.720907898818574,2.61307633773577,0.707933214102343,0.01563205718994265,11.869396911882747,27.704151313476462,25.314027731674777,0.45000000000000107,1.6512776373744384,2.5058763758529783,0.7227334675210709,0.014480352401733843,12.169396911882746,11.869396911882747,0.29999999999999893,0.06963026144413553
4dfb0052fe944420acddf5d376755dff,5.123349354657779,13.254433220624708,12.059850745345068,0.3750000000000009,0.7572255066446327,1.149157791650348,0.5410215563962169,0.034957408905030185,6.3950142173035545,14.449913494550753,14.449913494550753,0.3750000000000009,0.9810627153020578,1.4637657336670955,0.6966674813681826,0.04198451042175311,5.123349354657779,6.3950142173035545,-1.2716648626457756,-0.22383720865742507
4f0f533c84c4493599f2eb3a60882b16,0.8250000000000002,2.3999999999999986,1.2000000000000028,0.0,0.15863840687987762,0.24663776697867584,0.09022523598402514,0.01127114295959375,0.2999999999999998,1.2000000000000028,0.0,0.0,0.05007395762347702,0.09380037078663826,0.03153677062354055,0.014433717727660778,0.8250000000000002,0.2999999999999998,0.5250000000000004,0.1085644492564006
4fbd8ca56cc942cfb092846192fb3bd3,0.8249999999999997,3.6000000000000014,1.1999999999999957,0.0,0.22516626284925292,0.3566874830967053,0.10079592708618003,0.00578627586364755,1.8053300858899108,8.48528137423857,2.3999999999999986,0.07500000000000018,0.3575974971909037,0.6014861644819499,0.18719396573576494,0.004633569717407582,0.8249999999999997,1.8053300858899108,-0.9803300858899111,-0.1324312343416508
50584518abf2443da57a124020086b69,3.322413796557034,9.674709297958257,1.1999999999999957,0.3000000000000007,0.3844817938233729,0.624338873132724,0.13512752068615672,0.010375213623045276,4.675328919914513,9.674709297958257,9.674709297958257,0.3750000000000009,0.6121747369951813,0.8829386649270199,0.3253518240842094,0.017376565933226118,3.322413796557034,4.675328919914513,-1.3529151233574788,-0.22769294317180844
50c37d323ce248219f6a4f266d41daae,1.7999999999999994,4.800000000000004,2.3999999999999986,0.0,0.2950331395343341,0.43935834819273145,0.2320073167783261,0.012781763076781694,2.625,6.0,6.0,0.0,0.42414706483879455,0.6761998912471434,0.2797990176470778,0.011407184600829012,1.7999999999999994,2.625,-0.8250000000000006,-0.12911392530446048
50d86a5cd45440c89e895a5d20ea5267,4.208410002706458,12.059850745345068,12.059850745345068,0.15000000000000036,0.6305969982139437,0.9585837187071282,0.4565953524933469,0.02651624679565412,6.680794756980788,16.842802617141842,16.842802617141842,0.15000000000000036,1.0077526018920961,1.458219245526957,0.703569827980308,0.02967095375061035,4.208410002706458,6.680794756980788,-2.47238475427433,-0.3771556036781525
513cdbd6707a4bf9b7699d549ff65e6f,1.286156628174678,4.3266615305567875,0.0,0.8999999999999995,0.1590617478483778,0.40105641356137184,0.033638240080525794,0.053113460540771484,1.286156628174678,4.3266615305567875,0.0,0.8999999999999995,0.15684848072689622,0.3972050035124814,0.04199103090445424,0.05231323242187491,1.286156628174678,1.286156628174678,0.0,0.002213267121481566
515ffe0f141445ed8e0de6e674b64060,10.367587047058244,29.19726014543145,29.19726014543145,2.41875,0.8519821087538413,1.224592695706546,0.5950241529955741,0.032788896560668856,9.913330929712092,29.19726014543145,29.19726014543145,2.34375,0.9786848878734176,1.3376107891666875,0.7073888433082094,0.03556365966796804,10.367587047058244,9.913330929712092,0.45425611734615146,-0.12670277911957628
51b0f4727e4748a1b48162866ea48f3a,0.30000000000000004,2.3999999999999986,0.0,0.0,0.06350795771104312,0.12790625754633228,0.12790625754633228,0.007236528396605824,4.125,10.799999999999997,9.600000000000001,0.0,0.5401380303749379,0.794657409965104,0.3702937356334634,0.01843199729919398,0.30000000000000004,4.125,-3.825,-0.4766300726638948
529080134759454a8176daca17b87a15,0.0,0.0,0.0,0.0,0.1646926341931647,0.3449456187030188,0.09719957081296048,0.014308547973632901,0.0,0.0,0.0,0.0,0.12823862017846435,0.28455583412358426,0.06779039329977084,0.012991189956665039,0.0,0.0,0.0,0.03645401401470036
52a22c3edca1431789ecfb9bb65a01ff,6.419501398698892,14.449913494550753,14.449913494550753,0.6000000000000014,0.9277533477180614,1.6421505108713963,0.41727219840704577,0.049927997589111595,6.493840643931373,14.449913494550753,14.449913494550753,0.6000000000000014,0.9458883854396078,1.6535171545190028,0.4354064229669694,0.049973344802855646,6.419501398698892,6.493840643931373,-0.0743392452324807,-0.018135037721546454
5369488db9e94abcaacb56ed00a0def6,0.0,0.0,0.0,0.0,0.24951475991118,0.33500128485828967,0.17757193450191314,0.004616832733155274,0.0,0.0,0.0,0.0,0.38262301000429566,0.5060174635202851,0.31442170719294715,0.007508325576782493,0.0,0.0,0.0,-0.13310825009311567
53a80b41beee4a1eb751e3dc89af5765,3.9,8.399999999999999,8.399999999999999,0.0,0.6592257268322966,1.1119155561321883,0.25064231909877005,0.011636781692504261,2.175,4.800000000000001,1.2000000000000028,0.0,0.4734987762596206,0.7909392225269668,0.1863476820148077,0.011814880371093128,3.9,2.175,1.725,0.18572695057267602
53e9e509e9e94f799620e2d554356c4d,1.7249999999999996,3.6000000000000014,3.6000000000000014,0.0,0.363494888201086,0.5534985237993824,0.21100124529669806,0.005551528930663796,1.3499999999999996,3.6000000000000014,3.6000000000000014,0.0,0.27342090201695646,0.47742131118361825,0.11450420158838578,0.0036376476287833803,1.7249999999999996,1.3499999999999996,0.375,0.09007398618412954
54fc3928a8bf4fa483ae707a07c9da60,1.1464037464339532,4.9477267507411895,4.9477267507411895,0.1499999999999999,0.031943284588191345,0.11586343419500922,0.007431296592495778,0.011569833755493253,1.1464037464339532,4.9477267507411895,4.9477267507411895,0.1499999999999999,0.031943284588191345,0.11586343419500922,0.007431296592495778,0.011569833755493253,1.1464037464339532,1.1464037464339532,0.0,0.0
557954f121394533b582e88eac8017ad,2.849999999999999,9.599999999999994,9.599999999999994,0.0,0.4448418105337342,0.8425667530191937,0.3156012764598048,0.01852912902832049,2.6249999999999996,8.399999999999999,8.399999999999999,0.0,0.4525948451617018,0.8401357938583359,0.340347524615923,0.018443870544432528,2.849999999999999,2.6249999999999996,0.22499999999999964,-0.007753034627967559
561cf9acfda645b79bc52ec82537970c,1.0154366870508498,6.99714227381436,0.0,0.5999999999999999,0.07652340433337612,0.17038344838650643,0.1225970346740586,0.0614124298095704,1.6954631774767317,6.99714227381436,6.99714227381436,0.8999999999999999,0.09505642119767731,0.15513436600963398,0.1398489706305152,0.06767234802246103,1.0154366870508498,1.6954631774767317,-0.6800264904258819,-0.018533016864301186
56f2d967734747c181e8cac27acef265,1.4933684035225538,6.118823416311343,3.7947331922020573,0.3000000000000007,0.2620782664483306,0.3967421559505139,0.34923516168079627,0.013460683822632102,1.7249999999999996,3.6000000000000014,3.6000000000000014,0.0,0.2949976418808121,0.5445887127280644,0.22559581952852173,0.010477638244628995,1.4933684035225538,1.7249999999999996,-0.2316315964774458,-0.032919375432481524
5791344561914f83bd244e26e95b4a2a,0.0,0.0,0.0,0.0,0.1412060736939157,0.308165505827511,0.07379096123281037,0.012985897064208718,0.0,0.0,0.0,0.0,0.09999042129823126,0.2554912419162556,0.028990602693404505,0.011117935180663618,0.0,0.0,0.0,0.041215652395684435
57a79294b87e4b55a7bcf58f7f8c6326,1.9499999999999988,3.599999999999998,3.599999999999998,0.0,0.3897136363171453,0.5963560662595498,0.2895123963751255,0.009627199172973722,0.3749999999999998,2.3999999999999986,1.1999999999999993,0.0,0.3310105261247195,0.5144125273856964,0.2697068039037004,0.00762791633605886,1.9499999999999988,0.3749999999999998,1.574999999999999,0.0587031101924258
57d5c2256bc947459903ce56c91e9b78,0.0,0.0,0.0,0.0,0.39834971964738464,0.5783053251662644,0.25924735410051675,0.01580829620361346,0.0,0.0,0.0,0.0,0.4552046144356746,0.6486166136128727,0.29691115033455723,0.015240669250487837,0.0,0.0,0.0,-0.05685489478828998
59a27b7fc76541ea92d79f7d4c62a2ec,6.375,16.800000000000004,16.800000000000004,0.0,0.5458186373145633,0.8647221806659179,0.407314557910748,0.007531070709228871,6.074999999999999,13.200000000000003,13.200000000000003,0.0,0.5938499483696615,0.9395118902404268,0.4134817834425622,0.0074466705322255855,6.375,6.074999999999999,0.3000000000000007,-0.04803131105509828
59b048ee1ed2466c973e45f9e79ce5d1,0.30000000000000027,2.3999999999999986,0.0,0.0,0.07714287298210334,0.14078864993129672,0.03221027298529703,0.004737138748168945,0.48106601717798203,2.3999999999999986,0.0,0.07500000000000018,0.027501441245028208,0.057719039325777065,0.057719039325777065,0.015231227874755504,0.30000000000000027,0.48106601717798203,-0.18106601717798176,0.04964143173707514
59e6f43c31be472393ee5c8dcc45f9cf,0.2999999999999998,2.3999999999999986,0.0,0.0,0.25333357754453767,0.43852673151773536,0.15545820504907434,0.0070980548858639025,0.2999999999999998,2.3999999999999986,0.0,0.0,0.2411510315826636,0.441462202094302,0.11731295703054231,0.007569122314452947,0.2999999999999998,0.2999999999999998,0.0,0.01218254596187407
5a85db16e41543e5bcfe5341d3c85787,2.3249999999999997,4.799999999999997,4.799999999999997,0.0,0.4035521416287832,0.5137121695504402,0.2461068969965686,0.012114572525023792,0.8999999999999997,3.5999999999999943,3.5999999999999943,0.0,0.21445030469520804,0.3124178542123591,0.14063615734199278,0.009618186950682617,2.3249999999999997,0.8999999999999997,1.425,0.18910183693357518
5b426b1475f746f7904f2bf1db929852,0.9750000000000003,3.6000000000000014,3.6000000000000014,0.0,0.08207447679140566,0.12164246120197314,0.11202848174372465,0.004731130599975764,0.9750000000000003,3.6000000000000014,3.6000000000000014,0.0,0.07328433426074538,0.11573661097607109,0.11573661097607109,0.005278301239011629,0.9750000000000003,0.9750000000000003,0.0,0.00879014253066028
5b58b84c5f28465e83690772812e8b3d,2.268465843842649,4.9477267507411975,1.2000000000000028,0.15000000000000036,0.49273478418925176,0.9434799584443541,0.16578294838864657,0.029628610610962003,2.2684658438426495,4.9477267507411975,1.2000000000000028,0.15000000000000036,0.450910739958673,0.8612171166792325,0.24486717852238557,0.03637418746948429,2.268465843842649,2.2684658438426495,-4.440892098500626e-16,0.04182404423057878
5b89841bc40a436891223751749416b3,0.30000000000000004,1.2000000000000028,1.2000000000000028,0.0,0.03958386355908461,0.10409912769726966,0.025116924948975636,0.007381153106690519,1.05,3.6000000000000014,1.2000000000000028,0.0,0.1342085496322178,0.26030438758859653,0.0791867232526979,0.00916643142700213,0.30000000000000004,1.05,-0.75,-0.09462468607313318
5c27958677604dc5ad254f69f31aaf85,0.2427050983124846,2.683281572999751,0.0,0.07500000000000018,0.09959163632889806,0.16308090015158325,0.16086794967224807,0.06627931594848713,0.18106601717798254,1.697056274847718,0.0,0.07500000000000018,0.1016328540807923,0.1660979704448809,0.16194831683672084,0.061703968048095525,0.2427050983124846,0.18106601717798254,0.06163908113450206,-0.0020412177518942393
5c6f3a7e402c4985916cd6ed07e66f6f,0.0,0.0,0.0,0.0,0.08512816037725904,0.14258702264254558,0.05990268089795359,0.0036472320556639737,0.0,0.0,0.0,0.0,0.09557555225885069,0.15688319915034774,0.05931328191950958,0.0036385059356685012,0.0,0.0,0.0,-0.010447391881591647
5c95b81d9d404c219b4393da7e020280,3.4499999999999993,17.999999999999996,17.999999999999996,0.0,0.06818632855767423,0.1530030692804302,0.03669446985140627,0.02615776062011621,6.824999999999999,17.999999999999996,17.999999999999996,0.0,0.07694505092405853,0.14315449413244755,0.08177113491243006,0.02476644515991211,3.4499999999999993,6.824999999999999,-3.375,-0.008758722366384294
5c9d217c4af14c608c7b5f9469dd488b,0.0,0.0,0.0,0.0,0.18431395711672116,0.36689333100689925,0.12965689296689703,0.017980384826659535,0.0,0.0,0.0,0.0,0.1862405000845191,0.35595384432254973,0.12953018967504235,0.01733736991882262,0.0,0.0,0.0,-0.0019265429677979284
5d054297a2bf43638a1d37cbb2ea2365,15.080989371659369,34.8,34.8,0.22500000000000053,1.9479868610139301,3.0917286241821063,1.3289454610643991,0.050389766693114346,1.4249999999999998,3.599999999999998,1.1999999999999993,0.0,1.050808885150492,1.6881222224497434,0.8348001282865329,0.05102891921996999,15.080989371659369,1.4249999999999998,13.65598937165937,0.8971779758634382
5d0fc4d327d2439db96cd66818e1862f,0.6664762138029507,2.6832815729997495,2.6832815729997495,0.44999999999999996,0.09004952102130968,0.2518324815429567,0.01792075393328076,0.040387487411500445,0.8914762138029508,2.6832815729997495,2.6832815729997495,0.375,0.08056421485158453,0.18989161764330084,0.02358827418649854,0.03148856163024849,0.6664762138029507,0.8914762138029508,-0.2250000000000001,0.00948530616972515
5e4e25f87ec84942ac459a55fe064330,0.0,0.0,0.0,0.0,0.18527609461529476,0.3496459862416996,0.1196496882487746,0.0064011096954335045,0.0,0.0,0.0,0.0,0.20698123112250566,0.3810042300128951,0.13870644238669128,0.00671911239623979,0.0,0.0,0.0,-0.021705136507210898
5e75205506604b6a992c08ce91a92d22,1.1999999999999997,4.799999999999997,4.799999999999997,0.0,0.07417194489841153,0.1799949018499843,0.05976057754442993,0.005486583709718218,1.1249999999999998,3.599999999999998,3.599999999999998,0.0,0.10340440186343208,0.24650037146548479,0.06381748626815588,0.006495952606202504,1.1999999999999997,1.1249999999999998,0.07499999999999996,-0.029232456965020553
5edf36a058ce4849bc6371629bea8a69,3.295550405427157,34.72880648683452,34.72880648683452,1.1249999999999998,0.15962480489602715,0.3174117414430888,0.0518952625646755,0.008252191543579368,3.6067692238353963,33.70830758136635,33.70830758136635,1.1249999999999998,0.1836245921629187,0.3486124019899168,0.0069466749556348455,0.007318782806396751,3.295550405427157,3.6067692238353963,-0.3112188184082392,-0.02399978726689156
5f88b9a41f264ebbac7976bf4c796d21,0.0,0.0,0.0,0.0,0.13983412473141643,0.35996330244153624,0.033596846812379205,0.015944766998290394,0.0,0.0,0.0,0.0,0.13533859430750977,0.32802049704436553,0.05555316498799224,0.015153980255127042,0.0,0.0,0.0,0.004495530423906657
5fe961cfd2b444b0898c3abb7c969e77,0.6749999999999996,3.5999999999999943,1.2000000000000028,0.0,0.11606903358884725,0.16120389668702576,0.06181561747212686,0.006877756118774947,0.6749999999999996,3.5999999999999943,1.2000000000000028,0.0,0.10201622626406313,0.14368402536634575,0.05049420717761741,0.006992483139037109,0.6749999999999996,0.6749999999999996,0.0,0.014052807324784117
5ff472758749447ca27827543e5d50dd,0.0,0.0,0.0,0.0,0.11741035226650985,0.31644043903279134,0.09583674532840264,0.01052098274231028,0.0,0.0,0.0,0.0,0.11915942275313436,0.31218058841723606,0.0797129150053205,0.009676694869996005,0.0,0.0,0.0,-0.00174907048662451
604a8ce58d0b4f94a93db370813edf94,2.8499999999999996,6.0,6.0,0.0,0.5004552868340364,0.636049614320659,0.49889286416755246,0.03850936889648349,2.4749999999999996,6.0,6.0,0.0,0.48742092855323227,0.6021817745497425,0.5395584840893539,0.039723587036131214,2.8499999999999996,2.4749999999999996,0.375,0.013034358280804126
60565417b2584f15965a0e22c6f6d317,4.910170345966405,9.67470929795826,7.299315036357867,0.45000000000000107,0.6259692076682708,0.971275268144532,0.4792643062361616,0.04438347816467303,4.240611040647794,8.48528137423857,8.48528137423857,0.45000000000000107,0.6130359489640962,0.9197151266860605,0.44409632095983426,0.04770712852478054,4.910170345966405,4.240611040647794,0.6695593053186109,0.01293325870417461
610ef5fb746c466f810f665b3e9d5b4d,1.0774309734552718,4.947726750741191,1.2000000000000028,0.6000000000000014,0.08050968232606875,0.1513814437078586,0.061754061799457145,0.03199410438537553,0.4500000000000002,2.3999999999999986,0.0,0.0,0.0523687175821569,0.09922335253634292,0.03900702886785867,0.020084524154663885,1.0774309734552718,0.4500000000000002,0.6274309734552717,0.028140964743911853
6180726fc8744ea2b129ebaad6f79cee,4.724999999999999,8.399999999999999,8.399999999999999,0.0,0.5870835443709961,0.7689443505304681,0.4839889526421336,0.013155698776245117,5.099999999999999,8.399999999999999,8.399999999999999,0.0,0.6605437147755666,0.886997763139555,0.5443896063089805,0.013720607757569336,4.724999999999999,5.099999999999999,-0.375,-0.07346017040457054
62f92bfdea694388b2f13c5d04cc7148,0.0,0.0,0.0,0.0,0.08944087064430914,0.15687454374655793,0.06266970533480176,0.006342458724975852,3.299999999999999,6.0,6.0,0.0,0.44958856074514586,0.6630248433415675,0.2987207879453842,0.019580411911011897,0.0,3.299999999999999,-3.299999999999999,-0.3601476901008367
62fb6b14e6a2451f96ef753672d3a381,0.6298759228251127,3.7947331922020573,0.0,0.1499999999999999,0.08969072895863225,0.15312130535315538,0.04397978384337221,0.009472131729125532,0.4182368416906105,3.7947331922020573,0.0,0.1499999999999999,0.046756325351988676,0.10973713367863178,0.03375752429733711,0.012184524536133612,0.6298759228251127,0.4182368416906105,0.21163908113450225,0.04293440360664358
636c9024749e46ee8a9987b58e2cf802,0.6000000000000003,2.3999999999999986,0.0,0.0,0.10435033783451951,0.19970948558368615,0.039687307013071445,0.006455612182617365,0.6000000000000003,2.3999999999999986,0.0,0.0,0.10759287327259559,0.19879062332793515,0.0391665179791202,0.009265136718748401,0.6000000000000003,0.6000000000000003,0.0,-0.00324253543807608
6518b3cced45431b8f8809c040fa0bd7,0.6871708245126289,3.794733192202055,0.0,0.07499999999999973,0.19099864493776936,0.3042246433202548,0.10099477475733958,0.013155698776245117,0.6871708245126289,3.794733192202055,0.0,0.07499999999999973,0.19099864493776936,0.3042246433202548,0.10099477475733958,0.013155698776245117,0.6871708245126289,0.6871708245126289,0.0,0.0
65282c155f014646868b295b7c6d6e52,0.5249999999999999,2.3999999999999986,1.2000000000000028,0.0,0.05548843127265348,0.08261245805311311,0.04892954117710008,0.0026495933532708627,0.5249999999999999,2.3999999999999986,1.2000000000000028,0.0,0.05548843127265348,0.08261245805311311,0.04892954117710008,0.0026495933532708627,0.5249999999999999,0.5249999999999999,0.0,0.0
6531528030c2484abde7201ff31c05c6,1.3499999999999999,4.799999999999997,1.2000000000000028,0.0,0.21603391840413463,0.4024622355050697,0.04907138024783591,0.004281377792357599,0.6310660171779829,1.697056274847718,1.2000000000000028,0.3000000000000007,0.11138947917281661,0.2172597228659781,0.012311774154541795,0.007248544692993075,1.3499999999999999,0.6310660171779829,0.7189339828220169,0.10464443923131803
65c8d9839556423b87a4edffb70b434a,0.0,0.0,0.0,0.0,0.21189598911035798,0.35057558247038934,0.12057929439586602,0.015734624862671964,0.0,0.0,0.0,0.0,0.08360276796800437,0.1430777071535262,0.045113511736958635,0.010627269744874823,0.0,0.0,0.0,0.12829322114235361
665e155d1c3c4abdb5129b35b80c3b1b,1.9499999999999988,6.0,6.0,0.0,0.23026328532295084,0.4495101947590784,0.008187268356525503,0.0055289268493661226,1.4999999999999993,6.0,6.0,0.0,0.17889909880424193,0.3278168170111332,0.032622196546706624,0.007864809036255416,1.9499999999999988,1.4999999999999993,0.4499999999999995,0.051364186518708915
6711467d3a2146c0a90f6a69787d8648,1.3499999999999996,2.400000000000002,2.3999999999999986,0.0,0.11001507432223334,0.22588134206068775,0.06153437108570552,0.004331302642821555,1.1249999999999998,2.400000000000002,0.0,0.0,0.08585540640955475,0.19506333353053293,0.03136472682873999,0.004945135116576349,1.3499999999999996,1.1249999999999998,0.22499999999999987,0.024159667912678595
674ac51c90f444ffa066c3aa15991728,2.3249999999999993,4.800000000000004,3.6000000000000014,0.0,0.2831683949124344,0.46292422070656536,0.14466953191573048,0.009834766387940341,1.6499999999999995,3.6000000000000014,3.6000000000000014,0.0,0.12877263065756797,0.2181365889853453,0.03974558433937476,0.012749004364013938,2.3249999999999993,1.6499999999999995,0.6749999999999998,0.15439576425486642
67b146ff35ba4f84b3e6276a8e8ff65a,0.375,1.2000000000000028,0.0,0.0,0.04537913830692417,0.11382902180132592,0.02841397345247582,0.003293609619141158,0.4500000000000002,2.3999999999999986,0.0,0.0,0.09008946512924443,0.12808789383383745,0.12409392173364306,0.0064352989196772015,0.375,0.4500000000000002,-0.07500000000000018,-0.044710326822320255
67cc592aa2b94371a450ca2c7f4397ce,1.5750000000000002,3.6000000000000014,1.2000000000000028,0.0,0.31292606268897705,0.4316019440685227,0.2400921462170875,0.015799713134765803,0.9000000000000004,2.4000000000000057,2.4000000000000057,0.0,0.2908918458503949,0.45829089274736035,0.1456882398892134,0.009213066101074308,1.5750000000000002,0.9000000000000004,0.6749999999999998,0.022034216838582144
68c0cfc033f54e919e5f1975765f55d0,0.9749999999999999,2.3999999999999986,2.3999999999999986,0.0,0.11176632385539145,0.2037482925819719,0.030972510006377484,0.0047771930694566755,0.5250000000000001,1.2000000000000028,0.0,0.0,0.13681129027836514,0.20448951476500543,0.057042234818096935,0.0036416530609129083,0.9749999999999999,0.5250000000000001,0.44999999999999973,-0.025044966422973686
694bf9809dd34036b8e22b164be1f842,1.1249999999999991,2.3999999999999986,2.3999999999999986,0.0,0.27765914095453126,0.38845445783247023,0.26299461074112934,0.012596368789671963,0.9749999999999992,2.3999999999999986,2.3999999999999986,0.0,0.24489976853736706,0.3456017087804704,0.23194096071314116,0.012526416778564364,1.1249999999999991,0.9749999999999992,0.1499999999999999,0.0327593724171642
6a85b1377e5c42dfb6e125b2cb0a4ec8,0.9749999999999994,3.5999999999999943,0.0,0.0,0.2365163752120404,0.45089703615446325,0.08302671297608347,0.016232872009277255,0.5999999999999996,1.2000000000000028,0.0,0.0,0.2452205761996038,0.4462535148494409,0.17705857686619556,0.009645366668701527,0.9749999999999994,0.5999999999999996,0.3749999999999998,-0.008704200987563415
6b10154e2b3146ab85b43f3cfe053d6d,0.30000000000000027,1.2000000000000028,0.0,0.0,0.030980464226987425,0.08033199258653209,0.018188001447269897,0.0031372547149652874,0.1499999999999999,2.3999999999999986,0.0,0.0,0.027987465702157543,0.07408920698175687,0.07408920698175687,0.0028112411499030543,0.30000000000000027,0.1499999999999999,0.15000000000000036,0.002992998524829881
6b3c851413064994bb0babae7e74efad,0.0,0.0,0.0,0.0,0.19691561662220605,0.3116072502590902,0.15330201105246194,0.004724407196045721,0.0,0.0,0.0,0.0,0.20253506972331695,0.32425104157893836,0.15238386458206216,0.005161714553834074,0.0,0.0,0.0,-0.005619453101110894
6b615c1f0be2421dbb6337ea8d5ee04e,4.199999999999999,8.399999999999999,6.0,0.0,0.6839046969055458,1.06796427229959,0.3037463872820121,0.013495159149170544,3.375,7.200000000000003,1.2000000000000028,0.0,0.5782064974402557,0.9613189126365852,0.24720351918883945,0.012046766281127663,4.199999999999999,3.375,0.8249999999999993,0.10569819946529013
6b72920576b04269ab1b929599e8dc79,4.529179505308975,9.67470929795826,6.0,0.3750000000000009,0.7196874457172735,1.0808652917367734,0.3411697536195975,0.0175589561462397,4.823994728424498,10.866462165764904,6.0,0.3000000000000007,0.789243871052075,1.1476562758320603,0.36830075713279453,0.016762447357177912,4.529179505308975,4.823994728424498,-0.2948152231155232,-0.06955642533480155
6b9af38cbf654171870cb14b4ae89fd6,1.425,3.6000000000000014,2.400000000000002,0.0,0.15266461408220341,0.2572797723594031,0.020449450930121373,0.00915784835815403,1.425,3.6000000000000014,2.400000000000002,0.0,0.15713316017950962,0.2661685462445162,0.022470618991369918,0.009046411514281427,1.425,1.425,0.0,-0.0044685460973062086
6be3fbcf5c224508adb27b4b703b6625,0.0,0.0,0.0,0.0,0.14826795222842612,0.3683747282755626,0.030652639249127582,0.017514467239379883,0.0,0.0,0.0,0.0,0.12972109167301368,0.3643026553316772,0.013938674549035832,0.012822246551513317,0.0,0.0,0.0,0.018546860555412437
6bf8421a1f32469f99868bbbeea9a200,0.0,0.0,0.0,0.0,0.14176035072650223,0.21826864741595944,0.10846318708165262,0.0037383556365964132,0.0,0.0,0.0,0.0,0.39472242384889056,0.6321960619902134,0.20793650247657391,0.011883974075317827,0.0,0.0,0.0,-0.25296207312238833
6ce8c5bbf572476d84ade686fd21a09d,2.4000000000000004,4.799999999999997,3.6000000000000014,0.0,0.4196371885461576,0.7996612054541259,0.16343277280955706,0.00916972160339391,2.0250000000000004,3.6000000000000014,3.6000000000000014,0.0,0.3866519778818551,0.7572229674247103,0.14627305289865689,0.007141828536987749,2.4000000000000004,2.0250000000000004,0.375,0.03298521066430249
6dab8a84451a4f01aca9352708196964,0.25606601717798216,1.6970562748477156,0.0,0.07499999999999996,0.1555065898099465,0.3554425999237271,0.11511208622457811,0.08413195610046342,0.5264823628377814,4.3266615305567875,0.0,0.30000000000000004,0.17287030224849484,0.35926380975825034,0.14466217402029735,0.08944129943847612,0.25606601717798216,0.5264823628377814,-0.2704163456597992,-0.01736371243854834
6e0955c28ecb405b98d91b089761dbbb,2.0249999999999986,3.599999999999998,3.599999999999998,0.0,0.313834385783869,0.4959980526987266,0.23787622098039424,0.007535791397096148,1.9499999999999988,3.599999999999998,3.599999999999998,0.0,0.09224474223289972,0.19653651712863648,0.14593889348078634,0.012192821502685636,2.0249999999999986,1.9499999999999988,0.07499999999999973,0.2215896435509693
6e80e8ce36464a0d8002e1924f3391cb,0.0,0.0,0.0,0.0,0.11705448687929645,0.26452395884962887,0.05619636899574213,0.011688852310180131,0.0,0.0,0.0,0.0,0.11183508051832744,0.26763111516068416,0.04456452172560314,0.011596012115478338,0.0,0.0,0.0,0.0052194063609690144
6eb8a3ff0abf4f3a9380a48f2a0b87ef,0.0,0.0,0.0,0.0,0.17582788160841312,0.40292997853770146,0.04725816117641061,0.004165649414062944,0.0,0.0,0.0,0.0,0.1739681446341711,0.3985550657086434,0.04973723970514462,0.00423159599304368,0.0,0.0,0.0,0.0018597369742420211
6ec48adcac3b407ca77de01d2c600bf4,16.125,33.599999999999994,33.599999999999994,0.0,1.5040368509582185,2.459374602405105,0.65562957765748,0.012601089477538796,0.9750000000000001,2.400000000000002,1.1999999999999993,0.0,0.21588976082687508,0.5547591147755458,0.1343606707927028,0.03376564979553143,16.125,0.9750000000000001,15.15,1.2881470901313434
6f56f5d8c2f84038a5086ec52f5027a1,0.6750000000000007,1.2000000000000028,1.2000000000000028,0.0,0.190648347249317,0.36869544211909616,0.027777872470875285,0.0029045104980460756,0.8249999999999993,3.6000000000000014,2.3999999999999986,0.0,0.09196416622769685,0.1670298761734346,0.1639193338922426,0.004155635833740234,0.6750000000000007,0.8249999999999993,-0.14999999999999858,0.09868418102162016
6f5b556ef64b47f596df0314f6db9f99,0.9000000000000001,2.4000000000000057,0.0,0.0,0.19873900205906003,0.2813011946967223,0.09748346081855551,0.00940146446227974,0.9000000000000001,2.4000000000000057,0.0,0.0,0.19873900205906003,0.2813011946967223,0.09748346081855551,0.00940146446227974,0.9000000000000001,0.9000000000000001,0.0,0.0
6f6e36cd57714b92ad8a0e6dfc57f767,4.818307187732914,10.866462165764904,10.866462165764897,0.3000000000000007,0.5412998580599013,0.7648789657176909,0.3900725124645396,0.028066921234129794,5.192893973956675,12.059850745345072,10.866462165764897,0.3000000000000007,0.6017175936392377,0.8687655722241313,0.4222630151907099,0.028611373901366477,4.818307187732914,5.192893973956675,-0.3745867862237606,-0.060417735579336385
702718159551426784c32a0722aac622,0.75,2.400000000000002,2.3999999999999986,0.0,0.19637801659294246,0.35178371969105104,0.11594922432772874,0.011919450759887429,0.6000000000000003,2.400000000000002,1.2000000000000028,0.0,0.10408102228859342,0.20153511281133932,0.06103667770397064,0.014153480529786044,0.75,0.6000000000000003,0.1499999999999997,0.09229699430434904
70fce5a2055144d093d21875e8da0b7e,0.0,0.0,0.0,0.0,0.14031783787900776,0.30489963861496855,0.08099846710247269,0.01343493461608869,0.0,0.0,0.0,0.0,0.14296470158657157,0.3091496682709531,0.08351893087580602,0.01300592422485325,0.0,0.0,0.0,-0.0026468637075638124
713882a28f2442098451f77f1362d326,0.8250000000000006,3.6000000000000014,1.1999999999999957,0.07500000000000018,0.15916223856410588,0.3434038383863323,0.3434038383863323,0.011942768096924183,1.0500000000000003,6.0,2.3999999999999986,0.0,0.1553154231718435,0.34367056661715495,0.34367056661715495,0.0164683341979992,0.8250000000000006,1.0500000000000003,-0.22499999999999964,0.0038468153922623927
717c45682e15432f9862e47775b9b80f,0.6871708245126281,3.7947331922020506,0.0,0.07500000000000018,0.03829025590525746,0.055285624216451425,0.04871025961816186,0.018978023529054422,0.3871708245126285,3.7947331922020506,0.0,0.07500000000000018,0.03289352010962955,0.06116116539611821,0.04052201986532287,0.01639266014099139,0.6871708245126281,0.3871708245126285,0.2999999999999996,0.0053967357956279105
71b80d6861c44bc69bc468d54625bd73,0.0,0.0,0.0,0.0,0.12676478295509483,0.17448705187922198,0.15078998674550176,0.002929687500000888,0.0,0.0,0.0,0.0,0.13020721056407905,0.18520623696892896,0.12311668569922271,0.006147766113281605,0.0,0.0,0.0,-0.003442427608984222
71be7481176747a7aff4ef5143b18e2a,1.2177050983124844,2.6832815729997477,1.2000000000000028,0.07500000000000018,0.18602955622606718,0.36627923427783193,0.03812911893755046,0.01076374053955087,1.2177050983124844,2.6832815729997477,1.2000000000000028,0.07500000000000018,0.24319102433293396,0.4419856081544321,0.08598680763135391,0.015614175796509144,1.2177050983124844,1.2177050983124844,0.0,-0.057161468106866786
72120150a5014fa6837585f0c4429110,0.0,0.0,0.0,0.0,0.15006954857981497,0.4013804503998324,0.08065462791847007,0.012470912933352007,0.0,0.0,0.0,0.0,0.1524463287113073,0.3706810288407667,0.07788950907946471,0.01253843307495206,0.0,0.0,0.0,-0.00237678013149234
723ad93330684af28bd8f329092efa7b,0.825,2.400000000000002,0.0,0.0,0.19517555639246134,0.2777839557256029,0.13645129235988607,0.004814529418945668,0.7499999999999998,2.400000000000002,0.0,0.0,0.16418056525227875,0.2805866363619701,0.09348187873953555,0.008067941665649503,0.825,0.7499999999999998,0.07500000000000018,0.030994991140182587
726c4eb7ce3e490e908dfc5a5ad9dd19,9.948898890148993,31.407005587925763,31.407005587925763,0.8249999999999984,0.7929984556494258,1.004127508493306,0.6513901508761818,0.042353153228759766,7.376747151827142,32.59938649729471,32.59938649729471,0.524999999999999,0.5518880948929406,0.7752742352534318,0.611299537780191,0.043664646148682706,9.948898890148993,7.376747151827142,2.5721517383218506,0.2411103607564853
72fe05b8fd804c7eb2edba7554f1f796,4.125,9.600000000000001,9.600000000000001,0.0,0.5602152701524497,0.9949702022937537,0.19672280597194775,0.008809661865232687,4.35,9.600000000000001,9.600000000000001,0.0,0.6980545393439088,1.1880465298611906,0.31027459627411846,0.013170719146728072,4.125,4.35,-0.22499999999999964,-0.13783926919145917
733e12b439b846169b3f8214a89ed8c4,1.8750000000000002,3.6000000000000014,0.0,0.0,0.32884747933606084,0.6071833113252008,0.1227961064250702,0.02095184326171795,2.3287406715840664,12.059850745345061,12.059850745345061,0.07500000000000018,0.3032331133865094,0.5234747405363542,0.11717482507228243,0.019561100006103338,1.8750000000000002,2.3287406715840664,-0.45374067158406617,0.025614365949551465
73620d31303a47f9a86908f6157370f9,15.885321848609106,37.373787605753854,18.902380802428034,3.6000000000000014,1.4597580940576298,1.9550612708662707,0.8849778932304329,0.034858274459839134,15.885321848609106,37.373787605753854,18.902380802428034,3.6000000000000014,1.6831362792452342,2.240403047905858,1.158235635174527,0.06983900070190474,15.885321848609106,15.885321848609106,0.0,-0.22337818518760444
73a3e6b8189f445baf70c080117d3bf6,1.7249999999999999,6.0,6.0,0.0,0.2023940104299192,0.32231759058499854,0.163415352724802,0.01318030357360822,3.4499999999999997,9.599999999999998,8.399999999999999,0.0,0.33804716202016766,0.4716503796797974,0.28110120063194405,0.008328866958618342,1.7249999999999999,3.4499999999999997,-1.7249999999999999,-0.13565315159024846
73ce29fbb23b4fdda87da12569830fe0,1.0592329219213248,4.947726750741191,4.947726750741191,0.07500000000000018,0.12385997513465537,0.3595285024624035,0.01955997173141599,0.01257448196411115,0.8371708245126287,3.7947331922020573,3.7947331922020573,0.07500000000000018,0.11417828264427993,0.24229869751354124,0.1357408074460657,0.010146188735961736,1.0592329219213248,0.8371708245126287,0.2220620974086961,0.00968169249037544
75023dda46de40c3953a0a67a31de816,1.0681980515339466,2.4000000000000057,1.697056274847713,0.3000000000000007,0.19357839500225793,0.2699897516964284,0.10916041734778748,0.020788335800169033,0.9181980515339465,2.3999999999999986,1.697056274847713,0.3000000000000007,0.13140783211360874,0.19908756831228533,0.09589253590015641,0.01791486740112136,1.0681980515339466,0.9181980515339465,0.15000000000000013,0.062170562888649195
7586016dd8d4458aba6f7a88b3ab21b4,0.0,0.0,0.0,0.0,0.109404669513582,0.3340565648926934,0.0509145413353342,0.013490724563598011,0.0,0.0,0.0,0.0,0.1089425646176127,0.3257429635904331,0.009322458328012057,0.015247678756713068,0.0,0.0,0.0,0.0004621048959693036
75ce3975720942779e8f2a56309de167,0.0,0.0,0.0,0.0,0.058841035652365176,0.10334833136827064,0.07198665858675068,0.00298962593078711,1.4249999999999992,3.599999999999998,0.0,0.0,0.4416813052449866,0.7829679585282422,0.2482562437859461,0.013710880279540483,0.0,1.4249999999999992,-1.4249999999999992,-0.3828402695926214
7604c6ea363c4a4a8fcf574281a7ac86,0.4500000000000004,2.3999999999999986,1.2000000000000028,0.0,0.03498785916216074,0.08117547058576559,0.010338420245761867,0.006573772430419567,0.5250000000000004,2.3999999999999986,1.2000000000000028,0.0,0.09086835077963529,0.16777669796902075,0.041981409513879894,0.005684566497802912,0.4500000000000004,0.5250000000000004,-0.07499999999999996,-0.05588049161747455
7613f642104247d4a792553d4f2cdfee,0.0,0.0,0.0,0.0,0.19777685897743127,0.36760025374989874,0.1341835615572768,0.015770673751831055,0.0,0.0,0.0,0.0,0.19340516681039083,0.3610436046976198,0.13738033020095855,0.014735841751098988,0.0,0.0,0.0,0.004371692167040447
7616699455044566a7bf555d476f5799,5.27207940077861,13.254433220624716,13.254433220624716,0.3750000000000009,0.7183810546906431,0.9839265642596249,0.4232127401334865,0.020485925674438743,5.42207940077861,13.254433220624716,13.254433220624716,0.3750000000000009,0.806816586309294,1.1362707493477644,0.4858922482968628,0.025342226028442383,5.27207940077861,5.42207940077861,-0.15000000000000036,-0.08843553161865092
7693424bd4b04229b08c578b256a7de4,2.3999999999999986,4.799999999999997,4.799999999999997,0.0,0.2979991684869553,0.35438640603120386,0.3380081796783642,0.020122146606444957,1.574999999999999,3.599999999999998,1.1999999999999993,0.0,0.315020240668968,0.37072939984772,0.3567038129974788,0.018447732925414684,2.3999999999999986,1.574999999999999,0.8249999999999995,-0.01702107218201271
76ffdcc4676f4b75b7adf32b0ff47c4a,0.75,2.3999999999999986,0.0,0.0,0.12969175189566146,0.18252668930696878,0.11401779459630246,0.00939989089965687,0.30000000000000027,1.2000000000000028,1.2000000000000028,0.0,0.0359255556446069,0.0872357011004347,0.024269654676372765,0.007438945770262162,0.75,0.30000000000000027,0.44999999999999973,0.09376619625105456
774f588fe35f46338735d6c72c94de28,0.3750000000000002,2.3999999999999986,0.0,0.0,0.11014140024194988,0.2001208279899101,0.04543814711659011,0.004982757568358753,0.07500000000000018,1.2000000000000028,0.0,0.0,0.05710619763440157,0.11152718371165746,0.022314369143600018,0.0036855697631832385,0.3750000000000002,0.07500000000000018,0.30000000000000004,0.05303520260754831
7760d89f50a947d78929ae468844c25e,3.830330085889911,8.48528137423857,8.48528137423857,0.07500000000000018,0.500647751040481,0.7951115904888577,0.24144370206044316,0.008586359024047141,3.1500000000000004,6.0,4.799999999999997,0.0,0.3963081025867986,0.6451487616342002,0.19740575131016824,0.009336090087890714,3.830330085889911,3.1500000000000004,0.6803300858899108,0.10433964845368238
7778e7e99779472cbb886e43dbc9a1ea,0.4060660171779821,1.697056274847713,0.0,0.07499999999999973,0.059593327905322936,0.2136730773759433,0.04809316311339675,0.015149116516112837,0.4060660171779821,1.697056274847713,0.0,0.07499999999999973,0.07487691590279794,0.22821637476747067,0.07700079395144677,0.017409610748290394,0.4060660171779821,0.4060660171779821,0.0,-0.015283587997475
77b3e8a94b22491a97efb1e8f2b742b7,0.0,0.0,0.0,0.0,0.04434110130321832,0.1129700645196175,0.007798881134358754,0.0034057617187497335,0.2999999999999998,2.3999999999999986,0.0,0.0,0.29208219552080006,0.40897151136389664,0.19462256338700626,0.007766103744506925,0.0,0.2999999999999998,-0.2999999999999998,-0.24774109421758173
77dda60825f246ecac50f1411e851fdc,1.8749999999999998,4.799999999999997,4.799999999999997,0.0,0.2783357204239033,0.37234032077666984,0.1633433206764247,0.007631778717041016,1.7999999999999996,3.6000000000000014,3.5999999999999943,0.0,0.26330182534758995,0.34993176084082617,0.16036416658834246,0.007304620742798473,1.8749999999999998,1.7999999999999996,0.07500000000000018,0.015033895076313364
77f6617716654cfb8e313f0cd69e04a6,0.0,0.0,0.0,0.0,0.13761921124855708,0.19708987214628557,0.10844045256520919,0.006824111938477095,0.0,0.0,0.0,0.0,0.13070194191992893,0.1862997304450899,0.11185354498121809,0.00575137138366788,0.0,0.0,0.0,0.006917269328628156
7844c7bf21ce4114a8ef64b3a46a579b,0.3310660171779821,1.697056274847713,1.697056274847713,0.07500000000000018,0.10280066051088131,0.3109602454733252,0.00578974463207742,0.003346967697142489,0.6310660171779824,1.697056274847713,1.697056274847713,0.07500000000000018,0.15966755305666525,0.36822905231279557,0.06132313090027195,0.004168510437011719,0.3310660171779821,0.6310660171779824,-0.30000000000000027,-0.056866892545783934
78828ab1fe6e4b8882729099326a5db6,0.6750000000000005,2.3999999999999986,0.0,0.0,0.12282432696325028,0.19413022540793956,0.0539635309873559,0.00521421432494984,0.7499999999999998,2.3999999999999986,0.0,0.0,0.10140114049837554,0.16207172149143204,0.03418129836271543,0.004271221160888405,0.6750000000000005,0.7499999999999998,-0.07499999999999929,0.021423186464874747
78b6b787491441fa864d6bd9382d5701,2.0371708245126285,4.799999999999997,3.7947331922020573,0.15000000000000036,0.42753159645709393,0.6914081298471203,0.24664645442249503,0.02472510337829581,3.6053300858899116,8.48528137423857,4.799999999999997,0.07500000000000018,0.6651327088825645,1.0830441405210254,0.3403978405797718,0.02676343917846813,2.0371708245126285,3.6053300858899116,-1.568159261377283,-0.23760111242547055
78be3bd5f1f146cdb1b7120bbf8a218c,0.3749999999999998,2.3999999999999986,0.0,0.0,0.3791352415809933,0.5796875319591756,0.24881329152679338,0.013536643981933327,1.1249999999999993,3.599999999999998,0.0,0.0,0.4595402383153661,0.6634678382461574,0.3203891549106349,0.016887331008911044,0.3749999999999998,1.1249999999999993,-0.7499999999999996,-0.08040499673437279
79a822a6858f451ebde3a7595252f22e,0.0,0.0,0.0,0.0,0.1479921775773466,0.3897563097334917,0.04882806732651307,0.014586210250854936,0.0,0.0,0.0,0.0,0.13924403852656508,0.37525200477864856,0.05040351313350449,0.010904645919800338,0.0,0.0,0.0,0.008748139050781506
7a903ae4cbb0466093fc117258a31efc,2.2260238691940506,6.118823416311341,3.5999999999999943,0.3749999999999991,0.06974263792400706,0.130532078306781,0.05981215027346563,0.03601112365722692,1.9910010344660396,6.118823416311341,4.799999999999997,0.29999999999999893,0.08614743751954863,0.18736048547797104,0.06393142207430222,0.03623771667480424,2.2260238691940506,1.9910010344660396,0.235022834728011,-0.016404799595541572
7ac61a641ce14bbdab9e8af6aaa6081e,0.8250000000000002,4.799999999999997,4.799999999999997,0.0,0.14069080268367096,0.2551019575340775,0.07572890420847482,0.004975891113281783,0.5250000000000006,1.2000000000000028,1.2000000000000028,0.0,0.080531884542833,0.20076370990759465,0.020536074365701904,0.004948997497559393,0.8250000000000002,0.5250000000000006,0.2999999999999996,0.06015891814083796
7aca59dc11fb484da90cbabc1eea0be5,0.0,0.0,0.0,0.0,0.17919076817927349,0.3214422157823704,0.13140416898312288,0.013243818283082298,0.0,0.0,0.0,0.0,0.1991421220274212,0.3569889761196292,0.1522753474091269,0.013874101638795544,0.0,0.0,0.0,-0.019951353848147724
7c0aa537b98344bea85226ba8148ae98,2.0249999999999986,3.599999999999998,3.599999999999998,0.0,0.28266898709731114,0.3969165524289734,0.326685505757975,0.005685424804687589,2.0249999999999986,3.599999999999998,3.599999999999998,0.0,0.3034890927982995,0.40856333467268924,0.3433216059551135,0.005813598632813832,2.0249999999999986,2.0249999999999986,0.0,-0.020820105700988356
7c7ce7a97984492b9a5c76327bc90610,3.053115294937453,7.200000000000003,7.200000000000003,0.22500000000000053,0.6196981598570673,1.009887371157708,0.41501997515390576,0.061918830871582564,3.053115294937453,7.200000000000003,7.200000000000003,0.22500000000000053,0.6217525347710156,1.0121871846650647,0.4221213991923568,0.062199926376343306,3.053115294937453,3.053115294937453,0.0,-0.0020543749139482204
7c8b7e6b9a5c46df898321470c81c8e8,0.0,0.0,0.0,0.0,0.05290647316521954,0.08617057519878539,0.0465741889240664,0.0027726173400894893,0.0,0.0,0.0,0.0,0.09929122957877326,0.16492913866560774,0.056511503937402674,0.006135463714599165,0.0,0.0,0.0,-0.04638475641355372
7d1d71e3ce5745f7b49b9c2e5991a45b,0.0,0.0,0.0,0.0,0.30863547010807124,0.5174422377920364,0.21928320430430068,0.01349301338195863,0.5999999999999996,2.3999999999999986,1.1999999999999993,0.0,0.46448575864472363,0.6844558289269697,0.353334638860546,0.014755010604858398,0.0,0.5999999999999996,-0.5999999999999996,-0.1558502885366524
7dfa2547d5ff46aeb0229c166234dabf,1.380368876046576,3.7947331922020573,1.2000000000000028,0.6000000000000014,0.1501703977893987,0.2402670241294907,0.2227091532524461,0.030056905746461915,1.276202088945738,4.947726750741191,1.697056274847713,0.6000000000000014,0.0813319456027054,0.19357323789213335,0.1913906170946986,0.024328708648682085,1.380368876046576,1.276202088945738,0.10416678710083804,0.0688384521866933
7f06772548b74f3a912afe867ba70a6d,1.5786470383155784,6.0,6.0,0.3000000000000007,0.1467205519277286,0.2212396364176589,0.08565866905244457,0.008809232711792347,1.4999999999999996,7.199999999999996,6.0,0.07500000000000018,0.05890057206434122,0.08897945588488476,0.07319104276942581,0.009582281112671343,1.5786470383155784,1.4999999999999996,0.07864703831557884,0.08781997986338738
7f11a83e09d4433a8b2049c739c284a7,2.5500000000000003,6.0,4.800000000000004,0.0,0.43480713281538974,0.7544274727517866,0.20173549483081618,0.009336805343628019,2.4750000000000005,6.0,4.800000000000004,0.0,0.42584753362197986,0.731929794541272,0.21435984529516752,0.008798360824584961,2.5500000000000003,2.4750000000000005,0.07499999999999973,0.008959599193409884
7fbf9f1634a64bfea374596abdfec3d9,5.258823216482697,10.866462165764897,9.67470929795826,0.15000000000000036,0.9082483233041512,1.4072834545724233,0.5756211306312816,0.018925237655638583,5.182481343168133,12.059850745345068,12.059850745345068,0.15000000000000036,0.7281206722607452,1.0985443668049741,0.4481974614025563,0.012893915176389381,5.258823216482697,5.182481343168133,0.07634187331456399,0.180127651043406
7ff1f84a3c184434a366282773ca9572,17.40753745062879,32.42221460665512,32.42221460665512,0.3750000000000009,1.7475233205272382,2.7963461936061957,0.6923849124516817,0.02261266708374121,17.407537450628787,32.42221460665512,32.42221460665512,0.3750000000000009,1.7461050831041316,2.8257390300318814,0.6842913997776349,0.024441862106324486,17.40753745062879,17.407537450628787,3.552713678800501e-15,0.0014182374231066497
806011e8a7114eca971fd0f6b95bcd4b,0.0,0.0,0.0,0.0,0.036511866500656937,0.053152404954211745,0.0409849477041954,0.002686214447021662,0.0,0.0,0.0,0.0,0.039144724217231176,0.05910768631692447,0.04311005949024658,0.002936267852782226,0.0,0.0,0.0,-0.0026328577165742398
808fabcc3ed441afbd6bdddc929887f3,1.4249999999999998,6.0,6.0,0.0,0.1474098006137472,0.20042489270167416,0.11833228858281615,0.008894777297973278,1.0499999999999998,3.6000000000000014,2.3999999999999986,0.0,0.15720794038202252,0.19793434737650792,0.11344157730559887,0.012129735946655007,1.4249999999999998,1.0499999999999998,0.375,-0.009798139768275316
80a992a086714b53b833720d775931c1,0.0,0.0,0.0,0.0,0.12916087021390318,0.3578086900757092,0.02737111433870981,0.012708663940429688,0.0,0.0,0.0,0.0,0.1425409465535285,0.392445486840069,0.012559193289820823,0.010217857360840465,0.0,0.0,0.0,-0.013380076339625319
828a847cc7174a7d9c8058734ca6dd6e,1.0596742653368971,2.6832815729997463,1.697056274847718,0.6000000000000001,0.13091284442210166,0.33643857301223284,0.029873253541649707,0.041395282745362305,1.5247912310987077,9.13892772703669,9.13892772703669,1.0499999999999998,0.13751075807400925,0.3454555772278067,0.029885771899377536,0.043562507629395064,1.0596742653368971,1.5247912310987077,-0.4651169657618106,-0.006597913651907594
847d19905eb24a379479a944ac3dc6d5,0.7987711154904662,2.683281572999751,1.1999999999999957,0.15000000000000036,0.12009150528322013,0.33441358348829664,0.024206600102577754,0.03515267372131392,0.7060660171779819,1.6970562748477156,1.1999999999999957,0.07500000000000018,0.17442657503486564,0.4177816843523668,0.03399547229236398,0.019236373901366566,0.7987711154904662,0.7060660171779819,0.0927050983124843,-0.05433506975164551
848eed388a5c47d5b3cdbeeb15c2f856,3.468465843842649,6.0,3.6000000000000014,0.15000000000000036,0.592491129011465,0.8794737560844114,0.48947371641610815,0.016863727569579545,7.608277249873903,18.03995565404749,18.03995565404749,0.6000000000000014,1.1041002450623416,1.6010029362111755,0.962309341389655,0.043030071258546077,3.468465843842649,7.608277249873903,-4.139811406031254,-0.5116091160508767
84b5d2fbf0c24b23893f4d037c306b3a,0.7371320343559645,2.3999999999999986,0.0,0.22500000000000053,0.1849623650727089,0.3549369608420922,0.057104107719681524,0.02986135482788077,0.7371320343559645,2.3999999999999986,0.0,0.22500000000000053,0.1849623650727089,0.3549369608420922,0.057104107719681524,0.02986135482788077,0.7371320343559645,0.7371320343559645,0.0,0.0
852490943ea64291ae0f85dc0d49825a,0.5427050983124844,2.683281572999751,1.1999999999999957,0.07500000000000018,0.03695453963198228,0.13364952614733475,0.04949945361042946,0.010088539123534801,0.33106601717798256,1.6970562748477156,0.0,0.07500000000000018,0.045722887811715525,0.12317154352540134,0.00722462351824819,0.011103773117064453,0.5427050983124844,0.33106601717798256,0.2116390811345018,-0.008768348179733244
8584cdee278d4bf89e6620ab02d15a7b,3.5168055122704946,8.399999999999999,7.299315036357867,0.5250000000000012,0.5185203486856296,0.8511557649293204,0.3744254341379825,0.0354178905487057,5.150960938165138,15.646085772486359,15.646085772486359,0.6000000000000014,0.7344358754720234,1.133509719393888,0.5537819609854918,0.037918567657469815,3.5168055122704946,5.150960938165138,-1.6341554258946434,-0.2159155267863938
85b8779598cb46f89538faa1d7117404,2.398473328499705,6.118823416311343,3.7947331922020506,0.45000000000000107,0.3859290099239546,0.620276304590692,0.3013784698850433,0.023685550689697354,4.686047449848861,9.674709297958255,9.674709297958255,0.45000000000000107,0.7127611762545507,1.0585211865980675,0.5295560013364083,0.025329494476318715,2.398473328499705,4.686047449848861,-2.287574121349156,-0.3268321663305961
877f55a6d8324fefb5e0f5e0bac3d7c1,0.0,0.0,0.0,0.0,0.22170409975576388,0.37281256833015575,0.07326100221015511,0.013046264648437056,0.0,0.0,0.0,0.0,0.3184352339973541,0.5298890170199403,0.14724885427825546,0.016515970230102095,0.0,0.0,0.0,-0.09673113424159019
885aeed2512341ccbf84ca64d4e58ded,2.728465260854951,9.67470929795826,9.67470929795826,0.3000000000000007,0.4275652974685876,0.6183926575304458,0.3700465148107754,0.029497718811036133,3.183499541075803,9.67470929795826,9.67470929795826,0.3000000000000007,0.5577071683504402,0.801760462071276,0.40486427846435463,0.030589056015014382,2.728465260854951,3.183499541075803,-0.45503428022085224,-0.13014187088185258
8887f956960c40df8e801576ad31ac93,4.124999999999999,8.399999999999999,8.399999999999999,0.0,0.2983235356127798,0.49003045558497915,0.21175241296332126,0.01195778846740625,1.7249999999999996,8.399999999999999,8.399999999999999,0.0,0.27418376471826683,0.4596823328118878,0.20230901115844155,0.01568956375122088,4.124999999999999,1.7249999999999996,2.3999999999999995,0.02413977089451297
888dd9afb9bc43e2bfbc5e92835a2b26,1.5432368416906104,3.794733192202055,3.794733192202055,0.1499999999999999,0.2626445249484989,0.46393992499525694,0.15096301556079975,0.02819538116455078,1.5432368416906104,3.794733192202055,3.794733192202055,0.1499999999999999,0.25940407815581645,0.4519403668140547,0.15196634675947654,0.0268338203430174,1.5432368416906104,1.5432368416906104,0.0,0.0032404467926824276
88a6b5e35eb44deba6b1065d74b0a3c4,9.825,25.199999999999996,25.199999999999996,0.0,1.285430031516191,1.7310895954036563,0.8544778646634502,0.03373560905456552,10.434454323449447,25.22855524995436,25.22855524995436,0.3000000000000007,1.4101569178600237,1.8688603888575908,0.9337052145672395,0.038826799392700284,9.825,10.434454323449447,-0.609454323449448,-0.12472688634383267
88c4bf6c96624c9baf7ca0f98c790034,0.6664762138029503,5.366563145999495,2.3999999999999986,0.5249999999999997,0.1509173583879503,0.30414017859521897,0.17814834856971665,0.07560667991638059,0.6664762138029503,5.366563145999495,2.3999999999999986,0.5249999999999997,0.14852804445438256,0.32320476703712325,0.15933805118036673,0.07061848640441992,0.6664762138029503,0.6664762138029503,0.0,0.002389313933567755
894616d89edf41b8bbfd542a150e8fbd,2.0249999999999995,4.799999999999997,1.1999999999999957,0.0,0.30253897370481675,0.4393035464831346,0.10084008945625351,0.005140542984008345,1.2750000000000001,3.6000000000000014,1.1999999999999957,0.0,0.20294828166934395,0.3058427272180001,0.051740620863009484,0.003268003463745117,2.0249999999999995,1.2750000000000001,0.7499999999999993,0.0995906920354728
89910914b61e442f967bea60eb5ed44f,3.5526987657639735,9.600000000000001,9.600000000000001,0.22500000000000053,0.7732536001696799,1.255987702885532,0.39557409666193655,0.011698007583618608,6.103077569873202,13.200000000000003,13.200000000000003,0.3750000000000009,0.99893990305933,1.5091390292171167,0.554153313036339,0.014545297622680753,3.5526987657639735,6.103077569873202,-2.5503788041092283,-0.22568630288965008
8a0af59b07f543a0a165180a12472d04,1.4201748619244199,4.947726750741191,3.7947331922020573,0.3000000000000007,0.2178769216831899,0.3413600543933799,0.20599200394288913,0.017743921279905983,0.599302858868593,3.7947331922020506,1.697056274847718,0.3000000000000007,0.09658995603296405,0.1998794856837383,0.10060593994392236,0.02252712249755806,1.4201748619244199,0.599302858868593,0.8208720030558269,0.12128696565022584
8ae5818912bf4a8db24b1690d83034ac,12.985543730769987,22.83155710852854,22.83155710852854,0.3750000000000009,1.7920484143562323,2.5541492538518553,1.0499459638525417,0.05343589782714897,11.031380274171994,22.83155710852854,22.83155710852854,0.22500000000000053,1.5099793284521998,2.170276023393627,0.8983175592867666,0.050672006607056286,12.985543730769987,11.031380274171994,1.9541634565979926,0.28206908590403246
8b06ab55378f4342b38c3b25b115e38e,1.9500000000000002,6.0,1.2000000000000028,0.0,0.3692591705719712,0.5680591103594645,0.16800003897674187,0.008466196060179954,1.9500000000000002,6.0,1.2000000000000028,0.0,0.3692591705719712,0.5680591103594645,0.16800003897674187,0.008466196060179954,1.9500000000000002,1.9500000000000002,0.0,0.0
8b17a8d9c23a4a849ec471da90fec39e,0.30000000000000027,1.2000000000000028,0.0,0.0,0.10332025094982905,0.23333240686288317,0.05753951842638117,0.008077526092529652,0.2250000000000001,1.2000000000000028,0.0,0.0,0.05678637326423818,0.11107333615640476,0.037470781106806114,0.0071456909179694605,0.30000000000000027,0.2250000000000001,0.07500000000000018,0.04653387768559087
8d1c7b2b85fe4befb66efe9e05e0d939,0.39270509831248457,2.6832815729997477,0.0,0.07500000000000018,0.10858221095598743,0.3530883248377753,0.3530883248377753,0.004172658920288175,1.5092329219213245,6.0,6.0,0.07500000000000018,0.23899345389455456,0.48330364702957546,0.48330364702957546,0.007583427429200373,0.39270509831248457,1.5092329219213245,-1.1165278236088398,-0.13041124293856715
8d966583bc7c4627a2437be13761529c,0.2250000000000001,1.2000000000000028,1.2000000000000028,0.0,0.0672345697970298,0.1306816773117479,0.07402355378400782,0.006211709976196911,0.22500000000000053,1.2000000000000028,0.0,0.0,0.10147712698737371,0.16740984687240004,0.03607174858827668,0.003398895263671875,0.2250000000000001,0.22500000000000053,-4.440892098500626e-16,-0.034242557190343914
8ddac045b61a412fb54f4d5870e0516f,1.593465843842649,4.947726750741191,1.2000000000000028,0.15000000000000036,0.11510878174224583,0.27747679038373996,0.03397749590207112,0.03307757377624476,1.2214037464339533,4.947726750741191,1.2000000000000028,0.15000000000000036,0.13869073700352316,0.2283229052019213,0.06189655936891639,0.031806707382201704,1.593465843842649,1.2214037464339533,0.37206209740869567,-0.023581955261277335
8de7ec06e1ac48c689c4d24d6cc64fd7,0.45483713266844816,2.6832815729997477,1.697056274847708,0.22499999999999964,0.08074826125995457,0.19638607001565178,0.047750916124123154,0.05916080474853613,0.3798371326684482,2.6832815729997477,1.697056274847708,0.22499999999999964,0.07411817216914915,0.18542726086445993,0.03999103189029666,0.054090213775636276,0.45483713266844816,0.3798371326684482,0.07499999999999996,0.006630089090805424
8df9376254584396bdfaa521242b4757,0.375,2.4000000000000057,1.1999999999999957,0.0,0.03556889707780729,0.09279393052900402,0.017898280929387042,0.003682851791381392,0.375,2.4000000000000057,1.1999999999999957,0.0,0.03556889707780729,0.09279393052900402,0.017898280929387042,0.003682851791381392,0.375,0.375,0.0,0.0
8e46878ced734164aae0e83567aa02a5,1.1999999999999997,3.6000000000000014,1.1999999999999957,0.0,0.1845119462368131,0.2676508466111294,0.12373097951653304,0.01061782836914027,1.1999999999999997,3.6000000000000014,1.1999999999999957,0.0,0.1845119462368131,0.2676508466111294,0.12373097951653304,0.01061782836914027,1.1999999999999997,1.1999999999999997,0.0,0.0
8ef17257025146b19306abed70229687,0.22499999999999987,1.1999999999999993,0.0,0.0,0.18641079222843301,0.34009460884247983,0.11084292613377743,0.009202337265014293,1.5749999999999995,4.799999999999997,4.799999999999997,0.0,0.12676781020253491,0.3411814626820004,0.04340593489780639,0.014551162719726562,0.22499999999999987,1.5749999999999995,-1.3499999999999996,0.0596429820258981
8ef8d4b6b837492dab9785c3e33d936b,1.2749999999999995,4.799999999999997,4.799999999999997,0.0,0.24562388372025085,0.4716035100777741,0.031105107524203878,0.006161499023436878,0.7499999999999996,3.6000000000000014,0.0,0.0,0.2133101727066659,0.40995070286570423,0.04102941536678434,0.005933189392088867,1.2749999999999995,0.7499999999999996,0.5249999999999999,0.032313711013584934
8ffab42b57d14c6cb0486620d8675a74,0.5871320343559635,1.6970562748477156,0.0,0.2999999999999996,0.08621515927837829,0.18507068390248366,0.11085387919329388,0.055552911758422585,0.6798371326684485,2.683281572999751,0.0,0.5249999999999999,0.124150881135295,0.26510388995674117,0.12569524773089424,0.08554286956787127,0.5871320343559635,0.6798371326684485,-0.09270509831248497,-0.03793572185691671
901cfd30cb2a4fdba55095f9ec0fed34,0.0,0.0,0.0,0.0,0.10336674305857395,0.31801878611749446,0.013376529684392414,0.012757444381714222,0.0,0.0,0.0,0.0,0.11930540527173117,0.34137436117234077,0.01684163376128426,0.014776039123534535,0.0,0.0,0.0,-0.01593866221315722
903d85bfc48b437ea725fe1c32bf3401,2.596535308265896,6.118823416311343,3.6000000000000014,0.3000000000000007,0.3957221002401329,0.7679606637187598,0.14993111261543213,0.020639133453369318,2.5215353082658964,6.118823416311343,3.6000000000000014,0.3000000000000007,0.3823457016096893,0.7547513993558166,0.14425594941600528,0.020344877243041015,2.596535308265896,2.5215353082658964,0.07499999999999973,0.013376398630443598
9124545509cb45e1b79168bead041f06,11.371948918287119,29.41836161311503,29.41836161311503,2.0249999999999995,1.2727769765997352,1.8524048092243508,0.7646202733516193,0.14186167716980025,4.799999999999999,10.799999999999997,9.599999999999998,0.0,0.780282761791589,1.0910812805073271,0.570157728562105,0.040572166442871094,11.371948918287119,4.799999999999999,6.57194891828712,0.49249421480814626
9157f0c9ea4441a89b91d623f0157fce,5.103402076289044,13.254433220624708,13.200000000000003,0.07500000000000018,0.6950381125689973,1.119482405494707,0.48824096579613147,0.012969732284546343,4.516158625698413,13.254433220624708,9.600000000000001,0.22500000000000053,0.6160007078095376,0.9846351625128326,0.5196003394912487,0.011797285079955255,5.103402076289044,4.516158625698413,0.5872434505906314,0.07903740475945964
917a76cd5f564387bcacc22537010630,17.25,34.8,34.8,0.0,2.277300857434568,3.204042845015571,1.322128079005014,0.03243956565856898,17.402341465641104,33.599999999999994,33.599999999999994,0.07500000000000018,2.2965579151758106,3.232653883311002,1.3547561788505307,0.02835931777954004,17.25,17.402341465641104,-0.15234146564110418,-0.019257057741242534
9253e18a84404e25b1eb4433905ad579,4.05,7.199999999999999,7.199999999999999,0.0,0.7708263707748664,1.6456621443737907,0.2367010813288566,0.028150320053100142,3.675,7.199999999999999,7.199999999999999,0.0,0.44949111855313323,0.9695301484769621,0.13730811981134333,0.016388797760009677,4.05,3.675,0.375,0.32133525222173315
9281ea172d9e43528e65fca81e2006d4,3.674999999999999,7.199999999999999,4.800000000000001,0.0,0.24849991793871407,0.33056823787717066,0.2753062021811982,0.016246175765990856,3.749999999999999,7.199999999999999,4.800000000000001,0.0,0.2868661084709129,0.37247650092276385,0.3050631940078628,0.01497373580932626,3.674999999999999,3.749999999999999,-0.07500000000000018,-0.03836619053219881
92c817e6a1b4445ea8505dca77d023bf,3.4912968401350986,8.485281374238573,8.485281374238573,0.3750000000000009,0.5864802262811892,0.8867316320114804,0.25247899603969975,0.01725368499755886,3.042173944017555,8.485281374238573,7.299315036357867,0.3750000000000009,0.4939528435879539,0.7650075461273406,0.21464299982249505,0.01672039031982342,3.4912968401350986,3.042173944017555,0.44912289611754375,0.09252738269323535
938d0ee9763d44b6a01b7dbbe2240c85,1.407306896280385,4.9477267507411975,4.9477267507411975,0.6000000000000014,0.09334259272122833,0.12971245882290255,0.06548412030190315,0.022830533981323065,1.111434893224558,3.7947331922020573,3.7947331922020573,0.6000000000000014,0.06855345173509181,0.12474408122115142,0.014161776499297203,0.026238727569579456,1.407306896280385,1.111434893224558,0.29587200305582706,0.02478914098613652
93d437c833f24dd9b14a406d199113ff,4.725,12.0,12.0,0.0,0.6283077403843405,0.858545691647134,0.5002349430061799,0.00794806480407706,5.475,13.2,13.2,0.0,0.6597294701145682,1.015456807941661,0.4150310657432079,0.0055445194244390095,4.725,5.475,-0.75,-0.03142172973022772
947147c686d04c168ee8604b2f43bd46,4.965329502902213,10.800000000000004,10.800000000000004,0.22500000000000053,0.7824020538810532,1.1196840313196343,0.5901447372261268,0.02411155700683576,4.890329502902213,10.800000000000004,10.800000000000004,0.22500000000000053,0.7118002701014791,0.9894454740015575,0.5593529528417571,0.02616648674011124,4.965329502902213,4.890329502902213,0.07500000000000018,0.07060178377957416
94b913a2bb1e4f18bc10509f644d539e,0.0,0.0,0.0,0.0,0.10922769927041903,0.3145903825813006,0.03620079116251486,0.011485433578491744,0.0,0.0,0.0,0.0,0.10912724327169929,0.32728185776025015,0.04177885048477566,0.008599090576172141,0.0,0.0,0.0,0.00010045599871974509
94e396a143d64345a09f671443f942bc,0.0,0.0,0.0,0.0,0.1567872084492291,0.3038650813297068,0.10384974194871269,0.012775897979736328,0.0,0.0,0.0,0.0,0.17998869222993613,0.3515762582485882,0.12067191595898878,0.013732767105103072,0.0,0.0,0.0,-0.023201483780707022
95024749968b4c5db7c4830da4d2d475,3.029875922825113,8.399999999999999,8.399999999999999,0.15000000000000036,0.5000296050266134,0.8896841898540934,0.2533034475879095,0.0165042400360087,3.029875922825113,8.399999999999999,8.399999999999999,0.15000000000000036,0.5000296050266134,0.8896841898540934,0.2533034475879095,0.0165042400360087,3.029875922825113,3.029875922825113,0.0,0.0
950d6f7fe8ca41538582327bf45afcc1,1.5927687027112416,4.947726750741191,4.947726750741191,0.3750000000000009,0.305371812963229,0.6920188016632766,0.6920188016632766,0.02295255661010831,0.679837132668449,2.6832815729997477,1.697056274847718,0.22500000000000053,0.20692993704925028,0.6157104315553846,0.6157104315553846,0.01997365951538166,1.5927687027112416,0.679837132668449,0.9129315700427926,0.09844187591397874
9568f067471847f3b10432b4e53a43ba,0.07499999999999996,1.1999999999999993,0.0,0.0,0.012404805526617609,0.053432024187767886,0.017457176986043002,0.00454845428466788,0.75,3.599999999999998,3.599999999999998,0.0,0.04392984596146192,0.11551358782154819,0.020678778606606787,0.014600944519043146,0.07499999999999996,0.75,-0.675,-0.03152504043484431
9573d00b8d3d4ca5badde36566ed0c84,0.5999999999999996,1.2000000000000028,0.0,0.0,0.1309122755155691,0.17528631241023154,0.15177832067557603,0.009428071975708718,4.2,13.199999999999996,13.199999999999996,0.0,0.5805111763490272,0.8261019354528145,0.38637732048242257,0.013671398162841353,0.5999999999999996,4.2,-3.6000000000000005,-0.44959890083345805
9577cf1a1f31414d90358bd7b104b615,0.0,0.0,0.0,0.0,0.2009359497486573,0.3242365611200864,0.1565845729599702,0.005174016952514293,0.0,0.0,0.0,0.0,0.18575055796440876,0.30615615357533504,0.13800222362859724,0.005612754821776367,0.0,0.0,0.0,0.015185391784248548
971fe52375054e499551b963e85e1fcf,0.8999999999999995,3.6000000000000014,1.1999999999999957,0.0,0.15176186306341682,0.1830691824768967,0.099518235494397,0.004224014282224964,0.8249999999999997,3.6000000000000014,1.1999999999999957,0.0,0.12041218076961119,0.14434884013115304,0.08223125457189691,0.002713108062744496,0.8999999999999995,0.8249999999999997,0.07499999999999973,0.031349682293805636
98592cf269d34c80bdb23c6fa2708db8,0.0,0.0,0.0,0.0,0.03428205845405481,0.08587493708813262,0.02909634455562951,0.0033100605010991657,0.0,0.0,0.0,0.0,0.20371721428151116,0.3092665412508468,0.07563402301443552,0.0091644287109367,0.0,0.0,0.0,-0.16943515582745633
98a8d1c359d54ed19060d3f0f5867468,1.0499999999999996,3.599999999999998,3.599999999999998,0.0,0.2118005883982998,0.37460353906081795,0.24716037750738265,0.010842132568359197,0.7500000000000004,1.2000000000000028,1.2000000000000028,0.0,0.17150229608861745,0.3462052002890578,0.05180347394859979,0.012352895736694514,1.0499999999999996,0.7500000000000004,0.29999999999999916,0.04029829230968235
995b3a75250b4fc5a5b785f90b5e739e,2.8499999999999996,8.399999999999999,8.399999999999999,0.0,0.1351605851744667,0.22949269472862477,0.09666717199032082,0.014166212081909269,2.55,10.799999999999997,10.799999999999997,0.0,0.08862862566978431,0.21685518534156598,0.055110373973108376,0.009065008163451793,2.8499999999999996,2.55,0.2999999999999998,0.04653195950468238
99ccc70f143b41bf87ef7be9dc4d850a,0.1499999999999999,1.1999999999999993,1.1999999999999993,0.0,0.046822981636518976,0.11988480258031818,0.06282731757215164,0.008851146697997248,0.1499999999999999,1.1999999999999993,1.1999999999999993,0.0,0.04154843433037452,0.10670558580509569,0.038441080135267175,0.009327936172484286,0.1499999999999999,0.1499999999999999,0.0,0.0052745473061444545
9a2209d8b19045f4a0d52af5d5c23a78,4.177040414789232,7.200000000000003,7.200000000000003,0.3750000000000009,0.7852751979348678,1.1895479053131166,0.6020882057823569,0.06455512046813938,3.8707453954592106,7.200000000000003,7.200000000000003,0.3000000000000007,0.7391465682373995,1.0898985633602023,0.6036008631637554,0.06033539772033647,4.177040414789232,3.8707453954592106,0.30629501933002157,0.046128629697468226
9a95f1a1e26843fa91963c1131b3c53c,0.6750000000000003,2.3999999999999986,1.2000000000000028,0.0,0.13096363967993363,0.28245640732227667,0.010112823463118172,0.002872753143308593,2.0250000000000004,8.399999999999999,8.399999999999999,0.0,0.19043977955132074,0.3290364760975797,0.2586316190787054,0.006391382217405539,0.6750000000000003,2.0250000000000004,-1.35,-0.05947613987138711
9bbe4968739d429b9e6a05b60690c67e,2.562170824512628,6.0,6.0,0.07500000000000018,0.39090367309090457,0.6037821021924851,0.16519785348072744,0.007428503036498224,2.562170824512628,6.0,6.0,0.07500000000000018,0.39090367309090457,0.6037821021924851,0.16519785348072744,0.007428503036498224,2.562170824512628,2.562170824512628,0.0,0.0
9be682790a634b91b334b633fa43010a,3.5338963447738987,6.118823416311343,4.799999999999997,0.45000000000000107,0.5781919790297164,1.0172979185383053,0.22677416968861253,0.08032135963439924,5.077538310128317,9.600000000000001,9.600000000000001,0.45000000000000107,0.9310676236616966,1.423546565357624,0.5139927914665131,0.07387948036193803,3.5338963447738987,5.077538310128317,-1.5436419653544187,-0.3528756446319802
9c2cb01fe74e49e1b9d3b8ae3fa72299,1.0499999999999998,4.799999999999997,4.799999999999997,0.0,0.16431654616272906,0.2928133552420715,0.07495762211694955,0.005692577362060636,1.2749999999999997,4.799999999999997,4.799999999999997,0.0,0.19058349536246438,0.3139829953999339,0.08400452361049641,0.005315065383910689,1.0499999999999998,1.2749999999999997,-0.22499999999999987,-0.026266949199735323
9c3458157e3641dead10c9d1bfa06c5b,1.2749999999999995,4.799999999999997,4.799999999999997,0.0,0.05675194264421363,0.13746311553402898,0.05236554651120657,0.004790639877319425,0.5999999999999994,3.6000000000000014,3.6000000000000014,0.0,0.1373968367965671,0.33205079611929106,0.018800068247756426,0.004509258270263938,1.2749999999999995,0.5999999999999994,0.675,-0.08064489415235349
9c6aa2cb631841abb2cd4bebea86d03f,1.575,4.799999999999997,4.799999999999997,0.07500000000000018,0.26625499328644475,0.4771026454634394,0.22950127030213763,0.015471267700196023,2.380768230187221,6.118823416311343,6.118823416311343,0.3750000000000009,0.4287420778173159,0.649244045453511,0.43673429662455593,0.008411121368407493,1.575,2.380768230187221,-0.8057682301872211,-0.16248708453087113
9c75ddb5976343c3b7b33e8148d3eeb0,0.0,0.0,0.0,0.0,0.4515887964382747,0.6589724425248024,0.37841685465141645,0.014822673797606267,0.0,0.0,0.0,0.0,0.4654139525058573,0.6763240452469176,0.39321524517684,0.01578583717346138,0.0,0.0,0.0,-0.013825156067582611
9cae01630a3c475080fedef5d59297be,0.0,0.0,0.0,0.0,0.14962814732168359,0.3714152530985324,0.05918057859747991,0.01436390876770055,1.3499999999999992,4.799999999999997,1.1999999999999993,0.0,0.20971191919807738,0.4383775287027028,0.05778775872294484,0.022279214859011187,0.0,1.3499999999999992,-1.3499999999999992,-0.0600837718763938
9ce5d3ae2cce4a0aaea1626e752f65d9,4.8,9.600000000000001,7.199999999999999,0.0,0.15892373877914134,0.35700003276409653,0.10333820642819047,0.01862554550170792,4.65,8.400000000000002,7.199999999999999,0.0,0.20432400102933918,0.33456420486799404,0.22159126292270184,0.013681125640869762,4.8,4.65,0.14999999999999947,-0.04540026225019783
9d0e1d796b20401a862602bb02d613b4,1.5166593854407833,6.118823416311343,4.947726750741191,0.15000000000000036,0.24940909374610315,0.49227662848367904,0.03331186499541869,0.00949358940124334,3.2565123124797015,6.118823416311343,6.118823416311343,0.3000000000000007,0.5942286380031392,1.0083788844197192,0.23427619448813627,0.03370428085327104,1.5166593854407833,3.2565123124797015,-1.7398529270389183,-0.34481954425703604
9d601e6912d04c77951c173f6012ee6f,0.4499999999999995,2.3999999999999986,0.0,0.0,0.05424650324233134,0.11784728134095245,0.03932520460597024,0.0074689865112320675,0.6749999999999996,3.6000000000000014,3.6000000000000014,0.0,0.05492381919212351,0.131316987121127,0.03263510780856983,0.0072724342346202064,0.4499999999999995,0.6749999999999996,-0.2250000000000001,-0.0006773159497921732
9e28820bd2ba4eb480e1b9079f17c30c,1.0291012013803775,3.3941125496954285,1.6970562748477156,0.5250000000000004,0.1337560801709044,0.2455414346110712,0.06818090472605337,0.0953516006469739,0.9674621202458753,3.3941125496954285,1.6970562748477156,0.5250000000000004,0.12749007805016171,0.20603096210837238,0.08131425053999801,0.08879585266113343,1.0291012013803775,0.9674621202458753,0.06163908113450223,0.006266002120742686
9e527ac110c84d6daa076e018aeb7a53,0.9812071897723664,7.29931503635786,0.0,0.07500000000000018,0.07152533538010443,0.17952990647496064,0.10912688039239575,0.010789775848389027,1.0562071897723666,7.29931503635786,0.0,0.07500000000000018,0.06429080090395264,0.16579337406195477,0.10710895952971454,0.009557533264160423,0.9812071897723664,1.0562071897723666,-0.07500000000000018,0.0072345344761517855
9e9808fe898648e1b0bbf09b1a30f0d4,0.0,0.0,0.0,0.0,0.1488971124577009,0.2666354539179009,0.12440029305573884,0.01201701164245561,0.0,0.0,0.0,0.0,0.17591511140114036,0.3168442447671132,0.14865511368666132,0.013461542129516335,0.0,0.0,0.0,-0.027017998943439453
9f3355442ce347be804a9880d086ca8f,11.19885566890877,22.8,22.8,0.6000000000000014,0.1901022351106093,0.41632640150044864,0.18577810233200023,0.02423701286315838,11.423855668908768,22.8,22.8,0.6000000000000014,0.5512219474215236,0.9046977013353446,0.3819652644347683,0.02111663818359233,11.19885566890877,11.423855668908768,-0.22499999999999787,-0.36111971231091433
9faf87fc638c492d87ccbdb48388450c,2.0999999999999996,6.0,3.5999999999999943,0.0,0.1362532499552852,0.22349508727587905,0.07179578129524661,0.02034173011779883,2.1750000000000003,4.800000000000004,4.799999999999997,0.0,0.1651805182356217,0.24548176151243933,0.08567258708399203,0.018563461303712003,2.0999999999999996,2.1750000000000003,-0.07500000000000062,-0.028927268280336482
9fbc6ac2c75c479cbc125a7a50bbaf64,0.0,0.0,0.0,0.0,0.18521566967299524,0.4426051094365456,0.018857088162584055,0.016685628890990678,0.0,0.0,0.0,0.0,0.16259197986657395,0.4035704423867609,0.03676710715030608,0.014515686035155628,0.0,0.0,0.0,0.022623689806421293
a0197f52509f48feb1292b78c9188d1f,0.44999999999999996,2.3999999999999986,0.0,0.0,0.08566883566475704,0.11783881365672806,0.062045296360404865,0.003330087661744141,0.44999999999999996,2.3999999999999986,0.0,0.0,0.08203910008955947,0.11022096128023044,0.06239533267461478,0.003052139282227362,0.44999999999999996,0.44999999999999996,0.0,0.003629735575197565
a05edf71b4b14052bb477918d0997c88,1.05,3.6000000000000014,3.6000000000000014,0.0,0.12487177735680707,0.2540799598883333,0.07091087668629747,0.011574125289916637,1.05,3.6000000000000014,3.6000000000000014,0.0,0.12477552915545731,0.2563375787525277,0.08195366493178403,0.010130882263182261,1.05,1.05,0.0,9.624820134976342e-05
a0c1b7a7cec84f6f8e2955ac370637ad,0.0,0.0,0.0,0.0,0.01743715099227357,0.04423991943951268,0.012334784246228246,0.0032429695129403413,0.0,0.0,0.0,0.0,0.01743715099227357,0.04423991943951268,0.012334784246228246,0.0032429695129403413,0.0,0.0,0.0,0.0
a0cf9d95c8af48b9aa1aaedc52d1b41c,2.8648529270389176,6.118823416311343,4.799999999999997,0.15000000000000036,0.5639404705298656,0.8681236494680891,0.3363010890611042,0.015770959854126243,2.5648529270389178,6.118823416311343,4.799999999999997,0.15000000000000036,0.5355796992184374,0.8521664756992117,0.28652526557410996,0.018778896331787642,2.8648529270389176,2.5648529270389178,0.2999999999999998,0.028360771311428223
a0edf6edd121431785948038c54e036e,2.25,4.800000000000001,4.800000000000001,0.0,0.26874700720681066,0.40957000196735815,0.13884006979395766,0.008480787277222124,2.7,4.800000000000001,4.800000000000001,0.0,0.30583672613003143,0.49207255221799656,0.15949906647808035,0.008903074264526634,2.25,2.7,-0.4500000000000002,-0.03708971892322077
a27511294c014c34bea679aae0d35735,0.6000000000000003,2.3999999999999986,1.2000000000000028,0.0,0.05938193686715383,0.13194812136172743,0.11702593260414697,0.015953207015991566,0.5249999999999999,2.3999999999999986,2.3999999999999986,0.0,0.0736179842333507,0.15174481866046283,0.15174481866046283,0.014038324356079546,0.6000000000000003,0.5249999999999999,0.0750000000000004,-0.014236047366196866
a3037fd8331e47d48357d5250fbd8aa6,0.8609031498464313,2.6832815729997477,1.697056274847718,0.6000000000000014,0.09398120918997023,0.12705273099871642,0.06310805106259179,0.027194309234618963,1.843945977414886,4.947726750741191,1.2000000000000028,0.5250000000000012,0.18759809863950283,0.3602128496045297,0.02756811091182448,0.020230865478514826,0.8609031498464313,1.843945977414886,-0.9830428275684547,-0.0936168894495326
a442b57b3e044dbcbe729bf3db01af36,1.3592329219213248,4.9477267507411975,2.3999999999999986,0.07500000000000018,0.15961424219058293,0.3384667736076725,0.06655374058825238,0.009812307357788264,1.617807492867906,4.9477267507411975,2.3999999999999986,0.3750000000000009,0.1388474183642516,0.3412358870750786,0.05013554880049397,0.022951412200928,1.3592329219213248,1.617807492867906,-0.2585745709465812,0.020766823826331327
a62e12cf09b94b25a116bf70cf35e861,3.058335434119252,4.9477267507411975,1.2000000000000028,0.45000000000000107,0.4962143622441769,0.9440477007479293,0.1641175002853725,0.029808712005614524,3.058335434119252,4.9477267507411975,1.2000000000000028,0.45000000000000107,0.4962143622441769,0.9440477007479293,0.1641175002853725,0.029808712005614524,3.058335434119252,3.058335434119252,0.0,0.0
a687809bdfff490198d3b39bfc4bd42b,1.2674621202458756,1.6970562748477156,1.6970562748477156,0.600000000000001,0.3411465126912196,0.5939447548684917,0.12121137267997242,0.10046796798706037,1.2674621202458756,1.6970562748477156,1.6970562748477156,0.600000000000001,0.3369867162226914,0.579635210529399,0.12390642236864201,0.10443148612976039,1.2674621202458756,1.2674621202458756,0.0,0.00415979646852821
a71b19643dbc488e97323303442d1a21,1.8977068036778568,5.366563145999499,5.366563145999499,0.6749999999999998,0.25773962687159735,0.5129384964885677,0.17672048109301594,0.10570335388183594,1.4562305898749064,5.366563145999499,0.0,0.4500000000000002,0.24726225944325436,0.512866100080284,0.13763333381617004,0.09485578536987305,1.8977068036778568,1.4562305898749064,0.44147621380295043,0.010477367428342987
a7795dcadad44c1c85fa27eef18366f6,4.499999999999998,9.599999999999998,9.599999999999998,0.0,0.46907008587968263,0.8460250645322346,0.36870894833071743,0.017413759231567294,4.499999999999998,9.599999999999998,9.599999999999998,0.0,0.44657043146975617,0.8129206725309506,0.3578869759970463,0.019431638717651634,4.499999999999998,4.499999999999998,0.0,0.02249965440992646
a79c34821835458ca58d97b687602ab1,0.0,0.0,0.0,0.0,0.05854712532122282,0.12794236558962752,0.05765076574113517,0.007754516601562678,0.0,0.0,0.0,0.0,0.24147052113025438,0.3260728904473435,0.22949873308728358,0.004395389556884233,0.0,0.0,0.0,-0.18292339580903155
a92511954d004ec9922e75be59fbb109,2.325,7.199999999999996,2.3999999999999986,0.0,0.22012027047235294,0.46038964801503623,0.05834369553640032,0.004533004760742809,2.25,4.799999999999997,2.3999999999999986,0.0,0.24575356042592997,0.5094097738631718,0.0607132923114209,0.004641151428223189,2.325,2.25,0.07500000000000018,-0.025633289953577026
a9549839ca344c5d81df2325736374bf,0.0,0.0,0.0,0.0,0.34805001911406896,0.49266058542110114,0.23979017961047283,0.011913728713988991,0.0,0.0,0.0,0.0,0.3017559461661491,0.4301634438669153,0.2121233637776592,0.011410760879516424,0.0,0.0,0.0,0.04629407294791987
a9b8176bf0b546a4bc46afc631979805,3.028302401426518,9.674709297958257,0.0,0.3750000000000009,0.9455043521662543,1.1860989091185208,0.6191299002546584,0.07221164703369043,3.028302401426518,9.674709297958257,0.0,0.3750000000000009,0.4951002113311632,0.645739177572076,0.2630994032783388,0.028535270690916992,3.028302401426518,3.028302401426518,0.0,0.45040414083509106
a9e6b3566fcd4effb8847e22a2a4577e,2.4000000000000004,4.800000000000004,4.799999999999997,0.0,0.31963957058933057,0.41286886946739204,0.20110673521799086,0.0035392284393300777,2.175,4.800000000000004,4.799999999999997,0.0,0.3126819333139296,0.4036588611943057,0.19734401423032952,0.0038462162017811607,2.4000000000000004,2.175,0.22500000000000053,0.006957637275400941
a9e8805b699142f78346ca02570450f9,0.5999999999999999,2.400000000000002,2.3999999999999986,0.0,0.1353258320051118,0.2172466467823371,0.14053051277600728,0.010724258422850408,1.4999999999999998,3.6000000000000014,3.599999999999998,0.0,0.08820855270633385,0.16256754441708818,0.16256754441708818,0.004059791564942294,0.5999999999999999,1.4999999999999998,-0.8999999999999999,0.04711727929877796
aa126aada7ec4a46b23162e57a7a023f,0.0,0.0,0.0,0.0,0.10912492641317884,0.30770244684737974,0.040794175687775595,0.011128377914428444,0.0,0.0,0.0,0.0,0.1083197541712323,0.32887219808937107,0.027804951292996222,0.012170076370239258,0.0,0.0,0.0,0.000805172241946539
aaac0015dd724fbfa7c52edc33a64dc1,0.0,0.0,0.0,0.0,0.14845163264679606,0.2559257069366417,0.0659553536657339,0.013277435302734286,0.1499999999999999,1.1999999999999993,0.0,0.0,0.3293875076539572,0.5236341081185142,0.13642781407323595,0.019428348541258966,0.0,0.1499999999999999,-0.1499999999999999,-0.18093587500716113
aadec83b3fa24b9c87651c3d2ac53035,0.5250000000000004,2.3999999999999986,0.0,0.0,0.035400161715598955,0.09079345194399811,0.013912049531438288,0.001980543136597568,0.5250000000000004,2.3999999999999986,0.0,0.0,0.035400161715598955,0.09079345194399811,0.013912049531438288,0.001980543136597568,0.5250000000000004,0.5250000000000004,0.0,0.0
abccb4eda68e441d893861429fdd5605,0.5999999999999999,3.6000000000000014,0.0,0.0,0.11328448085321174,0.20847495247684034,0.005645562916247316,0.002250480651855735,0.5249999999999997,3.6000000000000014,0.0,0.0,0.08818496033604145,0.1866610566592802,0.028648516953044535,0.003946638107299449,0.5999999999999999,0.5249999999999997,0.07500000000000018,0.025099520517170293
ac22e12d11f84b6a98faa260bdaa64ff,1.95,3.6000000000000014,2.3999999999999986,0.0,0.30897730742034907,0.5709278698003937,0.13241734111881515,0.0292510986328125,1.9499999999999995,3.6000000000000014,3.5999999999999943,0.0,0.3041429197776859,0.6288847151159342,0.1583638926724006,0.03544034957885733,1.95,1.9499999999999995,4.440892098500626e-16,0.0048343876426631405
ac83bf9a407f40ec8182fb5d2ba88444,0.2999999999999996,2.3999999999999986,0.0,0.0,0.07970642431237862,0.13391178738834839,0.0179248283383986,0.008542013168335583,0.22499999999999987,2.3999999999999986,0.0,0.0,0.11549715465007437,0.20227795810480956,0.027814172078101555,0.006040620803833274,0.2999999999999996,0.22499999999999987,0.07499999999999973,-0.03579073033769575
ad61033aa6e44659966bb4065f50abbc,0.8250000000000004,4.799999999999997,4.799999999999997,0.0,0.1073436675141176,0.13614459540289855,0.09535370504547028,0.005323362350464045,0.22499999999999964,2.3999999999999986,0.0,0.0,0.030515627585625003,0.11117355304071011,0.017274667448848334,0.008737277984618874,0.8250000000000004,0.22499999999999964,0.6000000000000008,0.0768280399284926
ae3d3b5cb4424e7ab501a5d6f0a4980a,0.0,0.0,0.0,0.0,0.21901648724230055,0.3525313329839954,0.20517454435201582,0.017599010467528764,0.0,0.0,0.0,0.0,0.26345851554969385,0.4056821043185895,0.2388442014004061,0.020449304580688832,0.0,0.0,0.0,-0.0444420283073933
ae4e0c3aa3f24c91aab599e8b54e9264,0.7075483800157638,4.3266615305567875,4.3266615305567875,0.30000000000000027,0.07479505233006861,0.17194863916091482,0.05801829492617053,0.03548898696899494,0.6048371326684487,2.6832815729997477,2.6832815729997477,0.22500000000000053,0.05808631122971144,0.16087301375071844,0.02560322469637586,0.023507022857665483,0.7075483800157638,0.6048371326684487,0.10271124734731507,0.016708741100357173
aee1e33b4ca74ae4a761fa072f92b577,0.9195972880320878,6.118823416311343,0.0,0.15000000000000036,0.163223092488992,0.38636434992369184,0.05625594264170151,0.019484281539917436,1.219597288032087,6.118823416311343,2.3999999999999986,0.15000000000000036,0.20242567373521286,0.4491512397644638,0.05847451231034069,0.020661592483521396,0.9195972880320878,1.219597288032087,-0.29999999999999905,-0.03920258124622086
b006ca82a2654951ae8f42300f66f3c4,4.349999999999998,9.599999999999998,9.599999999999998,0.0,0.13646556334480517,0.260838559090447,0.2011280923079944,0.008841848373413619,2.4749999999999988,3.599999999999998,3.599999999999998,0.0,0.14918013857002294,0.31558578198761295,0.010481621623214936,0.012575054168702415,4.349999999999998,2.4749999999999988,1.8749999999999991,-0.012714575225217767
b008a79c9b33493ea958075001f1d72a,0.07499999999999996,1.1999999999999993,0.0,0.0,0.02028516151230183,0.030718443011215207,0.013044851929316759,0.0006657600402828479,0.07499999999999996,1.1999999999999993,0.0,0.0,0.02028516151230183,0.030718443011215207,0.013044851929316759,0.0006657600402828479,0.07499999999999996,0.07499999999999996,0.0,0.0
b04b95006e24460bacaaf80e299dff01,0.0,0.0,0.0,0.0,0.22890349851102912,0.3639214776087444,0.18079146614456132,0.00552864074707049,0.0,0.0,0.0,0.0,0.23474130643078323,0.3772934428993576,0.18150426730152022,0.0058848381042482245,0.0,0.0,0.0,-0.005837807919754107
b0a2fb669af14c0289675261bee29949,0.0,0.0,0.0,0.0,0.19654207264129567,0.318912904574659,0.15281707507868955,0.005012083053587801,0.0,0.0,0.0,0.0,0.20556470691442133,0.3313317040187926,0.15593443000926135,0.005421066284179155,0.0,0.0,0.0,-0.009022634273125663
b0c254b0902d464798cc86878317ec06,0.6750000000000003,3.6000000000000014,3.6000000000000014,0.0,0.1093706052379805,0.22171617674481184,0.04693006564972304,0.0031501293182363277,0.6750000000000003,3.6000000000000014,3.6000000000000014,0.0,0.1093706052379805,0.22171617674481184,0.04693006564972304,0.0031501293182363277,0.6750000000000003,0.6750000000000003,0.0,0.0
b10f0cd792b64d16a1a5e8349b20504c,0.0,0.0,0.0,0.0,0.14513434566669559,0.34139575228084473,0.10554777135520121,0.003975963592529386,0.0,0.0,0.0,0.0,0.15197102605898283,0.3555543813293426,0.09794760344486608,0.0038470745086662816,0.0,0.0,0.0,-0.006836680392287242
b11dc3efe66e4cf4b316b6c11b9b0158,0.5250000000000001,2.3999999999999986,2.3999999999999986,0.0,0.10843981939328626,0.16019580644232073,0.1222445422953421,0.0034204959869379437,0.5250000000000001,2.3999999999999986,2.3999999999999986,0.0,0.07888581180939722,0.124890742910089,0.11853647351623035,0.0030049324035643643,0.5250000000000001,0.5250000000000001,0.0,0.02955400758388904
b13f8b7a3b5d40f197d11b1f68100015,1.9500000000000004,4.799999999999997,1.2000000000000028,0.0,0.34336554521571594,0.5610759363903578,0.13255218778023173,0.0071084976196282845,2.131066017177983,7.200000000000003,1.2000000000000028,0.07500000000000018,0.3679649164274471,0.5143862274421084,0.2652056425137245,0.014222002029418146,1.9500000000000004,2.131066017177983,-0.18106601717798276,-0.02459937121173117
b143df90cc734dd780de782bdd261ab1,4.5,9.600000000000001,9.600000000000001,0.0,0.6278823829901661,1.0476154806922924,0.3220413254857202,0.006959724426269798,4.35,9.599999999999994,8.399999999999999,0.0,0.5892431658314939,0.9955071766631282,0.2949710156353135,0.007074022293092064,4.5,4.35,0.15000000000000036,0.038639217158672134
b1eea1e3d59e4afdaa6d29481480d974,0.0,0.0,0.0,0.0,0.6388012699939977,0.8611633403862261,0.4433132399804844,0.01981558799743688,0.0,0.0,0.0,0.0,0.5964101314768688,0.7801017042187236,0.4257189000509296,0.020072221755981,0.0,0.0,0.0,0.042391138517128835
b214d0d42c404d4f925aa56ee9cac607,2.4749999999999988,7.199999999999999,0.0,0.0,0.7243532474828818,1.0521115202049638,0.4808546043078432,0.013054990768432084,4.874999999999998,8.399999999999999,8.399999999999999,0.0,0.829044707317857,1.2193203790696943,0.5515038151449103,0.011884832382201171,2.4749999999999988,4.874999999999998,-2.3999999999999995,-0.10469145983497519
b2a10e8a03c843f69a00bc872fc18170,0.9251315618319427,6.118823416311343,6.118823416311343,0.15000000000000036,0.06251027411461113,0.1612992891450682,0.03234622411036995,0.014021730422974166,1.359232921921325,4.9477267507411975,4.9477267507411975,0.07500000000000018,0.20861410431376484,0.2766995485274892,0.15726327283366826,0.0052605628967290485,0.9251315618319427,1.359232921921325,-0.4341013600893824,-0.1461038301991537
b2fecdf10a404d94a049c91f20eaddf3,2.0999999999999996,4.800000000000004,1.1999999999999957,0.0,0.3783810286216925,0.8849531358677893,0.10703689585756089,0.02604975700378498,1.8749999999999998,4.800000000000004,1.1999999999999957,0.0,0.3488619300082329,0.8525304498219021,0.11476801173910571,0.022585916519166194,2.0999999999999996,1.8749999999999998,0.22499999999999987,0.029519098613459582
b32f383e87e246669013e90202455df7,3.9400253157510523,8.399999999999999,8.399999999999999,0.3750000000000009,0.32595019909693557,0.5889338765751114,0.1622799072904258,0.05000166893005398,3.299999999999999,7.199999999999996,6.0,0.0,0.09541710198107811,0.1683011446566489,0.03260363579951512,0.044025707244872425,3.9400253157510523,3.299999999999999,0.6400253157510534,0.23053309711585745
b32fbd9e38c74aaf9ca5e733d359281c,0.0,0.0,0.0,0.0,0.21533959720633333,0.45808477579897033,0.09302707536339871,0.018785190582274236,0.0,0.0,0.0,0.0,0.2118679651214439,0.4321328108013061,0.12786720195166187,0.018871450424194247,0.0,0.0,0.0,0.003471632084889431
b3d9bac351554cc98cdafe751f3d437a,2.0740146826402728,7.299315036357867,1.2000000000000028,0.3750000000000009,0.3184935631470237,0.5424056821939468,0.08133064330535182,0.020241308212280096,3.0486710530176038,7.299315036357867,6.118823416311343,0.45000000000000107,0.5139586385424175,0.8723431110989458,0.22793842164637568,0.02711062431335476,2.0740146826402728,3.0486710530176038,-0.974656370377331,-0.19546507539539382
b3f975c461014d0e841c56a20a180f7f,5.841300402580242,37.40387680441694,37.40387680441694,2.4375,0.3809839624978402,0.6559811686904553,0.15468785904983434,0.005420637130737926,5.841300402580242,37.40387680441694,37.40387680441694,2.4375,0.3809839624978402,0.6559811686904553,0.15468785904983434,0.005420637130737926,5.841300402580242,5.841300402580242,0.0,0.0
b43de5e578944891bf9433166bd974c2,0.8249999999999997,2.3999999999999986,0.0,0.0,0.11677983266734177,0.21700270962274484,0.04530067950587246,0.005241394042968306,1.4249999999999998,3.6000000000000014,1.2000000000000028,0.0,0.18640104437518068,0.3292520955780322,0.022357407482008623,0.002095270156860618,0.8249999999999997,1.4249999999999998,-0.6000000000000001,-0.06962121170783891
b5fd72c8c35c4b7bb656f4e9d5b8fe52,0.0,0.0,0.0,0.0,0.26188706684405433,0.4466912003451723,0.2755262824966542,0.022103261947632014,0.0,0.0,0.0,0.0,0.319710837239535,0.8677417313387643,0.051663797954173266,0.027410316467285867,0.0,0.0,0.0,-0.057823770395480645
b660b9573c9e46b086245e5c23ccf7fe,1.081066017177982,2.3999999999999986,1.697056274847713,0.22500000000000053,0.1553480042659168,0.19357151499418593,0.1017535592364532,0.014179801940918058,1.081066017177982,2.3999999999999986,1.697056274847713,0.22500000000000053,0.16485815375517404,0.20904981727409636,0.1467991253293918,0.013448381423949662,1.081066017177982,1.081066017177982,0.0,-0.009510149489257241
b687fc34af774f64a1d3f91aa486b740,2.4,4.799999999999997,4.799999999999997,0.0,0.39808728856942144,0.7212530957587282,0.12079790994883026,0.005793571472168413,3.5999999999999996,6.0,4.799999999999997,0.0,0.5772646858825153,0.9093075141540198,0.2642642387012704,0.008006715774536044,2.4,3.5999999999999996,-1.1999999999999997,-0.1791773973130939
b7d899dbb6264d7bada8daff326556ce,0.6310660171779822,2.3999999999999986,1.2000000000000028,0.15000000000000036,0.04930215913121056,0.10104217570774338,0.05416460193113446,0.015514469146729049,0.48106601717798225,1.6970562748477156,1.2000000000000028,0.15000000000000036,0.04888465732099215,0.10830845055975885,0.04624768978003949,0.016255044937133256,0.6310660171779822,0.48106601717798225,0.1499999999999999,0.00041750181021841387
b7f4a3b32d654cc2b69c1c260a5f34a0,14.858824039609859,32.42221460665511,32.42221460665511,0.3750000000000009,1.757650925549736,2.5169407825207064,0.9281371398317199,0.024334430694580078,16.587394270139193,31.22306839501845,31.223068395018448,0.5250000000000012,1.973354296499386,3.0551684618152413,0.8468490409559308,0.035507726669311346,14.858824039609859,16.587394270139193,-1.7285702305293338,-0.2157033709496501
b8002d4effb540c0b1bb70addf423f32,13.665152017044097,27.626074639731215,27.626074639731208,0.5250000000000012,1.844241434738041,2.8604437001226493,0.9345877824721166,0.02726240158081028,13.815129356398497,28.824989158714352,28.824989158714352,0.5250000000000012,1.9045343291097727,2.951096456402364,1.0093373894711128,0.03066015243530318,13.665152017044097,13.815129356398497,-0.14997733935440039,-0.0602928943717318
b83e2b71e78244dea5693836ca0a8ccc,0.640298939099307,4.9477267507411975,0.0,0.15000000000000036,0.052897175391356764,0.15678713999035745,0.15678713999035745,0.01309533119201678,0.5652989390993073,4.9477267507411975,0.0,0.15000000000000036,0.06092929727713661,0.1634534331239865,0.1634534331239865,0.01253685951232919,0.640298939099307,0.5652989390993073,0.07499999999999973,-0.008032121885779848
b85ef7111b8c46069e51bc0d905ad8c8,1.4999999999999993,5.9999999999999964,1.1999999999999993,0.0,0.06709400396203068,0.1712599214375966,0.04070193351774655,0.004936695098876065,0.6749999999999996,3.599999999999998,1.1999999999999993,0.0,0.09264349210772349,0.2601295065686038,0.01630057356123711,0.006681489944457386,1.4999999999999993,0.6749999999999996,0.8249999999999997,-0.025549488145692814
b90fba92889749a69ec4235b8edec06f,0.0,0.0,0.0,0.0,0.025784614727596623,0.07761313686437607,0.010209608013753783,0.0023797988891600674,0.0,0.0,0.0,0.0,0.09327289001972668,0.13975183854500878,0.08758426574080107,0.004338455200195934,0.0,0.0,0.0,-0.06748827529213006
b923744651764ed194ddf7526b9b2cf6,1.4339088263572397,10.799999999999997,4.326661530556785,0.3749999999999998,0.0998011249506134,0.21295012727712156,0.06761118682691517,0.07002267837524512,1.2163352898766988,6.118823416311343,4.326661530556785,0.44999999999999996,0.10866834063249603,0.17578125037252776,0.10038151382235581,0.07675666809082049,1.4339088263572397,1.2163352898766988,0.2175735364805409,-0.008867215681882631
b92936f399d5405fb98d6f8a2298a504,2.4000000000000012,9.600000000000001,9.600000000000001,0.0,0.21574165584573035,0.2982792145197665,0.13834601262579127,0.019210052490234553,2.325000000000001,8.400000000000006,8.399999999999999,0.0,0.24999410153320412,0.3458783328041709,0.16236498017095366,0.020686769485473988,2.4000000000000012,2.325000000000001,0.07500000000000018,-0.034252445687473765
b966442a32c24683829cb74c30e6e21d,0.6000000000000003,2.3999999999999986,0.0,0.0,0.07955470461641825,0.1584770681275839,0.014030579011019985,0.005771398544310191,0.75,2.3999999999999986,0.0,0.0,0.10970842929120336,0.19685272864887327,0.04606140194242097,0.004250192642212269,0.6000000000000003,0.75,-0.1499999999999997,-0.03015372467478511
b9db804449d34414ba98868e9034abd3,4.2,9.600000000000001,9.600000000000001,0.0,0.6157855154550581,1.0365411020232544,0.251252696426688,0.013628196716307439,4.2,9.600000000000001,9.600000000000001,0.0,0.651121751263755,1.0174327477498502,0.3313568613638745,0.009307050704955522,4.2,4.2,0.0,-0.035336235808696936
ba6527487d5042b2bd4fb8e503918d29,7.124999999999999,14.399999999999999,3.6000000000000014,0.0,0.23172858439281135,0.4766951331703465,0.04796145772411098,0.027063131332397017,11.249999999999998,21.599999999999998,21.599999999999998,0.0,1.5436594985637258,2.1321491220033804,0.9079903648412623,0.01508789062500071,7.124999999999999,11.249999999999998,-4.124999999999999,-1.3119309141709143
ba94cb79ebc74614bc2442185cb53c26,0.0,0.0,0.0,0.0,0.030704162565109893,0.050202037795834445,0.044504442427868725,0.023050403594971236,0.07500000000000018,1.2000000000000028,0.0,0.0,0.03470988952919515,0.055830941641473494,0.04672730752226589,0.020516395568847656,0.0,0.07500000000000018,-0.07500000000000018,-0.004005726964085254
bb4f4d9a36754178a62d5dfbd55998b9,2.6249999999999996,4.800000000000004,2.3999999999999986,0.0,0.46451424114201556,0.6878654891846356,0.23564882172889773,0.009707450866700107,3.1499999999999995,6.0,6.0,0.0,0.5294063293882014,0.7700160914990871,0.2794943616365661,0.01276903152465847,2.6249999999999996,3.1499999999999995,-0.5249999999999999,-0.06489208824618586
bcdcc52ce4614abea760880e5645eefc,0.9798371326684493,4.799999999999997,0.0,0.3750000000000009,0.07707226845272117,0.1324161620880499,0.11730499393862455,0.014800786972045454,0.6487711154904664,3.5999999999999943,0.0,0.15000000000000036,0.043435185344211175,0.08559804114561353,0.0711325216852005,0.009908151626586648,0.9798371326684493,0.6487711154904664,0.3310660171779829,0.03363708310850999
bdc86a9c8b2742039a4d07b1074e2ae4,0.0,0.0,0.0,0.0,0.07919997812864091,0.14975842349162005,0.09403765278457538,0.008675909042359375,0.0,0.0,0.0,0.0,0.07880939190469156,0.15788178445584444,0.0850801392978841,0.009625196456909624,0.0,0.0,0.0,0.0003905862239493435
bdcb762d6df842358056925b1143e961,0.0,0.0,0.0,0.0,0.07841851875167455,0.23216299478784458,0.0267340499001641,0.011366701126098722,0.0,0.0,0.0,0.0,0.16383795624048364,0.3762749715391531,0.06922413719519802,0.015025520324707387,0.0,0.0,0.0,-0.08541943748880909
bdf525c2d1d841199bf52a46e91e5d5e,0.5560660171779827,1.6970562748477156,0.0,0.3000000000000007,0.15098412454454868,0.31525762262148993,0.022499734552871957,0.027424478530882812,0.5560660171779827,1.6970562748477156,0.0,0.3000000000000007,0.16508754766896255,0.32387484678543527,0.024906929379281243,0.026294231414794922,0.5560660171779827,0.5560660171779827,0.0,-0.014103423124413872
be3fb86ba1a846719241b051d3ec4385,2.5677050983124845,4.800000000000004,4.799999999999997,0.07500000000000018,0.4450391532635982,0.7222229532292038,0.22200025744889149,0.010281801223754439,2.056066017177982,4.799999999999997,4.799999999999997,0.07500000000000018,0.39954697541914697,0.6548312297275047,0.2090405927840902,0.011852359771728604,2.5677050983124845,2.056066017177982,0.5116390811345024,0.045492177844451254
beee295d6f3645208fb6763f8c415323,0.675,1.2000000000000028,1.1999999999999957,0.0,0.12118019763782675,0.17524403558693635,0.14596023701340466,0.016033458709717507,0.15000000000000036,1.2000000000000028,0.0,0.0,0.0337221787335889,0.12367843699504066,0.004107966702528876,0.013705730438232422,0.675,0.15000000000000036,0.5249999999999997,0.08745801890423785
bf5592d0c9e54957a9a3c627013ae32d,3.5193598060652733,9.372299611087982,9.372299611087982,2.3249999999999975,0.15475404986549218,0.2884803896093524,0.09383878503765293,0.04240522384643608,3.2225225327725635,9.372299611087982,9.372299611087982,1.8749999999999978,0.11241238996181958,0.24848826194560902,0.06151310459286338,0.02846889495849725,3.5193598060652733,3.2225225327725635,0.2968372732927098,0.0423416599036726
c086941272e24fefad3e65d65760aed4,1.025253478328248,4.326661530556787,2.6832815729997477,0.5250000000000006,0.08329048435703072,0.13954307914132003,0.1304421929639094,0.05960440635681152,1.0563194955062298,4.326661530556787,1.6970562748477107,0.5250000000000006,0.10611335847338402,0.14425410015947582,0.12726632516247233,0.06558680534362793,1.025253478328248,1.0563194955062298,-0.031066017177981742,-0.022822874116353295
c0a6034c27fe43488476d9a15140e398,2.354875922825112,4.799999999999997,4.799999999999997,0.15000000000000036,0.3699210415465154,0.5411261963800389,0.17421336243861932,0.010203695297240856,1.922581021137597,3.794733192202054,0.0,0.22500000000000053,0.33986063914750664,0.48469782271322936,0.12104441012752643,0.0159667968750008,2.354875922825112,1.922581021137597,0.43229490168751505,0.030060402399008757
c0cd427afacb4c2bb974461eec1dbd79,15.376561822419646,28.824989158714352,28.824989158714352,0.07500000000000018,1.9421456187236605,2.706939937317891,1.2387223447207392,0.024400377273559926,14.484899007793896,28.799999999999997,28.799999999999997,0.3750000000000009,1.7770539046328202,2.597589826134026,1.0988200524156544,0.02566881179809588,15.376561822419646,14.484899007793896,0.8916628146257501,0.16509171409084034
c0efe2319882495b9d13add1d352bee4,6.549061665081167,13.254433220624708,13.254433220624708,0.3750000000000009,0.9343122287080532,1.585272715930089,0.49798210044688246,0.008543586730958008,4.691244589498146,8.400000000000002,4.947726750741191,0.3750000000000009,0.6115292372280903,1.0949086873591696,0.34495790816226585,0.021342658996582387,6.549061665081167,4.691244589498146,1.8578170755830214,0.3227829914799629
c10dfcf73ed84179b8915990fa6464a5,1.8750000000000004,6.0,1.2000000000000028,0.0,0.2516040747870643,0.29968801987666954,0.1758332001839434,0.008469629287719993,1.4999999999999996,4.799999999999997,0.0,0.0,0.20602197719359355,0.25566458345613335,0.14760205803186802,0.0079653739929193,1.8750000000000004,1.4999999999999996,0.3750000000000009,0.04558209759347076
c1ab33c3994041ceae32b0fe1b51e611,0.0,0.0,0.0,0.0,0.08711059110786909,0.1731300333411168,0.0694749233819911,0.005885267257690341,0.0,0.0,0.0,0.0,0.20826600128101624,0.3803608258964705,0.1529805609200768,0.010311985015868608,0.0,0.0,0.0,-0.12115541017314715
c1c270bc79c94005af29078bd0cda1b5,2.641659385440783,7.199999999999996,1.2000000000000028,0.15000000000000036,0.3937138466210835,0.6230079041117065,0.24999374292411064,0.0211622714996329,2.9386336532918254,7.299315036357867,2.3999999999999986,0.15000000000000036,0.49970454412049875,0.8124051761500448,0.2775058562214178,0.022870731353759055,2.641659385440783,2.9386336532918254,-0.2969742678510423,-0.10599069749941525
c292d90b90ec4dbd826dfd11aa361df1,3.5918933418281487,6.118823416311343,3.6000000000000014,0.5250000000000012,0.6408509435590835,1.0655575315811452,0.3770404609257591,0.04860935211181561,5.080463967686712,8.48528137423857,7.200000000000003,0.6000000000000014,0.8381325036699027,1.3618915463556462,0.49495484629269215,0.056874990463256836,3.5918933418281487,5.080463967686712,-1.4885706258585634,-0.1972815601108192
c2e56200cb7d46b6a93fb4ec389f4ba9,0.7500000000000002,2.3999999999999986,0.0,0.0,0.13158596512165088,0.21680962802132514,0.07738463465196715,0.007661533355711736,0.2250000000000001,1.2000000000000028,0.0,0.0,0.042546839724838026,0.10282688191656723,0.028318480327547867,0.007062292098998224,0.7500000000000002,0.2250000000000001,0.5250000000000001,0.08903912539681286
c36eb85918a84a788e236f5c9eef2b05,14.786216279587265,33.621421742692554,33.621421742692554,0.45000000000000107,1.5850562000778647,2.557736623738832,0.9539686138023401,0.035377407073974076,0.75,2.3999999999999986,0.0,0.0,0.7833370332063716,1.345429396729057,0.5039827214461067,0.035380411148071556,14.786216279587265,0.75,14.036216279587265,0.8017191668714931
c3ab884d58ff4822b6debfdbae4ef0a5,2.25,4.799999999999997,4.799999999999997,0.0,0.3235371735577685,0.40282708376316984,0.21166666069208226,0.008547163009644088,2.3999999999999995,7.199999999999996,7.199999999999996,0.0,0.3026073693319121,0.3716125868129753,0.2058947272865752,0.00922551155090412,2.25,2.3999999999999995,-0.14999999999999947,0.020929804225856385
c7686b765fcf4212a0c9f7611a2236f2,1.1342329219213245,4.947726750741191,1.2000000000000028,0.15000000000000036,0.23091181641319375,0.380987185579652,0.380987185579652,0.019979667663575285,0.9000000000000006,3.6000000000000014,0.0,0.0,0.25750900644362773,0.4093783680218149,0.4093783680218149,0.017698860168456676,1.1342329219213245,0.9000000000000006,0.23423292192132394,-0.02659719003043398
c818a482aa4b41128c8b3bd773ae6504,0.0,0.0,0.0,0.0,0.4652718329326264,0.6122446930334227,0.41461953265962836,0.015563392639158735,0.0,0.0,0.0,0.0,0.5665190566869074,0.7165114369051228,0.4564901005993267,0.022461748123167702,0.0,0.0,0.0,-0.10124722375428097
c83fb640e909437d80981a7c4338265d,1.125,3.6000000000000014,0.0,0.0,0.21134286205393255,0.3946741739057543,0.059342489824088726,0.0099420547485356,0.75,2.400000000000002,0.0,0.0,0.15976304274124065,0.3270953179405504,0.014528920646439864,0.00905284881591717,1.125,0.75,0.375,0.0515798193126919
c8b6a861ef0445cd8bef18eb2b7f9e89,0.3750000000000002,2.400000000000002,2.400000000000002,0.0,0.04719882231169644,0.09195576719606234,0.0841671246831571,0.016433858871459872,0.3750000000000002,2.400000000000002,2.400000000000002,0.0,0.04597906882266258,0.09142810956749818,0.0837258071712106,0.020477914810180575,0.3750000000000002,0.3750000000000002,0.0,0.001219753489033859
c93b4d390af34c32b681f52d224dc01f,3.6000000000000005,7.200000000000003,7.200000000000003,0.0,0.5142293944960488,0.7940310075247607,0.255198048967184,0.009282302856444602,5.175000000000001,12.0,12.0,0.0,0.7538767608740504,1.1408088789791784,0.38287804511983264,0.006647586822509766,3.6000000000000005,5.175000000000001,-1.5750000000000002,-0.23964736637800166
cac56fc7411b4bfca61e56d4244faecc,0.0,0.0,0.0,0.0,0.2993018312365039,0.3969357477670651,0.19544668304843774,0.01196594238281179,0.0,0.0,0.0,0.0,0.2697389235994526,0.37996379038625744,0.16418563136924139,0.010891199111937588,0.0,0.0,0.0,0.029562907637051272
cae55f0935cb448d9527042acf104ad0,1.656207189772367,7.299315036357867,6.0,0.07500000000000018,0.1155235579382565,0.21149553181908537,0.03590168687753733,0.014050340652466353,0.9177050983124851,3.6000000000000014,3.6000000000000014,0.3000000000000007,0.08451600623799069,0.18686270127256652,0.01761211223896705,0.03070378303527832,1.656207189772367,0.9177050983124851,0.7385020914598818,0.031007551700265812
cb39369c45bf4fd0be41ab5fb995494b,2.85,7.200000000000003,3.6000000000000014,0.0,0.2958094274201906,0.5251854907197692,0.13817518753129682,0.009892559051512428,3.2342329219213246,7.199999999999996,6.0,0.07500000000000018,0.4053915664359765,0.685664187356334,0.06686631909517658,0.013826894760132102,2.85,3.2342329219213246,-0.3842329219213245,-0.1095821390157859
cb7c92011a4c48a2a201cd2dc9fb7488,0.0,0.0,0.0,0.0,0.10664345596782196,0.23940102538431013,0.03660454392790102,0.008811092376709073,0.0,0.0,0.0,0.0,0.18362819496311258,0.3233348402658988,0.04441672416237821,0.013669395446778587,0.0,0.0,0.0,-0.07698473899529062
cb8f79c86c884d07a82d6cb7fbeaf75c,2.637170824512628,8.399999999999999,4.799999999999997,0.07500000000000018,0.39474784294268145,0.598899007289395,0.18471096361994555,0.008443737030030096,2.625,8.399999999999999,4.799999999999997,0.0,0.38476878820106813,0.5900848482599627,0.17512882780824096,0.009623765945433238,2.637170824512628,2.625,0.012170824512628187,0.009979054741613314
cbde405b33b946bd9e1796cb78c12731,1.35,3.599999999999998,0.0,0.0,0.21676543455648983,0.41978871444083093,0.1597848936280452,0.016607522964477983,0.7499999999999998,2.4000000000000057,1.1999999999999957,0.0,0.17421965490913396,0.35251830732387224,0.2024964335598525,0.02363233566284295,1.35,0.7499999999999998,0.6000000000000003,0.04254577964735587
cc0a7d86675248779f21b34ae891159c,0.0,0.0,0.0,0.0,0.017849623231999213,0.041438916323853756,0.041438916323853756,0.004514122009277255,0.5249999999999999,2.3999999999999986,0.0,0.0,0.0398876340074357,0.09864216542985825,0.010317697664646162,0.004926395416259499,0.0,0.5249999999999999,-0.5249999999999999,-0.02203801077543649
cc175ce81d9448c9b797dd81e1981460,0.8919691670244126,3.394112549695431,0.0,0.4500000000000002,0.12501152827181555,0.2825321109371258,0.05015673249448946,0.03596706390380877,0.8919691670244126,3.394112549695431,0.0,0.4500000000000002,0.11578603167715198,0.2567057344478937,0.05280461798839903,0.035004901885986595,0.8919691670244126,0.8919691670244126,0.0,0.009225496594663568
cc50000970584ba5aaf14760b1ced696,2.8499999999999983,4.799999999999997,4.799999999999997,0.0,0.323166647295308,0.4612503799667341,0.2061045640159273,0.008081960678100408,3.0749999999999984,4.799999999999997,4.799999999999997,0.0,0.357746099956144,0.5169468332078251,0.2583150880563835,0.007623195648192915,2.8499999999999983,3.0749999999999984,-0.2250000000000001,-0.03457945266083601
cd908fdce67249f3a8a14b987f00592e,0.44999999999999973,1.1999999999999993,0.0,0.0,0.18573189798763778,0.27029980814295623,0.06232498341089059,0.00663356781005886,0.9000000000000001,1.2000000000000028,1.2000000000000028,0.0,0.18886293331745507,0.301680167750211,0.05770554776290712,0.010436868667603072,0.44999999999999973,0.9000000000000001,-0.4500000000000004,-0.003131035329817289
cdd29238803446ba84398ca3a4292c19,0.7592329219213244,4.947726750741191,4.947726750741191,0.07500000000000018,0.06392889888871828,0.1466239574055565,0.04478591101286327,0.010016155242919211,0.6842329219213247,4.947726750741191,4.947726750741191,0.07500000000000018,0.06668157068924974,0.13690614664042128,0.08859324895176919,0.010289096832275302,0.7592329219213244,0.6842329219213247,0.07499999999999973,-0.0027526718005314588
ce77d3d2915543dc8b8b2408d407f7b5,2.1000000000000005,6.0,1.2000000000000028,0.0,0.3432259251887014,0.5921510190035072,0.11928635908362634,0.006028461456300427,1.8,4.799999999999997,1.2000000000000028,0.0,0.29322837443746597,0.4594100174414065,0.15197290346246264,0.010107135772705611,2.1000000000000005,1.8,0.3000000000000005,0.04999755075123541
cf86af90b622499b8214df0024a6ea29,0.0,0.0,0.0,0.0,0.10127429318392028,0.31947161976479627,0.010427964957643214,0.012827539443970526,0.0,0.0,0.0,0.0,0.1192319643091857,0.31631448858891603,0.03227389100582786,0.011503458023071733,0.0,0.0,0.0,-0.017957671125265418
cffb959327ac42ad866a5f8829e18187,0.0,0.0,0.0,0.0,0.2649588837867163,0.5293751762619693,0.13281427804724108,0.01817994117736843,0.0,0.0,0.0,0.0,0.3201227488268934,0.582913255863528,0.19884473860441293,0.021917009353638495,0.0,0.0,0.0,-0.05516386504017712
d00b9230860e4f4199bcbf9678438447,0.3749999999999998,2.3999999999999986,0.0,0.0,0.04782876003828304,0.06297055538401546,0.060391868805047925,0.0040287494659425604,0.30000000000000004,2.3999999999999986,1.2000000000000028,0.0,0.04766923636396983,0.07368819423750793,0.05256167464970465,0.0044865131378175604,0.3749999999999998,0.30000000000000004,0.07499999999999973,0.00015952367431321113
d09b065aa1c74e31b0742ec36052f9c9,0.0,0.0,0.0,0.0,0.10630543770041383,0.26649216504375234,0.03341527258868526,0.0110775947570807,0.0,0.0,0.0,0.0,0.20032864020394464,0.43239629321392786,0.10413533647200353,0.019043970108033825,0.0,0.0,0.0,-0.09402320250353081
d0b2eb773b2a4f9c8a25c655d5deffbd,0.6749999999999998,3.599999999999998,0.0,0.0,0.10055996555731897,0.2742873568805289,0.015572276588752251,0.010823822021484464,1.0500000000000003,3.599999999999998,1.2000000000000028,0.0,0.15865832490276738,0.3674379058332252,0.07555915366988024,0.012184810638428356,0.6749999999999998,1.0500000000000003,-0.37500000000000044,-0.05809835934544841
d0dc3c18dfc64c779bc9e4ee6e9e2e3b,0.0,0.0,0.0,0.0,0.000825293207171565,0.0014201467777334828,0.0009605541031376631,0.0002408981323234194,0.0,0.0,0.0,0.0,0.000825293207171565,0.0014201467777334828,0.0009605541031376631,0.0002408981323234194,0.0,0.0,0.0,0.0
d11f2c7391984c91b68ebd8efaef6f30,1.657426463519458,6.1188234163113355,6.1188234163113355,0.07500000000000018,0.28164276613498285,0.46610493810602965,0.08583416020811016,0.011478424072266069,0.44999999999999973,2.3999999999999986,0.0,0.0,0.16613194800420178,0.254845207508882,0.10491748588312165,0.01239495277404723,1.657426463519458,0.44999999999999973,1.2074264635194583,0.11551081813078107
d20b00f4db5f46d081ce884d84f39d3e,0.0,0.0,0.0,0.0,0.19859772686170532,0.42462582451599556,0.09085232680910028,0.01673269271850719,0.0,0.0,0.0,0.0,0.08824474144941818,0.23646339700905153,0.02440934116487997,0.010956001281738903,0.0,0.0,0.0,0.11035298541228714
d22de14af8cc4007994efda8354c939b,0.0,0.0,0.0,0.0,0.15537653461061293,0.3270152876323762,0.09053504981069865,0.013577556610108399,0.0,0.0,0.0,0.0,0.1327046329651711,0.3103669847304961,0.056826585499206314,0.012837553024292792,0.0,0.0,0.0,0.022671901645441833
d41e43b5f85b4c8298180efc246d529e,0.22499999999999987,1.1999999999999993,1.1999999999999993,0.0,0.05750804654453595,0.12360761877850428,0.07908033205273556,0.011284160614014382,0.22499999999999987,1.1999999999999993,1.1999999999999993,0.0,0.0511946994348364,0.11442520790606354,0.07408267738855656,0.011105346679687322,0.22499999999999987,0.22499999999999987,0.0,0.006313347109699552
d43144192b63485894f7ef174cdbecac,3.246403746433953,8.399999999999999,6.0,0.15000000000000036,0.5887241643529613,0.9556074844280324,0.3001124003555102,0.013014650344848278,3.471403746433953,9.600000000000001,6.0,0.15000000000000036,0.6052884477860409,0.9696446112689632,0.3033624948991,0.012644147872925338,3.246403746433953,3.471403746433953,-0.2250000000000001,-0.016564283433079585
d5324133e1d241658a7b763831b3af2e,0.0,0.0,0.0,0.0,0.09414773044211769,0.29742822392458634,0.026662011920358553,0.01137084960937429,0.0,0.0,0.0,0.0,0.09272729578617675,0.2925632714478794,0.014967864991358682,0.010738134384155718,0.0,0.0,0.0,0.0014204346559409387
d5c86824b36b4dbba467399bf3123d90,4.6301723653363505,10.866462165764897,10.866462165764897,0.6000000000000014,0.7400896489597768,1.1541743541690948,0.4669793515119475,0.041996526718139915,5.742970274037421,12.059850745345068,12.059850745345068,0.6000000000000014,0.9215584308803877,1.455103384048325,0.5645922792932597,0.043610429763793146,4.6301723653363505,5.742970274037421,-1.1127979087010704,-0.1814687819206109
d5d6c0c464bc490cb251a7f1d41c6665,0.666476213802951,2.6832815729997477,0.0,0.37500000000000044,0.15322562799804973,0.30460628881518925,0.1165338193350029,0.054763841629027254,0.666476213802951,2.6832815729997477,0.0,0.37500000000000044,0.13435230901743658,0.28383680355437074,0.09582703489312082,0.04845342636108363,0.666476213802951,0.666476213802951,0.0,0.018873318980613146
d617daef46b24ba39fcc80e8f767b082,3.075,6.0,6.0,0.0,0.4960753550535916,0.6491285391107142,0.30075101280198935,0.013294458389282227,3.1500000000000004,6.0,6.0,0.0,0.4949971559511297,0.6567981634337244,0.2977418879096295,0.010768461227416815,3.075,3.1500000000000004,-0.07500000000000018,0.0010781991024619297
d6515448fc1e4af98571ae1663b33efe,5.25,9.600000000000001,8.399999999999999,0.0,0.8260982038410191,1.319749318894065,0.33095933515496584,0.009764099121094105,5.25,9.600000000000001,8.399999999999999,0.0,0.8260982038410191,1.319749318894065,0.33095933515496584,0.009764099121094105,5.25,5.25,0.0,0.0
d66a316ffd914123b6324efc5b30c15b,0.0,0.0,0.0,0.0,1.4353592225047302,2.0387645644049184,0.8724568819359012,0.04597735404968395,0.5999999999999996,4.799999999999997,0.0,0.0,1.7149438733446507,2.3918826576824133,1.1374969586620278,0.05858116149902415,0.0,0.5999999999999996,-0.5999999999999996,-0.27958465083992046
d6e16562bd2a4778b4789b3b66431e74,3.449999999999999,8.399999999999999,8.399999999999999,0.0,0.4894215556241076,0.8621854834246989,0.2188024431201718,0.008483505249023082,2.999999999999999,8.399999999999999,8.399999999999999,0.0,0.5200384386749205,0.8981034261650714,0.27528727471268216,0.008728981018066406,3.449999999999999,2.999999999999999,0.44999999999999973,-0.030616883050812893
d73b8f7d5b574b2ea0f11de439db47d9,0.30000000000000004,1.2000000000000028,0.0,0.0,0.05451752953322559,0.10141213693855908,0.056428720748246834,0.013072299957274769,0.30000000000000004,1.2000000000000028,0.0,0.0,0.05451752953322559,0.10141213693855908,0.056428720748246834,0.013072299957274769,0.30000000000000004,0.30000000000000004,0.0,0.0
d773c946a192406c83ed0980f776d1a8,0.0,0.0,0.0,0.0,0.04121146319732485,0.06873706867799599,0.0626318675040256,0.0029226779937752134,0.0,0.0,0.0,0.0,0.060237758035821654,0.09947538998701522,0.08102075605150943,0.005804443359374911,0.0,0.0,0.0,-0.019026294838496806
d8230413dcd947d8bb19287931a618d7,0.0,0.0,0.0,0.0,0.15666952865881104,0.3425481792453544,0.08063509613824878,0.014262485504149769,0.0,0.0,0.0,0.0,0.13216726972609438,0.31838523029872595,0.05187827473560831,0.012835693359375178,0.0,0.0,0.0,0.024502258932716653
d8a6a5c6a7c444a9aba383526e5e1161,0.375,1.2000000000000028,0.0,0.0,0.041989815516421294,0.08453883842264176,0.026911764798153683,0.00219912528991717,0.30000000000000027,1.2000000000000028,0.0,0.0,0.03832006423164307,0.07892195340927974,0.02563180807627634,0.0022141456604005683,0.375,0.30000000000000027,0.07499999999999973,0.0036697512847782277
d8ff67e7cda741f0ac2d7525dd26d208,0.5249999999999995,3.5999999999999943,3.5999999999999943,0.0,0.09980418099783653,0.14567160238424676,0.1422662670083319,0.01889719963073766,0.6749999999999996,4.799999999999997,4.799999999999997,0.0,0.10822506308634733,0.16027459018954013,0.1562094874779262,0.018900060653686435,0.5249999999999995,0.6749999999999996,-0.15000000000000013,-0.0084208820885108
d91511762a3649fe9977ef72f1b6982f,7.826658802453085,16.800000000000004,16.800000000000004,0.3000000000000007,0.8679686230443884,1.2737248219795239,0.6076827204455396,0.03295798301696795,3.012170824512628,6.0,3.5999999999999943,0.07500000000000018,0.5971049840840581,0.8776191980971935,0.3571453631264173,0.034082221984863104,7.826658802453085,3.012170824512628,4.814487977940457,0.2708636389603303
d95b9559fb6f46d89e065b2be43595bb,1.73242646351946,6.118823416311343,0.0,0.07500000000000018,0.282610004403036,0.4597478509970108,0.4597478509970108,0.012123727798461381,5.714514960492979,10.866462165764897,7.299315036357867,0.22500000000000053,0.7973010205669614,0.9469786856936373,0.7813118931441791,0.019611883163452415,1.73242646351946,5.714514960492979,-3.982088496973519,-0.5146910161639253
d96de08343d248809556faa746c70968,4.65,14.399999999999999,14.399999999999999,0.0,0.7581870294879436,0.9271924646657594,0.6312928013525317,0.03476357460022017,4.949999999999999,14.399999999999999,14.399999999999999,0.0,0.7229524075212362,0.9737639385724416,0.5415165342260388,0.026688194274902433,4.65,4.949999999999999,-0.29999999999999893,0.03523462196670735
d9b482ce80634d5a819aac651c1e31d3,0.825,3.6000000000000014,3.6000000000000014,0.0,0.0669781841157229,0.10942372253615934,0.042583491103164554,0.003378152847289595,0.6000000000000001,3.6000000000000014,3.6000000000000014,0.0,0.05910651192475052,0.09405980430183478,0.039184963433799604,0.00285701751709011,0.825,0.6000000000000001,0.22499999999999987,0.00787167219097238
da3ef456918149c5a22ff069dd97b7d7,0.22499999999999987,1.1999999999999993,1.1999999999999993,0.0,0.03919193396462763,0.08733341232329624,0.01765857644282763,0.004024314880370028,0.22499999999999987,1.1999999999999993,1.1999999999999993,0.0,0.13237835980398688,0.16536782113955406,0.14145897787332756,0.002791357040405007,0.22499999999999987,0.22499999999999987,0.0,-0.09318642583935924
da74550a10a8408299d7e6b1735963ae,0.0,0.0,0.0,0.0,0.09384853013361803,0.29888215225242587,0.016468365409716672,0.012140321731566317,0.0,0.0,0.0,0.0,0.1016970417342341,0.3044987677090403,0.0008656091954595054,0.011616182327269353,0.0,0.0,0.0,-0.007848511600616073
dac52a02f54c4677b0a6b4a28e2c56a1,3.675,7.199999999999996,7.199999999999996,0.0,0.5695769165894291,1.133340748748222,0.09179650887457169,0.013641071319579368,3.375,7.199999999999996,7.199999999999996,0.0,0.5361682515853411,1.0732404758162135,0.07932400117607323,0.012980604171752397,3.675,3.375,0.2999999999999998,0.03340866500408801
dc878ebb5b1e43eb9442d9361854613e,3.299999999999999,6.0,6.0,0.0,0.3538336258223667,0.5129966760206647,0.40730533186233947,0.012177228927611417,3.299999999999999,6.0,6.0,0.0,0.3594019602479231,0.5244409764482096,0.4108037357974949,0.012639713287352805,3.299999999999999,3.299999999999999,0.0,-0.005568334425556376
dce33c96ffdb4802a69f6d7d530a4f09,3.9000000000000004,9.600000000000001,9.600000000000001,0.0,0.5371478542993872,0.9171403209943814,0.20233313545187112,0.017009782791137518,4.575,9.600000000000001,9.600000000000001,0.0,0.6345995194603034,1.1162900833475071,0.1841055477675915,0.016423416137694158,3.9000000000000004,4.575,-0.6749999999999998,-0.09745166516091619
dd0789b8c39340289a053eea9e3b16d7,0.0,0.0,0.0,0.0,0.059565687975010786,0.09824237965961527,0.05987923444175589,0.00781817436218235,0.0,0.0,0.0,0.0,0.058538994939254484,0.0947241217751021,0.060300110772434745,0.00696415901184011,0.0,0.0,0.0,0.0010266930357563028
de52afcc66d9450da5f07b10977e0493,0.0,0.0,0.0,0.0,0.2163736542988372,0.45263622547789484,0.05902625519578203,0.017745351791381925,0.0,0.0,0.0,0.0,0.17383090893787181,0.39231471728614725,0.02410675160092381,0.014755582809447887,0.0,0.0,0.0,0.04254274536096539
ded088a5ef664ca687fd0e8c1e4bda1d,0.6310660171779823,2.3999999999999986,0.0,0.07500000000000018,0.1247037262034908,0.21865609314683473,0.04871948055352641,0.00503168106079066,1.5000000000000002,4.799999999999997,0.0,0.07500000000000018,0.21378463198881476,0.39168671703574154,0.06918640231367026,0.011108493804932618,0.6310660171779823,1.5000000000000002,-0.868933982822018,-0.08908090578532396
ded4f73ce5494ba89d258c0217bc50ca,2.1345374206136554,3.794733192202054,3.794733192202054,0.6750000000000016,0.07485215649142184,0.14843740724416377,0.08979095579352943,0.04771227836608771,2.2845374206136553,3.794733192202054,3.794733192202054,0.6750000000000016,0.06650705601435342,0.1358041568681089,0.08825037762450347,0.04086413383483789,2.1345374206136554,2.2845374206136553,-0.1499999999999999,0.00834510047706842
deeef8bef80344a49ac174c4787ed9a4,1.8750000000000002,4.800000000000004,1.2000000000000028,0.15000000000000036,0.3727808181715576,0.5749043489087199,0.27759112440190586,0.01696128845214906,4.275,8.399999999999999,7.200000000000003,0.0,0.5952795482919736,0.8359427134352564,0.4093417124213869,0.02220225334167525,1.8750000000000002,4.275,-2.4000000000000004,-0.222498730120416
df87d08ce3644995bc7ad5721a725899,1.2488901696652825,9.372299611087987,9.372299611087987,0.6750000000000003,0.2073158972742804,0.3153941765045279,0.1995068909254213,0.0420483112335206,1.299517547040176,10.182337649086286,10.182337649086286,0.6750000000000003,0.22358476134197652,0.3328191922409655,0.20845955027037044,0.04471693038940572,1.2488901696652825,1.299517547040176,-0.050627377374893534,-0.01626886406769612
e08e07dcca544d99b739e512f6b704ed,8.654630381927387,14.449913494550753,12.059850745345072,0.6000000000000014,1.3283735106503978,1.9756200300078515,0.7077827597166302,0.043814992904663175,9.626210937813445,16.84280261714184,16.84280261714184,0.6000000000000014,1.5220405953813523,2.2518310705454985,0.8577928686436153,0.053320169448852095,8.654630381927387,9.626210937813445,-0.9715805558860584,-0.1936670847309545
e13ec49d20974a01942b83317fcbfa46,2.249999999999999,4.800000000000004,3.5999999999999943,0.0,0.29225207075934617,0.4453623505816799,0.16511651766595822,0.004652023315429243,2.249999999999999,4.800000000000004,3.5999999999999943,0.0,0.2977791304106882,0.4518111511248779,0.17189932245366668,0.00400142669677761,2.249999999999999,2.249999999999999,0.0,-0.005527059651342037
e14dc295bf8f4cca8bbea7fa0068b6ef,0.0,0.0,0.0,0.0,0.1316542866075116,0.19930701709119245,0.12692115690224,0.011230230331420898,0.0,0.0,0.0,0.0,0.12991551331333384,0.19241021015230558,0.12472488990330789,0.013428354263305131,0.0,0.0,0.0,0.0017387732941777645
e14e81f029e6490ab1bdba51b6dd7054,3.2250000000000005,7.200000000000003,7.200000000000003,0.0,0.5091819139532253,0.8602856864454697,0.29388892236942743,0.013931035995482954,5.7,9.600000000000001,7.200000000000003,0.0,0.9746021375130517,1.4385635251579092,0.5165969995972517,0.01193060874938956,3.2250000000000005,5.7,-2.4749999999999996,-0.4654202235598264
e19007f8d28a4590b249b6025bd8f4d1,2.1069735182512206,6.788225099390855,0.0,1.2000000000000002,0.3613743402683829,0.6253034007045861,0.18174074032210724,0.06795816421508816,2.462311648050685,15.646085772486355,15.646085772486355,1.4249999999999998,0.167726491130451,0.342472848629492,0.07715267212403243,0.05940227508545082,2.1069735182512206,2.462311648050685,-0.3553381297994642,0.1936478491379319
e26feac8d43d4eed9a11e739b0d4264b,1.1250000000000004,4.799999999999997,1.2000000000000028,0.0,0.19098541722992343,0.3922117678123743,0.016368857787999527,0.003351974487305842,0.44999999999999973,3.5999999999999943,3.5999999999999943,0.0,0.07436678844543193,0.12872003059771803,0.11768910946146677,0.0030816078186020057,1.1250000000000004,0.44999999999999973,0.6750000000000007,0.1166186287844915
e2c7c91b4ea2462090d866539ff6b9e5,1.074341649025257,3.7947331922020573,3.7947331922020573,0.15000000000000036,0.22902399586441097,0.6263554569953402,0.014372672202366125,0.011096048355102806,2.1288302099534127,6.118823416311343,6.118823416311343,0.3000000000000007,0.4085968319232857,0.8307870587033819,0.07157785485514044,0.014456605911254972,1.074341649025257,2.1288302099534127,-1.0544885609281556,-0.17957283605887475
e30706e0581348c2b5b76deed01672ec,0.0,0.0,0.0,0.0,0.1680883721395473,0.34156618934770505,0.1039814110390998,0.014351463317870294,0.0,0.0,0.0,0.0,0.14380961709598938,0.31009966550187557,0.08151419504543651,0.013582134246825639,0.0,0.0,0.0,0.02427875504355792
e35b8b29c8b742ecbff086c39c87875a,2.1927050983124836,7.199999999999996,7.199999999999996,0.07500000000000018,0.2441209705884326,0.49407302418835625,0.06259134262343095,0.02164378166198766,1.8927050983124842,6.0,6.0,0.07500000000000018,0.2448596351487135,0.4590286514683311,0.13419454910165204,0.016610097885131125,2.1927050983124836,1.8927050983124842,0.2999999999999994,-0.000738664560280905
e380df67fa3d49c7add4657b69605cdc,3.2814411461597315,7.299315036357867,3.7947331922020573,0.45000000000000107,0.4956785158479714,0.9395295633292362,0.2424678060979273,0.03055715560912997,3.2814411461597315,7.299315036357867,3.7947331922020573,0.45000000000000107,0.4924246449887298,0.9355922534179338,0.23863765893986605,0.03009452819824121,3.2814411461597315,3.2814411461597315,0.0,0.0032538708592416143
e4437a15cc6a4c82b8cb1e21c439baa5,1.6414762138029506,4.800000000000004,4.800000000000004,0.22500000000000053,0.2470345348530642,0.375606243498034,0.17249269040100404,0.02033314704894984,2.4296717349151677,8.48528137423857,0.0,0.22500000000000053,0.26426968693236225,0.4640266591784222,0.07222883483718005,0.010809373855591442,1.6414762138029506,2.4296717349151677,-0.7881955211122171,-0.017235152079298044
e4908d7239ad42cbafe3281cbb86b1b0,3.7593386622447826,9.67470929795826,9.67470929795826,0.15000000000000036,0.5026302287883597,0.7785465810306579,0.29014505797599177,0.005268573760984996,3.3000000000000003,8.399999999999999,8.399999999999999,0.0,0.46330126724025916,0.7372837799013918,0.23919621371888525,0.0049771785736068,3.7593386622447826,3.3000000000000003,0.45933866224478237,0.03932896154810056
e4b197f5dff84cfd882d0d0dd29403eb,6.15,15.599999999999998,15.599999999999998,0.0,0.4251507759659289,0.7844827297446273,0.25152182066993234,0.006098270416259766,1.7249999999999999,15.599999999999998,15.599999999999998,0.0,0.378153545160652,0.6985784433670156,0.2209342233446638,0.0041409015655529124,6.15,1.7249999999999999,4.425000000000001,0.046997230805276846
e4df3ac5874d49b7a3553035cd735902,0.8999999999999995,1.1999999999999993,1.1999999999999993,0.0,0.13719045241179312,0.22495898557701363,0.139658140692778,0.013075876235963069,0.22499999999999987,1.1999999999999993,0.0,0.0,0.11401022245492567,0.31816335122808853,0.06641841542082212,0.0140899658203133,0.8999999999999995,0.22499999999999987,0.6749999999999996,0.023180229956867443
e568b88df00a4c19960ff2b83ca5630d,2.5499999999999994,7.199999999999996,6.0,0.0,0.3527688999583073,0.4301123435829086,0.2508565047628888,0.01288762092590412,2.4749999999999996,7.199999999999996,6.0,0.0,0.32698262540799927,0.4078971879232208,0.21344420122673988,0.014381074905395419,2.5499999999999994,2.4749999999999996,0.07499999999999973,0.02578627455030802
e5bb15af564245e99b4def0019b2b045,5.699999999999999,19.2,19.2,0.0,0.22090343095484521,0.5423024371869899,0.03199716231945004,0.03392858505248908,7.799999999999999,19.2,19.2,0.0,0.20014787536607104,0.32625182859344337,0.1800175653238443,0.012990903854369407,5.699999999999999,7.799999999999999,-2.0999999999999996,0.020755555588774177
e5ef83bd8b8e4ba986e7d8a43591994f,5.1923439117060575,16.842802617141835,16.842802617141835,0.3000000000000007,0.7212217984749276,0.879939816399463,0.6711610834828657,0.01799669265747017,4.593070824423737,13.254433220624716,13.254433220624716,0.3000000000000007,0.6721732331663592,0.8082558056564336,0.635956464425538,0.01984362602233869,5.1923439117060575,4.593070824423737,0.5992730872823202,0.04904856530856838
e617edf72860495abd928aaf57dfa5fa,2.0249999999999986,3.599999999999998,3.599999999999998,0.0,0.11750843188113655,0.24290583816633535,0.21182308463494273,0.012484216690062944,2.0249999999999986,3.599999999999998,3.599999999999998,0.0,0.14443555142148096,0.2660659119121392,0.2561879659773589,0.011541080474851917,2.0249999999999986,2.0249999999999986,0.0,-0.026927119540344407
e6bf9e3dc50149ba8cdce44e52f82fb9,0.0,0.0,0.0,0.0,0.18114285967255445,0.2759936568199771,0.18043228226445218,0.015210628509522373,0.5999999999999996,2.3999999999999986,0.0,0.0,0.492692609166575,0.5985675376279223,0.3636492768037757,0.02127728462219247,0.0,0.5999999999999996,-0.5999999999999996,-0.31154974949402053
e6c7e16f831d4807befccae91f7df830,1.0499999999999994,3.6000000000000014,2.3999999999999986,0.0,0.15246617527153408,0.17997988357082656,0.09984901590631651,0.004520845413207741,1.1249999999999991,3.6000000000000014,2.3999999999999986,0.0,0.1487542231223835,0.1783096017410405,0.09633168976602471,0.0038469314575197977,1.0499999999999994,1.1249999999999991,-0.07499999999999973,0.0037119521491505714
e7438081ad0545299e8c703a8dd33ffa,2.8499999999999996,6.0,3.6000000000000014,0.0,0.2904620637029094,0.3798763366905107,0.3347204582522254,0.015530061721801047,2.4000000000000004,4.800000000000001,3.6000000000000014,0.0,0.22672433896765978,0.31135575051222836,0.282963682935677,0.012602233886717773,2.8499999999999996,2.4000000000000004,0.4499999999999993,0.0637377247352496
e8038e0f57c445f0a91111dd2c9052a3,3.1499999999999995,7.199999999999996,7.199999999999996,0.0,0.5194575412905569,0.8752634107581224,0.2243813811501567,0.007961511611939365,0.9750000000000001,3.599999999999998,1.2000000000000028,0.0,0.19006283250201172,0.3570283750963108,0.10744907125915733,0.022582340240479226,3.1499999999999995,0.9750000000000001,2.1749999999999994,0.32939470878854515
e84aea79175942398074b3f7f93f7fea,1.3861193323492433,4.947726750741191,1.1999999999999957,0.45000000000000107,0.19902872082863882,0.43642255548645315,0.07507022102603576,0.04343490600585964,1.7366898658840344,4.947726750741191,1.1999999999999957,0.45000000000000107,0.24152645758944252,0.4485623461285199,0.08270885234433911,0.03913750648498571,1.3861193323492433,1.7366898658840344,-0.35057053353479106,-0.042497736760803706
e93e98b63d3b40209056d129dc53ceee,0.4371320343559648,1.697056274847718,0.0,0.22500000000000053,0.06263575007858829,0.154116810919709,0.08216791604287654,0.0372267723083497,0.5121320343559643,1.697056274847718,0.0,0.2250000000000001,0.07905293735965041,0.17130409229697996,0.10226909616442753,0.0428924560546875,0.4371320343559648,0.5121320343559643,-0.07499999999999951,-0.016417187281062118
eaad6827a3c44cdab111ea7d912c9947,2.8499999999999996,6.0,6.0,0.0,0.6537907325154863,0.888912241307802,0.509447538679112,0.02355165481567445,2.1749999999999994,4.799999999999997,4.799999999999997,0.0,0.4365274610164728,0.6261890623565102,0.40881022461696853,0.021746635437012163,2.8499999999999996,2.1749999999999994,0.6750000000000003,0.21726327149901348
eac9992171c446dabf9d738c23a96cde,1.235410196624969,2.683281572999754,1.1999999999999957,0.15000000000000036,0.215133037543485,0.31745483545182057,0.16065279848955963,0.00899047851562429,0.375,2.3999999999999986,0.0,0.0,0.1371203929652693,0.204498222739879,0.11295844968456395,0.0043034076690675604,1.235410196624969,0.375,0.8604101966249691,0.07801264457821572
eaf2f8cfe79e4558900f140452f299a1,13.208416989021966,36.0,2.3999999999999986,0.3750000000000009,1.0298817315865247,1.5543946623944436,0.46046549537266324,0.006312131881714755,12.98203763627344,36.0,1.2000000000000028,0.3000000000000007,0.8924964695511266,1.4389990103644255,0.3352294087383824,0.007599592208862305,13.208416989021966,12.98203763627344,0.22637935274852694,0.13738526203539814
eb4b6de953e247bcafe77dffd79bc8ed,0.0,0.0,0.0,0.0,0.21667420882582258,0.3360909733959341,0.17297904687382884,0.005590009689330433,0.0,0.0,0.0,0.0,0.22818696590818965,0.36065426187961047,0.17683180743586616,0.005791854858398615,0.0,0.0,0.0,-0.01151275708236707
ec82914025214e10b88b887d91adf6e7,4.275,8.399999999999999,6.0,0.0,0.5986027668805227,0.9873855373985673,0.3604454385780899,0.018113136291503018,4.125,8.399999999999999,6.0,0.0,0.5550061788880682,0.9030659786864976,0.34042340233223295,0.017357683181762784,4.275,4.125,0.15000000000000036,0.04359658799245447
ecaea9ca526a43a984e46bff7ea85204,2.6249999999999996,6.0,4.799999999999997,0.0,0.3011342112219908,0.5022209622668093,0.1590662122469564,0.04173245429992578,1.9500000000000002,7.200000000000003,4.799999999999997,0.0,0.11197103905885927,0.1970619321228942,0.0887672539692705,0.030928802490232776,2.6249999999999996,1.9500000000000002,0.6749999999999994,0.18916317216313153
ecc288c7de6746348af26a0b368a945d,2.6564580191206892,7.589466384404112,1.2000000000000028,0.5999999999999996,0.5350675977807221,0.94416363729393,0.3289210613074704,0.08990907669067427,2.6564580191206892,7.589466384404112,1.2000000000000028,0.5999999999999996,0.5407442625765084,0.9711747050251757,0.31849483201596596,0.08647041320800808,2.6564580191206892,2.6564580191206892,0.0,-0.005676664795786324
f00e0c9a763b4b11b88becf115af6387,2.3999999999999986,3.599999999999998,3.599999999999998,0.0,0.40802849061534324,0.5676119378026664,0.31107093608608,0.005050849914550071,2.3999999999999986,3.599999999999998,3.599999999999998,0.0,0.11498235358646852,0.251064196832269,0.09769527734302319,0.00855875015258789,2.3999999999999986,2.3999999999999986,0.0,0.2930461370288747
f216d7a4ff5345dbbbb8b27dce4f0953,3.3228665752131494,11.999999999999993,11.999999999999993,0.22500000000000053,0.2964123374004055,0.4643437159567201,0.06744984977216226,0.024311685562133256,1.296403746433953,4.947726750741191,2.3999999999999986,0.15000000000000036,0.14420496501867947,0.21646273032929986,0.07819753713003744,0.015917730331420632,3.3228665752131494,1.296403746433953,2.0264628287791964,0.15220737238172605
f286cdaef36648cba3b6a24d2178dc8a,0.0,0.0,0.0,0.0,0.09057074165287882,0.1442614967346714,0.1442614967346714,0.004875183105467862,0.0,0.0,0.0,0.0,0.054493249470986396,0.12117057514110006,0.12117057514110006,0.0034329414367668676,0.0,0.0,0.0,0.03607749218189242
f41862469f33424eb660258e9392c4f4,3.4499999999999997,8.399999999999999,6.0,0.0,0.5253987449338481,0.8457207347119676,0.26489118070827117,0.015079307556152166,1.1871320343559644,2.400000000000002,0.0,0.15000000000000036,0.2971237799517097,0.6155678883934218,0.020618524542396745,0.008763599395751775,3.4499999999999997,1.1871320343559644,2.2628679656440354,0.2282749649821384
f5193e87e04547808e974d88fed8159e,15.827880360780394,32.39999999999999,32.39999999999999,0.07500000000000018,1.3208540571710299,1.8331346576861478,0.711425494601101,0.011952352523803,15.827880360780394,32.39999999999999,32.39999999999999,0.07500000000000018,1.3685892629247385,1.896000703213802,0.7771830260845952,0.011253118515014204,15.827880360780394,15.827880360780394,0.0,-0.0477352057537086
f56a544064a548a39a81f18cc8f633c5,0.0,0.0,0.0,0.0,0.08985336119499515,0.1733119416681851,0.1733119416681851,0.004056358337401811,0.0,0.0,0.0,0.0,0.09179727312397026,0.1963143629877904,0.15296252353068734,0.003674697875976296,0.0,0.0,0.0,-0.0019439119289751117
f59eb1486a3141e3b5cc615dcfa83e52,0.5999999999999999,2.3999999999999986,2.3999999999999986,0.0,0.1925585094742786,0.3143416481455181,0.17065676619314918,0.015692281723022727,0.6749999999999998,2.3999999999999986,2.3999999999999986,0.0,0.17489471284365615,0.3094766391613395,0.159117324942088,0.012250471115111239,0.5999999999999999,0.6749999999999998,-0.07499999999999996,0.017663796630622453
f5a38abe0b404babb18bca1f0adf60b6,0.8682368416906103,3.7947331922020573,0.0,0.15000000000000036,0.1774996569490574,0.26991900848117856,0.15312895708336777,0.019097471237182084,2.189772149956507,6.118823416311343,1.697056274847718,0.45000000000000107,0.40369754288162535,0.6649069750633384,0.27739126078053594,0.042204093933105646,0.8682368416906103,2.189772149956507,-1.3215353082658965,-0.22619788593256795
f6a82d4677144b92bcce7d8a013889a8,0.375,2.3999999999999986,1.2000000000000028,0.0,0.04475012827551782,0.11041199235608098,0.013174917425766246,0.0030445575714113104,0.44999999999999996,1.2000000000000028,0.0,0.0,0.170938661270974,0.3397390739370378,0.11929977703405518,0.0055695533752442294,0.375,0.44999999999999996,-0.07499999999999996,-0.12618853299545618
f6dc7d8ea5bd4b84938579f60488bee5,1.2749999999999995,3.6000000000000014,1.1999999999999957,0.0,0.22026379497749443,0.3613701480201348,0.10178588294511252,0.007299613952636008,1.3499999999999994,3.6000000000000014,1.1999999999999957,0.0,0.22840653896253899,0.37584861905030453,0.10516067053648727,0.00722651481628489,1.2749999999999995,1.3499999999999994,-0.07499999999999996,-0.008142743985044554
f73dfd9690d74d3a9af2667bf3dd9481,0.0,0.0,0.0,0.0,0.2013820450976996,0.31393142629603754,0.15482950433598514,0.0049153804779042964,0.0,0.0,0.0,0.0,0.20445857346836105,0.3252484720910158,0.15106125254006658,0.005229234695434126,0.0,0.0,0.0,-0.003076528370661441
f7a001c474d844618d4c6fb15dc16b8c,0.1499999999999999,1.1999999999999993,0.0,0.0,0.1397942367031135,0.20383969085928116,0.1549129536598157,0.009060573577881037,0.1499999999999999,1.1999999999999993,0.0,0.0,0.1397942367031135,0.20383969085928116,0.1549129536598157,0.009060573577881037,0.1499999999999999,0.1499999999999999,0.0,0.0
f91ec82037fb47ccbac160cb5de453bf,2.775,8.399999999999999,8.399999999999999,0.0,0.39602757251710435,0.6540422236995969,0.19670599437853023,0.0083138465881345,2.625,8.399999999999999,8.399999999999999,0.0,0.3825184797641801,0.6277777877565733,0.2016210919810894,0.008520269393920366,2.775,2.625,0.1499999999999999,0.013509092752924279
f9438d42bb944364b5a75d6c5d0bc758,1.5074264635194592,6.118823416311343,1.2000000000000028,0.07500000000000018,0.300974907570576,0.45628835223489306,0.22072599233599588,0.00593247413635245,1.4324264635194595,6.118823416311343,1.2000000000000028,0.07500000000000018,0.3573871159031317,0.5320665791765854,0.25357829044606994,0.004905223846434659,1.5074264635194592,1.4324264635194595,0.07499999999999973,-0.056412208332555724
f9475d1f1f96401c81ce511a93578a96,3.7499999999999996,8.399999999999999,8.399999999999999,0.0,0.6357675286964548,0.8374527390211266,0.49261075720272307,0.01991543769836479,3.5250000000000004,8.399999999999999,8.399999999999999,0.0,0.596482422792915,0.7878746233293586,0.45721290153513056,0.020395231246947976,3.7499999999999996,3.5250000000000004,0.2249999999999992,0.03928510590353984
f965ad5d2ee94318b2dd1ac927a37856,0.0,0.0,0.0,0.0,0.08147805026279913,0.22010437390148163,0.020210579235721872,0.010980176925658558,0.0,0.0,0.0,0.0,0.16413742607168935,0.33753975613735443,0.1037965873709326,0.016409540176392845,0.0,0.0,0.0,-0.08265937580889023
f9e3162f45db4bf5bc7f9360a831d2e4,1.049999999999999,3.5999999999999943,3.5999999999999943,0.0,0.1419204806986783,0.1913676471246265,0.11023347853742653,0.005122804641723544,1.049999999999999,3.5999999999999943,3.5999999999999943,0.0,0.1495344584202196,0.21971243669880292,0.09276187826285398,0.007433366775512873,1.049999999999999,1.049999999999999,0.0,-0.007613977721541293
fa88c561566341479ad9bfcd557b096b,1.6751315618319427,6.118823416311343,2.6832815729997477,0.15000000000000036,0.20984405379911453,0.2855189492385607,0.1515244567470608,0.015247821807861328,1.7921783091696843,6.118823416311343,2.6832815729997477,0.3750000000000009,0.19948839583247752,0.2842807881046451,0.14261144603265372,0.018601083755493075,1.6751315618319427,1.7921783091696843,-0.11704674733774167,0.01035565796663701
facb1d12888a40438207e3505d107cc4,1.05,2.400000000000002,2.3999999999999986,0.0,0.29172578030178636,0.5633340985315125,0.15709089913950586,0.007268857955932351,0.2250000000000003,1.2000000000000028,0.0,0.0,0.22955360543927533,0.41234931655697266,0.1268311161668911,0.00931448936462509,1.05,0.2250000000000003,0.8249999999999997,0.06217217486251103
fb879538cc574e5094ccc39fa2953ef5,8.350463783842947,15.646085772486359,14.449913494550756,0.5250000000000012,1.1063933428490058,1.5399895731323952,0.6262166620132534,0.017161130905150035,8.270133697953037,15.646085772486359,14.449913494550756,0.45000000000000107,1.0906617678232893,1.5261371404732127,0.6177226590025072,0.013706159591674538,8.350463783842947,8.270133697953037,0.08033008588991031,0.015731575025716538
fb90e4c770134c2ebbfb7312f08e059e,1.1121320343559649,4.799999999999997,1.1999999999999957,0.3750000000000009,0.08991923871006005,0.12436430405464248,0.08702309394425065,0.04285397529601953,1.1121320343559649,4.799999999999997,1.1999999999999957,0.3750000000000009,0.08991923871006005,0.12436430405464248,0.08702309394425065,0.04285397529601953,1.1121320343559649,1.1121320343559649,0.0,0.0
fbbad6309f1543f78634e49c50dfb779,0.0,0.0,0.0,0.0,0.13523375341596097,0.3077329098897154,0.06616011620524895,0.012880182266236329,0.0,0.0,0.0,0.0,0.1269111652061025,0.2823980470473436,0.06424625381180292,0.011289310455323776,0.0,0.0,0.0,0.008322588209858484
fbc2727b0f35414f88d956bc63345af0,0.0,0.0,0.0,0.0,0.15611885925462587,0.41015404780469483,0.0063546786069926435,0.016604948043822176,0.0,0.0,0.0,0.0,0.14430470691877237,0.38997741774710837,0.010397410301544781,0.01702766418456969,0.0,0.0,0.0,0.011814152335853506
fcd37961086342abaf431243971cbc9b,0.07500000000000018,1.2000000000000028,0.0,0.0,0.13191973802985835,0.2354471718468923,0.2354471718468923,0.01099219322204581,0.07499999999999996,1.1999999999999993,0.0,0.0,0.1846815021423536,0.3538963555079246,0.33956601030921496,0.00847034454345641,0.07500000000000018,0.07499999999999996,2.220446049250313e-16,-0.05276176411249525
fd12f683aa444ceea85633f5f72b7d3d,4.018597405674592,12.0,12.0,0.3000000000000007,0.6385864454429466,0.9507556681871564,0.46110872140764647,0.02783131599426225,5.977238447317803,13.254433220624716,13.199999999999996,0.5250000000000012,0.8491389454395752,1.238542868012493,0.6064714117973277,0.03649921417236257,4.018597405674592,5.977238447317803,-1.9586410416432107,-0.21055249999662862
fd27366f4f1c4df3ae73e27f8d469db1,0.9749999999999999,4.799999999999997,4.799999999999997,0.0,0.15113507426313988,0.24941583807847567,0.06852225750083893,0.01697659492492587,0.9749999999999999,4.799999999999997,1.1999999999999957,0.0,0.04962091879637694,0.12579688563109925,0.02083203761224088,0.014600372314454102,0.9749999999999999,0.9749999999999999,0.0,0.10151415546676294
fd534bf0c87d4d4cb891f0fc6f41a6a9,0.0,0.0,0.0,0.0,0.1239916044399983,0.18354817367677553,0.09674398159229806,0.0033463954925530004,0.0,0.0,0.0,0.0,0.09445908532693523,0.13033007059383667,0.12389420485817969,0.0051991939544677734,0.0,0.0,0.0,0.029532519113063066
fd612e8660e74196af7da7e6487e5d53,3.6000000000000005,7.200000000000003,7.200000000000003,0.0,0.6023554698655094,1.1481306274470575,0.1458371731268721,0.028186798095703125,3.6000000000000005,7.200000000000003,7.200000000000003,0.0,0.6132631086553366,1.1545961817314816,0.1531261748171084,0.02817077636718812,3.6000000000000005,3.6000000000000005,0.0,-0.010907638789827256
fd7fed4b72f645ad886c561410662e33,0.0,0.0,0.0,0.0,0.09780606077465137,0.1645043749771117,0.07354432306297562,0.0038240432739260477,0.0,0.0,0.0,0.0,0.16818667327615283,0.25480561476748687,0.1312432933481787,0.004226303100585138,0.0,0.0,0.0,-0.07038061250150146
fd8420396768425eabec9bdddf7e64b6,0.0,0.0,0.0,0.0,0.19812841403917275,0.47132305714066375,0.02962958466214288,0.004901218414306907,0.0,0.0,0.0,0.0,0.18913833897047674,0.4290614980852312,0.024031955056580782,0.00560503005981472,0.0,0.0,0.0,0.008990075068696007
fd9610de75464b4f9a7a32837634a2c9,1.9500000000000008,4.800000000000004,4.800000000000004,0.0,0.2797755740519487,0.5320485606599152,0.08840204140583914,0.012537145614624379,2.1750000000000007,4.800000000000004,4.800000000000004,0.0,0.3662330226211411,0.6177685904908218,0.24936799967905382,0.0063862323760988104,1.9500000000000008,2.1750000000000007,-0.22499999999999987,-0.08645744856919241
fd96de719c3a4ca3869bf96166095368,0.8249999999999997,2.400000000000002,0.0,0.0,0.18113376579749083,0.3340728474200865,0.21085394750549438,0.008111000061035156,0.8249999999999997,2.400000000000002,0.0,0.0,0.18057079422229258,0.3358322779444444,0.21232257293392595,0.00863771438598615,0.8249999999999997,0.8249999999999997,0.0,0.0005629715751982456
fe944294f6a44b87a4da95136f86bb79,3.4248045954469593,7.299315036357867,6.118823416311343,0.3750000000000009,0.5601142831451463,1.0039644652079551,0.29695009513590237,0.026791906356812056,3.415571673525635,7.299315036357867,6.118823416311343,0.3000000000000007,0.5627970353702012,1.0614350413924822,0.2352964214336275,0.02311520576477033,3.4248045954469593,3.415571673525635,0.009232921921324078,-0.002682752225054874
ff98be19bcf9436cad14f28ff63cb501,0.0,0.0,0.0,0.0,0.3080202291415526,0.39705128577023296,0.2294709751491446,0.014400386810303978,0.07499999999999996,1.1999999999999993,0.0,0.0,0.378002522723608,0.48970524052781256,0.23755058343793986,0.01302237510681259,0.0,0.07499999999999996,-0.07499999999999996,-0.06998229358205543
ffb68ec5043b45f499086fd8c24dc2b6,0.2999999999999998,2.3999999999999986,1.1999999999999957,0.0,0.05457478020886359,0.10536066010049744,0.10536066010049744,0.008829259872436435,0.825,3.6000000000000014,2.3999999999999986,0.0,0.08477081447838324,0.13304877498545944,0.11006662426265638,0.013496303558349076,0.2999999999999998,0.825,-0.5250000000000001,-0.030196034269519646
