sample_token,JC_mean_m_cheap,JC_max_m_cheap,JC_final_m_cheap,JC_lat_mean_m_cheap,JC_soft_mean_m_cheap,JC_soft_max_m_cheap,JC_soft_final_m_cheap,JC_soft_lat_mean_m_cheap,JC_mean_m_full,JC_max_m_full,JC_final_m_full,JC_lat_mean_m_full,JC_soft_mean_m_full,JC_soft_max_m_full,JC_soft_final_m_full,JC_soft_lat_mean_m_full,JC_cheap,JC_full,dJC,dJC_soft
001899e5cdf548fba1e27741e0d172a5,0.15000000000000013,1.2000000000000028,0.0,0.0,0.1718888282746373,0.25425906853425234,0.15839383420718212,0.014948558807373669,0.15000000000000013,1.2000000000000028,0.0,0.0,0.1591413492089658,0.235180033462707,0.14633724626694095,0.015457391738891157,0.15000000000000013,0.15000000000000013,0.0,0.012747479065671502
00972ce25a2142b2867ccf11fb8bffeb,1.1249999999999998,3.6000000000000014,1.1999999999999993,0.0,0.22958956635774025,0.4587000725673685,0.1629961696445652,0.013948631286620827,0.9749999999999994,2.3999999999999986,1.1999999999999993,0.0,0.2344805512920371,0.4541631472938876,0.17925788353745256,0.013195896148680664,1.1249999999999998,0.9749999999999994,0.15000000000000036,-0.004890984934296849
020154f4d8cd4e8582c4a02f10d70d7a,1.8124143795447332,7.299315036357866,7.299315036357866,0.14999999999999947,0.1984318314833874,0.2687230693035712,0.13814680240712227,0.01087975502014027,1.8124143795447332,7.299315036357866,7.299315036357866,0.14999999999999947,0.1984318314833874,0.2687230693035712,0.13814680240712227,0.01087975502014027,1.8124143795447332,1.8124143795447332,0.0,0.0
027520592f994e3887e4f8b4ba4fc099,0.7500000000000002,3.6000000000000014,3.6000000000000014,0.0,0.07529172979541623,0.10781831345841544,0.038992000022384614,0.003947782516480203,0.44999999999999996,2.3999999999999986,1.2000000000000028,0.0,0.02141672532634361,0.03846850054321082,0.009985458471381584,0.0025005340576176316,0.7500000000000002,0.44999999999999996,0.30000000000000027,0.053875004469072625
029a6b83ae1a42cbbf775fd77415745f,0.0,0.0,0.0,0.0,0.0710725520026218,0.09894571604780077,0.06236678927277229,0.014685487747192472,0.0,0.0,0.0,0.0,0.0710725520026218,0.09894571604780077,0.06236678927277229,0.014685487747192472,0.0,0.0,0.0,0.0
02b68afcd7504587a003bffe899e4986,0.1499999999999999,1.2000000000000028,0.0,0.0,0.012727956704959404,0.02522963730033938,0.014877695401647009,0.0015370845794664412,0.07500000000000018,1.2000000000000028,0.0,0.0,0.015216919094181066,0.03452318897517122,0.0018281341149023144,0.001163291931151278,0.1499999999999999,0.07500000000000018,0.07499999999999973,-0.0024889623892216627
02c072c88359462ba2d87a8a673be1ad,2.5499999999999994,4.800000000000001,2.3999999999999986,0.0,0.42434915444413,0.6780385882043465,0.24615296966862776,0.00973834991455158,2.3999999999999995,4.800000000000001,2.3999999999999986,0.0,0.42273879609096204,0.6702418527218407,0.24039930346093552,0.008748006820679777,2.5499999999999994,2.3999999999999995,0.1499999999999999,0.0016103583531679733
038e74a5fb5f467cb0ff08036b938dae,0.44999999999999973,2.3999999999999986,0.0,0.0,0.10001041102964567,0.18522759983288917,0.11960039382892976,0.006898355484008967,0.44999999999999973,2.3999999999999986,0.0,0.0,0.1222866490112161,0.20150750852616572,0.11517251428329629,0.00719118118286266,0.44999999999999973,0.44999999999999973,0.0,-0.022276237981570426
03b1880912dc4590b00679eb1d363841,2.625,6.0,4.800000000000001,0.0,0.46534962882392766,0.8232382918287742,0.3134117695519035,0.014113712310790394,3.075,6.0,4.800000000000001,0.0,0.5321589457493761,0.9426894571376846,0.36850848116526,0.015730619430541548,2.625,3.075,-0.4500000000000002,-0.06680931692544839
03f54952344b4fd29253e26557b6d56f,0.0,0.0,0.0,0.0,0.0,0.0,0.0,0.0,0.0,0.0,0.0,0.0,0.0,0.0,0.0,0.0,0.0,0.0,0.0,0.0
053ccfde42e04975969c107a59b4c305,0.8312071897723663,7.29931503635786,7.29931503635786,0.07500000000000018,0.04108521396031376,0.08932915205244199,0.023070710606355408,0.006282663345337447,0.8312071897723663,7.29931503635786,7.29931503635786,0.07500000000000018,0.03804084139766886,0.07020457836683763,0.02417938231507339,0.0028800487518321205,0.8312071897723663,0.8312071897723663,0.0,0.0030443725626448995
05a38d819af84ccd8a76291422820369,2.775,6.0,1.2000000000000028,0.0,0.47580031301684445,0.6944329550873213,0.20638345042009604,0.008106422424316584,2.6999999999999997,6.0,1.2000000000000028,0.0,0.4005014948292583,0.6027566165133421,0.13699178385180358,0.0062364578247073865,2.775,2.6999999999999997,0.07500000000000018,0.07529881818758616
05fee16065df4a869ed5e1ace1ff0fd5,6.774822587684818,15.646085772486352,6.0,0.45000000000000107,0.9284179912347645,1.6002145212113397,0.2661266229340746,0.03285870552062953,6.774822587684818,15.646085772486352,6.0,0.45000000000000107,0.9284179912347645,1.6002145212113397,0.2661266229340746,0.03285870552062953,6.774822587684818,6.774822587684818,0.0,0.0
063e9501cfd046d5a4902dad5b17f8f5,0.6177050983124844,2.6832815729997477,0.0,0.07500000000000018,0.10629971734176848,0.21307032731856326,0.03571610317281936,0.0064001083374019,0.9993416490252571,3.7947331922020573,0.0,0.15000000000000036,0.13647566219313423,0.24638924799739456,0.04086881991229937,0.004819107055662908,0.6177050983124844,0.9993416490252571,-0.3816365507127727,-0.030175944851365752
0659d7e9140d4c8790ef46003e30f514,0.9749999999999999,9.600000000000001,9.600000000000001,0.0,0.043788142298216565,0.0699079038238473,0.03143156452476224,0.008690786361693625,0.9749999999999999,9.600000000000001,9.600000000000001,0.0,0.043788142298216565,0.0699079038238473,0.03143156452476224,0.008690786361693625,0.9749999999999999,0.9749999999999999,0.0,0.0
07030fd431244721b416f1ad898ffeb3,0.5249999999999997,3.6000000000000014,3.6000000000000014,0.0,0.03705446642501093,0.05235005250594205,0.03071060873418209,0.008140897750854581,0.5249999999999997,3.6000000000000014,3.6000000000000014,0.0,0.031266153653482995,0.04715100236476517,0.02246688070916656,0.00825648307800364,0.5249999999999997,0.5249999999999997,0.0,0.005788312771527936
076fcc0d55aa452f949f4d92e074d50d,4.2749999999999995,20.399999999999995,2.3999999999999986,0.0,0.6483183899465633,1.0454761514641235,0.39231194769862987,0.012307405471801758,4.35,20.399999999999995,2.3999999999999986,0.0,0.6574220775596531,1.0562776587434324,0.39766897085710157,0.012431716918944957,4.2749999999999995,4.35,-0.07500000000000018,-0.009103687613089773
07a6e4ffcd6f4d4caad66fb043435c4f,0.5249999999999999,2.3999999999999986,0.0,0.0,0.08432831477112429,0.14937513708664474,0.03931586888780499,0.0014019012451180757,0.5249999999999999,2.3999999999999986,0.0,0.0,0.08432831477112429,0.14937513708664474,0.03931586888780499,0.0014019012451180757,0.5249999999999999,0.5249999999999999,0.0,0.0
07ac4f2a277e4d68823954e788e4be8c,5.099999999999999,7.199999999999999,7.199999999999999,0.0,0.6751027297145256,1.3772635088770744,0.3175269405414871,0.02057204246521005,5.099999999999999,7.199999999999999,7.199999999999999,0.0,0.6567078325988368,1.3700340939141809,0.31198930425624194,0.021390867233276545,5.099999999999999,5.099999999999999,0.0,0.018394897115688758
07eba9ddc28840d489afd0c222b0f056,12.235008750496467,27.626074639731215,27.626074639731215,0.3750000000000009,1.0356451974438463,1.6079836232525946,0.44040775145324645,0.027544784545897816,12.160008750496466,27.626074639731215,27.626074639731215,0.3750000000000009,0.9567292348686636,1.463023059621462,0.42015467223627256,0.026803064346314187,12.235008750496467,12.160008750496466,0.07500000000000107,0.07891596257518274
08078980e5564ecd80cdab0d0c71f2ac,0.7499999999999998,4.799999999999997,4.799999999999997,0.0,0.10712749783525043,0.1917193982781108,0.03783433474523337,0.0037320613861089313,0.7499999999999996,4.799999999999997,4.799999999999997,0.0,0.12102386980251183,0.21234504459166992,0.050210505256945544,0.005009365081787287,0.7499999999999998,0.7499999999999996,2.220446049250313e-16,-0.0138963719672614
08642b2f02cf46adab1598b0ef664549,1.1364736833812215,3.7947331922020573,2.3999999999999986,0.3750000000000009,0.23529197641790386,0.321002488182125,0.1637135236263415,0.037204027175903764,1.1054076662032393,3.7947331922020573,2.3999999999999986,0.3750000000000009,0.20507053517866192,0.3028499806462533,0.09488123715371073,0.03506155014038148,1.1364736833812215,1.1054076662032393,0.031066017177982186,0.030221441239241947
087066c62df340bba2e4a12936375a4e,0.5999999999999994,2.3999999999999986,2.3999999999999986,0.0,0.07703846912983979,0.12672667883519656,0.012158372889333484,0.005897426605224965,0.6749999999999996,3.6000000000000014,3.6000000000000014,0.0,0.07421971396277058,0.12953504277612832,0.030386376675430905,0.0040715217590330255,0.5999999999999994,0.6749999999999996,-0.07500000000000018,0.002818755167069212
08d37299402f4598b2ff735a48743cd3,0.45620718977236624,7.29931503635786,0.0,0.07500000000000018,0.026274819998965603,0.05329536644359553,0.016565320780854653,0.0009468555450440341,0.45620718977236624,7.29931503635786,0.0,0.07500000000000018,0.02204555461777153,0.04825474661504025,0.006979742111143907,0.0014363765716556287,0.45620718977236624,0.45620718977236624,0.0,0.004229265381194072
08d9dfe15f544635b3cc72c742cd85ad,9.98938781329187,20.43526363911168,20.43526363911168,0.3750000000000009,1.3246188859229664,1.838384645361889,0.8595086043174761,0.02981400489807129,9.91438781329187,20.43526363911168,20.43526363911168,0.3750000000000009,1.3363255239987164,1.8457788881365693,0.8725656469622556,0.030525255203246004,9.98938781329187,9.91438781329187,0.07499999999999929,-0.011706638075750009
09b70515d2e9431ab772ee60b3029d0a,0.9812071897723658,7.29931503635786,2.3999999999999986,0.07500000000000018,0.015552821757966455,0.04463306865777424,0.0032262995564586107,0.002592515945434748,0.5999999999999999,2.3999999999999986,2.3999999999999986,0.0,0.017893863648885518,0.03134583705788528,0.02953502633722494,0.0019436359405515802,0.9812071897723658,0.5999999999999999,0.3812071897723659,-0.002341041890919063
09f3a3ce512a442db7dd47f9ed39e64f,0.4743416490252569,3.794733192202055,3.794733192202055,0.14999999999999947,0.08613421536184243,0.1269552403351709,0.06743539127136544,0.030524826049804776,1.185854122563142,3.794733192202055,3.794733192202055,0.3749999999999991,0.10863707658487698,0.14506928175745384,0.09544792725899173,0.04617404937744274,0.4743416490252569,1.185854122563142,-0.7115124735378852,-0.022502861223034548
0b1755bf21ba4417b5a5c63cf620d36e,0.5249999999999999,2.3999999999999986,0.0,0.0,0.04835343648548839,0.07064179869809893,0.03173157060728023,0.005759811401366388,0.5249999999999999,2.3999999999999986,0.0,0.0,0.04835343648548839,0.07064179869809893,0.03173157060728023,0.005759811401366388,0.5249999999999999,0.5249999999999999,0.0,0.0
0b3a5293539a4cd5933ef42edc7200d2,4.165066929210509,10.866462165764897,6.0,0.45000000000000107,0.5014467486665753,0.7578657239116017,0.349283539109224,0.03337340354919416,4.240066929210508,10.866462165764897,7.200000000000003,0.45000000000000107,0.4986401358924528,0.7582997505840533,0.33065727279936935,0.03096141815185538,4.165066929210509,4.240066929210508,-0.07499999999999929,0.00280661277412253
0b505a6c6c9c4e09ae50716f9581ed29,0.7499999999999996,2.3999999999999986,2.3999999999999986,0.0,0.49671423941938264,0.7571248057729932,0.42763722915274865,0.036486339569091975,0.5999999999999996,2.3999999999999986,2.3999999999999986,0.0,0.41334248812488705,0.6235699719426654,0.36471817636508286,0.03391599655151456,0.7499999999999996,0.5999999999999996,0.1499999999999999,0.08337175129449559
0bc8de2e16054030862df31f52fd1f00,3.080172391949332,18.039955654047485,0.0,0.15000000000000036,1.358287164914668,1.6861562348990236,1.0742496314042327,0.06752228736877441,0.44999999999999973,3.599999999999998,0.0,0.0,1.2233717948324696,1.496571368063772,1.0222809949863882,0.06759080886840785,3.080172391949332,0.44999999999999973,2.630172391949332,0.13491537008219834
0bc8f639dc95404ebd8195e45f72adf9,0.0,0.0,0.0,0.0,0.0,0.0,0.0,0.0,0.0,0.0,0.0,0.0,0.0,0.0,0.0,0.0,0.0,0.0,0.0,0.0
0c45e7984f2f453fa8650c20bf9a3fa6,2.25,4.800000000000004,4.799999999999997,0.0,0.302633056835601,0.43623667351336715,0.131229670234818,0.00573906898498544,2.775,6.0,6.0,0.0,0.3974347181297828,0.5737472263410064,0.1759080955037936,0.006823968887329279,2.25,2.775,-0.5249999999999999,-0.09480166129418183
0ca68b053a8b4a2c8d3e0393262ee49d,1.2074264635194591,6.118823416311341,6.118823416311341,0.07499999999999973,0.11448546077409405,0.19638206582767634,0.029642296411164337,0.014877176284789684,1.2074264635194591,6.118823416311341,6.118823416311341,0.07499999999999973,0.11448546077409405,0.19638206582767634,0.029642296411164337,0.014877176284789684,1.2074264635194591,1.2074264635194591,0.0,0.0
0cd37221c4724bfc8e1c369278c49d03,0.0,0.0,0.0,0.0,0.0,0.0,0.0,0.0,0.0,0.0,0.0,0.0,0.0,0.0,0.0,0.0,0.0,0.0,0.0,0.0
0d4ff8b9b8da4d75b84e61a6392743ed,0.07499999999999996,1.1999999999999993,0.0,0.0,0.008392178242339548,0.017374471876168425,0.005765016872619302,0.0009891986846910505,0.07499999999999996,1.1999999999999993,0.0,0.0,0.008392178242339548,0.017374471876168425,0.005765016872619302,0.0009891986846910505,0.07499999999999996,0.07499999999999996,0.0,0.0
0da044f464b44e5d8c782a13903d6e50,2.639563007811235,8.485281374238577,4.9477267507411975,0.15000000000000036,0.46294138418241193,1.0122880587419212,0.14501529761477935,0.026306819915771662,3.014563007811236,8.485281374238577,4.9477267507411975,0.15000000000000036,0.553313003965714,1.1459869641473968,0.20083431207087526,0.029592990875243697,2.639563007811235,3.014563007811236,-0.3750000000000009,-0.0903716197833021
0df15d68b83a49e9aa4a7474a823c61f,0.5249999999999999,2.3999999999999986,1.1999999999999993,0.0,0.15776642529424278,0.27598052227959435,0.139313561154051,0.005856227874756925,0.5999999999999999,2.400000000000002,1.1999999999999993,0.0,0.16503731215965614,0.27539928010518633,0.15193311349901148,0.00606064796447825,0.5249999999999999,0.5999999999999999,-0.07499999999999996,-0.007270886865413356
0e4aea0d177c480a9ae050a01368ebde,2.5157956586291768,7.589466384404109,0.0,0.8999999999999986,0.17457228279452536,0.29644680036588333,0.15806159417395474,0.010981893539428356,1.9719882834037756,7.589466384404109,0.0,0.7499999999999987,0.18119227680272304,0.3015919044069485,0.15930285487948231,0.008033180236816762,2.5157956586291768,1.9719882834037756,0.5438073752254011,-0.006619994008197683
0e8c8fdb2076484dbeae81024c49cc08,0.5249999999999997,1.1999999999999993,1.1999999999999993,0.0,0.11692512558959266,0.221833419383582,0.03992686313669469,0.009740209579466974,0.5249999999999997,1.1999999999999993,1.1999999999999993,0.0,0.12122777581816357,0.22185096720224923,0.04022462849623742,0.00975151062011781,0.5249999999999997,0.5249999999999997,0.0,-0.004302650228570917
0f34a8e8f3a04b4f9928d12fd57a5f2d,0.375,3.5999999999999943,3.5999999999999943,0.0,0.02636284157059989,0.04705073814758361,0.025596426734259946,0.00752406120300142,0.5999999999999999,3.5999999999999943,3.5999999999999943,0.0,0.07136190256258482,0.09844178957831619,0.08394106218307461,0.0057934284210201525,0.375,0.5999999999999999,-0.22499999999999987,-0.044999060991984925
0f39f34febc84a6689f08599105d1421,0.6664762138029506,2.6832815729997477,0.0,0.22499999999999964,0.10152419414047638,0.1930768028607204,0.06645695077932917,0.03541975021362287,0.5914762138029505,2.6832815729997477,0.0,0.22499999999999964,0.10068556692583819,0.1915708879455049,0.06274611918970324,0.03622655868530211,0.6664762138029506,0.5914762138029505,0.07500000000000018,0.0008386272146381907
0f8910c8005d43029efa7de74e59ab44,0.33541019662496846,2.683281572999751,0.0,0.1499999999999999,0.06824673222044418,0.11925469078066887,0.08139308543050698,0.03217420578002894,0.33541019662496846,2.683281572999751,0.0,0.1499999999999999,0.06824673222044418,0.11925469078066887,0.08139308543050698,0.03217420578002894,0.33541019662496846,0.33541019662496846,0.0,0.0
0f96fbf018914f72874dd2ee2c91e8fb,0.549341649025257,3.7947331922020573,3.794733192202055,0.1499999999999999,0.06692297844969611,0.11681458456956463,0.06379264272899254,0.020776462554932706,0.549341649025257,3.7947331922020573,3.794733192202055,0.1499999999999999,0.06692297844969611,0.11681458456956463,0.06379264272899254,0.020776462554932706,0.549341649025257,0.549341649025257,0.0,0.0
0fac00de343d4c5d85109bb7b4dd4bae,1.0562071897723664,7.29931503635786,7.29931503635786,0.07500000000000018,0.1069580792312975,0.14024684845219063,0.083172824876411,0.003306341171263938,1.0562071897723664,7.29931503635786,7.29931503635786,0.07500000000000018,0.11726354267082076,0.15075495138998102,0.0934529885102225,0.004551601409912287,1.0562071897723664,1.0562071897723664,0.0,-0.010305463439523252
0fbd36207be943fa874684ffb22bf256,1.66978682661148,4.3266615305567875,4.3266615305567875,0.9750000000000001,0.38498151334998726,0.5386036398933368,0.18447131663942148,0.06128482818603631,1.66978682661148,4.3266615305567875,4.3266615305567875,0.9750000000000001,0.38119583995031464,0.5337686525748958,0.1789710225955553,0.06305665969848606,1.66978682661148,1.66978682661148,0.0,0.0037856733996726177
104e1393ff1d4d7d8d56603527a77080,3.3,8.399999999999999,2.3999999999999986,0.0,0.5969717883639408,0.9191208805014186,0.3487297730290731,0.004893636703490856,3.3,8.399999999999999,2.3999999999999986,0.0,0.5969717883639408,0.9191208805014186,0.3487297730290731,0.004893636703490856,3.3,3.3,0.0,0.0
10ec5f51c91d43d98b7bfc1f3c65183f,0.22499999999999987,1.2000000000000028,0.0,0.0,0.043456829747512304,0.09405671413631546,0.004817779972481593,0.0027158260345467866,0.375,1.2000000000000028,0.0,0.0,0.056769017504019775,0.09480284727235833,0.02821015935969107,0.003994703292847124,0.22499999999999987,0.375,-0.15000000000000013,-0.013312187756507471
11c869e882034b69b67b121c9deabd9e,0.7499999999999996,3.6000000000000014,3.6000000000000014,0.0,0.08343064511297019,0.12320262129096549,0.06712223998039976,0.0065006732940680045,0.7499999999999996,3.6000000000000014,3.6000000000000014,0.0,0.08764520403088313,0.12990695907504152,0.0688373845635538,0.006510543823243786,0.7499999999999996,0.7499999999999996,0.0,-0.004214558917912947
124b2bf95a634996811d0043c9fb7b89,0.7648529270389177,12.237646832622683,0.0,0.1499999999999999,0.05591926061070317,0.10398533365646641,0.05370342696304896,0.01844658851623615,0.0,0.0,0.0,0.0,0.04040847224943023,0.08198545740277412,0.039927507817765946,0.014373779296875444,0.7648529270389177,0.0,0.7648529270389177,0.01551078836127294
1259716cd6dd4e9c8506624cbb91b9f6,0.2250000000000001,1.2000000000000028,0.0,0.0,0.12469050897550532,0.22433027178206535,0.051039716224520595,0.011968803405760564,2.0250000000000004,3.6000000000000014,2.400000000000002,0.0,0.5489976320632822,0.9132803419735848,0.3034211435142672,0.016558599472045188,0.2250000000000001,2.0250000000000004,-1.8000000000000003,-0.4243071230877769
125a63c9e5b14ebfb5839143c88e3a44,4.5041538853603065,10.866462165764897,10.866462165764897,0.07500000000000018,0.6554620158143888,1.057863353356284,0.4537673950714846,0.009114933013916193,4.579153885360306,10.866462165764897,10.866462165764897,0.07500000000000018,0.6780907251211999,1.0869193428578352,0.4729378679104,0.010175371170043412,4.5041538853603065,4.579153885360306,-0.07499999999999929,-0.022628709306811157
12bff9ace37e47bea1dd609ca4b9a672,5.3999999999999995,10.799999999999997,9.599999999999994,0.0,0.5798636905740675,0.8213976946066105,0.3727503269036259,0.00720362663269114,5.624999999999999,10.799999999999997,9.599999999999994,0.0,0.5885553290170079,0.8415310119957822,0.3759428556066852,0.0072944641113283915,5.3999999999999995,5.624999999999999,-0.22499999999999964,-0.008691638442940408
1315ebfd98fd43f4894a95eea2a41761,0.0,0.0,0.0,0.0,0.0,0.0,0.0,0.0,0.0,0.0,0.0,0.0,0.0,0.0,0.0,0.0,0.0,0.0,0.0,0.0
139bce92199440ea8929d1a1bd10dbda,0.5250000000000004,3.6000000000000014,0.0,0.0,0.047022130517270624,0.07917060805640283,0.013280714248622195,0.0012489795684822447,0.5250000000000004,3.6000000000000014,0.0,0.0,0.047022130517270624,0.07917060805640283,0.013280714248622195,0.0012489795684822447,0.5250000000000004,0.5250000000000004,0.0,0.0
13a40491dcbf420c9fd9b9ff3e44595d,2.952698765763973,7.199999999999996,7.199999999999996,0.22500000000000053,0.2839277817374337,0.4294115315733767,0.13937076086096994,0.009821891784667525,2.661170942155133,7.199999999999996,7.199999999999996,0.22500000000000053,0.2567265971465662,0.38962833378447953,0.13326800286585572,0.012570762634275923,2.952698765763973,2.661170942155133,0.2915278236088401,0.02720118459086751
13b659ff8b004f8b9285cefeb975af49,2.280548838797624,7.299315036357867,4.799999999999997,0.22500000000000053,0.2580564745884034,0.30161613093871814,0.2504354801597818,0.013614463806152166,2.1183780142849953,7.299315036357867,4.799999999999997,0.15000000000000036,0.25443627096445576,0.29602961054698507,0.2496239887181517,0.01311063766479359,2.280548838797624,2.1183780142849953,0.16217082451262854,0.00362020362394766
13d8ba3229ab42afa91ca78380266b25,0.07499999999999996,1.1999999999999993,0.0,0.0,0.005810045197607779,0.010745854727123328,0.0025731296668479397,0.0011178016662598544,0.07499999999999996,1.1999999999999993,0.0,0.0,0.005810045197607779,0.010745854727123328,0.0025731296668479397,0.0011178016662598544,0.07499999999999996,0.07499999999999996,0.0,0.0
13da317bc2a547f89ee12cdf67c6ce4c,0.15000000000000013,1.2000000000000028,0.0,0.0,0.024154318557293174,0.08973539753579983,0.01096530070272214,0.009589719772339134,0.15000000000000013,1.2000000000000028,0.0,0.0,0.024154318557293174,0.08973539753579983,0.01096530070272214,0.009589719772339134,0.15000000000000013,0.15000000000000013,0.0,0.0
148323f4736143f691d6927540f328ba,2.999999999999999,11.999999999999996,0.0,0.0,1.1932491482713758,1.5784733631879397,0.9664529667339291,0.0539504528045649,3.449999999999999,11.999999999999996,0.0,0.0,1.2600716494363327,1.6724821700496468,0.9848257133461733,0.054372310638426846,2.999999999999999,3.449999999999999,-0.44999999999999973,-0.0668225011649568
14c42b6999fc44b68f0322c882cb8b31,0.6053300858899104,3.3941125496954263,0.0,0.375,0.16716251183237368,0.2711829706838683,0.09526034207099295,0.05778665542602601,0.6053300858899104,3.3941125496954263,0.0,0.375,0.16716251183237368,0.2711829706838683,0.09526034207099295,0.05778665542602601,0.6053300858899104,0.6053300858899104,0.0,0.0
14f665de1fa34d0a9d12838a5b77d687,0.22499999999999987,2.3999999999999986,0.0,0.0,0.013091991797684617,0.022256555521780286,0.0035320850330294046,0.0007794857025138491,0.22499999999999987,2.3999999999999986,0.0,0.0,0.013091991797684617,0.022256555521780286,0.0035320850330294046,0.0007794857025138491,0.22499999999999987,0.22499999999999987,0.0,0.0
1573c3aca0f54db0bd9b84450f879b68,2.639563007811234,8.48528137423857,8.48528137423857,0.15000000000000036,0.31085963084856394,0.4872907183868831,0.15999216206272993,0.011966371536255682,2.1166593854407827,6.118823416311343,6.118823416311343,0.15000000000000036,0.2923272464825726,0.4503234814531799,0.17436868229852187,0.012753009796142578,2.639563007811234,2.1166593854407827,0.5229036223704515,0.01853238436599136
15c59626df6b4f96bb7ef7c5c1797159,1.0499999999999998,3.6000000000000014,2.3999999999999986,0.0,0.1729127151018487,0.32974679170397647,0.02875020418932058,0.009178876876831055,0.5249999999999997,3.6000000000000014,3.6000000000000014,0.0,0.03513154495564335,0.09092626555566105,0.09092626555566105,0.008687782287597479,1.0499999999999998,0.5249999999999997,0.5250000000000001,0.13778117014620533
164353442084444991643f97a148df91,0.0,0.0,0.0,0.0,0.09758344192497898,0.14705079904320173,0.11417035873262267,0.005919599533080522,0.0,0.0,0.0,0.0,0.10608906321662069,0.15748620413292239,0.11573398570844745,0.007132101058958895,0.0,0.0,0.0,-0.008505621291641716
16b9470fc196483ea76a2a02b0144c05,6.6000000000000005,14.399999999999999,14.399999999999999,0.0,1.143920735373419,1.6215506104653188,0.604196066237467,0.017561817169189364,7.199999999999999,14.399999999999999,14.399999999999999,0.0,1.1766221836642072,1.7167658822375422,0.579170295434724,0.017746925354003906,6.6000000000000005,7.199999999999999,-0.5999999999999988,-0.03270144829078814
17a9d3f4cf624ab38bee0b73ccb77e2e,0.18106601717798218,1.6970562748477156,0.0,0.07500000000000018,0.0352592465841758,0.07434349021204213,0.03461308167356571,0.01866445541381756,0.18106601717798218,1.6970562748477156,0.0,0.07500000000000018,0.0352592465841758,0.07434349021204213,0.03461308167356571,0.01866445541381756,0.18106601717798218,0.18106601717798218,0.0,0.0
17d6152bed1f4d97928dedad04c0d7b8,0.6989122880848511,7.299315036357866,1.2000000000000028,0.1499999999999999,0.09659768955886178,0.18764823220676144,0.09234665467775885,0.024541425704955877,0.6989122880848511,7.299315036357866,1.2000000000000028,0.1499999999999999,0.09659768955886178,0.18764823220676144,0.09234665467775885,0.024541425704955877,0.6989122880848511,0.6989122880848511,0.0,0.0
17dd14b176364a539463dbe99d96918a,0.3749999999999998,1.2000000000000028,0.0,0.0,0.14834197524046183,0.28663269923290824,0.06514919097614597,0.007188034057616921,0.3749999999999998,1.2000000000000028,0.0,0.0,0.14834197524046183,0.28663269923290824,0.06514919097614597,0.007188034057616921,0.3749999999999998,0.3749999999999998,0.0,0.0
17f302aa135e441bae78b53af27fbc0b,3.375,7.200000000000003,6.0,0.0,0.6393206911860648,1.0753059962264984,0.5199619695411055,0.016571903228759677,3.5250000000000004,7.200000000000003,6.0,0.0,0.6696976786965184,1.1253042085904834,0.5434903345802968,0.017066431045531072,3.375,3.5250000000000004,-0.15000000000000036,-0.03037698751045359
18c337ec8b5340f5bcc01530bfcea2d5,2.0250000000000004,3.6000000000000014,3.6000000000000014,0.0,0.19001788189277607,0.3126094544141621,0.3026351700061834,0.017773962020873224,1.8000000000000003,2.400000000000002,2.400000000000002,0.0,0.1496855245336849,0.27412963169706417,0.26494476764942565,0.017820739746093217,2.0250000000000004,1.8000000000000003,0.2250000000000001,0.04033235735909119
194a2ed1ada14516bddf15a1e7cb407c,1.5749999999999997,3.6000000000000014,3.6000000000000014,0.0,0.19919340544566963,0.3325619398787964,0.14221347419963692,0.01577382087707413,0.8250000000000002,3.6000000000000014,1.2000000000000028,0.0,0.04882288696843419,0.10212260015473001,0.02473629733717004,0.01893110275268528,1.5749999999999997,0.8250000000000002,0.7499999999999996,0.15037051847723543
1abc4343ba1543eaa63223c81ae8531e,1.6500000000000001,3.599999999999998,2.3999999999999986,0.0,0.42554454894704524,0.6578346000231812,0.34660117956215014,0.012160634994508257,1.8750000000000002,3.6000000000000014,2.3999999999999986,0.0,0.5531070104237532,0.7635966517430228,0.4419671342973206,0.013948774337769532,1.6500000000000001,1.8750000000000002,-0.2250000000000001,-0.12756246147670797
1ba83cad37be40a98e3d6a04ef36e1aa,0.9750000000000005,4.800000000000004,2.4000000000000057,0.0,0.13400528521197858,0.22481717210483146,0.19127436164753325,0.013382577896118075,0.8250000000000006,3.6000000000000014,1.2000000000000028,0.0,0.14039942039674003,0.3486886721727172,0.267199383647065,0.011031961441041016,0.9750000000000005,0.8250000000000006,0.1499999999999999,-0.006394135184761451
1bce8b98bc384b38aa81257803a88eb6,2.1,4.799999999999997,4.799999999999997,0.0,0.28424574570759376,0.376199104674964,0.311666972646006,0.007621192932128373,2.0250000000000004,4.799999999999997,4.799999999999997,0.0,0.2657848464940964,0.3461445705211806,0.29797547075817316,0.006648588180542259,2.1,2.0250000000000004,0.07499999999999973,0.01846089921349736
1c75075b05f3428b9475cdb9302833e6,2.925,6.0,4.799999999999997,0.0,0.31855934702477073,0.5038345125818914,0.16951951523157083,0.005503177642823598,2.925,6.0,4.799999999999997,0.0,0.31855934702477073,0.5038345125818914,0.16951951523157083,0.005503177642823598,2.925,2.925,0.0,0.0
1dda3d57404f4057af294145ba7332f6,0.15000000000000013,1.2000000000000028,0.0,0.0,0.013994927582782368,0.01882194090586495,0.0057702944770675274,0.0016161918640142936,0.15000000000000013,1.2000000000000028,0.0,0.0,0.013994927582782368,0.01882194090586495,0.0057702944770675274,0.0016161918640142936,0.15000000000000013,0.15000000000000013,0.0,0.0
1de8245a7c92454a81b13883ae1a5eca,0.7109031498464307,2.6832815729997526,1.6970562748477107,0.375,0.09460636084841076,0.16550118497060182,0.03069324809105062,0.04980096817016744,0.7109031498464307,2.6832815729997526,1.6970562748477107,0.375,0.09460636084841076,0.16550118497060182,0.03069324809105062,0.04980096817016744,0.7109031498464307,0.7109031498464307,0.0,0.0
1ec3cc62101d4a12afed1218ed07515a,0.45742646351945854,6.118823416311341,6.118823416311341,0.07499999999999973,0.012959049755302618,0.03740761177597679,0.012565815408042275,0.005239677429198952,0.375,1.2000000000000028,0.0,0.0,0.029046984833002318,0.047854108170995724,0.018285002437942365,0.004147624969482511,0.45742646351945854,0.375,0.08242646351945854,-0.0160879350776997
1f849b9356d54294b0ad4a9045fe244c,0.22499999999999964,2.3999999999999986,0.0,0.0,0.014592677276079963,0.03394878356569643,0.00888389123878089,0.00592160224914684,0.3749999999999998,2.3999999999999986,0.0,0.0,0.05244573370548725,0.08747554635854417,0.01780420943304805,0.003931903839111239,0.22499999999999964,0.3749999999999998,-0.15000000000000013,-0.03785305642940729
1fbc55886e8a4919a7de916b2194f850,2.0999999999999996,4.800000000000004,4.800000000000004,0.0,0.35204258637862607,0.6405577635848821,0.12570797510344872,0.009614181518554865,1.9499999999999993,4.800000000000004,4.800000000000004,0.0,0.2848917968603748,0.5070298256972546,0.12199364899369561,0.011982965469359286,2.0999999999999996,1.9499999999999993,0.15000000000000036,0.06715078951825126
204501d4011845d98914a30fea25dffe,0.0,0.0,0.0,0.0,0.004909103314719448,0.011763009593277633,0.011763009593277633,0.003351116180419389,0.0,0.0,0.0,0.0,0.004909103314719448,0.011763009593277633,0.011763009593277633,0.003351116180419389,0.0,0.0,0.0,0.0
2073ebd27d7844d2a0379ec496b0e9fd,0.5371708245126284,3.7947331922020573,1.2000000000000028,0.07500000000000018,0.00992228897631001,0.020870761741989746,0.020870761741989746,0.0047527313232431645,0.5371708245126284,3.7947331922020573,1.2000000000000028,0.07500000000000018,0.00992228897631001,0.020870761741989746,0.020870761741989746,0.0047527313232431645,0.5371708245126284,0.5371708245126284,0.0,0.0
20c8eae6cfaf4ccc9642a7a1cd9cd9e1,0.6749999999999996,1.2000000000000028,0.0,0.0,0.12706114588425904,0.26084402140743757,0.015162170070599766,0.005200052261352006,0.4499999999999995,1.2000000000000028,0.0,0.0,0.07571896560660857,0.16882359053685603,0.008145909364316516,0.002554035186767667,0.6749999999999996,0.4499999999999995,0.2250000000000001,0.05134218027765047
20f83156211f49fe984de945bad0450f,0.6000000000000005,2.400000000000002,1.2000000000000028,0.0,0.07557495514173605,0.24919214180069085,0.028160280678178353,0.013796281814574929,1.8000000000000003,6.0,6.0,0.0,0.17798803163065796,0.26483579963315057,0.14740189660541744,0.005906009674071733,0.6000000000000005,1.8000000000000003,-1.1999999999999997,-0.10241307648892191
213ee1a50ed245eaab655babec4f15d3,4.963492547605088,10.8664621657649,6.0,0.2249999999999992,0.4294446441090074,0.6941256568263869,0.2099931730389404,0.009080314636230824,3.234338662244782,9.674709297958257,6.0,0.22499999999999964,0.2896627628394726,0.43911717052705274,0.15260678105723874,0.007305335998534446,4.963492547605088,3.234338662244782,1.7291538853603061,0.13978188126953478
23407e5a4e854b06bda7c43a2c6aab45,0.0,0.0,0.0,0.0,0.061260182338478325,0.16025043911818265,0.022320234626529795,0.007184743881225142,0.0,0.0,0.0,0.0,0.12488487967663871,0.2899058021845348,0.13318448999106433,0.007780694961548207,0.0,0.0,0.0,-0.06362469733816038
23937bb1598e4f7a8954d4e070524f7b,0.22499999999999987,2.3999999999999986,0.0,0.0,0.13038404562048878,0.22317103661000237,0.10456046054325477,0.011780405044554687,0.22499999999999987,2.3999999999999986,0.0,0.0,0.11467324750990818,0.2057824752200577,0.09718931055998384,0.01068935394286985,0.22499999999999987,0.22499999999999987,0.0,0.0157107981105806
23cd0004606a4127acc8505a8de5c282,0.22499999999999964,3.5999999999999943,3.5999999999999943,0.0,0.009280813832406434,0.01743130463188325,0.0017587003849696692,0.0006573200225825637,0.22499999999999964,3.5999999999999943,3.5999999999999943,0.0,0.009280813832406434,0.01743130463188325,0.0017587003849696692,0.0006573200225825637,0.22499999999999964,0.22499999999999964,0.0,0.0
253071304afe4ae993141c9198e117ac,0.0,0.0,0.0,0.0,0.0,0.0,0.0,0.0,0.0,0.0,0.0,0.0,0.0,0.0,0.0,0.0,0.0,0.0,0.0,0.0
255fe8730d224dcf851a872231130ca2,1.95,3.599999999999998,2.3999999999999986,0.0,0.39129168485562316,0.648410923075036,0.18493662860130597,0.010312128067016424,1.7999999999999992,3.599999999999998,3.5999999999999943,0.0,0.24164234147899763,0.4002669408107766,0.1186823290668042,0.014352035522459783,1.95,1.7999999999999992,0.1500000000000008,0.14964934337662553
25a5a54ce55347fe877f2d72b0231a37,1.5871708245126284,3.794733192202054,0.0,0.07500000000000018,0.29596346215025804,0.43234786756815674,0.212446027324997,0.03545851707458425,1.5871708245126284,3.794733192202054,0.0,0.07500000000000018,0.2997675769718003,0.43736767177918845,0.21620817431035466,0.03642611503601012,1.5871708245126284,1.5871708245126284,0.0,-0.0038041148215422482
25ace73eef48498889357c0f13315932,0.375,1.2000000000000028,1.1999999999999993,0.0,0.10241738459147405,0.21371381745201298,0.1572916915136493,0.010817813873290838,1.425,2.400000000000002,1.1999999999999993,0.0,0.4116412195073273,0.6233553494869731,0.4444583497318512,0.014126873016356623,0.375,1.425,-1.05,-0.30922383491585326
25cc5360f643439ebd7f0e6ca1571f23,0.1499999999999999,2.3999999999999986,0.0,0.0,0.006846566817420808,0.022052146653524392,0.0007611585813142842,0.002450180053709783,0.1499999999999999,2.3999999999999986,0.0,0.0,0.006846566817420808,0.022052146653524392,0.0007611585813142842,0.002450180053709783,0.1499999999999999,0.1499999999999999,0.0,0.0
261f6d2b5d25457690fd40372ed01e2f,0.0,0.0,0.0,0.0,0.00891662157424975,0.018486303578449645,0.008806993551664036,0.002072238922119496,0.0,0.0,0.0,0.0,0.00891662157424975,0.018486303578449645,0.008806993551664036,0.002072238922119496,0.0,0.0,0.0,0.0
27291258b1f343c887e72e69617d8ff8,2.1,4.800000000000001,3.6000000000000014,0.0,0.4083094511219742,0.5620601541319826,0.23710946186491802,0.018722820281983132,0.1499999999999999,1.1999999999999993,0.0,0.0,0.2044024369792972,0.28882936247607416,0.10326646041824136,0.009537935256958452,2.1,0.1499999999999999,1.9500000000000002,0.203907014142677
27463499352b4c1291346bf9ba3839fb,0.0,0.0,0.0,0.0,0.09727094351487844,0.1482763576081246,0.11723207120115237,0.009357976913452859,0.0,0.0,0.0,0.0,0.09681107482984024,0.14836190563980045,0.11730161885286555,0.009347820281981889,0.0,0.0,0.0,0.0004598686850382089
274efd8b53b44ed59141097b10701786,1.1999999999999995,4.799999999999997,4.799999999999997,0.0,0.07126469678331708,0.11380332017556016,0.07098131177189006,0.004697656631469815,1.1999999999999995,4.799999999999997,4.799999999999997,0.0,0.07126469678331708,0.11380332017556016,0.07098131177189006,0.004697656631469815,1.1999999999999995,1.1999999999999995,0.0,0.0
2845ebeeef274d59862d9f5384368db9,1.6499999999999992,4.799999999999997,4.799999999999997,0.0,0.32739588011997434,0.4206330903791305,0.36426037298589126,0.011817312240600675,2.024999999999999,4.799999999999997,4.799999999999997,0.0,0.3555455375551658,0.43771483294493496,0.38141230427188627,0.012725830078125,1.6499999999999992,2.024999999999999,-0.3749999999999998,-0.02814965743519149
28b65b60537d4f70be13fae042ecace9,2.2574264635194594,6.118823416311343,1.2000000000000028,0.07500000000000018,0.34469065801843257,0.536763174683541,0.1911405102404588,0.011928892135619762,2.2574264635194594,6.118823416311343,1.2000000000000028,0.07500000000000018,0.34469065801843257,0.536763174683541,0.1911405102404588,0.011928892135619762,2.2574264635194594,2.2574264635194594,0.0,0.0
2931313f6b2248b0829694d3acafbd37,0.0,0.0,0.0,0.0,0.09795674657147285,0.14572951307028786,0.11446293611429982,0.006792211532592685,0.0,0.0,0.0,0.0,0.09520937793080636,0.1462589837315918,0.1021528511827241,0.006924676895142312,0.0,0.0,0.0,0.002747368640666492
29560e3766b241d281b8b85cdcd790e8,1.235410196624969,2.683281572999754,0.0,0.15000000000000036,0.18301507477561313,0.23988623850553056,0.16904025428929612,0.038506793975829456,2.0585745709465817,4.947726750741191,4.947726750741191,0.22500000000000053,0.3496867354131621,0.44534927639026417,0.2836790377765295,0.04647946357726962,1.235410196624969,2.0585745709465817,-0.8231643743216126,-0.16667166063754896
29a181d7191048c48e1b4b55bbdfa1e0,0.0,0.0,0.0,0.0,0.20393999726580034,0.30755453374277275,0.23703373979026637,0.007200336456299361,0.0,0.0,0.0,0.0,0.256609690063878,0.3845128567953851,0.28599101931501963,0.007608747482299449,0.0,0.0,0.0,-0.05266969279807768
2b946a3f99fc479aac0f470b284199a0,4.199999999999999,7.199999999999996,4.800000000000004,0.0,0.6670654251710681,1.144029442808561,0.20443642833916656,0.0031385421752929688,3.2249999999999996,7.199999999999996,4.800000000000004,0.0,0.43307326110779604,0.8411865583906766,0.044442210698103245,0.002356338500977717,4.199999999999999,3.2249999999999996,0.9749999999999996,0.2339921640632721
2c1cc66b06774c42ba1fdfb169a67edd,0.07500000000000018,1.2000000000000028,0.0,0.0,0.059120486438693706,0.099413738857376,0.04150202690806246,0.003880834579466974,0.07500000000000018,1.2000000000000028,0.0,0.0,0.059120486438693706,0.099413738857376,0.04150202690806246,0.003880834579466974,0.07500000000000018,0.07500000000000018,0.0,0.0
2c5a6350ebcf46cba99dc6c37cfd3e23,0.3750000000000002,2.4000000000000057,0.0,0.0,0.05427993637378459,0.12924292743042495,0.01981917990223396,0.002352046966553001,0.3750000000000002,2.4000000000000057,0.0,0.0,0.05427993637378459,0.12924292743042495,0.01981917990223396,0.002352046966553001,0.3750000000000002,0.3750000000000002,0.0,0.0
2c73c6cba15844adac243045434eff88,3.5249999999999995,8.399999999999999,4.799999999999997,0.0,0.7341583270300608,1.181306723464923,0.40264421994346294,0.0075407981872572805,5.249999999999999,17.999999999999993,17.999999999999993,0.0,0.8642660461401024,1.4009176442385332,0.4537901886553286,0.008857154846192206,3.5249999999999995,5.249999999999999,-1.7249999999999996,-0.1301077191100416
2c974b12b5ad4dd8906396b705a91a1d,2.133574570946582,4.9477267507411975,3.6000000000000014,0.22500000000000053,0.49080497937520823,0.8120987257992054,0.2387348634031692,0.034092235565184925,2.0641088447464377,4.9477267507411975,3.6000000000000014,0.22500000000000053,0.47207378885646056,0.7969121271203434,0.22952531046581778,0.034530973434448775,2.133574570946582,2.0641088447464377,0.06946572620014413,0.018731190518747665
2c9c230704cb4870b5dfae8b435dd0fe,1.596403746433953,4.947726750741191,3.7947331922020573,0.15000000000000036,0.38882449917248396,0.8177624257915976,0.07593116392197541,0.0312918663024897,1.3677050983124845,3.6000000000000014,2.683281572999754,0.07500000000000018,0.2137108668137404,0.4540491789071605,0.03527987507262139,0.030961561203002308,1.596403746433953,1.3677050983124845,0.22869864812146856,0.17511363235874355
2d19c619a4f44cd0b50e85250a2c7f07,0.5250000000000006,2.4000000000000057,0.0,0.0,0.021255030522486694,0.06289120383340617,0.006933004226606268,0.0028777599334728343,0.5250000000000006,2.4000000000000057,0.0,0.0,0.021255030522486694,0.06289120383340617,0.006933004226606268,0.0028777599334728343,0.5250000000000006,0.5250000000000006,0.0,0.0
2e62af9882e144f8adc3d60bbd68804b,0.07500000000000018,1.2000000000000028,0.0,0.0,0.009601108835430189,0.015081424334404833,0.008663792758395468,0.0002238750457759231,0.22500000000000053,1.2000000000000028,0.0,0.0,0.05497133954707611,0.07826787804730415,0.044731089204655454,0.0016438007354726558,0.07500000000000018,0.22500000000000053,-0.15000000000000036,-0.04537023071164592
2f598ed435a94ed1a58f8523592cefb4,0.9927050983124842,3.6000000000000014,1.1999999999999957,0.07500000000000018,0.1406814720593526,0.30052355564618644,0.06382233259635743,0.01006035804748473,1.079875922825113,3.7947331922020573,1.1999999999999957,0.15000000000000036,0.17917718738450006,0.3622067385467212,0.07675773879040379,0.011818885803222656,0.9927050983124842,1.079875922825113,-0.0871708245126287,-0.03849571532514745
302f341c35eb4bd1bcb0ea39a543b1c3,0.6749999999999996,2.3999999999999986,1.1999999999999993,0.0,0.2822209700777987,0.46267079917127607,0.13384094739287933,0.011967802047729403,0.7499999999999996,2.3999999999999986,1.1999999999999993,0.0,0.3084942230122426,0.500032185831395,0.1523662615612835,0.012585639953613725,0.6749999999999996,0.7499999999999996,-0.07499999999999996,-0.02627325293444388
302fa5e1a4394b158800a0bd289e54b3,0.0,0.0,0.0,0.0,0.17119046785452646,0.2669951566341474,0.11872563890876928,0.007735061645508079,0.0,0.0,0.0,0.0,0.17119046785452646,0.2669951566341474,0.11872563890876928,0.007735061645508079,0.0,0.0,0.0,0.0
30941de4be51439f89ed7ea9a0ae0674,0.3750000000000002,2.4000000000000057,0.0,0.0,0.04455457312475736,0.05918038327686218,0.028274698766496947,0.0016922950744637788,1.5871708245126284,3.7947331922020506,1.2000000000000028,0.15000000000000036,0.1882181019448961,0.28197437199336095,0.10492856992018082,0.00810613632202184,0.3750000000000002,1.5871708245126284,-1.2121708245126281,-0.14366352882013875
313a983dcd2d47909a0f5c14334bcf11,1.4434658438426495,4.947726750741191,2.3999999999999986,0.15000000000000036,0.18281273475550255,0.3503224424513807,0.05658034833381156,0.025627613067626953,1.553876040467618,4.947726750741191,2.3999999999999986,0.3000000000000007,0.20973038121405305,0.38013804252109956,0.053842206869635395,0.033720159530640004,1.4434658438426495,1.553876040467618,-0.11041019662496843,-0.026917646458550493
31f06bd961cc4b3495cd5c01539cf55d,0.14999999999999947,1.1999999999999957,0.0,0.0,0.04863654511008429,0.08611663139049634,0.01659437823521022,0.005511045455933061,0.1499999999999999,1.2000000000000028,0.0,0.0,0.02003348795229412,0.044074614557555444,0.044074614557555444,0.004759168624877574,0.14999999999999947,0.1499999999999999,-4.440892098500626e-16,0.02860305715779017
3219230d0e14480c9089c7c49e339a83,0.2999999999999998,2.3999999999999986,0.0,0.0,0.033874540072263724,0.0720579331875917,0.04235979723751279,0.00458350181579581,1.1249999999999998,2.3999999999999986,0.0,0.0,0.1916788684132778,0.3182556700153624,0.07091619803837836,0.0065185546874992895,0.2999999999999998,1.1249999999999998,-0.825,-0.15780432834101407
329a77b6c5494dda9a8bb0f50e5d240f,1.1249999999999991,2.3999999999999986,1.1999999999999957,0.0,0.22313442329074262,0.3865978715286202,0.05597957711111164,0.0039320468902590555,1.1249999999999991,2.3999999999999986,1.1999999999999957,0.0,0.21720854712266008,0.3693920493565998,0.0668787561040303,0.005014085769653676,1.1249999999999991,1.1249999999999991,0.0,0.0059258761680825445
32b75adabfb341c787960cb0216f6cb5,0.7500000000000002,2.4000000000000057,2.3999999999999986,0.0,0.12030063793955402,0.20615114747481422,0.0805738748643251,0.01098704338073686,0.7500000000000002,2.4000000000000057,2.3999999999999986,0.0,0.11454461163427028,0.1989518111952449,0.07682428571086262,0.011028528213500532,0.7500000000000002,0.7500000000000002,0.0,0.00575602630528374
3357eff74258482c87f90cf0749ee153,0.1499999999999997,1.1999999999999993,0.0,0.0,0.013114021872789672,0.02308260379087596,0.010366459352534838,0.0011949062347400563,0.1499999999999997,1.1999999999999993,0.0,0.0,0.013114021872789672,0.02308260379087596,0.010366459352534838,0.0011949062347400563,0.1499999999999997,0.1499999999999997,0.0,0.0
339df3b19d8d4127b2a96b6480f672a8,0.07499999999999996,1.1999999999999993,0.0,0.0,0.20736539445292412,0.29240995748855975,0.12341552992305173,0.004513549804687322,0.07499999999999996,1.1999999999999993,0.0,0.0,0.20736539445292412,0.29240995748855975,0.12341552992305173,0.004513549804687322,0.07499999999999996,0.07499999999999996,0.0,0.0
33d8b84c68164bbfbfb6e04e4e2c6931,1.425,4.799999999999997,2.3999999999999986,0.0,0.1192901729866083,0.19562155119111355,0.015577477311495102,0.008072090148925515,1.5,4.799999999999997,2.3999999999999986,0.0,0.14705226898031465,0.23754685378185308,0.01765253960407536,0.007164144515990678,1.425,1.5,-0.07499999999999996,-0.027762095993706354
34205d9fa2f1422a8aba9869139c29af,1.7324264635194586,6.118823416311343,1.1999999999999957,0.07500000000000018,0.19452050587208103,0.26911921216144036,0.08464120603592475,0.0066796302795415485,1.8074264635194588,6.118823416311343,2.3999999999999986,0.07500000000000018,0.21287424144500533,0.30462271848762257,0.09280773457774699,0.007249975204467685,1.7324264635194586,1.8074264635194588,-0.07500000000000018,-0.0183537355729243
3435cdd71e3d4e9185ae6b514ae7651c,0.5250000000000006,2.3999999999999986,1.2000000000000028,0.0,0.08715168277239457,0.13430987313680706,0.08391523027946413,0.004263496398924538,0.6750000000000003,2.3999999999999986,1.2000000000000028,0.0,0.09503948805619447,0.14400304742995765,0.08058848837027535,0.003930759429931374,0.5250000000000006,0.6750000000000003,-0.1499999999999997,-0.007887805283799898
35c8ba8efcf343d79a8fd837be0317c3,0.3750000000000002,1.2000000000000028,0.0,0.0,0.07388964790564159,0.13060580229572175,0.05562862295474014,0.012460184097288884,0.3750000000000002,1.2000000000000028,0.0,0.0,0.07388964790564159,0.13060580229572175,0.05562862295474014,0.012460184097288884,0.3750000000000002,0.3750000000000002,0.0,0.0
35c8f56cc49b42dba3d867ba004657ad,0.7500000000000004,3.6000000000000014,0.0,0.07500000000000018,0.13435529901888865,0.256897971463317,0.05028773542137913,0.014381790161131836,0.9750000000000001,3.6000000000000014,0.0,0.07500000000000018,0.1836677976746438,0.3378985079582376,0.07035927319487398,0.01466016769409162,0.7500000000000004,0.9750000000000001,-0.22499999999999964,-0.049312498655755155
35eb563d061a4703a23306c6e6728e61,0.2999999999999998,1.2000000000000028,0.0,0.0,0.04053027720968661,0.08543447379550026,0.08543447379550026,0.008309125900267667,0.2999999999999998,1.2000000000000028,0.0,0.0,0.03726081877659003,0.09306643077983892,0.09306643077983892,0.006722831726073686,0.2999999999999998,0.2999999999999998,0.0,0.0032694584330965823
36d2a0cab7c14a829342a9129ae73cf2,5.925000000000001,12.0,9.600000000000001,0.0,1.072107565127372,1.4148918907140133,0.6375208810044547,0.012269639968871981,5.925,14.399999999999999,8.399999999999999,0.0,1.0395155049368676,1.397124096960422,0.6341456420674646,0.01471481323242152,5.925000000000001,5.925,8.881784197001252e-16,0.03259206019050431
36f5ac247d5b4ac8acd4fb86a7231d99,0.0,0.0,0.0,0.0,0.18303056414830599,0.32648708180203884,0.23390200534735675,0.006804370880125532,0.0,0.0,0.0,0.0,0.09020236369294085,0.1917262918670905,0.1340921877420802,0.00747213363647381,0.0,0.0,0.0,0.09282820045536513
3708a82f41124672a849354b0eacbe98,0.6871708245126288,3.7947331922020573,0.0,0.07500000000000018,0.08917786159903328,0.1641436299186751,0.04612744514631981,0.0017669677734377665,0.6871708245126288,3.7947331922020573,0.0,0.07500000000000018,0.08917786159903328,0.1641436299186751,0.04612744514631981,0.0017669677734377665,0.6871708245126288,0.6871708245126288,0.0,0.0
37817c9bac4e4147a1060364a32a1e75,1.5124143795447336,7.299315036357867,7.299315036357867,0.15000000000000036,0.08745058902398853,0.2720426396480991,0.029205838590506038,0.018133592605591442,1.2124143795447333,7.299315036357867,7.299315036357867,0.15000000000000036,0.06033092653435647,0.12204179768589422,0.0491364154953898,0.013597869873045898,1.5124143795447336,1.2124143795447333,0.30000000000000027,0.02711966248963206
378dd1889800438d8851571359dbfc22,0.40487592282511287,3.794733192202055,0.0,0.1499999999999999,0.11174539042121476,0.18857965873436652,0.07772431649972933,0.009821605682373225,0.40487592282511287,3.794733192202055,0.0,0.1499999999999999,0.11994221401385963,0.20145694139150155,0.08531998993147517,0.011569261550904653,0.40487592282511287,0.40487592282511287,0.0,-0.00819682359264487
37ee0263ec47496fbc7ed2555b6d7003,0.0,0.0,0.0,0.0,0.16468429151140077,0.28811356367582064,0.239749457546695,0.007377290725709695,0.0,0.0,0.0,0.0,0.18998217664597544,0.2953485088466182,0.2610886783529674,0.007778835296631037,0.0,0.0,0.0,-0.025297885134574677
386e57ff5f244019a1b9bf94c82149c2,0.07500000000000018,1.2000000000000028,0.0,0.0,0.011961893836781916,0.0231541666363487,0.01353417003587353,0.0019025802612309128,0.07500000000000018,1.2000000000000028,0.0,0.0,0.011961893836781916,0.0231541666363487,0.01353417003587353,0.0019025802612309128,0.07500000000000018,0.07500000000000018,0.0,0.0
38cf99c5df334164838d887d0a9db0b6,0.18106601717798254,1.697056274847718,1.697056274847718,0.07500000000000018,0.06141573916352738,0.10735232529266063,0.00888167374978099,0.0029489994049076707,0.18106601717798254,1.697056274847718,1.697056274847718,0.07500000000000018,0.06058097103761374,0.10830509548692185,0.008927406840178592,0.003286600112915039,0.18106601717798254,0.18106601717798254,0.0,0.0008347681259136402
38efae75b92f467ab990b9d143ad9089,3.244840843064192,7.299315036357867,3.6000000000000014,0.22500000000000053,0.3980398747639216,0.5428855918345882,0.17485748487311734,0.020946836471556818,3.019840843064192,7.299315036357867,3.6000000000000014,0.22500000000000053,0.3412618667331103,0.4672705460823457,0.14693979029695464,0.019690704345702414,3.244840843064192,3.019840843064192,0.2250000000000001,0.05677800803081129
3931c57a894c44169285a8cf0e61d829,1.1501315618319432,6.118823416311339,0.0,0.15000000000000036,0.23999006064847336,0.44346754997930465,0.1399105240697687,0.027268838882446023,0.9074264635194589,6.118823416311339,0.0,0.07500000000000018,0.1912215952952608,0.3501560636055731,0.10221421101957245,0.01872682571411044,1.1501315618319432,0.9074264635194589,0.24270509831248432,0.04876846535321255
398ab5422d3047dcb56b36a8f7d7ebeb,1.6891088447464373,4.947726750741191,4.947726750741191,0.3000000000000007,0.25798096243497415,0.5816884744612396,0.11160804736120118,0.0342882156372073,1.604875922825113,3.794733192202054,3.6000000000000014,0.22500000000000053,0.24328129167353563,0.5506685743442715,0.11179248321726537,0.03433384895324698,1.6891088447464373,1.604875922825113,0.08423292192132426,0.014699670761438521
39dd189d44664d2bba4dccab40ce3fb9,2.024999999999999,4.799999999999997,3.5999999999999943,0.0,0.22407814634205714,0.38710679875056864,0.11966731992526639,0.004595088958740057,1.9499999999999988,4.799999999999997,3.5999999999999943,0.0,0.2108433941332229,0.3520465607735726,0.116493965912058,0.0035814285278314983,2.024999999999999,1.9499999999999988,0.07500000000000018,0.013234752208834244
3a6637b4d76e4008b8d6ddd19be2a833,1.7715633216262512,6.788225099390853,6.788225099390853,1.0499999999999994,0.34223247243696453,0.4961940485693025,0.15572805734519235,0.014397239685059127,1.7715633216262512,6.788225099390853,6.788225099390853,1.0499999999999994,0.3537392862559048,0.5318572376967519,0.15996909947649793,0.01492238044738814,1.7715633216262512,1.7715633216262512,0.0,-0.011506813818940254
3a77c8c2fa724db784cf3513d1a29cac,0.07499999999999996,1.1999999999999993,0.0,0.0,0.04390694147453218,0.12151485332808962,0.03789742230772491,0.0032908916473393113,0.22499999999999987,2.3999999999999986,0.0,0.0,0.03982305983176386,0.09257908527111575,0.05395689318806225,0.01023502349853489,0.07499999999999996,0.22499999999999987,-0.1499999999999999,0.004083881642768322
3a91df4f75bc48b893369bdcb4030984,3.525,10.799999999999997,1.2000000000000028,0.0,0.5619420680666323,0.7989837096975381,0.2777893739371735,0.007385015487670454,3.525,10.799999999999997,1.2000000000000028,0.0,0.5619420680666323,0.7989837096975381,0.2777893739371735,0.007385015487670454,3.525,3.525,0.0,0.0
3aa496efde274e618d01c4460eeee7c9,2.8507656876477894,7.29931503635786,7.199999999999996,0.3750000000000009,0.4362623969231502,0.6622827274172829,0.11306772184174915,0.004320859909058061,2.8196996704698067,7.29931503635786,7.199999999999996,0.22500000000000053,0.4646528765823775,0.7037078277833242,0.1278566911970685,0.004572200775146307,2.8507656876477894,2.8196996704698067,0.03106601717798263,-0.028390479659227308
3b72b448d4834d31a94fdba6247b11fa,1.95,6.0,2.3999999999999986,0.0,0.2807305058796815,0.33659538168977515,0.21210287852112017,0.004128313064575284,1.95,6.0,2.3999999999999986,0.0,0.2807305058796815,0.33659538168977515,0.21210287852112017,0.004128313064575284,1.95,1.95,0.0,0.0
3bae34beb13648d6822fd39c94da2749,0.0,0.0,0.0,0.0,0.011839966040572976,0.03328777129712337,0.0033260145732592595,0.004996204376221058,0.0,0.0,0.0,0.0,0.011839966040572976,0.03328777129712337,0.0033260145732592595,0.004996204376221058,0.0,0.0,0.0,0.0
3bafc04e6882499da9f2fb01883adeb8,0.5298371326684488,2.6832815729997477,2.6832815729997477,0.30000000000000027,0.09296671632447984,0.1944905407949453,0.03830355598309121,0.03776693344116255,0.5298371326684488,2.6832815729997477,2.6832815729997477,0.30000000000000027,0.09296671632447984,0.1944905407949453,0.03830355598309121,0.03776693344116255,0.5298371326684488,0.5298371326684488,0.0,0.0
3bd84dfa58ea46469a3c79466eae4110,1.3677050983124848,3.6000000000000014,1.2000000000000028,0.07500000000000018,0.2711415111207828,0.4124415965362793,0.12846603945201113,0.015552949905395685,2.5093644837532687,6.118823416311343,2.4000000000000057,0.22500000000000053,0.4157006213930903,0.6243069963873836,0.2043379693080346,0.027281713485717063,1.3677050983124848,2.5093644837532687,-1.141659385440784,-0.1445591102723075
3be888f815ab42dcac53815f09b5b244,0.23717082451262844,3.794733192202055,0.0,0.07499999999999973,0.028084571589855077,0.04278718240888281,0.02504623968570483,0.005439233779907404,0.6934658438426491,4.947726750741196,0.0,0.1499999999999999,0.03452635001590755,0.05326995849609517,0.027494400794486694,0.0069542884826665485,0.23717082451262844,0.6934658438426491,-0.45629501933002065,-0.006441778426052473
3c0321e992564ff19f927d0cde5b1669,0.2999999999999998,3.599999999999998,0.0,0.0,0.5339324252670586,1.0307425888245647,0.19554502507602872,0.009964942932128462,0.0,0.0,0.0,0.0,0.3191628128657785,0.6012948705145952,0.10223874676952163,0.012352895736693625,0.2999999999999998,0.0,0.2999999999999998,0.21476961240128012
3c4a042965874822affa98f7449566b6,0.375,1.2000000000000028,0.0,0.0,0.09656045850526822,0.15264849209523892,0.0463462444710114,0.010753297805786044,0.375,1.2000000000000028,0.0,0.0,0.09656045850526822,0.15264849209523892,0.0463462444710114,0.010753297805786044,0.375,0.375,0.0,0.0
3c693de822714eeaae9695ae7ddb013c,0.9750000000000003,3.6000000000000014,1.2000000000000028,0.0,0.11441233874467457,0.1887217828095428,0.03284716392988937,0.003845214843749112,0.9750000000000003,3.6000000000000014,1.2000000000000028,0.0,0.11441233874467457,0.1887217828095428,0.03284716392988937,0.003845214843749112,0.9750000000000003,0.9750000000000003,0.0,0.0
3ca333e072cb48bbb5e34e6ec9191faa,0.5249999999999999,4.799999999999997,4.799999999999997,0.0,0.10221405109182363,0.12405669149498688,0.09056142832570258,0.0023094177246085756,0.375,3.6000000000000014,3.6000000000000014,0.0,0.07665837858489669,0.09948629853845756,0.06387465250447757,0.0031112194061280185,0.5249999999999999,0.375,0.1499999999999999,0.025555672506926946
3ce024d9c73e406a910d688504e765e1,0.0,0.0,0.0,0.0,0.10499405977498029,0.1328110274503229,0.07905378024367936,0.006866025924681551,0.0,0.0,0.0,0.0,0.10499405977498029,0.1328110274503229,0.07905378024367936,0.006866025924681551,0.0,0.0,0.0,0.0
3d1eb3da8dfc4059b703484a83330a07,1.7999999999999996,4.799999999999997,4.799999999999997,0.0,0.270059075753799,0.34805337476561177,0.3042390663485301,0.008883476257324663,1.95,4.799999999999997,4.799999999999997,0.0,0.3165454497624516,0.40498504268429014,0.33051594517031563,0.008931970596313565,1.7999999999999996,1.95,-0.15000000000000036,-0.046486374008652576
3d2a44c419fb482da87bf1c5864c03ce,0.8615124735378856,3.7947331922020573,0.0,0.2250000000000001,0.13147238773618874,0.22100421349839747,0.059998812230653516,0.007148265838622159,0.8615124735378856,3.7947331922020573,0.0,0.2250000000000001,0.13147238773618874,0.22100421349839747,0.059998812230653516,0.007148265838622159,0.8615124735378856,0.8615124735378856,0.0,0.0
3e1d40ecbb3142689ba1b8e4d8d955d4,2.012745176018613,27.209189624095753,27.209189624095753,1.4812499999999997,0.10578173090805487,0.17864940204361177,0.06296411926910868,0.014219570159911932,2.012745176018613,27.209189624095753,27.209189624095753,1.4812499999999997,0.10578173090805487,0.17864940204361177,0.06296411926910868,0.014219570159911932,2.012745176018613,2.012745176018613,0.0,0.0
3e2583bef9e849a192c3c4ea21768237,0.9824264635194588,6.118823416311343,1.1999999999999957,0.07500000000000018,0.17750348843863334,0.25669470165884994,0.11386838887230462,0.014244031906128107,0.9824264635194588,6.118823416311343,1.1999999999999957,0.07500000000000018,0.17750348843863334,0.25669470165884994,0.11386838887230462,0.014244031906128107,0.9824264635194588,0.9824264635194588,0.0,0.0
3e2926beda084f788675fb82964d17b7,0.0,0.0,0.0,0.0,0.006110155487077832,0.018758324734579484,0.002234116526804253,0.0006548881530759054,0.0,0.0,0.0,0.0,0.006110155487077832,0.018758324734579484,0.002234116526804253,0.0006548881530759054,0.0,0.0,0.0,0.0
3f649706222f4d83aa0a8a1b687f29fa,8.339725601332766,20.43526363911168,20.43526363911168,0.3750000000000009,1.1593389113123798,1.5034506948856112,0.7637598667038089,0.022465896606445046,6.6,16.799999999999997,14.399999999999999,0.0,0.9472374240130916,1.3095770451833455,0.558332881720698,0.009656810760497514,8.339725601332766,6.6,1.7397256013327667,0.21210148729928813
3f96a29d46084f43aca1dfdd3840a98b,4.35733592239704,19.237463450257675,0.0,0.22500000000000053,0.0644841066986229,0.18386954707034356,0.010468223482027502,0.008178806304931285,4.35733592239704,19.237463450257675,0.0,0.22500000000000053,0.0644841066986229,0.18386954707034356,0.010468223482027502,0.008178806304931285,4.35733592239704,4.35733592239704,0.0,0.0
401897a3cda547d983c51b5eb588597e,0.16770509831248442,2.683281572999751,0.0,0.07500000000000018,0.0022688391387329556,0.004166574899336549,0.002402013183160869,0.0010578632354736328,0.16770509831248442,2.683281572999751,0.0,0.07500000000000018,0.0022688391387329556,0.004166574899336549,0.002402013183160869,0.0010578632354736328,0.16770509831248442,0.16770509831248442,0.0,0.0
402f14fef086441eb0379b62ef63a9a6,0.2250000000000003,2.400000000000002,0.0,0.0,0.036602541289105464,0.07323480744135125,0.031871833047890256,0.0009452819824202763,0.2250000000000003,2.400000000000002,0.0,0.0,0.036602541289105464,0.07323480744135125,0.031871833047890256,0.0009452819824202763,0.2250000000000003,0.2250000000000003,0.0,0.0
40896e93312649f6a858080df01ff723,2.4750000000000005,7.200000000000003,7.200000000000003,0.0,0.3431253165892538,0.5908817793052836,0.16179018446485133,0.007468700408935991,2.4750000000000005,7.200000000000003,7.200000000000003,0.0,0.3431253165892538,0.5908817793052836,0.16179018446485133,0.007468700408935991,2.4750000000000005,2.4750000000000005,0.0,0.0
40ead2f47c8146c581917c05cfda04ea,0.2250000000000001,1.2000000000000028,0.0,0.0,0.055283671386444716,0.11057149551100504,0.014917720926716997,0.00998082160949787,1.593465843842649,4.947726750741196,3.6000000000000014,0.14999999999999947,0.1459268381044004,0.23801243538254802,0.057347655196642734,0.013186311721801847,0.2250000000000001,1.593465843842649,-1.368465843842649,-0.09064316671795569
416b49a68dbc431d9afee16b5c8e58ae,0.0,0.0,0.0,0.0,0.08137232971592258,0.12240013670563485,0.10740996043552178,0.004408836364746094,0.0,0.0,0.0,0.0,0.06563928159886082,0.10766313364102759,0.08071363862196562,0.005293464660645508,0.0,0.0,0.0,0.015733048117061763
4244054d0eff430b811b4e6e9b9b8ddb,0.0,0.0,0.0,0.0,0.10195802810960886,0.15484821455276562,0.11334720258875867,0.006551885604859198,0.0,0.0,0.0,0.0,0.11146806418827994,0.16609330296848665,0.11477237433179266,0.0074206352233878725,0.0,0.0,0.0,-0.009510036078671083
42b565bc38af4342b79b8697ab0a45b0,1.2518760309219352,11.063453348751462,2.683281572999751,0.2999999999999998,0.05867217976469225,0.15328797698912836,0.022488427184807994,0.010783195495605913,1.1768760309219353,11.063453348751462,2.683281572999751,0.2999999999999998,0.04849451584679156,0.12769510685825036,0.01636296206923991,0.010586071014405007,1.2518760309219352,1.1768760309219353,0.07499999999999996,0.01017766391790069
42bb00324869498faffe17be9b403f04,7.049999999999999,20.4,20.4,0.0,0.7203341136647838,1.0270960235952489,0.32041942841584936,0.017962932586669922,6.750000000000001,20.4,20.4,0.0,0.7125580683730648,1.0336104713421583,0.31949185114966266,0.01790614128112855,7.049999999999999,6.750000000000001,0.29999999999999805,0.007776045291719047
42ceca0b2ec64051a8485456b53f389d,5.1,8.399999999999999,8.399999999999999,0.0,0.9242149599293685,1.3148999026236616,0.7983124751553095,0.02278361320495703,4.35,7.199999999999999,7.199999999999999,0.0,0.806507271161551,1.069486161332926,0.7768514053513741,0.025964498519898793,5.1,4.35,0.75,0.11770768876781756
433a50cb27ce4f0086bcba8ace34ce18,0.0,0.0,0.0,0.0,0.0,0.0,0.0,0.0,0.0,0.0,0.0,0.0,0.0,0.0,0.0,0.0,0.0,0.0,0.0,0.0
43ab85b86bd5454cb613a51cb42274e8,1.4249999999999996,3.6000000000000014,1.2000000000000028,0.0,0.2618811216479904,0.490882440023357,0.07332634681407156,0.003607749938965288,1.4249999999999996,3.6000000000000014,1.2000000000000028,0.0,0.2618811216479904,0.490882440023357,0.07332634681407156,0.003607749938965288,1.4249999999999996,1.4249999999999996,0.0,0.0
43b561989a684685b0751975e3c22d50,0.30000000000000027,2.3999999999999986,0.0,0.0,0.0226757629612046,0.030433107439555337,0.021941568913706248,0.002072668075561168,0.30000000000000027,2.3999999999999986,0.0,0.0,0.0226757629612046,0.030433107439555337,0.021941568913706248,0.002072668075561168,0.30000000000000027,0.30000000000000027,0.0,0.0
43d1a2820cca4cb08012305d1cc341e8,0.0,0.0,0.0,0.0,0.0,0.0,0.0,0.0,0.23717082451262858,3.7947331922020573,3.7947331922020573,0.07500000000000018,0.02980674015637135,0.05059088318376566,0.043356174112429154,0.008820676803588778,0.0,0.23717082451262858,-0.23717082451262858,-0.02980674015637135
43d5d31802ee447e9c25966c45e7b698,0.7499999999999996,3.6000000000000014,2.3999999999999986,0.0,0.030833977568427727,0.06443224037537802,0.023657688595476397,0.010584926605224698,0.8249999999999997,3.6000000000000014,2.3999999999999986,0.0,0.03393254088648798,0.05837111230995863,0.01787987648594741,0.0057399272918714495,0.7499999999999996,0.8249999999999997,-0.07500000000000018,-0.0030985633180602504
4438be4ee81b40a18b8a60492bd5ec19,2.175,4.799999999999997,1.2000000000000028,0.0,0.34165181233432707,0.48997462305508843,0.17121584463541173,0.009704446792603072,2.175,4.799999999999997,1.2000000000000028,0.0,0.34165181233432707,0.48997462305508843,0.17121584463541173,0.009704446792603072,2.175,2.175,0.0,0.0
4460a42bf5764b038a1c605e03a6688f,3.75,7.199999999999999,6.0,0.0,0.9825552935289008,1.9417782149222433,0.6663483423263127,0.03574318885803329,4.2749999999999995,7.200000000000003,7.200000000000003,0.0,1.004984876506973,1.8875666754256297,0.7201984330732248,0.030186367034911843,3.75,4.2749999999999995,-0.5249999999999995,-0.022429582978072293
448e4984d23448638fdbea8f21941ad1,0.15000000000000036,2.4000000000000057,0.0,0.0,0.02437199022468597,0.052733323215883726,0.021120289284934375,0.013598012924194602,0.30000000000000004,2.4000000000000057,0.0,0.0,0.024066791734896106,0.04355264114829547,0.028784598372961614,0.01395521163940483,0.15000000000000036,0.30000000000000004,-0.1499999999999997,0.0003051984897898645
44f607ad840c47ba90a40507de670a3e,0.07500000000000018,1.2000000000000028,0.0,0.0,0.010183623990659335,0.02386260870657388,0.007102008636193762,0.004040765762328036,0.07500000000000018,1.2000000000000028,0.0,0.0,0.010183623990659335,0.02386260870657388,0.007102008636193762,0.004040765762328036,0.07500000000000018,0.07500000000000018,0.0,0.0
4503beca23ce47bf9e5d079f6604249b,0.7237711154904668,2.6832815729997477,1.2000000000000028,0.22500000000000053,0.09214533239361926,0.16519775523814095,0.02470848623192643,0.0484242439270024,0.9487711154904669,3.6000000000000014,1.2000000000000028,0.22500000000000053,0.17667317155130158,0.3228009715224731,0.08265092334055177,0.040653848648071644,0.7237711154904668,0.9487711154904669,-0.2250000000000001,-0.08452783915768232
4651004ed5cc422990eb121b953552c0,0.0,0.0,0.0,0.0,0.18255980074618555,0.2347382394272266,0.23159520750230578,0.011765670776367365,0.0,0.0,0.0,0.0,0.9832882031361263,1.2929684774833943,0.8563749449412849,0.04630780220031694,0.0,0.0,0.0,-0.8007284023899408
46c0110fc70e483ea7f1ea2eb4f238e8,0.07499999999999996,1.1999999999999993,0.0,0.0,0.010849208725175419,0.02624828430405949,0.005433244054963086,0.0013332366943350493,0.07499999999999996,1.1999999999999993,0.0,0.0,0.010849208725175419,0.02624828430405949,0.005433244054963086,0.0013332366943350493,0.07499999999999996,0.07499999999999996,0.0,0.0
4735f59f08ee4bff93c237f4df39453a,2.18033008588991,8.48528137423857,8.48528137423857,0.07500000000000018,0.3385969607354912,0.5419276058457129,0.25830883108338804,0.016076231002808417,1.7250000000000003,7.200000000000003,7.200000000000003,0.0,0.257708311832208,0.3783504575066545,0.21742420865945455,0.013352537155151722,2.18033008588991,1.7250000000000003,0.45533008588990964,0.08088864890328323
476e42c0306a4629a3952a55ac57f08e,1.0499999999999994,3.6000000000000014,3.5999999999999943,0.0,0.15177408427805017,0.2774624626421823,0.05607705972501804,0.009813165664673829,0.9749999999999996,3.6000000000000014,1.1999999999999957,0.0,0.16620344656359964,0.3155803941732035,0.04956712239903352,0.013964366912843307,1.0499999999999994,0.9749999999999996,0.07499999999999973,-0.014429362285549474
4776e574db1f4261a470d33983716cca,0.6750000000000003,2.3999999999999986,2.3999999999999986,0.0,0.1298849956660981,0.18692129440278854,0.14963770145673871,0.003646087646485441,0.9749999999999999,2.4000000000000057,2.3999999999999986,0.0,0.173365299855552,0.23638258286995223,0.195354122794663,0.00510377883911195,0.6750000000000003,0.9749999999999999,-0.2999999999999996,-0.043480304189453894
47f3f556bd304afba0b1eb139d42c2ce,0.0,0.0,0.0,0.0,0.04408262765133686,0.07352162887148088,0.07174340490640226,0.006391239166260387,0.0,0.0,0.0,0.0,0.039205846906942975,0.07166478960202788,0.06702658129475661,0.005696582794188831,0.0,0.0,0.0,0.004876780744393884
485ea9c73565406a88e42daa237dcb76,2.78033008588991,8.48528137423857,1.1999999999999957,0.07500000000000018,0.536378843872098,0.7564210313802989,0.2990159827074874,0.004565906524657937,2.78033008588991,8.48528137423857,1.1999999999999957,0.07500000000000018,0.536378843872098,0.7564210313802989,0.2990159827074874,0.004565906524657937,2.78033008588991,2.78033008588991,0.0,0.0
48cea2dc7c3249b0b2b685eb32660a8e,0.07499999999999996,1.1999999999999993,0.0,0.0,0.062226820708147,0.11672990680009088,0.028887633874750157,0.0031026363372803623,1.1249999999999993,3.599999999999998,3.599999999999998,0.0,0.042639448463726706,0.1164530308786431,0.01996626462147566,0.003809881210325994,0.07499999999999996,1.1249999999999993,-1.0499999999999994,0.019587372244420295
48dc3129d88c47b2a528da662ff2d8d2,2.4749999999999996,5.9999999999999964,2.3999999999999986,0.0,0.3352299094104533,0.4603837034551646,0.27064386534283447,0.01389684677124059,2.55,5.9999999999999964,2.3999999999999986,0.0,0.366186615689594,0.5088358859929029,0.2893775953247301,0.015126514434815164,2.4749999999999996,2.55,-0.07500000000000018,-0.03095670627914071
493235f2dc58472392fb0d7816eb7d64,0.07500000000000018,1.2000000000000028,0.0,0.0,0.009559061318340188,0.021668933282422434,0.005019795600079453,0.0009308338165281427,0.07500000000000018,1.2000000000000028,0.0,0.0,0.009559061318340188,0.021668933282422434,0.005019795600079453,0.0009308338165281427,0.07500000000000018,0.07500000000000018,0.0,0.0
49a0f1ea18b44fe8826d4f5492ab3638,0.0,0.0,0.0,0.0,0.06300118547135539,0.08679802019577086,0.03011537099135352,0.001869535446167525,0.0,0.0,0.0,0.0,0.06300118547135539,0.08679802019577086,0.03011537099135352,0.001869535446167525,0.0,0.0,0.0,0.0
49fadbef173a4828a266905a3212760d,0.5999999999999996,2.3999999999999986,1.2000000000000028,0.0,0.1090549309181272,0.186851122234551,0.0312639515716582,0.004961585998536133,0.5999999999999996,2.3999999999999986,1.2000000000000028,0.0,0.1090549309181272,0.186851122234551,0.0312639515716582,0.004961585998536133,0.5999999999999996,0.5999999999999996,0.0,0.0
4a3d678f3bf94cafae60a6c509327bf9,0.0,0.0,0.0,0.0,0.05921181459024052,0.18695975067295606,0.02365445041015798,0.005125236511230646,0.0,0.0,0.0,0.0,0.05921181459024052,0.18695975067295606,0.02365445041015798,0.005125236511230646,0.0,0.0,0.0,0.0
4afb1a21cfd44947b98f9d2f778657d6,7.283025490714095,16.842802617141842,16.842802617141842,0.22500000000000053,0.9984428175264703,1.4574609548710578,0.5154327189507963,0.020195245742797407,5.936709847009657,13.254433220624708,10.866462165764904,0.22500000000000053,0.8737276862439431,1.2701915443148342,0.4387765886757042,0.03206648826599068,7.283025490714095,5.936709847009657,1.3463156437044388,0.1247151312825272
4b247d4da9d44628818024275c07be5a,0.6092329219213244,4.9477267507411975,0.0,0.07500000000000018,0.055291042545272104,0.0937551684743038,0.06714231254070314,0.01081395149230957,0.07499999999999996,1.1999999999999993,0.0,0.0,0.03340457576709367,0.06187667940749981,0.06187667940749981,0.004466342926025213,0.6092329219213244,0.07499999999999996,0.5342329219213244,0.02188646677817843
4b57dce76aaa48fe82ae6268a90f70a0,0.375,2.400000000000002,2.3999999999999986,0.0,0.09580961915278871,0.22470716893902146,0.22171468998913793,0.010450458526611417,0.375,2.400000000000002,2.3999999999999986,0.0,0.07200032161260662,0.16529109886671065,0.16529109886671065,0.00754237174987793,0.375,0.375,0.0,0.023809297540182087
4bd2d2bbe28349119c7026fd465af4c4,0.0,0.0,0.0,0.0,0.08753715131949481,0.1371933801421262,0.10122172003033379,0.006535148620606446,0.0,0.0,0.0,0.0,0.08877642161359997,0.13842071610022516,0.10364776279360231,0.006767749786376509,0.0,0.0,0.0,-0.0012392702941051575
4c4556946f884a32a94f5507a45e9eef,0.6074264635194586,6.118823416311343,0.0,0.07500000000000018,0.11582132804301365,0.1724336581459298,0.13835653941678036,0.00829138755798331,0.5342329219213239,4.947726750741191,0.0,0.07500000000000018,0.049999669110287526,0.12362825147410092,0.06846562849309867,0.006689929962158558,0.6074264635194586,0.5342329219213239,0.07319354159813474,0.06582165893272612
4e3c858a371b43d99e4f0ee4b76dc8a1,0.0,0.0,0.0,0.0,0.06511245808829053,0.10777459258051848,0.07371403373611554,0.004729127883911666,0.0,0.0,0.0,0.0,0.1932198415562668,0.3620949350022407,0.16946607791062906,0.00631070137023837,0.0,0.0,0.0,-0.1281073834679763
4e85f6c822fe4c32bc411c89d0e2026c,1.2062071897723663,7.299315036357859,7.299315036357859,0.07499999999999973,0.14391070324386893,0.2455367543259259,0.05381705573262455,0.009611892700195135,1.2062071897723663,7.299315036357859,7.299315036357859,0.07499999999999973,0.14391070324386893,0.2455367543259259,0.05381705573262455,0.009611892700195135,1.2062071897723663,1.2062071897723663,0.0,0.0
4ea2156b82df43cb8e80a3cb344b20a3,0.15000000000000013,1.2000000000000028,1.2000000000000028,0.0,0.01418965559656533,0.035236388377133415,0.0036227042172340524,0.001225662231445046,0.15000000000000013,1.2000000000000028,1.2000000000000028,0.0,0.01418965559656533,0.035236388377133415,0.0036227042172340524,0.001225662231445046,0.15000000000000013,0.15000000000000013,0.0,0.0
4eedf7c1cd0d49349d2c2450edd1989d,6.370461992806202,18.039955654047485,18.039955654047485,1.1250000000000009,0.11596211958784954,0.21013625902095914,0.09742816981775237,0.017791700363158913,6.370461992806202,18.039955654047485,18.039955654047485,1.1250000000000009,0.11596211958784954,0.21013625902095914,0.09742816981775237,0.017791700363158913,6.370461992806202,6.370461992806202,0.0,0.0
4f26f58e358741069b137e90cdede275,0.2250000000000001,2.3999999999999986,0.0,0.0,0.013405957408584655,0.049141516981808006,0.049141516981808006,0.00423173904418972,0.07500000000000018,1.2000000000000028,0.0,0.0,0.012184378132849522,0.03709626114330592,0.03709626114330592,0.005161428451537109,0.2250000000000001,0.07500000000000018,0.1499999999999999,0.001221579275735133
4f6eb8cab70342a7840c8e5f095ba871,0.4060660171779821,1.697056274847713,1.697056274847713,0.07500000000000018,0.029473298061103766,0.048338912824858776,0.013239982334868514,0.002165937423705966,0.4060660171779821,1.697056274847713,1.697056274847713,0.07500000000000018,0.029473298061103766,0.048338912824858776,0.013239982334868514,0.002165937423705966,0.4060660171779821,0.4060660171779821,0.0,0.0
4fdb16ccaba44fb2861894e7d2857369,0.0,0.0,0.0,0.0,0.1173642185184603,0.17771989365318192,0.1347121711122056,0.007163715362548118,0.0,0.0,0.0,0.0,0.1157913804685446,0.1739800019677098,0.11843082317363123,0.008212137222289861,0.0,0.0,0.0,0.0015728380499156897
50072598887e4ca0bd79e56f933a7d24,5.925000000000001,15.600000000000001,12.0,0.0,0.9818962104638065,1.3477599006130847,0.683313146247757,0.008315420150756925,5.1000000000000005,12.0,9.600000000000001,0.0,0.9344820467097151,1.2962648956837608,0.5791175772626082,0.011690425872803889,5.925000000000001,5.1000000000000005,0.8250000000000002,0.047414163754091354
50082a94da544d22b00110cc1bfa100f,0.07499999999999996,1.1999999999999993,0.0,0.0,0.041419012077503314,0.07240352505779511,0.015329849431884795,0.001628065109253729,0.07499999999999996,1.1999999999999993,0.0,0.0,0.041419012077503314,0.07240352505779511,0.015329849431884795,0.001628065109253729,0.07499999999999996,0.07499999999999996,0.0,0.0
50a05815453843d59bc3a77910df455d,0.44999999999999973,1.2000000000000028,1.2000000000000028,0.0,0.10196794686213277,0.16590046295093713,0.04625797940805035,0.008236885070800781,0.75,2.400000000000002,1.2000000000000028,0.0,0.13387470268906318,0.20690498575247535,0.06909529524209344,0.008827257156371893,0.44999999999999973,0.75,-0.30000000000000027,-0.03190675582693041
50d37bbac9f84f70bc2221d28bf7fee3,0.8473744294348755,9.67470929795826,1.1999999999999957,0.1499999999999999,0.026154479142505654,0.03593169958694035,0.027325874088281694,0.009685707092285778,0.24270509831248416,2.683281572999751,1.1999999999999957,0.07500000000000018,0.031466303351548486,0.04149322338621516,0.03122234272648757,0.009963798522951262,0.8473744294348755,0.24270509831248416,0.6046693311223914,-0.005311824209042831
51a40e69d2b7418abed3e6dd6e3b78ce,0.9092329219213249,4.9477267507411895,0.0,0.07499999999999973,0.09056825358750625,0.1131147756998868,0.08063997325779541,0.009701585769652965,0.9092329219213249,4.9477267507411895,0.0,0.07499999999999973,0.09056825358750625,0.1131147756998868,0.08063997325779541,0.009701585769652965,0.9092329219213249,0.9092329219213249,0.0,0.0
538100c6eb164041b51302a0bd140187,6.074999999999999,14.399999999999999,14.399999999999999,0.0,0.7863845414907917,1.2743237688391487,0.4368308750918557,0.013590574264526367,6.375,14.399999999999999,14.399999999999999,0.0,0.8219575047349869,1.302898012001417,0.46856440366259716,0.014902353286743164,6.074999999999999,6.375,-0.3000000000000007,-0.03557296324419512
53a9dd587380402ab51fb929f7eeb18d,0.0,0.0,0.0,0.0,0.757333815709489,1.0505796470827096,0.6254259706444927,0.01918272972106827,0.0,0.0,0.0,0.0,0.6472345042655882,0.8893438826376803,0.559421114421482,0.01788125038146937,0.0,0.0,0.0,0.11009931144390084
53adf8a1d9254baebf4e70c437551f52,0.8041012013803768,3.3941125496954263,0.0,0.5249999999999995,0.16820710906349834,0.3233105285867587,0.04421323286577679,0.02696914672851669,0.8041012013803768,3.3941125496954263,0.0,0.5249999999999995,0.16820710906349834,0.3233105285867587,0.04421323286577679,0.02696914672851669,0.8041012013803768,0.8041012013803768,0.0,0.0
53b7ed3ff487465f82d3bc490ec3e5f4,0.15000000000000036,1.2000000000000028,0.0,0.0,0.033325388004906496,0.06340092764005796,0.007723867746091969,0.0010206699371342332,0.15000000000000036,1.2000000000000028,0.0,0.0,0.033325388004906496,0.06340092764005796,0.007723867746091969,0.0010206699371342332,0.15000000000000036,0.15000000000000036,0.0,0.0
55a0c64f17c94cd1b1876db5caf0d58c,2.0249999999999995,8.399999999999999,0.0,0.0,1.0598405606345662,1.4744208495673332,0.7930367709230741,0.026719522476196467,1.9499999999999993,8.399999999999999,0.0,0.0,1.081749629004673,1.5004406397451813,0.857933100388208,0.034873008728028676,2.0249999999999995,1.9499999999999993,0.07500000000000018,-0.021909068370106866
5611e2565ede4f48bb4c8c5d6bc9fe2f,1.9499999999999997,6.0,3.6000000000000014,0.0,0.2651547112689358,0.3815579375549576,0.09942265309031627,0.00418639183044478,1.9499999999999997,6.0,3.6000000000000014,0.0,0.2651547112689358,0.3815579375549576,0.09942265309031627,0.00418639183044478,1.9499999999999997,1.9499999999999997,0.0,0.0
568a082ce58a4b4e81df3974e7ff34de,2.6999999999999993,4.800000000000004,1.2000000000000028,0.0,0.6035620252091214,0.964631557207086,0.2782270115611928,0.007283735275267045,2.6999999999999993,4.800000000000004,1.2000000000000028,0.0,0.6035620252091214,0.964631557207086,0.2782270115611928,0.007283735275267045,2.6999999999999993,2.6999999999999993,0.0,0.0
5717e8d589fc4836a349875746fa8247,0.0,0.0,0.0,0.0,0.10857078471810067,0.16207161560033942,0.1310157821906269,0.007939195632935103,0.0,0.0,0.0,0.0,0.1083307291602418,0.1641099128481921,0.11747750370107808,0.008617544174194691,0.0,0.0,0.0,0.00024005555785885924
57267f4d074b42568f79cd015d5c1a4c,1.3001315618319427,6.118823416311341,1.2000000000000028,0.1499999999999999,0.17582667254391254,0.2846209690767321,0.028743738874347793,0.0062281608581544745,2.2905716735256343,7.299315036357867,7.299315036357867,0.2999999999999998,0.2681755173656056,0.42948839083404583,0.07874802184734124,0.01564035415649334,1.3001315618319427,2.2905716735256343,-0.9904401116936916,-0.09234884482169303
5747b9d1d0f64f7a9fa2be5106bf3b0f,5.1,10.799999999999997,6.0,0.0,0.8221947625216107,1.1368684586706719,0.5214679872741966,0.010912370681762873,4.949999999999999,10.799999999999997,6.0,0.0,0.7988140735996325,1.1096010980177895,0.5325185962268645,0.01185064315795925,5.1,4.949999999999999,0.15000000000000036,0.0233806889219782
574868cbb9a14387b34c782533dc24ec,3.482804534799927,10.733126291998987,10.733126291998987,1.5,0.5687323833461694,0.8484587881029557,0.30821413256882935,0.09044523239135849,3.11355083068887,9.13892772703669,9.13892772703669,1.2750000000000004,0.55430397300097,0.8328431960108762,0.3019955494732925,0.0860449790954605,3.482804534799927,3.11355083068887,0.3692537041110566,0.014428410345199372
57a80885dce842049aa03cd95ccca916,0.0,0.0,0.0,0.0,0.025843569288634183,0.04319592755161375,0.025496938895769556,0.009337091445922763,0.0,0.0,0.0,0.0,0.029274417419329624,0.06227648296675874,0.004270643120012519,0.00542464256286479,0.0,0.0,0.0,-0.003430848130695441
57eff8c75c0b415496e47d9084888fc4,1.2886336532918254,7.299315036357866,7.299315036357866,0.1499999999999999,0.14232192794073992,0.2388031892624843,0.061182173877320736,0.010722112655639826,1.2886336532918254,7.299315036357866,7.299315036357866,0.1499999999999999,0.14232192794073992,0.2388031892624843,0.061182173877320736,0.010722112655639826,1.2886336532918254,1.2886336532918254,0.0,0.0
57f8bc23b08740bab795cc7cf5e4b25d,0.22499999999999987,1.1999999999999993,0.0,0.0,0.11641164390556294,0.22110201902099322,0.08138110485576384,0.006940269470215643,0.7499999999999996,1.1999999999999993,1.1999999999999993,0.0,0.06698605627604484,0.21745631722883912,0.014151515893738212,0.006048631668091886,0.22499999999999987,0.7499999999999996,-0.5249999999999997,0.0494255876295181
5841c653b5584a9da83e9bce04634736,2.9432066881035057,4.3266615305567875,4.3266615305567875,1.5750000000000002,0.48585583593832754,0.7782912607900527,0.22193966846776975,0.11228799819946378,2.9432066881035057,4.3266615305567875,4.3266615305567875,1.5750000000000002,0.486021409106763,0.7881298555344586,0.2179149253592107,0.11080055236816433,2.9432066881035057,2.9432066881035057,0.0,-0.00016557316843546221
5894789560e1417cbc67d82c99464527,1.6499999999999997,3.6000000000000014,3.6000000000000014,0.0,0.25393980541410455,0.39480073901196094,0.1688049384836154,0.005208921432495295,1.6499999999999997,3.6000000000000014,3.6000000000000014,0.0,0.24637751503085253,0.3724688854687558,0.17080681806122802,0.005553245544432706,1.6499999999999997,1.6499999999999997,0.0,0.007562290383252013
5b1778c14dce4541a5430e3555668ec0,6.824999999999998,10.799999999999997,10.799999999999997,0.0,0.5312615724994834,1.2705658737556818,0.0393964503498853,0.016014719009399325,6.824999999999998,10.799999999999997,10.799999999999997,0.0,0.895837886266732,1.8053727305881713,0.2438316473073678,0.014282369613647372,6.824999999999998,6.824999999999998,0.0,-0.36457631376724864
5bb77a2ff3d44094b691ba239cbab83a,0.4743416490252568,3.7947331922020573,0.0,0.1499999999999999,0.14519536058552748,0.22747790237322651,0.08263808443327668,0.025584554672240856,0.8463521366280632,5.366563145999493,5.366563145999493,0.375,0.15170402728395166,0.23376379228290678,0.08365771825522952,0.02659864425659153,0.4743416490252568,0.8463521366280632,-0.3720104876028064,-0.006508666698424176
5bfd9c26f8364a578faf16bdb96049ea,9.3,19.199999999999996,18.0,0.0,1.2958541740804492,1.7350064064146478,0.8674366571819919,0.015077877044678445,9.675,20.4,20.4,0.0,1.3776299340342213,1.9111438073884621,0.8963275473905042,0.022176647186279208,9.3,9.675,-0.375,-0.08177575995377206
5d90283c43c64ae2a2bfba49ee8cda5d,0.6354101966249688,2.683281572999751,2.3999999999999986,0.15000000000000036,0.09988322179625217,0.2678631111816802,0.020923989500372383,0.01829524040222097,0.710410196624969,2.683281572999751,2.3999999999999986,0.15000000000000036,0.0881756083731913,0.2547341003548132,0.004888691521965548,0.020866155624387872,0.6354101966249688,0.710410196624969,-0.07500000000000018,0.01170761342306087
5dda1ef89d98493aa39a470b21fa4ebe,0.8342329219213247,4.947726750741196,0.0,0.07499999999999973,0.08918451039682503,0.1318070154453408,0.033276327795057487,0.0072986125946052915,0.6092329219213244,4.947726750741196,0.0,0.07499999999999973,0.04834552733521173,0.08086886246624835,0.02411236553202422,0.004164505004882635,0.8342329219213247,0.6092329219213244,0.2250000000000003,0.04083898306161329
5de23d331d424f1eb29d587e53158589,0.22499999999999964,2.3999999999999986,0.0,0.0,0.029171931288044465,0.06114282488430588,0.024954834480732355,0.006077098846435369,0.22499999999999964,2.3999999999999986,0.0,0.0,0.04267943199322697,0.08934381357185153,0.03397225819587982,0.0064508914947505325,0.22499999999999964,0.22499999999999964,0.0,-0.013507500705182505
5df6081fa8114b12b0a8c7ecb83f6d4d,0.4500000000000002,1.2000000000000028,1.2000000000000028,0.0,0.06913405388661682,0.11130979772186184,0.03421093547766428,0.005321645736694247,0.6750000000000003,2.3999999999999986,1.2000000000000028,0.0,0.07874692797724517,0.14900807545266592,0.03360598536780421,0.005472993850708985,0.4500000000000002,0.6750000000000003,-0.2250000000000001,-0.009612874090628346
5e573e0e3d2b41ecbe0061f352ef7f8c,0.0,0.0,0.0,0.0,0.10767798924621153,0.16066886596521376,0.12517408352410353,0.0065819263458251065,0.0,0.0,0.0,0.0,0.08964542362433602,0.14860926308716588,0.07160366458497391,0.00918145179748553,0.0,0.0,0.0,0.01803256562187551
5ec52a5436e34d23a36295880d892f83,0.2999999999999998,2.3999999999999986,0.0,0.0,0.024026101446236264,0.05701771699690498,0.04442293354290564,0.004175806045531694,0.7499999999999996,2.3999999999999986,1.1999999999999957,0.0,0.05838079989875573,0.10930367090648578,0.031244101424007464,0.007080602645875178,0.2999999999999998,0.7499999999999996,-0.44999999999999973,-0.03435469845251946
5f15115414584a23bdc0d0982c46e264,1.0499999999999996,3.6000000000000014,1.2000000000000028,0.0,0.0577505911862707,0.125058043927267,0.012795684636279928,0.002653884887695135,0.8999999999999995,3.5999999999999943,1.2000000000000028,0.0,0.04404102404991447,0.0995020500676454,0.021217511617766596,0.0027043819427494675,1.0499999999999996,0.8999999999999995,0.15000000000000013,0.013709567136356224
5f1decb5ab4f4691960becd0ddb6d454,0.375,2.400000000000002,0.0,0.0,0.04538117623394747,0.10810141226283133,0.01346724093222473,0.006925535202026101,0.44999999999999973,2.400000000000002,1.1999999999999957,0.0,0.0581470307503648,0.13349403978517022,0.023819299728582315,0.00935897827148402,0.375,0.44999999999999973,-0.07499999999999973,-0.012765854516417333
5f9a36e5a0d14a16b801101567d1ff12,0.6092329219213244,4.9477267507411975,0.0,0.07500000000000018,0.07803258436840009,0.12409371232337592,0.05352059784659458,0.0028975009918221772,0.6092329219213244,4.9477267507411975,0.0,0.07500000000000018,0.07803258436840009,0.12409371232337592,0.05352059784659458,0.0028975009918221772,0.6092329219213244,0.6092329219213244,0.0,0.0
60019549bfe64e2cbaec3d3f8f480d05,0.0,0.0,0.0,0.0,0.24551110356697353,0.380050962079424,0.3019118448369613,0.014276790618896307,0.0,0.0,0.0,0.0,0.174669995928544,0.2975395796598716,0.2512258149723832,0.011466407775878817,0.0,0.0,0.0,0.07084110763842955
60341918a107414c9c44a9bfe169c9e4,0.8622732069503487,7.299315036357866,1.1999999999999957,0.1499999999999999,0.132051617090516,0.21581125769294293,0.12009711995637679,0.029569816589354314,0.8622732069503487,7.299315036357866,1.1999999999999957,0.1499999999999999,0.132051617090516,0.21581125769294293,0.12009711995637679,0.029569816589354314,0.8622732069503487,0.8622732069503487,0.0,0.0
6046f7a0b2fe436189a5ffb62d9d042c,3.3000000000000007,7.200000000000003,7.200000000000003,0.0,0.7137673277553112,0.9131055190812642,0.628427496167632,0.027278423309326616,1.3500000000000005,2.3999999999999986,1.2000000000000028,0.0,0.5166593164439957,0.7287274108238786,0.5351734320753068,0.016691923141479936,3.3000000000000007,1.3500000000000005,1.9500000000000002,0.1971080113113155
6060fa4c3b1e443994967da28e86132b,1.0776987657639738,4.947726750741194,4.947726750741194,0.22500000000000053,0.1687453469896057,0.23666782242949613,0.1347650939993145,0.016392087936401012,0.6184658438426492,4.947726750741194,0.0,0.15000000000000036,0.15573045917849382,0.2227618877882451,0.11967235092582718,0.014005994796752574,1.0776987657639738,0.6184658438426492,0.4592329219213246,0.013014887811111875
60c08f0abd214a1c853e3ad73ec1927e,0.6000000000000001,2.400000000000002,2.400000000000002,0.0,0.10609188165683492,0.2849871624074336,0.06302226319846849,0.010406970977782759,0.9750000000000003,2.400000000000002,2.400000000000002,0.0,0.15344425454024857,0.45770861415683295,0.03927102976232207,0.010677194595336559,0.6000000000000001,0.9750000000000003,-0.3750000000000002,-0.04735237288341365
625922c76a1744f290b1d1eb004d9385,0.0,0.0,0.0,0.0,0.08423483579908042,0.11979404383720313,0.11338528256635853,0.005540084838866477,0.0,0.0,0.0,0.0,0.06525447878323619,0.08085053569873243,0.08085053569873243,0.004725980758665926,0.0,0.0,0.0,0.018980357015844232
6273110addf149bd844f0d15f1e95aab,1.7910468649802462,4.9477267507411975,0.0,0.3750000000000009,0.39932273927715967,0.670635648941355,0.21787005505042764,0.03642468452453551,1.8044077838457442,4.9477267507411975,1.1999999999999957,0.3750000000000009,0.3668382244409129,0.6133567209207632,0.19547758352821512,0.03457360267639187,1.7910468649802462,1.8044077838457442,-0.01336091886549795,0.03248451483624676
62bb79e748c346cf887b1168dfa827df,0.7592329219213244,4.947726750741191,0.0,0.07500000000000018,0.09302927726720331,0.14833575261362228,0.029325031191409733,0.013661384582518643,0.8342329219213244,4.947726750741191,0.0,0.07500000000000018,0.0876393045619957,0.1406686319149874,0.03103607481413018,0.015268993377685725,0.7592329219213244,0.8342329219213244,-0.07499999999999996,0.005389972705207607
62c44445ebc942628daa5b2f4170e114,0.2999999999999998,1.2000000000000028,0.0,0.0,0.06952995289239813,0.1523853309445755,0.03687861513147291,0.0034764289855955255,0.2999999999999998,1.2000000000000028,0.0,0.0,0.06952995289239813,0.1523853309445755,0.03687861513147291,0.0034764289855955255,0.2999999999999998,0.2999999999999998,0.0,0.0
62eb6bfefeea4322aa74aec9c0a239c7,0.0,0.0,0.0,0.0,0.0,0.0,0.0,0.0,0.0,0.0,0.0,0.0,0.0,0.0,0.0,0.0,0.0,0.0,0.0,0.0
63da0bd557fe4de0bd2b76c77e9f7fa3,1.1250000000000002,2.3999999999999986,2.3999999999999986,0.0,0.17796420672377014,0.27637988251018475,0.09604131137168911,0.0030125141143799716,0.6000000000000001,2.3999999999999986,1.2000000000000028,0.0,0.06625142857954716,0.08215540171929542,0.05324724784714467,0.0012010574340828306,1.1250000000000002,0.6000000000000001,0.5250000000000001,0.11171277814422298
65a7540025114ef8a6c25c8bd8fe39a5,0.0,0.0,0.0,0.0,0.4418480805803734,0.6069197421462215,0.2954513049037778,0.018659162521362127,0.0,0.0,0.0,0.0,0.39887402759893964,0.5464678554449742,0.2619783056379669,0.016750431060791993,0.0,0.0,0.0,0.04297405298143375
670bae1076e64d4e89252f2a3e1ba6d4,0.15000000000000036,1.2000000000000028,1.2000000000000028,0.0,0.023862089280968522,0.055723629923791984,0.012628066360695257,0.0031870365142823154,0.15000000000000036,1.2000000000000028,1.2000000000000028,0.0,0.023862089280968522,0.055723629923791984,0.012628066360695257,0.0031870365142823154,0.15000000000000036,0.15000000000000036,0.0,0.0
671dea66d87b4cbfa7fd2e2221ce71e9,0.16770509831248423,2.6832815729997477,0.0,0.07500000000000018,0.015657896989998452,0.02868657051244682,0.011051018989956569,0.004634571075439187,0.16770509831248423,2.6832815729997477,0.0,0.07500000000000018,0.015657896989998452,0.02868657051244682,0.011051018989956569,0.004634571075439187,0.16770509831248423,0.16770509831248423,0.0,0.0
672b12bead7d47d2a5cb8dc566a114a2,0.0,0.0,0.0,0.0,0.0,0.0,0.0,0.0,0.0,0.0,0.0,0.0,0.0,0.0,0.0,0.0,0.0,0.0,0.0,0.0
67dc968ea21b4644b7d3fefeb440f9e6,1.654669331122391,9.674709297958255,9.674709297958255,0.07500000000000018,0.2031235846681007,0.37593285212471783,0.021197665200518575,0.007193756103516247,1.6499999999999997,6.0,6.0,0.0,0.21933966630030824,0.4067009720865313,0.02016968775940886,0.008665323257446289,1.654669331122391,1.6499999999999997,0.004669331122391318,-0.01621608163220753
6807555039a64e45be594ca35deebdeb,8.399999999999999,16.799999999999997,15.599999999999994,0.0,1.2328117323577699,1.609712216140069,0.936415100276676,0.011551666259766336,8.1,19.199999999999996,17.999999999999993,0.0,1.2162585881848642,1.7132992703686931,0.8804215691500095,0.015242385864258079,8.399999999999999,8.1,0.29999999999999893,0.016553144172905654
680c3298b4f746fa921261a21c929fa2,6.375,16.799999999999997,16.799999999999997,0.0,1.095729122085753,1.6442540208401393,0.4694021556204931,0.012989902496337802,7.574999999999999,14.399999999999999,14.399999999999999,0.0,1.3637267456119275,1.9696799265174803,0.5972109699114153,0.019747495651244673,6.375,7.574999999999999,-1.1999999999999993,-0.2679976235261745
688f86c9082242edaa9f4b19d759e3e0,0.0,0.0,0.0,0.0,0.0021025323440057144,0.004894058865768696,0.0010977359926065116,0.00021014213562109418,0.0,0.0,0.0,0.0,0.0021025323440057144,0.004894058865768696,0.0010977359926065116,0.00021014213562109418,0.0,0.0,0.0,0.0
689730a361924e31b626ca9725499213,0.0,0.0,0.0,0.0,0.7170778060066956,0.8248835785326707,0.6453526779732844,0.037112474441527876,0.0,0.0,0.0,0.0,0.18808261178376728,0.24465157430950915,0.2308337257116205,0.013843059539794034,0.0,0.0,0.0,0.5289951942229283
68ea2a21eac4431085a5196153fa5244,0.5999999999999999,3.6000000000000014,3.6000000000000014,0.0,0.10072106293268135,0.1825874307891671,0.14624131550373415,0.015207052230834961,0.5999999999999999,3.6000000000000014,3.6000000000000014,0.0,0.10072106293268135,0.1825874307891671,0.14624131550373415,0.015207052230834961,0.5999999999999999,0.5999999999999999,0.0,0.0
6922639651844c2fab3b0038b206deef,0.6000000000000005,1.2000000000000028,1.2000000000000028,0.0,0.06904875125337204,0.2093709692818939,0.017497095416864894,0.010193252563474697,0.9750000000000005,2.400000000000002,1.2000000000000028,0.0,0.11535808902867245,0.3275898543864897,0.03687310700008044,0.0167455673217769,0.6000000000000005,0.9750000000000005,-0.375,-0.04630933777530041
69a89860542c4e2f9ade7ff0fc99d427,5.699999999999999,15.600000000000001,15.600000000000001,0.0,0.6731000641113335,0.984525732610842,0.22962625691213193,0.016332292556762606,5.699999999999999,15.600000000000001,15.600000000000001,0.0,0.6731000641113335,0.984525732610842,0.22962625691213193,0.016332292556762606,5.699999999999999,5.699999999999999,0.0,0.0
69fac31e981e4e06b9cc397b25d8ba56,1.1999999999999997,3.5999999999999943,0.0,0.0,0.27806295786416835,0.44366525983734084,0.13765426112578436,0.005421924591063387,1.1999999999999997,3.5999999999999943,0.0,0.0,0.27806295786416835,0.44366525983734084,0.13765426112578436,0.005421924591063387,1.1999999999999997,1.1999999999999997,0.0,0.0
6a81b3fb8c9c4c3ca64cf708e6c94e40,0.3000000000000005,1.2000000000000028,1.2000000000000028,0.0,0.05669783387447503,0.09582148503755918,0.01532657392909523,0.0061699390411376065,0.5250000000000001,2.3999999999999986,1.2000000000000028,0.0,0.08861660605640126,0.14714621355280516,0.019129336033220538,0.009158992767331675,0.3000000000000005,0.5250000000000001,-0.22499999999999964,-0.03191877218192623
6b9ef02e777d46c3aa2ab5f562b16ff5,2.4749999999999996,7.199999999999996,3.6000000000000014,0.0,0.3347925488900829,0.5692192086021903,0.10173092060491162,0.004842567443848367,2.4749999999999996,7.199999999999996,3.6000000000000014,0.0,0.3347925488900829,0.5692192086021903,0.10173092060491162,0.004842567443848367,2.4749999999999996,2.4749999999999996,0.0,0.0
6bbd9ea66b1544479ac212c19aa22010,2.8499999999999996,4.800000000000001,1.2000000000000028,0.0,0.554567273959685,0.9873577831695093,0.23664081262448403,0.02122893333435094,2.1,3.6000000000000014,1.2000000000000028,0.0,0.39452792889407207,0.7606182088263216,0.16229175171683277,0.013492012023925692,2.8499999999999996,2.1,0.7499999999999996,0.1600393450656129
6bd37fede9ce4b9a956b8ccea50fc874,0.5781152949374525,5.366563145999493,5.366563145999493,0.22499999999999964,0.039387174359406335,0.0994517423603349,0.01638648889824585,0.012273788452147993,0.5781152949374525,5.366563145999493,5.366563145999493,0.22499999999999964,0.039387174359406335,0.0994517423603349,0.01638648889824585,0.012273788452147993,0.5781152949374525,0.5781152949374525,0.0,0.0
6bf37d430d1742b282e71a0ff3304c33,4.949999999999999,13.200000000000003,13.200000000000003,0.0,0.610442944466006,0.8223557333849123,0.4100900771775457,0.017230081558226473,4.949999999999999,13.200000000000003,13.200000000000003,0.0,0.6219154587436423,0.8422910957251404,0.4282720090994235,0.01691236495971493,4.949999999999999,4.949999999999999,0.0,-0.011472514277636292
6cc55ef2e7e84c668c209a5be46c0584,2.2683780142849947,7.29931503635786,2.3999999999999986,0.15000000000000036,0.2639584098258343,0.4463491025579978,0.024164861669555695,0.005512762069701971,1.812170824512629,4.799999999999997,0.0,0.07500000000000018,0.25152521767422104,0.4008279954190129,0.03732971113098944,0.004852437973022816,2.2683780142849947,1.812170824512629,0.45620718977236585,0.01243319215161326
6d41d5fffdda46e18c805e9fc9b4d356,1.4312071897723657,7.29931503635786,7.29931503635786,0.07500000000000018,0.1655534366950098,0.2524818060937566,0.09498043814534564,0.004154062271118697,1.2812071897723658,7.29931503635786,7.29931503635786,0.07500000000000018,0.1475494674482993,0.22291541458510167,0.09547122567377374,0.0048289775848386896,1.4312071897723657,1.2812071897723658,0.1499999999999999,0.018003969246710494
6d78a78c771f4ba4b1edf393f68d265c,0.1499999999999999,1.1999999999999993,0.0,0.0,0.03332984527946448,0.0684208652343398,0.00364302023040356,0.0023594856262194597,0.1499999999999999,1.1999999999999993,0.0,0.0,0.03332984527946448,0.0684208652343398,0.00364302023040356,0.0023594856262194597,0.1499999999999999,0.1499999999999999,0.0,0.0
6e04634c38d24707b0105042eed605ec,2.55,6.0,6.0,0.0,0.37245344494681387,0.5743443766938845,0.07104999558529891,0.00891580581665119,2.55,6.0,6.0,0.0,0.37245344494681387,0.5743443766938845,0.07104999558529891,0.00891580581665119,2.55,2.55,0.0,0.0
6f88910ce826420fb9739c7da9d2e54e,0.4500000000000002,2.3999999999999986,0.0,0.0,0.092451094459164,0.2246953743307046,0.015062637108639504,0.008132886886597301,0.30000000000000027,1.2000000000000028,0.0,0.0,0.04819347939372935,0.1413597353748366,0.03695504320662623,0.005357551574707742,0.4500000000000002,0.30000000000000027,0.1499999999999999,0.044257615065434644
6f8d7a927c524cb8b3526b9b798a5a53,3.2250000000000005,8.400000000000002,8.400000000000002,0.0,0.6492683059968944,0.9530881861733723,0.3820717473995752,0.004921960830687855,0.9749999999999999,2.3999999999999986,0.0,0.0,0.5614176495292705,0.8411426324722016,0.30382421721148295,0.005081033706665128,3.2250000000000005,0.9749999999999999,2.250000000000001,0.08785065646762391
6fc17590228f432eba7699ef0989336f,16.28727127060963,32.4222146066551,32.4222146066551,0.5250000000000012,0.21120866573769667,0.3227529385288176,0.14254381150867687,0.008784914016723988,15.463189994362615,30.023990407672326,30.023990407672326,0.5250000000000012,0.16188342366889905,0.24340198404278615,0.12551225951958303,0.007407474517822088,16.28727127060963,15.463189994362615,0.8240812762470142,0.049325242068797626
70b93dd31d724e7fbab2d20ade9bb4c1,8.867249585999561,18.03995565404749,18.03995565404749,0.45000000000000107,1.1767795395514433,1.510488205390274,0.7448995565940882,0.01899662017822168,8.334296195935828,19.199999999999996,19.199999999999996,0.22500000000000053,1.0907901945012144,1.4267094605397157,0.7103645623048429,0.018080663681030007,8.867249585999561,8.334296195935828,0.5329533900637333,0.08598934505022893
723739bbe19f49cfb531585eecea1dc5,1.9574264635194591,6.118823416311343,6.118823416311343,0.07500000000000018,0.35679744481196857,0.7388333879296397,0.044729703476409755,0.006436443328857955,1.9574264635194591,6.118823416311343,6.118823416311343,0.07500000000000018,0.3214578511443481,0.6522378674508438,0.03665119336070039,0.006451463699340909,1.9574264635194591,1.9574264635194591,0.0,0.03533959366762046
723c9e9528d545dda0355d3cb8fc7d38,0.0,0.0,0.0,0.0,0.013948515389452808,0.03037338681319101,0.004508331369476334,0.0006916522979723005,0.0,0.0,0.0,0.0,0.013948515389452808,0.03037338681319101,0.004508331369476334,0.0006916522979723005,0.0,0.0,0.0,0.0
730372a7b9724bcc8a58fef54aef6d33,0.07499999999999973,1.1999999999999957,0.0,0.0,0.0014775944208450516,0.002801887636841186,0.0008022887879642182,0.0002703666687002837,0.6074264635194586,6.118823416311343,2.3999999999999986,0.07500000000000018,0.02120725808989997,0.049897538806922555,0.049897538806922555,0.0020763874053946196,0.07499999999999973,0.6074264635194586,-0.5324264635194589,-0.019729663669054917
73b363c5332a423797a2c0728cc1a75d,0.0,0.0,0.0,0.0,0.008628462297955946,0.023551647862870853,0.001302279318525948,0.0012190818786623758,0.0,0.0,0.0,0.0,0.008628462297955946,0.023551647862870853,0.001302279318525948,0.0012190818786623758,0.0,0.0,0.0,0.0
73e7a058423243e49848fd0b9b259ce9,1.5749999999999997,4.800000000000001,1.2000000000000028,0.0,0.27246267034049354,0.48824088473843824,0.1298992641326542,0.02558741569519052,1.4999999999999996,4.800000000000001,1.2000000000000028,0.0,0.2471751953468858,0.47589065175255996,0.1042005925218685,0.03070907592773464,1.5749999999999997,1.4999999999999996,0.07500000000000018,0.025287474993607728
7400f2eec9564eaba38830ece5868820,0.40606601717798174,1.697056274847718,0.0,0.07500000000000018,0.08703538427070298,0.13474519320115688,0.09710652544006317,0.018287658691406694,0.40606601717798174,1.697056274847718,0.0,0.07500000000000018,0.10370412595794805,0.16376565386864322,0.1065008748596716,0.01934795379638654,0.40606601717798174,0.40606601717798174,0.0,-0.016668741687245067
740e48ba5a5a45afbc1a56b16f586054,2.9498095646668894,11.818629362155324,11.818629362155324,0.9749999999999983,0.10522711160245368,0.172656775971417,0.08305026719324274,0.029269838333129794,2.732293178768024,11.818629362155324,11.818629362155324,0.9749999999999983,0.09059543128989003,0.14998501928919997,0.0723454022811055,0.028750705718994407,2.9498095646668894,2.732293178768024,0.21751638589886557,0.01463168031256365
74188da251e34b25804604c1780de55f,1.05,2.4000000000000057,2.3999999999999986,0.0,0.21457085307368828,0.3272252192067825,0.1681406827908379,0.007401895523071911,1.2,3.599999999999998,2.3999999999999986,0.0,0.2261090191272085,0.339347894906526,0.1742408026502767,0.007706022262572887,1.05,1.2,-0.1499999999999999,-0.011538166053520205
7422ecacc5c2448db49b6708c136a8c0,0.22499999999999987,1.2000000000000028,0.0,0.0,0.039638263274957064,0.06744496851632739,0.01933493719981647,0.0011611461639406961,0.22499999999999987,1.2000000000000028,0.0,0.0,0.039638263274957064,0.06744496851632739,0.01933493719981647,0.0011611461639406961,0.22499999999999987,0.22499999999999987,0.0,0.0
742ce1b2603c404fa2c6b499c1027ad3,2.1,4.800000000000001,3.6000000000000014,0.0,0.4581580574638347,0.7175815772403211,0.27604273346181596,0.018178510665893377,0.07499999999999996,1.1999999999999993,0.0,0.0,0.18203605307422777,0.3073404047349727,0.07882356669839687,0.012342739105223988,2.1,0.07499999999999996,2.0250000000000004,0.27612200438960693
749244be19d64becb2d2a9c065a5be0a,1.7585745709465812,4.9477267507411975,2.3999999999999986,0.22500000000000053,0.33570697679407,0.5544342678709233,0.17502726379648068,0.02336168289184526,1.5757091357242756,4.9477267507411975,2.3999999999999986,0.3000000000000007,0.3300411952309852,0.5730399840491357,0.17312191542280259,0.03299245834350595,1.7585745709465812,1.5757091357242756,0.18286543522230558,0.005665781563084837
74f1506fb3f348a28783f117d9e50ff7,0.07500000000000018,1.2000000000000028,0.0,0.0,0.021799351427922393,0.040909574103904646,0.014843455757964787,0.00043258666992151973,1.4250000000000003,4.800000000000004,4.800000000000004,0.0,0.23790918751340795,0.3938084775597664,0.027334338765433792,0.008290100097655628,0.07500000000000018,1.4250000000000003,-1.35,-0.21610983608548556
75d9b7ca576b4f6883622198c6349992,0.7499999999999998,2.3999999999999986,1.2000000000000028,0.0,0.23103549977567026,0.3448599571166325,0.201745143220085,0.009798431396483842,0.7499999999999998,2.3999999999999986,1.2000000000000028,0.0,0.23513525841859423,0.3496035118159116,0.20243236266913284,0.010261631011962535,0.7499999999999998,0.7499999999999998,0.0,-0.004099758642923973
75e82936af3341b98f6aac627e82b3ce,2.795770197583601,8.48528137423857,3.6000000000000014,0.22500000000000053,0.4169045640513488,0.6375000447692254,0.09290171168912514,0.013078594207764027,2.2683780142849947,7.29931503635786,3.6000000000000014,0.15000000000000036,0.4141097742270847,0.6390983495565543,0.10259483452118773,0.012428283691406694,2.795770197583601,2.2683780142849947,0.5273921832986064,0.0027947898242640656
76143fdc216840bf8e2c7b08b0dea88f,0.5427050983124839,2.683281572999751,1.1999999999999957,0.07500000000000018,0.04685168111182539,0.11354551982852946,0.016739816005502593,0.02104640007019043,1.479636785997783,4.9477267507411975,4.947726750741191,0.3750000000000009,0.05974025512015581,0.11785007145785621,0.048561106739510466,0.025884962081909713,0.5427050983124839,1.479636785997783,-0.9369316876852991,-0.01288857400833042
78ba8faa832d4a4197d5bd3128943327,1.5000000000000002,3.6000000000000014,3.6000000000000014,0.0,0.2325112566805445,0.29131912754556644,0.21224978785784981,0.01298403739929288,1.5000000000000002,3.6000000000000014,3.6000000000000014,0.0,0.23189342796832396,0.2933132346193898,0.19614417534491552,0.012800788879395508,1.5000000000000002,1.5000000000000002,0.0,0.0006178287122205472
793bebc8b4ec41bb973b791e463213da,0.07499999999999996,1.1999999999999993,0.0,0.0,0.03128795388441994,0.05991606173209607,0.05536244718463782,0.009049129486084606,0.2250000000000003,1.2000000000000028,0.0,0.0,0.037920517108712054,0.07070909662279402,0.07070909662279402,0.00562806129455673,0.07499999999999996,0.2250000000000003,-0.15000000000000036,-0.006632563224292114
7ac789bdd09e42bfaed9a5507762c888,1.7409937608431265,4.326661530556785,1.6970562748477156,0.9750000000000001,0.30469727668021473,0.4950136841121094,0.15159808114823606,0.1129812240600585,1.7409937608431265,4.326661530556785,1.6970562748477156,0.9750000000000001,0.30469727668021473,0.4950136841121094,0.15159808114823606,0.1129812240600585,1.7409937608431265,1.7409937608431265,0.0,0.0
7b86bda4144e46b08b5c8aea57bfa969,0.30000000000000004,1.2000000000000028,0.0,0.0,0.06740866999882918,0.13109844120690398,0.02488518684862515,0.006334304809569868,0.30000000000000004,1.2000000000000028,0.0,0.0,0.06740866999882918,0.13109844120690398,0.02488518684862515,0.006334304809569868,0.30000000000000004,0.30000000000000004,0.0,0.0
7b8f2d0d1c124c4a9b9d9d3b7509b0b7,1.1312071897723661,7.299315036357866,1.1999999999999957,0.07499999999999973,0.20935992849821639,0.32192602312071755,0.10126150877930055,0.014635133743286843,1.1312071897723661,7.299315036357866,1.1999999999999957,0.07499999999999973,0.20935992849821639,0.32192602312071755,0.10126150877930055,0.014635133743286843,1.1312071897723661,1.1312071897723661,0.0,0.0
7bd9965f22864e9dbff830ced43a66da,4.874999999999999,10.799999999999997,10.799999999999997,0.0,0.6283251548274347,0.9351914111973095,0.3241967245717105,0.0111611366271962,4.725,9.600000000000001,9.600000000000001,0.0,0.630442816502935,0.9427917436710759,0.32373507949514563,0.012522125244139648,4.874999999999999,4.725,0.14999999999999947,-0.0021176616755003153
7c3270faff8a4f2aa72273142d71389c,2.1,7.199999999999996,7.199999999999996,0.0,0.2301585524478531,0.37625811587619823,0.13144741426873655,0.007064437866211026,2.025,7.199999999999996,7.199999999999996,0.0,0.2179080633422426,0.33040279217822793,0.1233954935524203,0.0065757751464841085,2.1,2.025,0.07500000000000018,0.012250489105610496
7c8ce823cc374a8f9376df6d8f0fed89,0.7954163456597998,4.326661530556792,4.326661530556792,0.15000000000000036,0.057155525361993836,0.09541998303077408,0.09541998303077408,0.02009611129760769,1.6788873605350885,6.462197768561407,6.462197768561407,0.15000000000000036,0.20578879471455588,0.31292578711931474,0.2009214837016315,0.014460611343383611,0.7954163456597998,1.6788873605350885,-0.8834710148752887,-0.14863326935256205
7d9b577aee054da5aad6f693d64e0171,0.38717082451262896,3.7947331922020573,1.2000000000000028,0.07500000000000018,0.020502507057404966,0.029591157029535034,0.025459721715613847,0.008063650131226119,0.3121708245126288,3.7947331922020573,0.0,0.07500000000000018,0.016335264202085108,0.02346737328725612,0.02053185207748911,0.007016515731812056,0.38717082451262896,0.3121708245126288,0.07500000000000018,0.004167242855319858
7ddee23fa24f4d36b251c3d3fcd0a230,0.9135254915624214,5.366563145999495,5.366563145999495,0.375,0.04731678781743763,0.08427819743889897,0.016914278631529257,0.012158203125000266,0.9135254915624214,5.366563145999495,5.366563145999495,0.375,0.04731678781743763,0.08427819743889897,0.016914278631529257,0.012158203125000266,0.9135254915624214,0.9135254915624214,0.0,0.0
7ec5350531b74c35a02877ce8314a8d5,0.8999999999999999,2.3999999999999986,2.3999999999999986,0.0,0.13463757540121685,0.2594914279876653,0.10189831098770655,0.008605384826660067,0.856066017177982,2.3999999999999986,1.697056274847713,0.07500000000000018,0.13881712322992296,0.2638128640011816,0.10286226289236951,0.008345031738280717,0.8999999999999999,0.856066017177982,0.04393398282201788,-0.004179547828706109
7ec94e16250a42f6bc6f8cdd939ba1f4,0.6580040374117908,4.9477267507411895,0.0,0.2250000000000001,0.129679908066813,0.24810183919186557,0.08404640471424842,0.03261494636535689,0.6580040374117908,4.9477267507411895,0.0,0.2250000000000001,0.11929111397397389,0.23645680820673634,0.07386473988801,0.03174476623535094,0.6580040374117908,0.6580040374117908,0.0,0.010388794092839118
7f703ec9c5c64500a687651e026bae6d,0.2999999999999998,1.1999999999999993,1.1999999999999993,0.0,0.14629667039652627,0.2593871120374322,0.06988575672818015,0.01749815940856836,0.22499999999999987,1.1999999999999993,1.1999999999999993,0.0,0.07602959794998107,0.17432119246231131,0.019197145359902485,0.015647077560423828,0.2999999999999998,0.22499999999999987,0.07499999999999996,0.0702670724465452
7f73470d1234487996a0f254b1e6c610,0.07500000000000018,1.2000000000000028,1.2000000000000028,0.0,0.036641328149675315,0.1136013259651488,0.00863708133385704,0.0073787212371829725,0.07500000000000018,1.2000000000000028,1.2000000000000028,0.0,0.036641328149675315,0.1136013259651488,0.00863708133385704,0.0073787212371829725,0.07500000000000018,0.07500000000000018,0.0,0.0
7f768fc8681d448db27638d18914d991,4.376390202701195,8.485281374238573,7.200000000000003,0.3000000000000007,0.6106645024585649,0.9198525762756306,0.3868698850259765,0.031077432632447444,4.610035939967746,9.600000000000001,9.600000000000001,0.3750000000000009,0.6486301335959627,0.9643146040949918,0.4097551402106878,0.037534332275390714,4.376390202701195,4.610035939967746,-0.23364573726655102,-0.037965631137397815
801946a4e42c4408beba883e12f349c0,0.2250000000000001,1.2000000000000028,1.2000000000000028,0.0,0.10282873895752379,0.14712475121420834,0.08497835465833213,0.013394021987915394,0.2250000000000001,1.2000000000000028,1.2000000000000028,0.0,0.10282873895752379,0.14712475121420834,0.08497835465833213,0.013394021987915394,0.2250000000000001,0.2250000000000001,0.0,0.0
803b00748c204b13a2a4cef2d017c5e4,0.15000000000000013,1.2000000000000028,0.0,0.0,0.04127090372727879,0.0609160846868431,0.0609160846868431,0.003030967712401633,0.1499999999999999,1.1999999999999993,0.0,0.0,0.030300278961520374,0.05160730613783101,0.014347400149420902,0.0012717247009272903,0.15000000000000013,0.1499999999999999,2.220446049250313e-16,0.010970624765758417
803e05d7ad2d4db5b7f5f0e1039bd322,0.15000000000000013,1.2000000000000028,0.0,0.0,0.057905992593018846,0.09278874577472414,0.010462944539239663,0.00268149375915705,0.15000000000000013,1.2000000000000028,0.0,0.0,0.057905992593018846,0.09278874577472414,0.010462944539239663,0.00268149375915705,0.15000000000000013,0.15000000000000013,0.0,0.0
8043cb6882a84dab8e4f124d31954892,0.0,0.0,0.0,0.0,0.12339004054523851,0.1837649953176726,0.13905011491761737,0.01120748519897452,0.0,0.0,0.0,0.0,0.13699615535151666,0.19697553233042006,0.14003248558402265,0.011406326293945668,0.0,0.0,0.0,-0.013606114806278144
814720ee91d54e408e6fd0dd1b356e9c,1.7496730336150152,7.29931503635786,7.29931503635786,0.22499999999999964,0.18126230732035536,0.2761976239377747,0.05214803411228919,0.009263992309570757,1.5154401116936906,7.29931503635786,7.29931503635786,0.1499999999999999,0.16215023443959506,0.23686667532119796,0.0681587777242759,0.008776617050171964,1.7496730336150152,1.5154401116936906,0.2342329219213246,0.019112072880760306
81917e9b83284a4a8ce0d7945215abe8,0.2999999999999998,2.400000000000002,0.0,0.0,0.07459259172353126,0.12286388945112028,0.02129400287839757,0.001856803894043857,0.2999999999999998,2.400000000000002,0.0,0.0,0.07459259172353126,0.12286388945112028,0.02129400287839757,0.001856803894043857,0.2999999999999998,0.2999999999999998,0.0,0.0
81d0dd84c7e54c61a8a259f7d1e7bb89,0.5999999999999996,2.3999999999999986,1.1999999999999957,0.0,0.09901629898080143,0.18523875528129852,0.035977974450025235,0.0017098903656012077,0.5999999999999996,2.3999999999999986,1.1999999999999957,0.0,0.09901629898080143,0.18523875528129852,0.035977974450025235,0.0017098903656012077,0.5999999999999996,0.5999999999999996,0.0,0.0
81e2df0d68144fc1bca59c11e4f1c3ff,1.0773793636493814,2.6832815729997526,0.0,0.6750000000000003,0.14294999423379773,0.24566022358442913,0.049728678596851136,0.08097095489501971,0.9096742653368973,2.6832815729997526,0.0,0.5250000000000004,0.10625606914919931,0.18578360744588643,0.06231937870525974,0.06300344467163077,1.0773793636493814,0.9096742653368973,0.16770509831248404,0.036693925084598414
821df5bcd0744d7280b23e6284fb8396,0.37499999999999956,2.3999999999999986,0.0,0.0,0.0666814642938659,0.09395633906534487,0.03458235882345894,0.002651023864745472,0.37499999999999956,2.3999999999999986,0.0,0.0,0.0666814642938659,0.09395633906534487,0.03458235882345894,0.002651023864745472,0.37499999999999956,0.37499999999999956,0.0,0.0
825d52c255ca46fc9ae7a7fc43d44816,2.7749999999999995,6.0,6.0,0.0,0.40985430250578375,0.5513413302467657,0.4247223602032196,0.011717605590819247,1.9500000000000002,6.0,6.0,0.0,0.29852771002625467,0.44461330886653333,0.3417493444500705,0.015808153152464754,2.7749999999999995,1.9500000000000002,0.8249999999999993,0.11132659247952909
829ca2190efe4aa88f260bffb1d0697a,0.0,0.0,0.0,0.0,0.029796295363054982,0.05594023444941791,0.024036526712235814,0.007171154022217685,0.0,0.0,0.0,0.0,0.05353597602746189,0.07746356338816522,0.06912621310273219,0.00808811187744185,0.0,0.0,0.0,-0.02373968066440691
82e2c7a48a4640ce8475d8b6930f8a1b,2.7,7.200000000000003,4.800000000000004,0.0,0.3359375306548368,0.5132307779183083,0.23021420584258262,0.005181598663329456,2.1000000000000005,7.199999999999996,1.2000000000000028,0.0,0.26289680020778605,0.38666363497449474,0.2059351878296901,0.004860734939576616,2.7,2.1000000000000005,0.5999999999999996,0.07304073044705073
856ccc626a4a4c0aaac1e62335050ac0,2.032426463519459,6.118823416311343,2.3999999999999986,0.07500000000000018,0.3542533950885168,0.5703470290869281,0.16362928524927148,0.016927528381348367,2.113633653291825,7.29931503635786,2.3999999999999986,0.15000000000000036,0.33775514515348104,0.5432912202402419,0.1745917659199329,0.01966209411621156,2.032426463519459,2.113633653291825,-0.0812071897723663,0.016498249935035736
85aa2dedde914b3b8498aa9e297db375,4.275,8.400000000000002,8.400000000000002,0.0,0.6340124301470813,0.9125662718069271,0.6267358429573441,0.015565538406371537,2.7750000000000004,6.0,5.9999999999999964,0.0,0.39672147932748064,0.5580222029270152,0.46628466592683326,0.01452555656433141,4.275,2.7750000000000004,1.5,0.23729095081960067
868c93c6935944fab6366fcc5de80dfb,1.0621708245126276,3.7947331922020573,0.0,0.07500000000000018,0.1398368368432083,0.19612373469150887,0.1565998528293374,0.009626340866089489,0.8427050983124836,3.5999999999999943,0.0,0.07500000000000018,0.1181400689524927,0.16985341124888137,0.1408104075316786,0.008941841125488459,1.0621708245126276,0.8427050983124836,0.21946572620014393,0.021696767890715604
86958f43ae42452badc0ca07c865b890,1.7508923073621085,6.118823416311343,1.2000000000000028,0.22500000000000053,0.26196803682697345,0.401402140610772,0.12919877345793465,0.03289546966552637,1.9008923073621085,6.118823416311343,1.2000000000000028,0.22500000000000053,0.23518875634683672,0.3396153509473629,0.1274189949060998,0.025034523010253995,1.7508923073621085,1.9008923073621085,-0.1499999999999999,0.026779280480136725
870a31d3032a4a4ca166c2212d245532,0.0,0.0,0.0,0.0,0.0,0.0,0.0,0.0,0.07499999999999973,1.1999999999999957,0.0,0.0,0.019934358361788487,0.0420791588973597,0.04117910203652134,0.0009193897247317118,0.0,0.07499999999999973,-0.07499999999999973,-0.019934358361788487
88209e3d4c4f456da1b7165c6ead41ff,0.6000000000000005,2.4000000000000057,1.1999999999999957,0.0,0.08700715831470698,0.14966386809214005,0.04774180049319922,0.0044899463653553795,0.22500000000000053,2.4000000000000057,0.0,0.0,0.044146947671327236,0.12592857727060233,0.010650002671206828,0.006270503997802823,0.6000000000000005,0.22500000000000053,0.375,0.04286021064337975
8a6c52baf6e14950a7d845d6c6b9656d,2.85533008588991,8.48528137423857,8.48528137423857,0.07500000000000018,0.43133364368864224,0.6365799860246723,0.2594914591684894,0.022608804702759056,3.2365372756622772,8.48528137423857,8.48528137423857,0.15000000000000036,0.488068443765463,0.6920813897551131,0.29514176227658223,0.026822376251220525,2.85533008588991,3.2365372756622772,-0.381207189772367,-0.056734800076820746
8bb6c96a85c64cd6be8d5d9002ed12a0,0.0,0.0,0.0,0.0,0.14107285486148674,0.3144593522131995,0.14792922033514944,0.010786342620848988,0.0,0.0,0.0,0.0,0.0979032292462379,0.169533040389102,0.07866740621815706,0.012359333038329812,0.0,0.0,0.0,0.04316962561524884
8d0763a5e11745c5ac84469982ea6e11,0.6000000000000001,4.800000000000001,1.2000000000000028,0.0,0.36030559924869615,0.5870433993731633,0.2688790868193286,0.02960815429687491,1.9499999999999993,5.9999999999999964,2.3999999999999986,0.0,0.6794387740646344,1.1484214368426349,0.5473922840677409,0.03587722778320401,0.6000000000000001,1.9499999999999993,-1.3499999999999992,-0.3191331748159382
8d7ed8e903b5408e964a7c4e066bdf2a,0.0,0.0,0.0,0.0,0.0,0.0,0.0,0.0,0.8475422309809328,2.683281572999754,0.0,0.3000000000000007,0.03157675565695517,0.06107257699624168,0.015776642820882786,0.0058443546295166016,0.0,0.8475422309809328,-0.8475422309809328,-0.03157675565695517
8ddfde23694a4dec815f8aaaf8125d5a,0.0,0.0,0.0,0.0,0.0,0.0,0.0,0.0,0.0,0.0,0.0,0.0,0.0,0.0,0.0,0.0,0.0,0.0,0.0,0.0
8e177aee749c47d8853227f6c33914c5,1.8749999999999996,3.6000000000000014,3.599999999999998,0.0,0.5826021026212933,0.7606697659859655,0.4728822783682883,0.01462569236755451,2.175,4.800000000000001,4.800000000000001,0.0,0.6729558346076158,0.8738864818831386,0.4937434949383453,0.01461110115051234,1.8749999999999996,2.175,-0.30000000000000027,-0.09035373198632246
9085428a301e468cbb8235791d47f051,0.0,0.0,0.0,0.0,0.043596024016335416,0.06705834511358566,0.020780471167818535,0.002780055999755504,0.0,0.0,0.0,0.0,0.03249131413123674,0.051810224240153635,0.009764236470694892,0.0019460678100577944,0.0,0.0,0.0,0.01110470988509868
914964ef6ce649c5a783014a417d3a69,0.3871708245126283,3.7947331922020506,0.0,0.07500000000000018,0.054263274167594966,0.08467848312990206,0.08467848312990206,0.011069011688232155,0.5342329219213245,4.947726750741191,0.0,0.15000000000000036,0.05210970020854494,0.1461931288917253,0.07191183096735615,0.01743264198303285,0.3871708245126283,0.5342329219213245,-0.14706209740869625,0.002153573959050026
91a1b5b5ac1b4862b6b5a7e556ca0227,0.16770509831248415,2.6832815729997463,0.0,0.1499999999999999,0.02243596707149144,0.05599137770010188,0.013487467292994996,0.014858150482177201,0.3523711820961609,2.954657340538829,2.954657340538829,0.31874999999999964,0.022299178721743765,0.056089138449776775,0.015358729791457514,0.013975238800049361,0.16770509831248415,0.3523711820961609,-0.18466608378367677,0.00013678834974767407
926dde8427454373a0f4b61b1b3c6e2f,0.5250000000000004,2.3999999999999986,1.2000000000000028,0.0,0.12836724894625942,0.29395094317705805,0.04943391249040239,0.01651496887207049,2.775,8.399999999999999,8.399999999999999,0.0,0.2758652766030673,0.39513871838858444,0.17589899442470674,0.01263499259948686,0.5250000000000004,2.775,-2.2499999999999996,-0.1474980276568079
92887f8ce86e45a2ab8d417c5c39aef2,0.7499999999999993,2.3999999999999986,2.3999999999999986,0.0,0.12264687653177705,0.22781684967365595,0.06422843239703119,0.00537471771240261,0.8249999999999995,2.3999999999999986,2.3999999999999986,0.0,0.12582420689103493,0.22835340913660906,0.07052294783003665,0.005282306671142933,0.7499999999999993,0.8249999999999995,-0.07500000000000018,-0.0031773303592578794
92f7cfd3805042238eebd1fbff915f30,0.44999999999999973,4.799999999999997,4.799999999999997,0.0,0.040810021161587676,0.07089872360171624,0.007512030173262896,0.0028859138488761538,1.2062071897723665,7.299315036357863,4.799999999999997,0.07500000000000018,0.08680979922296247,0.1256523399615875,0.046065679232208945,0.0037659645080561077,0.44999999999999973,1.2062071897723665,-0.7562071897723668,-0.0459997780613748
92fd53d745444023a73c0dd24c1edec7,5.1276923267910774,12.059850745345065,9.600000000000001,0.3750000000000009,0.6172568899661811,0.8488362006764082,0.4295824737777278,0.03517699241638228,5.657703827778104,12.059850745345065,9.600000000000001,0.45000000000000107,0.6814587122323864,0.9147681937233875,0.4855439431451215,0.03980684280395508,5.1276923267910774,5.657703827778104,-0.530011500987027,-0.0642018222662053
9370804fdd1740b7aa20f8ebe98a1121,0.0,0.0,0.0,0.0,0.2690905312833989,0.3532516947227437,0.18947593878507837,0.003807878494261452,0.1499999999999999,1.1999999999999993,0.0,0.0,1.06124567044082,1.6779661406950876,0.6081122329469757,0.020011425018312767,0.0,0.1499999999999999,-0.1499999999999999,-0.7921551391574211
9397c89e75ff4f49882869f914d7ddd4,0.3750000000000002,2.3999999999999986,1.2000000000000028,0.0,0.07665752285324193,0.11127197502866863,0.01452457008144843,0.005717182159423739,0.3750000000000002,2.3999999999999986,1.2000000000000028,0.0,0.07665752285324193,0.11127197502866863,0.01452457008144843,0.005717182159423739,0.3750000000000002,0.3750000000000002,0.0,0.0
943c8fb105a5408c805b9e023d2bdcb5,1.9500000000000004,3.6000000000000014,3.6000000000000014,0.0,0.27979243757830774,0.6592559463298769,0.0782055253721633,0.017489290237426403,1.9500000000000004,3.6000000000000014,3.6000000000000014,0.0,0.25609108718244455,0.6019210064766637,0.06293502391400638,0.01796393394470286,1.9500000000000004,1.9500000000000004,0.0,0.023701350395863185
94e8fd7330684407b1aad99692e7e5ff,0.07500000000000018,1.2000000000000028,0.0,0.0,0.02116745930602445,0.04187607483699142,0.015343048076852833,0.00633816719055158,0.45620718977236624,7.29931503635786,7.29931503635786,0.07500000000000018,0.04401892083834137,0.0804473789693003,0.0804473789693003,0.0040155887603749996,0.07500000000000018,0.45620718977236624,-0.38120718977236606,-0.022851461532316923
95602fd0ecff446398008115dfbe1feb,0.8999999999999995,4.800000000000004,1.1999999999999957,0.0,0.10687734473436009,0.1958122381642214,0.035259974842675595,0.007890558242796608,0.1499999999999999,1.2000000000000028,1.1999999999999957,0.0,0.016964454781329227,0.029968987706668483,0.016108934509755073,0.009180879592895153,0.8999999999999995,0.1499999999999999,0.7499999999999996,0.08991288995303086
95b0c6a3602544ffb3c3e014b2cdfda6,1.8487711154904665,7.199999999999996,7.199999999999996,0.15000000000000036,0.24093273346154984,0.2993629057006481,0.2656517762693647,0.010086250305175515,5.909644130663518,32.4222146066551,8.399999999999999,0.45000000000000107,0.20848630879643198,0.28750800318992137,0.28750800318992137,0.014250612258910333,1.8487711154904665,5.909644130663518,-4.060873015173052,0.03244642466511785
96d66c41d3dc42b193bf1a091ac103a3,1.3499999999999999,2.400000000000002,0.0,0.0,0.40868776394015244,0.5440976759377198,0.3024301028926217,0.0072999000549311965,1.1999999999999995,2.400000000000002,0.0,0.0,0.4394407094931437,0.600419711676681,0.34314685875788253,0.008498096466064364,1.3499999999999999,1.1999999999999995,0.15000000000000036,-0.03075294555299124
96dbf7debf4f42589d08185c32c3d67b,0.6432368416906106,3.7947331922020506,1.697056274847718,0.15000000000000036,0.04640355589126876,0.07981338760241767,0.07981338760241767,0.007946920394896306,0.6432368416906106,3.7947331922020506,1.697056274847718,0.15000000000000036,0.04640355589126876,0.07981338760241767,0.07981338760241767,0.007946920394896306,0.6432368416906106,0.6432368416906106,0.0,0.0
96ee33f7aa5e48bbab4b36f7ceead005,0.07499999999999973,1.1999999999999957,0.0,0.0,0.009298441006424666,0.015382018897082888,0.005656807050751994,0.00023431777954163735,0.07499999999999973,1.1999999999999957,0.0,0.0,0.009298441006424666,0.015382018897082888,0.005656807050751994,0.00023431777954163735,0.07499999999999973,0.07499999999999973,0.0,0.0
977ca44b5bfb4762a08c9db618c0595f,0.0,0.0,0.0,0.0,0.06881924928893399,0.2059173243700347,0.05790074756092009,0.012878179550169122,0.0,0.0,0.0,0.0,0.07005699342932019,0.12186624227291022,0.007019617844967556,0.014593648910520951,0.0,0.0,0.0,-0.0012377441403862016
978a078289b64db3a6a318e8547076ba,5.85,13.2,13.2,0.0,0.7943552449207854,1.0929131535009704,0.509180847566938,0.013983106613159269,5.699999999999999,17.999999999999996,17.999999999999996,0.0,0.7379736846207079,1.0198880111763342,0.48295277668761355,0.013585710525512162,5.85,5.699999999999999,0.15000000000000036,0.05638156030007746
97f1dba070874a2996ca717b112be788,0.0,0.0,0.0,0.0,0.03142290389052262,0.05993704444538443,0.015373869397520161,0.01142120361328125,0.0,0.0,0.0,0.0,0.03142290389052262,0.05993704444538443,0.015373869397520161,0.01142120361328125,0.0,0.0,0.0,0.0
989191ea92524bc39ae8ee546e00282c,1.5749999999999995,8.399999999999999,0.0,0.0,0.19112962207283898,0.3095990551577592,0.1578182947412676,0.0035242080688475674,1.8749999999999996,8.399999999999999,6.0,0.0,0.17925858515844445,0.2650358365349013,0.197772561623871,0.0018646717071542085,1.5749999999999995,1.8749999999999996,-0.30000000000000004,0.011871036914394534
98c9250426904b328447522d5fa7fe5e,1.0663247098729352,10.866462165764904,0.0,0.1499999999999999,0.07520593522059338,0.11269387914121659,0.06914549599275491,0.04347109794616655,1.0663247098729352,10.866462165764904,0.0,0.1499999999999999,0.07520593522059338,0.11269387914121659,0.06914549599275491,0.04347109794616655,1.0663247098729352,1.0663247098729352,0.0,0.0
990dc612e3554626b3f13c0811208e5c,0.0,0.0,0.0,0.0,0.03149945241491595,0.056212582706818386,0.03253102075419341,0.004187250137329457,0.0,0.0,0.0,0.0,0.06703169808835732,0.11081908636622048,0.057446037212696435,0.007169866561890004,0.0,0.0,0.0,-0.03553224567344137
99229622df014659a9bd93276b77e719,1.7249999999999996,4.799999999999997,4.799999999999997,0.0,0.25663235348058155,0.4038382097319361,0.13026082188555657,0.016041898727417347,1.7249999999999996,4.799999999999997,4.799999999999997,0.0,0.25663235348058155,0.4038382097319361,0.13026082188555657,0.016041898727417347,1.7249999999999996,1.7249999999999996,0.0,0.0
993b4f1ea18c408b8f02fb87a1eedc0c,1.7377565494093692,8.48528137423857,3.5999999999999943,0.15000000000000036,0.06356554907147333,0.2172800814539599,0.027186200720011683,0.010454750061036133,0.9121708245126284,3.7947331922020573,3.5999999999999943,0.07500000000000018,0.05308489082750136,0.15584310129251147,0.07469598116916168,0.009888982772827681,1.7377565494093692,0.9121708245126284,0.8255857248967408,0.010480658243971964
995f6a2b2c5f4b2b92c999a2edd00032,6.225,15.600000000000001,15.600000000000001,0.0,0.9120816535618312,1.3103125202943375,0.42917017989821454,0.012650728225707564,6.3,15.600000000000001,15.600000000000001,0.0,0.8998266059260525,1.295861322951094,0.44203040828925527,0.01014118194580016,6.225,6.3,-0.07500000000000018,0.012255047635778782
997e5e6c149d4bbcb3c210335f901c3d,0.5250000000000001,1.2000000000000028,0.0,0.0,0.06376991654275925,0.11847482267185973,0.027879513843355738,0.012148189544677557,0.5250000000000001,1.2000000000000028,0.0,0.0,0.08376745250624373,0.12369662898134537,0.023831119713145277,0.005704593658446999,0.5250000000000001,0.5250000000000001,0.0,-0.019997535963484483
9a7de05eb42a4e5bb26f4a387711b93e,0.0,0.0,0.0,0.0,0.3377044129566451,0.48725510240796666,0.25113527605496483,0.004930257797241655,0.0,0.0,0.0,0.0,0.3453335555346474,0.49738851026733116,0.2586065525536913,0.005993413925171609,0.0,0.0,0.0,-0.00762914257800229
9aaa0c5d15694673871772c685fbfae5,1.2749999999999997,8.399999999999999,8.399999999999999,0.0,0.12501552459092707,0.22653309430858554,0.04895175334420487,0.004900932312010831,1.2749999999999997,8.399999999999999,8.399999999999999,0.0,0.12501552459092707,0.22653309430858554,0.04895175334420487,0.004900932312010831,1.2749999999999997,1.2749999999999997,0.0,0.0
9b53aede69f34d4f835533f641d9d733,5.8942099115640385,10.866462165764897,6.0,0.6000000000000014,0.8621150032437077,1.3329236070837973,0.39496962414239933,0.07155904769897514,5.8942099115640385,10.866462165764897,6.0,0.6000000000000014,0.8621150032437077,1.3329236070837973,0.39496962414239933,0.07155904769897514,5.8942099115640385,5.8942099115640385,0.0,0.0
9be73d55ff7348c6aee1035ec6e427af,0.9000000000000004,2.4000000000000057,1.2000000000000028,0.0,0.07062784382095144,0.12397240235664252,0.037659346761833495,0.0067693233489984905,1.1427050983124842,3.6000000000000014,2.6832815729997477,0.07500000000000018,0.1431925286797865,0.21481293107196459,0.1151883094350442,0.004728269577026545,0.9000000000000004,1.1427050983124842,-0.24270509831248388,-0.07256468485883505
9c55787baeef4b4f944ff829e6a23860,0.15000000000000013,1.2000000000000028,0.0,0.0,0.04565659704343808,0.08285291931991694,0.022313233778902153,0.002233600616454723,0.15000000000000013,1.2000000000000028,0.0,0.0,0.04565659704343808,0.08285291931991694,0.022313233778902153,0.002233600616454723,0.15000000000000013,0.15000000000000013,0.0,0.0
9ca3ae3c6a8b4776b8543bb94f76ce5f,1.125,3.6000000000000014,1.2000000000000028,0.0,0.12692370903944075,0.19394349415364442,0.059627498162768494,0.003519487380981179,1.125,3.6000000000000014,1.2000000000000028,0.0,0.1387714833909504,0.219573303525163,0.053616308543068474,0.005201053619384943,1.125,1.125,0.0,-0.01184777435150966
9cd7ace836724f68b0fb6ecf42caf46e,3.8999999999999995,8.399999999999999,8.399999999999999,0.0,0.48653331435131975,0.7250178072955706,0.2370119543245364,0.003649663925169744,3.8999999999999995,8.399999999999999,8.399999999999999,0.0,0.48653331435131975,0.7250178072955706,0.2370119543245364,0.003649663925169744,3.8999999999999995,3.8999999999999995,0.0,0.0
9e20e9bcdf4d4c9baf52d7cd3baf2fc3,0.1499999999999999,1.2000000000000028,0.0,0.0,0.006161184087199676,0.010070005905686139,0.007727465686233563,0.0016314983367928804,0.07499999999999996,1.1999999999999993,0.0,0.0,0.014354194045608056,0.029452856955349643,0.0005099495523064929,0.0019666671752944787,0.1499999999999999,0.07499999999999996,0.07499999999999996,-0.00819300995840838
9f03829b02694c17a98fbcb20a9d66cc,0.2250000000000001,2.3999999999999986,0.0,0.0,0.022344003249781204,0.049955171483689984,0.017436134886994987,0.001754665374757547,0.9750000000000001,4.800000000000004,0.0,0.0,0.07139547260126694,0.1460915063619451,0.009292063861884489,0.0051971912384032315,0.2250000000000001,0.9750000000000001,-0.75,-0.04905146935148574
a08e592f196d4f8680f63a46ad777b88,0.22499999999999987,1.1999999999999993,0.0,0.0,0.15016032681848748,0.34580966241318584,0.08417427530724796,0.01107273101806694,0.22499999999999964,2.3999999999999986,1.1999999999999957,0.0,0.09361282838939879,0.18771663715136327,0.02213655474719681,0.010848283767701083,0.22499999999999987,0.22499999999999964,2.220446049250313e-16,0.0565474984290887
a1a01ae0cc9f428f8ba4c545e20ee88d,0.7714037464339533,4.947726750741194,0.0,0.15000000000000036,0.15717782633832011,0.25649357986756655,0.08328128500737589,0.01907730102539018,0.7714037464339534,4.947726750741194,0.0,0.15000000000000036,0.13733933928481068,0.23212094552200746,0.06075333000236643,0.020448732376098455,0.7714037464339533,0.7714037464339534,-1.1102230246251565e-16,0.019838487053509435
a278b141b8c64962954fb6240c1a1617,0.22499999999999987,1.1999999999999993,0.0,0.0,0.420116196366637,0.8213285567875557,0.3189093445009203,0.02571887969970721,0.5249999999999997,1.1999999999999993,1.1999999999999993,0.0,0.1149522722178622,0.21319960817115036,0.08592921959814209,0.008350610733032227,0.22499999999999987,0.5249999999999997,-0.2999999999999998,0.3051639241487748
a372206e09a446739e6379248264a665,0.8342329219213246,4.947726750741191,0.0,0.07500000000000018,0.09451902424780403,0.13070804695316987,0.05486741717605055,0.005278873443603782,0.8342329219213246,4.947726750741191,0.0,0.07500000000000018,0.09451902424780403,0.13070804695316987,0.05486741717605055,0.005278873443603782,0.8342329219213246,0.8342329219213246,0.0,0.0
a3d2c3ca40b3455396e7ae776f523ea0,0.5999999999999996,3.5999999999999943,0.0,0.0,0.06544640748224809,0.10496041074412796,0.03204873371274743,0.00578255653381321,0.5999999999999996,3.5999999999999943,0.0,0.0,0.06544640748224809,0.10496041074412796,0.03204873371274743,0.00578255653381321,0.5999999999999996,0.5999999999999996,0.0,0.0
a3ef62f6ceda43f0993ae7908788f623,0.07499999999999996,1.1999999999999993,0.0,0.0,1.0524484699903538,1.3738779712849487,0.8792902460041275,0.04437189102172878,0.0,0.0,0.0,0.0,0.8283638682822867,1.1502882266252492,0.726208532940002,0.034562158584594105,0.07499999999999996,0.0,0.07499999999999996,0.2240846017080671
a3fd031b3ec64e0b8173317e88927729,0.0,0.0,0.0,0.0,0.0036341993084477112,0.008995121671714654,0.0013679783100788798,0.00047221183776846587,0.0,0.0,0.0,0.0,0.0036341993084477112,0.008995121671714654,0.0013679783100788798,0.00047221183776846587,0.0,0.0,0.0,0.0
a43d2cd8447b41858887bf536628b0b9,0.46217082451262875,3.794733192202055,0.0,0.07499999999999973,0.09612681039219424,0.2778397227625904,0.06970224497399803,0.010072946548461914,0.6062071897723664,7.29931503635786,7.29931503635786,0.07500000000000018,0.03938572310364474,0.075155463574556,0.075155463574556,0.012173223495482777,0.46217082451262875,0.6062071897723664,-0.14403636525973768,0.0567410872885495
a5961ac3bd524a66b31c14de1a95129d,0.0,0.0,0.0,0.0,0.1134659817576433,0.16764324365098476,0.13022946580252004,0.007328653335571644,0.0,0.0,0.0,0.0,0.10429476487440731,0.15484561447356787,0.10535485097815107,0.0081393241882326,0.0,0.0,0.0,0.009171216883235994
a62a525907c149bcb9a877131aedbfe9,0.0,0.0,0.0,0.0,0.0,0.0,0.0,0.0,0.1499999999999999,1.2000000000000028,1.2000000000000028,0.0,0.010013298886941321,0.025194473515999346,0.016410559648056218,0.003684854507446378,0.0,0.1499999999999999,-0.1499999999999999,-0.010013298886941321
a630d170512444e6a61344987b26e7f7,1.05,2.400000000000002,1.1999999999999993,0.0,0.23027925966699228,0.39557913466283917,0.1575106720656152,0.003936481475829812,1.05,2.400000000000002,1.1999999999999993,0.0,0.24493352841070948,0.4146370091562772,0.17095422228016713,0.0039340496063240415,1.05,1.05,0.0,-0.014654268743717197
a80c1da226c043b9a343f9336516540e,0.0,0.0,0.0,0.0,0.09369250815479954,0.14255897645687005,0.10940792665263699,0.0060002803802494675,0.0,0.0,0.0,0.0,0.10642242564641564,0.1579003595301597,0.11570292439669168,0.006945276260376776,0.0,0.0,0.0,-0.012729917491616102
a85e915244be4644ba830af4cf4aaf45,2.1842329219213243,4.947726750741191,4.947726750741191,0.07500000000000018,0.4170569549200792,0.7744588678929061,0.11422277582774773,0.010798358917235351,2.1842329219213243,4.947726750741191,4.947726750741191,0.07500000000000018,0.4172368972899353,0.7747518658467459,0.11470384435037713,0.010751724243163618,2.1842329219213243,2.1842329219213243,0.0,-0.0001799423698560787
a87df67c031042d1bbd4e7f75f246064,0.33541019662496835,5.366563145999494,0.0,0.2999999999999998,0.04529463346215867,0.08978978545097176,0.03220727896291314,0.0068161010742180395,0.33541019662496835,5.366563145999494,0.0,0.2999999999999998,0.04529463346215867,0.08978978545097176,0.03220727896291314,0.0068161010742180395,0.33541019662496835,0.33541019662496835,0.0,0.0
a8b145c416944ea29d18a4fe18ad0a77,0.07499999999999996,1.1999999999999993,0.0,0.0,0.039951742840133815,0.0846757837338538,0.008988004060346088,0.01033372879028338,0.07499999999999996,1.1999999999999993,0.0,0.0,0.039951742840133815,0.0846757837338538,0.008988004060346088,0.01033372879028338,0.07499999999999996,0.07499999999999996,0.0,0.0
a956b4d52a9e40ac922d19d292c8b2d9,1.3893643319168507,4.326661530556792,0.0,0.6750000000000003,0.10341193329353066,0.19687615486654167,0.05040021267323765,0.045926570892333984,1.3893643319168507,4.326661530556792,0.0,0.6750000000000003,0.10341193329353066,0.19687615486654167,0.05040021267323765,0.045926570892333984,1.3893643319168507,1.3893643319168507,0.0,0.0
aa3fe6533db6493a97c60cf5d1de16e8,0.4902989390993068,4.9477267507411895,0.0,0.1499999999999999,0.10173312279857996,0.20970345092181042,0.0700470925373959,0.02776107788085902,0.15000000000000036,1.2000000000000028,0.0,0.0,0.05283265139514057,0.15905646916038838,0.00770361349287462,0.0248831748962397,0.4902989390993068,0.15000000000000036,0.3402989390993064,0.048900471403439394
aa7d1414139344a49ba47723de8d8d3b,4.614954555430975,13.254433220624716,8.48528137423857,0.45000000000000107,0.6045596194998037,0.916128267565002,0.2213834697813568,0.021827459335327593,2.596076780048969,7.299315036357867,7.299315036357867,0.3750000000000009,0.36308394456406073,0.5694305787548846,0.1556439139959712,0.01566038131713965,4.614954555430975,2.596076780048969,2.018877775382006,0.241475674935743
ab16639a93da45dca4bfb3b421843704,1.1249999999999998,2.4000000000000057,2.3999999999999986,0.0,0.18326780598690226,0.2871349114500806,0.12585286617847327,0.012785196304321289,0.675,2.3999999999999986,2.3999999999999986,0.0,0.10197710404442384,0.16160844587878942,0.0365268506228177,0.009292030334473012,1.1249999999999998,0.675,0.44999999999999973,0.08129070194247842
ab51516d2c3b4a0991c04f1528c7bc74,0.0,0.0,0.0,0.0,0.6389805121318284,0.9295609385155862,0.5511086058734539,0.039284992218016956,0.0,0.0,0.0,0.0,0.6625652371441078,0.9837586833220633,0.5654974491632302,0.03823642730712962,0.0,0.0,0.0,-0.023584725012279373
ab792d241daa4a409033564c3c732e67,0.1499999999999999,1.1999999999999993,0.0,0.0,0.2803787410953124,0.5869690607220054,0.20721891351554933,0.01925153732299778,0.1499999999999999,1.1999999999999993,0.0,0.0,0.13539363719993222,0.2969659990715772,0.08085776682478064,0.009529781341552024,0.1499999999999999,0.1499999999999999,0.0,0.1449851038953802
aba081efe8354fba8ec315962f56b885,0.0,0.0,0.0,0.0,0.09639624492606794,0.1457244758728153,0.11132109986118217,0.006455755233766514,0.0,0.0,0.0,0.0,0.10356851162245526,0.15397514657994463,0.11254956610565964,0.007138681411743786,0.0,0.0,0.0,-0.007172266696387319
abe76951d0a0458d84d59e689d8ecfab,2.4749999999999996,4.799999999999997,2.3999999999999986,0.0,0.38306736139326086,0.5606536567626089,0.27098123678515335,0.0092051982879644,3.6750000000000003,7.199999999999996,6.0,0.0,0.6206326647912466,0.9353058706961362,0.351994937871169,0.01486258506774929,2.4749999999999996,3.6750000000000003,-1.2000000000000006,-0.2375653033979857
ac086f3a640847fc8579368c4e42ee6f,1.65,7.199999999999996,7.199999999999996,0.07500000000000018,0.15736423716882758,0.30772898669827425,0.15607286741869356,0.00790443420410103,8.17687382958756,24.029981273400946,24.029981273400946,0.07500000000000018,0.6558612965825946,0.9056675867835822,0.47401514550595625,0.009145116806030806,1.65,8.17687382958756,-6.52687382958756,-0.49849705941376704
ad0eebd1fb5a43a3869d0eb92a2bf210,0.4500000000000002,2.400000000000002,0.0,0.0,0.16187004868432742,0.29858698463745503,0.05387942142806293,0.004908943176270775,0.4500000000000002,2.400000000000002,0.0,0.0,0.16187004868432742,0.29858698463745503,0.05387942142806293,0.004908943176270775,0.4500000000000002,0.4500000000000002,0.0,0.0
adc8378353104d2ca3333131b32037d3,1.5749999999999995,3.6000000000000014,3.599999999999998,0.0,0.16551412336665727,0.22875818895267258,0.22875818895267258,0.019255685806273348,1.5749999999999995,3.6000000000000014,3.599999999999998,0.0,0.17185979632713094,0.22842560293644018,0.2264735934464424,0.019236660003660866,1.5749999999999995,1.5749999999999995,0.0,-0.0063456729604736695
ae334a760ecd45d8a88a69014d8290ab,6.007034246140703,15.646085772486355,10.866462165764897,0.15000000000000036,0.8030194529185665,1.1919589424515213,0.4350698415910989,0.009174299240112482,5.929153885360305,10.866462165764897,10.866462165764897,0.07500000000000018,0.8131087569210664,1.205016425884959,0.43763804234004167,0.008794927597044921,6.007034246140703,5.929153885360305,0.07788036078039795,-0.010089304002499966
ae48b4eb1df54a149d78d15286793610,1.575,3.6000000000000014,1.2000000000000028,0.0,0.23257674249911545,0.294904153866567,0.1571651055043309,0.011012363433838157,1.4999999999999998,3.6000000000000014,0.0,0.0,0.2140885736131308,0.27076514902885057,0.1459319707562933,0.009512042999268111,1.575,1.4999999999999998,0.07500000000000018,0.018488168885984646
af15c54e76b04b77a7f6c6aa793e7013,0.3121708245126284,3.794733192202055,3.794733192202055,0.07499999999999973,0.06294729030466348,0.10507785560438805,0.040518006231487234,0.021791982650757546,0.3121708245126284,3.794733192202055,3.794733192202055,0.07499999999999973,0.05224096799571911,0.09195014055713259,0.028933289565699544,0.01939773559570357,0.3121708245126284,0.3121708245126284,0.0,0.010706322308944367
af571c22d255499db27ca444d6b9cef9,0.6842329219213248,4.947726750741196,1.1999999999999957,0.07499999999999973,0.11304827596582848,0.19570461760882518,0.030164274549521194,0.011055707931518999,0.6074264635194591,6.118823416311343,6.118823416311343,0.07500000000000018,0.04149607731443157,0.08683945927158125,0.08683945927158125,0.00809168815612793,0.6842329219213248,0.6074264635194591,0.07680645840186573,0.0715521986513969
afc0243a7c1c4be0aec8effe25fd8e05,0.6177050983124835,3.5999999999999943,3.5999999999999943,0.07500000000000018,0.08365846059723236,0.19516356440326227,0.053038320455776077,0.011802005767822532,0.6177050983124835,3.5999999999999943,3.5999999999999943,0.07500000000000018,0.08365846059723236,0.19516356440326227,0.053038320455776077,0.011802005767822532,0.6177050983124835,0.6177050983124835,0.0,0.0
affcd42d9f3041e7a8e739825fe126c3,2.225948632887426,6.4621977685614045,3.794733192202055,0.8999999999999995,0.18705054785027553,0.2828309705572449,0.0888449017548067,0.07363343238830611,2.225948632887426,6.4621977685614045,3.794733192202055,0.8999999999999995,0.18705054785027553,0.2828309705572449,0.0888449017548067,0.07363343238830611,2.225948632887426,2.225948632887426,0.0,0.0
b024c29991134caf93eec0576496374b,0.7500000000000007,3.6000000000000014,0.0,0.0,0.10801803502975502,0.18577651592624334,0.12636460530274807,0.008794212341306284,0.15000000000000036,1.2000000000000028,0.0,0.0,0.0758210650452382,0.12858286097450053,0.10021134206997777,0.008786201477049005,0.7500000000000007,0.15000000000000036,0.6000000000000003,0.03219696998451682
b0dd4347abd74b6aa1b33e813b4e2d44,0.15000000000000013,1.2000000000000028,0.0,0.0,0.021118510624449513,0.04079833517810172,0.0009797639821493855,0.0010168075561520773,0.9749999999999996,4.800000000000004,1.2000000000000028,0.0,0.13949556169338384,0.27150376417561806,0.08122577713435927,0.005938768386842153,0.15000000000000013,0.9749999999999996,-0.8249999999999995,-0.11837705106893433
b2024b635e624a719d16d85b395447d3,0.8250000000000002,2.400000000000002,0.0,0.0,0.1641601997539741,0.23461362602652833,0.10046528575354663,0.013190603256224787,0.8250000000000002,2.400000000000002,0.0,0.0,0.16061315095655973,0.227042482009073,0.09979533882597245,0.012923669815062322,0.8250000000000002,0.8250000000000002,0.0,0.0035470487974143816
b215c97ce8c845689e51aa44236bab37,0.0,0.0,0.0,0.0,0.0,0.0,0.0,0.0,0.0,0.0,0.0,0.0,0.0,0.0,0.0,0.0,0.0,0.0,0.0,0.0
b28331aae3044004959ebbd7026201b1,1.9499999999999997,4.799999999999997,4.799999999999997,0.0,0.23564660096558918,0.39679583843338667,0.12206834396920573,0.009047842025756925,1.9499999999999997,4.799999999999997,4.799999999999997,0.0,0.23564660096558918,0.39679583843338667,0.12206834396920573,0.009047842025756925,1.9499999999999997,1.9499999999999997,0.0,0.0
b2d77fbfe24e4cdb988949cc2565652b,0.5999999999999999,1.2000000000000028,0.0,0.0,0.23551309052024616,0.4919014203467181,0.056820930817635354,0.040915203094484376,0.9749999999999996,3.599999999999998,0.0,0.0,0.2725576974062305,0.5470812564587337,0.089300570195626,0.04303078651428249,0.5999999999999999,0.9749999999999996,-0.3749999999999998,-0.03704460688598432
b2ec277710fd4cefbf8bdbbe870f142c,3.4499999999999993,7.199999999999996,5.9999999999999964,0.0,0.4442305822744079,0.8700837608410661,0.33056154939983723,0.0135123252868663,3.3,6.0,5.9999999999999964,0.0,0.4399945714999378,0.8747680162212688,0.32454193084389343,0.012527418136597746,3.4499999999999993,3.3,0.14999999999999947,0.004236010774470111
b3537c4657784727934760188904dde8,1.2864736833812218,3.7947331922020573,3.7947331922020573,0.5250000000000012,0.0735823629669746,0.12135939808992639,0.06685146031568293,0.04743947982788166,0.7104101966249693,2.683281572999751,1.2000000000000028,0.45000000000000107,0.12028916330934235,0.3074516336248673,0.04778662506701803,0.04577279090881348,1.2864736833812218,0.7104101966249693,0.5760634867562525,-0.04670680034236775
b3784e8b52d640fdb06df83b69ea17a0,1.1249999999999996,2.400000000000002,2.3999999999999986,0.0,0.10967103135858038,0.2426181843496002,0.05770558480240796,0.008831405639647905,0.7499999999999998,1.2000000000000028,1.1999999999999993,0.0,0.1089623094856659,0.1987789926934246,0.1297445290364549,0.010066795349120472,1.1249999999999996,0.7499999999999998,0.3749999999999998,0.0007087218729144723
b3d12b24168345f48dc98620ad893552,0.4810660171779828,3.6000000000000014,0.0,0.07500000000000018,0.069836010934909,0.09673077818303051,0.07440835153402592,0.00693955421447745,0.4810660171779828,3.6000000000000014,0.0,0.07500000000000018,0.069836010934909,0.09673077818303051,0.07440835153402592,0.00693955421447745,0.4810660171779828,0.4810660171779828,0.0,0.0
b415966455a34227b2f316fdfa7fa51b,0.1499999999999999,1.2000000000000028,0.0,0.0,0.08092006119399314,0.1286345829055949,0.06916442210012813,0.004171657562255238,0.3871708245126288,3.794733192202055,0.0,0.07499999999999973,0.10397807092006316,0.16659333538149018,0.07500572140857162,0.004006004333496183,0.1499999999999999,0.3871708245126288,-0.23717082451262889,-0.023058009726070014
b43fbf39e2264a6cb080081092f7a036,6.374999999999998,11.999999999999996,11.999999999999996,0.0,0.4410921493832133,0.8342955812351673,0.17894076606927473,0.010890483856200284,6.299999999999999,11.999999999999996,11.999999999999996,0.0,0.39943508771862646,0.7629171447639548,0.16844742446955988,0.010126733779908026,6.374999999999998,6.299999999999999,0.07499999999999929,0.041657061664586825
b47912e8abba4a70944e901ea8efecfa,1.4249999999999996,2.400000000000002,2.3999999999999986,0.0,0.2576491591889185,0.3686080286693666,0.12261892184893154,0.02002530097961497,1.4249999999999996,2.400000000000002,2.3999999999999986,0.0,0.2576491591889185,0.3686080286693666,0.12261892184893154,0.02002530097961497,1.4249999999999996,1.4249999999999996,0.0,0.0
b529d120a9644b77ae4219636563c20d,5.3999999999999995,12.0,7.199999999999996,0.0,1.0399912662158313,1.5778131368415012,0.44202035432809483,0.026444578170776722,5.924999999999999,12.0,8.399999999999999,0.0,1.1701351401333853,1.6829941173604521,0.5830899002881059,0.018859291076659623,5.3999999999999995,5.924999999999999,-0.5249999999999995,-0.130143873917554
b55fae3bbf8e40c7810f46e7ebc202e0,0.848035184202395,2.6832815729997477,2.6832815729997477,0.5250000000000004,0.1344003015906613,0.25964847241251926,0.08466619123421479,0.04449777603149441,0.848035184202395,2.6832815729997477,2.6832815729997477,0.5250000000000004,0.1344003015906613,0.25964847241251926,0.08466619123421479,0.04449777603149441,0.848035184202395,0.848035184202395,0.0,0.0
b5b3ab1fcada4eb2a9b9d522ba2c7f44,1.2749999999999997,3.6000000000000014,2.3999999999999986,0.0,0.18538202627152073,0.2577992130609412,0.08064841916567014,0.007813167572020774,1.2,3.6000000000000014,1.2000000000000028,0.0,0.1432774331534852,0.20871435468010538,0.03651268620396546,0.005617332458496271,1.2749999999999997,1.2,0.07499999999999973,0.04210459311803552
b731e3bfd7b64247b9d9708e67847933,0.8252922684849118,4.326661530556785,0.0,0.375,0.10086596082574825,0.17748797609395622,0.04707344829236168,0.009962654113770508,0.8252922684849118,4.326661530556785,0.0,0.375,0.08231260076214242,0.14841867971475683,0.03654012569726901,0.014070653915406073,0.8252922684849118,0.8252922684849118,0.0,0.018553360063605834
b79ad95c2bca4049bdfef8b479dddcc3,2.25,7.199999999999996,7.199999999999996,0.0,0.2670157966619283,0.40775280346091175,0.1868174843026707,0.004036617279053356,2.25,7.199999999999996,7.199999999999996,0.0,0.2670157966619283,0.40775280346091175,0.1868174843026707,0.004036617279053356,2.25,2.25,0.0,0.0
b7f8c5c6a5554286b4a4fae650a7b799,2.0249999999999995,4.800000000000001,2.400000000000002,0.0,0.07280094224731647,0.17251644613539716,0.11755690900071256,0.025390291213988725,1.275,2.400000000000002,2.400000000000002,0.0,0.05672419212084924,0.16674405512248475,0.08396672102451044,0.019806146621703213,2.0249999999999995,1.275,0.7499999999999996,0.016076750126467226
b8aea4184f244ea1a9c9d1ed01ddcf21,0.0,0.0,0.0,0.0,0.0,0.0,0.0,0.0,0.0,0.0,0.0,0.0,0.0,0.0,0.0,0.0,0.0,0.0,0.0,0.0
b8e04b4ef02a4cbf832bd4d486215035,0.8999999999999995,2.3999999999999986,1.1999999999999993,0.0,0.4296275926508317,0.706951076556783,0.1649935063870657,0.03084583282470721,0.07499999999999996,1.1999999999999993,0.0,0.0,0.28624519869014836,0.613985206037062,0.07248223967150061,0.030688476562500178,0.8999999999999995,0.07499999999999996,0.8249999999999995,0.14338239396068336
b909e2457fcb4f448e088c5c5e4c6ebf,0.24270509831248396,2.6832815729997477,1.1999999999999957,0.07500000000000018,0.008055149140796455,0.012722541741001417,0.00426662816674497,0.00025234222412162666,0.24270509831248396,2.6832815729997477,1.1999999999999957,0.07500000000000018,0.008055149140796455,0.012722541741001417,0.00426662816674497,0.00025234222412162666,0.24270509831248396,0.24270509831248396,0.0,0.0
b963a2497ecb4093b5031a9d029f97fa,0.0,0.0,0.0,0.0,0.0,0.0,0.0,0.0,0.0,0.0,0.0,0.0,0.0,0.0,0.0,0.0,0.0,0.0,0.0,0.0
b9ee9454a4c146dfab5195ec66fd99b4,0.1499999999999997,1.1999999999999993,0.0,0.0,0.006782424378226586,0.01901647154793283,0.001225185034247997,0.0010075092315666723,0.15000000000000036,2.4000000000000057,0.0,0.0,0.019887430980238194,0.031003420219446926,0.009365935339172,0.0018133163452156431,0.1499999999999997,0.15000000000000036,-6.661338147750939e-16,-0.013105006602011608
ba20a7743bae4d2dabc6be640c66ccc7,0.0,0.0,0.0,0.0,0.0,0.0,0.0,0.0,0.0,0.0,0.0,0.0,0.0,0.0,0.0,0.0,0.0,0.0,0.0,0.0
ba5d4c21f9d1441a80355fb2b2bd5908,4.5,8.399999999999999,6.0,0.0,0.6415308667396596,0.9609820420775086,0.27246882528185823,0.008071947097777699,4.2,8.399999999999999,6.0,0.0,0.5711590369873868,0.8589127391142397,0.2513502019365266,0.007030820846557706,4.5,4.2,0.2999999999999998,0.07037182975227285
ba7ce3cfc56b4ca9ad22c58da034fb22,3.2356601717798226,8.485281374238577,8.485281374238577,0.15000000000000036,0.4184529024649312,0.5263949946523307,0.4060938671552437,0.01678991317749068,3.080330085889911,8.485281374238577,8.485281374238577,0.07500000000000018,0.4396141176804391,0.5470257165342107,0.4170601853697029,0.017168426513671786,3.2356601717798226,3.080330085889911,0.15533008588991137,-0.0211612152155079
bbae0774a59a476f9ad1445911570c5f,11.272118913556193,22.83155710852854,22.83155710852854,0.6000000000000014,1.4905542881528613,1.9805476147545893,1.0501697678835962,0.06562228202819753,10.523714987125857,22.83155710852854,22.83155710852854,0.6000000000000014,1.3636371577574127,1.828916515843415,1.0122736733045257,0.06236228942870925,11.272118913556193,10.523714987125857,0.7484039264303366,0.1269171303954486
bd2a92cb8ae14c30832994f0681b667d,1.505330085889911,8.48528137423857,0.0,0.07500000000000018,0.21989535400403656,0.33137139366888274,0.09109805540871597,0.007630205154418146,1.5803300858899108,8.48528137423857,1.1999999999999957,0.07500000000000018,0.21126419527065327,0.33238261206921843,0.06371841348447797,0.007043552398681374,1.505330085889911,1.5803300858899108,-0.07499999999999973,0.008631158733383298
bd6df9c463cd432fbdd6ede57f89107d,1.575,7.199999999999996,7.199999999999996,0.0,0.1394687688854207,0.23548546518109567,0.0638992819508107,0.009874391555785955,1.575,7.199999999999996,7.199999999999996,0.0,0.1394687688854207,0.23548546518109567,0.0638992819508107,0.009874391555785955,1.575,1.575,0.0,0.0
bf0bf249247141a4b9bc968d821830bd,0.8249999999999995,3.599999999999998,0.0,0.0,0.9285698351616672,1.218161475528806,0.764477566078651,0.054799604415894265,1.1999999999999993,3.599999999999998,0.0,0.0,1.1592480343501173,1.4979828290485913,0.999799539659814,0.06574945449829173,0.8249999999999995,1.1999999999999993,-0.3749999999999998,-0.23067819918845
bf8ce5c20e0945069903f474652ce37a,0.30923292192132446,4.947726750741191,0.0,0.07500000000000018,0.030286149256976345,0.04738382614058212,0.04738382614058212,0.004852008819579812,0.6092329219213247,4.947726750741191,4.947726750741191,0.07500000000000018,0.09384373766579934,0.14491978979442224,0.13209519469015535,0.00335412025451598,0.30923292192132446,0.6092329219213247,-0.30000000000000027,-0.063557588408823
bfd4da581aef4e4aacdc94e11e9a1911,5.3862440931280435,39.98899848708392,6.0,1.4625000000000006,0.47939920440468564,0.7989085155322044,0.21757458326211113,0.022402524948120117,5.3862440931280435,39.98899848708392,6.0,1.4625000000000006,0.47939920440468564,0.7989085155322044,0.21757458326211113,0.022402524948120117,5.3862440931280435,5.3862440931280435,0.0,0.0
c040a969ea194be38ab9d25d97c9d9fc,0.5250000000000004,3.6000000000000014,1.1999999999999957,0.0,0.052446950541297714,0.12939558231178608,0.022942547589436847,0.004362773895264738,0.5250000000000004,3.6000000000000014,1.1999999999999957,0.0,0.052446950541297714,0.12939558231178608,0.022942547589436847,0.004362773895264738,0.5250000000000004,0.5250000000000004,0.0,0.0
c084d4295ac74f82951f9f943c5e4540,0.418236841690611,3.794733192202055,0.0,0.1499999999999999,0.06919604767175366,0.08702358615868734,0.07776249000928032,0.006559753417968661,0.418236841690611,3.794733192202055,0.0,0.1499999999999999,0.06619361764820438,0.08456262069044682,0.07826571689070354,0.006653594970702059,0.418236841690611,0.418236841690611,0.0,0.003002430023549288
c086d9cc8404494f9aa74864fa7a6a46,0.5999999999999996,2.3999999999999986,1.1999999999999993,0.0,0.09685455907896465,0.20248084943422218,0.03318455025779598,0.012747573852538885,1.6500000000000001,4.800000000000001,2.400000000000002,0.0,0.11945510124362282,0.21885232188249826,0.055067258556155144,0.012176513671875888,0.5999999999999996,1.6500000000000001,-1.0500000000000005,-0.022600542164658177
c090b86c7b9c4e97a3e145a70c98c631,1.4303300858899108,8.485281374238568,1.2000000000000028,0.07499999999999973,0.1874951211677781,0.24909704396081855,0.15197538156011922,0.008476495742798296,0.7751315618319431,6.118823416311341,0.0,0.1499999999999999,0.11962431747959727,0.18807891117880285,0.07144817462642628,0.022486925125122514,1.4303300858899108,0.7751315618319431,0.6551985240579677,0.06787080368818084
c0e4b1016c09468c9b1ce496462eb1ad,1.2359031498464315,2.6832815729997477,1.2000000000000028,0.45000000000000107,0.25123202183282256,0.48599790135873483,0.12987694204479863,0.007527208328247159,0.7592329219213244,4.947726750741191,0.0,0.07500000000000018,0.16912925757462138,0.3238038978325899,0.08140224632048357,0.005595159530641158,1.2359031498464315,0.7592329219213244,0.47667022792510705,0.08210276425820118
c162262f72994dbbab45c8fbb9bca442,0.0,0.0,0.0,0.0,0.01737469823164354,0.02385863906497371,0.014791523842982822,0.007599735260008789,0.0,0.0,0.0,0.0,0.01737469823164354,0.02385863906497371,0.014791523842982822,0.007599735260008789,0.0,0.0,0.0,0.0
c1b68aa96280460c85bff795ce202a86,0.7019380202338085,4.9477267507411895,0.0,0.1499999999999999,0.06050860880104708,0.13242216814375826,0.009490539443033751,0.011177444458008612,0.7019380202338085,4.9477267507411895,0.0,0.1499999999999999,0.06050860880104708,0.13242216814375826,0.009490539443033751,0.011177444458008612,0.7019380202338085,0.7019380202338085,0.0,0.0
c1f344cadf354fe0b12446935e54247e,0.30000000000000027,3.6000000000000014,0.0,0.0,0.020885870137378373,0.03645648139570765,0.0025208858796159366,0.0004978179931645066,0.30000000000000027,3.6000000000000014,0.0,0.0,0.020885870137378373,0.03645648139570765,0.0025208858796159366,0.0004978179931645066,0.30000000000000027,0.30000000000000027,0.0,0.0
c2102371cbcf4d8f9eb66069a3d5b350,2.4000000000000004,4.800000000000004,4.800000000000004,0.0,0.39881880470047204,0.7688993333774921,0.18911130906628845,0.023974514007568892,3.3000000000000003,7.200000000000003,6.0,0.0,0.49574642495839943,0.842910819045448,0.294180642688566,0.012266635894774947,2.4000000000000004,3.3000000000000003,-0.8999999999999999,-0.0969276202579274
c23d31d8582d48839ebee9a14f348184,0.0,0.0,0.0,0.0,0.17155070616036905,0.26632103785665884,0.11133053587982415,0.0061127185821532315,0.0,0.0,0.0,0.0,0.17155070616036905,0.26632103785665884,0.11133053587982415,0.0061127185821532315,0.0,0.0,0.0,0.0
c261faeb1eb0442e98d78100827ede0b,0.0,0.0,0.0,0.0,0.01257465646961,0.020477264293420443,0.0025661971777835675,0.0007644653320326711,0.0,0.0,0.0,0.0,0.01257465646961,0.020477264293420443,0.0025661971777835675,0.0007644653320326711,0.0,0.0,0.0,0.0
c2632199264b4c1d8b1227e44070e48d,0.0,0.0,0.0,0.0,0.03039536343341244,0.04363014747760218,0.01350426883806297,0.0011788845062254971,0.0,0.0,0.0,0.0,0.03039536343341244,0.04363014747760218,0.01350426883806297,0.0011788845062254971,0.0,0.0,0.0,0.0
c2fb158b3f7147d5a2fa2df9e58ab8c8,0.0,0.0,0.0,0.0,0.58308435148738,0.8406354288609198,0.46673930875103303,0.016848993301391335,0.0,0.0,0.0,0.0,0.07017829624313598,0.18115807377680443,0.07931243868243791,0.0058276176452638495,0.0,0.0,0.0,0.512906055244244
c43f484292584b2d8837d673c30a075e,6.75,14.399999999999999,14.399999999999999,0.0,1.1394779555470684,1.5891809638130516,0.607030388395839,0.01295585632324281,7.7250000000000005,15.600000000000001,14.399999999999999,0.0,1.236637336309113,1.7989560763953518,0.5641634774276453,0.015222215652466176,6.75,7.7250000000000005,-0.9750000000000005,-0.09715938076204456
c4bd1994696342e386e28a05135b09ad,3.691206606784668,9.674709297958257,8.399999999999999,0.22500000000000053,0.44777708416773315,0.7495344505765354,0.2641125092265779,0.013043260574341797,3.766206606784668,9.674709297958257,8.399999999999999,0.22500000000000053,0.4590131102665045,0.768551498009079,0.27669260688153025,0.016989040374755682,3.691206606784668,3.766206606784668,-0.07499999999999973,-0.011236026098771335
c58ee2cbaaf240f4a5bf26b4511f0c17,0.1499999999999997,1.1999999999999993,0.0,0.0,0.05962763451982504,0.1288200336644172,0.010743236490532038,0.005917024612426491,0.1499999999999997,1.1999999999999993,0.0,0.0,0.05962763451982504,0.1288200336644172,0.010743236490532038,0.005917024612426491,0.1499999999999997,0.1499999999999997,0.0,0.0
c631973ced6f42e0950a16d00036fe8a,2.625,16.799999999999997,16.799999999999997,0.0,0.14192612025628343,0.20643800163248865,0.07921850514092163,0.0067151069641111505,1.4250000000000005,8.399999999999999,8.399999999999999,0.0,0.07453759994736231,0.12723834533111544,0.09712845166481654,0.004421997070312322,2.625,1.4250000000000005,1.1999999999999995,0.06738852030892112
c691715ac1dd41dfb4ef848b6e722fdb,2.9349994170123015,9.67470929795826,8.48528137423857,0.15000000000000036,0.3616012164966119,0.6323774753976158,0.06417404605806584,0.008669757843018822,2.9349994170123015,9.67470929795826,8.48528137423857,0.15000000000000036,0.3616012164966119,0.6323774753976158,0.06417404605806584,0.008669757843018822,2.9349994170123015,2.9349994170123015,0.0,0.0
c76efd09fff94c32b9a77b0c634856af,1.9048759228251124,3.7947331922020573,1.1999999999999957,0.15000000000000036,0.2289688292188593,0.3268394848020317,0.2002911093278335,0.029462099075316495,1.9048759228251124,3.7947331922020573,1.1999999999999957,0.15000000000000036,0.19102455428958914,0.27507996677465035,0.17566163900514983,0.024474906921385653,1.9048759228251124,1.9048759228251124,0.0,0.03794427492927016
c7bc941606594eed8f7fa4b691a45f8e,0.7636531873504098,4.3266615305567875,4.3266615305567875,0.2999999999999998,0.09640560313876728,0.2243338597947731,0.014176351333588997,0.027654933929442738,0.7636531873504098,4.3266615305567875,4.3266615305567875,0.2999999999999998,0.09640560313876728,0.2243338597947731,0.014176351333588997,0.027654933929442738,0.7636531873504098,0.7636531873504098,0.0,0.0
c7ef305389fd4fa2b19ab0f7447d9206,0.4992640687119282,1.6970562748477156,0.0,0.37499999999999956,0.08475375485794404,0.11973345995888783,0.019255186791410465,0.04134421348571715,0.4992640687119282,1.6970562748477156,0.0,0.37499999999999956,0.08475375485794404,0.11973345995888783,0.019255186791410465,0.04134421348571715,0.4992640687119282,0.4992640687119282,0.0,0.0
c901e00f77d84b79a8d7d6fc5b2f83af,2.029153885360305,10.866462165764897,0.0,0.07500000000000018,0.13002807841212666,0.24437130802382973,0.08094874721852817,0.013908004760740944,2.029153885360305,10.866462165764897,0.0,0.07500000000000018,0.10549466901737475,0.190852819800379,0.13274583969694198,0.014932680130003817,2.029153885360305,2.029153885360305,0.0,0.024533409394751904
c904117aac1d4b239aa6a3f703fcc295,3.2463287165631756,9.67470929795826,1.2000000000000028,0.22500000000000053,0.4967964662734395,0.7559945086378895,0.26256268696538904,0.03159127235412651,3.3305616384845,9.67470929795826,1.2000000000000028,0.3000000000000007,0.5092819084369044,0.7813815206761654,0.2601291848313463,0.03600225448608496,3.2463287165631756,3.3305616384845,-0.08423292192132426,-0.012485442163464866
c93a7e7a083848b9bf26b8438c052426,1.001938020233809,4.947726750741196,0.0,0.1499999999999999,0.16204042577214786,0.26340762833790876,0.08130100724160834,0.014756870269776012,1.216659385440783,6.118823416311341,0.0,0.14999999999999947,0.1450912372203249,0.20526531825814412,0.13959569950572231,0.01443915367126447,1.001938020233809,1.216659385440783,-0.21472136520697394,0.016949188551822952
c9d7e10a54e44e1fa6bb73350362d108,1.0810660171779816,4.799999999999997,0.0,0.07500000000000018,0.1218711774768167,0.2824196959842807,0.04024959035343795,0.010912084579468573,1.262132034355964,8.399999999999999,0.0,0.15000000000000036,0.11572310341310021,0.26882077778424707,0.04076174069233446,0.011412620544434926,1.0810660171779816,1.262132034355964,-0.18106601717798254,0.00614807406371648
ca08ecf430ce4eceaea30a6a2a8eef95,7.264619733230447,32.1840022371364,32.1840022371364,2.0437500000000006,0.9306345937373114,1.3455968998347907,0.5328653315408829,0.004487228393554865,7.264619733230447,32.1840022371364,32.1840022371364,2.0437500000000006,0.9306345937373114,1.3455968998347907,0.5328653315408829,0.004487228393554865,7.264619733230447,7.264619733230447,0.0,0.0
cad8d994d6b14ffe963e9dc7768d0a0e,0.7562071897723663,7.29931503635786,7.29931503635786,0.07500000000000018,0.05600943060757753,0.1347850355067929,0.02226341324411633,0.008946990966795632,0.1499999999999999,1.2000000000000028,0.0,0.0,0.025945814301828192,0.07751415740631008,0.0335908764220813,0.006887483596802024,0.7562071897723663,0.1499999999999999,0.6062071897723664,0.030063616305749337
cb8fbf228afd41fcb6e81ae7fe18ba61,0.0,0.0,0.0,0.0,0.0,0.0,0.0,0.0,0.0,0.0,0.0,0.0,0.0,0.0,0.0,0.0,0.0,0.0,0.0,0.0
cc0b614fd61441c4aeab282556d6d827,3.0,7.200000000000003,1.2000000000000028,0.0,0.4900714623361031,0.6840569005958694,0.20726518194295238,0.004896211624143554,3.825,8.399999999999999,4.800000000000004,0.0,0.5592099765006926,0.7871840267241559,0.365874500609583,0.005307197570799449,3.0,3.825,-0.8250000000000002,-0.06913851416458949
cc6624264d1f44de9aa4bd0ebfef2d17,0.0,0.0,0.0,0.0,0.0,0.0,0.0,0.0,0.0,0.0,0.0,0.0,0.0,0.0,0.0,0.0,0.0,0.0,0.0,0.0
cc71e504f560478ba9686b0ba983f1e6,1.140440111693691,7.29931503635786,7.29931503635786,0.1499999999999999,0.1411907510283422,0.2378326279217017,0.050293914088139484,0.015367126464844283,1.140440111693691,7.29931503635786,7.29931503635786,0.1499999999999999,0.13654601240379804,0.23235891600639927,0.045202044377009545,0.016185092926026545,1.140440111693691,1.140440111693691,0.0,0.004644738624544148
ccb13c286a894d1a9b9a200c89df5657,0.0,0.0,0.0,0.0,0.0,0.0,0.0,0.0,0.0,0.0,0.0,0.0,0.0,0.0,0.0,0.0,0.0,0.0,0.0,0.0
cd02458f6b5e4da88265f2a07c3fd3b3,2.25,4.800000000000001,2.400000000000002,0.0,0.15788779064953443,0.3566518468438768,0.09293631336971106,0.01410341262817294,2.175,4.800000000000001,2.400000000000002,0.0,0.15038411661885162,0.3775541844228165,0.08347597482123814,0.017334794998169478,2.25,2.175,0.07500000000000018,0.007503674030682805
cd7b7f9917364acc9e25e8d21e4dc297,6.825000000000001,12.000000000000004,8.400000000000002,0.0,0.7023121854709267,1.0789325313609899,0.34887444222963676,0.008023166656494496,6.375,10.8,8.400000000000002,0.0,0.6642984692309274,1.0263643130463853,0.3265228448688904,0.007147550582886186,6.825000000000001,6.375,0.45000000000000107,0.03801371623999927
cdb3834353f14888a0ff07af5a9cf749,0.07500000000000018,1.2000000000000028,0.0,0.0,0.013289673489204314,0.020534568090654293,0.01122220409055513,0.0012368202209471768,0.07500000000000018,1.2000000000000028,0.0,0.0,0.013289673489204314,0.020534568090654293,0.01122220409055513,0.0012368202209471768,0.07500000000000018,0.07500000000000018,0.0,0.0
d10b140e450541f9b32f8be701f3ba37,0.5560660171779825,2.3999999999999986,0.0,0.07500000000000018,0.050283464134788826,0.12991850612805572,0.027813887297408232,0.007539796829223899,0.5427050983124841,2.683281572999751,2.3999999999999986,0.07500000000000018,0.028608068877825552,0.04173070145712954,0.01049933772134873,0.008632135391234197,0.5560660171779825,0.5427050983124841,0.013360918865498395,0.021675395256963274
d38dc13e1d5b4293862ac935d0477b5f,0.30923292192132446,4.947726750741191,4.947726750741191,0.07500000000000018,0.020931035114635444,0.03736870176495583,0.0211473816311087,0.01647262573242081,0.30923292192132446,4.947726750741191,4.947726750741191,0.07500000000000018,0.021299441709191437,0.03747886745859851,0.02155496120832572,0.01656703948974636,0.30923292192132446,0.30923292192132446,0.0,-0.0003684065945559929
d3ab0416f5ee4f4c9a4f4d73e57923f9,1.812170824512629,6.0,1.2000000000000028,0.07500000000000018,0.3588427165649047,0.5654338539049114,0.14602670691675387,0.0177115917205799,1.812170824512629,6.0,1.2000000000000028,0.07500000000000018,0.3588427165649047,0.5654338539049114,0.14602670691675387,0.0177115917205799,1.812170824512629,1.812170824512629,0.0,0.0
d42de3cbf3624687902c660d3980c7e0,5.884639089328777,13.254433220624712,4.799999999999997,0.5250000000000012,0.872763683412651,1.356142969473388,0.3817303652136555,0.058711624145508345,5.660516193211232,13.254433220624712,3.6000000000000014,0.5250000000000012,0.8378982871356209,1.3045440557291819,0.38363894455949155,0.05860419273376438,5.884639089328777,5.660516193211232,0.224122896117545,0.034865396277030114
d4437f7299da465a9115120375104a24,2.6630631318747358,6.118823416311339,2.3999999999999986,0.3000000000000007,0.4551398368620231,0.624584063227952,0.34856941310847067,0.02342176437377974,2.3752339563873646,6.118823416311339,2.3999999999999986,0.3750000000000009,0.4223220055465757,0.5669082946363364,0.33424327734845155,0.02121262550354075,2.6630631318747358,2.3752339563873646,0.2878291754873712,0.03281783131544741
d4e1900fe6c64112afc5d777d858f467,4.522775454677405,10.866462165764897,4.799999999999997,0.3000000000000007,0.8151853315503929,1.197010279176699,0.36515415463555156,0.05364489555358842,4.522775454677405,10.866462165764897,4.799999999999997,0.3000000000000007,0.8151853315503929,1.197010279176699,0.36515415463555156,0.05364489555358842,4.522775454677405,4.522775454677405,0.0,0.0
d4f97f43798a4c989b318ea1ec60b5e8,0.6000000000000001,2.4000000000000057,1.1999999999999957,0.0,0.09749906389759441,0.1528453240863614,0.04760517261767439,0.0072426795959468215,0.22499999999999987,1.2000000000000028,1.1999999999999957,0.0,0.07656903553861058,0.12608703199175017,0.03571843964254962,0.006723690032958363,0.6000000000000001,0.22499999999999987,0.3750000000000002,0.020930028358983832
d538bb728f8f40698d8147a0361a6e92,0.28713203435596446,1.6970562748477156,0.0,0.2250000000000001,0.03000510862750619,0.06654241528506989,0.04770240310091589,0.012769603729247958,0.28713203435596446,1.6970562748477156,0.0,0.2250000000000001,0.03000510862750619,0.06654241528506989,0.04770240310091589,0.012769603729247958,0.28713203435596446,0.28713203435596446,0.0,0.0
d56db49e196c448ea29ea2bdb54ca811,0.5249999999999999,1.2000000000000028,0.0,0.0,0.15474835440079354,0.291866445937099,0.10733868460880118,0.017862939834594638,0.5249999999999999,1.2000000000000028,0.0,0.0,0.15367863339030863,0.29248754290987683,0.10746515036341682,0.017662382125853693,0.5249999999999999,0.5249999999999999,0.0,0.0010697210104849142
d5ad6fac138744c0b7cadc62843cb9be,0.2250000000000001,1.2000000000000028,0.0,0.0,0.016791345016578058,0.032651386572239746,0.007464250414483866,0.002718400955199929,0.2250000000000001,1.2000000000000028,0.0,0.0,0.019696819249157747,0.044046643018238255,0.012320383525734948,0.003094053268431818,0.2250000000000001,0.2250000000000001,0.0,-0.00290547423257969
d62b0f9db06440c695781c52ed71909a,1.6843644837532674,6.118823416311341,1.2000000000000028,0.22499999999999964,0.2305920417704474,0.36788156797163407,0.16229377259187885,0.02041926383972248,1.9020237515515461,6.118823416311341,1.2000000000000028,0.22499999999999964,0.2781045406396683,0.43467797240006073,0.18730564436031558,0.024075365066528853,1.6843644837532674,1.9020237515515461,-0.2176592677982787,-0.047512498869220876
d65e5cddfa574daeb9ea9252d66dfa97,6.681239186818844,18.0,18.0,0.15000000000000036,0.9025358021911485,1.2476266124914885,0.6048916986539153,0.013333511352538352,5.475,18.0,18.0,0.0,0.7422108708926735,1.0537971100273964,0.47120290254987407,0.00951161384582555,6.681239186818844,5.475,1.206239186818844,0.16032493129847503
d6abf91b7d764a44bd62b271c9f6dca0,0.0,0.0,0.0,0.0,0.27059368808672934,0.352008226662593,0.32195865220296077,0.010978031158447532,0.0,0.0,0.0,0.0,0.09512274851226842,0.1974237870817982,0.07392281763506217,0.007501888275146307,0.0,0.0,0.0,0.17547093957446092
d6ef27c153e5401f995466d8f3081536,0.15000000000000013,1.2000000000000028,0.0,0.0,0.062429382743319446,0.09698598969371447,0.018850130653153642,0.002642583847044744,0.5249999999999999,2.3999999999999986,0.0,0.0,0.09277156827861678,0.12072026233950453,0.06388563990884284,0.0032183647155767936,0.15000000000000013,0.5249999999999999,-0.3749999999999998,-0.030342185535297335
d6f4d5fde42542a7a4e35fc6624ba66c,1.0500000000000005,3.5999999999999943,3.5999999999999943,0.0,0.20319174971934317,0.32689258550277145,0.12972024648382005,0.007870817184448597,1.05,3.5999999999999943,3.5999999999999943,0.0,0.21002094497721963,0.3496952699630857,0.11828270910167955,0.006366348266601207,1.0500000000000005,1.05,4.440892098500626e-16,-0.0068291952578764525
d7188ab6f6494e3e900f16efa4c4a7fa,1.0624844554989885,8.73613186713662,8.73613186713662,0.37499999999999956,0.0901908321985948,0.16456029471818998,0.040143320748394815,0.02318630218505824,1.0624844554989885,8.73613186713662,8.73613186713662,0.37499999999999956,0.0901908321985948,0.16456029471818998,0.040143320748394815,0.02318630218505824,1.0624844554989885,1.0624844554989885,0.0,0.0
d7def99b5e86415bad6ee2484a7bc8b3,11.71330069649006,22.83155710852854,22.83155710852854,0.45000000000000107,1.4263529342853845,1.8992674186334944,1.0495784111084874,0.055426311492920544,7.279838694019071,19.237463450257675,0.0,0.15000000000000036,1.317492494822671,1.7394776801875271,0.995374992586811,0.04955592155456623,11.71330069649006,7.279838694019071,4.433462002470989,0.10886043946271351
d7f3a1ff633c493a87a94ab0b39a14a7,1.3111709421551334,9.895453501482388,2.6832815729997477,0.22500000000000053,0.13706595486608703,0.18440901623993514,0.18440901623993514,0.006821250915527433,0.2250000000000003,1.2000000000000028,1.2000000000000028,0.0,0.07942666938623572,0.11731262229111154,0.11731262229111154,0.006796216964720436,1.3111709421551334,0.2250000000000003,1.086170942155133,0.05763928547985131
d9d546a04a9a41d8984c39e7c53689b6,0.9750000000000001,2.3999999999999986,0.0,0.0,0.16859255897795838,0.2770009452593695,0.04346014864192746,0.010663890838625179,0.9750000000000001,2.3999999999999986,0.0,0.0,0.16859255897795838,0.2770009452593695,0.04346014864192746,0.010663890838625179,0.9750000000000001,0.9750000000000001,0.0,0.0
da92f5205b004fb1ba6a75138324284e,0.0,0.0,0.0,0.0,0.005312164478996815,0.008915529244361146,0.004760418660829293,0.0009787559509280008,0.0,0.0,0.0,0.0,0.005312164478996815,0.008915529244361146,0.004760418660829293,0.0009787559509280008,0.0,0.0,0.0,0.0
dabb28a18e6c4a668f15511d7d77dc5b,0.0,0.0,0.0,0.0,0.023972731326996254,0.0374376679314911,0.024990544356362512,0.0037220478057848894,0.1499999999999999,1.1999999999999993,0.0,0.0,0.028969171656914004,0.05772755647447083,0.019630414234074564,0.0031318187713624823,0.0,0.1499999999999999,-0.1499999999999999,-0.004996440329917751
db0b62b89f3c4d52ac5564a67a03aa68,1.505330085889911,8.48528137423857,8.48528137423857,0.07500000000000018,0.19231250928797544,0.25354582200161213,0.17774046448608952,0.01043028831481907,1.425,7.199999999999996,7.199999999999996,0.0,0.20040212183971823,0.2645493366453133,0.16130805174995388,0.009324645996092507,1.505330085889911,1.425,0.08033008588991097,-0.008089612551742786
dcaeb3722f1e4df2b9b8b2eca3bc54fc,4.425,7.199999999999999,7.199999999999999,0.0,0.45702540362570876,0.8812926804853146,0.3395787485800873,0.013488435745240057,4.425,7.199999999999999,7.199999999999999,0.0,0.4654939772278529,0.8829481065526139,0.35731575047735414,0.012879180908203836,4.425,4.425,0.0,-0.008468573602144147
dda4bdc12deb4c70be456b483d1b57bc,1.4371708245126285,3.7947331922020506,3.6000000000000014,0.07500000000000018,0.23147884031780247,0.3262292886020943,0.09354071726848984,0.010497236251830966,1.4371708245126285,3.7947331922020506,3.6000000000000014,0.07500000000000018,0.23147884031780247,0.3262292886020943,0.09354071726848984,0.010497236251830966,1.4371708245126285,1.4371708245126285,0.0,0.0
de3ae114ba884c4c9c123f827a0b8d9b,1.2000000000000004,3.6000000000000014,1.2000000000000028,0.0,0.2592562055730614,0.4265119925492077,0.13661303371168618,0.010156059265137962,2.25742646351946,6.118823416311343,2.4000000000000057,0.07500000000000018,0.5110573334665276,0.8165001278072281,0.21438963593468877,0.018033599853516158,1.2000000000000004,2.25742646351946,-1.0574264635194595,-0.2518011278934662
de550f4c35284f90844c07a64253639b,0.4500000000000002,1.2000000000000028,0.0,0.0,0.06876923577508467,0.09924112289694406,0.0634418643052991,0.0021125793457028585,0.5249999999999999,1.2000000000000028,0.0,0.0,0.08666614264203523,0.11619472742474145,0.07537667407594298,0.0030801773071278404,0.4500000000000002,0.5249999999999999,-0.07499999999999973,-0.017896906866950557
de5b7c0be0764013867c5e741856fce2,0.0,0.0,0.0,0.0,0.0,0.0,0.0,0.0,0.0,0.0,0.0,0.0,0.0,0.0,0.0,0.0,0.0,0.0,0.0,0.0
de78abb899bf4429a2e1a4cfe8709cc2,0.30000000000000004,1.2000000000000028,0.0,0.0,0.07068473285187418,0.13130721373643534,0.014888721205042772,0.00748214721679652,0.30000000000000004,1.2000000000000028,0.0,0.0,0.07068473285187418,0.13130721373643534,0.014888721205042772,0.00748214721679652,0.30000000000000004,0.30000000000000004,0.0,0.0
df84fac05e4d491ba69afc00231f65c3,0.8999999999999999,2.3999999999999986,1.1999999999999993,0.0,0.1786061443116053,0.23666327825075548,0.18454401873445586,0.009731340408324574,2.25,4.800000000000001,4.799999999999997,0.0,0.2961235664136666,0.4850178062393308,0.24808813068333144,0.012213993072509588,0.8999999999999999,2.25,-1.35,-0.11751742210206131
e0a3a55de20f4c09893141067ef17319,0.0,0.0,0.0,0.0,0.19203386690057572,0.3015932483219452,0.12373133285908265,0.009020090103148082,0.0,0.0,0.0,0.0,0.18038096530702602,0.26673440765794143,0.1289887941773748,0.008195829391479226,0.0,0.0,0.0,0.011652901593549703
e150a41fdffa41a68eec30dfda96bb2f,0.9361709421551333,9.895453501482386,0.0,0.2250000000000001,0.0362999344395717,0.0496199490570611,0.03961350474117526,0.006355476379395153,0.9361709421551333,9.895453501482386,0.0,0.2250000000000001,0.0362999344395717,0.0496199490570611,0.03961350474117526,0.006355476379395153,0.9361709421551333,0.9361709421551333,0.0,0.0
e15862d8a89d4250947cad3d1eff3dfc,2.7124143795447324,8.399999999999999,0.0,0.15000000000000036,0.41872489567508364,0.7165476623856024,0.17540627688621466,0.01200070381164453,2.7124143795447324,8.399999999999999,0.0,0.15000000000000036,0.41872489567508364,0.7165476623856024,0.17540627688621466,0.01200070381164453,2.7124143795447324,2.7124143795447324,0.0,0.0
e161fe6b9dfb4740b79775873c1f7ec6,0.07499999999999996,1.1999999999999993,1.1999999999999993,0.0,0.02733297645845599,0.04678511105245683,0.04095175862652545,0.006182670593262163,0.07499999999999996,1.1999999999999993,1.1999999999999993,0.0,0.02733297645845599,0.04678511105245683,0.04095175862652545,0.006182670593262163,0.07499999999999996,0.07499999999999996,0.0,0.0
e1b5c775be134db696ce22413d195c72,6.449999999999999,9.600000000000001,8.399999999999999,0.0,0.9288747674486963,1.9945485807246088,0.16244978192528609,0.029509162902831232,6.449999999999999,9.600000000000001,8.399999999999999,0.0,0.9288747674486963,1.9945485807246088,0.16244978192528609,0.029509162902831232,6.449999999999999,6.449999999999999,0.0,0.0
e1ef13d0bc334c9eb9a2c2660df1dda8,1.2749999999999995,4.800000000000001,0.0,0.0,0.28988574793090116,0.4091278889401752,0.2000651307815357,0.009516191482543679,1.2749999999999995,4.800000000000001,0.0,0.0,0.28988574793090116,0.4091278889401752,0.2000651307815357,0.009516191482543679,1.2749999999999995,1.2749999999999995,0.0,0.0
e38d5d604f1341f2af40a1e40c5e99f2,3.7499999999999996,10.799999999999997,10.799999999999997,0.0,0.4478157096075201,0.7527986015404253,0.20135948766408274,0.009429502487182884,3.7499999999999996,10.799999999999997,10.799999999999997,0.0,0.4478157096075201,0.7527986015404253,0.20135948766408274,0.009429502487182884,3.7499999999999996,3.7499999999999996,0.0,0.0
e3957ced101f436190df1a9003cad35c,0.24270509831248419,2.6832815729997477,0.0,0.07500000000000018,0.037210108955962065,0.08879712169979256,0.017508646029811014,0.015603733062744318,0.24270509831248419,2.6832815729997477,0.0,0.07500000000000018,0.037210108955962065,0.08879712169979256,0.017508646029811014,0.015603733062744318,0.24270509831248419,0.24270509831248419,0.0,0.0
e46803a34fa744ad9372b5227798e00a,1.2000000000000004,3.6000000000000014,3.6000000000000014,0.0,0.2412617410466634,0.4625925653813517,0.12442328585993277,0.006756591796876155,1.2000000000000004,3.6000000000000014,3.6000000000000014,0.0,0.2336354543118357,0.45225160068883824,0.118965578320034,0.007222080230714134,1.2000000000000004,1.2000000000000004,0.0,0.007626286734827709
e49a824bb658481ca88daba8650fc68d,2.3303300858899108,8.48528137423857,8.48528137423857,0.07500000000000018,0.32281864321980624,0.40781275745601864,0.20760960978340964,0.013834047317506037,1.9553300858899108,8.48528137423857,8.48528137423857,0.07500000000000018,0.2704980730251048,0.3534072070548285,0.13608914214498502,0.015460824966432085,2.3303300858899108,1.9553300858899108,0.375,0.05232057019470143
e4ecabf5848d4f2ca011ccbbe5cfbcc8,8.183106911721799,32.4222146066551,32.4222146066551,0.22500000000000053,0.20821147197953,0.38578121922792324,0.058680797454551,0.015578126907348278,8.933213635267215,31.22306839501845,31.22306839501845,0.22500000000000053,0.19456508572586229,0.3088352996091724,0.052725596094550194,0.015199899673461026,8.183106911721799,8.933213635267215,-0.7501067235454162,0.013646386253667708
e52c90b152364accade195a6c538abf2,1.6499999999999997,6.0,6.0,0.0,0.25490860823616995,0.5398999462400504,0.04862996221930512,0.004980325698852095,1.7999999999999996,6.0,6.0,0.0,0.27633121647983844,0.5750276460509351,0.0594671281320635,0.00537028312683141,1.6499999999999997,1.7999999999999996,-0.1499999999999999,-0.021422608243668484
e55b8c84665741fdae87c6e2b6215726,0.8250000000000002,8.399999999999999,8.399999999999999,0.0,0.044490483672273165,0.10366302887433945,0.05750079448879006,0.006117582321166548,0.75,8.399999999999999,8.399999999999999,0.0,0.08103866038089985,0.14516171543804635,0.11063208227216492,0.007813739776610706,0.8250000000000002,0.75,0.07500000000000018,-0.03654817670862669
e63b580425fc45b5a585a45523bac035,1.875,7.200000000000003,1.2000000000000028,0.0,0.293396553017131,0.5259787991014406,0.08102479452765284,0.01866860389709446,1.875,7.200000000000003,1.2000000000000028,0.0,0.293396553017131,0.5259787991014406,0.08102479452765284,0.01866860389709446,1.875,1.875,0.0,0.0
e73a59216865449ab48d31a0880664aa,0.6177050983124844,2.6832815729997477,2.6832815729997477,0.07500000000000018,0.2891953876628016,0.5369581406910403,0.07053354936470516,0.03579854965209961,0.9927050983124844,3.6000000000000014,2.6832815729997477,0.07500000000000018,0.3142094278139883,0.5494655776040807,0.1118252779947636,0.03770384788513148,0.6177050983124844,0.9927050983124844,-0.375,-0.02501404015118669
e911f9e43fdc4d449b8ffa68913bb81f,0.2250000000000001,1.2000000000000028,0.0,0.0,0.04360984068893557,0.07096757020656325,0.009363379951190009,0.003362274169922408,0.2250000000000001,1.2000000000000028,0.0,0.0,0.04360984068893557,0.07096757020656325,0.009363379951190009,0.003362274169922408,0.2250000000000001,0.2250000000000001,0.0,0.0
e912d5da843f420c8c4cff156b085376,0.6487711154904665,3.6000000000000014,0.0,0.1499999999999999,0.0727799117348427,0.17430009382420808,0.005120548607729298,0.011947774887086204,0.6487711154904665,3.6000000000000014,0.0,0.1499999999999999,0.0727799117348427,0.17430009382420808,0.005120548607729298,0.011947774887086204,0.6487711154904665,0.6487711154904665,0.0,0.0
e991a1ce3020467da93fbc5947bd21e6,2.8603610751326727,10.866462165764897,10.866462165764897,0.15000000000000036,0.2985197906001034,0.369577055044432,0.2357661345015991,0.014795923233032138,2.9291538853603054,10.866462165764897,10.866462165764897,0.07500000000000018,0.3224336674896803,0.4007142482819666,0.280287659235248,0.013407897949218928,2.8603610751326727,2.9291538853603054,-0.06879281022763273,-0.023913876889576857
ead06ddfed704c82bdb77a1da54ca79e,0.5427050983124847,2.6832815729997477,0.0,0.07499999999999973,0.08357766399052116,0.11991522822079691,0.07003856957749639,0.011801433563232155,0.5427050983124847,2.6832815729997477,0.0,0.07499999999999973,0.08164391310319188,0.11670823597087539,0.0674508260896859,0.011636638641357777,0.5427050983124847,0.5427050983124847,0.0,0.0019337508873292775
eb0676ccc9bd45149ae65119cb8d5e7b,0.3750000000000002,2.3999999999999986,1.2000000000000028,0.0,0.02494767687856056,0.05693081887145983,0.05693081887145983,0.0030342578887938565,0.3750000000000002,2.3999999999999986,1.2000000000000028,0.0,0.02494767687856056,0.05693081887145983,0.05693081887145983,0.0030342578887938565,0.3750000000000002,0.3750000000000002,0.0,0.0
eb5ea93bd45246329e50a6d7a93e3832,0.24270509831248438,2.683281572999751,0.0,0.07500000000000018,0.05010675220604683,0.12865078907049232,0.008986888409535917,0.02034616470336914,0.31770509831248434,2.683281572999751,0.0,0.07500000000000018,0.0575525126465045,0.14653171343627466,0.010041200572712938,0.02305226325988663,0.24270509831248438,0.31770509831248434,-0.07499999999999996,-0.007445760440457673
ebbc6ace4b3d439193e79261c5401366,4.275,9.600000000000001,9.600000000000001,0.0,0.739762301316635,0.9880729074113483,0.6910229408198785,0.028064918518065696,4.125,9.600000000000001,9.600000000000001,0.0,0.6803769094878895,0.9171159314015015,0.6442180575726331,0.028471040725708274,4.275,4.125,0.15000000000000036,0.05938539182874547
ed5cb55854d54b9aa4aad5507b2efaf1,0.1499999999999999,1.2000000000000028,0.0,0.0,0.01754613483705095,0.02664154445831942,0.025777538530921962,0.0132049083709731,0.1499999999999999,1.2000000000000028,0.0,0.0,0.01754613483705095,0.02664154445831942,0.025777538530921962,0.0132049083709731,0.1499999999999999,0.1499999999999999,0.0,0.0
ed8368b711934a1b86f5a4ce354c39b0,3.240587407240656,10.733126291998987,10.733126291998987,1.1999999999999988,0.1385995895418858,0.23473353234629785,0.13110437368932973,0.01403045654296875,2.840183359650519,6.462197768561401,4.3266615305567875,1.049999999999999,0.12765968851146042,0.2169426694853567,0.12757213809527546,0.012256765365601385,3.240587407240656,2.840183359650519,0.40040404759013715,0.010939901030425386
edc5f9bd039342cb9403a18d2cee773d,0.6000000000000005,1.2000000000000028,1.2000000000000028,0.0,0.11386269357957302,0.1843689191162556,0.14043665255073104,0.006026887893678001,0.6000000000000005,1.2000000000000028,1.2000000000000028,0.0,0.08721295527715021,0.1620716921257317,0.12096937010876853,0.0068138122558600855,0.6000000000000005,0.6000000000000005,0.0,0.0266497383024228
edc9b93f9eb14d26951a0dae6f59e0a5,0.0,0.0,0.0,0.0,0.0,0.0,0.0,0.0,0.0,0.0,0.0,0.0,0.0,0.0,0.0,0.0,0.0,0.0,0.0,0.0
ee2408a3d247402faf8d56ac1c7b964b,1.5749999999999988,7.199999999999996,7.199999999999996,0.0,0.25317688435941804,0.37470763826619397,0.10148816892715483,0.006774759292601296,1.5749999999999988,7.199999999999996,7.199999999999996,0.0,0.25317688435941804,0.37470763826619397,0.10148816892715483,0.006774759292601296,1.5749999999999988,1.5749999999999988,0.0,0.0
ee4ed5937b704e428d539892d66275f9,1.6499999999999995,3.599999999999998,2.3999999999999986,0.0,0.21632285767180098,0.48809329635704224,0.07043005682567245,0.011898851394652077,1.6499999999999995,3.599999999999998,2.3999999999999986,0.0,0.21413467199964648,0.4827402549426465,0.07468215994695904,0.011565971374511541,1.6499999999999995,1.6499999999999995,0.0,0.002188185672154508
ef26b90eba594df2ace0759e843427ac,0.5249999999999997,2.3999999999999986,0.0,0.0,1.0067829751659492,1.3895696952170187,0.7373605840507208,0.048359298706054155,8.024999999999999,29.999999999999996,29.999999999999996,0.0,1.5482131239015309,2.0608445441614753,1.169958796568336,0.05112161636352486,0.5249999999999997,8.024999999999999,-7.499999999999999,-0.5414301487355817
ef9b3594550a4e8a9e6442aa7b5c6be1,5.854669331122391,9.67470929795826,9.67470929795826,0.07500000000000018,0.9383406832702222,1.616364153198277,0.2719722475993913,0.028995752334595615,5.779669331122391,9.67470929795826,9.67470929795826,0.07500000000000018,0.9323942064889643,1.6136334838749917,0.28052325678722323,0.029532194137573242,5.854669331122391,5.779669331122391,0.07500000000000018,0.0059464767812579256
f05c77e8fb4e4aa69654c8174c2a9a42,0.6092329219213246,4.9477267507411975,0.0,0.07500000000000018,0.09194062117944193,0.14361145548392268,0.046878102598478744,0.00474414825439462,0.5342329219213244,4.9477267507411975,0.0,0.07500000000000018,0.057686128905487605,0.09484692858302625,0.029029786329171393,0.0032737255096439988,0.6092329219213246,0.5342329219213244,0.07500000000000018,0.03425449227395433
f069f4c2bb91479db96f8702eeaf5f85,0.10606601717798222,1.6970562748477156,0.0,0.07500000000000018,0.06061928374415478,0.11855877754534619,0.10757625360824866,0.0225960731506345,0.28713203435596446,3.3941125496954285,0.0,0.2250000000000001,0.044684471202513835,0.10669090191449185,0.10417327709879999,0.023419761657714755,0.10606601717798222,0.28713203435596446,-0.18106601717798224,0.015934812541640947
f19a3c65dc7d4affbac8454665ace826,0.0,0.0,0.0,0.0,0.08503874953123167,0.13250066186522277,0.10090628399997849,0.00614061355590767,0.0,0.0,0.0,0.0,0.08975959684372292,0.14353861737683377,0.10081179877159112,0.006168365478516957,0.0,0.0,0.0,-0.004720847312491255
f20177ef6307471083339ad1a6766e2a,2.0303300858899105,8.48528137423857,1.2000000000000028,0.07500000000000018,0.216386128693078,0.33386836870830044,0.18342279069800382,0.010286521911620827,2.0303300858899105,8.48528137423857,1.2000000000000028,0.07500000000000018,0.216386128693078,0.33386836870830044,0.18342279069800382,0.010286521911620827,2.0303300858899105,2.0303300858899105,0.0,0.0
f3041fef2be544f28baf5606eb9698af,0.0,0.0,0.0,0.0,0.0,0.0,0.0,0.0,0.0,0.0,0.0,0.0,0.020544027719792413,0.03564593691209417,0.007397167747655693,0.00437750816345206,0.0,0.0,0.0,-0.020544027719792413
f31932ce754b408db390251167423dcc,0.07500000000000018,1.2000000000000028,0.0,0.0,0.06334001560205386,0.10597509009697031,0.024231202294863023,0.006263351440429776,0.07500000000000018,1.2000000000000028,0.0,0.0,0.06334001560205386,0.10597509009697031,0.024231202294863023,0.006263351440429776,0.07500000000000018,0.07500000000000018,0.0,0.0
f3599aace98a4c0890a8ea374dfd58ff,2.6398529270389175,6.118823416311343,3.6000000000000014,0.15000000000000036,0.47749230501208867,0.8175875996857652,0.1773008612429343,0.018045043945313033,2.6398529270389175,6.118823416311343,3.6000000000000014,0.15000000000000036,0.47133680075859447,0.8070055615139959,0.174864141926435,0.017933034896850497,2.6398529270389175,2.6398529270389175,0.0,0.006155504253494204
f3a4d70109df4c7ab94f41474dc359cf,0.0,0.0,0.0,0.0,0.010285894557892397,0.018857640996575543,0.015167752493163333,0.003412342071533292,0.0,0.0,0.0,0.0,0.010285894557892397,0.018857640996575543,0.015167752493163333,0.003412342071533292,0.0,0.0,0.0,0.0
f3e3f5d995984303a0e32bee909dd2f6,0.0,0.0,0.0,0.0,0.0,0.0,0.0,0.0,0.0,0.0,0.0,0.0,0.0,0.0,0.0,0.0,0.0,0.0,0.0,0.0
f48a2f3579984916b433c86bd1ed849d,0.375,2.3999999999999986,0.0,0.0,0.018880314156346258,0.041774553868554797,0.0037636220029976792,0.0009424209594728339,0.375,2.3999999999999986,0.0,0.0,0.018880314156346258,0.041774553868554797,0.0037636220029976792,0.0009424209594728339,0.375,0.375,0.0,0.0
f69afa3eed11447eb559f49c325f02d7,0.38717082451262835,3.794733192202055,3.794733192202055,0.07499999999999973,0.05663778293154302,0.09826989287142575,0.07213706742566675,0.012010145187377752,0.3121708245126284,3.794733192202055,3.794733192202055,0.07499999999999973,0.0373281016121593,0.06983138471541789,0.06923088833249508,0.008962011337278586,0.38717082451262835,0.3121708245126284,0.07499999999999996,0.019309681319383723
f6be08a0884649a1962595e505946c80,0.0,0.0,0.0,0.0,0.0,0.0,0.0,0.0,0.0,0.0,0.0,0.0,0.0,0.0,0.0,0.0,0.0,0.0,0.0,0.0
f75d70a9a0074c3ea84d4c5a221fcaf4,2.6289993959081523,8.48528137423857,1.697056274847718,0.3750000000000009,0.27947461320679656,0.4870269776155515,0.17898291378500109,0.034934520721436435,3.078999395908152,8.48528137423857,1.697056274847718,0.3750000000000009,0.35899863882380223,0.6104269070698367,0.21504521976248508,0.03513908386230513,2.6289993959081523,3.078999395908152,-0.44999999999999973,-0.07952402561700567
f82e1e7cf87b4ef1a4d6227b6851441d,7.949999999999999,16.8,14.399999999999999,0.0,1.030495951716845,1.5543903821987277,0.6480145904393744,0.01116957664489604,7.949999999999999,16.8,14.399999999999999,0.0,1.030495951716845,1.5543903821987277,0.6480145904393744,0.01116957664489604,7.949999999999999,7.949999999999999,0.0,0.0
f83a988f1f05475ca70bffb832a8574c,0.3749999999999998,2.3999999999999986,0.0,0.0,0.08143890943955737,0.12470795240907699,0.05593464076370904,0.0031612873077393466,0.22499999999999987,2.3999999999999986,0.0,0.0,0.07292960235541975,0.10179542111762739,0.05718771951567277,0.002537870407103515,0.3749999999999998,0.22499999999999987,0.1499999999999999,0.008509307084137621
f8d77275b248436794a049c74b69e9f1,3.6000000000000005,6.0,4.800000000000004,0.0,0.6908916464700593,1.1861576208363913,0.3266378227407202,0.008314275741576171,3.9,8.399999999999999,8.399999999999999,0.0,0.7187996916240225,1.1961987107725345,0.36874323086124694,0.007811594009398792,3.6000000000000005,3.9,-0.2999999999999994,-0.027908045153963168
f9b805aa15aa4061bd0de652ad2e67a9,0.3749999999999998,1.1999999999999993,1.1999999999999993,0.0,0.1998824303504275,0.383119835169875,0.11295297837165859,0.0230338096618663,0.3749999999999998,1.1999999999999993,1.1999999999999993,0.0,0.19126377593674854,0.3758246773958309,0.09797140901267834,0.022676181793212624,0.3749999999999998,0.3749999999999998,0.0,0.008618654413678956
fa705f3462f4473b82ad8c86f1bdf90a,5.121237596027431,12.0,12.0,0.3000000000000007,0.6041983198124316,0.7850575596065056,0.5055168872685288,0.032981157302857333,5.04689835079495,12.0,12.0,0.3000000000000007,0.5842575805155893,0.7588762851920133,0.5078862215555434,0.031373548507690696,5.121237596027431,5.04689835079495,0.0743392452324807,0.019940739296842258
faae4d51453c4a8e9b3fe404724ddfa8,0.4500000000000002,1.2000000000000028,0.0,0.0,0.11954846129864496,0.2373217184966625,0.018731703436615576,0.0029746055603032673,0.4500000000000002,1.2000000000000028,0.0,0.0,0.11954846129864496,0.2373217184966625,0.018731703436615576,0.0029746055603032673,0.4500000000000002,0.4500000000000002,0.0,0.0
fac5a8ceb81b45999571cf96a3562853,0.07500000000000018,1.2000000000000028,0.0,0.0,0.016309994901453725,0.019887150626586667,0.011291663091409575,0.0008946418762207919,0.07500000000000018,1.2000000000000028,0.0,0.0,0.016309994901453725,0.019887150626586667,0.011291663091409575,0.0008946418762207919,0.07500000000000018,0.07500000000000018,0.0,0.0
fb04d801ac16498388430bf66d8ec48f,0.0,0.0,0.0,0.0,0.03408491460650138,0.052821030794731924,0.042520420673416257,0.007504034042357777,0.0,0.0,0.0,0.0,0.027735377670560363,0.04415766146706017,0.03839648447988896,0.007468271255493875,0.0,0.0,0.0,0.006349536935941015
fb254b29ff3e4d2a884e605d79d5f33b,1.8749999999999996,8.399999999999999,8.399999999999999,0.0,0.1567763941638311,0.21982688712730522,0.14018003937237333,0.005306625366211737,1.4249999999999998,8.399999999999999,8.399999999999999,0.0,0.12046947630786695,0.16037329902219952,0.10324320773805772,0.007293033599852894,1.8749999999999996,1.4249999999999998,0.44999999999999973,0.036306917855964155
fb907b8b05644df28d64d6e25e9a956c,0.0,0.0,0.0,0.0,0.0014136442948560527,0.003767779482463609,0.00255463300874359,0.00041413307189941406,0.0,0.0,0.0,0.0,0.0014136442948560527,0.003767779482463609,0.00255463300874359,0.00041413307189941406,0.0,0.0,0.0,0.0
fb9345e0cbf14c77bf67d30ed537df10,0.3177050983124841,2.683281572999751,0.0,0.07500000000000018,0.033188550590165795,0.05155228327662777,0.02483716217789789,0.005864381790162021,0.3177050983124841,2.683281572999751,0.0,0.07500000000000018,0.033188550590165795,0.05155228327662777,0.02483716217789789,0.005864381790162021,0.3177050983124841,0.3177050983124841,0.0,0.0
fcc1ead7c8f44d5a959fe6a08e25532a,3.374999999999999,6.0,6.0,0.0,0.3598242988532104,0.732731800491338,0.13485423279089798,0.018670034408570402,3.675,6.0,6.0,0.0,0.408494348177473,0.8094814884484955,0.16754917410193446,0.020730400085450018,3.374999999999999,3.675,-0.3000000000000007,-0.04867004932426261
fd9fd51be8a94204b37937f67853c055,0.4499999999999995,3.5999999999999943,3.5999999999999943,0.0,0.034938499960622295,0.05703627325109453,0.04729639982580957,0.001284885406493963,0.4499999999999995,3.5999999999999943,3.5999999999999943,0.0,0.021118653787863238,0.03757186491154144,0.015819510631637532,0.0019696712493897373,0.4499999999999995,0.4499999999999995,0.0,0.013819846172759057
fdd2da37faa44428ba9ce4a760f53276,0.4499999999999995,3.599999999999998,0.0,0.0,0.042934975816287246,0.0753554123741132,0.06369771147981973,0.003015804290771751,1.574999999999999,6.0,0.0,0.0,0.47570675365799664,0.7304466673963849,0.3381762187350779,0.0115353584289557,0.4499999999999995,1.574999999999999,-1.1249999999999996,-0.4327717778417094
fe4ad01f0ee044a6abb9f33cc1b6709d,9.310737998686086,19.23746345025767,19.23746345025767,0.3000000000000007,1.3053800297024054,1.8917654921990106,0.7310750744665414,0.01552476882934517,9.835737998686085,19.23746345025767,19.23746345025767,0.3000000000000007,1.4006478740530977,1.9939734973335614,0.7962367287080564,0.016710519790648526,9.310737998686086,9.835737998686085,-0.5249999999999986,-0.09526784435069224
fe87516995a947d285cd5d815f479eaf,0.9561975790099255,6.118823416311341,6.118823416311341,0.2250000000000001,0.0646209991591156,0.11371028751307172,0.0646006008318635,0.026731252670288974,0.4810660171779825,1.6970562748477156,0.0,0.07500000000000018,0.03229762016485991,0.07234324045508905,0.025237762618045032,0.022993612289428977,0.9561975790099255,0.4810660171779825,0.47513156183194305,0.032323378994255685
ff412638fb85442d8d8c4841a5adda2d,1.1249999999999991,3.6000000000000014,2.3999999999999986,0.0,0.18387458937814277,0.26171682864278323,0.14130449712557835,0.010176086425781605,1.1249999999999991,3.6000000000000014,2.3999999999999986,0.0,0.18535155213468332,0.26500087674360195,0.14168465590298956,0.009396743774414684,1.1249999999999991,1.1249999999999991,0.0,-0.0014769627565405508
ff701e8d5743462ba9f6bc60eff70ab9,0.0,0.0,0.0,0.0,0.0,0.0,0.0,0.0,0.0,0.0,0.0,0.0,0.0,0.0,0.0,0.0,0.0,0.0,0.0,0.0
ffb196e9479445ffb0de654fe62200f4,0.37499999999999956,2.3999999999999986,0.0,0.0,0.03874348818013086,0.0605844890223754,0.012549049008129622,0.0021449089050289416,0.37499999999999956,2.3999999999999986,0.0,0.0,0.03874348818013086,0.0605844890223754,0.012549049008129622,0.0021449089050289416,0.37499999999999956,0.37499999999999956,0.0,0.0
ffb6606ab731406797655acb2024a502,0.0,0.0,0.0,0.0,0.0,0.0,0.0,0.0,0.30923292192132434,4.9477267507411895,4.9477267507411895,0.07499999999999973,0.007018234082751783,0.010837961690773494,0.004459546871708583,0.0035130500793458808,0.0,0.30923292192132434,-0.30923292192132434,-0.007018234082751783
ffbe9a1ca3a54a6a8988edb7bf1ff759,0.2999999999999998,2.3999999999999986,0.0,0.0,0.06213082685502714,0.09761609131505454,0.020267931019475414,0.006927394866942382,0.5999999999999999,2.3999999999999986,0.0,0.0,0.08391213419806917,0.2407067650767037,0.017591739389106045,0.011852359771727272,0.2999999999999998,0.5999999999999999,-0.30000000000000004,-0.021781307343042032
