scenario,log,iteration,planner,n_tracks_cheap,shared_cheap,collision_cheap,min_clearance_cheap,log_deviation_mean_cheap,log_deviation_final_cheap,ok_cheap,n_tracks_full,shared_full,collision_full,min_clearance_full,log_deviation_mean_full,log_deviation_final_full,ok_full,n_tracks_cheap_nofp,shared_cheap_nofp,collision_cheap_nofp,min_clearance_cheap_nofp,log_deviation_mean_cheap_nofp,log_deviation_final_cheap_nofp,ok_cheap_nofp,n_tracks_full_nofp,shared_full_nofp,collision_full_nofp,min_clearance_full_nofp,log_deviation_mean_full_nofp,log_deviation_final_full_nofp,ok_full_nofp,n_tracks_full_s1,shared_full_s1,collision_full_s1,min_clearance_full_s1,log_deviation_mean_full_s1,log_deviation_final_full_s1,ok_full_s1,n_tracks_cheap_iou50,shared_cheap_iou50,collision_cheap_iou50,min_clearance_cheap_iou50,log_deviation_mean_cheap_iou50,log_deviation_final_cheap_iou50,ok_cheap_iou50,n_tracks_full_iou50,shared_full_iou50,collision_full_iou50,min_clearance_full_iou50,log_deviation_mean_full_iou50,log_deviation_final_full_iou50,ok_full_iou50,sig_reference,n_tracks_reference,collision_reference,min_clearance_reference,log_deviation_mean_reference,log_deviation_final_reference,ok_reference,sig_identity_equals_reference
00009841879a5bb9,2021.06.09.12.39.51_veh-26_05620_06003,4,idm,124,,0.0,8.960132550597558,58.683398064484734,58.68284640606385,1,128,,0.0,8.960132550597558,58.683398064484734,58.68284640606385,1,124,,0.0,8.960132550597558,58.683398064484734,58.68284640606385,1,126,,0.0,8.960132550597558,58.683398064484734,58.68284640606385,1,125,,0.0,8.960132550597558,58.683398064484734,58.68284640606385,1,123,,0.0,8.960132550597558,58.683398064484734,58.68284640606385,1,128,,0.0,8.960132550597558,58.683398064484734,58.68284640606385,1,b9d13c68ffccea3b41cb76a1bdcc2d794d768c8f,150,0.0,8.960132550597558,58.683398064484734,58.68284640606385,1,True
00009841879a5bb9,2021.06.09.12.39.51_veh-26_05620_06003,17,idm,122,,0.0,8.994951436877015,58.68348020246428,58.68284818565253,1,126,,0.0,8.994951436877015,58.68348020246428,58.68284818565253,1,121,,0.0,8.994951436877015,58.68348020246428,58.68284818565253,1,125,,0.0,8.994951436877015,58.68348020246428,58.68284818565253,1,121,,0.0,8.994951436877015,58.68348020246428,58.68284818565253,1,122,,0.0,8.994951436877015,58.68348020246428,58.68284818565253,1,125,,0.0,8.994951436877015,58.68348020246428,58.68284818565253,1,e13a866047855a65d1c9ab67db5d7a86ec7106dc,150,0.0,8.994951436877015,58.68348020246428,58.68284818565253,1,True
00009841879a5bb9,2021.06.09.12.39.51_veh-26_05620_06003,30,idm,121,,0.0,8.994407074393873,58.68353388395234,58.682937042212515,1,124,,0.0,8.994407074393873,58.68353388395234,58.682937042212515,1,119,,0.0,8.994407074393873,58.68353388395234,58.682937042212515,1,122,,0.0,8.994407074393873,58.68353388395234,58.682937042212515,1,121,,0.0,8.994407074393873,58.68353388395234,58.682937042212515,1,121,,0.0,8.994407074393873,58.68353388395234,58.682937042212515,1,124,,0.0,8.994407074393873,58.68353388395234,58.682937042212515,1,acde2e5ed5abae276555905e970f44ffd13b5ef2,149,0.0,8.994407074393873,58.68353388395234,58.682937042212515,1,True
00009841879a5bb9,2021.06.09.12.39.51_veh-26_05620_06003,43,idm,122,,0.0,9.007169595970172,58.68351232855636,58.68295488526293,1,127,,0.0,9.007169595970172,58.68351232855636,58.68295488526293,1,122,cheap,0.0,9.007169595970172,58.68351232855636,58.68295488526293,1,125,,0.0,9.007169595970172,58.68351232855636,58.68295488526293,1,122,,0.0,9.007169595970172,58.68351232855636,58.68295488526293,1,120,,0.0,9.007169595970172,58.68351232855636,58.68295488526293,1,127,,0.0,9.007169595970172,58.68351232855636,58.68295488526293,1,384f7320f75b1ddbdd7aa63b1bd0787af322f067,152,0.0,9.007169595970172,58.68351232855636,58.68295488526293,1,True
00009841879a5bb9,2021.06.09.12.39.51_veh-26_05620_06003,57,idm,132,,0.0,9.017457649728502,58.6835604524454,58.6830106613536,1,137,,0.0,9.017457649728502,58.6835604524454,58.6830106613536,1,129,,0.0,9.017457649728502,58.6835604524454,58.6830106613536,1,132,,0.0,9.017457649728502,58.6835604524454,58.6830106613536,1,130,,0.0,9.017457649728502,58.6835604524454,58.6830106613536,1,131,,0.0,9.017457649728502,58.6835604524454,58.6830106613536,1,135,,0.0,9.017457649728502,58.6835604524454,58.6830106613536,1,7f4e5bfa84371bc23ce06abc7393243c0b4af9c2,159,0.0,9.017457649728502,58.6835604524454,58.6830106613536,1,True
00009841879a5bb9,2021.06.09.12.39.51_veh-26_05620_06003,70,idm,127,,0.0,8.975665261201643,58.68281219887622,58.676685433746464,1,133,,0.0,8.975665261201643,58.68281219887622,58.676685433746464,1,126,,0.0,8.975665261201643,58.68281219887622,58.676685433746464,1,131,,0.0,8.975665261201643,58.68281219887622,58.676685433746464,1,126,,0.0,8.975665261201643,58.68281219887622,58.676685433746464,1,125,,0.0,8.975665261201643,58.68281219887622,58.676685433746464,1,131,,0.0,8.975665261201643,58.68281219887622,58.676685433746464,1,ab15d6c886bb96c9317087d813d6d5d7dbb775e6,155,0.0,8.975665261201643,58.68281219887622,58.676685433746464,1,True
00009841879a5bb9,2021.06.09.12.39.51_veh-26_05620_06003,83,idm,126,,0.0,8.974546710057146,58.667866189408784,58.5682545768505,1,127,,0.0,8.974546710057146,58.667866189408784,58.5682545768505,1,125,,0.0,8.974546710057146,58.667866189408784,58.5682545768505,1,126,,0.0,8.974546710057146,58.667866189408784,58.5682545768505,1,123,,0.0,8.974546710057146,58.667866189408784,58.5682545768505,1,124,,0.0,8.974546710057146,58.667866189408784,58.5682545768505,1,126,,0.0,8.974546710057146,58.667866189408784,58.5682545768505,1,3e319d904817053a9752f9455d9ca9181ba0cb43,154,0.0,8.974546710057146,58.667866189408784,58.5682545768505,1,True
00009841879a5bb9,2021.06.09.12.39.51_veh-26_05620_06003,96,idm,121,,0.0,8.888750040817756,58.54183070399647,57.78295562739817,1,123,,0.0,8.888750040817756,58.54183070399647,57.78295562739817,1,120,,0.0,8.888750040817756,58.54183070399647,57.78295562739817,1,122,,0.0,8.888750040817756,58.54183070399647,57.78295562739817,1,119,,0.0,8.888750040817756,58.54183070399647,57.78295562739817,1,119,,0.0,8.888750040817756,58.54183070399647,57.78295562739817,1,122,,0.0,8.888750040817756,58.54183070399647,57.78295562739817,1,25039243308894c2717f57997404ad515b52520e,151,0.0,8.888750040817756,58.54183070399647,57.78295562739817,1,True
00009841879a5bb9,2021.06.09.12.39.51_veh-26_05620_06003,110,idm,119,,0.0,8.938263619588874,58.10066829943648,55.84181942748596,1,125,,0.0,8.938263619588874,58.10066829943648,55.84181942748596,1,118,,0.0,8.938263619588874,58.10066829943648,55.84181942748596,1,124,,0.0,8.938263619588874,58.10066829943648,55.84181942748596,1,120,,0.0,8.938263619588874,58.10066829943648,55.84181942748596,1,118,,0.0,8.938263619588874,58.10066829943648,55.84181942748596,1,124,,0.0,8.938263619588874,58.10066829943648,55.84181942748596,1,60188f7b4c5044aafc2cabc83b9728575dbcbb7a,148,0.0,8.938263619588874,58.10066829943648,55.84181942748596,1,True
00009841879a5bb9,2021.06.09.12.39.51_veh-26_05620_06003,123,idm,124,,0.0,8.871313287384876,57.24997314364585,53.10685429335127,1,125,,0.0,8.871313287384876,57.24997314364585,53.10685429335127,1,123,,0.0,8.871313287384876,57.24997314364585,53.10685429335127,1,125,full,0.0,8.871313287384876,57.24997314364585,53.10685429335127,1,123,,0.0,8.871313287384876,57.24997314364585,53.10685429335127,1,122,,0.0,8.871313287384876,57.24997314364585,53.10685429335127,1,124,,0.0,8.871313287384876,57.24997314364585,53.10685429335127,1,7d1eba1a5bf7f11eaab6a9be217545883e6ffa72,150,0.0,8.871313287384876,57.24997314364585,53.10685429335127,1,True
00009841879a5bb9,2021.06.09.12.39.51_veh-26_05620_06003,136,idm,126,,0.0,8.887857040869989,55.89231565108741,49.95114167401479,1,128,,0.0,8.887857040869989,55.89231565108741,49.95114167401479,1,125,,0.0,8.887857040869989,55.89231565108741,49.95114167401479,1,128,full,0.0,8.887857040869989,55.89231565108741,49.95114167401479,1,124,,0.0,8.887857040869989,55.89231565108741,49.95114167401479,1,124,,0.0,8.887857040869989,55.89231565108741,49.95114167401479,1,127,,0.0,8.887857040869989,55.89231565108741,49.95114167401479,1,ab62787060774d972b013368220f7c7443803103,152,0.0,8.887857040869989,55.89231565108741,49.95114167401479,1,True
00009841879a5bb9,2021.06.09.12.39.51_veh-26_05620_06003,149,idm,135,,0.0,8.915964308005643,54.00381403432532,46.69879895232711,1,140,,0.0,8.915964308005643,54.00381403432532,46.69879895232711,1,135,,0.0,8.915964308005643,54.00381403432532,46.69879895232711,1,137,,0.0,8.915964308005643,54.00381403432532,46.69879895232711,1,135,,0.0,8.915964308005643,54.00381403432532,46.69879895232711,1,133,,0.0,8.915964308005643,54.00381403432532,46.69879895232711,1,138,,0.0,8.915964308005643,54.00381403432532,46.69879895232711,1,5deb93e763dd005fce46bab9a4c60a3c2be6b21b,163,0.0,8.915964308005643,54.00381403432532,46.69879895232711,1,True
00009841879a5bb9,2021.06.09.12.39.51_veh-26_05620_06003,163,idm,152,,0.0,8.871696373760047,51.35635748510015,42.963141383188756,1,158,,0.0,8.871696373760047,51.35635748510015,42.963141383188756,1,151,,0.0,8.871696373760047,51.35635748510015,42.963141383188756,1,154,,0.0,8.871696373760047,51.35635748510015,42.963141383188756,1,151,,0.0,8.871696373760047,51.35635748510015,42.963141383188756,1,150,,0.0,8.871696373760047,51.35635748510015,42.963141383188756,1,157,,0.0,8.871696373760047,51.35635748510015,42.963141383188756,1,7788e77bfc7641c7471e0485f7c011039b91e1be,178,0.0,8.871696373760047,51.35635748510015,42.963141383188756,1,True
00009841879a5bb9,2021.06.09.12.39.51_veh-26_05620_06003,176,idm,158,,0.0,9.404057457755211,48.36788097108653,39.06978595594508,1,165,,0.0,9.404057457755211,48.36788097108653,39.06978595594508,1,157,,0.0,9.404057457755211,48.36788097108653,39.06978595594508,1,162,,0.0,9.404057457755211,48.36788097108653,39.06978595594508,1,160,,0.0,9.404057457755211,48.36788097108653,39.06978595594508,1,156,,0.0,9.404057457755211,48.36788097108653,39.06978595594508,1,165,,0.0,9.404057457755211,48.36788097108653,39.06978595594508,1,b577cf309fcd9d34059cc95dfd4ccd0dca918bee,190,0.0,9.404057457755211,48.36788097108653,39.06978595594508,1,True
00009841879a5bb9,2021.06.09.12.39.51_veh-26_05620_06003,189,idm,177,,0.0,8.315501161325837,45.080386656894994,35.10918355344827,1,182,,0.0,8.315501161325837,45.080386656894994,35.10918355344827,1,174,,0.0,8.315501161325837,45.080386656894994,35.10918355344827,1,176,,0.0,8.315501161325837,45.080386656894994,35.10918355344827,1,178,,0.0,8.315501161325837,45.080386656894994,35.10918355344827,1,175,,0.0,8.315501161325837,45.080386656894994,35.10918355344827,1,181,,0.0,8.315501161325837,45.080386656894994,35.10918355344827,1,b47981758b07bb3a34fa7b84ded04df42f3bf975,202,0.0,8.315501161325837,45.080386656894994,35.10918355344827,1,True
00009841879a5bb9,2021.06.09.12.39.51_veh-26_05620_06003,202,idm,195,,0.0,6.723381806967057,41.61977082846214,31.027838811667497,1,193,,0.0,6.723381806967057,41.61977082846214,31.027838811667497,1,191,,0.0,6.723381806967057,41.61977082846214,31.027838811667497,1,193,,0.0,6.723381806967057,41.61977082846214,31.027838811667497,1,193,,0.0,6.723381806967057,41.61977082846214,31.027838811667497,1,193,,0.0,6.723381806967057,41.61977082846214,31.027838811667497,1,193,,0.0,6.723381806967057,41.61977082846214,31.027838811667497,1,2254dcd1e42a70c03ad41e1aea2f00ae5dd4c1eb,213,0.0,6.723381806967057,41.61977082846214,31.027838811667497,1,True
00009841879a5bb9,2021.06.09.12.39.51_veh-26_05620_06003,216,idm,210,,0.0,6.408891242835367,37.5341616158677,26.28319069889185,1,209,,0.0,6.408891242835367,37.5341616158677,26.28319069889185,1,208,,0.0,6.408891242835367,37.5341616158677,26.28319069889185,1,208,,0.0,6.408891242835367,37.5341616158677,26.28319069889185,1,207,,0.0,6.408891242835367,37.5341616158677,26.28319069889185,1,209,,0.0,6.408891242835367,37.5341616158677,26.28319069889185,1,209,,0.0,6.408891242835367,37.5341616158677,26.28319069889185,1,98aab356a54fc87c407f7081373b20c4aa3c9eb2,222,0.0,6.408891242835367,37.5341616158677,26.28319069889185,1,True
00009841879a5bb9,2021.06.09.12.39.51_veh-26_05620_06003,229,idm,221,,0.0,6.427757589448307,33.50498377123542,21.795759786916058,1,224,,0.0,6.427757589448307,33.50498377123542,21.795759786916058,1,220,,0.0,6.427757589448307,33.50498377123542,21.795759786916058,1,222,,0.0,6.427757589448307,33.50498377123542,21.795759786916058,1,221,,0.0,6.427757589448307,33.50498377123542,21.795759786916058,1,221,,0.0,6.427757589448307,33.50498377123542,21.795759786916058,1,223,,0.0,6.427757589448307,33.50498377123542,21.795759786916058,1,ea62074d0894df66ccff89577241fb5a57e0442f,237,0.0,6.427757589448307,33.50498377123542,21.795759786916058,1,True
00009841879a5bb9,2021.06.09.12.39.51_veh-26_05620_06003,242,idm,255,,0.0,5.557521351094022,29.393574165826305,17.42538920479377,1,256,,0.0,5.557521351094022,29.393574165826305,17.42538920479377,1,255,cheap,0.0,5.557521351094022,29.393574165826305,17.42538920479377,1,256,full,0.0,5.557521351094022,29.393574165826305,17.42538920479377,1,254,,0.0,5.557521351094022,29.393574165826305,17.42538920479377,1,254,,0.0,5.557521351094022,29.393574165826305,17.42538920479377,1,255,,0.0,5.557521351094022,29.393574165826305,17.42538920479377,1,eade236866a867b9d52b29e65733a3ed4d23c5b8,274,0.0,5.557521351094022,29.393574165826305,17.42538920479377,1,True
00009841879a5bb9,2021.06.09.12.39.51_veh-26_05620_06003,255,idm,276,,0.0,4.822196971916167,25.135130440067257,13.140700594233337,1,278,,0.0,4.822196971916167,25.135130440067257,13.140700594233337,1,276,cheap,0.0,4.822196971916167,25.135130440067257,13.140700594233337,1,278,full,0.0,4.822196971916167,25.135130440067257,13.140700594233337,1,278,,0.0,4.822196971916167,25.135130440067257,13.140700594233337,1,276,,0.0,4.822196971916167,25.135130440067257,13.140700594233337,1,278,full,0.0,4.822196971916167,25.135130440067257,13.140700594233337,1,faab02c955d31dd928e2f1461627ade45b014686,295,0.0,4.822196971916167,25.135130440067257,13.140700594233337,1,True
00009841879a5bb9,2021.06.09.12.39.51_veh-26_05620_06003,269,idm,282,,0.0,4.6064421943948455,20.413665682886442,8.677806027336377,1,285,,0.0,4.6064421943948455,20.413665682886442,8.677806027336377,1,282,,0.0,4.6064421943948455,20.413665682886442,8.677806027336377,1,285,full,0.0,4.6064421943948455,20.413665682886442,8.677806027336377,1,284,,0.0,4.6064421943948455,20.413665682886442,8.677806027336377,1,282,,0.0,4.6064421943948455,20.413665682886442,8.677806027336377,1,284,full_s1,0.0,4.6064421943948455,20.413665682886442,8.677806027336377,1,a7fb4eaeae08b4e52edf46b7da3ca3c2651aafb9,298,0.0,4.6064421943948455,20.413665682886442,8.677806027336377,1,True
00009841879a5bb9,2021.06.09.12.39.51_veh-26_05620_06003,282,idm,287,,0.0,4.886819852627386,16.182761404820265,5.0209742394891075,1,286,,0.0,4.886819852627386,16.182761404820265,5.0209742394891075,1,286,full,0.0,4.886819852627386,16.182761404820265,5.0209742394891075,1,286,full,0.0,4.886819852627386,16.182761404820265,5.0209742394891075,1,286,full,0.0,4.886819852627386,16.182761404820265,5.0209742394891075,1,287,cheap,0.0,4.886819852627386,16.182761404820265,5.0209742394891075,1,286,full,0.0,4.886819852627386,16.182761404820265,5.0209742394891075,1,6e9acbce2209b98ced016fbd9bdd5123c0497773,300,0.0,4.886819852627386,16.182761404820265,5.0209742394891075,1,True
00009841879a5bb9,2021.06.09.12.39.51_veh-26_05620_06003,295,idm,306,,0.0,5.730969119355301,12.19605666737268,2.4657011188989,1,308,,0.0,5.730969119355301,12.19605666737268,2.4657011188989,1,306,cheap,0.0,5.730969119355301,12.19605666737268,2.4657011188989,1,308,,0.0,5.730969119355301,12.19605666737268,2.4657011188989,1,306,cheap,0.0,5.730969119355301,12.19605666737268,2.4657011188989,1,306,,0.0,5.730969119355301,12.19605666737268,2.4657011188989,1,308,,0.0,5.730969119355301,12.19605666737268,2.4657011188989,1,7728fb9133b13c279a4e0b59d08ec16c0055129c,321,0.0,5.730969119355301,12.19605666737268,2.4657011188989,1,True
00009841879a5bb9,2021.06.09.12.39.51_veh-26_05620_06003,309,idm,317,,0.0,6.88186000506342,8.857030031525529,4.583142733396878,1,319,,0.0,6.88186000506342,8.857030031525529,4.583142733396878,1,317,cheap,0.0,6.88186000506342,8.857030031525529,4.583142733396878,1,318,,0.0,6.88186000506342,8.857030031525529,4.583142733396878,1,317,,0.0,6.88186000506342,8.857030031525529,4.583142733396878,1,317,cheap,0.0,6.88186000506342,8.857030031525529,4.583142733396878,1,319,full,0.0,6.88186000506342,8.857030031525529,4.583142733396878,1,a626b1b812de802cb5a3fd6282d56662df95f03d,331,0.0,6.88186000506342,8.857030031525529,4.583142733396878,1,True
043c7c1fabd85c6e,2021.08.30.14.54.34_veh-40_00439_00835,4,idm,36,,0.0,0.09081655092156354,0.8135589384279791,1.243294431478496,1,37,,0.0,0.09081655092156354,0.8135589384279791,1.243294431478496,1,35,,0.0,0.09081655092156354,0.8135589384279791,1.243294431478496,1,35,,0.0,0.09081655092156354,0.8135589384279791,1.243294431478496,1,37,,0.0,0.09081655092156354,0.8135589384279791,1.243294431478496,1,36,,0.0,0.09081655092156354,0.8135589384279791,1.243294431478496,1,37,,0.0,0.09081655092156354,0.8135589384279791,1.243294431478496,1,3deef39bc4669590d55399936c165331fb9488ce,37,0.0,0.09081655092156354,0.8135589384279791,1.243294431478496,1,True
043c7c1fabd85c6e,2021.08.30.14.54.34_veh-40_00439_00835,17,idm,34,,0.0,0.09571706334549102,0.8007190681003075,1.219515185348828,1,36,,0.0,0.09571706334549102,0.8007190681003075,1.219515185348828,1,33,,0.0,0.09571706334549102,0.8007190681003075,1.219515185348828,1,32,,0.0,0.09571706334549102,0.8007190681003075,1.219515185348828,1,35,,0.0,0.09571706334549102,0.8007190681003075,1.219515185348828,1,34,,0.0,0.09571706334549102,0.8007190681003075,1.219515185348828,1,36,full,0.0,0.09571706334549102,0.8007190681003075,1.219515185348828,1,34d7c0a0236c9778ac819552695a10586ded516b,33,0.0,0.09571706334549102,0.8007190681003075,1.219515185348828,1,True
043c7c1fabd85c6e,2021.08.30.14.54.34_veh-40_00439_00835,30,idm,32,,0.0,0.10568826890139706,0.7976825465790744,1.2142826877985695,1,35,,0.0,0.10568826890139706,0.7976825465790744,1.2142826877985695,1,31,,0.0,0.10568826890139706,0.7976825465790744,1.2142826877985695,1,32,,0.0,0.10568826890139706,0.7976825465790744,1.2142826877985695,1,34,,0.0,0.10568826890139706,0.7976825465790744,1.2142826877985695,1,32,cheap,0.0,0.10568826890139706,0.7976825465790744,1.2142826877985695,1,35,,0.0,0.10568826890139706,0.7976825465790744,1.2142826877985695,1,bfe900e790464b59bc29383dd1c65e5d77cb4a14,32,0.0,0.10568826890139706,0.7976825465790744,1.2142826877985695,1,True
043c7c1fabd85c6e,2021.08.30.14.54.34_veh-40_00439_00835,43,idm,33,,0.0,0.09947260793151821,0.7867566957421095,1.19320203282041,1,35,,0.0,0.09947260793151821,0.7867566957421095,1.19320203282041,1,32,reference,0.0,0.09947260793151821,0.7867566957421095,1.19320203282041,1,32,reference,0.0,0.09947260793151821,0.7867566957421095,1.19320203282041,1,34,,0.0,0.09947260793151821,0.7867566957421095,1.19320203282041,1,33,cheap,0.0,0.09947260793151821,0.7867566957421095,1.19320203282041,1,35,full,0.0,0.09947260793151821,0.7867566957421095,1.19320203282041,1,41130ded651f3a04fba729dffc07fc3ecd3a1252,32,0.0,0.09947260793151821,0.7867566957421095,1.19320203282041,1,True
043c7c1fabd85c6e,2021.08.30.14.54.34_veh-40_00439_00835,57,idm,34,,0.0,0.09963315698748473,0.7996349279439514,1.2181152253862404,1,37,,0.0,0.09963315698748473,0.7996349279439514,1.2181152253862404,1,31,,0.0,0.09963315698748473,0.7996349279439514,1.2181152253862404,1,31,cheap_nofp,0.0,0.09963315698748473,0.7996349279439514,1.2181152253862404,1,34,,0.0,0.09963315698748473,0.7996349279439514,1.2181152253862404,1,34,cheap,0.0,0.09963315698748473,0.7996349279439514,1.2181152253862404,1,37,full,0.0,0.09963315698748473,0.7996349279439514,1.2181152253862404,1,cba3bcd2e23bd978e379e6616504e6f7b362f354,32,0.0,0.09963315698748473,0.7996349279439514,1.2181152253862404,1,True
043c7c1fabd85c6e,2021.08.30.14.54.34_veh-40_00439_00835,70,idm,33,,0.0,0.09118272583903933,0.811472422702792,1.2400018089335791,1,36,,0.0,0.09118272583903933,0.811472422702792,1.2400018089335791,1,32,,0.0,0.09118272583903933,0.811472422702792,1.2400018089335791,1,32,cheap_nofp,0.0,0.09118272583903933,0.811472422702792,1.2400018089335791,1,36,,0.0,0.09118272583903933,0.811472422702792,1.2400018089335791,1,33,cheap,0.0,0.09118272583903933,0.811472422702792,1.2400018089335791,1,36,full,0.0,0.09118272583903933,0.811472422702792,1.2400018089335791,1,f21a74616dad59c4b39ef2a660292284aeff0daf,33,0.0,0.09118272583903933,0.811472422702792,1.2400018089335791,1,True
043c7c1fabd85c6e,2021.08.30.14.54.34_veh-40_00439_00835,83,idm,30,,0.0,0.09114543090757105,0.8023775520130259,1.2233279190357167,1,34,,0.0,0.09114543090757105,0.8023775520130259,1.2233279190357167,1,29,,0.0,0.09114543090757105,0.8023775520130259,1.2233279190357167,1,29,,0.0,0.09114543090757105,0.8023775520130259,1.2233279190357167,1,34,,0.0,0.09114543090757105,0.8023775520130259,1.2233279190357167,1,30,cheap,0.0,0.09114543090757105,0.8023775520130259,1.2233279190357167,1,34,,0.0,0.09114543090757105,0.8023775520130259,1.2233279190357167,1,e6aa92a7e447e5901916ff4e23882300eaa23cb7,30,0.0,0.09114543090757105,0.8023775520130259,1.2233279190357167,1,True
043c7c1fabd85c6e,2021.08.30.14.54.34_veh-40_00439_00835,97,idm,33,,0.0,0.10677290442185329,0.808245329783158,1.2343215757079173,1,35,,0.0,0.10677290442185329,0.808245329783158,1.2343215757079173,1,31,,0.0,0.10677290442185329,0.808245329783158,1.2343215757079173,1,31,cheap_nofp,0.0,0.10677290442185329,0.808245329783158,1.2343215757079173,1,34,,0.0,0.10677290442185329,0.808245329783158,1.2343215757079173,1,33,cheap,0.0,0.10677290442185329,0.808245329783158,1.2343215757079173,1,35,full,0.0,0.10677290442185329,0.808245329783158,1.2343215757079173,1,5ea8fc18cd3d7396fe41efeda8a8259f0174b210,32,0.0,0.10677290442185329,0.808245329783158,1.2343215757079173,1,True
043c7c1fabd85c6e,2021.08.30.14.54.34_veh-40_00439_00835,110,idm,34,,0.0,0.09782575969495264,0.7773869312283759,1.1766567211142962,1,36,,0.0,0.09782575969495264,0.7773869312283759,1.1766567211142962,1,32,,0.0,0.09782575969495264,0.7773869312283759,1.1766567211142962,1,32,cheap_nofp,0.0,0.09782575969495264,0.7773869312283759,1.1766567211142962,1,36,,0.0,0.09782575969495264,0.7773869312283759,1.1766567211142962,1,34,cheap,0.0,0.09782575969495264,0.7773869312283759,1.1766567211142962,1,36,full,0.0,0.09782575969495264,0.7773869312283759,1.1766567211142962,1,51a442ac61cfb2b4551494b3edba0874077cb3be,33,0.0,0.09782575969495264,0.7773869312283759,1.1766567211142962,1,True
043c7c1fabd85c6e,2021.08.30.14.54.34_veh-40_00439_00835,123,idm,32,,0.0,0.09721199944224454,0.8135838929265093,1.2448457114376887,1,36,,0.0,0.09721199944224454,0.8135838929265093,1.2448457114376887,1,31,,0.0,0.09721199944224454,0.8135838929265093,1.2448457114376887,1,31,cheap_nofp,0.0,0.09721199944224454,0.8135838929265093,1.2448457114376887,1,34,,0.0,0.09721199944224454,0.8135838929265093,1.2448457114376887,1,32,cheap,0.0,0.09721199944224454,0.8135838929265093,1.2448457114376887,1,36,full,0.0,0.09721199944224454,0.8135838929265093,1.2448457114376887,1,f88d499dff43fe89da5a79c7aa8b751a87ee4154,32,0.0,0.09721199944224454,0.8135838929265093,1.2448457114376887,1,True
043c7c1fabd85c6e,2021.08.30.14.54.34_veh-40_00439_00835,137,idm,33,,0.0,0.0987151398719852,0.8002667033158315,1.2194272583405636,1,35,,0.0,0.0987151398719852,0.8002667033158315,1.2194272583405636,1,32,,0.0,0.0987151398719852,0.8002667033158315,1.2194272583405636,1,32,cheap_nofp,0.0,0.0987151398719852,0.8002667033158315,1.2194272583405636,1,35,full,0.0,0.0987151398719852,0.8002667033158315,1.2194272583405636,1,33,cheap,0.0,0.0987151398719852,0.8002667033158315,1.2194272583405636,1,35,full,0.0,0.0987151398719852,0.8002667033158315,1.2194272583405636,1,1930932605947d0ed7c5b5fdcf873272c24a6396,33,0.0,0.0987151398719852,0.8002667033158315,1.2194272583405636,1,True
043c7c1fabd85c6e,2021.08.30.14.54.34_veh-40_00439_00835,150,idm,34,,0.0,0.0949160771903264,0.8126584740854891,1.2432507198178593,1,36,,0.0,0.0949160771903264,0.8126584740854891,1.2432507198178593,1,33,,0.0,0.0949160771903264,0.8126584740854891,1.2432507198178593,1,33,cheap_nofp,0.0,0.0949160771903264,0.8126584740854891,1.2432507198178593,1,36,full,0.0,0.0949160771903264,0.8126584740854891,1.2432507198178593,1,34,cheap,0.0,0.0949160771903264,0.8126584740854891,1.2432507198178593,1,36,full,0.0,0.0949160771903264,0.8126584740854891,1.2432507198178593,1,4b57175cb2280805edb450d483380d37347d8f4d,35,0.0,0.0949160771903264,0.8126584740854891,1.2432507198178593,1,True
043c7c1fabd85c6e,2021.08.30.14.54.34_veh-40_00439_00835,163,idm,36,,0.0,0.10239195026209248,0.81117118637618,1.2401686118114879,1,38,,0.0,0.10239195026209248,0.81117118637618,1.2401686118114879,1,34,,0.0,0.10239195026209248,0.81117118637618,1.2401686118114879,1,34,cheap_nofp,0.0,0.10239195026209248,0.81117118637618,1.2401686118114879,1,37,,0.0,0.10239195026209248,0.81117118637618,1.2401686118114879,1,36,cheap,0.0,0.10239195026209248,0.81117118637618,1.2401686118114879,1,38,full,0.0,0.10239195026209248,0.81117118637618,1.2401686118114879,1,5bf7938a18d3d49cf7f5b2e11a1e7d82c7469c69,36,0.0,0.10239195026209248,0.81117118637618,1.2401686118114879,1,True
043c7c1fabd85c6e,2021.08.30.14.54.34_veh-40_00439_00835,176,idm,38,,0.0,0.09473693126078665,0.7974747091199387,1.2144101997911123,1,40,,0.0,0.09473693126078665,0.7974747091199387,1.2144101997911123,1,36,,0.0,0.09473693126078665,0.7974747091199387,1.2144101997911123,1,37,,0.0,0.09473693126078665,0.7974747091199387,1.2144101997911123,1,38,,0.0,0.09473693126078665,0.7974747091199387,1.2144101997911123,1,38,cheap,0.0,0.09473693126078665,0.7974747091199387,1.2144101997911123,1,40,,0.0,0.09473693126078665,0.7974747091199387,1.2144101997911123,1,efa9cfc9bf78bf4718e6085d04bd4709fde60cc1,38,0.0,0.09473693126078665,0.7974747091199387,1.2144101997911123,1,True
043c7c1fabd85c6e,2021.08.30.14.54.34_veh-40_00439_00835,190,idm,33,,0.0,0.09687204543163451,0.8071251605951391,1.2327439718270237,1,35,,0.0,0.09687204543163451,0.8071251605951391,1.2327439718270237,1,32,,0.0,0.09687204543163451,0.8071251605951391,1.2327439718270237,1,32,cheap_nofp,0.0,0.09687204543163451,0.8071251605951391,1.2327439718270237,1,33,,0.0,0.09687204543163451,0.8071251605951391,1.2327439718270237,1,33,cheap,0.0,0.09687204543163451,0.8071251605951391,1.2327439718270237,1,35,full,0.0,0.09687204543163451,0.8071251605951391,1.2327439718270237,1,128a5926857430712bf347a4ccbe445b9a09f7ef,34,0.0,0.09687204543163451,0.8071251605951391,1.2327439718270237,1,True
043c7c1fabd85c6e,2021.08.30.14.54.34_veh-40_00439_00835,203,idm,35,,0.0,0.10010092976283873,0.7833651849637921,1.187656774205699,1,37,,0.0,0.10010092976283873,0.7833651849637921,1.187656774205699,1,33,,0.0,0.10010092976283873,0.7833651849637921,1.187656774205699,1,33,cheap_nofp,0.0,0.10010092976283873,0.7833651849637921,1.187656774205699,1,35,,0.0,0.10010092976283873,0.7833651849637921,1.187656774205699,1,35,cheap,0.0,0.10010092976283873,0.7833651849637921,1.187656774205699,1,37,full,0.0,0.10010092976283873,0.7833651849637921,1.187656774205699,1,84ef00a99d4f98280ae462ffd2e1db3a42caab36,34,0.0,0.10010092976283873,0.7833651849637921,1.187656774205699,1,True
043c7c1fabd85c6e,2021.08.30.14.54.34_veh-40_00439_00835,216,idm,32,,0.0,0.09908415109981349,0.8133254438999599,1.2444955356231302,1,32,,0.0,0.09908415109981349,0.8133254438999599,1.2444955356231302,1,30,,0.0,0.09908415109981349,0.8133254438999599,1.2444955356231302,1,30,cheap_nofp,0.0,0.09908415109981349,0.8133254438999599,1.2444955356231302,1,31,,0.0,0.09908415109981349,0.8133254438999599,1.2444955356231302,1,32,cheap,0.0,0.09908415109981349,0.8133254438999599,1.2444955356231302,1,32,full,0.0,0.09908415109981349,0.8133254438999599,1.2444955356231302,1,c853af24caee1dfd6a49b0bda2acc7204fcb7415,31,0.0,0.09908415109981349,0.8133254438999599,1.2444955356231302,1,True
043c7c1fabd85c6e,2021.08.30.14.54.34_veh-40_00439_00835,230,idm,32,,0.0,0.11345741845040677,0.8030161791108658,1.2249852084775257,1,33,,0.0,0.11345741845040677,0.8030161791108658,1.2249852084775257,1,31,,0.0,0.11345741845040677,0.8030161791108658,1.2249852084775257,1,31,cheap_nofp,0.0,0.11345741845040677,0.8030161791108658,1.2249852084775257,1,33,,0.0,0.11345741845040677,0.8030161791108658,1.2249852084775257,1,32,cheap,0.0,0.11345741845040677,0.8030161791108658,1.2249852084775257,1,33,full,0.0,0.11345741845040677,0.8030161791108658,1.2249852084775257,1,591dc069d79b1374e76b8c8b9caa2e6f78346a95,32,0.0,0.11345741845040677,0.8030161791108658,1.2249852084775257,1,True
043c7c1fabd85c6e,2021.08.30.14.54.34_veh-40_00439_00835,243,idm,30,,0.0,0.10950593398374257,0.8085141358760881,1.2355365908740887,1,32,,0.0,0.10950593398374257,0.8085141358760881,1.2355365908740887,1,29,,0.0,0.10950593398374257,0.8085141358760881,1.2355365908740887,1,29,cheap_nofp,0.0,0.10950593398374257,0.8085141358760881,1.2355365908740887,1,30,,0.0,0.10950593398374257,0.8085141358760881,1.2355365908740887,1,30,cheap,0.0,0.10950593398374257,0.8085141358760881,1.2355365908740887,1,32,full,0.0,0.10950593398374257,0.8085141358760881,1.2355365908740887,1,69408ff62df42345a15bf1274a80119ebc2a0a23,30,0.0,0.10950593398374257,0.8085141358760881,1.2355365908740887,1,True
043c7c1fabd85c6e,2021.08.30.14.54.34_veh-40_00439_00835,256,idm,33,,0.0,0.09578498608885391,0.8015545588328573,1.221450649009614,1,34,,0.0,0.09578498608885391,0.8015545588328573,1.221450649009614,1,32,,0.0,0.09578498608885391,0.8015545588328573,1.221450649009614,1,32,cheap_nofp,0.0,0.09578498608885391,0.8015545588328573,1.221450649009614,1,33,,0.0,0.09578498608885391,0.8015545588328573,1.221450649009614,1,33,cheap,0.0,0.09578498608885391,0.8015545588328573,1.221450649009614,1,34,full,0.0,0.09578498608885391,0.8015545588328573,1.221450649009614,1,eaf9fb87660f719bca0130d6226cb21033033b5e,33,0.0,0.09578498608885391,0.8015545588328573,1.221450649009614,1,True
043c7c1fabd85c6e,2021.08.30.14.54.34_veh-40_00439_00835,270,idm,34,,0.0,0.09133544832059341,0.7857728617141417,1.1929307852038968,1,35,,0.0,0.09133544832059341,0.7857728617141417,1.1929307852038968,1,33,,0.0,0.09133544832059341,0.7857728617141417,1.1929307852038968,1,33,,0.0,0.09133544832059341,0.7857728617141417,1.1929307852038968,1,34,,0.0,0.09133544832059341,0.7857728617141417,1.1929307852038968,1,34,cheap,0.0,0.09133544832059341,0.7857728617141417,1.1929307852038968,1,35,full,0.0,0.09133544832059341,0.7857728617141417,1.1929307852038968,1,2e7a3c0d2f377ed0aa3020f2a670c1ad7aab99ed,35,0.0,0.09133544832059341,0.7857728617141417,1.1929307852038968,1,True
043c7c1fabd85c6e,2021.08.30.14.54.34_veh-40_00439_00835,283,idm,31,,0.0,0.08422869355483537,0.7894127551058633,1.1992395682279682,1,32,,0.0,0.08422869355483537,0.7894127551058633,1.1992395682279682,1,30,,0.0,0.08422869355483537,0.7894127551058633,1.1992395682279682,1,30,cheap_nofp,0.0,0.08422869355483537,0.7894127551058633,1.1992395682279682,1,31,,0.0,0.08422869355483537,0.7894127551058633,1.1992395682279682,1,31,cheap,0.0,0.08422869355483537,0.7894127551058633,1.1992395682279682,1,32,full,0.0,0.08422869355483537,0.7894127551058633,1.1992395682279682,1,b41040d33533fea47a0ed64ae8b39dd93113efe8,32,0.0,0.08422869355483537,0.7894127551058633,1.1992395682279682,1,True
043c7c1fabd85c6e,2021.08.30.14.54.34_veh-40_00439_00835,296,idm,31,,0.0,0.09704782985299854,0.7915908391167836,1.2039034594800022,1,31,,0.0,0.09704782985299854,0.7915908391167836,1.2039034594800022,1,29,,0.0,0.09704782985299854,0.7915908391167836,1.2039034594800022,1,29,cheap_nofp,0.0,0.09704782985299854,0.7915908391167836,1.2039034594800022,1,31,full,0.0,0.09704782985299854,0.7915908391167836,1.2039034594800022,1,31,cheap,0.0,0.09704782985299854,0.7915908391167836,1.2039034594800022,1,31,full,0.0,0.09704782985299854,0.7915908391167836,1.2039034594800022,1,402eeb631cd85a2c8e5ae35ef361d07a92c198cc,31,0.0,0.09704782985299854,0.7915908391167836,1.2039034594800022,1,True
043c7c1fabd85c6e,2021.08.30.14.54.34_veh-40_00439_00835,310,idm,30,,0.0,0.09616710925534122,0.7997714722133635,1.218863118563867,1,30,,0.0,0.09616710925534122,0.7997714722133635,1.218863118563867,1,28,,0.0,0.09616710925534122,0.7997714722133635,1.218863118563867,1,28,cheap_nofp,0.0,0.09616710925534122,0.7997714722133635,1.218863118563867,1,29,,0.0,0.09616710925534122,0.7997714722133635,1.218863118563867,1,30,cheap,0.0,0.09616710925534122,0.7997714722133635,1.218863118563867,1,30,full,0.0,0.09616710925534122,0.7997714722133635,1.218863118563867,1,9c2220b84ee6b298ab92c232dc380f903c02a8df,30,0.0,0.09616710925534122,0.7997714722133635,1.218863118563867,1,True
087f4978523b5cdd,2021.06.09.17.37.09_veh-12_00404_00864,4,idm,239,,0.0,0.9110723918469182,0.589097906784159,0.8810672327829456,1,248,,0.0,0.9110723918469182,0.589097906784159,0.8810672327829456,1,239,,0.0,0.9110723918469182,0.589097906784159,0.8810672327829456,1,245,,0.0,0.9110723918469182,0.589097906784159,0.8810672327829456,1,243,,0.0,0.9110723918469182,0.589097906784159,0.8810672327829456,1,239,,0.0,0.9110723918469182,0.589097906784159,0.8810672327829456,1,248,,0.0,0.9110723918469182,0.589097906784159,0.8810672327829456,1,b9af022a78a55bd5fb050167723403c3d3c6e568,262,0.0,0.9110723918469182,0.589097906784159,0.8810672327829456,1,True
087f4978523b5cdd,2021.06.09.17.37.09_veh-12_00404_00864,17,idm,247,,0.0,1.2504182437760198,0.5890566682107113,0.8810428223244899,1,248,,0.0,1.2504182437760198,0.5890566682107113,0.8810428223244899,1,243,,0.0,1.2504182437760198,0.5890566682107113,0.8810428223244899,1,244,,0.0,1.2504182437760198,0.5890566682107113,0.8810428223244899,1,240,,0.0,1.2504182437760198,0.5890566682107113,0.8810428223244899,1,246,,0.0,1.2504182437760198,0.5890566682107113,0.8810428223244899,1,247,,0.0,1.2504182437760198,0.5890566682107113,0.8810428223244899,1,119f93fce6f5853d15e2417e02f1f7f9718554bf,260,0.0,1.2504182437760198,0.5890566682107113,0.8810428223244899,1,True
087f4978523b5cdd,2021.06.09.17.37.09_veh-12_00404_00864,30,idm,238,,0.0,1.2568640894236203,0.5891256607318781,0.8810182384353263,1,238,,0.0,1.2568640894236203,0.5891256607318781,0.8810182384353263,1,235,,0.0,1.2568640894236203,0.5891256607318781,0.8810182384353263,1,238,,0.0,1.2568640894236203,0.5891256607318781,0.8810182384353263,1,237,,0.0,1.2568640894236203,0.5891256607318781,0.8810182384353263,1,238,,0.0,1.2568640894236203,0.5891256607318781,0.8810182384353263,1,238,,0.0,1.2568640894236203,0.5891256607318781,0.8810182384353263,1,1c335015563fd323a172ec94d15dbebd0f812fcc,253,0.0,1.2568640894236203,0.5891256607318781,0.8810182384353263,1,True
087f4978523b5cdd,2021.06.09.17.37.09_veh-12_00404_00864,43,idm,227,,0.0,1.2476785760977533,0.5889658551977568,0.8809797071518117,1,233,,0.0,1.2476785760977533,0.5889658551977568,0.8809797071518117,1,227,cheap,0.0,1.2476785760977533,0.5889658551977568,0.8809797071518117,1,233,,0.0,1.2476785760977533,0.5889658551977568,0.8809797071518117,1,231,,0.0,1.2476785760977533,0.5889658551977568,0.8809797071518117,1,227,,0.0,1.2476785760977533,0.5889658551977568,0.8809797071518117,1,233,,0.0,1.2476785760977533,0.5889658551977568,0.8809797071518117,1,259067f21b15163c6724886e8c3b9eeb14ec4d98,248,0.0,1.2476785760977533,0.5889658551977568,0.8809797071518117,1,True
087f4978523b5cdd,2021.06.09.17.37.09_veh-12_00404_00864,57,idm,237,,0.0,1.240843007817622,0.5893437280855454,0.8809562130903718,1,238,,0.0,1.240843007817622,0.5893437280855454,0.8809562130903718,1,235,,0.0,1.240843007817622,0.5893437280855454,0.8809562130903718,1,237,,0.0,1.240843007817622,0.5893437280855454,0.8809562130903718,1,235,,0.0,1.240843007817622,0.5893437280855454,0.8809562130903718,1,236,,0.0,1.240843007817622,0.5893437280855454,0.8809562130903718,1,238,,0.0,1.240843007817622,0.5893437280855454,0.8809562130903718,1,a53c2c5c58d350d99b0ad93ac8ffbcdfa9074d97,251,0.0,1.240843007817622,0.5893437280855454,0.8809562130903718,1,True
087f4978523b5cdd,2021.06.09.17.37.09_veh-12_00404_00864,70,idm,233,,0.0,1.242116765350527,0.5887249666381217,0.8809533064769619,1,236,,0.0,1.242116765350527,0.5887249666381217,0.8809533064769619,1,232,,0.0,1.242116765350527,0.5887249666381217,0.8809533064769619,1,233,,0.0,1.242116765350527,0.5887249666381217,0.8809533064769619,1,235,,0.0,1.242116765350527,0.5887249666381217,0.8809533064769619,1,233,,0.0,1.242116765350527,0.5887249666381217,0.8809533064769619,1,236,,0.0,1.242116765350527,0.5887249666381217,0.8809533064769619,1,d56e9b6797edeee9a3a24568829157721caf5f49,250,0.0,1.242116765350527,0.5887249666381217,0.8809533064769619,1,True
087f4978523b5cdd,2021.06.09.17.37.09_veh-12_00404_00864,83,idm,237,,0.0,1.2192526266511632,0.5891519642494418,0.8810542365882399,1,240,,0.0,1.2192526266511632,0.5891519642494418,0.8810542365882399,1,236,,0.0,1.2192526266511632,0.5891519642494418,0.8810542365882399,1,238,,0.0,1.2192526266511632,0.5891519642494418,0.8810542365882399,1,237,,0.0,1.2192526266511632,0.5891519642494418,0.8810542365882399,1,236,,0.0,1.2192526266511632,0.5891519642494418,0.8810542365882399,1,239,,0.0,1.2192526266511632,0.5891519642494418,0.8810542365882399,1,04f808f8500781c2574af374d9c436d6d2f3824e,249,0.0,1.2192526266511632,0.5891519642494418,0.8810542365882399,1,True
087f4978523b5cdd,2021.06.09.17.37.09_veh-12_00404_00864,97,idm,231,,0.0,1.2296195358188913,0.5889746333230738,0.8810970103490514,1,232,,0.0,1.2296195358188913,0.5889746333230738,0.8810970103490514,1,230,,0.0,1.2296195358188913,0.5889746333230738,0.8810970103490514,1,231,,0.0,1.2296195358188913,0.5889746333230738,0.8810970103490514,1,231,,0.0,1.2296195358188913,0.5889746333230738,0.8810970103490514,1,231,,0.0,1.2296195358188913,0.5889746333230738,0.8810970103490514,1,232,,0.0,1.2296195358188913,0.5889746333230738,0.8810970103490514,1,4b7d1b6c716ed2909483a61b2ef49040a3ac381e,244,0.0,1.2296195358188913,0.5889746333230738,0.8810970103490514,1,True
087f4978523b5cdd,2021.06.09.17.37.09_veh-12_00404_00864,110,idm,236,,0.0,1.22877238571134,0.5891952735876749,0.8810978459652646,1,236,,0.0,1.22877238571134,0.5891952735876749,0.8810978459652646,1,232,,0.0,1.22877238571134,0.5891952735876749,0.8810978459652646,1,235,,0.0,1.22877238571134,0.5891952735876749,0.8810978459652646,1,233,,0.0,1.22877238571134,0.5891952735876749,0.8810978459652646,1,236,,0.0,1.22877238571134,0.5891952735876749,0.8810978459652646,1,236,,0.0,1.22877238571134,0.5891952735876749,0.8810978459652646,1,8b80877846a66508ca90b154ca759ae2d63c4592,246,0.0,1.22877238571134,0.5891952735876749,0.8810978459652646,1,True
087f4978523b5cdd,2021.06.09.17.37.09_veh-12_00404_00864,123,idm,236,,0.0,1.2342834256233013,0.5888723115945743,0.8810525736985174,1,237,,0.0,1.2342834256233013,0.5888723115945743,0.8810525736985174,1,234,,0.0,1.2342834256233013,0.5888723115945743,0.8810525736985174,1,236,,0.0,1.2342834256233013,0.5888723115945743,0.8810525736985174,1,235,,0.0,1.2342834256233013,0.5888723115945743,0.8810525736985174,1,235,,0.0,1.2342834256233013,0.5888723115945743,0.8810525736985174,1,236,,0.0,1.2342834256233013,0.5888723115945743,0.8810525736985174,1,9f13f1ba1d1d2107e71f8b684933fd673877eeba,245,0.0,1.2342834256233013,0.5888723115945743,0.8810525736985174,1,True
087f4978523b5cdd,2021.06.09.17.37.09_veh-12_00404_00864,137,idm,238,,0.0,1.2439078328158486,0.5890846913881254,0.8810731892469468,1,240,,0.0,1.2439078328158486,0.5890846913881254,0.8810731892469468,1,237,,0.0,1.2439078328158486,0.5890846913881254,0.8810731892469468,1,239,,0.0,1.2439078328158486,0.5890846913881254,0.8810731892469468,1,239,,0.0,1.2439078328158486,0.5890846913881254,0.8810731892469468,1,238,,0.0,1.2439078328158486,0.5890846913881254,0.8810731892469468,1,240,,0.0,1.2439078328158486,0.5890846913881254,0.8810731892469468,1,29e1d36c4d0f05d8a01510c8cebbd5e5a9ba35ee,248,0.0,1.2439078328158486,0.5890846913881254,0.8810731892469468,1,True
087f4978523b5cdd,2021.06.09.17.37.09_veh-12_00404_00864,150,idm,244,,0.0,0.334431440871701,0.5892363046814539,0.8809469217522127,1,246,,0.0,0.334431440871701,0.5892363046814539,0.8809469217522127,1,244,cheap,0.0,0.334431440871701,0.5892363046814539,0.8809469217522127,1,245,,0.0,0.334431440871701,0.5892363046814539,0.8809469217522127,1,243,,0.0,0.334431440871701,0.5892363046814539,0.8809469217522127,1,243,,0.0,0.334431440871701,0.5892363046814539,0.8809469217522127,1,245,,0.0,0.334431440871701,0.5892363046814539,0.8809469217522127,1,9b8f0b050ed51239d1267bfdbca3c05df1931fb4,258,0.0,0.334431440871701,0.5892363046814539,0.8809469217522127,1,True
087f4978523b5cdd,2021.06.09.17.37.09_veh-12_00404_00864,163,idm,242,,0.0,0.278877561801133,0.5889830218559102,0.8809894152210274,1,243,,0.0,0.278877561801133,0.5889830218559102,0.8809894152210274,1,241,,0.0,0.278877561801133,0.5889830218559102,0.8809894152210274,1,243,full,0.0,0.278877561801133,0.5889830218559102,0.8809894152210274,1,242,,0.0,0.278877561801133,0.5889830218559102,0.8809894152210274,1,242,,0.0,0.278877561801133,0.5889830218559102,0.8809894152210274,1,243,,0.0,0.278877561801133,0.5889830218559102,0.8809894152210274,1,d71266b7348321f2e9eac11a7c2350b3430d2e71,256,0.0,0.278877561801133,0.5889830218559102,0.8809894152210274,1,True
087f4978523b5cdd,2021.06.09.17.37.09_veh-12_00404_00864,176,idm,240,,0.0,0.2784782055952161,0.5892601970482011,0.8810948369393281,1,243,,0.0,0.2784782055952161,0.5892601970482011,0.8810948369393281,1,239,,0.0,0.2784782055952161,0.5892601970482011,0.8810948369393281,1,243,full,0.0,0.2784782055952161,0.5892601970482011,0.8810948369393281,1,242,,0.0,0.2784782055952161,0.5892601970482011,0.8810948369393281,1,240,,0.0,0.2784782055952161,0.5892601970482011,0.8810948369393281,1,242,,0.0,0.2784782055952161,0.5892601970482011,0.8810948369393281,1,1ade255915d9935c43ae044f681bb7228edd6ef0,257,0.0,0.2784782055952161,0.5892601970482011,0.8810948369393281,1,True
087f4978523b5cdd,2021.06.09.17.37.09_veh-12_00404_00864,190,idm,232,,0.0,0.38582937790798744,0.5889363528527516,0.8810825104317487,1,235,,0.0,0.38582937790798744,0.5889363528527516,0.8810825104317487,1,232,cheap,0.0,0.38582937790798744,0.5889363528527516,0.8810825104317487,1,235,full,0.0,0.38582937790798744,0.5889363528527516,0.8810825104317487,1,234,,0.0,0.38582937790798744,0.5889363528527516,0.8810825104317487,1,232,,0.0,0.38582937790798744,0.5889363528527516,0.8810825104317487,1,234,,0.0,0.38582937790798744,0.5889363528527516,0.8810825104317487,1,5e0a03e2d140b855c9f895e20b09f36f06a26b2a,248,0.0,0.38582937790798744,0.5889363528527516,0.8810825104317487,1,True
087f4978523b5cdd,2021.06.09.17.37.09_veh-12_00404_00864,203,idm,235,,0.0,0.49227859894600884,0.5890153528665368,0.8811324047545852,1,235,,0.0,0.49227859894600884,0.5890153528665368,0.8811324047545852,1,234,,0.0,0.49227859894600884,0.5890153528665368,0.8811324047545852,1,235,full,0.0,0.49227859894600884,0.5890153528665368,0.8811324047545852,1,233,,0.0,0.49227859894600884,0.5890153528665368,0.8811324047545852,1,234,,0.0,0.49227859894600884,0.5890153528665368,0.8811324047545852,1,234,,0.0,0.49227859894600884,0.5890153528665368,0.8811324047545852,1,bfc628d2ca933d080413c4843fc229bd1fa13733,249,0.0,0.49227859894600884,0.5890153528665368,0.8811324047545852,1,True
087f4978523b5cdd,2021.06.09.17.37.09_veh-12_00404_00864,216,idm,224,,0.0,0.6911260090282338,0.5892063161041157,0.8811389061683078,1,225,,0.0,0.6911260090282338,0.5892063161041157,0.8811389061683078,1,224,cheap,0.0,0.6911260090282338,0.5892063161041157,0.8811389061683078,1,225,full,0.0,0.6911260090282338,0.5892063161041157,0.8811389061683078,1,225,,0.0,0.6911260090282338,0.5892063161041157,0.8811389061683078,1,224,,0.0,0.6911260090282338,0.5892063161041157,0.8811389061683078,1,225,,0.0,0.6911260090282338,0.5892063161041157,0.8811389061683078,1,144debaedcc810a283a0d5209cd519a50fd52498,244,0.0,0.6911260090282338,0.5892063161041157,0.8811389061683078,1,True
087f4978523b5cdd,2021.06.09.17.37.09_veh-12_00404_00864,230,idm,224,,0.0,1.1476659319650429,0.5891982874686801,0.8810885872247524,1,227,,0.0,1.1476659319650429,0.5891982874686801,0.8810885872247524,1,224,cheap,0.0,1.1476659319650429,0.5891982874686801,0.8810885872247524,1,227,full,0.0,1.1476659319650429,0.5891982874686801,0.8810885872247524,1,225,,0.0,1.1476659319650429,0.5891982874686801,0.8810885872247524,1,224,,0.0,1.1476659319650429,0.5891982874686801,0.8810885872247524,1,227,,0.0,1.1476659319650429,0.5891982874686801,0.8810885872247524,1,6348b1217b7341a475b41266f284a0948609940b,244,0.0,1.1476659319650429,0.5891982874686801,0.8810885872247524,1,True
087f4978523b5cdd,2021.06.09.17.37.09_veh-12_00404_00864,243,idm,229,,0.0,1.2332174960036282,0.5891525485115998,0.8811068058840188,1,230,,0.0,1.2332174960036282,0.5891525485115998,0.8811068058840188,1,229,cheap,0.0,1.2332174960036282,0.5891525485115998,0.8811068058840188,1,230,full,0.0,1.2332174960036282,0.5891525485115998,0.8811068058840188,1,230,,0.0,1.2332174960036282,0.5891525485115998,0.8811068058840188,1,229,,0.0,1.2332174960036282,0.5891525485115998,0.8811068058840188,1,230,,0.0,1.2332174960036282,0.5891525485115998,0.8811068058840188,1,957645b40bef73f83317b9d8c6d0326e52099692,246,0.0,1.2332174960036282,0.5891525485115998,0.8811068058840188,1,True
087f4978523b5cdd,2021.06.09.17.37.09_veh-12_00404_00864,256,idm,236,,0.0,1.2425428444524518,0.5891729073125184,0.8810266709080451,1,238,,0.0,1.2425428444524518,0.5891729073125184,0.8810266709080451,1,235,,0.0,1.2425428444524518,0.5891729073125184,0.8810266709080451,1,238,,0.0,1.2425428444524518,0.5891729073125184,0.8810266709080451,1,236,,0.0,1.2425428444524518,0.5891729073125184,0.8810266709080451,1,236,,0.0,1.2425428444524518,0.5891729073125184,0.8810266709080451,1,237,,0.0,1.2425428444524518,0.5891729073125184,0.8810266709080451,1,baeb5eb6066ad35315937272bdc4a33304940908,252,0.0,1.2425428444524518,0.5891729073125184,0.8810266709080451,1,True
087f4978523b5cdd,2021.06.09.17.37.09_veh-12_00404_00864,270,idm,237,,0.0,1.2472747356763405,0.5891460995246568,0.8810774008012282,1,237,,0.0,1.2472747356763405,0.5891460995246568,0.8810774008012282,1,237,,0.0,1.2472747356763405,0.5891460995246568,0.8810774008012282,1,237,,0.0,1.2472747356763405,0.5891460995246568,0.8810774008012282,1,237,,0.0,1.2472747356763405,0.5891460995246568,0.8810774008012282,1,237,,0.0,1.2472747356763405,0.5891460995246568,0.8810774008012282,1,237,,0.0,1.2472747356763405,0.5891460995246568,0.8810774008012282,1,9aaa288a6bede83bde66669f082c4c28be9e144c,251,0.0,1.2472747356763405,0.5891460995246568,0.8810774008012282,1,True
087f4978523b5cdd,2021.06.09.17.37.09_veh-12_00404_00864,283,idm,233,,0.0,1.222923888931336,0.589231598972668,0.8811492524860364,1,234,,0.0,1.222923888931336,0.589231598972668,0.8811492524860364,1,233,cheap,0.0,1.222923888931336,0.589231598972668,0.8811492524860364,1,234,full,0.0,1.222923888931336,0.589231598972668,0.8811492524860364,1,233,,0.0,1.222923888931336,0.589231598972668,0.8811492524860364,1,233,,0.0,1.222923888931336,0.589231598972668,0.8811492524860364,1,233,,0.0,1.222923888931336,0.589231598972668,0.8811492524860364,1,eb400b332e29fda143e6bf73cccc49032ee34049,249,0.0,1.222923888931336,0.589231598972668,0.8811492524860364,1,True
087f4978523b5cdd,2021.06.09.17.37.09_veh-12_00404_00864,296,idm,233,,0.0,1.2143603886247685,0.5888936915273221,0.8810699701007781,1,235,,0.0,1.2143603886247685,0.5888936915273221,0.8810699701007781,1,233,cheap,0.0,1.2143603886247685,0.5888936915273221,0.8810699701007781,1,235,full,0.0,1.2143603886247685,0.5888936915273221,0.8810699701007781,1,233,,0.0,1.2143603886247685,0.5888936915273221,0.8810699701007781,1,233,,0.0,1.2143603886247685,0.5888936915273221,0.8810699701007781,1,234,,0.0,1.2143603886247685,0.5888936915273221,0.8810699701007781,1,80872695b4b182e3b5852bf25265d8b1ebd0a8a2,251,0.0,1.2143603886247685,0.5888936915273221,0.8810699701007781,1,True
087f4978523b5cdd,2021.06.09.17.37.09_veh-12_00404_00864,310,idm,232,,0.0,1.2087533386880558,0.5892905604823485,0.8810741517189445,1,231,,0.0,1.2087533386880558,0.5892905604823485,0.8810741517189445,1,232,,0.0,1.2087533386880558,0.5892905604823485,0.8810741517189445,1,231,,0.0,1.2087533386880558,0.5892905604823485,0.8810741517189445,1,231,,0.0,1.2087533386880558,0.5892905604823485,0.8810741517189445,1,232,,0.0,1.2087533386880558,0.5892905604823485,0.8810741517189445,1,231,,0.0,1.2087533386880558,0.5892905604823485,0.8810741517189445,1,c87e83bedc0df703da1d05a6efd687c9200e01a9,248,0.0,1.2087533386880558,0.5892905604823485,0.8810741517189445,1,True
0ccc6a47285b5da5,2021.10.05.07.10.04_veh-52_01442_01802,4,idm,12,,0.0,3.260949240131407,0.6165907303309328,1.7175113098719799,1,12,,0.0,3.260949240131407,0.6165907303309328,1.7175113098719799,1,12,,0.0,3.260949240131407,0.6165907303309328,1.7175113098719799,1,12,,0.0,3.260949240131407,0.6165907303309328,1.7175113098719799,1,12,,0.0,3.260949240131407,0.6165907303309328,1.7175113098719799,1,12,cheap,0.0,3.260949240131407,0.6165907303309328,1.7175113098719799,1,12,,0.0,3.260949240131407,0.6165907303309328,1.7175113098719799,1,499e5912a12230604d3fd206ff966fc00eaf4d58,13,0.0,3.260949240131407,0.6165907303309328,1.7175113098719799,1,True
0ccc6a47285b5da5,2021.10.05.07.10.04_veh-52_01442_01802,17,idm,14,,0.0,3.3314738687491867,0.8200351619051205,2.392278917158949,1,14,,0.0,3.3314738687491867,0.8200351619051205,2.392278917158949,1,13,,0.0,3.3314738687491867,0.8200351619051205,2.392278917158949,1,13,cheap_nofp,0.0,3.3314738687491867,0.8200351619051205,2.392278917158949,1,14,full,0.0,3.3314738687491867,0.8200351619051205,2.392278917158949,1,14,,0.0,3.3314738687491867,0.8200351619051205,2.392278917158949,1,14,,0.0,3.3314738687491867,0.8200351619051205,2.392278917158949,1,cf833701df018a79dbba9242be443528046d85cc,14,0.0,3.3314738687491867,0.8200351619051205,2.392278917158949,1,True
0ccc6a47285b5da5,2021.10.05.07.10.04_veh-52_01442_01802,30,idm,13,reference,0.0,3.5489455209473535,1.116751181607007,3.101596434245918,1,13,,0.0,3.5489455209473535,1.116751181607007,3.101596434245918,1,13,reference,0.0,3.5489455209473535,1.116751181607007,3.101596434245918,1,13,reference,0.0,3.5489455209473535,1.116751181607007,3.101596434245918,1,13,full,0.0,3.5489455209473535,1.116751181607007,3.101596434245918,1,13,reference,0.0,3.5489455209473535,1.116751181607007,3.101596434245918,1,13,full,0.0,3.5489455209473535,1.116751181607007,3.101596434245918,1,8452a59b5e7c86a0c74825b986bd3a997eeab2e3,13,0.0,3.5489455209473535,1.116751181607007,3.101596434245918,1,True
0ccc6a47285b5da5,2021.10.05.07.10.04_veh-52_01442_01802,43,idm,14,,0.0,4.690906010625123,1.5483927631798504,3.909469307531891,1,13,reference,0.0,4.690906010625123,1.5483927631798504,3.909469307531891,1,13,reference,0.0,4.690906010625123,1.5483927631798504,3.909469307531891,1,13,reference,0.0,4.690906010625123,1.5483927631798504,3.909469307531891,1,13,reference,0.0,4.690906010625123,1.5483927631798504,3.909469307531891,1,14,cheap,0.0,4.690906010625123,1.5483927631798504,3.909469307531891,1,13,reference,0.0,4.690906010625123,1.5483927631798504,3.909469307531891,1,d88098215006fc1e6f02750e516c7a7fb8609ef4,13,0.0,4.690906010625123,1.5483927631798504,3.909469307531891,1,True
0ccc6a47285b5da5,2021.10.05.07.10.04_veh-52_01442_01802,57,idm,15,,0.0,6.585054351924517,1.8498671225864984,4.472618984811305,1,15,reference,0.0,6.585054351924517,1.8498671225864984,4.472618984811305,1,15,reference,0.0,6.585054351924517,1.8498671225864984,4.472618984811305,1,15,reference,0.0,6.585054351924517,1.8498671225864984,4.472618984811305,1,15,reference,0.0,6.585054351924517,1.8498671225864984,4.472618984811305,1,15,cheap,0.0,6.585054351924517,1.8498671225864984,4.472618984811305,1,15,reference,0.0,6.585054351924517,1.8498671225864984,4.472618984811305,1,d8dfda517e328fb1569de46b73e80304bc6ab16a,15,0.0,6.585054351924517,1.8498671225864984,4.472618984811305,1,True
0ccc6a47285b5da5,2021.10.05.07.10.04_veh-52_01442_01802,70,idm,15,reference,0.0,10.173850787833022,1.9433249133536172,4.70301989483894,1,15,,0.0,10.173850787833022,1.9433249133536172,4.70301989483894,1,15,reference,0.0,10.173850787833022,1.9433249133536172,4.70301989483894,1,15,reference,0.0,10.173850787833022,1.9433249133536172,4.70301989483894,1,15,full,0.0,10.173850787833022,1.9433249133536172,4.70301989483894,1,15,reference,0.0,10.173850787833022,1.9433249133536172,4.70301989483894,1,15,full,0.0,10.173850787833022,1.9433249133536172,4.70301989483894,1,f33acf89e2a6f998598ff56be2a81c787ba77346,15,0.0,10.173850787833022,1.9433249133536172,4.70301989483894,1,True
0ccc6a47285b5da5,2021.10.05.07.10.04_veh-52_01442_01802,83,idm,12,,0.0,14.153636537184674,2.086914074611934,5.115346522469959,1,13,reference,0.0,14.153636537184674,2.086914074611934,5.115346522469959,1,12,cheap,0.0,14.153636537184674,2.086914074611934,5.115346522469959,1,13,reference,0.0,14.153636537184674,2.086914074611934,5.115346522469959,1,13,reference,0.0,14.153636537184674,2.086914074611934,5.115346522469959,1,12,cheap,0.0,14.153636537184674,2.086914074611934,5.115346522469959,1,13,reference,0.0,14.153636537184674,2.086914074611934,5.115346522469959,1,491686950ee252ad6860b2c0fa66c78139fef933,13,0.0,14.153636537184674,2.086914074611934,5.115346522469959,1,True
0ccc6a47285b5da5,2021.10.05.07.10.04_veh-52_01442_01802,97,idm,14,reference,0.0,18.858169736606513,2.283799095799764,5.902242355384445,1,14,reference,0.0,18.858169736606513,2.283799095799764,5.902242355384445,1,14,reference,0.0,18.858169736606513,2.283799095799764,5.902242355384445,1,14,reference,0.0,18.858169736606513,2.283799095799764,5.902242355384445,1,14,reference,0.0,18.858169736606513,2.283799095799764,5.902242355384445,1,14,reference,0.0,18.858169736606513,2.283799095799764,5.902242355384445,1,14,reference,0.0,18.858169736606513,2.283799095799764,5.902242355384445,1,eb7a653719727535263c9d5cc9d34ca2612e0230,14,0.0,18.858169736606513,2.283799095799764,5.902242355384445,1,True
0ccc6a47285b5da5,2021.10.05.07.10.04_veh-52_01442_01802,110,idm,12,reference,0.0,23.246099323043552,2.6710624147219484,7.241604737993536,1,12,reference,0.0,23.246099323043552,2.6710624147219484,7.241604737993536,1,12,reference,0.0,23.246099323043552,2.6710624147219484,7.241604737993536,1,12,reference,0.0,23.246099323043552,2.6710624147219484,7.241604737993536,1,12,reference,0.0,23.246099323043552,2.6710624147219484,7.241604737993536,1,12,reference,0.0,23.246099323043552,2.6710624147219484,7.241604737993536,1,12,reference,0.0,23.246099323043552,2.6710624147219484,7.241604737993536,1,349cd61a8ad64544f3c344300b9ba614bc13bbc2,12,0.0,23.246099323043552,2.6710624147219484,7.241604737993536,1,True
0ccc6a47285b5da5,2021.10.05.07.10.04_veh-52_01442_01802,123,idm,11,reference,0.0,24.78931595595607,3.335647840271946,9.108243758683349,1,11,,0.0,24.78931595595607,3.335647840271946,9.108243758683349,1,11,reference,0.0,24.78931595595607,3.335647840271946,9.108243758683349,1,11,reference,0.0,24.78931595595607,3.335647840271946,9.108243758683349,1,11,reference,0.0,24.78931595595607,3.335647840271946,9.108243758683349,1,11,reference,0.0,24.78931595595607,3.335647840271946,9.108243758683349,1,11,full,0.0,24.78931595595607,3.335647840271946,9.108243758683349,1,fa9ba03167b85b47c4f6751c5c4adac0e3ff4627,11,0.0,24.78931595595607,3.335647840271946,9.108243758683349,1,True
0ccc6a47285b5da5,2021.10.05.07.10.04_veh-52_01442_01802,137,idm,11,reference,0.0,24.74779815841716,4.140245836972037,10.506300115854147,1,11,reference,0.0,24.74779815841716,4.140245836972037,10.506300115854147,1,11,reference,0.0,24.74779815841716,4.140245836972037,10.506300115854147,1,11,reference,0.0,24.74779815841716,4.140245836972037,10.506300115854147,1,11,reference,0.0,24.74779815841716,4.140245836972037,10.506300115854147,1,11,reference,0.0,24.74779815841716,4.140245836972037,10.506300115854147,1,11,reference,0.0,24.74779815841716,4.140245836972037,10.506300115854147,1,79d21ad8d06008491ba3e054752f276ce3909677,11,0.0,24.74779815841716,4.140245836972037,10.506300115854147,1,True
0ccc6a47285b5da5,2021.10.05.07.10.04_veh-52_01442_01802,150,idm,11,reference,0.0,24.839454933557317,5.023240352253328,11.9767623093111,1,11,reference,0.0,24.839454933557317,5.023240352253328,11.9767623093111,1,11,reference,0.0,24.839454933557317,5.023240352253328,11.9767623093111,1,11,reference,0.0,24.839454933557317,5.023240352253328,11.9767623093111,1,11,reference,0.0,24.839454933557317,5.023240352253328,11.9767623093111,1,11,reference,0.0,24.839454933557317,5.023240352253328,11.9767623093111,1,11,reference,0.0,24.839454933557317,5.023240352253328,11.9767623093111,1,2c51a7aecad39c3c4ad622dbc4b987c7db669e6e,11,0.0,24.839454933557317,5.023240352253328,11.9767623093111,1,True
0ccc6a47285b5da5,2021.10.05.07.10.04_veh-52_01442_01802,163,idm,10,reference,0.0,24.978183705793803,5.616509397963151,12.948862099385389,1,11,,0.0,24.978183705793803,5.616509397963151,12.948862099385389,1,10,reference,0.0,24.978183705793803,5.616509397963151,12.948862099385389,1,10,reference,0.0,24.978183705793803,5.616509397963151,12.948862099385389,1,10,reference,0.0,24.978183705793803,5.616509397963151,12.948862099385389,1,10,reference,0.0,24.978183705793803,5.616509397963151,12.948862099385389,1,11,full,0.0,24.978183705793803,5.616509397963151,12.948862099385389,1,10e66d8fd144b287f2cb98f420a3567b5e629338,10,0.0,24.978183705793803,5.616509397963151,12.948862099385389,1,True
0ccc6a47285b5da5,2021.10.05.07.10.04_veh-52_01442_01802,176,idm,8,reference,0.0,24.694987489256853,5.59340134439134,12.482861136962947,1,8,reference,0.0,24.694987489256853,5.59340134439134,12.482861136962947,1,8,reference,0.0,24.694987489256853,5.59340134439134,12.482861136962947,1,8,reference,0.0,24.694987489256853,5.59340134439134,12.482861136962947,1,8,reference,0.0,24.694987489256853,5.59340134439134,12.482861136962947,1,8,reference,0.0,24.694987489256853,5.59340134439134,12.482861136962947,1,8,reference,0.0,24.694987489256853,5.59340134439134,12.482861136962947,1,a703d4501988d008c4c3739704bd285cb6effb51,8,0.0,24.694987489256853,5.59340134439134,12.482861136962947,1,True
0ccc6a47285b5da5,2021.10.05.07.10.04_veh-52_01442_01802,190,idm,7,reference,0.0,24.836564771454487,4.67702392633737,10.132861253677946,1,7,,0.0,24.836564771454487,4.67702392633737,10.132861253677946,1,7,reference,0.0,24.836564771454487,4.67702392633737,10.132861253677946,1,7,reference,0.0,24.836564771454487,4.67702392633737,10.132861253677946,1,7,,0.0,24.836564771454487,4.67702392633737,10.132861253677946,1,7,reference,0.0,24.836564771454487,4.67702392633737,10.132861253677946,1,7,full,0.0,24.836564771454487,4.67702392633737,10.132861253677946,1,34aa655a6c595929f7be076950d8d9055a6b2253,7,0.0,24.836564771454487,4.67702392633737,10.132861253677946,1,True
0ccc6a47285b5da5,2021.10.05.07.10.04_veh-52_01442_01802,203,idm,7,reference,0.0,24.539196514568108,3.2611321524199353,7.016627511292921,1,8,,0.0,24.539196514568108,3.2611321524199353,7.016627511292921,1,7,reference,0.0,24.539196514568108,3.2611321524199353,7.016627511292921,1,7,reference,0.0,24.539196514568108,3.2611321524199353,7.016627511292921,1,6,,0.0,24.539196514568108,3.2611321524199353,7.016627511292921,1,7,reference,0.0,24.539196514568108,3.2611321524199353,7.016627511292921,1,8,full,0.0,24.539196514568108,3.2611321524199353,7.016627511292921,1,6a1e5ca9ecdd00c0f33d02e31f82a351f05b4838,7,0.0,24.539196514568108,3.2611321524199353,7.016627511292921,1,True
0ccc6a47285b5da5,2021.10.05.07.10.04_veh-52_01442_01802,216,idm,9,,0.0,24.686917707347174,2.186393158882776,4.658877818293828,1,10,,0.0,24.686917707347174,2.186393158882776,4.658877818293828,1,8,reference,0.0,24.686917707347174,2.186393158882776,4.658877818293828,1,8,reference,0.0,24.686917707347174,2.186393158882776,4.658877818293828,1,9,,0.0,24.686917707347174,2.186393158882776,4.658877818293828,1,9,cheap,0.0,24.686917707347174,2.186393158882776,4.658877818293828,1,10,full,0.0,24.686917707347174,2.186393158882776,4.658877818293828,1,e247afecc1b507db6176b75580c6f109b313acca,8,0.0,24.686917707347174,2.186393158882776,4.658877818293828,1,True
0ccc6a47285b5da5,2021.10.05.07.10.04_veh-52_01442_01802,230,idm,9,,0.0,24.67677174794256,1.2114854879535866,2.5699163635631552,1,9,,0.0,24.67677174794256,1.2114854879535866,2.5699163635631552,1,9,reference,0.0,24.67677174794256,1.2114854879535866,2.5699163635631552,1,9,reference,0.0,24.67677174794256,1.2114854879535866,2.5699163635631552,1,9,,0.0,24.67677174794256,1.2114854879535866,2.5699163635631552,1,9,,0.0,24.67677174794256,1.2114854879535866,2.5699163635631552,1,9,full,0.0,24.67677174794256,1.2114854879535866,2.5699163635631552,1,ca4bb2cac5fd67bd9dec9eac71118b5d46d29144,9,0.0,24.67677174794256,1.2114854879535866,2.5699163635631552,1,True
0ccc6a47285b5da5,2021.10.05.07.10.04_veh-52_01442_01802,243,idm,8,reference,0.0,24.610697663404384,0.7047503240417089,1.5250235388125368,1,8,reference,0.0,24.610697663404384,0.7047503240417089,1.5250235388125368,1,8,reference,0.0,24.610697663404384,0.7047503240417089,1.5250235388125368,1,8,reference,0.0,24.610697663404384,0.7047503240417089,1.5250235388125368,1,8,reference,0.0,24.610697663404384,0.7047503240417089,1.5250235388125368,1,8,,0.0,24.610697663404384,0.7047503240417089,1.5250235388125368,1,8,,0.0,24.610697663404384,0.7047503240417089,1.5250235388125368,1,81a71f8183d5dd1bf00c9ca288d5af3855a1df36,8,0.0,24.610697663404384,0.7047503240417089,1.5250235388125368,1,True
0ccc6a47285b5da5,2021.10.05.07.10.04_veh-52_01442_01802,256,idm,8,reference,0.0,24.85313879292251,0.6006577321192956,1.383150837288243,1,9,,0.0,24.85313879292251,0.6006577321192956,1.383150837288243,1,8,reference,0.0,24.85313879292251,0.6006577321192956,1.383150837288243,1,8,reference,0.0,24.85313879292251,0.6006577321192956,1.383150837288243,1,8,reference,0.0,24.85313879292251,0.6006577321192956,1.383150837288243,1,8,reference,0.0,24.85313879292251,0.6006577321192956,1.383150837288243,1,9,full,0.0,24.85313879292251,0.6006577321192956,1.383150837288243,1,975462ed7be62186350d11cb317c33eeb7cf914e,8,0.0,24.85313879292251,0.6006577321192956,1.383150837288243,1,True
0ccc6a47285b5da5,2021.10.05.07.10.04_veh-52_01442_01802,270,idm,6,reference,0.0,24.981657174978285,0.6086516642146498,1.5069409058995131,1,7,,0.0,24.981657174978285,0.6086516642146498,1.5069409058995131,1,6,reference,0.0,24.981657174978285,0.6086516642146498,1.5069409058995131,1,6,reference,0.0,24.981657174978285,0.6086516642146498,1.5069409058995131,1,6,,0.0,24.981657174978285,0.6086516642146498,1.5069409058995131,1,6,reference,0.0,24.981657174978285,0.6086516642146498,1.5069409058995131,1,7,full,0.0,24.981657174978285,0.6086516642146498,1.5069409058995131,1,3c57516c96d618e2432e592a4a11fedc07b64f85,6,0.0,24.981657174978285,0.6086516642146498,1.5069409058995131,1,True
0ccc6a47285b5da5,2021.10.05.07.10.04_veh-52_01442_01802,283,idm,4,,0.0,25.630881403956106,0.795954382852222,2.0878473139914027,1,5,reference,0.0,25.630881403956106,0.795954382852222,2.0878473139914027,1,4,cheap,0.0,25.630881403956106,0.795954382852222,2.0878473139914027,1,5,reference,0.0,25.630881403956106,0.795954382852222,2.0878473139914027,1,5,reference,0.0,25.630881403956106,0.795954382852222,2.0878473139914027,1,4,cheap,0.0,25.630881403956106,0.795954382852222,2.0878473139914027,1,5,reference,0.0,25.630881403956106,0.795954382852222,2.0878473139914027,1,26119e1d401a0d3d394838dbe5d8fa1de2bb1ee9,5,0.0,25.630881403956106,0.795954382852222,2.0878473139914027,1,True
0ccc6a47285b5da5,2021.10.05.07.10.04_veh-52_01442_01802,296,idm,4,,0.0,26.80817354062515,1.0465940986101452,2.844007689886302,1,4,reference,0.0,26.80817354062515,1.0465940986101452,2.844007689886302,1,4,cheap,0.0,26.80817354062515,1.0465940986101452,2.844007689886302,1,4,reference,0.0,26.80817354062515,1.0465940986101452,2.844007689886302,1,4,reference,0.0,26.80817354062515,1.0465940986101452,2.844007689886302,1,3,,0.0,26.80817354062515,1.0465940986101452,2.844007689886302,1,4,reference,0.0,26.80817354062515,1.0465940986101452,2.844007689886302,1,99ea41d3808d32cd91e358ac60ba4a0f11342276,4,0.0,26.80817354062515,1.0465940986101452,2.844007689886302,1,True
0ccc6a47285b5da5,2021.10.05.07.10.04_veh-52_01442_01802,310,idm,3,,0.0,28.696573190805903,1.2876545532549695,3.4726425025494763,1,5,,0.0,28.696573190805903,1.2876545532549695,3.4726425025494763,1,3,cheap,0.0,28.696573190805903,1.2876545532549695,3.4726425025494763,1,4,reference,0.0,28.696573190805903,1.2876545532549695,3.4726425025494763,1,5,,0.0,28.696573190805903,1.2876545532549695,3.4726425025494763,1,3,cheap,0.0,28.696573190805903,1.2876545532549695,3.4726425025494763,1,5,full,0.0,28.696573190805903,1.2876545532549695,3.4726425025494763,1,a4a748b6a6f42f26ea9d1fb3b21f7d9cf9339412,4,0.0,28.696573190805903,1.2876545532549695,3.4726425025494763,1,True
1112f279a18757c6,2021.07.16.18.06.21_veh-38_04471_04922,4,idm,53,,0.0,1.121047874739813,1.4290991701323412,2.6338772490701023,1,59,,0.0,1.121047874739813,1.4290991701323412,2.6338772490701023,1,53,cheap,0.0,1.121047874739813,1.4290991701323412,2.6338772490701023,1,58,,0.0,1.121047874739813,1.4290991701323412,2.6338772490701023,1,54,,0.0,1.121047874739813,1.4290991701323412,2.6338772490701023,1,53,cheap,0.0,1.121047874739813,1.4290991701323412,2.6338772490701023,1,58,,0.0,1.121047874739813,1.4290991701323412,2.6338772490701023,1,9d36a21d6866d9b6aef0bd5bf739bd83024fcc1c,67,0.0,1.121047874739813,1.4290991701323412,2.6338772490701023,1,True
1112f279a18757c6,2021.07.16.18.06.21_veh-38_04471_04922,17,idm,50,,0.0,1.117797869097207,1.4313537917168275,2.6381197217962877,1,58,,0.0,1.117797869097207,1.4313537917168275,2.6381197217962877,1,50,cheap,0.0,1.117797869097207,1.4313537917168275,2.6381197217962877,1,56,,0.0,1.117797869097207,1.4313537917168275,2.6381197217962877,1,53,,0.0,1.117797869097207,1.4313537917168275,2.6381197217962877,1,50,,0.0,1.117797869097207,1.4313537917168275,2.6381197217962877,1,58,,0.0,1.117797869097207,1.4313537917168275,2.6381197217962877,1,f6265c5c876c0e4798ca91415f4aa8e6c0240b76,63,0.0,1.117797869097207,1.4313537917168275,2.6381197217962877,1,True
1112f279a18757c6,2021.07.16.18.06.21_veh-38_04471_04922,30,idm,47,,0.0,1.1227900413425713,1.432266527313431,2.642165893770892,1,51,,0.0,1.1227900413425713,1.432266527313431,2.642165893770892,1,47,cheap,0.0,1.1227900413425713,1.432266527313431,2.642165893770892,1,50,,0.0,1.1227900413425713,1.432266527313431,2.642165893770892,1,50,,0.0,1.1227900413425713,1.432266527313431,2.642165893770892,1,47,cheap,0.0,1.1227900413425713,1.432266527313431,2.642165893770892,1,51,,0.0,1.1227900413425713,1.432266527313431,2.642165893770892,1,49c17b578686066f28e873773ce5cebf9dc9bb43,62,0.0,1.1227900413425713,1.432266527313431,2.642165893770892,1,True
1112f279a18757c6,2021.07.16.18.06.21_veh-38_04471_04922,43,idm,38,,0.0,1.1372404457549197,1.4303410681467608,2.6376873236583864,1,44,,0.0,1.1372404457549197,1.4303410681467608,2.6376873236583864,1,38,cheap,0.0,1.1372404457549197,1.4303410681467608,2.6376873236583864,1,42,,0.0,1.1372404457549197,1.4303410681467608,2.6376873236583864,1,41,,0.0,1.1372404457549197,1.4303410681467608,2.6376873236583864,1,38,,0.0,1.1372404457549197,1.4303410681467608,2.6376873236583864,1,44,,0.0,1.1372404457549197,1.4303410681467608,2.6376873236583864,1,1f56d5ef15e8cf622f4dd716a3c884bf43de39b0,51,0.0,1.1372404457549197,1.4303410681467608,2.6376873236583864,1,True
1112f279a18757c6,2021.07.16.18.06.21_veh-38_04471_04922,57,idm,41,,0.0,1.130769997892384,1.4318217255842824,2.639659148812212,1,44,,0.0,1.130769997892384,1.4318217255842824,2.639659148812212,1,41,cheap,0.0,1.130769997892384,1.4318217255842824,2.639659148812212,1,43,,0.0,1.130769997892384,1.4318217255842824,2.639659148812212,1,42,,0.0,1.130769997892384,1.4318217255842824,2.639659148812212,1,40,,0.0,1.130769997892384,1.4318217255842824,2.639659148812212,1,44,,0.0,1.130769997892384,1.4318217255842824,2.639659148812212,1,8bbc95023bed9a5af6e0d0a8dbaba353861076ad,50,0.0,1.130769997892384,1.4318217255842824,2.639659148812212,1,True
1112f279a18757c6,2021.07.16.18.06.21_veh-38_04471_04922,70,idm,39,,0.0,1.1483585438880373,1.4302827338971826,2.6367127993632407,1,45,,0.0,1.1483585438880373,1.4302827338971826,2.6367127993632407,1,39,cheap,0.0,1.1483585438880373,1.4302827338971826,2.6367127993632407,1,43,,0.0,1.1483585438880373,1.4302827338971826,2.6367127993632407,1,43,,0.0,1.1483585438880373,1.4302827338971826,2.6367127993632407,1,39,cheap,0.0,1.1483585438880373,1.4302827338971826,2.6367127993632407,1,44,,0.0,1.1483585438880373,1.4302827338971826,2.6367127993632407,1,99d5d8a2addff0f30f2a5236c85a22448dd848ce,51,0.0,1.1483585438880373,1.4302827338971826,2.6367127993632407,1,True
1112f279a18757c6,2021.07.16.18.06.21_veh-38_04471_04922,83,idm,42,,0.0,1.183543192732739,1.430901856521929,2.6381288045997047,1,47,,0.0,1.183543192732739,1.430901856521929,2.6381288045997047,1,42,cheap,0.0,1.183543192732739,1.430901856521929,2.6381288045997047,1,47,full,0.0,1.183543192732739,1.430901856521929,2.6381288045997047,1,44,,0.0,1.183543192732739,1.430901856521929,2.6381288045997047,1,42,,0.0,1.183543192732739,1.430901856521929,2.6381288045997047,1,46,,0.0,1.183543192732739,1.430901856521929,2.6381288045997047,1,fce9ab1e35fa74698ba866695c76c765be2d6dfd,55,0.0,1.183543192732739,1.430901856521929,2.6381288045997047,1,True
1112f279a18757c6,2021.07.16.18.06.21_veh-38_04471_04922,97,idm,39,,0.0,1.3365512497159022,1.4290949454058857,2.6309905345089972,1,45,,0.0,1.3365512497159022,1.4290949454058857,2.6309905345089972,1,39,cheap,0.0,1.3365512497159022,1.4290949454058857,2.6309905345089972,1,43,,0.0,1.3365512497159022,1.4290949454058857,2.6309905345089972,1,42,,0.0,1.3365512497159022,1.4290949454058857,2.6309905345089972,1,39,,0.0,1.3365512497159022,1.4290949454058857,2.6309905345089972,1,45,,0.0,1.3365512497159022,1.4290949454058857,2.6309905345089972,1,1f574733de8492e8e276cdbdcfc7b8da4afb7b0f,52,0.0,1.3365512497159022,1.4290949454058857,2.6309905345089972,1,True
1112f279a18757c6,2021.07.16.18.06.21_veh-38_04471_04922,110,idm,39,,0.0,1.4498739111899437,1.4294812380854705,2.62166544926328,1,44,,0.0,1.4498739111899437,1.4294812380854705,2.62166544926328,1,39,cheap,0.0,1.4498739111899437,1.4294812380854705,2.62166544926328,1,43,,0.0,1.4498739111899437,1.4294812380854705,2.62166544926328,1,41,,0.0,1.4498739111899437,1.4294812380854705,2.62166544926328,1,39,,0.0,1.4498739111899437,1.4294812380854705,2.62166544926328,1,44,,0.0,1.4498739111899437,1.4294812380854705,2.62166544926328,1,629112b4cec48456b2d7fcfdb676643e8dc2e710,48,0.0,1.4498739111899437,1.4294812380854705,2.62166544926328,1,True
1112f279a18757c6,2021.07.16.18.06.21_veh-38_04471_04922,123,idm,41,,0.0,1.4056998075058609,1.4012421686163348,2.424803501933722,1,48,,0.0,1.4056998075058609,1.4012421686163348,2.424803501933722,1,41,cheap,0.0,1.4056998075058609,1.4012421686163348,2.424803501933722,1,46,,0.0,1.4056998075058609,1.4012421686163348,2.424803501933722,1,45,,0.0,1.4056998075058609,1.4012421686163348,2.424803501933722,1,41,,0.0,1.4056998075058609,1.4012421686163348,2.424803501933722,1,47,,0.0,1.4056998075058609,1.4012421686163348,2.424803501933722,1,9b65e50aaf9cd0cd630a8b0ad8251d87bbf072f2,53,0.0,1.4056998075058609,1.4012421686163348,2.424803501933722,1,True
1112f279a18757c6,2021.07.16.18.06.21_veh-38_04471_04922,137,idm,42,,0.0,1.3983810397253602,1.258118082913797,1.7137423676191916,1,48,,0.0,1.3983810397253602,1.258118082913797,1.7137423676191916,1,42,cheap,0.0,1.3983810397253602,1.258118082913797,1.7137423676191916,1,47,,0.0,1.3983810397253602,1.258118082913797,1.7137423676191916,1,46,,0.0,1.3983810397253602,1.258118082913797,1.7137423676191916,1,42,cheap,0.0,1.3983810397253602,1.258118082913797,1.7137423676191916,1,47,,0.0,1.3983810397253602,1.258118082913797,1.7137423676191916,1,faf1458bd326de3ad7ef2d54cec05f18f7bbeb60,56,0.0,1.3983810397253602,1.258118082913797,1.7137423676191916,1,True
1112f279a18757c6,2021.07.16.18.06.21_veh-38_04471_04922,150,idm,56,,0.0,1.3418028277763092,0.9339616132498816,0.4681280133932853,1,63,,0.0,1.3418028277763092,0.9339616132498816,0.4681280133932853,1,56,cheap,0.0,1.3418028277763092,0.9339616132498816,0.4681280133932853,1,63,full,0.0,1.3418028277763092,0.9339616132498816,0.4681280133932853,1,61,,0.0,1.3418028277763092,0.9339616132498816,0.4681280133932853,1,56,cheap,0.0,1.3418028277763092,0.9339616132498816,0.4681280133932853,1,63,,0.0,1.3418028277763092,0.9339616132498816,0.4681280133932853,1,002414b37eed9eaeec382af847307771f96eb1e6,68,0.0,1.3418028277763092,0.9339616132498816,0.4681280133932853,1,True
1112f279a18757c6,2021.07.16.18.06.21_veh-38_04471_04922,163,idm,58,,0.0,1.3380795570984485,0.678112014728575,1.3229586912616038,1,62,,0.0,1.3380795570984485,0.678112014728575,1.3229586912616038,1,58,cheap,0.0,1.3380795570984485,0.678112014728575,1.3229586912616038,1,61,,0.0,1.3380795570984485,0.678112014728575,1.3229586912616038,1,60,,0.0,1.3380795570984485,0.678112014728575,1.3229586912616038,1,58,,0.0,1.3380795570984485,0.678112014728575,1.3229586912616038,1,61,,0.0,1.3380795570984485,0.678112014728575,1.3229586912616038,1,05dd4287aed5cb066c1b3335c7a76bd7526dee47,68,0.0,1.3380795570984485,0.678112014728575,1.3229586912616038,1,True
1112f279a18757c6,2021.07.16.18.06.21_veh-38_04471_04922,176,idm,55,,0.0,1.2888207988523528,0.9339448988058293,3.6183223717876194,1,61,,0.0,1.2888207988523528,0.9339448988058293,3.6183223717876194,1,54,,0.0,1.2888207988523528,0.9339448988058293,3.6183223717876194,1,59,,0.0,1.2888207988523528,0.9339448988058293,3.6183223717876194,1,56,,0.0,1.2888207988523528,0.9339448988058293,3.6183223717876194,1,55,,0.0,1.2888207988523528,0.9339448988058293,3.6183223717876194,1,59,,0.0,1.2888207988523528,0.9339448988058293,3.6183223717876194,1,58254b3d97df46e29b232953396786823e94bd0d,67,0.0,1.2888207988523528,0.9339448988058293,3.6183223717876194,1,True
1112f279a18757c6,2021.07.16.18.06.21_veh-38_04471_04922,190,idm,57,,0.0,1.2712184747226105,2.02716020412459,6.537260539120382,1,59,,0.0,1.2712184747226105,2.02716020412459,6.537260539120382,1,56,,0.0,1.2712184747226105,2.02716020412459,6.537260539120382,1,56,,0.0,1.2712184747226105,2.02716020412459,6.537260539120382,1,57,,0.0,1.2712184747226105,2.02716020412459,6.537260539120382,1,57,,0.0,1.2712184747226105,2.02716020412459,6.537260539120382,1,59,,0.0,1.2712184747226105,2.02716020412459,6.537260539120382,1,d6fa63923ec217da39e78dd5aac062a59355604b,69,0.0,1.2712184747226105,2.02716020412459,6.537260539120382,1,True
1112f279a18757c6,2021.07.16.18.06.21_veh-38_04471_04922,203,idm,56,,0.0,1.2433007015913773,3.2730566245351804,9.433275354124707,1,66,,0.0,1.2433007015913773,3.2730566245351804,9.433275354124707,1,55,,0.0,1.2433007015913773,3.2730566245351804,9.433275354124707,1,62,,0.0,1.2433007015913773,3.2730566245351804,9.433275354124707,1,57,,0.0,1.2433007015913773,3.2730566245351804,9.433275354124707,1,56,,0.0,1.2433007015913773,3.2730566245351804,9.433275354124707,1,65,,0.0,1.2433007015913773,3.2730566245351804,9.433275354124707,1,90ba2933d315afc3cc205d01df49bd3e33016493,70,0.0,1.2433007015913773,3.2730566245351804,9.433275354124707,1,True
1112f279a18757c6,2021.07.16.18.06.21_veh-38_04471_04922,216,idm,62,,0.0,0.15202863195520483,4.313093918720375,12.120252188021478,1,63,,0.0,0.15202863195520483,4.313093918720375,12.120252188021478,1,61,,0.0,0.15202863195520483,4.313093918720375,12.120252188021478,1,62,,0.0,0.15202863195520483,4.313093918720375,12.120252188021478,1,59,,0.0,0.15202863195520483,4.313093918720375,12.120252188021478,1,62,,0.0,0.15202863195520483,4.313093918720375,12.120252188021478,1,63,,0.0,0.15202863195520483,4.313093918720375,12.120252188021478,1,5d45a8b9c27190e64aa5218174a799f6a980d9a5,74,0.0,0.15202863195520483,4.313093918720375,12.120252188021478,1,True
1112f279a18757c6,2021.07.16.18.06.21_veh-38_04471_04922,230,idm,73,,1.0,0.0,5.287807318575298,14.392485624496807,1,80,,1.0,0.0,5.287807318575298,14.392485624496807,1,73,,1.0,0.0,5.287807318575298,14.392485624496807,1,76,,1.0,0.0,5.287807318575298,14.392485624496807,1,77,,1.0,0.0,5.287807318575298,14.392485624496807,1,73,,1.0,0.0,5.287807318575298,14.392485624496807,1,80,,1.0,0.0,5.287807318575298,14.392485624496807,1,ea92b6d6797b891d36da06f27a5e5069f8f89d33,88,1.0,0.0,5.287807318575298,14.392485624496807,1,True
1112f279a18757c6,2021.07.16.18.06.21_veh-38_04471_04922,243,idm,79,,1.0,0.0,5.85949248107764,15.618037949370656,1,84,,1.0,0.0,5.85949248107764,15.618037949370656,1,77,,1.0,0.0,5.85949248107764,15.618037949370656,1,78,,1.0,0.0,5.85949248107764,15.618037949370656,1,75,,1.0,0.0,5.85949248107764,15.618037949370656,1,79,,1.0,0.0,5.85949248107764,15.618037949370656,1,83,,1.0,0.0,5.85949248107764,15.618037949370656,1,0ae64d90d38995b615e1eed19165f2b5818b1865,91,1.0,0.0,5.85949248107764,15.618037949370656,1,True
1112f279a18757c6,2021.07.16.18.06.21_veh-38_04471_04922,256,idm,70,,1.0,0.0,6.111934042662215,16.03194828553237,1,78,,1.0,0.0,6.111934042662215,16.03194828553237,1,70,cheap,1.0,0.0,6.111934042662215,16.03194828553237,1,75,,1.0,0.0,6.111934042662215,16.03194828553237,1,72,,1.0,0.0,6.111934042662215,16.03194828553237,1,70,,1.0,0.0,6.111934042662215,16.03194828553237,1,78,,1.0,0.0,6.111934042662215,16.03194828553237,1,03eff209ee18799b14df7f4cee1e2d41e0f59cef,86,1.0,0.0,6.111934042662215,16.03194828553237,1,True
1112f279a18757c6,2021.07.16.18.06.21_veh-38_04471_04922,270,idm,72,,1.0,0.0,5.832043086378563,15.274649829339376,1,78,,1.0,0.0,5.832043086378563,15.274649829339376,1,71,,1.0,0.0,5.832043086378563,15.274649829339376,1,75,,1.0,0.0,5.832043086378563,15.274649829339376,1,71,,1.0,0.0,5.832043086378563,15.274649829339376,1,72,,1.0,0.0,5.832043086378563,15.274649829339376,1,78,,1.0,0.0,5.832043086378563,15.274649829339376,1,ac13876ffe8aec7f8f054cd48393a1e9b4aa5d1b,88,1.0,0.0,5.832043086378563,15.274649829339376,1,True
1112f279a18757c6,2021.07.16.18.06.21_veh-38_04471_04922,283,idm,67,,1.0,0.0,5.425471693215653,14.159362030346342,1,73,,1.0,0.0,5.425471693215653,14.159362030346342,1,67,,1.0,0.0,5.425471693215653,14.159362030346342,1,70,,1.0,0.0,5.425471693215653,14.159362030346342,1,67,,1.0,0.0,5.425471693215653,14.159362030346342,1,67,,1.0,0.0,5.425471693215653,14.159362030346342,1,72,,1.0,0.0,5.425471693215653,14.159362030346342,1,565cda201c6a4efc0654efa4d2d275cd0f884c85,82,1.0,0.0,5.425471693215653,14.159362030346342,1,True
1112f279a18757c6,2021.07.16.18.06.21_veh-38_04471_04922,296,idm,57,,1.0,0.0,5.361125489431273,13.608433257979392,1,64,,1.0,0.0,5.361125489431273,13.608433257979392,1,56,,1.0,0.0,5.361125489431273,13.608433257979392,1,61,,1.0,0.0,5.361125489431273,13.608433257979392,1,59,,1.0,0.0,5.361125489431273,13.608433257979392,1,57,,1.0,0.0,5.361125489431273,13.608433257979392,1,64,,1.0,0.0,5.361125489431273,13.608433257979392,1,68b4fc365e9d5890356c44ec703b9214758b298f,80,1.0,0.0,5.361125489431273,13.608433257979392,1,True
1112f279a18757c6,2021.07.16.18.06.21_veh-38_04471_04922,310,idm,60,,1.0,0.0,5.131070688757461,12.908818642071207,1,65,,1.0,0.0,5.131070688757461,12.908818642071207,1,58,,1.0,0.0,5.131070688757461,12.908818642071207,1,62,,1.0,0.0,5.131070688757461,12.908818642071207,1,61,,1.0,0.0,5.131070688757461,12.908818642071207,1,60,,1.0,0.0,5.131070688757461,12.908818642071207,1,65,,1.0,0.0,5.131070688757461,12.908818642071207,1,d9b7167423632e46f9a6a2d3e516acc031a2613e,82,1.0,0.0,5.131070688757461,12.908818642071207,1,True
1544fea2d87a510d,2021.05.12.23.36.44_veh-35_00152_00504,4,idm,241,,0.0,6.77915814438556,4.04629325736836,4.851576409934188,1,247,,0.0,6.77915814438556,4.04629325736836,4.851576409934188,1,241,,0.0,6.77915814438556,4.04629325736836,4.851576409934188,1,244,,0.0,6.77915814438556,4.04629325736836,4.851576409934188,1,244,,0.0,6.77915814438556,4.04629325736836,4.851576409934188,1,241,,0.0,6.77915814438556,4.04629325736836,4.851576409934188,1,247,,0.0,6.77915814438556,4.04629325736836,4.851576409934188,1,3d129fd19de12c8168e22bed5a2aa87f646da717,272,0.0,6.77915814438556,4.04629325736836,4.851576409934188,1,True
1544fea2d87a510d,2021.05.12.23.36.44_veh-35_00152_00504,17,idm,240,,0.0,6.439997155040247,4.0125677589795545,4.6102586294709464,1,239,,0.0,6.439997155040247,4.0125677589795545,4.6102586294709464,1,238,,0.0,6.439997155040247,4.0125677589795545,4.6102586294709464,1,237,,0.0,6.439997155040247,4.0125677589795545,4.6102586294709464,1,236,,0.0,6.439997155040247,4.0125677589795545,4.6102586294709464,1,240,,0.0,6.439997155040247,4.0125677589795545,4.6102586294709464,1,239,,0.0,6.439997155040247,4.0125677589795545,4.6102586294709464,1,eaca813e305cb53c203baea857c3fa7a3e7887d2,265,0.0,6.439997155040247,4.0125677589795545,4.6102586294709464,1,True
1544fea2d87a510d,2021.05.12.23.36.44_veh-35_00152_00504,30,idm,236,,0.0,6.455977186875868,4.096603705782109,5.157160437510505,1,237,,0.0,6.455977186875868,4.096603705782109,5.157160437510505,1,234,,0.0,6.455977186875868,4.096603705782109,5.157160437510505,1,236,,0.0,6.455977186875868,4.096603705782109,5.157160437510505,1,233,,0.0,6.455977186875868,4.096603705782109,5.157160437510505,1,236,,0.0,6.455977186875868,4.096603705782109,5.157160437510505,1,237,,0.0,6.455977186875868,4.096603705782109,5.157160437510505,1,4659fd500e02945c5c6e4c898448afdded54e01a,268,0.0,6.455977186875868,4.096603705782109,5.157160437510505,1,True
1544fea2d87a510d,2021.05.12.23.36.44_veh-35_00152_00504,43,idm,236,,0.0,6.367739098648443,4.340507045192951,5.94515589688368,1,239,,0.0,6.367739098648443,4.340507045192951,5.94515589688368,1,235,,0.0,6.367739098648443,4.340507045192951,5.94515589688368,1,237,,0.0,6.367739098648443,4.340507045192951,5.94515589688368,1,235,,0.0,6.367739098648443,4.340507045192951,5.94515589688368,1,236,,0.0,6.367739098648443,4.340507045192951,5.94515589688368,1,239,,0.0,6.367739098648443,4.340507045192951,5.94515589688368,1,5ea2c64746344656c20289494ef82e2f4b7e481c,269,0.0,6.367739098648443,4.340507045192951,5.94515589688368,1,True
1544fea2d87a510d,2021.05.12.23.36.44_veh-35_00152_00504,57,idm,229,,0.0,4.328204042590437,4.676838475550043,6.8637952098092025,1,236,,0.0,4.328204042590437,4.676838475550043,6.8637952098092025,1,229,,0.0,4.328204042590437,4.676838475550043,6.8637952098092025,1,235,,0.0,4.328204042590437,4.676838475550043,6.8637952098092025,1,229,,0.0,4.328204042590437,4.676838475550043,6.8637952098092025,1,229,,0.0,4.328204042590437,4.676838475550043,6.8637952098092025,1,236,,0.0,4.328204042590437,4.676838475550043,6.8637952098092025,1,6eafae48f28ef1ed3d512147b09dcc704ba7fb30,267,0.0,4.328204042590437,4.676838475550043,6.8637952098092025,1,True
1544fea2d87a510d,2021.05.12.23.36.44_veh-35_00152_00504,70,idm,232,,0.0,3.2562890884649174,5.0125450967496175,7.2892544310729726,1,236,,0.0,3.2562890884649174,5.0125450967496175,7.2892544310729726,1,230,,0.0,3.2562890884649174,5.0125450967496175,7.2892544310729726,1,235,,0.0,3.2562890884649174,5.0125450967496175,7.2892544310729726,1,231,,0.0,3.2562890884649174,5.0125450967496175,7.2892544310729726,1,232,,0.0,3.2562890884649174,5.0125450967496175,7.2892544310729726,1,236,,0.0,3.2562890884649174,5.0125450967496175,7.2892544310729726,1,02a767ab219b29cc403c0562475038abde784e13,273,0.0,3.2562890884649174,5.0125450967496175,7.2892544310729726,1,True
1544fea2d87a510d,2021.05.12.23.36.44_veh-35_00152_00504,83,idm,228,,0.0,1.4042003434924342,1.8113664122339412,6.334928697333408,1,229,,0.0,1.4042003434924342,1.8113664122339412,6.334928697333408,1,228,,0.0,1.4042003434924342,1.8113664122339412,6.334928697333408,1,229,,0.0,1.4042003434924342,1.8113664122339412,6.334928697333408,1,226,,0.0,1.4042003434924342,1.8113664122339412,6.334928697333408,1,228,,0.0,1.4042003434924342,1.8113664122339412,6.334928697333408,1,229,,0.0,1.4042003434924342,1.8113664122339412,6.334928697333408,1,de7804898566dd7b88f505d8a932dfdfffb42841,276,0.0,1.4042003434924342,1.8113664122339412,6.334928697333408,1,True
1544fea2d87a510d,2021.05.12.23.36.44_veh-35_00152_00504,97,idm,234,,0.0,0.9364329363553877,5.0991642721811665,6.5534938935585005,1,239,,0.0,0.9364329363553877,5.0991642721811665,6.5534938935585005,1,234,,0.0,0.9364329363553877,5.0991642721811665,6.5534938935585005,1,239,,0.0,0.9364329363553877,5.0991642721811665,6.5534938935585005,1,235,,0.0,0.9364329363553877,5.0991642721811665,6.5534938935585005,1,234,,0.0,0.9364329363553877,5.0991642721811665,6.5534938935585005,1,239,,0.0,0.9364329363553877,5.0991642721811665,6.5534938935585005,1,98c833968fadfa2f8a4746faaa704702586900b0,282,0.0,0.9364329363553877,5.0991642721811665,6.5534938935585005,1,True
1544fea2d87a510d,2021.05.12.23.36.44_veh-35_00152_00504,110,idm,238,,0.0,1.442962280384341,2.589974035261059,8.386703901759823,1,242,,0.0,1.442962280384341,2.589974035261059,8.386703901759823,1,237,,0.0,1.442962280384341,2.589974035261059,8.386703901759823,1,242,,0.0,1.442962280384341,2.589974035261059,8.386703901759823,1,238,,0.0,1.442962280384341,2.589974035261059,8.386703901759823,1,238,,0.0,1.442962280384341,2.589974035261059,8.386703901759823,1,242,,0.0,1.442962280384341,2.589974035261059,8.386703901759823,1,f0e9765cd5f727d32822a3fbeeac41681260f352,283,0.0,1.442962280384341,2.589974035261059,8.386703901759823,1,True
1544fea2d87a510d,2021.05.12.23.36.44_veh-35_00152_00504,123,idm,236,,0.0,0.9426556706725888,2.9320082364513085,9.092260899222676,1,236,,0.0,0.9426556706725888,2.9320082364513085,9.092260899222676,1,236,,0.0,0.9426556706725888,2.9320082364513085,9.092260899222676,1,236,full,0.0,0.9426556706725888,2.9320082364513085,9.092260899222676,1,234,,0.0,0.9426556706725888,2.9320082364513085,9.092260899222676,1,236,,0.0,0.9426556706725888,2.9320082364513085,9.092260899222676,1,236,,0.0,0.9426556706725888,2.9320082364513085,9.092260899222676,1,0c795247d02367b5d161250ca117b0104ae00852,277,0.0,0.9426556706725888,2.9320082364513085,9.092260899222676,1,True
1544fea2d87a510d,2021.05.12.23.36.44_veh-35_00152_00504,137,idm,230,,0.0,0.48204191592541734,3.264368218419965,10.004625815846849,1,240,,0.0,0.48204191592541734,3.264368218419965,10.004625815846849,1,229,,0.0,0.48204191592541734,3.264368218419965,10.004625815846849,1,239,,0.0,0.48204191592541734,3.264368218419965,10.004625815846849,1,229,,0.0,0.48204191592541734,3.264368218419965,10.004625815846849,1,230,,0.0,0.48204191592541734,3.264368218419965,10.004625815846849,1,240,,0.0,0.48204191592541734,3.264368218419965,10.004625815846849,1,b4b5ed9b0898d14370591dc3da23ba172d5aa2f9,271,0.0,0.48204191592541734,3.264368218419965,10.004625815846849,1,True
1544fea2d87a510d,2021.05.12.23.36.44_veh-35_00152_00504,150,idm,237,,0.0,0.11655917552367287,3.5530761223128944,10.824377890975686,1,245,,0.0,0.11655917552367287,3.5530761223128944,10.824377890975686,1,234,,0.0,0.11655917552367287,3.5530761223128944,10.824377890975686,1,243,,0.0,0.11655917552367287,3.5530761223128944,10.824377890975686,1,236,,0.0,0.11655917552367287,3.5530761223128944,10.824377890975686,1,237,,0.0,0.11655917552367287,3.5530761223128944,10.824377890975686,1,245,,0.0,0.11655917552367287,3.5530761223128944,10.824377890975686,1,c7e61a68b2ef435044fadea66c411688e83e0d2b,265,0.0,0.11655917552367287,3.5530761223128944,10.824377890975686,1,True
1544fea2d87a510d,2021.05.12.23.36.44_veh-35_00152_00504,163,idm,241,,1.0,0.0,3.8010438495764807,11.35717421986952,1,248,,1.0,0.0,3.8010438495764807,11.35717421986952,1,241,,1.0,0.0,3.8010438495764807,11.35717421986952,1,246,,1.0,0.0,3.8010438495764807,11.35717421986952,1,244,,1.0,0.0,3.8010438495764807,11.35717421986952,1,241,,1.0,0.0,3.8010438495764807,11.35717421986952,1,248,,1.0,0.0,3.8010438495764807,11.35717421986952,1,869ffb74776af597dc1dd0998bfa89872db48049,273,1.0,0.0,3.8010438495764807,11.35717421986952,1,True
1544fea2d87a510d,2021.05.12.23.36.44_veh-35_00152_00504,176,idm,240,,0.0,0.036380777543743234,3.8094183280118092,11.316735444325522,1,254,,0.0,0.036380777543743234,3.8094183280118092,11.316735444325522,1,240,cheap,0.0,0.036380777543743234,3.8094183280118092,11.316735444325522,1,252,,0.0,0.036380777543743234,3.8094183280118092,11.316735444325522,1,244,,0.0,0.036380777543743234,3.8094183280118092,11.316735444325522,1,240,cheap,0.0,0.036380777543743234,3.8094183280118092,11.316735444325522,1,254,,0.0,0.036380777543743234,3.8094183280118092,11.316735444325522,1,8bbb7830c361b9877e05459227a7f505b4dd64c7,273,0.0,0.036380777543743234,3.8094183280118092,11.316735444325522,1,True
1544fea2d87a510d,2021.05.12.23.36.44_veh-35_00152_00504,190,idm,237,,0.0,0.6461028075035143,3.773934290591594,11.277189363746865,1,248,,0.0,0.6461028075035143,3.773934290591594,11.277189363746865,1,236,,0.0,0.6461028075035143,3.773934290591594,11.277189363746865,1,245,,0.0,0.6461028075035143,3.773934290591594,11.277189363746865,1,238,,0.0,0.6461028075035143,3.773934290591594,11.277189363746865,1,237,,0.0,0.6461028075035143,3.773934290591594,11.277189363746865,1,248,,0.0,0.6461028075035143,3.773934290591594,11.277189363746865,1,88a8dc84b129574f0d7bebdb2e71296009805d7d,265,0.0,0.6461028075035143,3.773934290591594,11.277189363746865,1,True
1544fea2d87a510d,2021.05.12.23.36.44_veh-35_00152_00504,203,idm,233,,0.0,1.2621083397308968,3.6436224070568612,11.042910915832204,1,234,,0.0,1.2621083397308968,3.6436224070568612,11.042910915832204,1,230,,0.0,1.2621083397308968,3.6436224070568612,11.042910915832204,1,232,,0.0,1.2621083397308968,3.6436224070568612,11.042910915832204,1,230,,0.0,1.2621083397308968,3.6436224070568612,11.042910915832204,1,233,,0.0,1.2621083397308968,3.6436224070568612,11.042910915832204,1,234,,0.0,1.2621083397308968,3.6436224070568612,11.042910915832204,1,67fec87339351a72ed177f94efd72f21040463db,254,0.0,1.2621083397308968,3.6436224070568612,11.042910915832204,1,True
1544fea2d87a510d,2021.05.12.23.36.44_veh-35_00152_00504,216,idm,233,,0.0,1.2998107546041713,3.4605454703920984,10.87920861563961,1,238,,0.0,1.2998107546041713,3.4605454703920984,10.87920861563961,1,231,,0.0,1.2998107546041713,3.4605454703920984,10.87920861563961,1,236,,0.0,1.2998107546041713,3.4605454703920984,10.87920861563961,1,233,,0.0,1.2998107546041713,3.4605454703920984,10.87920861563961,1,233,,0.0,1.2998107546041713,3.4605454703920984,10.87920861563961,1,238,,0.0,1.2998107546041713,3.4605454703920984,10.87920861563961,1,9ef97665a9c5e43ef928871a9a760040053f351d,253,0.0,1.2998107546041713,3.4605454703920984,10.87920861563961,1,True
1544fea2d87a510d,2021.05.12.23.36.44_veh-35_00152_00504,230,idm,230,,0.0,2.1339144881170045,3.4257681208522026,10.59315213424956,1,235,,0.0,2.1339144881170045,3.4257681208522026,10.59315213424956,1,228,,0.0,2.1339144881170045,3.4257681208522026,10.59315213424956,1,232,,0.0,2.1339144881170045,3.4257681208522026,10.59315213424956,1,229,,0.0,2.1339144881170045,3.4257681208522026,10.59315213424956,1,230,,0.0,2.1339144881170045,3.4257681208522026,10.59315213424956,1,235,,0.0,2.1339144881170045,3.4257681208522026,10.59315213424956,1,69b7f6b47348c97c9251c66e03d3f7a8a1ba9369,245,0.0,2.1339144881170045,3.4257681208522026,10.59315213424956,1,True
1544fea2d87a510d,2021.05.12.23.36.44_veh-35_00152_00504,243,idm,228,,0.0,3.933278709455609,3.548346659797948,10.550715986188184,1,233,,0.0,3.933278709455609,3.548346659797948,10.550715986188184,1,227,,0.0,3.933278709455609,3.548346659797948,10.550715986188184,1,230,,0.0,3.933278709455609,3.548346659797948,10.550715986188184,1,230,,0.0,3.933278709455609,3.548346659797948,10.550715986188184,1,228,,0.0,3.933278709455609,3.548346659797948,10.550715986188184,1,233,,0.0,3.933278709455609,3.548346659797948,10.550715986188184,1,40ddae0f9dc67a97bd91cae827b47fbde3da75de,246,0.0,3.933278709455609,3.548346659797948,10.550715986188184,1,True
1544fea2d87a510d,2021.05.12.23.36.44_veh-35_00152_00504,256,idm,226,,0.0,4.482440235387654,3.579523488439376,10.257360740135749,1,232,,0.0,4.482440235387654,3.579523488439376,10.257360740135749,1,224,,0.0,4.482440235387654,3.579523488439376,10.257360740135749,1,227,,0.0,4.482440235387654,3.579523488439376,10.257360740135749,1,225,,0.0,4.482440235387654,3.579523488439376,10.257360740135749,1,226,,0.0,4.482440235387654,3.579523488439376,10.257360740135749,1,232,,0.0,4.482440235387654,3.579523488439376,10.257360740135749,1,a04f210e0bc3a2155bb6a7ea0805f6603f7cdd71,243,0.0,4.482440235387654,3.579523488439376,10.257360740135749,1,True
1544fea2d87a510d,2021.05.12.23.36.44_veh-35_00152_00504,270,idm,225,,0.0,4.899753408540522,3.33321711356547,9.757163155795656,1,230,,0.0,4.899753408540522,3.33321711356547,9.757163155795656,1,225,,0.0,4.899753408540522,3.33321711356547,9.757163155795656,1,226,,0.0,4.899753408540522,3.33321711356547,9.757163155795656,1,226,,0.0,4.899753408540522,3.33321711356547,9.757163155795656,1,225,,0.0,4.899753408540522,3.33321711356547,9.757163155795656,1,230,,0.0,4.899753408540522,3.33321711356547,9.757163155795656,1,5921ec5d74a1bcd80c0ab429d4461d2b4d397ef2,246,0.0,4.899753408540522,3.33321711356547,9.757163155795656,1,True
1544fea2d87a510d,2021.05.12.23.36.44_veh-35_00152_00504,283,idm,216,,0.0,4.983651285344641,3.227242703641952,9.345885803731218,1,224,,0.0,4.983651285344641,3.227242703641952,9.345885803731218,1,216,,0.0,4.983651285344641,3.227242703641952,9.345885803731218,1,220,,0.0,4.983651285344641,3.227242703641952,9.345885803731218,1,219,,0.0,4.983651285344641,3.227242703641952,9.345885803731218,1,216,,0.0,4.983651285344641,3.227242703641952,9.345885803731218,1,224,,0.0,4.983651285344641,3.227242703641952,9.345885803731218,1,65dae5b7d1cd5bfb16f0257ea133a4950c933f4e,243,0.0,4.983651285344641,3.227242703641952,9.345885803731218,1,True
1544fea2d87a510d,2021.05.12.23.36.44_veh-35_00152_00504,296,idm,213,,0.0,4.733834921635026,2.9754512981529793,8.556768719435713,1,221,,0.0,4.733834921635026,2.9754512981529793,8.556768719435713,1,210,,0.0,4.733834921635026,2.9754512981529793,8.556768719435713,1,217,,0.0,4.733834921635026,2.9754512981529793,8.556768719435713,1,213,,0.0,4.733834921635026,2.9754512981529793,8.556768719435713,1,213,,0.0,4.733834921635026,2.9754512981529793,8.556768719435713,1,221,,0.0,4.733834921635026,2.9754512981529793,8.556768719435713,1,3c2d7bb966ab9b0e6c7e9bead9be174c8339f8eb,245,0.0,4.733834921635026,2.9754512981529793,8.556768719435713,1,True
1544fea2d87a510d,2021.05.12.23.36.44_veh-35_00152_00504,310,idm,203,,0.0,3.458932363543922,2.762229893891093,8.006379453468039,1,214,,0.0,3.458932363543922,2.762229893891093,8.006379453468039,1,203,cheap,0.0,3.458932363543922,2.762229893891093,8.006379453468039,1,210,,0.0,3.458932363543922,2.762229893891093,8.006379453468039,1,205,,0.0,3.458932363543922,2.762229893891093,8.006379453468039,1,203,,0.0,3.458932363543922,2.762229893891093,8.006379453468039,1,214,,0.0,3.458932363543922,2.762229893891093,8.006379453468039,1,da11485136fdff6a1ab6e31852920a58c82c5e5f,247,0.0,3.458932363543922,2.762229893891093,8.006379453468039,1,True
198bbb19fb025e1e,2021.05.12.22.00.38_veh-35_01008_01518,4,idm,192,,0.0,1.1544591729834652,0.5812330978829439,2.229752780295433,1,197,,0.0,1.1544591729834652,0.5812330978829439,2.229752780295433,1,192,cheap,0.0,1.1544591729834652,0.5812330978829439,2.229752780295433,1,196,,0.0,1.1544591729834652,0.5812330978829439,2.229752780295433,1,195,,0.0,1.1544591729834652,0.5812330978829439,2.229752780295433,1,192,,0.0,1.1544591729834652,0.5812330978829439,2.229752780295433,1,196,,0.0,1.1544591729834652,0.5812330978829439,2.229752780295433,1,5e25c8b9732ac0f06b413fce399f819ee351c248,213,0.0,1.1544591729834652,0.5812330978829439,2.229752780295433,1,True
198bbb19fb025e1e,2021.05.12.22.00.38_veh-35_01008_01518,17,idm,200,,0.0,1.1455239785842648,0.5434104453067556,2.3234598732573657,1,205,,0.0,1.1455239785842648,0.5434104453067556,2.3234598732573657,1,200,cheap,0.0,1.1455239785842648,0.5434104453067556,2.3234598732573657,1,204,,0.0,1.1455239785842648,0.5434104453067556,2.3234598732573657,1,203,,0.0,1.1455239785842648,0.5434104453067556,2.3234598732573657,1,200,,0.0,1.1455239785842648,0.5434104453067556,2.3234598732573657,1,205,,0.0,1.1455239785842648,0.5434104453067556,2.3234598732573657,1,1db5bee561203322da4ab4ba0e7db1abc33c7c2a,222,0.0,1.1455239785842648,0.5434104453067556,2.3234598732573657,1,True
198bbb19fb025e1e,2021.05.12.22.00.38_veh-35_01008_01518,30,idm,186,,0.0,1.1888217307115967,0.5934108031878067,1.8704745843860622,1,191,,0.0,1.1888217307115967,0.5934108031878067,1.8704745843860622,1,185,,0.0,1.1888217307115967,0.5934108031878067,1.8704745843860622,1,189,,0.0,1.1888217307115967,0.5934108031878067,1.8704745843860622,1,187,,0.0,1.1888217307115967,0.5934108031878067,1.8704745843860622,1,186,,0.0,1.1888217307115967,0.5934108031878067,1.8704745843860622,1,191,,0.0,1.1888217307115967,0.5934108031878067,1.8704745843860622,1,dff23a2364528405692979a7da691d6606cef3dc,209,0.0,1.1888217307115967,0.5934108031878067,1.8704745843860622,1,True
198bbb19fb025e1e,2021.05.12.22.00.38_veh-35_01008_01518,43,idm,185,,0.0,1.2401661324235864,0.5405693638290231,1.307352354257903,1,190,,0.0,1.2401661324235864,0.5405693638290231,1.307352354257903,1,185,cheap,0.0,1.2401661324235864,0.5405693638290231,1.307352354257903,1,190,full,0.0,1.2401661324235864,0.5405693638290231,1.307352354257903,1,188,,0.0,1.2401661324235864,0.5405693638290231,1.307352354257903,1,185,cheap,0.0,1.2401661324235864,0.5405693638290231,1.307352354257903,1,190,,0.0,1.2401661324235864,0.5405693638290231,1.307352354257903,1,3846ce8d0477e40d11fd53141aa5d9ad05c155ac,208,0.0,1.2401661324235864,0.5405693638290231,1.307352354257903,1,True
198bbb19fb025e1e,2021.05.12.22.00.38_veh-35_01008_01518,57,idm,178,,0.0,0.9811993431206747,6.734954608806479,13.59534465663239,1,186,,0.0,0.9811993431206747,6.734954608806479,13.59534465663239,1,178,cheap,0.0,0.9811993431206747,6.734954608806479,13.59534465663239,1,184,,0.0,0.9811993431206747,6.734954608806479,13.59534465663239,1,179,,0.0,0.9811993431206747,6.734954608806479,13.59534465663239,1,178,,0.0,0.9811993431206747,6.734954608806479,13.59534465663239,1,185,,0.0,0.9811993431206747,6.734954608806479,13.59534465663239,1,07f63b13d014875f0ccfaf5f5edc63fd16bb169c,201,0.0,0.9811993431206747,6.734954608806479,13.59534465663239,1,True
198bbb19fb025e1e,2021.05.12.22.00.38_veh-35_01008_01518,70,idm,178,,0.0,0.8820163328893719,6.037462521606992,12.056441612277952,1,183,,0.0,0.8820163328893719,6.037462521606992,12.056441612277952,1,176,,0.0,0.8820163328893719,6.037462521606992,12.056441612277952,1,180,,0.0,0.8820163328893719,6.037462521606992,12.056441612277952,1,176,,0.0,0.8820163328893719,6.037462521606992,12.056441612277952,1,178,,0.0,0.8820163328893719,6.037462521606992,12.056441612277952,1,183,,0.0,0.8820163328893719,6.037462521606992,12.056441612277952,1,54439ed72210980c96dc9e496347aa932c388ed7,196,0.0,0.8820163328893719,6.037462521606992,12.056441612277952,1,True
198bbb19fb025e1e,2021.05.12.22.00.38_veh-35_01008_01518,83,idm,166,,1.0,0.0,5.409048675662671,10.487594509779438,1,172,,1.0,0.0,5.409048675662671,10.487594509779438,1,165,,1.0,0.0,5.409048675662671,10.487594509779438,1,171,,1.0,0.0,5.409048675662671,10.487594509779438,1,165,,1.0,0.0,5.409048675662671,10.487594509779438,1,166,,1.0,0.0,5.409048675662671,10.487594509779438,1,171,,1.0,0.0,5.409048675662671,10.487594509779438,1,13175b23d7108bd3108ec64f7cec9b566d40e04b,188,1.0,0.0,5.409048675662671,10.487594509779438,1,True
198bbb19fb025e1e,2021.05.12.22.00.38_veh-35_01008_01518,97,idm,148,,1.0,0.0,5.4292711184498765,10.368652509608875,1,160,,1.0,0.0,5.4292711184498765,10.368652509608875,1,148,cheap,1.0,0.0,5.4292711184498765,10.368652509608875,1,159,,1.0,0.0,5.4292711184498765,10.368652509608875,1,152,,1.0,0.0,5.4292711184498765,10.368652509608875,1,148,cheap,1.0,0.0,5.4292711184498765,10.368652509608875,1,160,,1.0,0.0,5.4292711184498765,10.368652509608875,1,53fc273bf015d95b213972a68539f855c6dabf41,174,1.0,0.0,5.4292711184498765,10.368652509608875,1,True
198bbb19fb025e1e,2021.05.12.22.00.38_veh-35_01008_01518,110,idm,145,,1.0,0.0,5.864906467403711,11.184420684494416,1,154,,1.0,0.0,5.864906467403711,11.184420684494416,1,144,,1.0,0.0,5.864906467403711,11.184420684494416,1,154,full,1.0,0.0,5.864906467403711,11.184420684494416,1,148,,1.0,0.0,5.864906467403711,11.184420684494416,1,145,,1.0,0.0,5.864906467403711,11.184420684494416,1,153,,1.0,0.0,5.864906467403711,11.184420684494416,1,49dcbd68c37bfb2363bb9e00ecd7b01c0316207d,168,1.0,0.0,5.864906467403711,11.184420684494416,1,True
198bbb19fb025e1e,2021.05.12.22.00.38_veh-35_01008_01518,123,idm,140,,1.0,0.0,4.827307593040187,6.429316845655981,1,146,,1.0,0.0,4.827307593040187,6.429316845655981,1,139,,1.0,0.0,6.009873924745578,11.55084721798872,1,144,,1.0,0.0,4.827307593040187,6.429316845655981,1,141,,1.0,0.0,4.827307593040187,6.429316845655981,1,140,,1.0,0.0,4.827307593040187,6.429316845655981,1,146,,1.0,0.0,4.827307593040187,6.429316845655981,1,ac4fe0bc39a10cebe5acfc7b2d891431938af48d,159,1.0,0.0,4.827307593040187,6.429316845655981,1,True
198bbb19fb025e1e,2021.05.12.22.00.38_veh-35_01008_01518,137,idm,140,,1.0,0.0,4.86784651474123,6.580581920604799,1,145,,1.0,0.0,4.86784651474123,6.580581920604799,1,140,,1.0,0.0,4.86784651474123,6.580581920604799,1,145,full,1.0,0.0,4.86784651474123,6.580581920604799,1,143,,1.0,0.0,4.86784651474123,6.580581920604799,1,140,,1.0,0.0,6.697900246334381,13.122348547871653,1,144,,1.0,0.0,6.697900246334381,13.122348547871653,1,18f7b458e02866be67c23504aca85063749d2ff7,158,1.0,0.0,4.86784651474123,6.580581920604799,1,True
198bbb19fb025e1e,2021.05.12.22.00.38_veh-35_01008_01518,150,idm,147,,1.0,0.0,4.933840628834783,6.839358303041325,1,151,,1.0,0.0,4.933840628834783,6.839358303041325,1,147,cheap,1.0,0.0,4.933840628834783,6.839358303041325,1,150,,1.0,0.0,4.933840628834783,6.839358303041325,1,146,,1.0,0.0,4.933840628834783,6.839358303041325,1,147,,1.0,0.0,6.784039052691641,13.69974875844418,1,151,,1.0,0.0,6.784039052691641,13.69974875844418,1,a1efb8f180004edba34ed3dcdc6842e74bf8e836,159,1.0,0.0,4.933840628834783,6.839358303041325,1,True
198bbb19fb025e1e,2021.05.12.22.00.38_veh-35_01008_01518,163,idm,143,,1.0,0.0,5.035242679906965,7.205601086717119,1,151,,1.0,0.0,5.035242679906965,7.205601086717119,1,142,,1.0,0.0,5.035242679906965,7.205601086717119,1,147,,1.0,0.0,5.035242679906965,7.205601086717119,1,144,,1.0,0.0,5.035242679906965,7.205601086717119,1,143,,1.0,0.0,6.755500454634059,13.532877517943938,1,151,,1.0,0.0,6.755500454634059,13.532877517943938,1,d42b3b679940329048d2fdbcf5d691d9f372909b,154,1.0,0.0,5.035242679906965,7.205601086717119,1,True
198bbb19fb025e1e,2021.05.12.22.00.38_veh-35_01008_01518,176,idm,137,,1.0,0.0,5.186209993544241,7.68288907725996,1,137,,1.0,0.0,5.186209993544241,7.68288907725996,1,136,,1.0,0.0,5.186209993544241,7.68288907725996,1,137,,1.0,0.0,5.186209993544241,7.68288907725996,1,136,,1.0,0.0,5.186209993544241,7.68288907725996,1,137,,1.0,0.0,6.775719166213879,13.460510289303308,1,137,,1.0,0.0,6.775719166213879,13.460510289303308,1,e0b2b90ae5ca5d4a77e52b8f7165670daca533b4,146,1.0,0.0,5.186209993544241,7.68288907725996,1,True
198bbb19fb025e1e,2021.05.12.22.00.38_veh-35_01008_01518,190,idm,134,,1.0,0.0,5.968844025939154,9.909022993129437,1,138,,1.0,0.0,5.968844025939154,9.909022993129437,1,133,,1.0,0.0,5.968844025939154,9.909022993129437,1,137,,1.0,0.0,5.968844025939154,9.909022993129437,1,130,,1.0,0.0,5.968844025939154,9.909022993129437,1,134,,1.0,0.0,6.988455615462875,13.702035680090459,1,138,,1.0,0.0,6.988455615462875,13.702035680090459,1,19fd3330fca5a07889bea1c09f48d7845e3b9e2a,143,1.0,0.0,5.968844025939154,9.909022993129437,1,True
198bbb19fb025e1e,2021.05.12.22.00.38_veh-35_01008_01518,203,idm,129,,1.0,0.0,6.309257165825469,11.288175618992648,1,133,,1.0,0.0,6.309257165825469,11.288175618992648,1,129,cheap,1.0,0.0,6.309257165825469,11.288175618992648,1,132,,1.0,0.0,6.309257165825469,11.288175618992648,1,129,,1.0,0.0,6.309257165825469,11.288175618992648,1,129,,1.0,0.0,6.960292984846751,13.528629572707478,1,133,,1.0,0.0,6.960292984846751,13.528629572707478,1,f246fd9b5c3ac274c5923742aa55fa873c959901,143,1.0,0.0,6.309257165825469,11.288175618992648,1,True
198bbb19fb025e1e,2021.05.12.22.00.38_veh-35_01008_01518,216,idm,127,,1.0,0.0,6.396388643886133,11.5726275896693,1,129,,1.0,0.0,6.396388643886133,11.5726275896693,1,127,cheap,1.0,0.0,6.396388643886133,11.5726275896693,1,129,full,1.0,0.0,6.396388643886133,11.5726275896693,1,127,,1.0,0.0,6.396388643886133,11.5726275896693,1,127,,1.0,0.0,6.396388643886133,11.5726275896693,1,128,,1.0,0.0,6.396388643886133,11.5726275896693,1,46c0a1f09c82b657e2f16871c0af15d419cdda80,142,1.0,0.0,6.396388643886133,11.5726275896693,1,True
198bbb19fb025e1e,2021.05.12.22.00.38_veh-35_01008_01518,230,idm,136,,1.0,0.0,6.414984565238533,11.583499583484867,1,136,,1.0,0.0,6.414984565238533,11.583499583484867,1,136,cheap,1.0,0.0,6.414984565238533,11.583499583484867,1,136,,1.0,0.0,6.414984565238533,11.583499583484867,1,134,,1.0,0.0,6.414984565238533,11.583499583484867,1,136,,1.0,0.0,6.414984565238533,11.583499583484867,1,136,full,1.0,0.0,6.414984565238533,11.583499583484867,1,2cff81c3a0ba6c55e6390494f1a0f138a0a553d2,150,1.0,0.0,6.414984565238533,11.583499583484867,1,True
198bbb19fb025e1e,2021.05.12.22.00.38_veh-35_01008_01518,243,idm,134,,1.0,0.0,6.516557446838897,6.41122243656063,1,136,,1.0,0.0,6.516557446838897,6.41122243656063,1,134,cheap,1.0,0.0,6.516557446838897,6.41122243656063,1,136,full,1.0,0.0,6.516557446838897,6.41122243656063,1,133,,1.0,0.0,6.516557446838897,6.41122243656063,1,134,cheap,1.0,0.0,6.516557446838897,6.41122243656063,1,136,full,1.0,0.0,6.516557446838897,6.41122243656063,1,b9b7b7a5a4bc189e314e084c1cfd0412055d2009,149,1.0,0.0,6.516557446838897,6.41122243656063,1,True
198bbb19fb025e1e,2021.05.12.22.00.38_veh-35_01008_01518,256,idm,130,,1.0,0.0,7.098012495250132,7.904012594116276,1,135,,1.0,0.0,7.098012495250132,7.904012594116276,1,130,cheap,1.0,0.0,7.098012495250132,7.904012594116276,1,134,,1.0,0.0,7.098012495250132,7.904012594116276,1,132,,1.0,0.0,7.098012495250132,7.904012594116276,1,130,cheap,1.0,0.0,7.098012495250132,7.904012594116276,1,135,full,1.0,0.0,7.098012495250132,7.904012594116276,1,eb6267b030c9e384efec7492cc1c323b6a23fe4a,148,1.0,0.0,7.098012495250132,7.904012594116276,1,True
198bbb19fb025e1e,2021.05.12.22.00.38_veh-35_01008_01518,270,idm,132,,1.0,0.0,7.246567862670787,8.415054906939156,1,135,,1.0,0.0,7.246567862670787,8.415054906939156,1,132,cheap,1.0,0.0,7.246567862670787,8.415054906939156,1,135,,1.0,0.0,7.246567862670787,8.415054906939156,1,135,,1.0,0.0,7.246567862670787,8.415054906939156,1,132,cheap,1.0,0.0,7.246567862670787,8.415054906939156,1,135,full,1.0,0.0,7.246567862670787,8.415054906939156,1,a8b640b813b69696b87594b25838fe49d3d6d996,150,1.0,0.0,7.246567862670787,8.415054906939156,1,True
198bbb19fb025e1e,2021.05.12.22.00.38_veh-35_01008_01518,283,idm,131,,1.0,0.0,7.3531701508979435,9.029819520704757,1,137,,1.0,0.0,7.3531701508979435,9.029819520704757,1,131,cheap,1.0,0.0,7.3531701508979435,9.029819520704757,1,135,,1.0,0.0,7.3531701508979435,9.029819520704757,1,132,,1.0,0.0,7.3531701508979435,9.029819520704757,1,131,cheap,1.0,0.0,7.3531701508979435,9.029819520704757,1,137,,1.0,0.0,7.3531701508979435,9.029819520704757,1,a9b42bd72560af6dabb6bb6c12842f536a78761c,152,1.0,0.0,7.3531701508979435,9.029819520704757,1,True
198bbb19fb025e1e,2021.05.12.22.00.38_veh-35_01008_01518,296,idm,138,,1.0,0.0,7.168082806492771,8.621044030133032,1,144,,1.0,0.0,7.168082806492771,8.621044030133032,1,137,,1.0,0.0,7.168082806492771,8.621044030133032,1,143,,1.0,0.0,7.168082806492771,8.621044030133032,1,140,,1.0,0.0,7.168082806492771,8.621044030133032,1,138,,1.0,0.0,7.168082806492771,8.621044030133032,1,143,,1.0,0.0,7.168082806492771,8.621044030133032,1,92a5e67279da5d9c160dad89af94dfe5a5be6c3c,157,1.0,0.0,7.168082806492771,8.621044030133032,1,True
198bbb19fb025e1e,2021.05.12.22.00.38_veh-35_01008_01518,310,idm,141,,1.0,0.0,6.942047792267495,7.8975984448594145,1,145,,1.0,0.0,6.942047792267495,7.8975984448594145,1,141,cheap,1.0,0.0,6.942047792267495,7.8975984448594145,1,145,full,1.0,0.0,6.942047792267495,7.8975984448594145,1,141,,1.0,0.0,6.942047792267495,7.8975984448594145,1,141,,1.0,0.0,6.942047792267495,7.8975984448594145,1,145,,1.0,0.0,6.942047792267495,7.8975984448594145,1,f411dc706ffb80e77eaf904d5db37583b566eb26,160,1.0,0.0,6.942047792267495,7.8975984448594145,1,True
1de8035502355af6,2021.06.23.17.31.36_veh-16_00016_00377,4,idm,106,,0.0,1.0088042822489773,0.20313703963294172,0.20322944470883922,1,107,,0.0,1.0088042822489773,0.20313703963294172,0.20322944470883922,1,106,cheap,0.0,1.0088042822489773,0.20313703963294172,0.20322944470883922,1,107,full,0.0,1.0088042822489773,0.20313703963294172,0.20322944470883922,1,106,,0.0,1.0088042822489773,0.20313703963294172,0.20322944470883922,1,105,,0.0,1.0088042822489773,0.20313703963294172,0.20322944470883922,1,106,full_s1,0.0,1.0088042822489773,0.20313703963294172,0.20322944470883922,1,7782ed9cf6e97b6a0327fa551efb511f9b63e618,115,0.0,1.0088042822489773,0.20313703963294172,0.20322944470883922,1,True
1de8035502355af6,2021.06.23.17.31.36_veh-16_00016_00377,17,idm,107,,0.0,1.0129744429170615,0.2031407411274222,0.2031775453468205,1,109,,0.0,1.0129744429170615,0.2031407411274222,0.2031775453468205,1,107,cheap,0.0,1.0129744429170615,0.2031407411274222,0.2031775453468205,1,109,full,0.0,1.0129744429170615,0.2031407411274222,0.2031775453468205,1,108,,0.0,1.0129744429170615,0.2031407411274222,0.2031775453468205,1,107,,0.0,1.0129744429170615,0.2031407411274222,0.2031775453468205,1,109,,0.0,1.0129744429170615,0.2031407411274222,0.2031775453468205,1,22a6df1e3a72fa74d291e120370a5163d81db65d,115,0.0,1.0129744429170615,0.2031407411274222,0.2031775453468205,1,True
1de8035502355af6,2021.06.23.17.31.36_veh-16_00016_00377,30,idm,110,,0.0,1.0180066908141785,0.20315041873657091,0.20314696197508522,1,110,,0.0,1.0180066908141785,0.20315041873657091,0.20314696197508522,1,110,cheap,0.0,1.0180066908141785,0.20315041873657091,0.20314696197508522,1,110,full,0.0,1.0180066908141785,0.20315041873657091,0.20314696197508522,1,109,,0.0,1.0180066908141785,0.20315041873657091,0.20314696197508522,1,109,,0.0,1.0180066908141785,0.20315041873657091,0.20314696197508522,1,110,full,0.0,1.0180066908141785,0.20315041873657091,0.20314696197508522,1,646dc14c98294e4e98b34fca5461f7576dd1befa,113,0.0,1.0180066908141785,0.20315041873657091,0.20314696197508522,1,True
1de8035502355af6,2021.06.23.17.31.36_veh-16_00016_00377,43,idm,113,,0.0,0.9190820671065452,0.20319420804055047,0.20316706693436126,1,114,,0.0,0.9190820671065452,0.20319420804055047,0.20316706693436126,1,113,cheap,0.0,0.9190820671065452,0.20319420804055047,0.20316706693436126,1,114,full,0.0,0.9190820671065452,0.20319420804055047,0.20316706693436126,1,114,full,0.0,0.9190820671065452,0.20319420804055047,0.20316706693436126,1,113,cheap,0.0,0.9190820671065452,0.20319420804055047,0.20316706693436126,1,114,full,0.0,0.9190820671065452,0.20319420804055047,0.20316706693436126,1,15771602f1ca9631cdf3caf2b15d2e755a85cdc1,117,0.0,0.9190820671065452,0.20319420804055047,0.20316706693436126,1,True
1de8035502355af6,2021.06.23.17.31.36_veh-16_00016_00377,57,idm,109,,0.0,0.9054981933360252,0.2031435299307361,0.2030366982140927,1,109,cheap,0.0,0.9054981933360252,0.2031435299307361,0.2030366982140927,1,109,cheap,0.0,0.9054981933360252,0.2031435299307361,0.2030366982140927,1,109,cheap,0.0,0.9054981933360252,0.2031435299307361,0.2030366982140927,1,108,,0.0,0.9054981933360252,0.2031435299307361,0.2030366982140927,1,109,cheap,0.0,0.9054981933360252,0.2031435299307361,0.2030366982140927,1,109,cheap,0.0,0.9054981933360252,0.2031435299307361,0.2030366982140927,1,c4bd29e7cfb4184a1103d2cf82ebab9bf991902d,113,0.0,0.9054981933360252,0.2031435299307361,0.2030366982140927,1,True
1de8035502355af6,2021.06.23.17.31.36_veh-16_00016_00377,70,idm,116,,0.0,0.9040418165751002,0.20313675609629928,0.20306435298556574,1,115,,0.0,0.9040418165751002,0.20313675609629928,0.20306435298556574,1,115,,0.0,0.9040418165751002,0.20313675609629928,0.20306435298556574,1,115,full,0.0,0.9040418165751002,0.20313675609629928,0.20306435298556574,1,115,,0.0,0.9040418165751002,0.20313675609629928,0.20306435298556574,1,116,,0.0,0.9040418165751002,0.20313675609629928,0.20306435298556574,1,115,full,0.0,0.9040418165751002,0.20313675609629928,0.20306435298556574,1,5543d6657710ae0441275399027c57e194a7f1aa,118,0.0,0.9040418165751002,0.20313675609629928,0.20306435298556574,1,True
1de8035502355af6,2021.06.23.17.31.36_veh-16_00016_00377,83,idm,113,,0.0,0.9140024712536721,0.2031483490386454,0.20311456269397488,1,114,,0.0,0.9140024712536721,0.2031483490386454,0.20311456269397488,1,113,,0.0,0.9140024712536721,0.2031483490386454,0.20311456269397488,1,114,full,0.0,0.9140024712536721,0.2031483490386454,0.20311456269397488,1,114,,0.0,0.9140024712536721,0.2031483490386454,0.20311456269397488,1,113,,0.0,0.9140024712536721,0.2031483490386454,0.20311456269397488,1,114,full_s1,0.0,0.9140024712536721,0.2031483490386454,0.20311456269397488,1,9f9a4e8f5c29d87d414b640459e05981fd7d0543,116,0.0,0.9140024712536721,0.2031483490386454,0.20311456269397488,1,True
1de8035502355af6,2021.06.23.17.31.36_veh-16_00016_00377,97,idm,108,,0.0,0.9054924361115961,0.20310996999805417,0.2031768168793199,1,109,,0.0,0.9054924361115961,0.20310996999805417,0.2031768168793199,1,108,cheap,0.0,0.9054924361115961,0.20310996999805417,0.2031768168793199,1,109,full,0.0,0.9054924361115961,0.20310996999805417,0.2031768168793199,1,108,cheap,0.0,0.9054924361115961,0.20310996999805417,0.2031768168793199,1,108,,0.0,0.9054924361115961,0.20310996999805417,0.2031768168793199,1,109,,0.0,0.9054924361115961,0.20310996999805417,0.2031768168793199,1,82d1a817e2be416346f395e6b74cb563132a6064,112,0.0,0.9054924361115961,0.20310996999805417,0.2031768168793199,1,True
1de8035502355af6,2021.06.23.17.31.36_veh-16_00016_00377,110,idm,106,,0.0,0.9040400247136987,0.20311057588773243,0.20316051646460057,1,106,,0.0,0.9040400247136987,0.20311057588773243,0.20316051646460057,1,106,cheap,0.0,0.9040400247136987,0.20311057588773243,0.20316051646460057,1,106,full,0.0,0.9040400247136987,0.20311057588773243,0.20316051646460057,1,106,,0.0,0.9040400247136987,0.20311057588773243,0.20316051646460057,1,104,,0.0,0.9040400247136987,0.20311057588773243,0.20316051646460057,1,104,,0.0,0.9040400247136987,0.20311057588773243,0.20316051646460057,1,ff5fb45dcb7ee60d74c46f5c9b607e9177bd8bbc,108,0.0,0.9040400247136987,0.20311057588773243,0.20316051646460057,1,True
1de8035502355af6,2021.06.23.17.31.36_veh-16_00016_00377,123,idm,108,,0.0,0.9139857192014317,0.20310685482814977,0.20305829825427346,1,108,cheap,0.0,0.9139857192014317,0.20310685482814977,0.20305829825427346,1,108,cheap,0.0,0.9139857192014317,0.20310685482814977,0.20305829825427346,1,108,cheap,0.0,0.9139857192014317,0.20310685482814977,0.20305829825427346,1,108,cheap,0.0,0.9139857192014317,0.20310685482814977,0.20305829825427346,1,108,,0.0,0.9139857192014317,0.20310685482814977,0.20305829825427346,1,108,,0.0,0.9139857192014317,0.20310685482814977,0.20305829825427346,1,efc0ce1ed6a10902389dfb15c5f011f35f23ddaa,111,0.0,0.9139857192014317,0.20310685482814977,0.20305829825427346,1,True
1de8035502355af6,2021.06.23.17.31.36_veh-16_00016_00377,137,idm,108,,0.0,0.9213649762826811,0.20310796415717292,0.20305966538269063,1,109,,0.0,0.9213649762826811,0.20310796415717292,0.20305966538269063,1,108,cheap,0.0,0.9213649762826811,0.20310796415717292,0.20305966538269063,1,109,full,0.0,0.9213649762826811,0.20310796415717292,0.20305966538269063,1,108,cheap,0.0,0.9213649762826811,0.20310796415717292,0.20305966538269063,1,108,,0.0,0.9213649762826811,0.20310796415717292,0.20305966538269063,1,109,,0.0,0.9213649762826811,0.20310796415717292,0.20305966538269063,1,d68e25e850a229c449e4b370ffbc8e695d324788,110,0.0,0.9213649762826811,0.20310796415717292,0.20305966538269063,1,True
1de8035502355af6,2021.06.23.17.31.36_veh-16_00016_00377,150,idm,109,,0.0,0.9276760118955938,0.20309388405977052,0.20303943202944208,1,109,cheap,0.0,0.9276760118955938,0.20309388405977052,0.20303943202944208,1,109,cheap,0.0,0.9276760118955938,0.20309388405977052,0.20303943202944208,1,109,cheap,0.0,0.9276760118955938,0.20309388405977052,0.20303943202944208,1,109,cheap,0.0,0.9276760118955938,0.20309388405977052,0.20303943202944208,1,108,,0.0,0.9276760118955938,0.20309388405977052,0.20303943202944208,1,108,cheap_iou50,0.0,0.9276760118955938,0.20309388405977052,0.20303943202944208,1,59cb4dec07b23c7a403166b8c7524af10a1ff06f,110,0.0,0.9276760118955938,0.20309388405977052,0.20303943202944208,1,True
1de8035502355af6,2021.06.23.17.31.36_veh-16_00016_00377,163,idm,106,,0.0,0.9201840188524114,0.20308022542520382,0.2029668983440497,1,106,cheap,0.0,0.9201840188524114,0.20308022542520382,0.2029668983440497,1,106,cheap,0.0,0.9201840188524114,0.20308022542520382,0.2029668983440497,1,106,cheap,0.0,0.9201840188524114,0.20308022542520382,0.2029668983440497,1,106,cheap,0.0,0.9201840188524114,0.20308022542520382,0.2029668983440497,1,106,,0.0,0.9201840188524114,0.20308022542520382,0.2029668983440497,1,106,cheap_iou50,0.0,0.9201840188524114,0.20308022542520382,0.2029668983440497,1,54a6349b6ed60ab67a62b713ade07833eedfac1c,109,0.0,0.9201840188524114,0.20308022542520382,0.2029668983440497,1,True
1de8035502355af6,2021.06.23.17.31.36_veh-16_00016_00377,176,idm,107,,0.0,0.9385353478236645,0.20307425633020232,0.202960396453974,1,107,cheap,0.0,0.9385353478236645,0.20307425633020232,0.202960396453974,1,107,cheap,0.0,0.9385353478236645,0.20307425633020232,0.202960396453974,1,107,cheap,0.0,0.9385353478236645,0.20307425633020232,0.202960396453974,1,107,cheap,0.0,0.9385353478236645,0.20307425633020232,0.202960396453974,1,107,cheap,0.0,0.9385353478236645,0.20307425633020232,0.202960396453974,1,107,cheap,0.0,0.9385353478236645,0.20307425633020232,0.202960396453974,1,d5d6c732a22e33e8585871fe267f34c30464b6cb,109,0.0,0.9385353478236645,0.20307425633020232,0.202960396453974,1,True
1de8035502355af6,2021.06.23.17.31.36_veh-16_00016_00377,190,idm,106,,0.0,0.9356339104716421,0.2030546547619968,0.20307073682292842,1,106,cheap,0.0,0.9356339104716421,0.2030546547619968,0.20307073682292842,1,106,cheap,0.0,0.9356339104716421,0.2030546547619968,0.20307073682292842,1,106,cheap,0.0,0.9356339104716421,0.2030546547619968,0.20307073682292842,1,106,cheap,0.0,0.9356339104716421,0.2030546547619968,0.20307073682292842,1,106,cheap,0.0,0.9356339104716421,0.2030546547619968,0.20307073682292842,1,106,cheap,0.0,0.9356339104716421,0.2030546547619968,0.20307073682292842,1,a81bb34d3b8f3f9fac9e8a3815e25ab12933e49c,108,0.0,0.9356339104716421,0.2030546547619968,0.20307073682292842,1,True
1de8035502355af6,2021.06.23.17.31.36_veh-16_00016_00377,203,idm,103,,0.0,0.9447955303894964,0.20303855672272295,0.20307238638735695,1,103,cheap,0.0,0.9447955303894964,0.20303855672272295,0.20307238638735695,1,103,cheap,0.0,0.9447955303894964,0.20303855672272295,0.20307238638735695,1,103,cheap,0.0,0.9447955303894964,0.20303855672272295,0.20307238638735695,1,103,cheap,0.0,0.9447955303894964,0.20303855672272295,0.20307238638735695,1,103,cheap,0.0,0.9447955303894964,0.20303855672272295,0.20307238638735695,1,103,cheap,0.0,0.9447955303894964,0.20303855672272295,0.20307238638735695,1,3f3b42f51fc706cd8fbc338d8a1cc6dbeb17b43e,105,0.0,0.9447955303894964,0.20303855672272295,0.20307238638735695,1,True
1de8035502355af6,2021.06.23.17.31.36_veh-16_00016_00377,216,idm,102,,0.0,0.9347327082758966,0.20304166155761744,0.20306512894007941,1,102,,0.0,0.9347327082758966,0.20304166155761744,0.20306512894007941,1,102,cheap,0.0,0.9347327082758966,0.20304166155761744,0.20306512894007941,1,102,full,0.0,0.9347327082758966,0.20304166155761744,0.20306512894007941,1,102,,0.0,0.9347327082758966,0.20304166155761744,0.20306512894007941,1,102,cheap,0.0,0.9347327082758966,0.20304166155761744,0.20306512894007941,1,102,full,0.0,0.9347327082758966,0.20304166155761744,0.20306512894007941,1,f34045d6152a7cf261b64f6bbbf67a635eb9286c,104,0.0,0.9347327082758966,0.20304166155761744,0.20306512894007941,1,True
1de8035502355af6,2021.06.23.17.31.36_veh-16_00016_00377,230,idm,105,,0.0,0.9356372613079035,0.2030493347203326,0.20305760506060058,1,105,cheap,0.0,0.9356372613079035,0.2030493347203326,0.20305760506060058,1,105,cheap,0.0,0.9356372613079035,0.2030493347203326,0.20305760506060058,1,105,cheap,0.0,0.9356372613079035,0.2030493347203326,0.20305760506060058,1,105,cheap,0.0,0.9356372613079035,0.2030493347203326,0.20305760506060058,1,104,,0.0,0.9356372613079035,0.2030493347203326,0.20305760506060058,1,104,,0.0,0.9356372613079035,0.2030493347203326,0.20305760506060058,1,9b98fa3a8031c57fe8744e1241b13d7f45361de9,106,0.0,0.9356372613079035,0.2030493347203326,0.20305760506060058,1,True
1de8035502355af6,2021.06.23.17.31.36_veh-16_00016_00377,243,idm,104,,0.0,0.925610547930126,0.20304878032666335,0.20308134049969936,1,104,cheap,0.0,0.925610547930126,0.20304878032666335,0.20308134049969936,1,104,cheap,0.0,0.925610547930126,0.20304878032666335,0.20308134049969936,1,104,cheap,0.0,0.925610547930126,0.20304878032666335,0.20308134049969936,1,104,cheap,0.0,0.925610547930126,0.20304878032666335,0.20308134049969936,1,104,,0.0,0.925610547930126,0.20304878032666335,0.20308134049969936,1,103,,0.0,0.925610547930126,0.20304878032666335,0.20308134049969936,1,d6fe0b58057419441b29d50a7afa4556364b371e,105,0.0,0.925610547930126,0.20304878032666335,0.20308134049969936,1,True
1de8035502355af6,2021.06.23.17.31.36_veh-16_00016_00377,256,idm,104,,0.0,0.9347357084018879,0.20306337379003217,0.20309966047548889,1,104,,0.0,0.9347357084018879,0.20306337379003217,0.20309966047548889,1,104,full,0.0,0.9347357084018879,0.20306337379003217,0.20309966047548889,1,104,full,0.0,0.9347357084018879,0.20306337379003217,0.20309966047548889,1,104,full,0.0,0.9347357084018879,0.20306337379003217,0.20309966047548889,1,104,cheap,0.0,0.9347357084018879,0.20306337379003217,0.20309966047548889,1,104,full,0.0,0.9347357084018879,0.20306337379003217,0.20309966047548889,1,b496a14b76f8b7b2fc65153b022c25c93588c986,105,0.0,0.9347357084018879,0.20306337379003217,0.20309966047548889,1,True
1de8035502355af6,2021.06.23.17.31.36_veh-16_00016_00377,270,idm,105,,0.0,0.9388381836139098,0.2030844062217296,0.2031609045176065,1,105,cheap,0.0,0.9388381836139098,0.2030844062217296,0.2031609045176065,1,105,cheap,0.0,0.9388381836139098,0.2030844062217296,0.2031609045176065,1,105,cheap,0.0,0.9388381836139098,0.2030844062217296,0.2031609045176065,1,105,cheap,0.0,0.9388381836139098,0.2030844062217296,0.2031609045176065,1,105,cheap,0.0,0.9388381836139098,0.2030844062217296,0.2031609045176065,1,105,cheap,0.0,0.9388381836139098,0.2030844062217296,0.2031609045176065,1,9132c5de602e09dd87541a49346200098f6800c6,107,0.0,0.9388381836139098,0.2030844062217296,0.2031609045176065,1,True
1de8035502355af6,2021.06.23.17.31.36_veh-16_00016_00377,283,idm,104,,0.0,0.9256180356354208,0.20310295673142115,0.20317389603013702,1,104,,0.0,0.9256180356354208,0.20310295673142115,0.20317389603013702,1,104,cheap,0.0,0.9256180356354208,0.20310295673142115,0.20317389603013702,1,104,full,0.0,0.9256180356354208,0.20310295673142115,0.20317389603013702,1,104,cheap,0.0,0.9256180356354208,0.20310295673142115,0.20317389603013702,1,104,cheap,0.0,0.9256180356354208,0.20310295673142115,0.20317389603013702,1,104,full,0.0,0.9256180356354208,0.20310295673142115,0.20317389603013702,1,ef5cd88d5c70a9193110731c1999d5c8d1087d65,108,0.0,0.9256180356354208,0.20310295673142115,0.20317389603013702,1,True
1de8035502355af6,2021.06.23.17.31.36_veh-16_00016_00377,296,idm,105,,0.0,0.9423289760637424,0.20313994559295345,0.20322203107502376,1,105,cheap,0.0,0.9423289760637424,0.20313994559295345,0.20322203107502376,1,105,cheap,0.0,0.9423289760637424,0.20313994559295345,0.20322203107502376,1,105,cheap,0.0,0.9423289760637424,0.20313994559295345,0.20322203107502376,1,105,cheap,0.0,0.9423289760637424,0.20313994559295345,0.20322203107502376,1,105,cheap,0.0,0.9423289760637424,0.20313994559295345,0.20322203107502376,1,105,cheap,0.0,0.9423289760637424,0.20313994559295345,0.20322203107502376,1,b3d00c6bc1c2194393f5b8eebc69a8693760141d,110,0.0,0.9423289760637424,0.20313994559295345,0.20322203107502376,1,True
1de8035502355af6,2021.06.23.17.31.36_veh-16_00016_00377,310,idm,106,,0.0,0.9401181892594304,0.20316027872654058,0.20320899738520323,1,106,,0.0,0.9401181892594304,0.20316027872654058,0.20320899738520323,1,106,full,0.0,0.9401181892594304,0.20316027872654058,0.20320899738520323,1,106,full,0.0,0.9401181892594304,0.20316027872654058,0.20320899738520323,1,106,full,0.0,0.9401181892594304,0.20316027872654058,0.20320899738520323,1,106,cheap,0.0,0.9401181892594304,0.20316027872654058,0.20320899738520323,1,106,full,0.0,0.9401181892594304,0.20316027872654058,0.20320899738520323,1,c61d46aadd4131cadaf060e6ff5b3a2a3d5d9d78,110,0.0,0.9401181892594304,0.20316027872654058,0.20320899738520323,1,True
223e72fb40db50f1,2021.10.06.17.43.07_veh-28_00508_00877,4,idm,17,,0.0,1.3739961968044931,0.5246504927478303,0.2551317900373163,1,19,,0.0,1.3739961968044931,0.5246504927478303,0.2551317900373163,1,16,,0.0,1.3739961968044931,0.5246504927478303,0.2551317900373163,1,16,cheap_nofp,0.0,1.3739961968044931,0.5246504927478303,0.2551317900373163,1,16,cheap_nofp,0.0,1.3739961968044931,0.5246504927478303,0.2551317900373163,1,17,cheap,0.0,1.3739961968044931,0.5246504927478303,0.2551317900373163,1,19,full,0.0,1.3739961968044931,0.5246504927478303,0.2551317900373163,1,d9de2567bc98952ab79d4920f5b7e4b6e60ce660,18,0.0,1.3739961968044931,0.5246504927478303,0.2551317900373163,1,True
223e72fb40db50f1,2021.10.06.17.43.07_veh-28_00508_00877,17,idm,19,,0.0,1.444309961123888,0.4435275007093824,0.4922160790938945,1,17,,0.0,1.444309961123888,0.4435275007093824,0.4922160790938945,1,16,,0.0,1.444309961123888,0.4435275007093824,0.4922160790938945,1,16,cheap_nofp,0.0,1.444309961123888,0.4435275007093824,0.4922160790938945,1,17,,0.0,1.444309961123888,0.4435275007093824,0.4922160790938945,1,19,,0.0,1.444309961123888,0.4435275007093824,0.4922160790938945,1,17,,0.0,1.444309961123888,0.4435275007093824,0.4922160790938945,1,7b3510666a5de6a2c3127c8359fca1e078d02c38,18,0.0,1.444309961123888,0.4435275007093824,0.4922160790938945,1,True
223e72fb40db50f1,2021.10.06.17.43.07_veh-28_00508_00877,30,idm,17,,0.0,1.3206618917738098,0.6601257871386556,1.2412719802665946,1,18,,0.0,1.3206618917738098,0.6601257871386556,1.2412719802665946,1,17,cheap,0.0,1.3206618917738098,0.6601257871386556,1.2412719802665946,1,17,cheap,0.0,1.3206618917738098,0.6601257871386556,1.2412719802665946,1,16,,0.0,1.3206618917738098,0.6601257871386556,1.2412719802665946,1,17,cheap,0.0,1.3206618917738098,0.6601257871386556,1.2412719802665946,1,18,full,0.0,1.3206618917738098,0.6601257871386556,1.2412719802665946,1,4bc8f0e3c9a4a19eaf4936b91aec86041e98e2d0,19,0.0,1.3206618917738098,0.6601257871386556,1.2412719802665946,1,True
223e72fb40db50f1,2021.10.06.17.43.07_veh-28_00508_00877,43,idm,16,,0.0,1.4120751680962051,0.9866029833982664,2.0049256290591515,1,18,,0.0,1.4120751680962051,0.9866029833982664,2.0049256290591515,1,16,cheap,0.0,1.4120751680962051,0.9866029833982664,2.0049256290591515,1,17,,0.0,1.4120751680962051,0.9866029833982664,2.0049256290591515,1,16,,0.0,1.4120751680962051,0.9866029833982664,2.0049256290591515,1,16,cheap,0.0,1.4120751680962051,0.9866029833982664,2.0049256290591515,1,18,,0.0,1.4120751680962051,0.9866029833982664,2.0049256290591515,1,be60c6c186450c50af3af062ae1f37bfb962e6b1,18,0.0,1.4120751680962051,0.9866029833982664,2.0049256290591515,1,True
223e72fb40db50f1,2021.10.06.17.43.07_veh-28_00508_00877,57,idm,17,,0.0,1.4745605113438824,1.085319848161151,2.2280396576688624,1,18,,0.0,1.4745605113438824,1.085319848161151,2.2280396576688624,1,17,cheap,0.0,1.4745605113438824,1.085319848161151,2.2280396576688624,1,18,full,0.0,1.4745605113438824,1.085319848161151,2.2280396576688624,1,18,full,0.0,1.4745605113438824,1.085319848161151,2.2280396576688624,1,17,,0.0,1.4745605113438824,1.085319848161151,2.2280396576688624,1,18,,0.0,1.4745605113438824,1.085319848161151,2.2280396576688624,1,6568545e4fb93cab5f43e6ab642e9799dfc78e76,18,0.0,1.4745605113438824,1.085319848161151,2.2280396576688624,1,True
223e72fb40db50f1,2021.10.06.17.43.07_veh-28_00508_00877,70,idm,17,,0.0,1.3397480955460865,1.153377048846938,2.370813600013057,1,16,,0.0,1.3397480955460865,1.153377048846938,2.370813600013057,1,16,,0.0,1.3397480955460865,1.153377048846938,2.370813600013057,1,16,cheap_nofp,0.0,1.3397480955460865,1.153377048846938,2.370813600013057,1,16,,0.0,1.3397480955460865,1.153377048846938,2.370813600013057,1,17,cheap,0.0,1.3397480955460865,1.153377048846938,2.370813600013057,1,16,full,0.0,1.3397480955460865,1.153377048846938,2.370813600013057,1,5ea0ed99e3c65b262355308b967e630fce1fa064,17,0.0,1.3397480955460865,1.153377048846938,2.370813600013057,1,True
223e72fb40db50f1,2021.10.06.17.43.07_veh-28_00508_00877,83,idm,14,,0.0,6.1666343263681425,1.268747578210682,2.64541390509126,1,14,,0.0,6.1666343263681425,1.268747578210682,2.64541390509126,1,14,,0.0,6.1666343263681425,1.268747578210682,2.64541390509126,1,14,cheap_nofp,0.0,6.1666343263681425,1.268747578210682,2.64541390509126,1,14,full,0.0,6.1666343263681425,1.268747578210682,2.64541390509126,1,14,cheap,0.0,6.1666343263681425,1.268747578210682,2.64541390509126,1,14,full,0.0,6.1666343263681425,1.268747578210682,2.64541390509126,1,b0e930fecda9810ec67dce7dc20d15f409b392a0,16,0.0,6.1666343263681425,1.268747578210682,2.64541390509126,1,True
223e72fb40db50f1,2021.10.06.17.43.07_veh-28_00508_00877,97,idm,15,,0.0,12.070807588849798,1.332235434601125,2.871568327779735,1,15,cheap,0.0,12.070807588849798,1.332235434601125,2.871568327779735,1,15,cheap,0.0,12.070807588849798,1.332235434601125,2.871568327779735,1,15,cheap,0.0,12.070807588849798,1.332235434601125,2.871568327779735,1,15,cheap,0.0,12.070807588849798,1.332235434601125,2.871568327779735,1,15,cheap,0.0,12.070807588849798,1.332235434601125,2.871568327779735,1,15,cheap,0.0,12.070807588849798,1.332235434601125,2.871568327779735,1,fce6211d86b8086a9fee4443e8e6ef74fe4d7475,18,0.0,12.070807588849798,1.332235434601125,2.871568327779735,1,True
223e72fb40db50f1,2021.10.06.17.43.07_veh-28_00508_00877,110,idm,15,,0.0,17.086323600393026,1.4481788011872356,3.149057394908114,1,15,,0.0,17.086323600393026,1.4481788011872356,3.149057394908114,1,15,full,0.0,17.086323600393026,1.4481788011872356,3.149057394908114,1,15,full,0.0,17.086323600393026,1.4481788011872356,3.149057394908114,1,15,full,0.0,17.086323600393026,1.4481788011872356,3.149057394908114,1,15,cheap,0.0,17.086323600393026,1.4481788011872356,3.149057394908114,1,15,full,0.0,17.086323600393026,1.4481788011872356,3.149057394908114,1,4331e0187c39d8b0df0d747612fbd438d6a2cbe3,18,0.0,17.086323600393026,1.4481788011872356,3.149057394908114,1,True
223e72fb40db50f1,2021.10.06.17.43.07_veh-28_00508_00877,123,idm,15,,0.0,21.384588248133706,1.7166479817020326,3.7320727785909873,1,15,,0.0,21.384588248133706,1.7166479817020326,3.7320727785909873,1,15,full,0.0,21.384588248133706,1.7166479817020326,3.7320727785909873,1,15,full,0.0,21.384588248133706,1.7166479817020326,3.7320727785909873,1,15,full,0.0,21.384588248133706,1.7166479817020326,3.7320727785909873,1,15,cheap,0.0,21.384588248133706,1.7166479817020326,3.7320727785909873,1,15,full,0.0,21.384588248133706,1.7166479817020326,3.7320727785909873,1,8678da48c86f9f081c6db60fb0fde7f00ecfd77d,18,0.0,21.384588248133706,1.7166479817020326,3.7320727785909873,1,True
223e72fb40db50f1,2021.10.06.17.43.07_veh-28_00508_00877,137,idm,11,,0.0,16.952693147345386,2.092859886574369,4.5362084183474165,1,11,cheap,0.0,16.952693147345386,2.092859886574369,4.5362084183474165,1,11,cheap,0.0,16.952693147345386,2.092859886574369,4.5362084183474165,1,11,cheap,0.0,16.952693147345386,2.092859886574369,4.5362084183474165,1,11,cheap,0.0,16.952693147345386,2.092859886574369,4.5362084183474165,1,11,cheap,0.0,16.952693147345386,2.092859886574369,4.5362084183474165,1,11,cheap,0.0,16.952693147345386,2.092859886574369,4.5362084183474165,1,791f683924be20f6e7c7d84af3073ee426aa7d71,14,0.0,16.952693147345386,2.092859886574369,4.5362084183474165,1,True
223e72fb40db50f1,2021.10.06.17.43.07_veh-28_00508_00877,150,idm,10,,0.0,12.8888497956055,2.4711196113327127,5.486587622943473,1,12,,0.0,12.8888497956055,2.4711196113327127,5.486587622943473,1,10,cheap,0.0,12.8888497956055,2.4711196113327127,5.486587622943473,1,12,full,0.0,12.8888497956055,2.4711196113327127,5.486587622943473,1,10,cheap,0.0,12.8888497956055,2.4711196113327127,5.486587622943473,1,10,cheap,0.0,12.8888497956055,2.4711196113327127,5.486587622943473,1,12,,0.0,12.8888497956055,2.4711196113327127,5.486587622943473,1,516c21ab3cea4460c60e16acf84a92b5496691ac,13,0.0,12.8888497956055,2.4711196113327127,5.486587622943473,1,True
223e72fb40db50f1,2021.10.06.17.43.07_veh-28_00508_00877,163,idm,9,,0.0,11.954095641331008,2.8793656992373178,6.608454334975868,1,9,,0.0,11.954095641331008,2.8793656992373178,6.608454334975868,1,9,cheap,0.0,11.954095641331008,2.8793656992373178,6.608454334975868,1,9,full,0.0,11.954095641331008,2.8793656992373178,6.608454334975868,1,9,cheap,0.0,11.954095641331008,2.8793656992373178,6.608454334975868,1,9,cheap,0.0,11.954095641331008,2.8793656992373178,6.608454334975868,1,9,full,0.0,11.954095641331008,2.8793656992373178,6.608454334975868,1,073986fb1d9629a8be0d322cbaff3ecb1daaf3fd,13,0.0,11.954095641331008,2.8793656992373178,6.608454334975868,1,True
223e72fb40db50f1,2021.10.06.17.43.07_veh-28_00508_00877,176,idm,8,,0.0,5.11420951676966,3.425778409745652,7.976958364594516,1,10,,0.0,5.11420951676966,3.425778409745652,7.976958364594516,1,8,cheap,0.0,5.11420951676966,3.425778409745652,7.976958364594516,1,9,,0.0,5.11420951676966,3.425778409745652,7.976958364594516,1,9,,0.0,5.11420951676966,3.425778409745652,7.976958364594516,1,8,cheap,0.0,5.11420951676966,3.425778409745652,7.976958364594516,1,10,,0.0,5.11420951676966,3.425778409745652,7.976958364594516,1,143cfd62b47683ed3b053c8aa3cd56e9ff2c6930,13,0.0,5.11420951676966,3.425778409745652,7.976958364594516,1,True
223e72fb40db50f1,2021.10.06.17.43.07_veh-28_00508_00877,190,idm,6,,0.0,4.899754560418678,4.054121815811194,9.443333098885264,1,8,,0.0,4.899754560418678,4.054121815811194,9.443333098885264,1,6,cheap,0.0,4.899754560418678,4.054121815811194,9.443333098885264,1,7,,0.0,4.899754560418678,4.054121815811194,9.443333098885264,1,7,,0.0,4.899754560418678,4.054121815811194,9.443333098885264,1,6,cheap,0.0,4.899754560418678,4.054121815811194,9.443333098885264,1,8,full,0.0,4.899754560418678,4.054121815811194,9.443333098885264,1,f98dfe3b37930ff74e1219232896dd1e304f3b4c,11,0.0,4.899754560418678,4.054121815811194,9.443333098885264,1,True
223e72fb40db50f1,2021.10.06.17.43.07_veh-28_00508_00877,203,idm,7,,0.0,4.9094915734664895,4.598167470942237,10.514813482906245,1,7,,0.0,4.9094915734664895,4.598167470942237,10.514813482906245,1,7,cheap,0.0,4.9094915734664895,4.598167470942237,10.514813482906245,1,7,,0.0,4.9094915734664895,4.598167470942237,10.514813482906245,1,6,,0.0,4.9094915734664895,4.598167470942237,10.514813482906245,1,7,,0.0,4.9094915734664895,4.598167470942237,10.514813482906245,1,7,,0.0,4.9094915734664895,4.598167470942237,10.514813482906245,1,ef03b4279c92ded2b99a8cd801f204e4c5321240,10,0.0,4.9094915734664895,4.598167470942237,10.514813482906245,1,True
223e72fb40db50f1,2021.10.06.17.43.07_veh-28_00508_00877,216,idm,6,,0.0,4.739898417285185,5.064621637289317,11.337889621905163,1,7,,0.0,4.739898417285185,5.064621637289317,11.337889621905163,1,5,,0.0,4.739898417285185,5.064621637289317,11.337889621905163,1,7,full,0.0,4.739898417285185,5.064621637289317,11.337889621905163,1,6,,0.0,4.739898417285185,5.064621637289317,11.337889621905163,1,6,cheap,0.0,4.739898417285185,5.064621637289317,11.337889621905163,1,7,,0.0,4.739898417285185,5.064621637289317,11.337889621905163,1,c7cd42bb35b9d6306af9aa370a41a14950c79f55,10,0.0,4.709023621289673,4.006005457358422,8.507776010523658,1,True
223e72fb40db50f1,2021.10.06.17.43.07_veh-28_00508_00877,230,idm,9,,0.0,5.2082961679799915,0.9842316153102905,0.8453833166685794,1,9,,0.0,5.2082961679799915,0.9842316153102905,0.8453833166685794,1,9,cheap,0.0,5.2082961679799915,0.9842316153102905,0.8453833166685794,1,9,full,0.0,5.2082961679799915,0.9842316153102905,0.8453833166685794,1,9,cheap,0.0,5.2082961679799915,0.9842316153102905,0.8453833166685794,1,9,cheap,0.0,5.2082961679799915,0.9842316153102905,0.8453833166685794,1,9,full,0.0,5.2082961679799915,0.9842316153102905,0.8453833166685794,1,a3dab211482efa0273c67aeee373a43972236381,12,0.0,5.2082961679799915,0.9842316153102905,0.8453833166685794,1,True
223e72fb40db50f1,2021.10.06.17.43.07_veh-28_00508_00877,243,idm,10,,0.0,5.162403335542774,0.8960013598295833,1.0105087125696146,1,10,cheap,0.0,5.162403335542774,0.8960013598295833,1.0105087125696146,1,10,cheap,0.0,5.162403335542774,0.8960013598295833,1.0105087125696146,1,10,cheap,0.0,5.162403335542774,0.8960013598295833,1.0105087125696146,1,10,cheap,0.0,5.162403335542774,0.8960013598295833,1.0105087125696146,1,10,cheap,0.0,5.162403335542774,0.8960013598295833,1.0105087125696146,1,10,cheap,0.0,5.162403335542774,0.8960013598295833,1.0105087125696146,1,f6ccb0e4a489e9f707fc4148ccafd72f2b4408e4,12,0.0,5.162403335542774,0.8960013598295833,1.0105087125696146,1,True
223e72fb40db50f1,2021.10.06.17.43.07_veh-28_00508_00877,256,idm,13,,0.0,5.14218944696072,0.8861559870207585,1.0587086886841237,1,13,cheap,0.0,5.14218944696072,0.8861559870207585,1.0587086886841237,1,13,cheap,0.0,5.14218944696072,0.8861559870207585,1.0587086886841237,1,13,cheap,0.0,5.14218944696072,0.8861559870207585,1.0587086886841237,1,13,cheap,0.0,5.14218944696072,0.8861559870207585,1.0587086886841237,1,13,cheap,0.0,5.14218944696072,0.8861559870207585,1.0587086886841237,1,13,cheap,0.0,5.14218944696072,0.8861559870207585,1.0587086886841237,1,961f05e3ba338d9ba6fd8a5b173611452868f779,15,0.0,5.14218944696072,0.8861559870207585,1.0587086886841237,1,True
223e72fb40db50f1,2021.10.06.17.43.07_veh-28_00508_00877,270,idm,16,,0.0,5.138297052163008,0.9205692064724877,0.9969804517518192,1,16,cheap,0.0,5.138297052163008,0.9205692064724877,0.9969804517518192,1,16,cheap,0.0,5.138297052163008,0.9205692064724877,0.9969804517518192,1,16,cheap,0.0,5.138297052163008,0.9205692064724877,0.9969804517518192,1,16,cheap,0.0,5.138297052163008,0.9205692064724877,0.9969804517518192,1,16,cheap,0.0,5.138297052163008,0.9205692064724877,0.9969804517518192,1,16,cheap,0.0,5.138297052163008,0.9205692064724877,0.9969804517518192,1,b90315454288f75c025a8244204c57e575a3457e,18,0.0,5.138297052163008,0.9205692064724877,0.9969804517518192,1,True
223e72fb40db50f1,2021.10.06.17.43.07_veh-28_00508_00877,283,idm,17,,0.0,5.078709161609429,0.9398639190118571,0.9681633873061586,1,18,,0.0,5.078709161609429,0.9398639190118571,0.9681633873061586,1,17,cheap,0.0,5.078709161609429,0.9398639190118571,0.9681633873061586,1,17,cheap,0.0,5.078709161609429,0.9398639190118571,0.9681633873061586,1,17,cheap,0.0,5.078709161609429,0.9398639190118571,0.9681633873061586,1,17,cheap,0.0,5.078709161609429,0.9398639190118571,0.9681633873061586,1,18,full,0.0,5.078709161609429,0.9398639190118571,0.9681633873061586,1,bb9fa666594c24fcc2c90b037bbe5b26ae4789be,18,0.0,5.078709161609429,0.9398639190118571,0.9681633873061586,1,True
223e72fb40db50f1,2021.10.06.17.43.07_veh-28_00508_00877,296,idm,16,,0.0,4.745412732502304,0.871131037092256,0.8725179216713704,1,16,cheap,0.0,4.745412732502304,0.871131037092256,0.8725179216713704,1,16,cheap,0.0,4.745412732502304,0.871131037092256,0.8725179216713704,1,16,cheap,0.0,4.745412732502304,0.871131037092256,0.8725179216713704,1,16,cheap,0.0,4.745412732502304,0.871131037092256,0.8725179216713704,1,16,cheap,0.0,4.745412732502304,0.871131037092256,0.8725179216713704,1,16,cheap,0.0,4.745412732502304,0.871131037092256,0.8725179216713704,1,153890c3bd1f32c52d90625499aeb19dc207d482,17,0.0,4.745412732502304,0.871131037092256,0.8725179216713704,1,True
223e72fb40db50f1,2021.10.06.17.43.07_veh-28_00508_00877,310,idm,16,,0.0,4.537621167531696,0.7963031622548671,0.7790445735041552,1,17,,0.0,4.537621167531696,0.7963031622548671,0.7790445735041552,1,16,cheap,0.0,4.537621167531696,0.7963031622548671,0.7790445735041552,1,16,cheap,0.0,4.537621167531696,0.7963031622548671,0.7790445735041552,1,16,cheap,0.0,4.537621167531696,0.7963031622548671,0.7790445735041552,1,16,cheap,0.0,4.537621167531696,0.7963031622548671,0.7790445735041552,1,17,full,0.0,4.537621167531696,0.7963031622548671,0.7790445735041552,1,d82bd0252d6e0bb0c77c5fefb74879ebb97fd3f1,17,0.0,4.537621167531696,0.7963031622548671,0.7790445735041552,1,True
26a885df4e685752,2021.07.16.18.06.21_veh-38_04471_04922,4,idm,45,,0.0,1.103490704752104,1.429731999170983,2.6337204526932996,1,51,,0.0,1.103490704752104,1.429731999170983,2.6337204526932996,1,45,,0.0,1.103490704752104,1.429731999170983,2.6337204526932996,1,50,,0.0,1.103490704752104,1.429731999170983,2.6337204526932996,1,47,,0.0,1.103490704752104,1.429731999170983,2.6337204526932996,1,45,,0.0,1.103490704752104,1.429731999170983,2.6337204526932996,1,51,,0.0,1.103490704752104,1.429731999170983,2.6337204526932996,1,7c8d726f16c1e46fa977779fa423c31de33cc040,61,0.0,1.103490704752104,1.429731999170983,2.6337204526932996,1,True
26a885df4e685752,2021.07.16.18.06.21_veh-38_04471_04922,17,idm,44,,0.0,1.1102434154435452,1.4291554396453918,2.6364414680225634,1,49,,0.0,1.1102434154435452,1.4291554396453918,2.6364414680225634,1,44,cheap,0.0,1.1102434154435452,1.4291554396453918,2.6364414680225634,1,48,,0.0,1.1102434154435452,1.4291554396453918,2.6364414680225634,1,47,,0.0,1.1102434154435452,1.4291554396453918,2.6364414680225634,1,44,cheap,0.0,1.1102434154435452,1.4291554396453918,2.6364414680225634,1,49,,0.0,1.1102434154435452,1.4291554396453918,2.6364414680225634,1,d7b0487c2f01b80bc0f0c2379d0d1e1c04b06466,62,0.0,1.1102434154435452,1.4291554396453918,2.6364414680225634,1,True
26a885df4e685752,2021.07.16.18.06.21_veh-38_04471_04922,30,idm,39,,0.0,1.1153639691443111,1.430336466046525,2.6364038535317085,1,46,,0.0,1.1153639691443111,1.430336466046525,2.6364038535317085,1,39,cheap,0.0,1.1153639691443111,1.430336466046525,2.6364038535317085,1,44,,0.0,1.1153639691443111,1.430336466046525,2.6364038535317085,1,41,,0.0,1.1153639691443111,1.430336466046525,2.6364038535317085,1,39,cheap,0.0,1.1153639691443111,1.430336466046525,2.6364038535317085,1,45,,0.0,1.1153639691443111,1.430336466046525,2.6364038535317085,1,a2daab14411c8aa0e01c2abaabf2d2f59c642348,59,0.0,1.1153639691443111,1.430336466046525,2.6364038535317085,1,True
26a885df4e685752,2021.07.16.18.06.21_veh-38_04471_04922,43,idm,39,,0.0,1.1187424393209682,1.4326650287056295,2.6423631376845065,1,42,,0.0,1.1187424393209682,1.4326650287056295,2.6423631376845065,1,39,cheap,0.0,1.1187424393209682,1.4326650287056295,2.6423631376845065,1,42,,0.0,1.1187424393209682,1.4326650287056295,2.6423631376845065,1,40,,0.0,1.1187424393209682,1.4326650287056295,2.6423631376845065,1,39,cheap,0.0,1.1187424393209682,1.4326650287056295,2.6423631376845065,1,42,,0.0,1.1187424393209682,1.4326650287056295,2.6423631376845065,1,6cd64f2024d1539b5720d43989a3898549f72933,56,0.0,1.1187424393209682,1.4326650287056295,2.6423631376845065,1,True
26a885df4e685752,2021.07.16.18.06.21_veh-38_04471_04922,57,idm,37,,0.0,1.1230051938168664,1.4311984497899308,2.63868623227127,1,44,,0.0,1.1230051938168664,1.4311984497899308,2.63868623227127,1,37,cheap,0.0,1.1230051938168664,1.4311984497899308,2.63868623227127,1,40,,0.0,1.1230051938168664,1.4311984497899308,2.63868623227127,1,39,,0.0,1.1230051938168664,1.4311984497899308,2.63868623227127,1,37,cheap,0.0,1.1230051938168664,1.4311984497899308,2.63868623227127,1,44,,0.0,1.1230051938168664,1.4311984497899308,2.63868623227127,1,03554b034cb08aa4f5f5f87710308b7124d76326,55,0.0,1.1230051938168664,1.4311984497899308,2.63868623227127,1,True
26a885df4e685752,2021.07.16.18.06.21_veh-38_04471_04922,70,idm,39,,0.0,1.10932697476925,1.4318673199477217,2.641856225746107,1,45,,0.0,1.10932697476925,1.4318673199477217,2.641856225746107,1,39,cheap,0.0,1.10932697476925,1.4318673199477217,2.641856225746107,1,44,,0.0,1.10932697476925,1.4318673199477217,2.641856225746107,1,41,,0.0,1.10932697476925,1.4318673199477217,2.641856225746107,1,39,,0.0,1.10932697476925,1.4318673199477217,2.641856225746107,1,44,,0.0,1.10932697476925,1.4318673199477217,2.641856225746107,1,3fb97019df959cff9d0768ea19ab99d0ecec2794,59,0.0,1.10932697476925,1.4318673199477217,2.641856225746107,1,True
26a885df4e685752,2021.07.16.18.06.21_veh-38_04471_04922,83,idm,42,,0.0,1.1314496947610369,1.4292339078250542,2.631567417199156,1,50,,0.0,1.1314496947610369,1.4292339078250542,2.631567417199156,1,41,,0.0,1.1314496947610369,1.4292339078250542,2.631567417199156,1,46,,0.0,1.1314496947610369,1.4292339078250542,2.631567417199156,1,44,,0.0,1.1314496947610369,1.4292339078250542,2.631567417199156,1,42,,0.0,1.1314496947610369,1.4292339078250542,2.631567417199156,1,48,,0.0,1.1314496947610369,1.4292339078250542,2.631567417199156,1,6b6966d0fa367db10bad45f459cf2b9956bd612c,59,0.0,1.1314496947610369,1.4292339078250542,2.631567417199156,1,True
26a885df4e685752,2021.07.16.18.06.21_veh-38_04471_04922,96,idm,42,,0.0,1.1113247410901737,1.4279645444198603,2.6337585301796596,1,48,,0.0,1.1113247410901737,1.4279645444198603,2.6337585301796596,1,42,cheap,0.0,1.1113247410901737,1.4279645444198603,2.6337585301796596,1,48,,0.0,1.1113247410901737,1.4279645444198603,2.6337585301796596,1,45,,0.0,1.1113247410901737,1.4279645444198603,2.6337585301796596,1,42,,0.0,1.1113247410901737,1.4279645444198603,2.6337585301796596,1,47,,0.0,1.1113247410901737,1.4279645444198603,2.6337585301796596,1,56b15be0417373ceee7aad702f125886d30786da,61,0.0,1.1113247410901737,1.4279645444198603,2.6337585301796596,1,True
26a885df4e685752,2021.07.16.18.06.21_veh-38_04471_04922,110,idm,45,,0.0,1.1121809775767606,1.4273899812953192,2.63200937694939,1,49,,0.0,1.1121809775767606,1.4273899812953192,2.63200937694939,1,45,cheap,0.0,1.1121809775767606,1.4273899812953192,2.63200937694939,1,48,,0.0,1.1121809775767606,1.4273899812953192,2.63200937694939,1,47,,0.0,1.1121809775767606,1.4273899812953192,2.63200937694939,1,45,,0.0,1.1121809775767606,1.4273899812953192,2.63200937694939,1,47,,0.0,1.1121809775767606,1.4273899812953192,2.63200937694939,1,96d92287267714de88e21b88b345e348cd76d24d,61,0.0,1.1121809775767606,1.4273899812953192,2.63200937694939,1,True
26a885df4e685752,2021.07.16.18.06.21_veh-38_04471_04922,123,idm,44,,0.0,1.1096775666372307,1.431647647073453,2.6407533535763994,1,51,,0.0,1.1096775666372307,1.431647647073453,2.6407533535763994,1,44,cheap,0.0,1.1096775666372307,1.431647647073453,2.6407533535763994,1,49,,0.0,1.1096775666372307,1.431647647073453,2.6407533535763994,1,49,,0.0,1.1096775666372307,1.431647647073453,2.6407533535763994,1,44,cheap,0.0,1.1096775666372307,1.431647647073453,2.6407533535763994,1,50,,0.0,1.1096775666372307,1.431647647073453,2.6407533535763994,1,87d877589ff7ee5bd164b66e5fc27a35fab17ef9,63,0.0,1.1096775666372307,1.431647647073453,2.6407533535763994,1,True
26a885df4e685752,2021.07.16.18.06.21_veh-38_04471_04922,136,idm,40,,0.0,1.1236321517190675,1.430083926624507,2.6385063289335045,1,46,,0.0,1.1236321517190675,1.430083926624507,2.6385063289335045,1,40,cheap,0.0,1.1236321517190675,1.430083926624507,2.6385063289335045,1,45,,0.0,1.1236321517190675,1.430083926624507,2.6385063289335045,1,43,,0.0,1.1236321517190675,1.430083926624507,2.6385063289335045,1,40,cheap,0.0,1.1236321517190675,1.430083926624507,2.6385063289335045,1,45,,0.0,1.1236321517190675,1.430083926624507,2.6385063289335045,1,81f48e917f6fef8b5382ccfb57fb06603ae90c2c,59,0.0,1.1236321517190675,1.430083926624507,2.6385063289335045,1,True
26a885df4e685752,2021.07.16.18.06.21_veh-38_04471_04922,149,idm,40,,0.0,1.1444375644828635,1.430803397646862,2.6353389965909515,1,47,,0.0,1.1444375644828635,1.430803397646862,2.6353389965909515,1,40,cheap,0.0,1.1444375644828635,1.430803397646862,2.6353389965909515,1,46,,0.0,1.1444375644828635,1.430803397646862,2.6353389965909515,1,41,,0.0,1.1444375644828635,1.430803397646862,2.6353389965909515,1,39,,0.0,1.1444375644828635,1.430803397646862,2.6353389965909515,1,43,,0.0,1.1444375644828635,1.430803397646862,2.6353389965909515,1,dca63a1b5950d16f606d93515f9fc1bb1ba588bc,55,0.0,1.1444375644828635,1.430803397646862,2.6353389965909515,1,True
26a885df4e685752,2021.07.16.18.06.21_veh-38_04471_04922,163,idm,37,,0.0,1.1098086087255372,1.4329975625990798,2.6426933572557547,1,46,,0.0,1.1098086087255372,1.4329975625990798,2.6426933572557547,1,37,cheap,0.0,1.1098086087255372,1.4329975625990798,2.6426933572557547,1,44,,0.0,1.1098086087255372,1.4329975625990798,2.6426933572557547,1,41,,0.0,1.1098086087255372,1.4329975625990798,2.6426933572557547,1,37,,0.0,1.1098086087255372,1.4329975625990798,2.6426933572557547,1,45,,0.0,1.1098086087255372,1.4329975625990798,2.6426933572557547,1,d7e82c4c9e88c4d7619621cf275310ad58fa6b75,58,0.0,1.1098086087255372,1.4329975625990798,2.6426933572557547,1,True
26a885df4e685752,2021.07.16.18.06.21_veh-38_04471_04922,176,idm,38,,0.0,1.142592648836059,1.4254996366528698,2.6262610209309534,1,45,,0.0,1.142592648836059,1.4254996366528698,2.6262610209309534,1,38,cheap,0.0,1.142592648836059,1.4254996366528698,2.6262610209309534,1,45,full,0.0,1.142592648836059,1.4254996366528698,2.6262610209309534,1,42,,0.0,1.142592648836059,1.4254996366528698,2.6262610209309534,1,38,,0.0,1.142592648836059,1.4254996366528698,2.6262610209309534,1,44,,0.0,1.142592648836059,1.4254996366528698,2.6262610209309534,1,909f70bad45507dd9cce3aeb70af2a0d2bfa38e3,58,0.0,1.142592648836059,1.4254996366528698,2.6262610209309534,1,True
26a885df4e685752,2021.07.16.18.06.21_veh-38_04471_04922,189,idm,38,,0.0,1.120049073014225,1.4290999724865094,2.632253924141471,1,45,,0.0,1.120049073014225,1.4290999724865094,2.632253924141471,1,37,,0.0,1.120049073014225,1.4290999724865094,2.632253924141471,1,44,,0.0,1.120049073014225,1.4290999724865094,2.632253924141471,1,39,,0.0,1.120049073014225,1.4290999724865094,2.632253924141471,1,38,,0.0,1.120049073014225,1.4290999724865094,2.632253924141471,1,40,,0.0,1.120049073014225,1.4290999724865094,2.632253924141471,1,b87521fb5fff6e78e32e405438c24430737f418b,57,0.0,1.120049073014225,1.4290999724865094,2.632253924141471,1,True
26a885df4e685752,2021.07.16.18.06.21_veh-38_04471_04922,202,idm,43,,0.0,1.1262742038997984,1.4259352326548078,2.626618994365009,1,49,,0.0,1.1262742038997984,1.4259352326548078,2.626618994365009,1,43,cheap,0.0,1.1262742038997984,1.4259352326548078,2.626618994365009,1,49,,0.0,1.1262742038997984,1.4259352326548078,2.626618994365009,1,46,,0.0,1.1262742038997984,1.4259352326548078,2.626618994365009,1,43,cheap,0.0,1.1262742038997984,1.4259352326548078,2.626618994365009,1,48,,0.0,1.1262742038997984,1.4259352326548078,2.626618994365009,1,5cf28e37b7093cc9c8c835301d12c27644dd74e5,62,0.0,1.1262742038997984,1.4259352326548078,2.626618994365009,1,True
26a885df4e685752,2021.07.16.18.06.21_veh-38_04471_04922,216,idm,46,,0.0,1.123053554457729,1.432018051785498,2.641561143877248,1,51,,0.0,1.123053554457729,1.432018051785498,2.641561143877248,1,46,,0.0,1.123053554457729,1.432018051785498,2.641561143877248,1,49,,0.0,1.123053554457729,1.432018051785498,2.641561143877248,1,48,,0.0,1.123053554457729,1.432018051785498,2.641561143877248,1,45,,0.0,1.123053554457729,1.432018051785498,2.641561143877248,1,49,,0.0,1.123053554457729,1.432018051785498,2.641561143877248,1,c73e0633ce0ae991070d1a5731ec9f2b5b5ea11a,61,0.0,1.123053554457729,1.432018051785498,2.641561143877248,1,True
26a885df4e685752,2021.07.16.18.06.21_veh-38_04471_04922,229,idm,46,,0.0,1.1062902688079956,1.4377878958375259,2.6571954676203298,1,50,,0.0,1.1062902688079956,1.4377878958375259,2.6571954676203298,1,46,cheap,0.0,1.1062902688079956,1.4377878958375259,2.6571954676203298,1,48,,0.0,1.1062902688079956,1.4377878958375259,2.6571954676203298,1,48,,0.0,1.1062902688079956,1.4377878958375259,2.6571954676203298,1,46,,0.0,1.1062902688079956,1.4377878958375259,2.6571954676203298,1,48,,0.0,1.1062902688079956,1.4377878958375259,2.6571954676203298,1,a6c32c5bf67f537d84c2b50faa7c05247b42c87b,59,0.0,1.1062902688079956,1.4377878958375259,2.6571954676203298,1,True
26a885df4e685752,2021.07.16.18.06.21_veh-38_04471_04922,242,idm,46,,0.0,1.145404595802859,1.4198399488567153,2.61149230079117,1,49,,0.0,1.145404595802859,1.4198399488567153,2.61149230079117,1,45,,0.0,1.145404595802859,1.4198399488567153,2.61149230079117,1,47,,0.0,1.145404595802859,1.4198399488567153,2.61149230079117,1,46,,0.0,1.145404595802859,1.4198399488567153,2.61149230079117,1,45,,0.0,1.145404595802859,1.4198399488567153,2.61149230079117,1,49,,0.0,1.145404595802859,1.4198399488567153,2.61149230079117,1,d2cad4bacfb1d3ca91dfcba2fe40d103948f39df,60,0.0,1.145404595802859,1.4198399488567153,2.61149230079117,1,True
26a885df4e685752,2021.07.16.18.06.21_veh-38_04471_04922,255,idm,39,,0.0,1.1211935764829997,1.4286380554374736,2.6319702296975698,1,42,,0.0,1.1211935764829997,1.4286380554374736,2.6319702296975698,1,39,,0.0,1.1211935764829997,1.4286380554374736,2.6319702296975698,1,40,,0.0,1.1211935764829997,1.4286380554374736,2.6319702296975698,1,40,,0.0,1.1211935764829997,1.4286380554374736,2.6319702296975698,1,38,,0.0,1.1211935764829997,1.4286380554374736,2.6319702296975698,1,42,,0.0,1.1211935764829997,1.4286380554374736,2.6319702296975698,1,77c78b222a521c0d1db3323ec5c2bfcd31350b17,51,0.0,1.1211935764829997,1.4286380554374736,2.6319702296975698,1,True
26a885df4e685752,2021.07.16.18.06.21_veh-38_04471_04922,269,idm,40,,0.0,1.138137148653325,1.4300075752029933,2.633247355213309,1,45,,0.0,1.138137148653325,1.4300075752029933,2.633247355213309,1,40,cheap,0.0,1.138137148653325,1.4300075752029933,2.633247355213309,1,44,,0.0,1.138137148653325,1.4300075752029933,2.633247355213309,1,42,,0.0,1.138137148653325,1.4300075752029933,2.633247355213309,1,40,,0.0,1.138137148653325,1.4300075752029933,2.633247355213309,1,45,,0.0,1.138137148653325,1.4300075752029933,2.633247355213309,1,3f09069a3b39bc7094402600bf4cfe2a82bc6b4a,53,0.0,1.138137148653325,1.4300075752029933,2.633247355213309,1,True
26a885df4e685752,2021.07.16.18.06.21_veh-38_04471_04922,282,idm,39,,0.0,1.140058686383514,1.4281807638356956,2.633111856256654,1,44,,0.0,1.140058686383514,1.4281807638356956,2.633111856256654,1,39,,0.0,1.140058686383514,1.4281807638356956,2.633111856256654,1,42,,0.0,1.140058686383514,1.4281807638356956,2.633111856256654,1,41,,0.0,1.140058686383514,1.4281807638356956,2.633111856256654,1,39,,0.0,1.140058686383514,1.4281807638356956,2.633111856256654,1,42,,0.0,1.140058686383514,1.4281807638356956,2.633111856256654,1,d3d940523584d9f4cd632d98856911c952f659e5,54,0.0,1.140058686383514,1.4281807638356956,2.633111856256654,1,True
26a885df4e685752,2021.07.16.18.06.21_veh-38_04471_04922,295,idm,39,,0.0,1.1166505593105192,1.432255458293078,2.6430686562052035,1,47,,0.0,1.1166505593105192,1.432255458293078,2.6430686562052035,1,39,cheap,0.0,1.1166505593105192,1.432255458293078,2.6430686562052035,1,46,,0.0,1.1166505593105192,1.432255458293078,2.6430686562052035,1,44,,0.0,1.1166505593105192,1.432255458293078,2.6430686562052035,1,39,cheap,0.0,1.1166505593105192,1.432255458293078,2.6430686562052035,1,46,,0.0,1.1166505593105192,1.432255458293078,2.6430686562052035,1,f5c3e56ee50d6a53ff979eb52ab0c5e8aeb9f54c,56,0.0,1.1166505593105192,1.432255458293078,2.6430686562052035,1,True
26a885df4e685752,2021.07.16.18.06.21_veh-38_04471_04922,309,idm,43,,0.0,1.1104493390500516,1.4325872920450782,2.6430018926436465,1,49,,0.0,1.1104493390500516,1.4325872920450782,2.6430018926436465,1,43,,0.0,1.1104493390500516,1.4325872920450782,2.6430018926436465,1,49,,0.0,1.1104493390500516,1.4325872920450782,2.6430018926436465,1,46,,0.0,1.1104493390500516,1.4325872920450782,2.6430018926436465,1,43,,0.0,1.1104493390500516,1.4325872920450782,2.6430018926436465,1,48,,0.0,1.1104493390500516,1.4325872920450782,2.6430018926436465,1,1918ea867296ff538a3ba6ee4b7b72ee1d090c05,55,0.0,1.1104493390500516,1.4325872920450782,2.6430018926436465,1,True
2aecc6e7811955b6,2021.06.09.14.03.17_veh-12_02584_02970,4,idm,221,,0.0,9.93387714465551,44.6425940808988,44.64174947370026,1,219,,0.0,9.93387714465551,44.6425940808988,44.64174947370026,1,219,,0.0,9.93387714465551,44.6425940808988,44.64174947370026,1,218,,0.0,9.93387714465551,44.6425940808988,44.64174947370026,1,219,,0.0,9.93387714465551,44.6425940808988,44.64174947370026,1,220,,0.0,9.93387714465551,44.6425940808988,44.64174947370026,1,218,,0.0,9.93387714465551,44.6425940808988,44.64174947370026,1,03221c907bbf7c4de9ee17bdb944c6141046574f,232,0.0,9.93387714465551,44.6425940808988,44.64174947370026,1,True
2aecc6e7811955b6,2021.06.09.14.03.17_veh-12_02584_02970,17,idm,225,,0.0,9.965933384545101,44.64259140894103,44.641732267812706,1,227,,0.0,9.965933384545101,44.64259140894103,44.641732267812706,1,224,,0.0,9.965933384545101,44.64259140894103,44.641732267812706,1,225,,0.0,9.965933384545101,44.64259140894103,44.641732267812706,1,223,,0.0,9.965933384545101,44.64259140894103,44.641732267812706,1,224,,0.0,9.965933384545101,44.64259140894103,44.641732267812706,1,226,,0.0,9.965933384545101,44.64259140894103,44.641732267812706,1,1a4116e168e19f3b5daeaa6a5c5aa15e246f0f75,237,0.0,9.965933384545101,44.64259140894103,44.641732267812706,1,True
2aecc6e7811955b6,2021.06.09.14.03.17_veh-12_02584_02970,30,idm,232,,0.0,9.918112953477268,44.64258335658711,44.64169386429244,1,237,,0.0,9.918112953477268,44.64258335658711,44.64169386429244,1,231,,0.0,9.918112953477268,44.64258335658711,44.64169386429244,1,235,,0.0,9.918112953477268,44.64258335658711,44.64169386429244,1,232,,0.0,9.918112953477268,44.64258335658711,44.64169386429244,1,231,,0.0,9.918112953477268,44.64258335658711,44.64169386429244,1,234,,0.0,9.918112953477268,44.64258335658711,44.64169386429244,1,a1deac70d2571a845bd437671b3666c5e285e7fd,243,0.0,9.918112953477268,44.64258335658711,44.64169386429244,1,True
2aecc6e7811955b6,2021.06.09.14.03.17_veh-12_02584_02970,43,idm,222,,0.0,9.896389147719004,44.642636613457256,44.641666737754846,1,226,,0.0,9.896389147719004,44.642636613457256,44.641666737754846,1,220,,0.0,9.896389147719004,44.642636613457256,44.641666737754846,1,225,,0.0,9.896389147719004,44.642636613457256,44.641666737754846,1,222,,0.0,9.896389147719004,44.642636613457256,44.641666737754846,1,222,,0.0,9.896389147719004,44.642636613457256,44.641666737754846,1,224,,0.0,9.896389147719004,44.642636613457256,44.641666737754846,1,638d174ee92341ab577c0e29c1fcc5b756f3c66a,236,0.0,9.896389147719004,44.642636613457256,44.641666737754846,1,True
2aecc6e7811955b6,2021.06.09.14.03.17_veh-12_02584_02970,57,idm,224,,0.0,10.003995892202571,44.64254949509156,44.6416395617945,1,226,,0.0,10.003995892202571,44.64254949509156,44.6416395617945,1,222,,0.0,10.003995892202571,44.64254949509156,44.6416395617945,1,225,,0.0,10.003995892202571,44.64254949509156,44.6416395617945,1,225,,0.0,10.003995892202571,44.64254949509156,44.6416395617945,1,224,,0.0,10.003995892202571,44.64254949509156,44.6416395617945,1,225,,0.0,10.003995892202571,44.64254949509156,44.6416395617945,1,3bb9f0552f2229d72f22c679de0f042693a87c6a,239,0.0,10.003995892202571,44.64254949509156,44.6416395617945,1,True
2aecc6e7811955b6,2021.06.09.14.03.17_veh-12_02584_02970,70,idm,215,,0.0,9.966723866845781,44.64259739379803,44.64149305238907,1,220,,0.0,9.966723866845781,44.64259739379803,44.64149305238907,1,212,,0.0,9.966723866845781,44.64259739379803,44.64149305238907,1,217,,0.0,9.966723866845781,44.64259739379803,44.64149305238907,1,215,,0.0,9.966723866845781,44.64259739379803,44.64149305238907,1,215,,0.0,9.966723866845781,44.64259739379803,44.64149305238907,1,216,,0.0,9.966723866845781,44.64259739379803,44.64149305238907,1,8bab0d9d8dc900cf47d3d0a39c00b2c04c4fea6d,230,0.0,9.966723866845781,44.64259739379803,44.64149305238907,1,True
2aecc6e7811955b6,2021.06.09.14.03.17_veh-12_02584_02970,83,idm,223,,0.0,10.021086815747017,44.64245871795018,44.64142430236058,1,230,,0.0,10.021086815747017,44.64245871795018,44.64142430236058,1,221,,0.0,10.021086815747017,44.64245871795018,44.64142430236058,1,227,,0.0,10.021086815747017,44.64245871795018,44.64142430236058,1,222,,0.0,10.021086815747017,44.64245871795018,44.64142430236058,1,223,,0.0,10.021086815747017,44.64245871795018,44.64142430236058,1,228,,0.0,10.021086815747017,44.64245871795018,44.64142430236058,1,9b7f49b52e84e7ef4c78919b666ff51d9532087d,236,0.0,10.021086815747017,44.64245871795018,44.64142430236058,1,True
2aecc6e7811955b6,2021.06.09.14.03.17_veh-12_02584_02970,97,idm,228,,0.0,9.953531830574534,44.64250139233463,44.641502164563335,1,233,,0.0,9.953531830574534,44.64250139233463,44.641502164563335,1,226,,0.0,9.953531830574534,44.64250139233463,44.641502164563335,1,230,,0.0,9.953531830574534,44.64250139233463,44.641502164563335,1,227,,0.0,9.953531830574534,44.64250139233463,44.641502164563335,1,227,,0.0,9.953531830574534,44.64250139233463,44.641502164563335,1,230,,0.0,9.953531830574534,44.64250139233463,44.641502164563335,1,f432a1ce24858f766ba0c87f522ee6cfff5f809b,243,0.0,9.953531830574534,44.64250139233463,44.641502164563335,1,True
2aecc6e7811955b6,2021.06.09.14.03.17_veh-12_02584_02970,110,idm,234,,0.0,9.95237795715453,44.642505453750346,44.64158781787124,1,236,,0.0,9.95237795715453,44.642505453750346,44.64158781787124,1,233,,0.0,9.95237795715453,44.642505453750346,44.64158781787124,1,235,,0.0,9.95237795715453,44.642505453750346,44.64158781787124,1,233,,0.0,9.95237795715453,44.642505453750346,44.64158781787124,1,233,,0.0,9.95237795715453,44.642505453750346,44.64158781787124,1,235,,0.0,9.95237795715453,44.642505453750346,44.64158781787124,1,4ba9b02b67e1009e2aeb915e051605747618c4fc,246,0.0,9.95237795715453,44.642505453750346,44.64158781787124,1,True
2aecc6e7811955b6,2021.06.09.14.03.17_veh-12_02584_02970,123,idm,238,,0.0,9.964595435336113,44.642261140573,44.641467349318255,1,236,,0.0,9.964595435336113,44.642261140573,44.641467349318255,1,229,,0.0,9.964595435336113,44.642261140573,44.641467349318255,1,232,,0.0,9.964595435336113,44.642261140573,44.641467349318255,1,230,,0.0,9.964595435336113,44.642261140573,44.641467349318255,1,238,,0.0,9.964595435336113,44.642261140573,44.641467349318255,1,235,,0.0,9.964595435336113,44.642261140573,44.641467349318255,1,c39d43aab11e7e4a70d967e533900da2f34884f4,247,0.0,9.964595435336113,44.642261140573,44.641467349318255,1,True
2aecc6e7811955b6,2021.06.09.14.03.17_veh-12_02584_02970,137,idm,233,,0.0,9.990446618640682,44.64256794155442,44.64173049470259,1,237,,0.0,9.990446618640682,44.64256794155442,44.64173049470259,1,231,,0.0,9.990446618640682,44.64256794155442,44.64173049470259,1,236,,0.0,9.990446618640682,44.64256794155442,44.64173049470259,1,231,,0.0,9.990446618640682,44.64256794155442,44.64173049470259,1,233,,0.0,9.990446618640682,44.64256794155442,44.64173049470259,1,234,,0.0,9.990446618640682,44.64256794155442,44.64173049470259,1,b6bf505e61dd3ac8bbf4c687c0d2c7a1404b3395,244,0.0,9.990446618640682,44.64256794155442,44.64173049470259,1,True
2aecc6e7811955b6,2021.06.09.14.03.17_veh-12_02584_02970,150,idm,230,,0.0,10.007024745762655,44.6423462967442,44.64157586397112,1,231,,0.0,10.007024745762655,44.6423462967442,44.64157586397112,1,228,,0.0,10.007024745762655,44.6423462967442,44.64157586397112,1,229,,0.0,10.007024745762655,44.6423462967442,44.64157586397112,1,226,,0.0,10.007024745762655,44.6423462967442,44.64157586397112,1,230,,0.0,10.007024745762655,44.6423462967442,44.64157586397112,1,229,,0.0,10.007024745762655,44.6423462967442,44.64157586397112,1,eb71c899d7bab4951acf6ba1ac3997e935086522,243,0.0,10.007024745762655,44.6423462967442,44.64157586397112,1,True
2aecc6e7811955b6,2021.06.09.14.03.17_veh-12_02584_02970,163,idm,228,,0.0,9.97896523565322,44.64250419346363,44.641771061861945,1,231,,0.0,9.97896523565322,44.64250419346363,44.641771061861945,1,226,,0.0,9.97896523565322,44.64250419346363,44.641771061861945,1,228,,0.0,9.97896523565322,44.64250419346363,44.641771061861945,1,228,,0.0,9.97896523565322,44.64250419346363,44.641771061861945,1,228,,0.0,9.97896523565322,44.64250419346363,44.641771061861945,1,230,,0.0,9.97896523565322,44.64250419346363,44.641771061861945,1,acb3a5c7e6c121efc63f39f4129d970edce8fa7a,241,0.0,9.97896523565322,44.64250419346363,44.641771061861945,1,True
2aecc6e7811955b6,2021.06.09.14.03.17_veh-12_02584_02970,176,idm,228,,0.0,9.928014738000423,44.64252428731186,44.64176449372433,1,227,,0.0,9.928014738000423,44.64252428731186,44.64176449372433,1,226,,0.0,9.928014738000423,44.64252428731186,44.64176449372433,1,226,,0.0,9.928014738000423,44.64252428731186,44.64176449372433,1,227,,0.0,9.928014738000423,44.64252428731186,44.64176449372433,1,228,,0.0,9.928014738000423,44.64252428731186,44.64176449372433,1,227,,0.0,9.928014738000423,44.64252428731186,44.64176449372433,1,f162ecf630a0b83ac0bcdcdf4867f7744cad73b2,241,0.0,9.928014738000423,44.64252428731186,44.64176449372433,1,True
2aecc6e7811955b6,2021.06.09.14.03.17_veh-12_02584_02970,190,idm,226,,0.0,9.920702220399596,44.64258986394151,44.641755809043104,1,227,,0.0,9.920702220399596,44.64258986394151,44.641755809043104,1,223,,0.0,9.920702220399596,44.64258986394151,44.641755809043104,1,226,,0.0,9.920702220399596,44.64258986394151,44.641755809043104,1,224,,0.0,9.920702220399596,44.64258986394151,44.641755809043104,1,226,,0.0,9.920702220399596,44.64258986394151,44.641755809043104,1,225,,0.0,9.920702220399596,44.64258986394151,44.641755809043104,1,39fa9ea1bc4bbf28235e51c6f1aabf6bd97ecde6,236,0.0,9.920702220399596,44.64258986394151,44.641755809043104,1,True
2aecc6e7811955b6,2021.06.09.14.03.17_veh-12_02584_02970,203,idm,221,,0.0,9.901900385414743,44.64258852703475,44.64175899265104,1,224,,0.0,9.901900385414743,44.64258852703475,44.64175899265104,1,219,,0.0,9.901900385414743,44.64258852703475,44.64175899265104,1,223,,0.0,9.901900385414743,44.64258852703475,44.64175899265104,1,220,,0.0,9.901900385414743,44.64258852703475,44.64175899265104,1,221,,0.0,9.901900385414743,44.64258852703475,44.64175899265104,1,221,,0.0,9.901900385414743,44.64258852703475,44.64175899265104,1,9c759806eb5940848568428e25ad3411c81a5a41,236,0.0,9.901900385414743,44.64258852703475,44.64175899265104,1,True
2aecc6e7811955b6,2021.06.09.14.03.17_veh-12_02584_02970,216,idm,213,,0.0,9.980006615782612,44.64260597039327,44.64169286603801,1,213,,0.0,9.980006615782612,44.64260597039327,44.64169286603801,1,210,,0.0,9.980006615782612,44.64260597039327,44.64169286603801,1,212,,0.0,9.980006615782612,44.64260597039327,44.64169286603801,1,211,,0.0,9.980006615782612,44.64260597039327,44.64169286603801,1,213,,0.0,9.980006615782612,44.64260597039327,44.64169286603801,1,213,,0.0,9.980006615782612,44.64260597039327,44.64169286603801,1,b7a911fe5efa5fd7445eae7613b3871878b000ed,227,0.0,9.980006615782612,44.64260597039327,44.64169286603801,1,True
2aecc6e7811955b6,2021.06.09.14.03.17_veh-12_02584_02970,230,idm,214,,0.0,9.922640921497287,44.64262147806011,44.64174386396131,1,215,,0.0,9.922640921497287,44.64262147806011,44.64174386396131,1,213,,0.0,9.922640921497287,44.64262147806011,44.64174386396131,1,212,,0.0,9.922640921497287,44.64262147806011,44.64174386396131,1,214,,0.0,9.922640921497287,44.64262147806011,44.64174386396131,1,213,,0.0,9.922640921497287,44.64262147806011,44.64174386396131,1,213,,0.0,9.922640921497287,44.64262147806011,44.64174386396131,1,4727ad01b4dfeecb50788cb229b10e2bb5eade7d,228,0.0,9.922640921497287,44.64262147806011,44.64174386396131,1,True
2aecc6e7811955b6,2021.06.09.14.03.17_veh-12_02584_02970,243,idm,224,,0.0,9.920125766841771,44.642660283977634,44.641754782997886,1,228,,0.0,9.920125766841771,44.642660283977634,44.641754782997886,1,221,,0.0,9.920125766841771,44.642660283977634,44.641754782997886,1,226,,0.0,9.920125766841771,44.642660283977634,44.641754782997886,1,223,,0.0,9.920125766841771,44.642660283977634,44.641754782997886,1,224,,0.0,9.920125766841771,44.642660283977634,44.641754782997886,1,226,,0.0,9.920125766841771,44.642660283977634,44.641754782997886,1,1f411c63c80043e4511aae1cb1a140fbc5a8e7f7,238,0.0,9.920125766841771,44.642660283977634,44.641754782997886,1,True
2aecc6e7811955b6,2021.06.09.14.03.17_veh-12_02584_02970,256,idm,209,,0.0,9.957071160772925,44.64259981279534,44.641703851904225,1,213,,0.0,9.957071160772925,44.64259981279534,44.641703851904225,1,208,,0.0,9.957071160772925,44.64259981279534,44.641703851904225,1,212,,0.0,9.957071160772925,44.64259981279534,44.641703851904225,1,210,,0.0,9.957071160772925,44.64259981279534,44.641703851904225,1,209,,0.0,9.957071160772925,44.64259981279534,44.641703851904225,1,211,,0.0,9.957071160772925,44.64259981279534,44.641703851904225,1,d765ff5c76ffb1de8e10049ab6edb71f710d59c1,229,0.0,9.957071160772925,44.64259981279534,44.641703851904225,1,True
2aecc6e7811955b6,2021.06.09.14.03.17_veh-12_02584_02970,270,idm,211,,0.0,9.913845002716686,44.642627220835834,44.64171701319534,1,211,,0.0,9.913845002716686,44.642627220835834,44.64171701319534,1,208,,0.0,9.913845002716686,44.642627220835834,44.64171701319534,1,210,,0.0,9.913845002716686,44.642627220835834,44.64171701319534,1,210,,0.0,9.913845002716686,44.642627220835834,44.64171701319534,1,211,,0.0,9.913845002716686,44.642627220835834,44.64171701319534,1,210,,0.0,9.913845002716686,44.642627220835834,44.64171701319534,1,37816be5b3b5edc7e5c6bbfad97da27961519aca,227,0.0,9.913845002716686,44.642627220835834,44.64171701319534,1,True
2aecc6e7811955b6,2021.06.09.14.03.17_veh-12_02584_02970,283,idm,203,,0.0,9.942974207253354,44.64262543931636,44.64181639239038,1,207,,0.0,9.942974207253354,44.64262543931636,44.64181639239038,1,202,,0.0,9.942974207253354,44.64262543931636,44.64181639239038,1,205,,0.0,9.942974207253354,44.64262543931636,44.64181639239038,1,202,,0.0,9.942974207253354,44.64262543931636,44.64181639239038,1,202,,0.0,9.942974207253354,44.64262543931636,44.64181639239038,1,205,,0.0,9.942974207253354,44.64262543931636,44.64181639239038,1,62f583b08e3134c2cabf90d69ea81e47250dea83,220,0.0,9.942974207253354,44.64262543931636,44.64181639239038,1,True
2aecc6e7811955b6,2021.06.09.14.03.17_veh-12_02584_02970,296,idm,205,,0.0,9.937534949058458,44.642629523945274,44.641739776325615,1,206,,0.0,9.937534949058458,44.642629523945274,44.641739776325615,1,203,,0.0,9.937534949058458,44.642629523945274,44.641739776325615,1,205,,0.0,9.937534949058458,44.642629523945274,44.641739776325615,1,205,,0.0,9.937534949058458,44.642629523945274,44.641739776325615,1,204,,0.0,9.937534949058458,44.642629523945274,44.641739776325615,1,206,,0.0,9.937534949058458,44.642629523945274,44.641739776325615,1,0011dee4e175f9f1032ce611265c840cebb367b0,223,0.0,9.937534949058458,44.642629523945274,44.641739776325615,1,True
2aecc6e7811955b6,2021.06.09.14.03.17_veh-12_02584_02970,310,idm,210,,0.0,9.965583175417917,44.64262818064813,44.64177410718643,1,210,,0.0,9.965583175417917,44.64262818064813,44.64177410718643,1,205,,0.0,9.965583175417917,44.64262818064813,44.64177410718643,1,209,,0.0,9.965583175417917,44.64262818064813,44.64177410718643,1,206,,0.0,9.965583175417917,44.64262818064813,44.64177410718643,1,209,,0.0,9.965583175417917,44.64262818064813,44.64177410718643,1,206,,0.0,9.965583175417917,44.64262818064813,44.64177410718643,1,aca5d2b4034cb34d05b4ffaa91335872bcd54d3d,222,0.0,9.965583175417917,44.64262818064813,44.64177410718643,1,True
2f5ce5e16db45b6a,2021.06.28.16.29.11_veh-38_03263_03766,4,idm,225,,0.0,4.766523037531644,6.321147408779101,10.402857696816099,1,226,,0.0,4.766523037531644,6.321147408779101,10.402857696816099,1,225,cheap,0.0,4.766523037531644,6.321147408779101,10.402857696816099,1,226,,0.0,4.766523037531644,6.321147408779101,10.402857696816099,1,225,cheap,0.0,4.766523037531644,6.321147408779101,10.402857696816099,1,225,cheap,0.0,4.766523037531644,6.321147408779101,10.402857696816099,1,226,,0.0,4.766523037531644,6.321147408779101,10.402857696816099,1,aeda7e4fdef951ef0ed8b2ad0e3c965c40b9d2cd,229,0.0,4.766523037531644,6.321147408779101,10.402857696816099,1,True
2f5ce5e16db45b6a,2021.06.28.16.29.11_veh-38_03263_03766,17,idm,215,,0.0,4.722981986754406,3.148688696583746,7.457730702569834,1,216,,0.0,4.722981986754406,3.148688696583746,7.457730702569834,1,215,cheap,0.0,4.722981986754406,3.148688696583746,7.457730702569834,1,216,full,0.0,4.722981986754406,3.148688696583746,7.457730702569834,1,216,,0.0,4.722981986754406,3.148688696583746,7.457730702569834,1,215,cheap,0.0,4.722981986754406,3.148688696583746,7.457730702569834,1,216,full,0.0,4.722981986754406,3.148688696583746,7.457730702569834,1,6cdf57fe7b6a8f0b1c17ce329c92e319d87b5fac,220,0.0,4.722981986754406,3.148688696583746,7.457730702569834,1,True
2f5ce5e16db45b6a,2021.06.28.16.29.11_veh-38_03263_03766,30,idm,218,,0.0,4.676455471400871,3.3234927127524507,8.063491882559203,1,221,,0.0,4.676455471400871,3.3234927127524507,8.063491882559203,1,218,,0.0,4.676455471400871,3.3234927127524507,8.063491882559203,1,220,,0.0,4.676455471400871,3.3234927127524507,8.063491882559203,1,219,,0.0,4.676455471400871,3.3234927127524507,8.063491882559203,1,218,cheap,0.0,4.676455471400871,3.3234927127524507,8.063491882559203,1,220,,0.0,4.676455471400871,3.3234927127524507,8.063491882559203,1,5eb437690410b3b89da32f756b896abb6641d3a2,227,0.0,4.676455471400871,3.3234927127524507,8.063491882559203,1,True
2f5ce5e16db45b6a,2021.06.28.16.29.11_veh-38_03263_03766,43,idm,224,,0.0,4.550482481163072,2.6437015029312882,6.279471181197357,1,227,,0.0,4.550482481163072,2.6437015029312882,6.279471181197357,1,222,,0.0,4.550482481163072,2.6437015029312882,6.279471181197357,1,226,,0.0,4.550482481163072,2.6437015029312882,6.279471181197357,1,226,,0.0,4.550482481163072,2.6437015029312882,6.279471181197357,1,224,cheap,0.0,4.550482481163072,2.6437015029312882,6.279471181197357,1,227,,0.0,4.550482481163072,2.6437015029312882,6.279471181197357,1,3173a6dc5e8ca23dfbc1438cfadc4e3e6df2531d,240,0.0,4.550482481163072,2.6437015029312882,6.279471181197357,1,True
2f5ce5e16db45b6a,2021.06.28.16.29.11_veh-38_03263_03766,57,idm,221,,0.0,4.547195860769822,2.996997689212769,7.262086386202292,1,221,,0.0,4.547195860769822,2.996997689212769,7.262086386202292,1,220,,0.0,4.547195860769822,2.996997689212769,7.262086386202292,1,221,full,0.0,4.547195860769822,2.996997689212769,7.262086386202292,1,221,,0.0,4.547195860769822,2.996997689212769,7.262086386202292,1,221,,0.0,4.547195860769822,2.996997689212769,7.262086386202292,1,221,,0.0,4.547195860769822,2.996997689212769,7.262086386202292,1,2b7a1d5f1002246a9749cffb31e34232244eff76,236,0.0,4.547195860769822,2.996997689212769,7.262086386202292,1,True
2f5ce5e16db45b6a,2021.06.28.16.29.11_veh-38_03263_03766,70,idm,234,,0.0,4.07023534192086,3.4459514350349814,8.301330787750999,1,235,,0.0,4.07023534192086,3.4459514350349814,8.301330787750999,1,233,,0.0,4.07023534192086,3.4459514350349814,8.301330787750999,1,234,,0.0,4.07023534192086,3.4459514350349814,8.301330787750999,1,233,,0.0,4.07023534192086,3.4459514350349814,8.301330787750999,1,234,,0.0,4.07023534192086,3.4459514350349814,8.301330787750999,1,235,,0.0,4.07023534192086,3.4459514350349814,8.301330787750999,1,aae5142d405c2d1751fbba0aad28fe4e53ce043c,249,0.0,4.07023534192086,3.4459514350349814,8.301330787750999,1,True
2f5ce5e16db45b6a,2021.06.28.16.29.11_veh-38_03263_03766,83,idm,240,,0.0,0.6926312772716927,4.077029968000967,9.449565838455758,1,239,,0.0,0.6926312772716927,4.077029968000967,9.449565838455758,1,238,,0.0,0.6926312772716927,4.077029968000967,9.449565838455758,1,239,full,0.0,0.6926312772716927,4.077029968000967,9.449565838455758,1,239,,0.0,0.6926312772716927,4.077029968000967,9.449565838455758,1,240,,0.0,0.6926312772716927,4.077029968000967,9.449565838455758,1,239,full,0.0,0.6926312772716927,4.077029968000967,9.449565838455758,1,80f8151555bb58e14c96d63b275066aaac52c489,252,0.0,0.6926312772716927,4.077029968000967,9.449565838455758,1,True
2f5ce5e16db45b6a,2021.06.28.16.29.11_veh-38_03263_03766,96,idm,236,,0.0,0.6640569322291817,4.416623049229379,10.034791495093554,1,239,,0.0,0.6640569322291817,4.416623049229379,10.034791495093554,1,236,cheap,0.0,0.6640569322291817,4.416623049229379,10.034791495093554,1,238,,0.0,0.6640569322291817,4.416623049229379,10.034791495093554,1,236,,0.0,0.6640569322291817,4.416623049229379,10.034791495093554,1,236,cheap,0.0,0.6640569322291817,4.416623049229379,10.034791495093554,1,239,,0.0,0.6640569322291817,4.416623049229379,10.034791495093554,1,0d1dee9f136b7a3d32ab8c9666e9bd99a01e5907,255,0.0,0.6640569322291817,4.416623049229379,10.034791495093554,1,True
2f5ce5e16db45b6a,2021.06.28.16.29.11_veh-38_03263_03766,110,idm,236,,0.0,0.6683982874332037,4.613672921638134,10.35364192230326,1,241,,0.0,0.6683982874332037,4.613672921638134,10.35364192230326,1,235,,0.0,0.6683982874332037,4.613672921638134,10.35364192230326,1,238,,0.0,0.6683982874332037,4.613672921638134,10.35364192230326,1,236,,0.0,0.6683982874332037,4.613672921638134,10.35364192230326,1,236,,0.0,0.6683982874332037,4.613672921638134,10.35364192230326,1,241,,0.0,0.6683982874332037,4.613672921638134,10.35364192230326,1,db9cac98f422cd1d1ec7e82d3100a78e69fef608,257,0.0,0.6683982874332037,4.613672921638134,10.35364192230326,1,True
2f5ce5e16db45b6a,2021.06.28.16.29.11_veh-38_03263_03766,123,idm,234,,0.0,0.647107041299785,3.269636243934238,6.328449875335348,1,240,,0.0,0.647107041299785,3.269636243934238,6.328449875335348,1,234,cheap,0.0,0.647107041299785,3.269636243934238,6.328449875335348,1,236,,0.0,0.647107041299785,3.269636243934238,6.328449875335348,1,235,,0.0,0.647107041299785,3.269636243934238,6.328449875335348,1,234,,0.0,0.647107041299785,3.269636243934238,6.328449875335348,1,240,,0.0,0.647107041299785,3.269636243934238,6.328449875335348,1,bc3979904f4b22a411bbe48748530a143d61b8aa,251,0.0,0.647107041299785,3.269636243934238,6.328449875335348,1,True
2f5ce5e16db45b6a,2021.06.28.16.29.11_veh-38_03263_03766,136,idm,232,,0.0,0.6395391145653888,3.0540389456751003,5.819641543909568,1,239,,0.0,0.6395391145653888,3.0540389456751003,5.819641543909568,1,231,,0.0,0.6395391145653888,3.0540389456751003,5.819641543909568,1,234,,0.0,0.6395391145653888,3.0540389456751003,5.819641543909568,1,231,,0.0,0.6395391145653888,3.0540389456751003,5.819641543909568,1,232,,0.0,0.6395391145653888,3.0540389456751003,5.819641543909568,1,239,,0.0,0.6395391145653888,3.0540389456751003,5.819641543909568,1,b1f7b30507b01b3be8443ea83213ab13fbaf3e00,244,0.0,0.6395391145653888,3.0540389456751003,5.819641543909568,1,True
2f5ce5e16db45b6a,2021.06.28.16.29.11_veh-38_03263_03766,149,idm,226,,0.0,0.6316666358668892,2.8694264942714125,5.2985907020064,1,230,,0.0,0.6316666358668892,2.8694264942714125,5.2985907020064,1,226,,0.0,0.6316666358668892,2.8694264942714125,5.2985907020064,1,228,,0.0,0.6316666358668892,2.8694264942714125,5.2985907020064,1,224,,0.0,0.6316666358668892,2.8694264942714125,5.2985907020064,1,226,,0.0,0.6316666358668892,2.8694264942714125,5.2985907020064,1,230,,0.0,0.6316666358668892,2.8694264942714125,5.2985907020064,1,e7d1d6cd7d6adf0f124878a43a3e61798a51ac5f,234,0.0,0.6316666358668892,2.8694264942714125,5.2985907020064,1,True
2f5ce5e16db45b6a,2021.06.28.16.29.11_veh-38_03263_03766,163,idm,235,,0.0,0.6064424207187005,2.6654723765617927,4.742378252662104,1,242,,0.0,0.6064424207187005,2.6654723765617927,4.742378252662104,1,235,,0.0,0.6064424207187005,2.6654723765617927,4.742378252662104,1,238,,0.0,0.6064424207187005,2.6654723765617927,4.742378252662104,1,236,,0.0,0.6064424207187005,2.6654723765617927,4.742378252662104,1,235,cheap,0.0,0.6064424207187005,2.6654723765617927,4.742378252662104,1,242,,0.0,0.6064424207187005,2.6654723765617927,4.742378252662104,1,03d0b2d90b11470ff8db9b1fe70c6e04e37bc5d7,246,0.0,0.6064424207187005,2.6654723765617927,4.742378252662104,1,True
2f5ce5e16db45b6a,2021.06.28.16.29.11_veh-38_03263_03766,176,idm,245,,0.0,0.6042574189104704,2.5255622183602364,4.309893129504571,1,249,,0.0,0.6042574189104704,2.5255622183602364,4.309893129504571,1,244,,0.0,0.6042574189104704,2.5255622183602364,4.309893129504571,1,247,,0.0,0.6042574189104704,2.5255622183602364,4.309893129504571,1,245,,0.0,0.6042574189104704,2.5255622183602364,4.309893129504571,1,245,,0.0,0.6042574189104704,2.5255622183602364,4.309893129504571,1,249,,0.0,0.6042574189104704,2.5255622183602364,4.309893129504571,1,e14f44fe96f9ad2703fa57b784b6c953bd93b062,251,0.0,0.6042574189104704,2.5255622183602364,4.309893129504571,1,True
2f5ce5e16db45b6a,2021.06.28.16.29.11_veh-38_03263_03766,189,idm,243,,0.0,0.6113546776512104,2.368851649289608,3.9472569363536003,1,245,,0.0,0.6113546776512104,2.368851649289608,3.9472569363536003,1,242,,0.0,0.6113546776512104,2.368851649289608,3.9472569363536003,1,244,,0.0,0.6113546776512104,2.368851649289608,3.9472569363536003,1,243,,0.0,0.6113546776512104,2.368851649289608,3.9472569363536003,1,243,,0.0,0.6113546776512104,2.368851649289608,3.9472569363536003,1,244,,0.0,0.6113546776512104,2.368851649289608,3.9472569363536003,1,b9f5bb863bb47a44d7dd9801543404b69d53bd27,250,0.0,0.6113546776512104,2.368851649289608,3.9472569363536003,1,True
2f5ce5e16db45b6a,2021.06.28.16.29.11_veh-38_03263_03766,202,idm,240,,0.0,0.6094640342964044,2.2130237308586156,3.624685619196877,1,243,,0.0,0.6094640342964044,2.2130237308586156,3.624685619196877,1,238,,0.0,0.6094640342964044,2.2130237308586156,3.624685619196877,1,240,,0.0,0.6094640342964044,2.2130237308586156,3.624685619196877,1,241,,0.0,0.6094640342964044,2.2130237308586156,3.624685619196877,1,240,,0.0,0.6094640342964044,2.2130237308586156,3.624685619196877,1,243,,0.0,0.6094640342964044,2.2130237308586156,3.624685619196877,1,fc45bf685cf2c35a5bc87b96fd1839ae05e37849,246,0.0,0.6094640342964044,2.2130237308586156,3.624685619196877,1,True
2f5ce5e16db45b6a,2021.06.28.16.29.11_veh-38_03263_03766,216,idm,224,,0.0,0.6029820400411586,2.0638760971195227,3.2407801924811395,1,225,,0.0,0.6029820400411586,2.0638760971195227,3.2407801924811395,1,223,,0.0,0.6029820400411586,2.0638760971195227,3.2407801924811395,1,225,full,0.0,0.6029820400411586,2.0638760971195227,3.2407801924811395,1,225,,0.0,0.6029820400411586,2.0638760971195227,3.2407801924811395,1,224,,0.0,0.6029820400411586,2.0638760971195227,3.2407801924811395,1,225,,0.0,0.6029820400411586,2.0638760971195227,3.2407801924811395,1,d50b59062af73410490a8340d33f43180534ad47,230,0.0,0.6029820400411586,2.0638760971195227,3.2407801924811395,1,True
2f5ce5e16db45b6a,2021.06.28.16.29.11_veh-38_03263_03766,229,idm,233,,0.0,0.6061832211164472,1.983127008382466,2.9209590640620324,1,233,,0.0,0.6061832211164472,1.983127008382466,2.9209590640620324,1,231,,0.0,0.6061832211164472,1.983127008382466,2.9209590640620324,1,231,,0.0,0.6061832211164472,1.983127008382466,2.9209590640620324,1,232,,0.0,0.6061832211164472,1.983127008382466,2.9209590640620324,1,233,,0.0,0.6061832211164472,1.983127008382466,2.9209590640620324,1,233,full,0.0,0.6061832211164472,1.983127008382466,2.9209590640620324,1,6ca0d85c5604bf5363ac3cbeec7349383300a6f6,238,0.0,0.6061832211164472,1.983127008382466,2.9209590640620324,1,True
2f5ce5e16db45b6a,2021.06.28.16.29.11_veh-38_03263_03766,242,idm,225,,0.0,0.6105551321676527,1.8693339733611385,2.6687735813035114,1,227,,0.0,0.6105551321676527,1.8693339733611385,2.6687735813035114,1,224,,0.0,0.6105551321676527,1.8693339733611385,2.6687735813035114,1,225,,0.0,0.6105551321676527,1.8693339733611385,2.6687735813035114,1,226,,0.0,0.6105551321676527,1.8693339733611385,2.6687735813035114,1,225,,0.0,0.6105551321676527,1.8693339733611385,2.6687735813035114,1,227,,0.0,0.6105551321676527,1.8693339733611385,2.6687735813035114,1,502d8ab371b8e25198fd9f4db9a205aee6a67b8d,233,0.0,0.6105551321676527,1.8693339733611385,2.6687735813035114,1,True
2f5ce5e16db45b6a,2021.06.28.16.29.11_veh-38_03263_03766,255,idm,221,,0.0,0.6348850202875915,1.6703043586966093,2.4664201818294686,1,221,cheap,0.0,0.6348850202875915,1.6703043586966093,2.4664201818294686,1,221,cheap,0.0,0.6348850202875915,1.6703043586966093,2.4664201818294686,1,221,cheap,0.0,0.6348850202875915,1.6703043586966093,2.4664201818294686,1,221,cheap,0.0,0.6348850202875915,1.6703043586966093,2.4664201818294686,1,221,,0.0,0.6348850202875915,1.6703043586966093,2.4664201818294686,1,221,cheap,0.0,0.6348850202875915,1.6703043586966093,2.4664201818294686,1,72bbd2e86b397512589db05d14c92061f712cb6e,230,0.0,0.6348850202875915,1.6703043586966093,2.4664201818294686,1,True
2f5ce5e16db45b6a,2021.06.28.16.29.11_veh-38_03263_03766,269,idm,222,,0.0,0.6621357563771958,1.451447131328884,2.2351477220472398,1,222,,0.0,0.6621357563771958,1.451447131328884,2.2351477220472398,1,222,cheap,0.0,0.6621357563771958,1.451447131328884,2.2351477220472398,1,221,,0.0,0.6621357563771958,1.451447131328884,2.2351477220472398,1,221,full_nofp,0.0,0.6621357563771958,1.451447131328884,2.2351477220472398,1,222,,0.0,0.6621357563771958,1.451447131328884,2.2351477220472398,1,222,full,0.0,0.6621357563771958,1.451447131328884,2.2351477220472398,1,cdf5200047281a60f17ba205b98e51e16bd430c0,230,0.0,0.6621357563771958,1.451447131328884,2.2351477220472398,1,True
2f5ce5e16db45b6a,2021.06.28.16.29.11_veh-38_03263_03766,282,idm,222,,0.0,0.674271420019013,1.3481091191598993,2.181998307934716,1,223,,0.0,0.674271420019013,1.3481091191598993,2.181998307934716,1,222,cheap,0.0,0.674271420019013,1.3481091191598993,2.181998307934716,1,222,cheap,0.0,0.674271420019013,1.3481091191598993,2.181998307934716,1,222,cheap,0.0,0.674271420019013,1.3481091191598993,2.181998307934716,1,222,cheap,0.0,0.674271420019013,1.3481091191598993,2.181998307934716,1,223,full,0.0,0.674271420019013,1.3481091191598993,2.181998307934716,1,471b272ebee0c89e2a4f97ac669a81d1436bda0b,230,0.0,0.674271420019013,1.3481091191598993,2.181998307934716,1,True
2f5ce5e16db45b6a,2021.06.28.16.29.11_veh-38_03263_03766,295,idm,216,,0.0,0.7151874107237076,1.3149801274389072,2.1659921002271636,1,218,,0.0,0.7151874107237076,1.3149801274389072,2.1659921002271636,1,216,cheap,0.0,0.7151874107237076,1.3149801274389072,2.1659921002271636,1,217,,0.0,0.7151874107237076,1.3149801274389072,2.1659921002271636,1,216,,0.0,0.7151874107237076,1.3149801274389072,2.1659921002271636,1,216,cheap,0.0,0.7151874107237076,1.3149801274389072,2.1659921002271636,1,218,,0.0,0.7151874107237076,1.3149801274389072,2.1659921002271636,1,beb1bf7835c695a703cc66c27e514e53a7fd9dc4,225,0.0,0.7151874107237076,1.3149801274389072,2.1659921002271636,1,True
2f5ce5e16db45b6a,2021.06.28.16.29.11_veh-38_03263_03766,309,idm,198,,0.0,0.7126895095010389,1.3055471598972206,2.1892439522423364,1,199,,0.0,0.7126895095010389,1.3055471598972206,2.1892439522423364,1,197,,0.0,0.7126895095010389,1.3055471598972206,2.1892439522423364,1,198,,0.0,0.7126895095010389,1.3055471598972206,2.1892439522423364,1,198,,0.0,0.7126895095010389,1.3055471598972206,2.1892439522423364,1,198,cheap,0.0,0.7126895095010389,1.3055471598972206,2.1892439522423364,1,199,full,0.0,0.7126895095010389,1.3055471598972206,2.1892439522423364,1,36082045f084607d97808ce82b337cdc1e4283b3,206,0.0,0.7126895095010389,1.3055471598972206,2.1892439522423364,1,True
33a3d30f6a215622,2021.06.07.12.54.00_veh-35_01843_02314,4,idm,99,,0.0,0.5702693618523847,4.58862590666747,12.837287637106522,1,98,reference,0.0,0.5702693618523847,4.58862590666747,12.837287637106522,1,98,reference,0.0,0.5702693618523847,4.58862590666747,12.837287637106522,1,98,reference,0.0,0.5702693618523847,4.58862590666747,12.837287637106522,1,98,reference,0.0,0.5702693618523847,4.58862590666747,12.837287637106522,1,99,cheap,0.0,0.5702693618523847,4.58862590666747,12.837287637106522,1,98,reference,0.0,0.5702693618523847,4.58862590666747,12.837287637106522,1,9f66c42e4e276242dee581e182d35901ee1d5635,98,0.0,0.5702693618523847,4.58862590666747,12.837287637106522,1,True
33a3d30f6a215622,2021.06.07.12.54.00_veh-35_01843_02314,17,idm,99,reference,0.0,0.5326655753733551,3.870705449363555,10.947492359055452,1,99,reference,0.0,0.5326655753733551,3.870705449363555,10.947492359055452,1,99,reference,0.0,0.5326655753733551,3.870705449363555,10.947492359055452,1,99,reference,0.0,0.5326655753733551,3.870705449363555,10.947492359055452,1,99,reference,0.0,0.5326655753733551,3.870705449363555,10.947492359055452,1,99,reference,0.0,0.5326655753733551,3.870705449363555,10.947492359055452,1,99,reference,0.0,0.5326655753733551,3.870705449363555,10.947492359055452,1,6a8e343194b9252d9337d09c2192f8f51e964815,99,0.0,0.5326655753733551,3.870705449363555,10.947492359055452,1,True
33a3d30f6a215622,2021.06.07.12.54.00_veh-35_01843_02314,30,idm,97,,0.0,0.5252949327816203,3.1489722632253487,9.000574031580252,1,97,reference,0.0,0.5252949327816203,3.1489722632253487,9.000574031580252,1,97,reference,0.0,0.5252949327816203,3.1489722632253487,9.000574031580252,1,97,reference,0.0,0.5252949327816203,3.1489722632253487,9.000574031580252,1,97,reference,0.0,0.5252949327816203,3.1489722632253487,9.000574031580252,1,97,cheap,0.0,0.5252949327816203,3.1489722632253487,9.000574031580252,1,97,reference,0.0,0.5252949327816203,3.1489722632253487,9.000574031580252,1,55a7a764740fe24d3469907adebe163b90f0b972,97,0.0,0.5252949327816203,3.1489722632253487,9.000574031580252,1,True
33a3d30f6a215622,2021.06.07.12.54.00_veh-35_01843_02314,43,idm,100,reference,0.0,0.6034987397129941,2.4049796525029916,7.396763194611976,1,100,reference,0.0,0.6034987397129941,2.4049796525029916,7.396763194611976,1,100,reference,0.0,0.6034987397129941,2.4049796525029916,7.396763194611976,1,100,reference,0.0,0.6034987397129941,2.4049796525029916,7.396763194611976,1,100,reference,0.0,0.6034987397129941,2.4049796525029916,7.396763194611976,1,100,reference,0.0,0.6034987397129941,2.4049796525029916,7.396763194611976,1,100,reference,0.0,0.6034987397129941,2.4049796525029916,7.396763194611976,1,f66e6c9f7afbccc053d24270a03c74df0a04c4dc,100,0.0,0.6034987397129941,2.4049796525029916,7.396763194611976,1,True
33a3d30f6a215622,2021.06.07.12.54.00_veh-35_01843_02314,57,idm,85,,0.0,4.515089044635856,3.511903268484926,4.387887680500682,1,85,,0.0,4.515089044635856,3.511903268484926,4.387887680500682,1,85,cheap,0.0,4.515089044635856,3.511903268484926,4.387887680500682,1,85,cheap,0.0,4.515089044635856,3.511903268484926,4.387887680500682,1,85,cheap,0.0,4.515089044635856,3.511903268484926,4.387887680500682,1,85,cheap,0.0,4.515089044635856,3.511903268484926,4.387887680500682,1,85,full,0.0,4.515089044635856,3.511903268484926,4.387887680500682,1,b7ffccb977f46c00e0e8c3d095f4d0fdcb3f5439,87,0.0,4.515089044635856,3.511903268484926,4.387887680500682,1,True
33a3d30f6a215622,2021.06.07.12.54.00_veh-35_01843_02314,70,idm,80,,0.0,4.483116947342869,3.6283804445569294,4.79231123183748,1,80,cheap,0.0,4.483116947342869,3.6283804445569294,4.79231123183748,1,80,cheap,0.0,4.483116947342869,3.6283804445569294,4.79231123183748,1,80,cheap,0.0,4.483116947342869,3.6283804445569294,4.79231123183748,1,80,cheap,0.0,4.483116947342869,3.6283804445569294,4.79231123183748,1,80,cheap,0.0,4.483116947342869,3.6283804445569294,4.79231123183748,1,80,cheap,0.0,4.483116947342869,3.6283804445569294,4.79231123183748,1,f1afc4c1298e1930f6294898a43bd3255c62af1b,83,0.0,4.483116947342869,3.6283804445569294,4.79231123183748,1,True
33a3d30f6a215622,2021.06.07.12.54.00_veh-35_01843_02314,83,idm,70,,0.0,4.371875338593043,3.6531251213566818,4.904772927224979,1,70,cheap,0.0,4.371875338593043,3.6531251213566818,4.904772927224979,1,70,cheap,0.0,4.371875338593043,3.6531251213566818,4.904772927224979,1,70,cheap,0.0,4.371875338593043,3.6531251213566818,4.904772927224979,1,70,cheap,0.0,4.371875338593043,3.6531251213566818,4.904772927224979,1,70,cheap,0.0,4.371875338593043,3.6531251213566818,4.904772927224979,1,70,cheap,0.0,4.371875338593043,3.6531251213566818,4.904772927224979,1,628194a40ab34305a1b09a57102c9808ee4786d6,74,0.0,4.371875338593043,3.6531251213566818,4.904772927224979,1,True
33a3d30f6a215622,2021.06.07.12.54.00_veh-35_01843_02314,97,idm,66,,0.0,4.2406200808656855,3.6744914645895124,5.147935210416824,1,65,,0.0,4.2406200808656855,3.6744914645895124,5.147935210416824,1,65,full,0.0,4.2406200808656855,3.6744914645895124,5.147935210416824,1,65,full,0.0,4.2406200808656855,3.6744914645895124,5.147935210416824,1,65,full,0.0,4.2406200808656855,3.6744914645895124,5.147935210416824,1,66,cheap,0.0,4.2406200808656855,3.6744914645895124,5.147935210416824,1,65,full,0.0,4.2406200808656855,3.6744914645895124,5.147935210416824,1,10e85b573eaa16a5405a0790d1670f34e93a52ca,71,0.0,4.2406200808656855,3.6744914645895124,5.147935210416824,1,True
33a3d30f6a215622,2021.06.07.12.54.00_veh-35_01843_02314,110,idm,72,,0.0,3.303192607418871,3.664823991718502,5.245578404499124,1,74,,0.0,3.303192607418871,3.664823991718502,5.245578404499124,1,72,cheap,0.0,3.303192607418871,3.664823991718502,5.245578404499124,1,72,cheap,0.0,3.303192607418871,3.664823991718502,5.245578404499124,1,73,,0.0,3.303192607418871,3.664823991718502,5.245578404499124,1,72,cheap,0.0,3.303192607418871,3.664823991718502,5.245578404499124,1,74,full,0.0,3.303192607418871,3.664823991718502,5.245578404499124,1,329e5dd77d99b824129c2887eefea53e4192f01f,76,0.0,3.303192607418871,3.664823991718502,5.245578404499124,1,True
33a3d30f6a215622,2021.06.07.12.54.00_veh-35_01843_02314,123,idm,77,,0.0,4.339297117303445,3.6963155197350783,5.5105168782287715,1,78,,0.0,4.339297117303445,3.6963155197350783,5.5105168782287715,1,77,cheap,0.0,4.339297117303445,3.6963155197350783,5.5105168782287715,1,77,cheap,0.0,4.339297117303445,3.6963155197350783,5.5105168782287715,1,77,cheap,0.0,4.339297117303445,3.6963155197350783,5.5105168782287715,1,77,cheap,0.0,4.339297117303445,3.6963155197350783,5.5105168782287715,1,78,full,0.0,4.339297117303445,3.6963155197350783,5.5105168782287715,1,6265adb2ca26cecfdb273e3b182f4194762b19ec,84,0.0,4.339297117303445,3.6963155197350783,5.5105168782287715,1,True
33a3d30f6a215622,2021.06.07.12.54.00_veh-35_01843_02314,137,idm,83,,0.0,4.434762326369735,3.816558358430561,5.983398513471088,1,84,,0.0,4.434762326369735,3.816558358430561,5.983398513471088,1,83,cheap,0.0,4.434762326369735,3.816558358430561,5.983398513471088,1,83,,0.0,4.434762326369735,3.816558358430561,5.983398513471088,1,83,cheap,0.0,4.434762326369735,3.816558358430561,5.983398513471088,1,83,cheap,0.0,4.434762326369735,3.816558358430561,5.983398513471088,1,84,full,0.0,4.434762326369735,3.816558358430561,5.983398513471088,1,bfac92cb43780e0e86e6c06a5b2b1131c30460ae,91,0.0,4.434762326369735,3.816558358430561,5.983398513471088,1,True
33a3d30f6a215622,2021.06.07.12.54.00_veh-35_01843_02314,150,idm,83,,0.0,3.157099825393665,3.956516444061974,6.3987943395629525,1,85,,0.0,3.157099825393665,3.956516444061974,6.3987943395629525,1,83,cheap,0.0,3.157099825393665,3.956516444061974,6.3987943395629525,1,84,,0.0,3.157099825393665,3.956516444061974,6.3987943395629525,1,82,,0.0,3.157099825393665,3.956516444061974,6.3987943395629525,1,83,cheap,0.0,3.157099825393665,3.956516444061974,6.3987943395629525,1,85,,0.0,3.157099825393665,3.956516444061974,6.3987943395629525,1,217f534ef991adb94e921b4befddbb3724cd3dff,91,0.0,3.157099825393665,3.956516444061974,6.3987943395629525,1,True
33a3d30f6a215622,2021.06.07.12.54.00_veh-35_01843_02314,163,idm,86,,0.0,4.81280919044596,4.188944879966486,6.969451844115302,1,88,,0.0,4.81280919044596,4.188944879966486,6.969451844115302,1,86,cheap,0.0,4.81280919044596,4.188944879966486,6.969451844115302,1,87,,0.0,4.81280919044596,4.188944879966486,6.969451844115302,1,87,,0.0,4.81280919044596,4.188944879966486,6.969451844115302,1,86,cheap,0.0,4.81280919044596,4.188944879966486,6.969451844115302,1,88,,0.0,4.81280919044596,4.188944879966486,6.969451844115302,1,c6dcc11e6cb24d08b38e8f21170b5ba8655ca5a0,92,0.0,4.81280919044596,4.188944879966486,6.969451844115302,1,True
33a3d30f6a215622,2021.06.07.12.54.00_veh-35_01843_02314,176,idm,90,,0.0,4.777959033255585,4.273577783023647,7.2304838848204644,1,92,,0.0,4.777959033255585,4.273577783023647,7.2304838848204644,1,89,,0.0,4.777959033255585,4.273577783023647,7.2304838848204644,1,90,,0.0,4.777959033255585,4.273577783023647,7.2304838848204644,1,90,,0.0,4.777959033255585,4.273577783023647,7.2304838848204644,1,90,cheap,0.0,4.777959033255585,4.273577783023647,7.2304838848204644,1,92,,0.0,4.777959033255585,4.273577783023647,7.2304838848204644,1,4f7307a173eef438d6619b277da5768393f63369,94,0.0,4.777959033255585,4.273577783023647,7.2304838848204644,1,True
33a3d30f6a215622,2021.06.07.12.54.00_veh-35_01843_02314,190,idm,92,,0.0,4.748270084528904,4.429024168668666,7.586819081652956,1,96,,0.0,4.748270084528904,4.429024168668666,7.586819081652956,1,92,cheap,0.0,4.748270084528904,4.429024168668666,7.586819081652956,1,93,,0.0,4.748270084528904,4.429024168668666,7.586819081652956,1,93,full_nofp,0.0,4.748270084528904,4.429024168668666,7.586819081652956,1,92,cheap,0.0,4.748270084528904,4.429024168668666,7.586819081652956,1,96,full,0.0,4.748270084528904,4.429024168668666,7.586819081652956,1,3f8fd1bd3f68e3234324fc9aea1ee51a478f2656,99,0.0,4.748270084528904,4.429024168668666,7.586819081652956,1,True
33a3d30f6a215622,2021.06.07.12.54.00_veh-35_01843_02314,203,idm,105,,0.0,4.70784667795697,4.4809660014594614,7.809993581872432,1,108,,0.0,4.70784667795697,4.4809660014594614,7.809993581872432,1,105,cheap,0.0,4.70784667795697,4.4809660014594614,7.809993581872432,1,107,,0.0,4.70784667795697,4.4809660014594614,7.809993581872432,1,106,,0.0,4.70784667795697,4.4809660014594614,7.809993581872432,1,105,cheap,0.0,4.70784667795697,4.4809660014594614,7.809993581872432,1,108,full,0.0,4.70784667795697,4.4809660014594614,7.809993581872432,1,f89177c1d1c9a7582304288bfefd4411defc86b5,113,0.0,4.70784667795697,4.4809660014594614,7.809993581872432,1,True
33a3d30f6a215622,2021.06.07.12.54.00_veh-35_01843_02314,216,idm,109,,0.0,4.123110436010497,4.52598023456132,8.088961231460463,1,111,,0.0,4.123110436010497,4.52598023456132,8.088961231460463,1,109,,0.0,4.123110436010497,4.52598023456132,8.088961231460463,1,111,full,0.0,4.123110436010497,4.52598023456132,8.088961231460463,1,111,,0.0,4.123110436010497,4.52598023456132,8.088961231460463,1,109,,0.0,4.123110436010497,4.52598023456132,8.088961231460463,1,111,,0.0,4.123110436010497,4.52598023456132,8.088961231460463,1,a2ca63d006d1a3521d982d65218a26f16bae2fc8,116,0.0,4.123110436010497,4.52598023456132,8.088961231460463,1,True
33a3d30f6a215622,2021.06.07.12.54.00_veh-35_01843_02314,230,idm,111,,0.0,1.5939833719646368,4.676247517890323,8.558192644692305,1,113,,0.0,1.5939833719646368,4.676247517890323,8.558192644692305,1,111,,0.0,1.5939833719646368,4.676247517890323,8.558192644692305,1,112,,0.0,1.5939833719646368,4.676247517890323,8.558192644692305,1,111,,0.0,1.5939833719646368,4.676247517890323,8.558192644692305,1,111,,0.0,1.5939833719646368,4.676247517890323,8.558192644692305,1,113,,0.0,1.5939833719646368,4.676247517890323,8.558192644692305,1,c38cfe409e614a5732ef5d03d198deaaf63dc27b,113,0.0,1.5939833719646368,4.676247517890323,8.558192644692305,1,True
33a3d30f6a215622,2021.06.07.12.54.00_veh-35_01843_02314,243,idm,109,,0.0,0.6930001240306879,4.873665188163347,9.170170173671739,1,114,,0.0,0.6930001240306879,4.873665188163347,9.170170173671739,1,109,cheap,0.0,0.6930001240306879,4.873665188163347,9.170170173671739,1,113,,0.0,0.6930001240306879,4.873665188163347,9.170170173671739,1,112,,0.0,0.6930001240306879,4.873665188163347,9.170170173671739,1,109,cheap,0.0,0.6930001240306879,4.873665188163347,9.170170173671739,1,114,full,0.0,0.6930001240306879,4.873665188163347,9.170170173671739,1,42aa0e7652c701eac55b3372d02ad2a4ba7d9945,114,0.0,0.6930001240306879,4.873665188163347,9.170170173671739,1,True
33a3d30f6a215622,2021.06.07.12.54.00_veh-35_01843_02314,256,idm,113,,0.0,0.7012564666282397,5.1907196593841185,10.050508179472489,1,116,,0.0,0.7012564666282397,5.1907196593841185,10.050508179472489,1,113,,0.0,0.7012564666282397,5.1907196593841185,10.050508179472489,1,115,,0.0,0.7012564666282397,5.1907196593841185,10.050508179472489,1,114,,0.0,0.7012564666282397,5.1907196593841185,10.050508179472489,1,113,,0.0,0.7012564666282397,5.1907196593841185,10.050508179472489,1,116,,0.0,0.7012564666282397,5.1907196593841185,10.050508179472489,1,70477ff3fdb9cdd43ae62cd69c80e001632d3a13,120,0.0,0.7012564666282397,5.1907196593841185,10.050508179472489,1,True
33a3d30f6a215622,2021.06.07.12.54.00_veh-35_01843_02314,270,idm,114,,0.0,0.7086994456895156,5.631023405196633,11.171091701565492,1,117,,0.0,0.7086994456895156,5.631023405196633,11.171091701565492,1,114,cheap,0.0,0.7086994456895156,5.631023405196633,11.171091701565492,1,116,,0.0,0.7086994456895156,5.631023405196633,11.171091701565492,1,114,,0.0,0.7086994456895156,5.631023405196633,11.171091701565492,1,114,,0.0,0.7086994456895156,5.631023405196633,11.171091701565492,1,117,,0.0,0.7086994456895156,5.631023405196633,11.171091701565492,1,a8fc18e89f61f9d63b492106eaa4dde3eee79b8e,124,0.0,0.7086994456895156,5.631023405196633,11.171091701565492,1,True
33a3d30f6a215622,2021.06.07.12.54.00_veh-35_01843_02314,283,idm,112,,0.0,0.6444474839952481,5.196371310835912,9.697043694794548,1,112,,0.0,0.6444474839952481,5.196371310835912,9.697043694794548,1,110,,0.0,0.6444474839952481,5.196371310835912,9.697043694794548,1,111,,0.0,0.6444474839952481,5.196371310835912,9.697043694794548,1,111,full_nofp,0.0,0.6444474839952481,5.196371310835912,9.697043694794548,1,112,,0.0,0.6444474839952481,5.196371310835912,9.697043694794548,1,112,full,0.0,0.6444474839952481,5.196371310835912,9.697043694794548,1,0bc80ce32ad39263b0a4c500c30c896b884a8db7,119,0.0,0.6444474839952481,5.196371310835912,9.697043694794548,1,True
33a3d30f6a215622,2021.06.07.12.54.00_veh-35_01843_02314,296,idm,111,,0.0,0.6456870654198044,5.532485797885584,10.642569359015711,1,115,,0.0,0.6456870654198044,5.532485797885584,10.642569359015711,1,110,,0.0,0.6456870654198044,5.532485797885584,10.642569359015711,1,112,,0.0,0.6456870654198044,5.532485797885584,10.642569359015711,1,111,,0.0,0.6456870654198044,5.532485797885584,10.642569359015711,1,111,,0.0,0.6456870654198044,5.532485797885584,10.642569359015711,1,115,,0.0,0.6456870654198044,5.532485797885584,10.642569359015711,1,7e988489b8e569af6e8d240dcfbc456289bc976e,120,0.0,0.6456870654198044,5.532485797885584,10.642569359015711,1,True
33a3d30f6a215622,2021.06.07.12.54.00_veh-35_01843_02314,310,idm,117,,0.0,0.4134888914015323,5.8704939909867235,11.52606153704542,1,117,,0.0,0.4134888914015323,5.8704939909867235,11.52606153704542,1,117,,0.0,0.4134888914015323,5.8704939909867235,11.52606153704542,1,117,,0.0,0.4134888914015323,5.8704939909867235,11.52606153704542,1,117,full,0.0,0.4134888914015323,5.8704939909867235,11.52606153704542,1,117,,0.0,0.4134888914015323,5.8704939909867235,11.52606153704542,1,117,,0.0,0.4134888914015323,5.8704939909867235,11.52606153704542,1,bf83ebd7c43f99059b0babb218ff2c1d19ae4db9,129,0.0,0.4134888914015323,5.8704939909867235,11.52606153704542,1,True
37ce5ded83ec551a,2021.06.23.15.56.12_veh-16_00839_01285,4,idm,100,,0.0,0.4797366391338024,2.4455011910395337,6.195410036892507,1,99,,0.0,0.4797366391338024,2.4455011910395337,6.195410036892507,1,97,,0.0,0.4797366391338024,2.4455011910395337,6.195410036892507,1,99,,0.0,0.4797366391338024,2.4455011910395337,6.195410036892507,1,99,,0.0,0.4797366391338024,2.4455011910395337,6.195410036892507,1,100,,0.0,0.4797366391338024,2.4455011910395337,6.195410036892507,1,99,,0.0,0.4797366391338024,2.4455011910395337,6.195410036892507,1,186c7abf9f5870a0e2d773fbfd75a23b714a622b,108,0.0,0.4797366391338024,2.4455011910395337,6.195410036892507,1,True
37ce5ded83ec551a,2021.06.23.15.56.12_veh-16_00839_01285,17,idm,100,,0.0,0.4769353303580615,2.4446629151101185,6.1936481963418855,1,98,,0.0,0.4769353303580615,2.4446629151101185,6.1936481963418855,1,98,,0.0,0.4769353303580615,2.4446629151101185,6.1936481963418855,1,97,,0.0,0.4769353303580615,2.4446629151101185,6.1936481963418855,1,98,full,0.0,0.4769353303580615,2.4446629151101185,6.1936481963418855,1,100,,0.0,0.4769353303580615,2.4446629151101185,6.1936481963418855,1,98,,0.0,0.4769353303580615,2.4446629151101185,6.1936481963418855,1,d17606dfd779ad8a3ef4781d3125f0fa7fda457d,106,0.0,0.4769353303580615,2.4446629151101185,6.1936481963418855,1,True
37ce5ded83ec551a,2021.06.23.15.56.12_veh-16_00839_01285,30,idm,101,,0.0,0.48301436354898974,2.4452618572314755,6.195782955306276,1,100,,0.0,0.48301436354898974,2.4452618572314755,6.195782955306276,1,97,,0.0,0.48301436354898974,2.4452618572314755,6.195782955306276,1,99,,0.0,0.48301436354898974,2.4452618572314755,6.195782955306276,1,100,,0.0,0.48301436354898974,2.4452618572314755,6.195782955306276,1,101,,0.0,0.48301436354898974,2.4452618572314755,6.195782955306276,1,100,,0.0,0.48301436354898974,2.4452618572314755,6.195782955306276,1,bc72cbd257e62972c411bd270185d9a858fb116c,108,0.0,0.48301436354898974,2.4452618572314755,6.195782955306276,1,True
37ce5ded83ec551a,2021.06.23.15.56.12_veh-16_00839_01285,43,idm,103,,0.0,0.4838429419391906,2.444167730500602,6.193006045851521,1,101,,0.0,0.4838429419391906,2.444167730500602,6.193006045851521,1,99,,0.0,0.4838429419391906,2.444167730500602,6.193006045851521,1,101,,0.0,0.4838429419391906,2.444167730500602,6.193006045851521,1,101,full_nofp,0.0,0.4838429419391906,2.444167730500602,6.193006045851521,1,103,,0.0,0.4838429419391906,2.444167730500602,6.193006045851521,1,101,,0.0,0.4838429419391906,2.444167730500602,6.193006045851521,1,e9f03bda7844fc190adbaaa58cbff7d2a0d76950,108,0.0,0.4838429419391906,2.444167730500602,6.193006045851521,1,True
37ce5ded83ec551a,2021.06.23.15.56.12_veh-16_00839_01285,57,idm,100,,0.0,0.48318844343527817,2.4446279421255297,6.1926824978780335,1,100,,0.0,0.48318844343527817,2.4446279421255297,6.1926824978780335,1,98,,0.0,0.48318844343527817,2.4446279421255297,6.1926824978780335,1,100,,0.0,0.48318844343527817,2.4446279421255297,6.1926824978780335,1,100,full_nofp,0.0,0.48318844343527817,2.4446279421255297,6.1926824978780335,1,100,,0.0,0.48318844343527817,2.4446279421255297,6.1926824978780335,1,100,,0.0,0.48318844343527817,2.4446279421255297,6.1926824978780335,1,02158433501d2f04435a4f7afc6b0079c4dd3c62,107,0.0,0.48318844343527817,2.4446279421255297,6.1926824978780335,1,True
37ce5ded83ec551a,2021.06.23.15.56.12_veh-16_00839_01285,70,idm,102,,0.0,0.48400241352560586,2.4441240905397064,6.192234002966195,1,103,,0.0,0.48400241352560586,2.4441240905397064,6.192234002966195,1,100,,0.0,0.48400241352560586,2.4441240905397064,6.192234002966195,1,100,,0.0,0.48400241352560586,2.4441240905397064,6.192234002966195,1,100,,0.0,0.48400241352560586,2.4441240905397064,6.192234002966195,1,102,,0.0,0.48400241352560586,2.4441240905397064,6.192234002966195,1,103,,0.0,0.48400241352560586,2.4441240905397064,6.192234002966195,1,d673217fb0f1ff61cd2ad48c40f69e35678f2af6,109,0.0,0.48400241352560586,2.4441240905397064,6.192234002966195,1,True
37ce5ded83ec551a,2021.06.23.15.56.12_veh-16_00839_01285,83,idm,98,,0.0,0.49190986973474765,2.443164129242524,6.1920066533210685,1,99,,0.0,0.49190986973474765,2.443164129242524,6.1920066533210685,1,96,,0.0,0.49190986973474765,2.443164129242524,6.1920066533210685,1,98,,0.0,0.49190986973474765,2.443164129242524,6.1920066533210685,1,98,,0.0,0.49190986973474765,2.443164129242524,6.1920066533210685,1,98,,0.0,0.49190986973474765,2.443164129242524,6.1920066533210685,1,99,,0.0,0.49190986973474765,2.443164129242524,6.1920066533210685,1,fea63e94d6ff5adee08310bf8cd1f8931b562ae4,107,0.0,0.49190986973474765,2.443164129242524,6.1920066533210685,1,True
37ce5ded83ec551a,2021.06.23.15.56.12_veh-16_00839_01285,97,idm,97,,0.0,0.4846677272477517,2.4432411037326376,6.1906818423287024,1,99,,0.0,0.4846677272477517,2.4432411037326376,6.1906818423287024,1,95,,0.0,0.4846677272477517,2.4432411037326376,6.1906818423287024,1,98,,0.0,0.4846677272477517,2.4432411037326376,6.1906818423287024,1,98,,0.0,0.4846677272477517,2.4432411037326376,6.1906818423287024,1,97,,0.0,0.4846677272477517,2.4432411037326376,6.1906818423287024,1,99,,0.0,0.4846677272477517,2.4432411037326376,6.1906818423287024,1,03a93c8b149eb77c4393f3753709400aaada34cf,107,0.0,0.4846677272477517,2.4432411037326376,6.1906818423287024,1,True
37ce5ded83ec551a,2021.06.23.15.56.12_veh-16_00839_01285,110,idm,95,,0.0,0.4784652073534372,2.4452871433279166,6.1948901622654615,1,98,,0.0,0.4784652073534372,2.4452871433279166,6.1948901622654615,1,93,,0.0,0.4784652073534372,2.4452871433279166,6.1948901622654615,1,96,,0.0,0.4784652073534372,2.4452871433279166,6.1948901622654615,1,96,full_nofp,0.0,0.4784652073534372,2.4452871433279166,6.1948901622654615,1,95,,0.0,0.4784652073534372,2.4452871433279166,6.1948901622654615,1,98,,0.0,0.4784652073534372,2.4452871433279166,6.1948901622654615,1,a4f96e115a0337f3dcec2bd517ba326ba98e6acb,106,0.0,0.4784652073534372,2.4452871433279166,6.1948901622654615,1,True
37ce5ded83ec551a,2021.06.23.15.56.12_veh-16_00839_01285,123,idm,95,,0.0,0.48277868591813644,2.4456367227590454,6.197116193712269,1,98,,0.0,0.48277868591813644,2.4456367227590454,6.197116193712269,1,93,,0.0,0.48277868591813644,2.4456367227590454,6.197116193712269,1,97,,0.0,0.48277868591813644,2.4456367227590454,6.197116193712269,1,96,,0.0,0.48277868591813644,2.4456367227590454,6.197116193712269,1,95,,0.0,0.48277868591813644,2.4456367227590454,6.197116193712269,1,98,,0.0,0.48277868591813644,2.4456367227590454,6.197116193712269,1,e6cc1aec4b8f93d81f41f6066bd2329737866f5c,105,0.0,0.48277868591813644,2.4456367227590454,6.197116193712269,1,True
37ce5ded83ec551a,2021.06.23.15.56.12_veh-16_00839_01285,137,idm,98,,0.0,0.47448587392808544,2.4439431530378943,6.193271247875453,1,100,,0.0,0.47448587392808544,2.4439431530378943,6.193271247875453,1,96,,0.0,0.47448587392808544,2.4439431530378943,6.193271247875453,1,100,,0.0,0.47448587392808544,2.4439431530378943,6.193271247875453,1,99,,0.0,0.47448587392808544,2.4439431530378943,6.193271247875453,1,98,,0.0,0.47448587392808544,2.4439431530378943,6.193271247875453,1,100,,0.0,0.47448587392808544,2.4439431530378943,6.193271247875453,1,20e00069b993553ff553ba5f46ef47a8b841ad81,107,0.0,0.47448587392808544,2.4439431530378943,6.193271247875453,1,True
37ce5ded83ec551a,2021.06.23.15.56.12_veh-16_00839_01285,150,idm,95,,0.0,0.47424718282259354,2.4446575059206443,6.1939468997369405,1,97,,0.0,0.47424718282259354,2.4446575059206443,6.1939468997369405,1,93,,0.0,0.47424718282259354,2.4446575059206443,6.1939468997369405,1,97,full,0.0,0.47424718282259354,2.4446575059206443,6.1939468997369405,1,97,full,0.0,0.47424718282259354,2.4446575059206443,6.1939468997369405,1,95,,0.0,0.47424718282259354,2.4446575059206443,6.1939468997369405,1,97,,0.0,0.47424718282259354,2.4446575059206443,6.1939468997369405,1,6d48cb2da71fa38f97abf6eb3037087d4994beca,105,0.0,0.47424718282259354,2.4446575059206443,6.1939468997369405,1,True
37ce5ded83ec551a,2021.06.23.15.56.12_veh-16_00839_01285,163,idm,94,,0.0,0.483052437377858,2.4444241836626324,6.192656296369318,1,96,,0.0,0.483052437377858,2.4444241836626324,6.192656296369318,1,92,,0.0,0.483052437377858,2.4444241836626324,6.192656296369318,1,96,full,0.0,0.483052437377858,2.4444241836626324,6.192656296369318,1,93,,0.0,0.483052437377858,2.4444241836626324,6.192656296369318,1,94,,0.0,0.483052437377858,2.4444241836626324,6.192656296369318,1,96,,0.0,0.483052437377858,2.4444241836626324,6.192656296369318,1,16aeade8725f787df569768d7a8af9fb9cd25e3f,104,0.0,0.483052437377858,2.4444241836626324,6.192656296369318,1,True
37ce5ded83ec551a,2021.06.23.15.56.12_veh-16_00839_01285,176,idm,88,,0.0,0.47518387064202156,2.4446240281262286,6.194535812829641,1,91,,0.0,0.47518387064202156,2.4446240281262286,6.194535812829641,1,86,,0.0,0.47518387064202156,2.4446240281262286,6.194535812829641,1,91,full,0.0,0.47518387064202156,2.4446240281262286,6.194535812829641,1,88,,0.0,0.47518387064202156,2.4446240281262286,6.194535812829641,1,88,,0.0,0.47518387064202156,2.4446240281262286,6.194535812829641,1,91,,0.0,0.47518387064202156,2.4446240281262286,6.194535812829641,1,5ffc573c5cbf733491e7ac6339768bc25ead0f2a,102,0.0,0.47518387064202156,2.4446240281262286,6.194535812829641,1,True
37ce5ded83ec551a,2021.06.23.15.56.12_veh-16_00839_01285,190,idm,88,,0.0,0.47085920872644144,2.4438180799125173,6.192239545643579,1,89,,0.0,0.47085920872644144,2.4438180799125173,6.192239545643579,1,86,,0.0,0.47085920872644144,2.4438180799125173,6.192239545643579,1,89,,0.0,0.47085920872644144,2.4438180799125173,6.192239545643579,1,88,,0.0,0.47085920872644144,2.4438180799125173,6.192239545643579,1,88,,0.0,0.47085920872644144,2.4438180799125173,6.192239545643579,1,89,,0.0,0.47085920872644144,2.4438180799125173,6.192239545643579,1,6c6baff99a774055475ca58609eb6cc83594461a,101,0.0,0.47085920872644144,2.4438180799125173,6.192239545643579,1,True
37ce5ded83ec551a,2021.06.23.15.56.12_veh-16_00839_01285,203,idm,87,,0.0,0.4709277430414273,2.444036613075605,6.190848843847962,1,90,,0.0,0.4709277430414273,2.444036613075605,6.190848843847962,1,86,,0.0,0.4709277430414273,2.444036613075605,6.190848843847962,1,89,,0.0,0.4709277430414273,2.444036613075605,6.190848843847962,1,87,,0.0,0.4709277430414273,2.444036613075605,6.190848843847962,1,87,,0.0,0.4709277430414273,2.444036613075605,6.190848843847962,1,90,,0.0,0.4709277430414273,2.444036613075605,6.190848843847962,1,c72689af2d947da1f0776b2e2c88fcb48d5ea8b2,103,0.0,0.4709277430414273,2.444036613075605,6.190848843847962,1,True
37ce5ded83ec551a,2021.06.23.15.56.12_veh-16_00839_01285,216,idm,91,,0.0,0.4723066338016137,2.4438763153053182,6.1909634480081746,1,91,,0.0,0.4723066338016137,2.4438763153053182,6.1909634480081746,1,89,,0.0,0.4723066338016137,2.4438763153053182,6.1909634480081746,1,90,,0.0,0.4723066338016137,2.4438763153053182,6.1909634480081746,1,88,,0.0,0.4723066338016137,2.4438763153053182,6.1909634480081746,1,91,,0.0,0.4723066338016137,2.4438763153053182,6.1909634480081746,1,91,,0.0,0.4723066338016137,2.4438763153053182,6.1909634480081746,1,c3a1c8fc5896cc9a55439a1e7667929beb75cc11,105,0.0,0.4723066338016137,2.4438763153053182,6.1909634480081746,1,True
37ce5ded83ec551a,2021.06.23.15.56.12_veh-16_00839_01285,230,idm,95,,0.0,0.47179574821768167,2.4423673549459823,6.181829177309899,1,99,,0.0,0.47179574821768167,2.4423673549459823,6.181829177309899,1,92,,0.0,0.47179574821768167,2.4423673549459823,6.181829177309899,1,96,,0.0,0.47179574821768167,2.4423673549459823,6.181829177309899,1,95,,0.0,0.47179574821768167,2.4423673549459823,6.181829177309899,1,95,,0.0,0.47179574821768167,2.4423673549459823,6.181829177309899,1,99,,0.0,0.47179574821768167,2.4423673549459823,6.181829177309899,1,3ae348edae88fa61e4727870d06fa117ff053007,113,0.0,0.47179574821768167,2.4423673549459823,6.181829177309899,1,True
37ce5ded83ec551a,2021.06.23.15.56.12_veh-16_00839_01285,243,idm,93,,0.0,0.47627262198101333,2.4333907110649253,6.12415249049694,1,98,,0.0,0.47627262198101333,2.4333907110649253,6.12415249049694,1,91,,0.0,0.47627262198101333,2.4333907110649253,6.12415249049694,1,95,,0.0,0.47627262198101333,2.4333907110649253,6.12415249049694,1,94,,0.0,0.47627262198101333,2.4333907110649253,6.12415249049694,1,93,,0.0,0.47627262198101333,2.4333907110649253,6.12415249049694,1,98,,0.0,0.47627262198101333,2.4333907110649253,6.12415249049694,1,0ef541c9a2bc481fe799ec7b4a2a0295b0fe6192,113,0.0,0.47627262198101333,2.4333907110649253,6.12415249049694,1,True
37ce5ded83ec551a,2021.06.23.15.56.12_veh-16_00839_01285,256,idm,94,,0.0,0.4721282747528152,2.3770412468816553,5.7968078347279794,1,98,,0.0,0.4721282747528152,2.3770412468816553,5.7968078347279794,1,92,,0.0,0.4721282747528152,2.3770412468816553,5.7968078347279794,1,96,,0.0,0.4721282747528152,2.3770412468816553,5.7968078347279794,1,95,,0.0,0.4721282747528152,2.3770412468816553,5.7968078347279794,1,94,,0.0,0.4721282747528152,2.3770412468816553,5.7968078347279794,1,98,,0.0,0.4721282747528152,2.3770412468816553,5.7968078347279794,1,35f8d22821d8fb8a3a9dd20a6c4407f4d9a2a2d0,114,0.0,0.4721282747528152,2.3770412468816553,5.7968078347279794,1,True
37ce5ded83ec551a,2021.06.23.15.56.12_veh-16_00839_01285,270,idm,94,,0.0,0.4795982259467814,2.2095418645384264,5.109142698150833,1,98,,0.0,0.4795982259467814,2.2095418645384264,5.109142698150833,1,92,,0.0,0.4795982259467814,2.2095418645384264,5.109142698150833,1,96,,0.0,0.4795982259467814,2.2095418645384264,5.109142698150833,1,97,,0.0,0.4795982259467814,2.2095418645384264,5.109142698150833,1,94,,0.0,0.4795982259467814,2.2095418645384264,5.109142698150833,1,98,,0.0,0.4795982259467814,2.2095418645384264,5.109142698150833,1,ce0afa4239620bb0fe8212a093a0ff8b2f00bf7b,112,0.0,0.4795982259467814,2.2095418645384264,5.109142698150833,1,True
37ce5ded83ec551a,2021.06.23.15.56.12_veh-16_00839_01285,283,idm,98,,0.0,0.5920055876770514,1.8889550590730098,4.089518837209176,1,101,,0.0,0.5920055876770514,1.8889550590730098,4.089518837209176,1,95,,0.0,0.5920055876770514,1.8889550590730098,4.089518837209176,1,98,,0.0,0.5920055876770514,1.8889550590730098,4.089518837209176,1,98,,0.0,0.5920055876770514,1.8889550590730098,4.089518837209176,1,98,,0.0,0.5920055876770514,1.8889550590730098,4.089518837209176,1,101,,0.0,0.5920055876770514,1.8889550590730098,4.089518837209176,1,7007c1a530e2bcfa98601dc521d4c9bb19a9be0d,115,0.0,0.5920055876770514,1.8889550590730098,4.089518837209176,1,True
37ce5ded83ec551a,2021.06.23.15.56.12_veh-16_00839_01285,296,idm,95,,0.0,0.5802520213898129,1.3765428826858082,2.8904721983913215,1,98,,0.0,0.5802520213898129,1.3765428826858082,2.8904721983913215,1,94,,0.0,0.5802520213898129,1.3765428826858082,2.8904721983913215,1,97,,0.0,0.5802520213898129,1.3765428826858082,2.8904721983913215,1,96,,0.0,0.5802520213898129,1.3765428826858082,2.8904721983913215,1,95,,0.0,0.5802520213898129,1.3765428826858082,2.8904721983913215,1,98,,0.0,0.5802520213898129,1.3765428826858082,2.8904721983913215,1,729f0844b7afde08ecce135f16423cc3879eb924,115,0.0,0.5802520213898129,1.3765428826858082,2.8904721983913215,1,True
37ce5ded83ec551a,2021.06.23.15.56.12_veh-16_00839_01285,310,idm,102,,0.0,0.5654823762892472,0.7099779825470518,1.7614485257487775,1,104,,0.0,0.5654823762892472,0.7099779825470518,1.7614485257487775,1,101,,0.0,0.5654823762892472,0.7099779825470518,1.7614485257487775,1,102,,0.0,0.5654823762892472,0.7099779825470518,1.7614485257487775,1,103,,0.0,0.5654823762892472,0.7099779825470518,1.7614485257487775,1,102,,0.0,0.5654823762892472,0.7099779825470518,1.7614485257487775,1,104,,0.0,0.5654823762892472,0.7099779825470518,1.7614485257487775,1,9d75f5c6b8094041de77af476de5f7eccf005fd1,123,0.0,0.5654823762892472,0.7099779825470518,1.7614485257487775,1,True
3c26db4f633a53f5,2021.06.14.19.22.11_veh-38_01480_01860,4,idm,52,,0.0,1.3218305134215573,2.1099722974582287,4.883634888439216,1,55,,0.0,1.3218305134215573,2.1099722974582287,4.883634888439216,1,51,,0.0,1.3218305134215573,2.1099722974582287,4.883634888439216,1,53,,0.0,1.3218305134215573,2.1099722974582287,4.883634888439216,1,54,,0.0,1.3218305134215573,2.1099722974582287,4.883634888439216,1,52,,0.0,1.3218305134215573,2.1099722974582287,4.883634888439216,1,55,,0.0,1.3218305134215573,2.1099722974582287,4.883634888439216,1,fd1946e534cfa43499eba0351c4e8298c3665333,61,0.0,1.3218305134215573,2.1099722974582287,4.883634888439216,1,True
3c26db4f633a53f5,2021.06.14.19.22.11_veh-38_01480_01860,17,idm,49,,0.0,1.323000387863699,2.0427091601257326,4.714238097275587,1,52,,0.0,1.323000387863699,2.0427091601257326,4.714238097275587,1,48,,0.0,1.323000387863699,2.0427091601257326,4.714238097275587,1,50,,0.0,1.323000387863699,2.0427091601257326,4.714238097275587,1,48,,0.0,1.323000387863699,2.0427091601257326,4.714238097275587,1,49,,0.0,1.323000387863699,2.0427091601257326,4.714238097275587,1,52,,0.0,1.323000387863699,2.0427091601257326,4.714238097275587,1,9e47a70b25eaec1645981e179e97b1cfecfefa35,59,0.0,1.323000387863699,2.0427091601257326,4.714238097275587,1,True
3c26db4f633a53f5,2021.06.14.19.22.11_veh-38_01480_01860,30,idm,49,,0.0,1.3328888576849058,1.9562044607676912,4.580529050776632,1,54,,0.0,1.3328888576849058,1.9562044607676912,4.580529050776632,1,49,cheap,0.0,1.3328888576849058,1.9562044607676912,4.580529050776632,1,53,,0.0,1.3328888576849058,1.9562044607676912,4.580529050776632,1,50,,0.0,1.3328888576849058,1.9562044607676912,4.580529050776632,1,49,,0.0,1.3328888576849058,1.9562044607676912,4.580529050776632,1,54,,0.0,1.3328888576849058,1.9562044607676912,4.580529050776632,1,273de4b1fce4edd1d6ad7b41487383023312ef93,60,0.0,1.3328888576849058,1.9562044607676912,4.580529050776632,1,True
3c26db4f633a53f5,2021.06.14.19.22.11_veh-38_01480_01860,43,idm,50,,0.0,1.3338617366367291,1.8185332762926254,4.425877266315411,1,54,,0.0,1.3338617366367291,1.8185332762926254,4.425877266315411,1,50,cheap,0.0,1.3338617366367291,1.8185332762926254,4.425877266315411,1,53,,0.0,1.3338617366367291,1.8185332762926254,4.425877266315411,1,50,,0.0,1.3338617366367291,1.8185332762926254,4.425877266315411,1,50,,0.0,1.3338617366367291,1.8185332762926254,4.425877266315411,1,53,,0.0,1.3338617366367291,1.8185332762926254,4.425877266315411,1,36af252527f61ef01570db3f96eb84101d11cbf9,60,0.0,1.3338617366367291,1.8185332762926254,4.425877266315411,1,True
3c26db4f633a53f5,2021.06.14.19.22.11_veh-38_01480_01860,57,idm,53,,0.0,1.3458491793786698,1.8117013168781961,4.441847709393605,1,58,,0.0,1.3458491793786698,1.8117013168781961,4.441847709393605,1,52,,0.0,1.3458491793786698,1.8117013168781961,4.441847709393605,1,54,,0.0,1.3458491793786698,1.8117013168781961,4.441847709393605,1,51,,0.0,1.3458491793786698,1.8117013168781961,4.441847709393605,1,53,,0.0,1.3458491793786698,1.8117013168781961,4.441847709393605,1,57,,0.0,1.3458491793786698,1.8117013168781961,4.441847709393605,1,1ecefd66f396330707573fcbd8f5b2c3a124eddc,62,0.0,1.3458491793786698,1.8117013168781961,4.441847709393605,1,True
3c26db4f633a53f5,2021.06.14.19.22.11_veh-38_01480_01860,70,idm,52,,0.0,1.3359860009745044,1.9412948886586365,4.627286449685295,1,55,,0.0,1.3359860009745044,1.9412948886586365,4.627286449685295,1,52,cheap,0.0,1.3359860009745044,1.9412948886586365,4.627286449685295,1,54,,0.0,1.3359860009745044,1.9412948886586365,4.627286449685295,1,53,,0.0,1.3359860009745044,1.9412948886586365,4.627286449685295,1,52,,0.0,1.3359860009745044,1.9412948886586365,4.627286449685295,1,55,full,0.0,1.3359860009745044,1.9412948886586365,4.627286449685295,1,38e6738d44bf7f801aac863fab8de8d30dd6c106,65,0.0,1.3359860009745044,1.9412948886586365,4.627286449685295,1,True
3c26db4f633a53f5,2021.06.14.19.22.11_veh-38_01480_01860,83,idm,51,,0.0,1.3536000497366578,2.0558143681369634,4.766163822012502,1,53,,0.0,1.3536000497366578,2.0558143681369634,4.766163822012502,1,51,cheap,0.0,1.3536000497366578,2.0558143681369634,4.766163822012502,1,52,,0.0,1.3536000497366578,2.0558143681369634,4.766163822012502,1,52,,0.0,1.3536000497366578,2.0558143681369634,4.766163822012502,1,51,,0.0,1.3536000497366578,2.0558143681369634,4.766163822012502,1,53,full,0.0,1.3536000497366578,2.0558143681369634,4.766163822012502,1,cfaab5f28501443a261ec1caa064a285979360d9,67,0.0,1.3536000497366578,2.0558143681369634,4.766163822012502,1,True
3c26db4f633a53f5,2021.06.14.19.22.11_veh-38_01480_01860,97,idm,51,,0.0,1.3487942712758236,2.1441515112371237,4.847620781888624,1,54,,0.0,1.3487942712758236,2.1441515112371237,4.847620781888624,1,51,cheap,0.0,1.3487942712758236,2.1441515112371237,4.847620781888624,1,52,,0.0,1.3487942712758236,2.1441515112371237,4.847620781888624,1,52,,0.0,1.3487942712758236,2.1441515112371237,4.847620781888624,1,51,cheap,0.0,1.3487942712758236,2.1441515112371237,4.847620781888624,1,54,full,0.0,1.3487942712758236,2.1441515112371237,4.847620781888624,1,b794a7037ec0e8c806518d8c441d8af3f1598be0,66,0.0,1.3487942712758236,2.1441515112371237,4.847620781888624,1,True
3c26db4f633a53f5,2021.06.14.19.22.11_veh-38_01480_01860,110,idm,53,,0.0,1.3359859928246756,2.184377055257308,4.853133197892429,1,58,,0.0,1.3359859928246756,2.184377055257308,4.853133197892429,1,52,,0.0,1.3359859928246756,2.184377055257308,4.853133197892429,1,56,,0.0,1.3359859928246756,2.184377055257308,4.853133197892429,1,55,,0.0,1.3359859928246756,2.184377055257308,4.853133197892429,1,53,,0.0,1.3359859928246756,2.184377055257308,4.853133197892429,1,58,,0.0,1.3359859928246756,2.184377055257308,4.853133197892429,1,cdd53742bc51bd9bcb7570d8119b8947b46cb737,70,0.0,1.3359859928246756,2.184377055257308,4.853133197892429,1,True
3c26db4f633a53f5,2021.06.14.19.22.11_veh-38_01480_01860,123,idm,56,,0.0,1.3536000508206742,2.19373172722915,4.834819654117529,1,62,,0.0,1.3536000508206742,2.19373172722915,4.834819654117529,1,56,cheap,0.0,1.3536000508206742,2.19373172722915,4.834819654117529,1,62,,0.0,1.3536000508206742,2.19373172722915,4.834819654117529,1,59,,0.0,1.3536000508206742,2.19373172722915,4.834819654117529,1,56,,0.0,1.3536000508206742,2.19373172722915,4.834819654117529,1,61,,0.0,1.3536000508206742,2.19373172722915,4.834819654117529,1,4656ceea98066b9bbe7ac1b7be91c7991864367b,74,0.0,1.3536000508206742,2.19373172722915,4.834819654117529,1,True
3c26db4f633a53f5,2021.06.14.19.22.11_veh-38_01480_01860,137,idm,60,,0.0,1.365240800175423,2.11875934146388,4.748053156345007,1,65,,0.0,1.365240800175423,2.11875934146388,4.748053156345007,1,60,cheap,0.0,1.365240800175423,2.11875934146388,4.748053156345007,1,63,,0.0,1.365240800175423,2.11875934146388,4.748053156345007,1,61,,0.0,1.365240800175423,2.11875934146388,4.748053156345007,1,60,,0.0,1.365240800175423,2.11875934146388,4.748053156345007,1,64,,0.0,1.365240800175423,2.11875934146388,4.748053156345007,1,e7b2d5f76a4dbf40df3e650aecfc395683c6ed96,76,0.0,1.365240800175423,2.11875934146388,4.748053156345007,1,True
3c26db4f633a53f5,2021.06.14.19.22.11_veh-38_01480_01860,150,idm,62,,0.0,1.3586149404814096,2.045759052755581,4.682737449751215,1,67,,0.0,1.3586149404814096,2.045759052755581,4.682737449751215,1,61,,0.0,1.3586149404814096,2.045759052755581,4.682737449751215,1,65,,0.0,1.3586149404814096,2.045759052755581,4.682737449751215,1,64,,0.0,1.3586149404814096,2.045759052755581,4.682737449751215,1,62,,0.0,1.3586149404814096,2.045759052755581,4.682737449751215,1,67,,0.0,1.3586149404814096,2.045759052755581,4.682737449751215,1,2b5616a204d5ae3150e0927f2a82ce7ec5c6f9f5,78,0.0,1.3586149404814096,2.045759052755581,4.682737449751215,1,True
3c26db4f633a53f5,2021.06.14.19.22.11_veh-38_01480_01860,163,idm,56,,0.0,1.3674225308666235,2.046056506356651,4.666012046982139,1,64,,0.0,1.3674225308666235,2.046056506356651,4.666012046982139,1,56,cheap,0.0,1.3674225308666235,2.046056506356651,4.666012046982139,1,62,,0.0,1.3674225308666235,2.046056506356651,4.666012046982139,1,57,,0.0,1.3674225308666235,2.046056506356651,4.666012046982139,1,56,,0.0,1.3674225308666235,2.046056506356651,4.666012046982139,1,64,,0.0,1.3674225308666235,2.046056506356651,4.666012046982139,1,fc06ba69a29020bc582cc1acb60f07284ae5fbdd,78,0.0,1.3674225308666235,2.046056506356651,4.666012046982139,1,True
3c26db4f633a53f5,2021.06.14.19.22.11_veh-38_01480_01860,176,idm,61,,0.0,1.36806333923271,2.0473200312835917,4.676135056454319,1,61,,0.0,1.36806333923271,2.0473200312835917,4.676135056454319,1,61,cheap,0.0,1.36806333923271,2.0473200312835917,4.676135056454319,1,60,,0.0,1.36806333923271,2.0473200312835917,4.676135056454319,1,59,,0.0,1.36806333923271,2.0473200312835917,4.676135056454319,1,61,,0.0,1.36806333923271,2.0473200312835917,4.676135056454319,1,61,full,0.0,1.36806333923271,2.0473200312835917,4.676135056454319,1,bf5a6c9be0e9b6606770ad7a8b4dd339e47c3230,77,0.0,1.36806333923271,2.0473200312835917,4.676135056454319,1,True
3c26db4f633a53f5,2021.06.14.19.22.11_veh-38_01480_01860,190,idm,57,,0.0,1.3672916133605504,2.058782638238576,4.684635954354308,1,62,,0.0,1.3672916133605504,2.058782638238576,4.684635954354308,1,56,,0.0,1.3672916133605504,2.058782638238576,4.684635954354308,1,60,,0.0,1.3672916133605504,2.058782638238576,4.684635954354308,1,57,,0.0,1.3672916133605504,2.058782638238576,4.684635954354308,1,57,,0.0,1.3672916133605504,2.058782638238576,4.684635954354308,1,62,,0.0,1.3672916133605504,2.058782638238576,4.684635954354308,1,d7021d302a24882fe9fe35788ced127ce20de1c9,71,0.0,1.3672916133605504,2.058782638238576,4.684635954354308,1,True
3c26db4f633a53f5,2021.06.14.19.22.11_veh-38_01480_01860,203,idm,60,,0.0,1.3654332078612534,2.0626431727919607,4.716251162708723,1,64,,0.0,1.3654332078612534,2.0626431727919607,4.716251162708723,1,60,cheap,0.0,1.3654332078612534,2.0626431727919607,4.716251162708723,1,63,,0.0,1.3654332078612534,2.0626431727919607,4.716251162708723,1,61,,0.0,1.3654332078612534,2.0626431727919607,4.716251162708723,1,60,,0.0,1.3654332078612534,2.0626431727919607,4.716251162708723,1,64,,0.0,1.3654332078612534,2.0626431727919607,4.716251162708723,1,9877bac93cd4bd4ced1ddabd43d27fd52dbc752a,78,0.0,1.3654332078612534,2.0626431727919607,4.716251162708723,1,True
3c26db4f633a53f5,2021.06.14.19.22.11_veh-38_01480_01860,216,idm,57,,0.0,1.3535953199482793,2.0832880165044387,4.7903378157894485,1,60,,0.0,1.3535953199482793,2.0832880165044387,4.7903378157894485,1,57,,0.0,1.3535953199482793,2.0832880165044387,4.7903378157894485,1,59,,0.0,1.3535953199482793,2.0832880165044387,4.7903378157894485,1,58,,0.0,1.3535953199482793,2.0832880165044387,4.7903378157894485,1,57,,0.0,1.3535953199482793,2.0832880165044387,4.7903378157894485,1,60,,0.0,1.3535953199482793,2.0832880165044387,4.7903378157894485,1,e1baf5733a27f793cda06d024dace862c2c5e5ef,76,0.0,1.3535953199482793,2.0832880165044387,4.7903378157894485,1,True
3c26db4f633a53f5,2021.06.14.19.22.11_veh-38_01480_01860,230,idm,62,,0.0,1.3398840891232402,2.1517960108156826,5.052589000911656,1,66,,0.0,1.3398840891232402,2.1517960108156826,5.052589000911656,1,62,cheap,0.0,1.3398840891232402,2.1517960108156826,5.052589000911656,1,65,,0.0,1.3398840891232402,2.1517960108156826,5.052589000911656,1,63,,0.0,1.3398840891232402,2.1517960108156826,5.052589000911656,1,62,,0.0,1.3398840891232402,2.1517960108156826,5.052589000911656,1,66,,0.0,1.3398840891232402,2.1517960108156826,5.052589000911656,1,28fc0da886b41d543d695bc06e0da7503935dae8,79,0.0,1.3398840891232402,2.1517960108156826,5.052589000911656,1,True
3c26db4f633a53f5,2021.06.14.19.22.11_veh-38_01480_01860,243,idm,59,,0.0,1.3341109787337018,2.1894012558499334,5.201739436784081,1,61,,0.0,1.3341109787337018,2.1894012558499334,5.201739436784081,1,58,,0.0,1.3341109787337018,2.1894012558499334,5.201739436784081,1,60,,0.0,1.3341109787337018,2.1894012558499334,5.201739436784081,1,58,cheap_nofp,0.0,1.3341109787337018,2.1894012558499334,5.201739436784081,1,59,,0.0,1.3341109787337018,2.1894012558499334,5.201739436784081,1,61,,0.0,1.3341109787337018,2.1894012558499334,5.201739436784081,1,450f5b6177d91b6e184870ff44c4003d8424b490,72,0.0,1.3341109787337018,2.1894012558499334,5.201739436784081,1,True
3c26db4f633a53f5,2021.06.14.19.22.11_veh-38_01480_01860,256,idm,60,,0.0,1.3366760506607933,2.2289930431075806,5.346814478733971,1,63,,0.0,1.3366760506607933,2.2289930431075806,5.346814478733971,1,60,cheap,0.0,1.3366760506607933,2.2289930431075806,5.346814478733971,1,62,,0.0,1.3366760506607933,2.2289930431075806,5.346814478733971,1,60,,0.0,1.3366760506607933,2.2289930431075806,5.346814478733971,1,60,,0.0,1.3366760506607933,2.2289930431075806,5.346814478733971,1,63,,0.0,1.3366760506607933,2.2289930431075806,5.346814478733971,1,6fd968b4e4d6135bc496a83ff27922c4703f8c77,71,0.0,1.3366760506607933,2.2289930431075806,5.346814478733971,1,True
3c26db4f633a53f5,2021.06.14.19.22.11_veh-38_01480_01860,270,idm,65,,0.0,1.3310295882254117,2.2483709181774265,5.43378055469268,1,67,,0.0,1.3310295882254117,2.2483709181774265,5.43378055469268,1,65,,0.0,1.3310295882254117,2.2483709181774265,5.43378055469268,1,67,full,0.0,1.3310295882254117,2.2483709181774265,5.43378055469268,1,66,,0.0,1.3310295882254117,2.2483709181774265,5.43378055469268,1,65,,0.0,1.3310295882254117,2.2483709181774265,5.43378055469268,1,67,,0.0,1.3310295882254117,2.2483709181774265,5.43378055469268,1,c4790fa72080c4ac7daaa13227b67af6e5ae197e,78,0.0,1.3310295882254117,2.2483709181774265,5.43378055469268,1,True
3c26db4f633a53f5,2021.06.14.19.22.11_veh-38_01480_01860,283,idm,64,,0.0,1.3179855490430044,2.2385094463720403,5.404474806087327,1,64,,0.0,1.3179855490430044,2.2385094463720403,5.404474806087327,1,62,,0.0,1.3179855490430044,2.2385094463720403,5.404474806087327,1,63,,0.0,1.3179855490430044,2.2385094463720403,5.404474806087327,1,63,full_nofp,0.0,1.3179855490430044,2.2385094463720403,5.404474806087327,1,64,,0.0,1.3179855490430044,2.2385094463720403,5.404474806087327,1,64,,0.0,1.3179855490430044,2.2385094463720403,5.404474806087327,1,d85a2bae2028ba95111bc172689a9d647690417a,77,0.0,1.3179855490430044,2.2385094463720403,5.404474806087327,1,True
3c26db4f633a53f5,2021.06.14.19.22.11_veh-38_01480_01860,296,idm,64,,0.0,1.3098422873196662,2.2494867508752323,5.443859710674066,1,68,,0.0,1.3098422873196662,2.2494867508752323,5.443859710674066,1,64,cheap,0.0,1.3098422873196662,2.2494867508752323,5.443859710674066,1,66,,0.0,1.3098422873196662,2.2494867508752323,5.443859710674066,1,64,,0.0,1.3098422873196662,2.2494867508752323,5.443859710674066,1,64,,0.0,1.3098422873196662,2.2494867508752323,5.443859710674066,1,68,,0.0,1.3098422873196662,2.2494867508752323,5.443859710674066,1,1fb28d50135e726f47980fdd4620fe832f7d6c47,76,0.0,1.3098422873196662,2.2494867508752323,5.443859710674066,1,True
3c26db4f633a53f5,2021.06.14.19.22.11_veh-38_01480_01860,310,idm,63,,0.0,1.3167490192804636,2.25221142684233,5.45701813842779,1,68,,0.0,1.3167490192804636,2.25221142684233,5.45701813842779,1,63,,0.0,1.3167490192804636,2.25221142684233,5.45701813842779,1,68,,0.0,1.3167490192804636,2.25221142684233,5.45701813842779,1,64,,0.0,1.3167490192804636,2.25221142684233,5.45701813842779,1,63,,0.0,1.3167490192804636,2.25221142684233,5.45701813842779,1,68,,0.0,1.3167490192804636,2.25221142684233,5.45701813842779,1,074e9ba1438f4e51d4b292151cee946cd8293338,80,0.0,1.3167490192804636,2.25221142684233,5.45701813842779,1,True
40776770a97f546c,2021.07.16.20.45.29_veh-35_01095_01486,4,idm,97,,0.0,1.881743316306057,2.1143043295179655,4.65983784983537,1,99,,0.0,1.881743316306057,2.1143043295179655,4.65983784983537,1,97,cheap,0.0,1.881743316306057,2.1143043295179655,4.65983784983537,1,98,reference,0.0,1.881743316306057,2.1143043295179655,4.65983784983537,1,99,,0.0,1.881743316306057,2.1143043295179655,4.65983784983537,1,97,cheap,0.0,1.881743316306057,2.1143043295179655,4.65983784983537,1,99,full,0.0,1.881743316306057,2.1143043295179655,4.65983784983537,1,fe967cc05703151ebf5fa3980e2de538f7f09721,98,0.0,1.881743316306057,2.1143043295179655,4.65983784983537,1,True
40776770a97f546c,2021.07.16.20.45.29_veh-35_01095_01486,17,idm,88,,0.0,1.867770089126449,2.3120453691629574,4.931558292259543,1,89,,0.0,1.867770089126449,2.3120453691629574,4.931558292259543,1,87,,0.0,1.867770089126449,2.3120453691629574,4.931558292259543,1,89,reference,0.0,1.867770089126449,2.3120453691629574,4.931558292259543,1,89,reference,0.0,1.867770089126449,2.3120453691629574,4.931558292259543,1,88,cheap,0.0,1.867770089126449,2.3120453691629574,4.931558292259543,1,89,full,0.0,1.867770089126449,2.3120453691629574,4.931558292259543,1,5e37732c2fb7d242e0c25c27b31af1aa3e45c876,89,0.0,1.867770089126449,2.3120453691629574,4.931558292259543,1,True
40776770a97f546c,2021.07.16.20.45.29_veh-35_01095_01486,30,idm,86,,0.0,1.9360494177063248,2.2092228909761187,4.6985915423105995,1,85,,0.0,1.9360494177063248,2.2092228909761187,4.6985915423105995,1,84,,0.0,1.9360494177063248,2.2092228909761187,4.6985915423105995,1,84,,0.0,1.9360494177063248,2.2092228909761187,4.6985915423105995,1,85,,0.0,1.9360494177063248,2.2092228909761187,4.6985915423105995,1,86,,0.0,1.9360494177063248,2.2092228909761187,4.6985915423105995,1,85,,0.0,1.9360494177063248,2.2092228909761187,4.6985915423105995,1,ae64c17a26e9f33f319a13ac075aa2a20f44e4e7,85,0.0,1.9360494177063248,2.2092228909761187,4.6985915423105995,1,True
40776770a97f546c,2021.07.16.20.45.29_veh-35_01095_01486,43,idm,83,,0.0,4.148018075045382,1.8911692338366453,4.232427929414342,1,84,,0.0,4.148018075045382,1.8911692338366453,4.232427929414342,1,83,cheap,0.0,4.148018075045382,1.8911692338366453,4.232427929414342,1,83,,0.0,4.148018075045382,1.8911692338366453,4.232427929414342,1,83,,0.0,4.148018075045382,1.8911692338366453,4.232427929414342,1,83,cheap,0.0,4.148018075045382,1.8911692338366453,4.232427929414342,1,84,,0.0,4.148018075045382,1.8911692338366453,4.232427929414342,1,a87105a06e285c8682453feefa0d5d171b83aed2,85,0.0,4.148018075045382,1.8911692338366453,4.232427929414342,1,True
40776770a97f546c,2021.07.16.20.45.29_veh-35_01095_01486,57,idm,84,,0.0,4.346473490833989,1.9634222335064098,4.421750970042011,1,90,,0.0,4.346473490833989,1.9634222335064098,4.421750970042011,1,83,,0.0,4.346473490833989,1.9634222335064098,4.421750970042011,1,84,,0.0,4.346473490833989,1.9634222335064098,4.421750970042011,1,84,,0.0,4.346473490833989,1.9634222335064098,4.421750970042011,1,84,,0.0,4.346473490833989,1.9634222335064098,4.421750970042011,1,90,,0.0,4.346473490833989,1.9634222335064098,4.421750970042011,1,228e8344edd0608e136290ba2882940960da4774,89,0.0,4.346473490833989,1.9634222335064098,4.421750970042011,1,True
40776770a97f546c,2021.07.16.20.45.29_veh-35_01095_01486,70,idm,79,,0.0,2.4269099981266575,2.056967358726748,4.588964234104915,1,86,,0.0,2.4269099981266575,2.056967358726748,4.588964234104915,1,78,,0.0,2.4269099981266575,2.056967358726748,4.588964234104915,1,81,,0.0,2.4269099981266575,2.056967358726748,4.588964234104915,1,80,,0.0,2.4269099981266575,2.056967358726748,4.588964234104915,1,79,,0.0,2.4269099981266575,2.056967358726748,4.588964234104915,1,86,,0.0,2.4269099981266575,2.056967358726748,4.588964234104915,1,00d2579d7cba0ec8619fea3a55e1a0ec9b581d26,91,0.0,2.4269099981266575,2.056967358726748,4.588964234104915,1,True
40776770a97f546c,2021.07.16.20.45.29_veh-35_01095_01486,83,idm,68,,0.0,1.3213242280804696,2.095360752076652,4.636855141114906,1,74,,0.0,1.3213242280804696,2.095360752076652,4.636855141114906,1,67,,0.0,1.3213242280804696,2.095360752076652,4.636855141114906,1,71,,0.0,1.3213242280804696,2.095360752076652,4.636855141114906,1,69,,0.0,1.3213242280804696,2.095360752076652,4.636855141114906,1,68,cheap,0.0,1.3213242280804696,2.095360752076652,4.636855141114906,1,74,,0.0,1.3213242280804696,2.095360752076652,4.636855141114906,1,1b9f053b3f5e2d82589c6067f510f990aefec5a9,80,0.0,1.3213242280804696,2.095360752076652,4.636855141114906,1,True
40776770a97f546c,2021.07.16.20.45.29_veh-35_01095_01486,97,idm,55,,0.0,1.3053689059170652,2.082572504938136,4.551349357208933,1,64,,0.0,1.3053689059170652,2.082572504938136,4.551349357208933,1,55,cheap,0.0,1.3053689059170652,2.082572504938136,4.551349357208933,1,61,,0.0,1.3053689059170652,2.082572504938136,4.551349357208933,1,56,,0.0,1.3053689059170652,2.082572504938136,4.551349357208933,1,55,,0.0,1.3053689059170652,2.082572504938136,4.551349357208933,1,64,,0.0,1.3053689059170652,2.082572504938136,4.551349357208933,1,1920dffa506c11a02ba8184421802fa9bf304f49,70,0.0,1.3053689059170652,2.082572504938136,4.551349357208933,1,True
40776770a97f546c,2021.07.16.20.45.29_veh-35_01095_01486,110,idm,59,,0.0,1.314625380723977,2.0137825210781477,4.312192599033871,1,68,,0.0,1.314625380723977,2.0137825210781477,4.312192599033871,1,59,cheap,0.0,1.314625380723977,2.0137825210781477,4.312192599033871,1,65,,0.0,1.314625380723977,2.0137825210781477,4.312192599033871,1,60,,0.0,1.314625380723977,2.0137825210781477,4.312192599033871,1,59,cheap,0.0,1.314625380723977,2.0137825210781477,4.312192599033871,1,68,,0.0,1.314625380723977,2.0137825210781477,4.312192599033871,1,e63b4c763c4f297b9e88194ec02a78725d220e2f,73,0.0,1.314625380723977,2.0137825210781477,4.312192599033871,1,True
40776770a97f546c,2021.07.16.20.45.29_veh-35_01095_01486,123,idm,62,,0.0,1.3216364560789882,1.8895158007435828,4.0226546439051845,1,65,,0.0,1.3216364560789882,1.8895158007435828,4.0226546439051845,1,62,cheap,0.0,1.3216364560789882,1.8895158007435828,4.0226546439051845,1,64,,0.0,1.3216364560789882,1.8895158007435828,4.0226546439051845,1,60,,0.0,1.3216364560789882,1.8895158007435828,4.0226546439051845,1,62,cheap,0.0,1.3216364560789882,1.8895158007435828,4.0226546439051845,1,65,,0.0,1.3216364560789882,1.8895158007435828,4.0226546439051845,1,4051b93be75327294a6630d5f1af7f39da787fc0,69,0.0,1.3216364560789882,1.8895158007435828,4.0226546439051845,1,True
40776770a97f546c,2021.07.16.20.45.29_veh-35_01095_01486,137,idm,67,,0.0,1.310640350338492,1.7332450217527282,3.706944851359026,1,69,,0.0,1.310640350338492,1.7332450217527282,3.706944851359026,1,66,,0.0,1.310640350338492,1.7332450217527282,3.706944851359026,1,69,,0.0,1.310640350338492,1.7332450217527282,3.706944851359026,1,67,,0.0,1.310640350338492,1.7332450217527282,3.706944851359026,1,67,,0.0,1.310640350338492,1.7332450217527282,3.706944851359026,1,69,,0.0,1.310640350338492,1.7332450217527282,3.706944851359026,1,1c711800d43300e98abaeaf1d28c3a6f18f5f456,72,0.0,1.310640350338492,1.7332450217527282,3.706944851359026,1,True
40776770a97f546c,2021.07.16.20.45.29_veh-35_01095_01486,150,idm,77,,0.0,1.32403657331065,1.5805737938397613,3.439327995255175,1,77,,0.0,1.32403657331065,1.5805737938397613,3.439327995255175,1,77,,0.0,1.32403657331065,1.5805737938397613,3.439327995255175,1,77,,0.0,1.32403657331065,1.5805737938397613,3.439327995255175,1,76,,0.0,1.32403657331065,1.5805737938397613,3.439327995255175,1,77,,0.0,1.32403657331065,1.5805737938397613,3.439327995255175,1,77,,0.0,1.32403657331065,1.5805737938397613,3.439327995255175,1,54379db4a5c7c5a857b7eacd6a5a1ff40c3d34d0,82,0.0,1.32403657331065,1.5805737938397613,3.439327995255175,1,True
40776770a97f546c,2021.07.16.20.45.29_veh-35_01095_01486,163,idm,84,,0.0,1.341590066184267,1.5208839300888262,3.43438422856907,1,85,,0.0,1.341590066184267,1.5208839300888262,3.43438422856907,1,84,cheap,0.0,1.341590066184267,1.5208839300888262,3.43438422856907,1,85,,0.0,1.341590066184267,1.5208839300888262,3.43438422856907,1,84,,0.0,1.341590066184267,1.5208839300888262,3.43438422856907,1,84,,0.0,1.341590066184267,1.5208839300888262,3.43438422856907,1,85,,0.0,1.341590066184267,1.5208839300888262,3.43438422856907,1,f12afc879d1085e461a52c9ae7c243f59adba54f,88,0.0,1.341590066184267,1.5208839300888262,3.43438422856907,1,True
40776770a97f546c,2021.07.16.20.45.29_veh-35_01095_01486,176,idm,95,,0.0,3.1015848594376503,1.6346227913115081,3.782945493950733,1,97,,0.0,3.1015848594376503,1.6346227913115081,3.782945493950733,1,95,cheap,0.0,3.1015848594376503,1.6346227913115081,3.782945493950733,1,97,,0.0,3.1015848594376503,1.6346227913115081,3.782945493950733,1,96,,0.0,3.1015848594376503,1.6346227913115081,3.782945493950733,1,95,,0.0,3.1015848594376503,1.6346227913115081,3.782945493950733,1,97,,0.0,3.1015848594376503,1.6346227913115081,3.782945493950733,1,cf011591f335da3d4b58c2febbfd305076fd5f09,101,0.0,3.1015848594376503,1.6346227913115081,3.782945493950733,1,True
40776770a97f546c,2021.07.16.20.45.29_veh-35_01095_01486,190,idm,103,,0.0,6.808975374803222,1.8760685952957195,4.355538399879984,1,103,cheap,0.0,6.808975374803222,1.8760685952957195,4.355538399879984,1,103,cheap,0.0,6.808975374803222,1.8760685952957195,4.355538399879984,1,103,cheap,0.0,6.808975374803222,1.8760685952957195,4.355538399879984,1,103,cheap,0.0,6.808975374803222,1.8760685952957195,4.355538399879984,1,103,,0.0,6.808975374803222,1.8760685952957195,4.355538399879984,1,103,,0.0,6.808975374803222,1.8760685952957195,4.355538399879984,1,17c863d52460a9a6b60dc5f96dd6fee75d6b075a,109,0.0,6.808975374803222,1.8760685952957195,4.355538399879984,1,True
40776770a97f546c,2021.07.16.20.45.29_veh-35_01095_01486,203,idm,101,,0.0,5.812560122094092,1.9708512125386384,4.680830149059913,1,101,,0.0,5.812560122094092,1.9708512125386384,4.680830149059913,1,100,,0.0,5.812560122094092,1.9708512125386384,4.680830149059913,1,101,full,0.0,5.812560122094092,1.9708512125386384,4.680830149059913,1,100,cheap_nofp,0.0,5.812560122094092,1.9708512125386384,4.680830149059913,1,101,cheap,0.0,5.812560122094092,1.9708512125386384,4.680830149059913,1,101,full,0.0,5.812560122094092,1.9708512125386384,4.680830149059913,1,b10dc76a6acce838cb9324a244d6ecc452dec3eb,111,0.0,5.812560122094092,1.9708512125386384,4.680830149059913,1,True
40776770a97f546c,2021.07.16.20.45.29_veh-35_01095_01486,216,idm,109,,0.0,4.728033617896007,2.310001185477346,5.338511807216744,1,110,,0.0,4.728033617896007,2.310001185477346,5.338511807216744,1,108,,0.0,4.728033617896007,2.310001185477346,5.338511807216744,1,110,,0.0,4.728033617896007,2.310001185477346,5.338511807216744,1,108,,0.0,4.728033617896007,2.310001185477346,5.338511807216744,1,109,,0.0,4.728033617896007,2.310001185477346,5.338511807216744,1,110,,0.0,4.728033617896007,2.310001185477346,5.338511807216744,1,e44567102f578a917498a14b209f0d272f783dda,117,0.0,4.728033617896007,2.310001185477346,5.338511807216744,1,True
40776770a97f546c,2021.07.16.20.45.29_veh-35_01095_01486,230,idm,112,,0.0,4.711457215826737,2.552001175161946,5.806403195770562,1,118,,0.0,4.711457215826737,2.552001175161946,5.806403195770562,1,111,,0.0,4.711457215826737,2.552001175161946,5.806403195770562,1,116,,0.0,4.711457215826737,2.552001175161946,5.806403195770562,1,113,,0.0,4.711457215826737,2.552001175161946,5.806403195770562,1,112,cheap,0.0,4.711457215826737,2.552001175161946,5.806403195770562,1,116,,0.0,4.711457215826737,2.552001175161946,5.806403195770562,1,390b366ec1e28075a2f5ed945c9e518186357f31,124,0.0,4.711457215826737,2.552001175161946,5.806403195770562,1,True
40776770a97f546c,2021.07.16.20.45.29_veh-35_01095_01486,243,idm,114,,0.0,2.963337900734281,2.6467829365078948,6.043459513597157,1,121,,0.0,2.963337900734281,2.6467829365078948,6.043459513597157,1,113,,0.0,2.963337900734281,2.6467829365078948,6.043459513597157,1,118,,0.0,2.963337900734281,2.6467829365078948,6.043459513597157,1,116,,0.0,2.963337900734281,2.6467829365078948,6.043459513597157,1,114,cheap,0.0,2.963337900734281,2.6467829365078948,6.043459513597157,1,121,,0.0,2.963337900734281,2.6467829365078948,6.043459513597157,1,2901dba6c6796575c012a533df4f28d3701e4789,128,0.0,2.963337900734281,2.6467829365078948,6.043459513597157,1,True
40776770a97f546c,2021.07.16.20.45.29_veh-35_01095_01486,256,idm,122,,0.0,1.4503117621604507,2.7007205726139563,6.2225407739722725,1,125,,0.0,1.4503117621604507,2.7007205726139563,6.2225407739722725,1,120,,0.0,1.4503117621604507,2.7007205726139563,6.2225407739722725,1,124,,0.0,1.4503117621604507,2.7007205726139563,6.2225407739722725,1,122,,0.0,1.4503117621604507,2.7007205726139563,6.2225407739722725,1,122,cheap,0.0,1.4503117621604507,2.7007205726139563,6.2225407739722725,1,125,,0.0,1.4503117621604507,2.7007205726139563,6.2225407739722725,1,d07cfc8cdff624a68b4b10c7bc8c13a5d7c4b4ea,137,0.0,1.4503117621604507,2.7007205726139563,6.2225407739722725,1,True
40776770a97f546c,2021.07.16.20.45.29_veh-35_01095_01486,270,idm,140,,0.0,1.1890425943660177,2.7984444514374407,6.502886329344908,1,144,,0.0,1.1890425943660177,2.7984444514374407,6.502886329344908,1,140,cheap,0.0,1.1890425943660177,2.7984444514374407,6.502886329344908,1,144,,0.0,1.1890425943660177,2.7984444514374407,6.502886329344908,1,142,,0.0,1.1890425943660177,2.7984444514374407,6.502886329344908,1,140,cheap,0.0,1.1890425943660177,2.7984444514374407,6.502886329344908,1,144,,0.0,1.1890425943660177,2.7984444514374407,6.502886329344908,1,eb4c732d1f91f2f4186c844a20f378f710133e83,155,0.0,1.1890425943660177,2.7984444514374407,6.502886329344908,1,True
40776770a97f546c,2021.07.16.20.45.29_veh-35_01095_01486,283,idm,158,,0.0,1.1152494678708562,2.9548453735200697,6.972204995830975,1,164,,0.0,1.1152494678708562,2.9548453735200697,6.972204995830975,1,158,cheap,0.0,1.1152494678708562,2.9548453735200697,6.972204995830975,1,162,,0.0,1.1152494678708562,2.9548453735200697,6.972204995830975,1,162,,0.0,1.1152494678708562,2.9548453735200697,6.972204995830975,1,158,cheap,0.0,1.1152494678708562,2.9548453735200697,6.972204995830975,1,164,,0.0,1.1152494678708562,2.9548453735200697,6.972204995830975,1,8a1862aa22e5160a50a79cd3f99f0b8bd8d1b32f,176,0.0,1.1152494678708562,2.9548453735200697,6.972204995830975,1,True
40776770a97f546c,2021.07.16.20.45.29_veh-35_01095_01486,296,idm,175,,0.0,1.014815035869628,3.1408678901839138,7.588020959588398,1,181,,0.0,1.014815035869628,3.1408678901839138,7.588020959588398,1,175,cheap,0.0,1.014815035869628,3.1408678901839138,7.588020959588398,1,180,,0.0,1.014815035869628,3.1408678901839138,7.588020959588398,1,177,,0.0,1.014815035869628,3.1408678901839138,7.588020959588398,1,175,cheap,0.0,1.014815035869628,3.1408678901839138,7.588020959588398,1,181,,0.0,1.014815035869628,3.1408678901839138,7.588020959588398,1,00bfebc3ce2727b4e341d403b4eda67d7e401d90,194,0.0,1.014815035869628,3.1408678901839138,7.588020959588398,1,True
40776770a97f546c,2021.07.16.20.45.29_veh-35_01095_01486,310,idm,163,,0.0,1.0048108370386386,3.375834060319412,8.355602755718685,1,174,,0.0,1.0048108370386386,3.375834060319412,8.355602755718685,1,163,,0.0,1.0048108370386386,3.375834060319412,8.355602755718685,1,172,,0.0,1.0048108370386386,3.375834060319412,8.355602755718685,1,167,,0.0,1.0048108370386386,3.375834060319412,8.355602755718685,1,163,,0.0,1.0048108370386386,3.375834060319412,8.355602755718685,1,172,,0.0,1.0048108370386386,3.375834060319412,8.355602755718685,1,e38bf41e5e5e73e4ed12ac8ca37d55016433f5fa,188,0.0,1.0048108370386386,3.375834060319412,8.355602755718685,1,True
44c871f95ff8522d,2021.07.24.23.50.16_veh-17_01696_02071,4,idm,81,,0.0,1.1896690012759488,2.2864203021899936,7.553833503963268,1,86,,0.0,1.1896690012759488,2.2864203021899936,7.553833503963268,1,80,,0.0,1.1896690012759488,2.2864203021899936,7.553833503963268,1,82,,0.0,1.1896690012759488,2.2864203021899936,7.553833503963268,1,80,,0.0,1.1896690012759488,2.2864203021899936,7.553833503963268,1,81,cheap,0.0,1.1896690012759488,2.2864203021899936,7.553833503963268,1,86,,0.0,1.1896690012759488,2.2864203021899936,7.553833503963268,1,8f2b7fed16180f34cb5290f23294767b1e25fce2,103,0.0,1.1896690012759488,2.2864203021899936,7.553833503963268,1,True
44c871f95ff8522d,2021.07.24.23.50.16_veh-17_01696_02071,17,idm,85,,0.0,1.2034770090497644,2.5131313000313242,8.431085765542734,1,87,,0.0,1.2034770090497644,2.5131313000313242,8.431085765542734,1,83,,0.0,1.2034770090497644,2.5131313000313242,8.431085765542734,1,84,,0.0,1.2034770090497644,2.5131313000313242,8.431085765542734,1,83,,0.0,1.2034770090497644,2.5131313000313242,8.431085765542734,1,85,,0.0,1.2034770090497644,2.5131313000313242,8.431085765542734,1,86,,0.0,1.2034770090497644,2.5131313000313242,8.431085765542734,1,2ae3e20bd1e766a3f5148bf416bf77bd7eba6cf5,104,0.0,1.2034770090497644,2.5131313000313242,8.431085765542734,1,True
44c871f95ff8522d,2021.07.24.23.50.16_veh-17_01696_02071,30,idm,92,,0.0,1.2830387988273662,2.578513257944563,8.7769547812435,1,94,,0.0,1.2830387988273662,2.578513257944563,8.7769547812435,1,91,,0.0,1.2830387988273662,2.578513257944563,8.7769547812435,1,92,,0.0,1.2830387988273662,2.578513257944563,8.7769547812435,1,91,,0.0,1.2830387988273662,2.578513257944563,8.7769547812435,1,92,,0.0,1.2830387988273662,2.578513257944563,8.7769547812435,1,94,,0.0,1.2830387988273662,2.578513257944563,8.7769547812435,1,fff3e73c5b47706cb3fe9b7790fdf53723cab3e5,120,0.0,1.2830387988273662,2.578513257944563,8.7769547812435,1,True
44c871f95ff8522d,2021.07.24.23.50.16_veh-17_01696_02071,43,idm,96,,0.0,2.3355534110581098,2.499042552958581,8.623786403904962,1,101,,0.0,2.3355534110581098,2.499042552958581,8.623786403904962,1,96,cheap,0.0,2.3355534110581098,2.499042552958581,8.623786403904962,1,97,,0.0,2.3355534110581098,2.499042552958581,8.623786403904962,1,96,,0.0,2.3355534110581098,2.499042552958581,8.623786403904962,1,96,,0.0,2.3355534110581098,2.499042552958581,8.623786403904962,1,101,,0.0,2.3355534110581098,2.499042552958581,8.623786403904962,1,49a0751c2554d914b8ff241b65fc71a24e27e9e6,124,0.0,2.3355534110581098,2.499042552958581,8.623786403904962,1,True
44c871f95ff8522d,2021.07.24.23.50.16_veh-17_01696_02071,57,idm,99,,0.0,2.5729677298246907,2.635894008931992,8.492252840571973,1,104,,0.0,2.5729677298246907,2.635894008931992,8.492252840571973,1,98,,0.0,2.5729677298246907,2.635894008931992,8.492252840571973,1,102,,0.0,2.5729677298246907,2.635894008931992,8.492252840571973,1,99,,0.0,2.5729677298246907,2.635894008931992,8.492252840571973,1,99,cheap,0.0,2.5729677298246907,2.635894008931992,8.492252840571973,1,104,,0.0,2.5729677298246907,2.635894008931992,8.492252840571973,1,8a09912673bd27b4b9209df39c3c714784bd81f2,127,0.0,2.5729677298246907,2.635894008931992,8.492252840571973,1,True
44c871f95ff8522d,2021.07.24.23.50.16_veh-17_01696_02071,70,idm,101,,0.0,2.726331895394198,2.6552664476374725,8.243995398495345,1,106,,0.0,2.726331895394198,2.6552664476374725,8.243995398495345,1,101,cheap,0.0,2.726331895394198,2.6552664476374725,8.243995398495345,1,103,,0.0,2.726331895394198,2.6552664476374725,8.243995398495345,1,102,,0.0,2.726331895394198,2.6552664476374725,8.243995398495345,1,101,cheap,0.0,2.726331895394198,2.6552664476374725,8.243995398495345,1,106,,0.0,2.726331895394198,2.6552664476374725,8.243995398495345,1,994b1d13b9393a7a262fada1aff7f9f1c1fd1358,124,0.0,2.726331895394198,2.6552664476374725,8.243995398495345,1,True
44c871f95ff8522d,2021.07.24.23.50.16_veh-17_01696_02071,83,idm,109,,0.0,2.50786923782846,2.5495343615835275,8.128063555277365,1,115,,0.0,2.50786923782846,2.5495343615835275,8.128063555277365,1,108,,0.0,2.50786923782846,2.5495343615835275,8.128063555277365,1,111,,0.0,2.50786923782846,2.5495343615835275,8.128063555277365,1,111,,0.0,2.50786923782846,2.5495343615835275,8.128063555277365,1,109,cheap,0.0,2.50786923782846,2.5495343615835275,8.128063555277365,1,115,,0.0,2.50786923782846,2.5495343615835275,8.128063555277365,1,2eecafb45705deb4b193c5d19ef2caa2524a464a,125,0.0,2.50786923782846,2.5495343615835275,8.128063555277365,1,True
44c871f95ff8522d,2021.07.24.23.50.16_veh-17_01696_02071,96,idm,112,,0.0,2.6900932207102217,2.292201703228466,7.744568613845631,1,116,,0.0,2.6900932207102217,2.292201703228466,7.744568613845631,1,110,,0.0,2.6900932207102217,2.292201703228466,7.744568613845631,1,114,,0.0,2.6900932207102217,2.292201703228466,7.744568613845631,1,110,,0.0,2.6900932207102217,2.292201703228466,7.744568613845631,1,112,cheap,0.0,2.6900932207102217,2.292201703228466,7.744568613845631,1,116,,0.0,2.6900932207102217,2.292201703228466,7.744568613845631,1,b7abcde5d9ddfdd66afa1353de0fe2e6a333cc40,124,0.0,2.6900932207102217,2.292201703228466,7.744568613845631,1,True
44c871f95ff8522d,2021.07.24.23.50.16_veh-17_01696_02071,110,idm,113,,0.0,2.69655002518707,2.22168988270342,7.7820860479607115,1,116,,0.0,2.69655002518707,2.22168988270342,7.7820860479607115,1,112,,0.0,2.69655002518707,2.22168988270342,7.7820860479607115,1,113,,0.0,2.69655002518707,2.22168988270342,7.7820860479607115,1,114,,0.0,2.69655002518707,2.22168988270342,7.7820860479607115,1,113,cheap,0.0,2.69655002518707,2.22168988270342,7.7820860479607115,1,116,,0.0,2.69655002518707,2.22168988270342,7.7820860479607115,1,6a1b5e91440bd8a68ed4ca227d0c30c44264798f,127,0.0,2.69655002518707,2.22168988270342,7.7820860479607115,1,True
44c871f95ff8522d,2021.07.24.23.50.16_veh-17_01696_02071,123,idm,120,,0.0,2.958256542421763,2.204582126859595,7.764508358067397,1,122,,0.0,2.958256542421763,2.204582126859595,7.764508358067397,1,119,,0.0,2.958256542421763,2.204582126859595,7.764508358067397,1,121,,0.0,2.958256542421763,2.204582126859595,7.764508358067397,1,120,,0.0,2.958256542421763,2.204582126859595,7.764508358067397,1,120,cheap,0.0,2.958256542421763,2.204582126859595,7.764508358067397,1,122,,0.0,2.958256542421763,2.204582126859595,7.764508358067397,1,36db0d4f2f90ce12df33a40a8b147d1460e997f4,137,0.0,2.958256542421763,2.204582126859595,7.764508358067397,1,True
44c871f95ff8522d,2021.07.24.23.50.16_veh-17_01696_02071,136,idm,118,,0.0,2.0078234181842207,2.3677588157556992,8.291561410273513,1,123,,0.0,2.0078234181842207,2.3677588157556992,8.291561410273513,1,117,,0.0,2.0078234181842207,2.3677588157556992,8.291561410273513,1,121,,0.0,2.0078234181842207,2.3677588157556992,8.291561410273513,1,120,,0.0,2.0078234181842207,2.3677588157556992,8.291561410273513,1,118,cheap,0.0,2.0078234181842207,2.3677588157556992,8.291561410273513,1,122,,0.0,2.0078234181842207,2.3677588157556992,8.291561410273513,1,0d6c0dc5e84da32d10b86c90f5e54ca1df059b52,135,0.0,2.0078234181842207,2.3677588157556992,8.291561410273513,1,True
44c871f95ff8522d,2021.07.24.23.50.16_veh-17_01696_02071,149,idm,117,,0.0,1.1910301091164146,4.467425226296266,6.083877736114044,1,122,,0.0,1.1910301091164146,4.467425226296266,6.083877736114044,1,117,,0.0,1.1910301091164146,4.467425226296266,6.083877736114044,1,121,,0.0,1.1910301091164146,4.467425226296266,6.083877736114044,1,119,,0.0,1.1910301091164146,4.467425226296266,6.083877736114044,1,117,cheap,0.0,1.1910301091164146,4.467425226296266,6.083877736114044,1,121,,0.0,1.1910301091164146,4.467425226296266,6.083877736114044,1,4413287de969ad1b9216b07da0b3dbf699407d31,132,0.0,1.1910301091164146,4.467425226296266,6.083877736114044,1,True
44c871f95ff8522d,2021.07.24.23.50.16_veh-17_01696_02071,163,idm,122,,0.0,1.2096560100289069,4.102068347113983,5.8645815315730925,1,127,,0.0,1.2096560100289069,4.102068347113983,5.8645815315730925,1,121,,0.0,1.2096560100289069,4.102068347113983,5.8645815315730925,1,125,,0.0,1.2096560100289069,4.102068347113983,5.8645815315730925,1,123,,0.0,1.2096560100289069,4.102068347113983,5.8645815315730925,1,122,,0.0,1.2096560100289069,4.102068347113983,5.8645815315730925,1,127,,0.0,1.2096560100289069,4.102068347113983,5.8645815315730925,1,274f19a3f5e3f1fca9234a304c7caedc56a9c173,136,0.0,1.2096560100289069,4.102068347113983,5.8645815315730925,1,True
44c871f95ff8522d,2021.07.24.23.50.16_veh-17_01696_02071,176,idm,119,,0.0,1.2956043005943843,3.886611912573166,5.51908377654736,1,126,,0.0,1.2956043005943843,3.886611912573166,5.51908377654736,1,119,,0.0,1.2956043005943843,3.886611912573166,5.51908377654736,1,122,,0.0,1.2956043005943843,3.886611912573166,5.51908377654736,1,122,,0.0,1.2956043005943843,3.886611912573166,5.51908377654736,1,119,,0.0,1.2956043005943843,3.886611912573166,5.51908377654736,1,126,,0.0,1.2956043005943843,3.886611912573166,5.51908377654736,1,688e03a09d4871c544c3ccb8df2024e7dbe96db1,132,0.0,1.2956043005943843,3.886611912573166,5.51908377654736,1,True
44c871f95ff8522d,2021.07.24.23.50.16_veh-17_01696_02071,189,idm,122,,0.0,4.76606933317923,3.9627067024701694,5.876454019882255,1,130,,0.0,4.76606933317923,3.9627067024701694,5.876454019882255,1,121,,0.0,4.76606933317923,3.9627067024701694,5.876454019882255,1,125,,0.0,4.76606933317923,3.9627067024701694,5.876454019882255,1,123,,0.0,4.76606933317923,3.9627067024701694,5.876454019882255,1,122,,0.0,4.76606933317923,3.9627067024701694,5.876454019882255,1,130,,0.0,4.76606933317923,3.9627067024701694,5.876454019882255,1,e1b797da860c168e3f6c6ef476b4534a6513fb0d,136,0.0,4.76606933317923,3.9627067024701694,5.876454019882255,1,True
44c871f95ff8522d,2021.07.24.23.50.16_veh-17_01696_02071,202,idm,127,,0.0,6.1867803661374445,4.09724482033492,6.210568466721877,1,133,,0.0,6.1867803661374445,4.09724482033492,6.210568466721877,1,126,,0.0,6.1867803661374445,4.09724482033492,6.210568466721877,1,129,,0.0,6.1867803661374445,4.09724482033492,6.210568466721877,1,128,,0.0,6.1867803661374445,4.09724482033492,6.210568466721877,1,127,,0.0,6.1867803661374445,4.09724482033492,6.210568466721877,1,133,,0.0,6.1867803661374445,4.09724482033492,6.210568466721877,1,5d70fe11e453e85bbc4f619d7858e53dad1edacc,136,0.0,6.1867803661374445,4.09724482033492,6.210568466721877,1,True
44c871f95ff8522d,2021.07.24.23.50.16_veh-17_01696_02071,216,idm,128,,0.0,5.397133028521185,4.244491993809234,6.5213306507371405,1,133,,0.0,5.397133028521185,4.244491993809234,6.5213306507371405,1,126,,0.0,5.397133028521185,4.244491993809234,6.5213306507371405,1,128,,0.0,5.397133028521185,4.244491993809234,6.5213306507371405,1,128,,0.0,5.397133028521185,4.244491993809234,6.5213306507371405,1,128,,0.0,5.397133028521185,4.244491993809234,6.5213306507371405,1,133,,0.0,5.397133028521185,4.244491993809234,6.5213306507371405,1,ee741d95c16a4dd31855212f716e5343cf120e85,137,0.0,5.397133028521185,4.244491993809234,6.5213306507371405,1,True
44c871f95ff8522d,2021.07.24.23.50.16_veh-17_01696_02071,229,idm,128,,0.0,3.0672703409060125,4.353924238687248,6.769386706710326,1,133,,0.0,3.0672703409060125,4.353924238687248,6.769386706710326,1,128,cheap,0.0,3.0672703409060125,4.353924238687248,6.769386706710326,1,130,,0.0,3.0672703409060125,4.353924238687248,6.769386706710326,1,130,,0.0,3.0672703409060125,4.353924238687248,6.769386706710326,1,128,,0.0,3.0672703409060125,4.353924238687248,6.769386706710326,1,133,,0.0,3.0672703409060125,4.353924238687248,6.769386706710326,1,a3adc0b38781adb7c741b45b86e4ba3d5847c2a0,143,0.0,3.0672703409060125,4.353924238687248,6.769386706710326,1,True
44c871f95ff8522d,2021.07.24.23.50.16_veh-17_01696_02071,242,idm,125,,0.0,1.1566857449013144,4.248558865117936,6.531474377963298,1,130,,0.0,1.1566857449013144,4.248558865117936,6.531474377963298,1,124,,0.0,1.1566857449013144,4.248558865117936,6.531474377963298,1,129,,0.0,1.1566857449013144,4.248558865117936,6.531474377963298,1,126,,0.0,1.1566857449013144,4.248558865117936,6.531474377963298,1,125,,0.0,1.1566857449013144,4.248558865117936,6.531474377963298,1,129,,0.0,1.1566857449013144,4.248558865117936,6.531474377963298,1,7180c9ebf714620286df61aedc6928c0b32e0031,144,0.0,1.1566857449013144,4.248558865117936,6.531474377963298,1,True
44c871f95ff8522d,2021.07.24.23.50.16_veh-17_01696_02071,255,idm,128,,0.0,0.9890310917505112,3.994979999882275,5.963057003336724,1,133,,0.0,0.9890310917505112,3.994979999882275,5.963057003336724,1,126,,0.0,0.9890310917505112,3.994979999882275,5.963057003336724,1,130,,0.0,0.9890310917505112,3.994979999882275,5.963057003336724,1,127,,0.0,0.9890310917505112,3.994979999882275,5.963057003336724,1,128,,0.0,0.9890310917505112,3.994979999882275,5.963057003336724,1,133,,0.0,0.9890310917505112,3.994979999882275,5.963057003336724,1,11fa3763d0889165cce15cefffb90da14da43460,139,0.0,0.9890310917505112,3.994979999882275,5.963057003336724,1,True
44c871f95ff8522d,2021.07.24.23.50.16_veh-17_01696_02071,269,idm,127,,0.0,0.7149083929591249,4.0671186263758,6.195136271212792,1,133,,0.0,0.7149083929591249,4.0671186263758,6.195136271212792,1,125,,0.0,0.7149083929591249,4.0671186263758,6.195136271212792,1,131,,0.0,0.7149083929591249,4.0671186263758,6.195136271212792,1,127,,0.0,0.7149083929591249,4.0671186263758,6.195136271212792,1,127,cheap,0.0,0.7149083929591249,4.0671186263758,6.195136271212792,1,133,,0.0,0.7149083929591249,4.0671186263758,6.195136271212792,1,052bf09d86df49431dd48d9a2055d49c1d75e0f2,148,0.0,0.7149083929591249,4.0671186263758,6.195136271212792,1,True
44c871f95ff8522d,2021.07.24.23.50.16_veh-17_01696_02071,282,idm,126,,0.0,0.4743992360815285,4.219049564873458,6.5940499965518065,1,131,,0.0,0.4743992360815285,4.219049564873458,6.5940499965518065,1,126,,0.0,0.4743992360815285,4.219049564873458,6.5940499965518065,1,130,,0.0,0.4743992360815285,4.219049564873458,6.5940499965518065,1,127,,0.0,0.4743992360815285,4.219049564873458,6.5940499965518065,1,126,,0.0,0.4743992360815285,4.219049564873458,6.5940499965518065,1,131,,0.0,0.4743992360815285,4.219049564873458,6.5940499965518065,1,b962732fd6bd63658e02ef5fbd9a4ad25d723c1f,144,0.0,0.4743992360815285,4.219049564873458,6.5940499965518065,1,True
44c871f95ff8522d,2021.07.24.23.50.16_veh-17_01696_02071,295,idm,127,,0.0,0.39464888850195606,4.276423093265313,6.7245102746937775,1,134,,0.0,0.39464888850195606,4.276423093265313,6.7245102746937775,1,127,cheap,0.0,0.39464888850195606,4.276423093265313,6.7245102746937775,1,132,,0.0,0.39464888850195606,4.276423093265313,6.7245102746937775,1,130,,0.0,0.39464888850195606,4.276423093265313,6.7245102746937775,1,127,cheap,0.0,0.39464888850195606,4.276423093265313,6.7245102746937775,1,134,,0.0,0.39464888850195606,4.276423093265313,6.7245102746937775,1,3a6ebc748cb996a421e08caf31f12fc8b2b1785d,148,0.0,0.39464888850195606,4.276423093265313,6.7245102746937775,1,True
44c871f95ff8522d,2021.07.24.23.50.16_veh-17_01696_02071,309,idm,125,,0.0,0.4543666656500381,4.262853730564917,6.520835486932451,1,128,,0.0,0.4543666656500381,4.262853730564917,6.520835486932451,1,124,,0.0,0.4543666656500381,4.262853730564917,6.520835486932451,1,128,full,0.0,0.4543666656500381,4.262853730564917,6.520835486932451,1,126,,0.0,0.4543666656500381,4.262853730564917,6.520835486932451,1,125,,0.0,0.4543666656500381,4.262853730564917,6.520835486932451,1,128,,0.0,0.4543666656500381,4.262853730564917,6.520835486932451,1,ebe2d23f1547c2300f225ad7e810d831788ae1e3,147,0.0,0.4543666656500381,4.262853730564917,6.520835486932451,1,True
48f5eb23efa152e4,2021.06.08.16.31.33_veh-38_01589_02072,4,idm,52,,0.0,1.4462136430957113,0.8014175359915932,1.6864722398080407,1,54,,0.0,1.4462136430957113,0.8339863881528242,1.94702305709789,1,52,cheap,0.0,1.4462136430957113,0.8014175359915932,1.6864722398080407,1,54,,0.0,1.4462136430957113,0.8339863881528242,1.94702305709789,1,52,,0.0,1.433894585765884,2.4269436763018923,5.820690490402074,1,52,,0.0,1.4462136430957113,0.8014175359915932,1.6864722398080407,1,54,,0.0,1.4462136430957113,0.8339863881528242,1.94702305709789,1,94316d26f54cf6a44062bc380225bd2e8e4c48de,55,0.0,1.4462136430957113,0.8339863881528242,1.94702305709789,1,True
48f5eb23efa152e4,2021.06.08.16.31.33_veh-38_01589_02072,17,idm,41,,0.0,1.451707127691119,0.9957381265077728,2.0343985334401253,1,42,,0.0,1.4513585783596872,1.0140581983960388,1.5796458470311159,1,41,,0.0,1.451707127691119,0.9957381265077728,2.0343985334401253,1,42,full,0.0,1.4513585783596872,1.0140581983960388,1.5796458470311159,1,40,,0.0,1.4513585783596872,1.0140581983960388,1.5796458470311159,1,41,cheap,0.0,1.451707127691119,0.9957381265077728,2.0343985334401253,1,42,full,0.0,1.4513585783596872,1.0140581983960388,1.5796458470311159,1,e497e36db8f8ec67b2acf375ddf3f4d1519456f7,46,0.0,1.451707127691119,0.9957381265077728,2.0343985334401253,1,True
48f5eb23efa152e4,2021.06.08.16.31.33_veh-38_01589_02072,30,idm,39,,0.0,1.4301367203970206,1.1510647834305676,1.5440120066929708,1,41,,0.0,1.4301519428537544,1.1464461892313278,1.6040260881288857,1,39,,0.0,1.4301367203970206,1.1510647834305676,1.5440120066929708,1,41,,0.0,1.4301519428537544,1.1464461892313278,1.6040260881288857,1,39,,0.0,1.4301367203970206,1.1510647834305676,1.5440120066929708,1,39,cheap,0.0,1.4301367203970206,1.1510647834305676,1.5440120066929708,1,41,,0.0,1.4301519428537544,1.1464461892313278,1.6040260881288857,1,3b9dbb898a217aab4e837969726b7fdf95c045f2,45,0.0,1.4301519428537544,1.1464461892313278,1.6040260881288857,1,True
48f5eb23efa152e4,2021.06.08.16.31.33_veh-38_01589_02072,43,idm,32,,0.0,1.4421336749215163,1.2491956708566048,1.860586714617001,1,35,,0.0,1.442188855040591,1.2351152405143337,1.9853845281682876,1,31,,0.0,1.4421336749215163,1.2491956708566048,1.860586714617001,1,35,full,0.0,1.442188855040591,1.2351152405143337,1.9853845281682876,1,32,,0.0,1.4421336749215163,1.2491956708566048,1.860586714617001,1,32,cheap,0.0,1.4421336749215163,1.2491956708566048,1.860586714617001,1,34,,0.0,1.442188855040591,1.2351152405143337,1.9853845281682876,1,f40b4aebabede9447ef1374a48c3e97f4176f520,38,0.0,1.442188855040591,1.2351152405143337,1.9853845281682876,1,True
48f5eb23efa152e4,2021.06.08.16.31.33_veh-38_01589_02072,57,idm,31,,0.0,1.4577777769521778,1.2273934043165897,2.6211618694886125,1,35,,0.0,1.4577777769521778,1.2300276255578506,2.745799222709594,1,30,,0.0,1.4577777769521778,1.2273934043165897,2.6211618694886125,1,33,,0.0,1.4577777769521778,1.2300276255578506,2.745799222709594,1,32,,0.0,1.4577777769521778,1.2300276255578506,2.745799222709594,1,31,,0.0,1.4577777769521778,1.2273934043165897,2.6211618694886125,1,33,,0.0,1.4577777769521778,1.2300276255578506,2.745799222709594,1,64d9d0b24c808269edf4b637a072223c3f05a967,37,0.0,1.4577777769521778,1.2300276255578506,2.745799222709594,1,True
48f5eb23efa152e4,2021.06.08.16.31.33_veh-38_01589_02072,70,idm,38,,0.0,1.642952477496457,1.3928880555738417,2.976017142116687,1,36,,0.0,1.642952477496457,1.3928880555738417,2.976017142116687,1,37,,0.0,1.642952477496457,1.3928880555738417,2.976017142116687,1,36,full,0.0,1.642952477496457,1.3928880555738417,2.976017142116687,1,35,,0.0,1.642952477496457,1.3928880555738417,2.976017142116687,1,38,cheap,0.0,1.642952477496457,1.3928880555738417,2.976017142116687,1,36,full,0.0,1.642952477496457,1.3928880555738417,2.976017142116687,1,8e08214cd230c388587104078d391426ae6b71d1,39,0.0,1.642952477496457,1.3928880555738417,2.976017142116687,1,True
48f5eb23efa152e4,2021.06.08.16.31.33_veh-38_01589_02072,83,idm,45,,0.0,2.289180189074612,1.7599758536735985,3.4900160493433483,1,46,,0.0,2.289180189074612,1.7599758536735985,3.4900160493433483,1,45,cheap,0.0,2.289180189074612,1.7599758536735985,3.4900160493433483,1,46,,0.0,2.289180189074612,1.7599758536735985,3.4900160493433483,1,43,,0.0,2.289180189074612,1.7599758536735985,3.4900160493433483,1,45,cheap,0.0,2.289180189074612,1.7599758536735985,3.4900160493433483,1,46,,0.0,2.289180189074612,1.7599758536735985,3.4900160493433483,1,fa4154a8383912c294da33ca8db5aa7a54e90cdc,46,0.0,2.289180189074612,1.7599758536735985,3.4900160493433483,1,True
48f5eb23efa152e4,2021.06.08.16.31.33_veh-38_01589_02072,97,idm,47,,0.0,3.1094205412056164,2.3921960712534993,4.517309932309189,1,48,,0.0,3.1094205412056164,2.3921960712534993,4.517309932309189,1,46,,0.0,3.1094205412056164,2.3921960712534993,4.517309932309189,1,48,full,0.0,3.1094205412056164,2.3921960712534993,4.517309932309189,1,47,,0.0,3.1094205412056164,2.3921960712534993,4.517309932309189,1,47,cheap,0.0,3.1094205412056164,2.3921960712534993,4.517309932309189,1,48,,0.0,3.1094205412056164,2.3921960712534993,4.517309932309189,1,8b3a23750d2ad7ab15d074f15e540bef761f48b1,48,0.0,3.1094205412056164,2.3921960712534993,4.517309932309189,1,True
48f5eb23efa152e4,2021.06.08.16.31.33_veh-38_01589_02072,110,idm,44,,0.0,6.100928723826097,3.9385038746638226,7.230985600566623,1,48,,0.0,6.100928723826097,5.257768661194428,12.004316676867155,1,44,,0.0,6.100928723826097,3.9385038746638226,7.230985600566623,1,46,,0.0,6.100928723826097,3.9385038746638226,7.230985600566623,1,45,,0.0,6.100928723826097,3.9385038746638226,7.230985600566623,1,44,cheap,0.0,6.100928723826097,3.9385038746638226,7.230985600566623,1,48,full,0.0,6.100928723826097,5.257768661194428,12.004316676867155,1,18a9ffd1cbb73f0f01c9ff2d1ce968f9b85b7a5b,47,0.0,6.100928723826097,3.9385038746638226,7.230985600566623,1,True
48f5eb23efa152e4,2021.06.08.16.31.33_veh-38_01589_02072,123,idm,55,,0.0,6.911793145562397,2.6749122771660736,4.506558445058023,1,56,,0.0,6.911793145562397,2.6749122771660736,4.506558445058023,1,55,cheap,0.0,6.911793145562397,2.6749122771660736,4.506558445058023,1,56,full,0.0,6.911793145562397,2.6749122771660736,4.506558445058023,1,55,,0.0,6.911793145562397,2.6749122771660736,4.506558445058023,1,55,cheap,0.0,6.911793145562397,2.6749122771660736,4.506558445058023,1,56,full,0.0,6.911793145562397,2.6749122771660736,4.506558445058023,1,8d85fc828439e542b5c8e37be6a5a8ecc6885a9a,58,0.0,6.911793145562397,2.6749122771660736,4.506558445058023,1,True
48f5eb23efa152e4,2021.06.08.16.31.33_veh-38_01589_02072,137,idm,69,,0.0,8.237323930645521,2.1703858789137183,4.123783165128426,1,71,,0.0,8.237323930645521,2.1703858789137183,4.123783165128426,1,69,cheap,0.0,8.237323930645521,2.1703858789137183,4.123783165128426,1,70,,0.0,8.237323930645521,2.1703858789137183,4.123783165128426,1,70,,0.0,8.237323930645521,2.1703858789137183,4.123783165128426,1,69,cheap,0.0,8.237323930645521,2.1703858789137183,4.123783165128426,1,71,full,0.0,8.237323930645521,2.1703858789137183,4.123783165128426,1,45fb7f10936ab5f75a07b8500d0297ad7ce1651b,71,0.0,8.237323930645521,2.1703858789137183,4.123783165128426,1,True
48f5eb23efa152e4,2021.06.08.16.31.33_veh-38_01589_02072,150,idm,72,,0.0,4.973535083503749,2.137854470231684,4.876218704567511,1,73,,0.0,4.973535083503749,2.137854470231684,4.876218704567511,1,72,cheap,0.0,4.973535083503749,2.137854470231684,4.876218704567511,1,73,full,0.0,4.973535083503749,2.137854470231684,4.876218704567511,1,73,full,0.0,4.973535083503749,2.137854470231684,4.876218704567511,1,72,cheap,0.0,4.973535083503749,2.137854470231684,4.876218704567511,1,73,full,0.0,4.973535083503749,2.137854470231684,4.876218704567511,1,f65e4e37f08f69206ac313ab67f31b1d23e93fb2,74,0.0,4.973535083503749,2.137854470231684,4.876218704567511,1,True
48f5eb23efa152e4,2021.06.08.16.31.33_veh-38_01589_02072,163,idm,71,,0.0,9.811221653512538,1.8874392360773644,4.881335350797868,1,71,,0.0,9.811221653512538,1.8874392360773644,4.881335350797868,1,71,cheap,0.0,9.811221653512538,1.8874392360773644,4.881335350797868,1,71,,0.0,9.811221653512538,1.8874392360773644,4.881335350797868,1,71,full_nofp,0.0,9.811221653512538,1.8874392360773644,4.881335350797868,1,71,cheap,0.0,9.811221653512538,1.8874392360773644,4.881335350797868,1,71,full,0.0,9.811221653512538,1.8874392360773644,4.881335350797868,1,4e7d0201f22210ae88c4f3964403e0839bace71d,72,0.0,9.811221653512538,1.8874392360773644,4.881335350797868,1,True
48f5eb23efa152e4,2021.06.08.16.31.33_veh-38_01589_02072,176,idm,77,,0.0,9.238322317270788,2.585760402769426,9.049618181780687,1,79,,0.0,9.353955152496725,1.717321409140739,4.620896318830384,1,76,,0.0,9.353955152496725,1.717321409140739,4.620896318830384,1,77,,0.0,9.353955152496725,1.717321409140739,4.620896318830384,1,77,,0.0,9.353955152496725,1.717321409140739,4.620896318830384,1,77,,0.0,9.238322317270788,2.585760402769426,9.049618181780687,1,79,full,0.0,9.353955152496725,1.717321409140739,4.620896318830384,1,c9842a236c6a1fa32225448c19cd340f52414b73,78,0.0,9.353955152496725,1.717321409140739,4.620896318830384,1,True
48f5eb23efa152e4,2021.06.08.16.31.33_veh-38_01589_02072,190,idm,74,,0.0,7.98605914603887,1.8398329771099922,5.485172201493688,1,77,,0.0,7.98605914603887,1.8398329771099922,5.485172201493688,1,74,,0.0,7.98605914603887,1.8398329771099922,5.485172201493688,1,76,reference,0.0,7.98605914603887,1.8398329771099922,5.485172201493688,1,76,,0.0,7.98605914603887,1.8398329771099922,5.485172201493688,1,74,cheap,0.0,7.98605914603887,1.8398329771099922,5.485172201493688,1,77,full,0.0,7.98605914603887,1.8398329771099922,5.485172201493688,1,441b2499a5a0f283bd42010697f892f1b9759e52,76,0.0,7.98605914603887,1.8398329771099922,5.485172201493688,1,True
48f5eb23efa152e4,2021.06.08.16.31.33_veh-38_01589_02072,203,idm,87,,0.0,9.649024427037714,1.47699665255327,4.552687933068057,1,89,,0.0,9.649024427037714,1.47699665255327,4.552687933068057,1,86,,0.0,9.649024427037714,1.47699665255327,4.552687933068057,1,88,,0.0,9.649024427037714,1.47699665255327,4.552687933068057,1,88,,0.0,9.649024427037714,1.47699665255327,4.552687933068057,1,87,cheap,0.0,9.649024427037714,1.47699665255327,4.552687933068057,1,89,full,0.0,9.649024427037714,1.47699665255327,4.552687933068057,1,93069add23f24c4447f97b6222793f804ada84c4,89,0.0,9.649024427037714,1.47699665255327,4.552687933068057,1,True
48f5eb23efa152e4,2021.06.08.16.31.33_veh-38_01589_02072,216,idm,95,,0.0,8.454721361206783,1.502932465098443,4.88297925427599,1,96,reference,0.0,8.454721361206783,1.502932465098443,4.88297925427599,1,94,,0.0,8.454721361206783,1.502932465098443,4.88297925427599,1,96,reference,0.0,8.454721361206783,1.502932465098443,4.88297925427599,1,95,,0.0,8.454721361206783,1.502932465098443,4.88297925427599,1,95,cheap,0.0,8.454721361206783,1.502932465098443,4.88297925427599,1,96,,0.0,8.454721361206783,1.502932465098443,4.88297925427599,1,f5fadf91b13e5c6af6a8d7ea7c2266ff7bacba74,96,0.0,8.454721361206783,1.502932465098443,4.88297925427599,1,True
48f5eb23efa152e4,2021.06.08.16.31.33_veh-38_01589_02072,230,idm,98,,0.0,2.238820339898102,3.449110214062193,3.4187493981523867,1,101,,0.0,2.238820339898102,3.449110214062193,3.4187493981523867,1,97,,0.0,2.238820339898102,3.449110214062193,3.4187493981523867,1,99,,0.0,2.238820339898102,3.449110214062193,3.4187493981523867,1,100,,0.0,2.238820339898102,3.449110214062193,3.4187493981523867,1,98,cheap,0.0,2.238820339898102,3.449110214062193,3.4187493981523867,1,101,full,0.0,2.238820339898102,3.449110214062193,3.4187493981523867,1,0a0f327702b99633b7b6405e544454886a627334,103,0.0,2.238820339898102,3.449110214062193,3.4187493981523867,1,True
48f5eb23efa152e4,2021.06.08.16.31.33_veh-38_01589_02072,243,idm,101,,0.0,1.4041682591433735,3.4225894365300134,3.5035946115864744,1,104,,0.0,1.4041682591433735,3.4225894365300134,3.5035946115864744,1,100,,0.0,1.4041682591433735,3.4225894365300134,3.5035946115864744,1,103,,0.0,1.4041682591433735,3.4225894365300134,3.5035946115864744,1,103,,0.0,1.4041682591433735,3.4225894365300134,3.5035946115864744,1,101,,0.0,1.4041682591433735,3.4225894365300134,3.5035946115864744,1,103,,0.0,1.4041682591433735,3.4225894365300134,3.5035946115864744,1,4505cb44997050e359f7bfa0d1599d8fcb2c557c,106,0.0,1.4041682591433735,3.4225894365300134,3.5035946115864744,1,True
48f5eb23efa152e4,2021.06.08.16.31.33_veh-38_01589_02072,256,idm,105,,0.0,1.3826579894151114,3.42706558578285,3.6487851366608157,1,108,,0.0,1.3826579894151114,3.42706558578285,3.6487851366608157,1,105,,0.0,1.3826579894151114,3.42706558578285,3.6487851366608157,1,107,,0.0,1.3826579894151114,3.42706558578285,3.6487851366608157,1,107,,0.0,1.3826579894151114,3.42706558578285,3.6487851366608157,1,105,,0.0,1.3826579894151114,3.42706558578285,3.6487851366608157,1,108,,0.0,1.3826579894151114,3.42706558578285,3.6487851366608157,1,f1c6d7661e5840a62e2e9b75a918f60693fa1e35,111,0.0,1.3826579894151114,3.42706558578285,3.6487851366608157,1,True
48f5eb23efa152e4,2021.06.08.16.31.33_veh-38_01589_02072,270,idm,113,,0.0,1.372968404881479,3.473452778854822,3.961305066373473,1,114,,0.0,1.372968404881479,3.473452778854822,3.961305066373473,1,112,,0.0,1.372968404881479,3.473452778854822,3.961305066373473,1,114,,0.0,1.372968404881479,3.473452778854822,3.961305066373473,1,111,,0.0,1.372968404881479,3.473452778854822,3.961305066373473,1,113,,0.0,1.372968404881479,3.473452778854822,3.961305066373473,1,114,,0.0,1.372968404881479,3.473452778854822,3.961305066373473,1,46b0982655709a08a87058c87d39217793491ab0,118,0.0,1.372968404881479,3.473452778854822,3.961305066373473,1,True
48f5eb23efa152e4,2021.06.08.16.31.33_veh-38_01589_02072,283,idm,123,,0.0,1.105480283346678,3.5447624072454866,4.3686543350934635,1,124,,0.0,1.105480283346678,3.5447624072454866,4.3686543350934635,1,123,cheap,0.0,1.105480283346678,3.5447624072454866,4.3686543350934635,1,124,full,0.0,1.105480283346678,3.5447624072454866,4.3686543350934635,1,122,,0.0,1.105480283346678,3.5447624072454866,4.3686543350934635,1,123,cheap,0.0,1.105480283346678,3.5447624072454866,4.3686543350934635,1,124,,0.0,1.105480283346678,3.5447624072454866,4.3686543350934635,1,15940e29d335af53f47a97bcbd2128d906add97e,128,0.0,1.105480283346678,3.5447624072454866,4.3686543350934635,1,True
48f5eb23efa152e4,2021.06.08.16.31.33_veh-38_01589_02072,296,idm,122,,0.0,1.055206446248362,3.653898825410953,4.975503636843366,1,124,,0.0,1.055206446248362,3.653898825410953,4.975503636843366,1,122,cheap,0.0,1.055206446248362,3.653898825410953,4.975503636843366,1,123,,0.0,1.055206446248362,3.653898825410953,4.975503636843366,1,122,,0.0,1.055206446248362,3.653898825410953,4.975503636843366,1,122,,0.0,1.055206446248362,3.653898825410953,4.975503636843366,1,124,,0.0,1.055206446248362,3.653898825410953,4.975503636843366,1,13efc26c4d8061555e56a2b81f8f2d7217eec92c,126,0.0,1.055206446248362,3.653898825410953,4.975503636843366,1,True
48f5eb23efa152e4,2021.06.08.16.31.33_veh-38_01589_02072,310,idm,115,,0.0,1.0709121989200014,3.881378311837504,5.933893674477442,1,114,,0.0,1.0709121989200014,3.881378311837504,5.933893674477442,1,113,,0.0,1.0709121989200014,3.881378311837504,5.933893674477442,1,113,,0.0,1.0709121989200014,3.881378311837504,5.933893674477442,1,111,,0.0,1.0709121989200014,3.881378311837504,5.933893674477442,1,115,,0.0,1.0709121989200014,3.881378311837504,5.933893674477442,1,114,,0.0,1.0709121989200014,3.881378311837504,5.933893674477442,1,a239b26ea31d56b9f1d174cc906b56a6d8b498b6,117,0.0,1.0709121989200014,3.881378311837504,5.933893674477442,1,True
4d1b8ab237fc55c4,2021.06.03.12.02.06_veh-35_00233_00609,4,idm,108,,0.0,0.569453222684182,1.8350427043957276,3.8087376910869666,1,111,,0.0,0.569453222684182,1.8350427043957276,3.8087376910869666,1,108,cheap,0.0,0.569453222684182,1.8350427043957276,3.8087376910869666,1,109,,0.0,0.569453222684182,1.8350427043957276,3.8087376910869666,1,109,,0.0,0.569453222684182,1.8350427043957276,3.8087376910869666,1,108,,0.0,0.569453222684182,1.8350427043957276,3.8087376910869666,1,111,,0.0,0.569453222684182,1.8350427043957276,3.8087376910869666,1,a377689663a31080015eaca046872091a29f9822,128,0.0,0.569453222684182,1.8350427043957276,3.8087376910869666,1,True
4d1b8ab237fc55c4,2021.06.03.12.02.06_veh-35_00233_00609,17,idm,110,,0.0,0.5743528598869969,1.8346682783813644,3.806525239735795,1,110,,0.0,0.5743528598869969,1.8346682783813644,3.806525239735795,1,109,,0.0,0.5743528598869969,1.8346682783813644,3.806525239735795,1,110,,0.0,0.5743528598869969,1.8346682783813644,3.806525239735795,1,110,,0.0,0.5743528598869969,1.8346682783813644,3.806525239735795,1,110,,0.0,0.5743528598869969,1.8346682783813644,3.806525239735795,1,110,,0.0,0.5743528598869969,1.8346682783813644,3.806525239735795,1,ba0cd22ba6ea3553c376047778bda99baf0a910e,127,0.0,0.5743528598869969,1.8346682783813644,3.806525239735795,1,True
4d1b8ab237fc55c4,2021.06.03.12.02.06_veh-35_00233_00609,30,idm,110,,0.0,0.562823935696207,1.8348268434637043,3.807813756974677,1,111,,0.0,0.562823935696207,1.8348268434637043,3.807813756974677,1,110,,0.0,0.562823935696207,1.8348268434637043,3.807813756974677,1,111,,0.0,0.562823935696207,1.8348268434637043,3.807813756974677,1,110,,0.0,0.562823935696207,1.8348268434637043,3.807813756974677,1,110,,0.0,0.562823935696207,1.8348268434637043,3.807813756974677,1,111,,0.0,0.562823935696207,1.8348268434637043,3.807813756974677,1,a9565e0e2de8fc690b3cc9a44fde3163238f8b75,127,0.0,0.562823935696207,1.8348268434637043,3.807813756974677,1,True
4d1b8ab237fc55c4,2021.06.03.12.02.06_veh-35_00233_00609,43,idm,109,,0.0,0.5761529281118232,1.834503175844068,3.8073404108325106,1,110,,0.0,0.5761529281118232,1.834503175844068,3.8073404108325106,1,109,cheap,0.0,0.5761529281118232,1.834503175844068,3.8073404108325106,1,110,full,0.0,0.5761529281118232,1.834503175844068,3.8073404108325106,1,110,full,0.0,0.5761529281118232,1.834503175844068,3.8073404108325106,1,109,,0.0,0.5761529281118232,1.834503175844068,3.8073404108325106,1,110,,0.0,0.5761529281118232,1.834503175844068,3.8073404108325106,1,14c5b33f35ddd931f78042e24f461e4007ad72fd,125,0.0,0.5761529281118232,1.834503175844068,3.8073404108325106,1,True
4d1b8ab237fc55c4,2021.06.03.12.02.06_veh-35_00233_00609,57,idm,111,,0.0,0.5624085165298903,1.835043360317664,3.808595623588798,1,114,,0.0,0.5624085165298903,1.835043360317664,3.808595623588798,1,111,cheap,0.0,0.5624085165298903,1.835043360317664,3.808595623588798,1,113,,0.0,0.5624085165298903,1.835043360317664,3.808595623588798,1,111,cheap,0.0,0.5624085165298903,1.835043360317664,3.808595623588798,1,111,,0.0,0.5624085165298903,1.835043360317664,3.808595623588798,1,114,,0.0,0.5624085165298903,1.835043360317664,3.808595623588798,1,349a2e483c99cbcf9df0488e5bb394b28faf8338,131,0.0,0.5624085165298903,1.835043360317664,3.808595623588798,1,True
4d1b8ab237fc55c4,2021.06.03.12.02.06_veh-35_00233_00609,70,idm,108,,0.0,0.5702057413197031,1.8342734433872938,3.806738516273415,1,111,,0.0,0.5702057413197031,1.8342734433872938,3.806738516273415,1,108,cheap,0.0,0.5702057413197031,1.8342734433872938,3.806738516273415,1,109,,0.0,0.5702057413197031,1.8342734433872938,3.806738516273415,1,108,,0.0,0.5702057413197031,1.8342734433872938,3.806738516273415,1,108,,0.0,0.5702057413197031,1.8342734433872938,3.806738516273415,1,111,,0.0,0.5702057413197031,1.8342734433872938,3.806738516273415,1,5d09e7546a921d30e3076119df593907c554e9d1,127,0.0,0.5702057413197031,1.8342734433872938,3.806738516273415,1,True
4d1b8ab237fc55c4,2021.06.03.12.02.06_veh-35_00233_00609,83,idm,109,,0.0,0.5953635096376751,1.8337786778932195,3.806196947989965,1,112,,0.0,0.5953635096376751,1.8337786778932195,3.806196947989965,1,109,,0.0,0.5953635096376751,1.8337786778932195,3.806196947989965,1,112,,0.0,0.5953635096376751,1.8337786778932195,3.806196947989965,1,110,,0.0,0.5953635096376751,1.8337786778932195,3.806196947989965,1,109,,0.0,0.5953635096376751,1.8337786778932195,3.806196947989965,1,112,,0.0,0.5953635096376751,1.8337786778932195,3.806196947989965,1,3e68613d2559fdd4dba351dd4715c8af2cb56302,130,0.0,0.5953635096376751,1.8337786778932195,3.806196947989965,1,True
4d1b8ab237fc55c4,2021.06.03.12.02.06_veh-35_00233_00609,96,idm,111,,0.0,0.604996714284015,1.8340035706679352,3.8055573173601336,1,114,,0.0,0.604996714284015,1.8340035706679352,3.8055573173601336,1,111,cheap,0.0,0.604996714284015,1.8340035706679352,3.8055573173601336,1,113,,0.0,0.604996714284015,1.8340035706679352,3.8055573173601336,1,112,,0.0,0.604996714284015,1.8340035706679352,3.8055573173601336,1,111,,0.0,0.604996714284015,1.8340035706679352,3.8055573173601336,1,114,,0.0,0.604996714284015,1.8340035706679352,3.8055573173601336,1,2e7991cc1b118c1f08c93c1e88af01b3cfa09558,133,0.0,0.604996714284015,1.8340035706679352,3.8055573173601336,1,True
4d1b8ab237fc55c4,2021.06.03.12.02.06_veh-35_00233_00609,110,idm,109,,0.0,0.5621430600659096,1.8352170555585183,3.8089650003135427,1,110,,0.0,0.5621430600659096,1.8352170555585183,3.8089650003135427,1,109,cheap,0.0,0.5621430600659096,1.8352170555585183,3.8089650003135427,1,109,,0.0,0.5621430600659096,1.8352170555585183,3.8089650003135427,1,109,cheap,0.0,0.5621430600659096,1.8352170555585183,3.8089650003135427,1,109,,0.0,0.5621430600659096,1.8352170555585183,3.8089650003135427,1,110,,0.0,0.5621430600659096,1.8352170555585183,3.8089650003135427,1,a6760dd3f8b42013265c21cfcbaefd169e6cbf24,132,0.0,0.5621430600659096,1.8352170555585183,3.8089650003135427,1,True
4d1b8ab237fc55c4,2021.06.03.12.02.06_veh-35_00233_00609,123,idm,104,,0.0,0.5769699903528884,1.8334789151668427,3.804657975977163,1,105,,0.0,0.5769699903528884,1.8334789151668427,3.804657975977163,1,104,cheap,0.0,0.5769699903528884,1.8334789151668427,3.804657975977163,1,104,,0.0,0.5769699903528884,1.8334789151668427,3.804657975977163,1,104,cheap,0.0,0.5769699903528884,1.8334789151668427,3.804657975977163,1,104,,0.0,0.5769699903528884,1.8334789151668427,3.804657975977163,1,105,,0.0,0.5769699903528884,1.8334789151668427,3.804657975977163,1,803926e8ecabf172d21e91cf052023aa5d81c51c,126,0.0,0.5769699903528884,1.8334789151668427,3.804657975977163,1,True
4d1b8ab237fc55c4,2021.06.03.12.02.06_veh-35_00233_00609,136,idm,104,,0.0,0.5660469786467386,1.8321377625341704,3.8008603619665546,1,106,,0.0,0.5660469786467386,1.8321377625341704,3.8008603619665546,1,104,cheap,0.0,0.5660469786467386,1.8321377625341704,3.8008603619665546,1,105,,0.0,0.5660469786467386,1.8321377625341704,3.8008603619665546,1,104,cheap,0.0,0.5660469786467386,1.8321377625341704,3.8008603619665546,1,104,,0.0,0.5660469786467386,1.8321377625341704,3.8008603619665546,1,106,,0.0,0.5660469786467386,1.8321377625341704,3.8008603619665546,1,a55046f8a40ec828fdc4be87fe86ab08c46993df,128,0.0,0.5660469786467386,1.8321377625341704,3.8008603619665546,1,True
4d1b8ab237fc55c4,2021.06.03.12.02.06_veh-35_00233_00609,149,idm,101,,0.0,0.5934928635747941,1.8337993902206702,3.803547795880038,1,102,,0.0,0.5934928635747941,1.8337993902206702,3.803547795880038,1,101,cheap,0.0,0.5934928635747941,1.8337993902206702,3.803547795880038,1,101,,0.0,0.5934928635747941,1.8337993902206702,3.803547795880038,1,101,full_nofp,0.0,0.5934928635747941,1.8337993902206702,3.803547795880038,1,101,,0.0,0.5934928635747941,1.8337993902206702,3.803547795880038,1,102,,0.0,0.5934928635747941,1.8337993902206702,3.803547795880038,1,9fbe0428212fc929ac4882e0c88d84e0721c6ae0,124,0.0,0.5934928635747941,1.8337993902206702,3.803547795880038,1,True
4d1b8ab237fc55c4,2021.06.03.12.02.06_veh-35_00233_00609,163,idm,102,,0.0,0.5972555327187655,1.8345851785979355,3.806278126022575,1,105,,0.0,0.5972555327187655,1.8345851785979355,3.806278126022575,1,102,cheap,0.0,0.5972555327187655,1.8345851785979355,3.806278126022575,1,103,,0.0,0.5972555327187655,1.8345851785979355,3.806278126022575,1,103,full_nofp,0.0,0.5972555327187655,1.8345851785979355,3.806278126022575,1,102,,0.0,0.5972555327187655,1.8345851785979355,3.806278126022575,1,105,,0.0,0.5972555327187655,1.8345851785979355,3.806278126022575,1,9b062e96541553aebabee87ff8a868d27bf1a17e,126,0.0,0.5972555327187655,1.8345851785979355,3.806278126022575,1,True
4d1b8ab237fc55c4,2021.06.03.12.02.06_veh-35_00233_00609,176,idm,105,,0.0,0.5917127975097879,1.8305050587381695,3.796802294580068,1,108,,0.0,0.5917127975097879,1.8305050587381695,3.796802294580068,1,104,,0.0,0.5917127975097879,1.8305050587381695,3.796802294580068,1,107,,0.0,0.5917127975097879,1.8305050587381695,3.796802294580068,1,104,,0.0,0.5917127975097879,1.8305050587381695,3.796802294580068,1,105,,0.0,0.5917127975097879,1.8305050587381695,3.796802294580068,1,108,,0.0,0.5917127975097879,1.8305050587381695,3.796802294580068,1,908c99cc8d132d1b996fa71cfb0838f685e5d5fa,127,0.0,0.5917127975097879,1.8305050587381695,3.796802294580068,1,True
4d1b8ab237fc55c4,2021.06.03.12.02.06_veh-35_00233_00609,189,idm,101,,0.0,0.5984170328879761,1.8351757956253838,3.808205857070445,1,106,,0.0,0.5984170328879761,1.8351757956253838,3.808205857070445,1,101,cheap,0.0,0.5984170328879761,1.8351757956253838,3.808205857070445,1,103,,0.0,0.5984170328879761,1.8351757956253838,3.808205857070445,1,101,,0.0,0.5984170328879761,1.8351757956253838,3.808205857070445,1,101,,0.0,0.5984170328879761,1.8351757956253838,3.808205857070445,1,106,,0.0,0.5984170328879761,1.8351757956253838,3.808205857070445,1,460e7fe4b53e8c93f1c3f31507032b15ceebaaaa,126,0.0,0.5984170328879761,1.8351757956253838,3.808205857070445,1,True
4d1b8ab237fc55c4,2021.06.03.12.02.06_veh-35_00233_00609,202,idm,104,,0.0,0.599868290091587,1.8330254435979332,3.8033381878819887,1,106,,0.0,0.599868290091587,1.8330254435979332,3.8033381878819887,1,104,cheap,0.0,0.599868290091587,1.8330254435979332,3.8033381878819887,1,105,,0.0,0.599868290091587,1.8330254435979332,3.8033381878819887,1,103,,0.0,0.599868290091587,1.8330254435979332,3.8033381878819887,1,104,,0.0,0.599868290091587,1.8330254435979332,3.8033381878819887,1,106,,0.0,0.599868290091587,1.8330254435979332,3.8033381878819887,1,a6308760af8dfb3d6b8ce487ecf2e8e17dd77c06,125,0.0,0.599868290091587,1.8330254435979332,3.8033381878819887,1,True
4d1b8ab237fc55c4,2021.06.03.12.02.06_veh-35_00233_00609,216,idm,103,,0.0,0.5723378060106074,1.833959677764905,3.807346935079261,1,104,,0.0,0.5723378060106074,1.833959677764905,3.807346935079261,1,102,,0.0,0.5723378060106074,1.833959677764905,3.807346935079261,1,103,,0.0,0.5723378060106074,1.833959677764905,3.807346935079261,1,101,,0.0,0.5723378060106074,1.833959677764905,3.807346935079261,1,103,,0.0,0.5723378060106074,1.833959677764905,3.807346935079261,1,104,,0.0,0.5723378060106074,1.833959677764905,3.807346935079261,1,0d6a7760ad803130f1efac515f661e5b90f8287b,122,0.0,0.5723378060106074,1.833959677764905,3.807346935079261,1,True
4d1b8ab237fc55c4,2021.06.03.12.02.06_veh-35_00233_00609,229,idm,105,,0.0,0.5963149756982491,1.83419200723485,3.806672464252039,1,110,,0.0,0.5963149756982491,1.83419200723485,3.806672464252039,1,104,,0.0,0.5963149756982491,1.83419200723485,3.806672464252039,1,107,,0.0,0.5963149756982491,1.83419200723485,3.806672464252039,1,104,,0.0,0.5963149756982491,1.83419200723485,3.806672464252039,1,105,,0.0,0.5963149756982491,1.83419200723485,3.806672464252039,1,110,,0.0,0.5963149756982491,1.83419200723485,3.806672464252039,1,f8cbfc3d1a04a2b8f073c9ab3be1ace3eff42582,126,0.0,0.5963149756982491,1.83419200723485,3.806672464252039,1,True
4d1b8ab237fc55c4,2021.06.03.12.02.06_veh-35_00233_00609,242,idm,102,,0.0,0.5769368363145002,1.8369045671035464,3.814959689305753,1,104,,0.0,0.5769368363145002,1.8369045671035464,3.814959689305753,1,102,cheap,0.0,0.5769368363145002,1.8369045671035464,3.814959689305753,1,103,,0.0,0.5769368363145002,1.8369045671035464,3.814959689305753,1,103,,0.0,0.5769368363145002,1.8369045671035464,3.814959689305753,1,102,,0.0,0.5769368363145002,1.8369045671035464,3.814959689305753,1,104,,0.0,0.5769368363145002,1.8369045671035464,3.814959689305753,1,bcdd177615b8fadd53c8b66a9891ac689c5b2a78,123,0.0,0.5769368363145002,1.8369045671035464,3.814959689305753,1,True
4d1b8ab237fc55c4,2021.06.03.12.02.06_veh-35_00233_00609,255,idm,96,,0.0,0.6035099183257394,1.8340303503460216,3.806313233948594,1,101,,0.0,0.6035099183257394,1.8340303503460216,3.806313233948594,1,96,cheap,0.0,0.6035099183257394,1.8340303503460216,3.806313233948594,1,100,,0.0,0.6035099183257394,1.8340303503460216,3.806313233948594,1,98,,0.0,0.6035099183257394,1.8340303503460216,3.806313233948594,1,96,,0.0,0.6035099183257394,1.8340303503460216,3.806313233948594,1,101,,0.0,0.6035099183257394,1.8340303503460216,3.806313233948594,1,c2a876edded9eb98d698b76d7901c679cac4998d,116,0.0,0.6035099183257394,1.8340303503460216,3.806313233948594,1,True
4d1b8ab237fc55c4,2021.06.03.12.02.06_veh-35_00233_00609,269,idm,91,,0.0,0.6273734336585549,1.8348140212342123,3.8092512935819713,1,95,,0.0,0.6273734336585549,1.8348140212342123,3.8092512935819713,1,91,cheap,0.0,0.6273734336585549,1.8348140212342123,3.8092512935819713,1,94,,0.0,0.6273734336585549,1.8348140212342123,3.8092512935819713,1,91,,0.0,0.6273734336585549,1.8348140212342123,3.8092512935819713,1,91,,0.0,0.6273734336585549,1.8348140212342123,3.8092512935819713,1,95,,0.0,0.6273734336585549,1.8348140212342123,3.8092512935819713,1,30e176c10a59f71db8e71f805b4df8ca18bd3596,109,0.0,0.6273734336585549,1.8348140212342123,3.8092512935819713,1,True
4d1b8ab237fc55c4,2021.06.03.12.02.06_veh-35_00233_00609,282,idm,90,,0.0,0.6323248873071156,1.8313294788888739,3.7974986655348477,1,93,,0.0,0.6323248873071156,1.8313294788888739,3.7974986655348477,1,90,cheap,0.0,0.6323248873071156,1.8313294788888739,3.7974986655348477,1,92,,0.0,0.6323248873071156,1.8313294788888739,3.7974986655348477,1,88,,0.0,0.6323248873071156,1.8313294788888739,3.7974986655348477,1,90,,0.0,0.6323248873071156,1.8313294788888739,3.7974986655348477,1,93,,0.0,0.6323248873071156,1.8313294788888739,3.7974986655348477,1,ec8b2c13faf4cbb26bf395d7d79bad335cab0900,106,0.0,0.6323248873071156,1.8313294788888739,3.7974986655348477,1,True
4d1b8ab237fc55c4,2021.06.03.12.02.06_veh-35_00233_00609,295,idm,88,,0.0,0.6285721023261255,1.831676879269817,3.7979223891973675,1,89,,0.0,0.6285721023261255,1.831676879269817,3.7979223891973675,1,88,cheap,0.0,0.6285721023261255,1.831676879269817,3.7979223891973675,1,88,,0.0,0.6285721023261255,1.831676879269817,3.7979223891973675,1,87,,0.0,0.6285721023261255,1.831676879269817,3.7979223891973675,1,88,,0.0,0.6285721023261255,1.831676879269817,3.7979223891973675,1,89,,0.0,0.6285721023261255,1.831676879269817,3.7979223891973675,1,e800beca4d71095144306c443eead1d62122378b,104,0.0,0.6285721023261255,1.831676879269817,3.7979223891973675,1,True
4d1b8ab237fc55c4,2021.06.03.12.02.06_veh-35_00233_00609,309,idm,87,,0.0,0.6409443611380993,1.832499750253314,3.8013232343267096,1,92,,0.0,0.6409443611380993,1.832499750253314,3.8013232343267096,1,87,,0.0,0.6409443611380993,1.832499750253314,3.8013232343267096,1,89,,0.0,0.6409443611380993,1.832499750253314,3.8013232343267096,1,86,,0.0,0.6409443611380993,1.832499750253314,3.8013232343267096,1,87,,0.0,0.6409443611380993,1.832499750253314,3.8013232343267096,1,92,,0.0,0.6409443611380993,1.832499750253314,3.8013232343267096,1,39651f330eda7a0b7a9c7099c3fcdb61fd37d800,102,0.0,0.6409443611380993,1.832499750253314,3.8013232343267096,1,True
5158c5c1b59a5683,2021.06.03.13.55.17_veh-35_00073_00426,4,idm,154,,0.0,1.4134703970779556,0.7417297601985464,1.1406984703478777,1,157,,0.0,1.4134703970779556,0.7417297601985464,1.1406984703478777,1,152,,0.0,1.4134703970779556,0.7417297601985464,1.1406984703478777,1,155,,0.0,1.4134703970779556,0.7417297601985464,1.1406984703478777,1,154,,0.0,1.4134703970779556,0.7417297601985464,1.1406984703478777,1,154,,0.0,1.4134703970779556,0.7417297601985464,1.1406984703478777,1,157,,0.0,1.4134703970779556,0.7417297601985464,1.1406984703478777,1,8b9f508285fbb366d96b119850d85c476dd0e8af,171,0.0,1.4134703970779556,0.7417297601985464,1.1406984703478777,1,True
5158c5c1b59a5683,2021.06.03.13.55.17_veh-35_00073_00426,17,idm,155,,0.0,1.4138451023987018,0.7416380276618891,1.1406917429204688,1,158,,0.0,1.4138451023987018,0.7416380276618891,1.1406917429204688,1,153,,0.0,1.4138451023987018,0.7416380276618891,1.1406917429204688,1,158,full,0.0,1.4138451023987018,0.7416380276618891,1.1406917429204688,1,155,,0.0,1.4138451023987018,0.7416380276618891,1.1406917429204688,1,155,,0.0,1.4138451023987018,0.7416380276618891,1.1406917429204688,1,158,,0.0,1.4138451023987018,0.7416380276618891,1.1406917429204688,1,4eb6ca75ff2509ecdcc34927a3d53cc51e0e7783,173,0.0,1.4138451023987018,0.7416380276618891,1.1406917429204688,1,True
5158c5c1b59a5683,2021.06.03.13.55.17_veh-35_00073_00426,30,idm,157,,0.0,1.4159326565496309,0.7414227230054303,1.1406980317280058,1,161,,0.0,1.4159326565496309,0.7414227230054303,1.1406980317280058,1,155,,0.0,1.4159326565496309,0.7414227230054303,1.1406980317280058,1,160,,0.0,1.4159326565496309,0.7414227230054303,1.1406980317280058,1,160,,0.0,1.4159326565496309,0.7414227230054303,1.1406980317280058,1,157,,0.0,1.4159326565496309,0.7414227230054303,1.1406980317280058,1,161,,0.0,1.4159326565496309,0.7414227230054303,1.1406980317280058,1,168ac61cd53b734048b65935b5eceaa7b79ffc45,173,0.0,1.4159326565496309,0.7414227230054303,1.1406980317280058,1,True
5158c5c1b59a5683,2021.06.03.13.55.17_veh-35_00073_00426,43,idm,158,,0.0,1.4206246535771831,0.7417011529101956,1.1407325537866928,1,161,,0.0,1.4206246535771831,0.7417011529101956,1.1407325537866928,1,157,,0.0,1.4206246535771831,0.7417011529101956,1.1407325537866928,1,161,,0.0,1.4206246535771831,0.7417011529101956,1.1407325537866928,1,158,,0.0,1.4206246535771831,0.7417011529101956,1.1407325537866928,1,158,,0.0,1.4206246535771831,0.7417011529101956,1.1407325537866928,1,161,,0.0,1.4206246535771831,0.7417011529101956,1.1407325537866928,1,f1d5a615106432415c764729df129b97781722d0,174,0.0,1.4206246535771831,0.7417011529101956,1.1407325537866928,1,True
5158c5c1b59a5683,2021.06.03.13.55.17_veh-35_00073_00426,57,idm,157,,0.0,1.4138450987311177,0.7413082614468611,1.140628429204403,1,160,,0.0,1.4138450987311177,0.7413082614468611,1.140628429204403,1,155,,0.0,1.4138450987311177,0.7413082614468611,1.140628429204403,1,159,,0.0,1.4138450987311177,0.7413082614468611,1.140628429204403,1,157,,0.0,1.4138450987311177,0.7413082614468611,1.140628429204403,1,157,,0.0,1.4138450987311177,0.7413082614468611,1.140628429204403,1,160,,0.0,1.4138450987311177,0.7413082614468611,1.140628429204403,1,647db32dc4fe1c6107dbfbe196dea14d2ff3dcea,171,0.0,1.4138450987311177,0.7413082614468611,1.140628429204403,1,True
5158c5c1b59a5683,2021.06.03.13.55.17_veh-35_00073_00426,70,idm,153,,0.0,1.4065308700025874,0.7415688450581266,1.1406651665725127,1,156,,0.0,1.4065308700025874,0.7415688450581266,1.1406651665725127,1,151,,0.0,1.4065308700025874,0.7415688450581266,1.1406651665725127,1,155,,0.0,1.4065308700025874,0.7415688450581266,1.1406651665725127,1,153,,0.0,1.4065308700025874,0.7415688450581266,1.1406651665725127,1,153,,0.0,1.4065308700025874,0.7415688450581266,1.1406651665725127,1,156,,0.0,1.4065308700025874,0.7415688450581266,1.1406651665725127,1,a3ba12d559a841a12d9f3a65c9982f29db6ce968,167,0.0,1.4065308700025874,0.7415688450581266,1.1406651665725127,1,True
5158c5c1b59a5683,2021.06.03.13.55.17_veh-35_00073_00426,83,idm,153,,0.0,1.4145832148353192,0.7415201925768902,1.1407542414148044,1,155,,0.0,1.4145832148353192,0.7415201925768902,1.1407542414148044,1,151,,0.0,1.4145832148353192,0.7415201925768902,1.1407542414148044,1,155,,0.0,1.4145832148353192,0.7415201925768902,1.1407542414148044,1,152,,0.0,1.4145832148353192,0.7415201925768902,1.1407542414148044,1,153,,0.0,1.4145832148353192,0.7415201925768902,1.1407542414148044,1,155,,0.0,1.4145832148353192,0.7415201925768902,1.1407542414148044,1,ccfd7a7c4c2539b00b704fb1ffbd8c5ed97203a3,168,0.0,1.4145832148353192,0.7415201925768902,1.1407542414148044,1,True
5158c5c1b59a5683,2021.06.03.13.55.17_veh-35_00073_00426,96,idm,150,,0.0,1.4069502412788977,0.7415927404576945,1.1407606863557007,1,159,,0.0,1.4069502412788977,0.7415927404576945,1.1407606863557007,1,149,,0.0,1.4069502412788977,0.7415927404576945,1.1407606863557007,1,156,,0.0,1.4069502412788977,0.7415927404576945,1.1407606863557007,1,152,,0.0,1.4069502412788977,0.7415927404576945,1.1407606863557007,1,150,,0.0,1.4069502412788977,0.7415927404576945,1.1407606863557007,1,159,,0.0,1.4069502412788977,0.7415927404576945,1.1407606863557007,1,c7a06c0162b08d8977303ec78c14452265201fff,167,0.0,1.4069502412788977,0.7415927404576945,1.1407606863557007,1,True
5158c5c1b59a5683,2021.06.03.13.55.17_veh-35_00073_00426,110,idm,154,,0.0,1.4065308848061053,0.7416132773935367,1.140765366824038,1,161,,0.0,1.4065308848061053,0.7416132773935367,1.140765366824038,1,152,,0.0,1.4065308848061053,0.7416132773935367,1.140765366824038,1,160,,0.0,1.4065308848061053,0.7416132773935367,1.140765366824038,1,154,,0.0,1.4065308848061053,0.7416132773935367,1.140765366824038,1,154,,0.0,1.4065308848061053,0.7416132773935367,1.140765366824038,1,161,,0.0,1.4065308848061053,0.7416132773935367,1.140765366824038,1,ce6de184ab11b6f7ed58f0d63f545d693d694809,169,0.0,1.4065308848061053,0.7416132773935367,1.140765366824038,1,True
5158c5c1b59a5683,2021.06.03.13.55.17_veh-35_00073_00426,123,idm,152,,0.0,1.409551326176763,0.7415302802187764,1.1407484909651542,1,164,,0.0,1.409551326176763,0.7415302802187764,1.1407484909651542,1,152,,0.0,1.409551326176763,0.7415302802187764,1.1407484909651542,1,160,,0.0,1.409551326176763,0.7415302802187764,1.1407484909651542,1,154,,0.0,1.409551326176763,0.7415302802187764,1.1407484909651542,1,152,,0.0,1.409551326176763,0.7415302802187764,1.1407484909651542,1,164,,0.0,1.409551326176763,0.7415302802187764,1.1407484909651542,1,664c23e7fa65486f179beeaf157018174a837fac,170,0.0,1.409551326176763,0.7415302802187764,1.1407484909651542,1,True
5158c5c1b59a5683,2021.06.03.13.55.17_veh-35_00073_00426,136,idm,152,,0.0,1.4069502397338403,0.7414688780879151,1.1407770960538335,1,164,,0.0,1.4069502397338403,0.7414688780879151,1.1407770960538335,1,150,,0.0,1.4069502397338403,0.7414688780879151,1.1407770960538335,1,159,,0.0,1.4069502397338403,0.7414688780879151,1.1407770960538335,1,152,,0.0,1.4069502397338403,0.7414688780879151,1.1407770960538335,1,152,,0.0,1.4069502397338403,0.7414688780879151,1.1407770960538335,1,164,,0.0,1.4069502397338403,0.7414688780879151,1.1407770960538335,1,b6528954f53bbb6d64af4175e10d1fbffde0ba1d,169,0.0,1.4069502397338403,0.7414688780879151,1.1407770960538335,1,True
5158c5c1b59a5683,2021.06.03.13.55.17_veh-35_00073_00426,149,idm,152,,0.0,1.412823537833812,0.741548475934874,1.140727057685456,1,160,,0.0,1.412823537833812,0.741548475934874,1.140727057685456,1,150,,0.0,1.412823537833812,0.741548475934874,1.140727057685456,1,157,,0.0,1.412823537833812,0.741548475934874,1.140727057685456,1,151,,0.0,1.412823537833812,0.741548475934874,1.140727057685456,1,152,,0.0,1.412823537833812,0.741548475934874,1.140727057685456,1,160,,0.0,1.412823537833812,0.741548475934874,1.140727057685456,1,da1b07c4f854dc267b3c25309157f766e19ccbb1,169,0.0,1.412823537833812,0.741548475934874,1.140727057685456,1,True
5158c5c1b59a5683,2021.06.03.13.55.17_veh-35_00073_00426,163,idm,149,,0.0,1.4095513230702532,0.7415827756921785,1.1407521349449539,1,161,,0.0,1.4095513230702532,0.7415827756921785,1.1407521349449539,1,148,,0.0,1.4095513230702532,0.7415827756921785,1.1407521349449539,1,156,,0.0,1.4095513230702532,0.7415827756921785,1.1407521349449539,1,152,,0.0,1.4095513230702532,0.7415827756921785,1.1407521349449539,1,149,,0.0,1.4095513230702532,0.7415827756921785,1.1407521349449539,1,161,,0.0,1.4095513230702532,0.7415827756921785,1.1407521349449539,1,7f23b02c5904cfb4236752870fd26b38c187c98f,166,0.0,1.4095513230702532,0.7415827756921785,1.1407521349449539,1,True
5158c5c1b59a5683,2021.06.03.13.55.17_veh-35_00073_00426,176,idm,149,,0.0,1.423228441918872,0.741428196435467,1.1407370543924025,1,158,,0.0,1.423228441918872,0.741428196435467,1.1407370543924025,1,147,,0.0,1.423228441918872,0.741428196435467,1.1407370543924025,1,156,,0.0,1.423228441918872,0.741428196435467,1.1407370543924025,1,150,,0.0,1.423228441918872,0.741428196435467,1.1407370543924025,1,149,,0.0,1.423228441918872,0.741428196435467,1.1407370543924025,1,158,,0.0,1.423228441918872,0.741428196435467,1.1407370543924025,1,f0f702e377c18c45733f349eda4dc9c723fde497,166,0.0,1.423228441918872,0.741428196435467,1.1407370543924025,1,True
5158c5c1b59a5683,2021.06.03.13.55.17_veh-35_00073_00426,189,idm,147,,0.0,1.4282246015911728,0.7415783445345561,1.1407127935798094,1,159,,0.0,1.4282246015911728,0.7415783445345561,1.1407127935798094,1,146,,0.0,1.4282246015911728,0.7415783445345561,1.1407127935798094,1,157,,0.0,1.4282246015911728,0.7415783445345561,1.1407127935798094,1,149,,0.0,1.4282246015911728,0.7415783445345561,1.1407127935798094,1,147,,0.0,1.4282246015911728,0.7415783445345561,1.1407127935798094,1,159,,0.0,1.4282246015911728,0.7415783445345561,1.1407127935798094,1,2ec0a42f034836d0a04da954b86cb78efac92443,169,0.0,1.4282246015911728,0.7415783445345561,1.1407127935798094,1,True
5158c5c1b59a5683,2021.06.03.13.55.17_veh-35_00073_00426,202,idm,144,,0.0,1.4224115493182417,0.7414787655615238,1.1406920386697323,1,153,,0.0,1.4224115493182417,0.7414787655615238,1.1406920386697323,1,143,,0.0,1.4224115493182417,0.7414787655615238,1.1406920386697323,1,150,,0.0,1.4224115493182417,0.7414787655615238,1.1406920386697323,1,146,,0.0,1.4224115493182417,0.7414787655615238,1.1406920386697323,1,144,,0.0,1.4224115493182417,0.7414787655615238,1.1406920386697323,1,153,,0.0,1.4224115493182417,0.7414787655615238,1.1406920386697323,1,55b0f8ab245d30d58d2ca1132eb4bbb75a06d0b9,167,0.0,1.4224115493182417,0.7414787655615238,1.1406920386697323,1,True
5158c5c1b59a5683,2021.06.03.13.55.17_veh-35_00073_00426,216,idm,146,,0.0,1.415793500203364,0.7415971246124906,1.140672716810714,1,159,,0.0,1.415793500203364,0.7415971246124906,1.140672716810714,1,144,,0.0,1.415793500203364,0.7415971246124906,1.140672716810714,1,155,,0.0,1.415793500203364,0.7415971246124906,1.140672716810714,1,149,,0.0,1.415793500203364,0.7415971246124906,1.140672716810714,1,146,cheap,0.0,1.415793500203364,0.7415971246124906,1.140672716810714,1,159,,0.0,1.415793500203364,0.7415971246124906,1.140672716810714,1,7df5dee7cb6f56931baadd4023f9b3d27b1ed50e,169,0.0,1.415793500203364,0.7415971246124906,1.140672716810714,1,True
5158c5c1b59a5683,2021.06.03.13.55.17_veh-35_00073_00426,229,idm,150,,0.0,1.428224598386022,0.7415280146548813,1.140648228504042,1,160,,0.0,1.428224598386022,0.7415280146548813,1.140648228504042,1,148,,0.0,1.428224598386022,0.7415280146548813,1.140648228504042,1,156,,0.0,1.428224598386022,0.7415280146548813,1.140648228504042,1,152,,0.0,1.428224598386022,0.7415280146548813,1.140648228504042,1,150,,0.0,1.428224598386022,0.7415280146548813,1.140648228504042,1,159,,0.0,1.428224598386022,0.7415280146548813,1.140648228504042,1,21a6e644a2cc3fa41340ecd9224f97b2cd784f19,170,0.0,1.428224598386022,0.7415280146548813,1.140648228504042,1,True
5158c5c1b59a5683,2021.06.03.13.55.17_veh-35_00073_00426,242,idm,152,,0.0,1.4317844226106446,0.7415009622561387,1.1406662887933574,1,160,,0.0,1.4317844226106446,0.7415009622561387,1.1406662887933574,1,151,,0.0,1.4317844226106446,0.7415009622561387,1.1406662887933574,1,158,,0.0,1.4317844226106446,0.7415009622561387,1.1406662887933574,1,153,,0.0,1.4317844226106446,0.7415009622561387,1.1406662887933574,1,152,,0.0,1.4317844226106446,0.7415009622561387,1.1406662887933574,1,160,,0.0,1.4317844226106446,0.7415009622561387,1.1406662887933574,1,a74e282d9fa67bd411283a16ee02267c16efff00,174,0.0,1.4317844226106446,0.7415009622561387,1.1406662887933574,1,True
5158c5c1b59a5683,2021.06.03.13.55.17_veh-35_00073_00426,255,idm,154,,0.0,1.4147783878392644,0.7414466609982278,1.1406785026719697,1,161,,0.0,1.4147783878392644,0.7414466609982278,1.1406785026719697,1,154,cheap,0.0,1.4147783878392644,0.7414466609982278,1.1406785026719697,1,160,,0.0,1.4147783878392644,0.7414466609982278,1.1406785026719697,1,151,,0.0,1.4147783878392644,0.7414466609982278,1.1406785026719697,1,154,,0.0,1.4147783878392644,0.7414466609982278,1.1406785026719697,1,160,,0.0,1.4147783878392644,0.7414466609982278,1.1406785026719697,1,38e55d061f1f4ec2c1c8f74ee7978ed15d5b3e3e,173,0.0,1.4147783878392644,0.7414466609982278,1.1406785026719697,1,True
5158c5c1b59a5683,2021.06.03.13.55.17_veh-35_00073_00426,269,idm,149,,0.0,1.4281737045985476,0.7414331675233921,1.1406802844272328,1,156,,0.0,1.4281737045985476,0.7414331675233921,1.1406802844272328,1,149,cheap,0.0,1.4281737045985476,0.7414331675233921,1.1406802844272328,1,155,,0.0,1.4281737045985476,0.7414331675233921,1.1406802844272328,1,151,,0.0,1.4281737045985476,0.7414331675233921,1.1406802844272328,1,149,,0.0,1.4281737045985476,0.7414331675233921,1.1406802844272328,1,156,,0.0,1.4281737045985476,0.7414331675233921,1.1406802844272328,1,6c0bf2d4b204c26d10b97bd5d79ead7853ec8cdd,170,0.0,1.4281737045985476,0.7414331675233921,1.1406802844272328,1,True
5158c5c1b59a5683,2021.06.03.13.55.17_veh-35_00073_00426,282,idm,154,,0.0,1.4220472826253443,0.7414292890321621,1.1407111412464919,1,163,,0.0,1.4220472826253443,0.7414292890321621,1.1407111412464919,1,153,,0.0,1.4220472826253443,0.7414292890321621,1.1407111412464919,1,160,,0.0,1.4220472826253443,0.7414292890321621,1.1407111412464919,1,156,,0.0,1.4220472826253443,0.7414292890321621,1.1407111412464919,1,154,,0.0,1.4220472826253443,0.7414292890321621,1.1407111412464919,1,163,,0.0,1.4220472826253443,0.7414292890321621,1.1407111412464919,1,c43f930cb32d442e40a8e61147c6160fa6a725b9,171,0.0,1.4220472826253443,0.7414292890321621,1.1407111412464919,1,True
5158c5c1b59a5683,2021.06.03.13.55.17_veh-35_00073_00426,295,idm,155,,0.0,1.4147783864441417,0.7414028236757947,1.1406833281492104,1,162,,0.0,1.4147783864441417,0.7414028236757947,1.1406833281492104,1,155,,0.0,1.4147783864441417,0.7414028236757947,1.1406833281492104,1,159,,0.0,1.4147783864441417,0.7414028236757947,1.1406833281492104,1,157,,0.0,1.4147783864441417,0.7414028236757947,1.1406833281492104,1,155,,0.0,1.4147783864441417,0.7414028236757947,1.1406833281492104,1,162,,0.0,1.4147783864441417,0.7414028236757947,1.1406833281492104,1,31b4f05cb386b1f6faee0a12de0455164320206e,181,0.0,1.4147783864441417,0.7414028236757947,1.1406833281492104,1,True
5158c5c1b59a5683,2021.06.03.13.55.17_veh-35_00073_00426,309,idm,159,,0.0,1.4281737187927723,0.7416662043502379,1.140703125311571,1,163,,0.0,1.4281737187927723,0.7416662043502379,1.140703125311571,1,158,,0.0,1.4281737187927723,0.7416662043502379,1.140703125311571,1,160,,0.0,1.4281737187927723,0.7416662043502379,1.140703125311571,1,161,,0.0,1.4281737187927723,0.7416662043502379,1.140703125311571,1,159,,0.0,1.4281737187927723,0.7416662043502379,1.140703125311571,1,163,,0.0,1.4281737187927723,0.7416662043502379,1.140703125311571,1,725f0b98fff334ad2bd62c6aa5ec02c44efce7f5,183,0.0,1.4281737187927723,0.7416662043502379,1.140703125311571,1,True
558f802539c458f0,2021.07.16.18.06.21_veh-38_04933_05307,4,idm,223,,0.0,1.065709969143419,1.8024647176298745,2.582200769914366,1,232,,0.0,1.065709969143419,1.8024647176298745,2.582200769914366,1,223,,0.0,1.065709969143419,1.8024647176298745,2.582200769914366,1,232,,0.0,1.065709969143419,1.8024647176298745,2.582200769914366,1,223,,0.0,1.065709969143419,1.8024647176298745,2.582200769914366,1,223,,0.0,1.065709969143419,1.8024647176298745,2.582200769914366,1,232,,0.0,1.065709969143419,1.8024647176298745,2.582200769914366,1,3b0fec95d5b81421ca4a7382588b027cd05b5e59,275,0.0,1.065709969143419,1.8024647176298745,2.582200769914366,1,True
558f802539c458f0,2021.07.16.18.06.21_veh-38_04933_05307,17,idm,227,,0.0,1.0786824879157773,1.7957930140946725,2.5644163811219896,1,236,,0.0,1.0786824879157773,1.7957930140946725,2.5644163811219896,1,226,,0.0,1.0786824879157773,1.7957930140946725,2.5644163811219896,1,235,,0.0,1.0786824879157773,1.7957930140946725,2.5644163811219896,1,228,,0.0,1.0786824879157773,1.7957930140946725,2.5644163811219896,1,227,,0.0,1.0786824879157773,1.7957930140946725,2.5644163811219896,1,236,,0.0,1.0786824879157773,1.7957930140946725,2.5644163811219896,1,a489ebdd95f0eba2fe4b851f4ed23c008e2f3f11,279,0.0,1.0786824879157773,1.7957930140946725,2.5644163811219896,1,True
558f802539c458f0,2021.07.16.18.06.21_veh-38_04933_05307,30,idm,231,,0.0,1.0927023248016945,1.8006502847196137,2.5755097594727765,1,240,,0.0,1.0927023248016945,1.8006502847196137,2.5755097594727765,1,230,,0.0,1.0927023248016945,1.8006502847196137,2.5755097594727765,1,239,,0.0,1.0927023248016945,1.8006502847196137,2.5755097594727765,1,228,,0.0,1.0927023248016945,1.8006502847196137,2.5755097594727765,1,231,,0.0,1.0927023248016945,1.8006502847196137,2.5755097594727765,1,240,,0.0,1.0927023248016945,1.8006502847196137,2.5755097594727765,1,eee06e274b6eb16b5698401216deb75083743632,282,0.0,1.0927023248016945,1.8006502847196137,2.5755097594727765,1,True
558f802539c458f0,2021.07.16.18.06.21_veh-38_04933_05307,43,idm,230,,0.0,1.0838671969966962,1.794972630790377,2.562126894436336,1,240,,0.0,1.0838671969966962,1.794972630790377,2.562126894436336,1,229,,0.0,1.0838671969966962,1.794972630790377,2.562126894436336,1,239,,0.0,1.0838671969966962,1.794972630790377,2.562126894436336,1,227,,0.0,1.0838671969966962,1.794972630790377,2.562126894436336,1,230,,0.0,1.0838671969966962,1.794972630790377,2.562126894436336,1,240,,0.0,1.0838671969966962,1.794972630790377,2.562126894436336,1,06f1490513ca274327d841a3ebf4e70489865e9c,282,0.0,1.0838671969966962,1.794972630790377,2.562126894436336,1,True
558f802539c458f0,2021.07.16.18.06.21_veh-38_04933_05307,57,idm,218,,0.0,1.0680248255124907,1.7990767520527153,2.57180095603651,1,231,,0.0,1.0680248255124907,1.7990767520527153,2.57180095603651,1,218,cheap,0.0,1.0680248255124907,1.7990767520527153,2.57180095603651,1,230,,0.0,1.0680248255124907,1.7990767520527153,2.57180095603651,1,218,,0.0,1.0680248255124907,1.7990767520527153,2.57180095603651,1,218,cheap,0.0,1.0680248255124907,1.7990767520527153,2.57180095603651,1,231,,0.0,1.0680248255124907,1.7990767520527153,2.57180095603651,1,af81a657b0bb282fb699cde655f2ddac175f218e,271,0.0,1.0680248255124907,1.7990767520527153,2.57180095603651,1,True
558f802539c458f0,2021.07.16.18.06.21_veh-38_04933_05307,70,idm,218,,0.0,1.0930608634328538,1.7926782961222227,2.555815619113281,1,228,,0.0,1.0930608634328538,1.7926782961222227,2.555815619113281,1,218,cheap,0.0,1.0930608634328538,1.7926782961222227,2.555815619113281,1,226,,0.0,1.0930608634328538,1.7926782961222227,2.555815619113281,1,216,,0.0,1.0930608634328538,1.7926782961222227,2.555815619113281,1,218,cheap,0.0,1.0930608634328538,1.7926782961222227,2.555815619113281,1,228,,0.0,1.0930608634328538,1.7926782961222227,2.555815619113281,1,79f140a0e467c30ab7731acef7e8026b51180364,271,0.0,1.0930608634328538,1.7926782961222227,2.555815619113281,1,True
558f802539c458f0,2021.07.16.18.06.21_veh-38_04933_05307,83,idm,222,,0.0,1.0718698152405188,1.7947195136453233,2.5617083653793427,1,232,,0.0,1.0718698152405188,1.7947195136453233,2.5617083653793427,1,222,cheap,0.0,1.0718698152405188,1.7947195136453233,2.5617083653793427,1,230,,0.0,1.0718698152405188,1.7947195136453233,2.5617083653793427,1,225,,0.0,1.0718698152405188,1.7947195136453233,2.5617083653793427,1,222,,0.0,1.0718698152405188,1.7947195136453233,2.5617083653793427,1,232,,0.0,1.0718698152405188,1.7947195136453233,2.5617083653793427,1,c50d40051e583bd996141e6269f3612082bbdcc5,274,0.0,1.0718698152405188,1.7947195136453233,2.5617083653793427,1,True
558f802539c458f0,2021.07.16.18.06.21_veh-38_04933_05307,97,idm,224,,0.0,1.1039185307339117,1.792782204208806,2.5570426110948223,1,231,,0.0,1.1039185307339117,1.792782204208806,2.5570426110948223,1,224,cheap,0.0,1.1039185307339117,1.792782204208806,2.5570426110948223,1,231,,0.0,1.1039185307339117,1.792782204208806,2.5570426110948223,1,224,,0.0,1.1039185307339117,1.792782204208806,2.5570426110948223,1,224,,0.0,1.1039185307339117,1.792782204208806,2.5570426110948223,1,231,,0.0,1.1039185307339117,1.792782204208806,2.5570426110948223,1,e66cc203332a0d3ed33110eb0577b1f2f8570c6f,272,0.0,1.1039185307339117,1.792782204208806,2.5570426110948223,1,True
558f802539c458f0,2021.07.16.18.06.21_veh-38_04933_05307,110,idm,221,,0.0,1.072491999748254,1.8013437407340822,2.578621312300438,1,226,,0.0,1.072491999748254,1.8013437407340822,2.578621312300438,1,221,cheap,0.0,1.072491999748254,1.8013437407340822,2.578621312300438,1,225,,0.0,1.072491999748254,1.8013437407340822,2.578621312300438,1,219,,0.0,1.072491999748254,1.8013437407340822,2.578621312300438,1,221,,0.0,1.072491999748254,1.8013437407340822,2.578621312300438,1,226,,0.0,1.072491999748254,1.8013437407340822,2.578621312300438,1,d3a61b56b70daa0f51a63158deb605edb9c0590b,269,0.0,1.072491999748254,1.8013437407340822,2.578621312300438,1,True
558f802539c458f0,2021.07.16.18.06.21_veh-38_04933_05307,123,idm,219,,0.0,1.1141015211578151,1.7936128490812262,2.558722516696461,1,225,,0.0,1.1141015211578151,1.7936128490812262,2.558722516696461,1,219,,0.0,1.1141015211578151,1.7936128490812262,2.558722516696461,1,224,,0.0,1.1141015211578151,1.7936128490812262,2.558722516696461,1,218,,0.0,1.1141015211578151,1.7936128490812262,2.558722516696461,1,219,,0.0,1.1141015211578151,1.7936128490812262,2.558722516696461,1,225,,0.0,1.1141015211578151,1.7936128490812262,2.558722516696461,1,dda7dba8ab05ec7b733e3b77e90af58e555c7628,269,0.0,1.1141015211578151,1.7936128490812262,2.558722516696461,1,True
558f802539c458f0,2021.07.16.18.06.21_veh-38_04933_05307,137,idm,228,,0.0,1.221223854214414,1.7915076729444173,2.550308647517022,1,232,,0.0,1.221223854214414,1.7915076729444173,2.550308647517022,1,227,,0.0,1.221223854214414,1.7915076729444173,2.550308647517022,1,232,full,0.0,1.221223854214414,1.7915076729444173,2.550308647517022,1,227,,0.0,1.221223854214414,1.7915076729444173,2.550308647517022,1,228,,0.0,1.221223854214414,1.7915076729444173,2.550308647517022,1,231,,0.0,1.221223854214414,1.7915076729444173,2.550308647517022,1,c74b7c14ed09eec2a0c25d8ac567fa1c45187d54,275,0.0,1.221223854214414,1.7915076729444173,2.550308647517022,1,True
558f802539c458f0,2021.07.16.18.06.21_veh-38_04933_05307,150,idm,228,,0.0,1.2391094939778815,1.7902403895284262,2.537146447538376,1,235,,0.0,1.2391094939778815,1.7902403895284262,2.537146447538376,1,227,,0.0,1.2391094939778815,1.7902403895284262,2.537146447538376,1,234,,0.0,1.2391094939778815,1.7902403895284262,2.537146447538376,1,227,,0.0,1.2391094939778815,1.7902403895284262,2.537146447538376,1,228,,0.0,1.2391094939778815,1.7902403895284262,2.537146447538376,1,235,,0.0,1.2391094939778815,1.7902403895284262,2.537146447538376,1,fcc2e9989f1baab19f75bc01fadcdf7418cdb14f,278,0.0,1.2391094939778815,1.7902403895284262,2.537146447538376,1,True
558f802539c458f0,2021.07.16.18.06.21_veh-38_04933_05307,163,idm,227,,0.0,1.2441007227484606,1.7516975419559209,2.2983253917657858,1,232,,0.0,1.2441007227484606,1.7516975419559209,2.2983253917657858,1,227,,0.0,1.2441007227484606,1.7516975419559209,2.2983253917657858,1,232,full,0.0,1.2441007227484606,1.7516975419559209,2.2983253917657858,1,228,,0.0,1.2441007227484606,1.7516975419559209,2.2983253917657858,1,227,,0.0,1.2441007227484606,1.7516975419559209,2.2983253917657858,1,232,,0.0,1.2441007227484606,1.7516975419559209,2.2983253917657858,1,9f44ceffa24e5f472ad5dacb92f551e2fd25bd29,277,0.0,1.2441007227484606,1.7516975419559209,2.2983253917657858,1,True
558f802539c458f0,2021.07.16.18.06.21_veh-38_04933_05307,176,idm,230,,0.0,1.380779962644181,1.620291711985221,1.6117875270279287,1,234,,0.0,1.380779962644181,1.620291711985221,1.6117875270279287,1,229,,0.0,1.380779962644181,1.620291711985221,1.6117875270279287,1,234,,0.0,1.380779962644181,1.620291711985221,1.6117875270279287,1,229,,0.0,1.380779962644181,1.620291711985221,1.6117875270279287,1,230,,0.0,1.380779962644181,1.620291711985221,1.6117875270279287,1,234,,0.0,1.380779962644181,1.620291711985221,1.6117875270279287,1,fe6b96797e51f0ad4e101bb4e77b09bf0127d181,277,0.0,1.380779962644181,1.620291711985221,1.6117875270279287,1,True
558f802539c458f0,2021.07.16.18.06.21_veh-38_04933_05307,190,idm,233,,0.0,1.5518131437786278,1.3319958344638994,0.8091687525160309,1,238,,0.0,1.5518131437786278,1.3319958344638994,0.8091687525160309,1,233,cheap,0.0,1.5518131437786278,1.3319958344638994,0.8091687525160309,1,238,full,0.0,1.5518131437786278,1.3319958344638994,0.8091687525160309,1,231,,0.0,1.5518131437786278,1.3319958344638994,0.8091687525160309,1,233,,0.0,1.5518131437786278,1.3319958344638994,0.8091687525160309,1,238,,0.0,1.5518131437786278,1.3319958344638994,0.8091687525160309,1,914931d980d1b443a0be9f097bfe9ff320e81d72,281,0.0,1.5518131437786278,1.3319958344638994,0.8091687525160309,1,True
558f802539c458f0,2021.07.16.18.06.21_veh-38_04933_05307,203,idm,236,,0.0,1.5679533402252754,1.27426257300452,2.1335071287725116,1,240,,0.0,1.5679533402252754,1.27426257300452,2.1335071287725116,1,235,,0.0,1.5679533402252754,1.27426257300452,2.1335071287725116,1,240,full,0.0,1.5679533402252754,1.27426257300452,2.1335071287725116,1,234,,0.0,1.5679533402252754,1.27426257300452,2.1335071287725116,1,236,,0.0,1.5679533402252754,1.27426257300452,2.1335071287725116,1,239,,0.0,1.5679533402252754,1.27426257300452,2.1335071287725116,1,02fca21d4951775ba5d07206e4836e6598cb7e1d,284,0.0,1.5679533402252754,1.27426257300452,2.1335071287725116,1,True
558f802539c458f0,2021.07.16.18.06.21_veh-38_04933_05307,216,idm,235,,0.0,1.6098496007455012,1.699885728308171,4.464714003672652,1,244,,0.0,1.6098496007455012,1.699885728308171,4.464714003672652,1,234,,0.0,1.6098496007455012,1.699885728308171,4.464714003672652,1,242,,0.0,1.6098496007455012,1.699885728308171,4.464714003672652,1,238,,0.0,1.6098496007455012,1.699885728308171,4.464714003672652,1,235,,0.0,1.6098496007455012,1.699885728308171,4.464714003672652,1,244,,0.0,1.6098496007455012,1.699885728308171,4.464714003672652,1,4dac3401fd614fbb550f3f93881fdbbb9fcf277d,286,0.0,1.6098496007455012,1.699885728308171,4.464714003672652,1,True
558f802539c458f0,2021.07.16.18.06.21_veh-38_04933_05307,230,idm,245,,0.0,1.6869618226290082,2.712085404779137,7.141763178036562,1,247,,0.0,1.6869618226290082,2.712085404779137,7.141763178036562,1,244,,0.0,1.6869618226290082,2.712085404779137,7.141763178036562,1,246,,0.0,1.6869618226290082,2.712085404779137,7.141763178036562,1,243,,0.0,1.6869618226290082,2.712085404779137,7.141763178036562,1,245,,0.0,1.6869618226290082,2.712085404779137,7.141763178036562,1,247,,0.0,1.6869618226290082,2.712085404779137,7.141763178036562,1,6179eb61bef5d1a29f59d042deb060138cf063de,292,0.0,1.6869618226290082,2.712085404779137,7.141763178036562,1,True
558f802539c458f0,2021.07.16.18.06.21_veh-38_04933_05307,243,idm,261,,0.0,2.088857812099248,3.6018060329701784,9.496289349815296,1,269,,0.0,2.088857812099248,3.6018060329701784,9.496289349815296,1,261,,0.0,2.088857812099248,3.6018060329701784,9.496289349815296,1,266,,0.0,2.088857812099248,3.6018060329701784,9.496289349815296,1,259,,0.0,2.088857812099248,3.6018060329701784,9.496289349815296,1,261,,0.0,2.088857812099248,3.6018060329701784,9.496289349815296,1,269,,0.0,2.088857812099248,3.6018060329701784,9.496289349815296,1,d49a1a23ec1758b6b1e710eb0929d7a08a2fc235,307,0.0,2.088857812099248,3.6018060329701784,9.496289349815296,1,True
558f802539c458f0,2021.07.16.18.06.21_veh-38_04933_05307,256,idm,266,,0.0,2.8883240190182735,4.358458452062224,11.55621018743362,1,271,,0.0,2.8883240190182735,4.358458452062224,11.55621018743362,1,265,,0.0,2.8883240190182735,4.358458452062224,11.55621018743362,1,270,,0.0,2.8883240190182735,4.358458452062224,11.55621018743362,1,267,,0.0,2.8883240190182735,4.358458452062224,11.55621018743362,1,266,cheap,0.0,2.8883240190182735,4.358458452062224,11.55621018743362,1,271,,0.0,2.8883240190182735,4.358458452062224,11.55621018743362,1,22423e52bb3e4b2269be99ab774951701bcbcc29,312,0.0,2.8883240190182735,4.358458452062224,11.55621018743362,1,True
558f802539c458f0,2021.07.16.18.06.21_veh-38_04933_05307,270,idm,277,,0.0,4.028776400891441,4.951903825826111,13.156366513121569,1,279,,0.0,4.028776400891441,4.951903825826111,13.156366513121569,1,277,,0.0,4.028776400891441,4.951903825826111,13.156366513121569,1,279,,0.0,4.028776400891441,4.951903825826111,13.156366513121569,1,277,,0.0,4.028776400891441,4.951903825826111,13.156366513121569,1,277,,0.0,4.028776400891441,4.951903825826111,13.156366513121569,1,279,,0.0,4.028776400891441,4.951903825826111,13.156366513121569,1,e5dd9aab28c22d711a8e02b63a62d7190c14a529,325,0.0,4.028776400891441,4.951903825826111,13.156366513121569,1,True
558f802539c458f0,2021.07.16.18.06.21_veh-38_04933_05307,283,idm,275,,0.0,4.418955448843535,5.132594494365231,13.812189665108036,1,277,,0.0,4.418955448843535,5.132594494365231,13.812189665108036,1,274,,0.0,4.418955448843535,5.132594494365231,13.812189665108036,1,277,full,0.0,4.418955448843535,5.132594494365231,13.812189665108036,1,274,,0.0,4.418955448843535,5.132594494365231,13.812189665108036,1,275,,0.0,4.418955448843535,5.132594494365231,13.812189665108036,1,277,,0.0,4.418955448843535,5.132594494365231,13.812189665108036,1,02a04cb139db75d495b0c999a6cfe42ef46385e3,323,0.0,4.418955448843535,5.132594494365231,13.812189665108036,1,True
558f802539c458f0,2021.07.16.18.06.21_veh-38_04933_05307,296,idm,294,,0.0,4.524584324557973,5.321187263006321,14.460920977467927,1,297,,0.0,4.524584324557973,5.321187263006321,14.460920977467927,1,294,,0.0,4.524584324557973,5.321187263006321,14.460920977467927,1,294,,0.0,4.524584324557973,5.321187263006321,14.460920977467927,1,294,,0.0,4.524584324557973,5.321187263006321,14.460920977467927,1,294,,0.0,4.524584324557973,5.321187263006321,14.460920977467927,1,297,,0.0,4.524584324557973,5.321187263006321,14.460920977467927,1,51508c3ecceb42c37ca2b5287f658af72b5f309c,342,0.0,4.524584324557973,5.321187263006321,14.460920977467927,1,True
558f802539c458f0,2021.07.16.18.06.21_veh-38_04933_05307,310,idm,303,,0.0,4.666493324985106,5.301871876417541,14.522311932207598,1,303,,0.0,4.666493324985106,5.301871876417541,14.522311932207598,1,303,,0.0,4.666493324985106,5.301871876417541,14.522311932207598,1,303,full,0.0,4.666493324985106,5.301871876417541,14.522311932207598,1,302,,0.0,4.666493324985106,5.301871876417541,14.522311932207598,1,303,,0.0,4.666493324985106,5.301871876417541,14.522311932207598,1,303,,0.0,4.666493324985106,5.301871876417541,14.522311932207598,1,a5d828ed0e24e285a0cbd72ec0563e873c510b84,351,0.0,4.666493324985106,5.301871876417541,14.522311932207598,1,True
59c7099bcc5057b7,2021.06.09.14.03.17_veh-12_02584_02970,4,idm,230,,0.0,7.792014244647697,44.704668854103474,44.96871305584637,1,232,,0.0,7.792014244647697,44.704668854103474,44.96871305584637,1,227,,0.0,7.792014244647697,44.704668854103474,44.96871305584637,1,231,,0.0,7.792014244647697,44.704668854103474,44.96871305584637,1,228,,0.0,7.792014244647697,44.704668854103474,44.96871305584637,1,229,,0.0,7.792014244647697,44.704668854103474,44.96871305584637,1,231,,0.0,7.792014244647697,44.704668854103474,44.96871305584637,1,2b6d15d08688f2d5ee0337b4c77633ba5e7be11e,247,0.0,7.792014244647697,44.704668854103474,44.96871305584637,1,True
59c7099bcc5057b7,2021.06.09.14.03.17_veh-12_02584_02970,17,idm,223,,0.0,2.2493400047858274,44.704720833816786,44.96899115463005,1,225,,0.0,2.2493400047858274,44.704720833816786,44.96899115463005,1,221,,0.0,2.2493400047858274,44.704720833816786,44.96899115463005,1,224,,0.0,2.2493400047858274,44.704720833816786,44.96899115463005,1,223,,0.0,2.2493400047858274,44.704720833816786,44.96899115463005,1,222,,0.0,2.2493400047858274,44.704720833816786,44.96899115463005,1,224,,0.0,2.2493400047858274,44.704720833816786,44.96899115463005,1,9f697f00510e61f6bb50bf6b6c9bcc8f27c43f15,243,0.0,2.2493400047858274,44.704720833816786,44.96899115463005,1,True
59c7099bcc5057b7,2021.06.09.14.03.17_veh-12_02584_02970,30,idm,230,,1.0,0.0,44.704836338317634,44.96952124727453,1,235,,1.0,0.0,44.704836338317634,44.96952124727453,1,227,,1.0,0.0,44.704836338317634,44.96952124727453,1,232,,1.0,0.0,44.704836338317634,44.96952124727453,1,230,,1.0,0.0,44.704836338317634,44.96952124727453,1,228,,1.0,0.0,44.704836338317634,44.96952124727453,1,233,,1.0,0.0,44.704836338317634,44.96952124727453,1,903e060b71a14bab901feab9d75cbed930303d22,248,1.0,0.0,44.704836338317634,44.96952124727453,1,True
59c7099bcc5057b7,2021.06.09.14.03.17_veh-12_02584_02970,43,idm,236,,1.0,0.0,44.64263655869531,44.64177196214759,1,238,,1.0,0.0,44.64263655869531,44.64177196214759,1,234,,1.0,0.0,44.64263655869531,44.64177196214759,1,236,,1.0,0.0,44.64263655869531,44.64177196214759,1,235,,1.0,0.0,44.64263655869531,44.64177196214759,1,235,,1.0,0.0,44.64263655869531,44.64177196214759,1,237,,1.0,0.0,44.64263655869531,44.64177196214759,1,1fbaa9299c7ca248deed1cd6580bb70aa04cbfdf,251,1.0,0.0,44.64263655869531,44.64177196214759,1,True
59c7099bcc5057b7,2021.06.09.14.03.17_veh-12_02584_02970,57,idm,243,,1.0,0.0,44.64261287527623,44.641724153277536,1,242,,1.0,0.0,44.64261287527623,44.641724153277536,1,239,,1.0,0.0,44.64261287527623,44.641724153277536,1,240,,1.0,0.0,44.64261287527623,44.641724153277536,1,238,,1.0,0.0,44.64261287527623,44.641724153277536,1,242,,1.0,0.0,44.64261287527623,44.641724153277536,1,241,,1.0,0.0,44.64261287527623,44.641724153277536,1,a7c7d73f755d1453aaf65721a0197865f84af4cc,258,1.0,0.0,44.64261287527623,44.641724153277536,1,True
59c7099bcc5057b7,2021.06.09.14.03.17_veh-12_02584_02970,70,idm,240,,1.0,0.0,44.70645100235086,44.97801163793016,1,243,,1.0,0.0,44.70645100235086,44.97801163793016,1,238,,1.0,0.0,44.70645100235086,44.97801163793016,1,241,,1.0,0.0,44.70645100235086,44.97801163793016,1,237,,1.0,0.0,44.70645100235086,44.97801163793016,1,239,,1.0,0.0,44.70645100235086,44.97801163793016,1,241,,1.0,0.0,44.70645100235086,44.97801163793016,1,e185ee71c41486cb133e5001e7e7ff4522b860db,260,1.0,0.0,44.70645100235086,44.97801163793016,1,True
59c7099bcc5057b7,2021.06.09.14.03.17_veh-12_02584_02970,83,idm,249,,1.0,0.0,44.706485993716456,44.97813484182742,1,248,,1.0,0.0,44.706485993716456,44.97813484182742,1,246,,1.0,0.0,44.706485993716456,44.97813484182742,1,247,,1.0,0.0,44.706485993716456,44.97813484182742,1,244,,1.0,0.0,44.706485993716456,44.97813484182742,1,248,,1.0,0.0,44.706485993716456,44.97813484182742,1,246,,1.0,0.0,44.706485993716456,44.97813484182742,1,58de55f19c045c1ca7426d355220d90ec8554b11,268,1.0,0.0,44.706485993716456,44.97813484182742,1,True
59c7099bcc5057b7,2021.06.09.14.03.17_veh-12_02584_02970,96,idm,237,,1.0,0.0,44.704806635574016,44.96919388914491,1,244,,1.0,0.0,44.704806635574016,44.96919388914491,1,236,,1.0,0.0,44.704806635574016,44.96919388914491,1,241,,1.0,0.0,44.704806635574016,44.96919388914491,1,236,,1.0,0.0,44.704806635574016,44.96919388914491,1,235,,1.0,0.0,44.704806635574016,44.96919388914491,1,240,,1.0,0.0,44.704806635574016,44.96919388914491,1,4402f0175cf202bc24d1fef11f191107d23a9efd,258,1.0,0.0,44.704806635574016,44.96919388914491,1,True
59c7099bcc5057b7,2021.06.09.14.03.17_veh-12_02584_02970,110,idm,239,,1.0,0.0,44.70474604639627,44.968986388752036,1,243,,1.0,0.0,44.70474604639627,44.968986388752036,1,236,,1.0,0.0,44.70474604639627,44.968986388752036,1,241,,1.0,0.0,44.70474604639627,44.968986388752036,1,239,,1.0,0.0,44.70474604639627,44.968986388752036,1,236,,1.0,0.0,44.70474604639627,44.968986388752036,1,240,,1.0,0.0,44.70474604639627,44.968986388752036,1,8b7976b0b8e79e4bfa46433c9324d8c1422fb3f9,262,1.0,0.0,44.70474604639627,44.968986388752036,1,True
59c7099bcc5057b7,2021.06.09.14.03.17_veh-12_02584_02970,123,idm,236,,1.0,0.0,44.70646313098931,44.97814823825844,1,242,,1.0,0.0,44.70646313098931,44.97814823825844,1,234,,1.0,0.0,44.70646313098931,44.97814823825844,1,239,,1.0,0.0,44.70646313098931,44.97814823825844,1,235,,1.0,0.0,44.70646313098931,44.97814823825844,1,234,,1.0,0.0,44.70646313098931,44.97814823825844,1,241,,1.0,0.0,44.70646313098931,44.97814823825844,1,6f919e9ff4909a755a7c84aeda812f8747439ffd,258,1.0,0.0,44.70646313098931,44.97814823825844,1,True
59c7099bcc5057b7,2021.06.09.14.03.17_veh-12_02584_02970,136,idm,235,,1.0,0.0,44.70643656932788,44.97796777173252,1,237,,1.0,0.0,44.70643656932788,44.97796777173252,1,233,,1.0,0.0,44.70643656932788,44.97796777173252,1,235,,1.0,0.0,44.70643656932788,44.97796777173252,1,232,,1.0,0.0,44.70643656932788,44.97796777173252,1,233,,1.0,0.0,44.70643656932788,44.97796777173252,1,234,,1.0,0.0,44.70643656932788,44.97796777173252,1,50694f1f05777eec815ea0e768889a029545f833,255,1.0,0.0,44.70643656932788,44.97796777173252,1,True
59c7099bcc5057b7,2021.06.09.14.03.17_veh-12_02584_02970,149,idm,236,,1.0,0.0,44.70645608315892,44.97804678861576,1,239,,1.0,0.0,44.70645608315892,44.97804678861576,1,234,,1.0,0.0,44.70645608315892,44.97804678861576,1,237,,1.0,0.0,44.70645608315892,44.97804678861576,1,234,,1.0,0.0,44.70645608315892,44.97804678861576,1,235,,1.0,0.0,44.70645608315892,44.97804678861576,1,238,,1.0,0.0,44.70645608315892,44.97804678861576,1,440905b7e59a4e5a18039d292a331fb70b1e5031,255,1.0,0.0,44.70645608315892,44.97804678861576,1,True
59c7099bcc5057b7,2021.06.09.14.03.17_veh-12_02584_02970,163,idm,245,,1.0,0.0,44.706489082718136,44.97809906896696,1,247,,1.0,0.0,44.706489082718136,44.97809906896696,1,238,,1.0,0.0,44.706489082718136,44.97809906896696,1,243,,1.0,0.0,44.706489082718136,44.97809906896696,1,237,,1.0,0.0,44.706489082718136,44.97809906896696,1,243,,1.0,0.0,44.706489082718136,44.97809906896696,1,243,,1.0,0.0,44.706489082718136,44.97809906896696,1,fca88aa794bbe67ca1d4090970aec447730985c1,261,1.0,0.0,44.706489082718136,44.97809906896696,1,True
59c7099bcc5057b7,2021.06.09.14.03.17_veh-12_02584_02970,176,idm,251,,1.0,0.0,44.70644670384423,44.977961933356404,1,255,,1.0,0.0,44.70644670384423,44.977961933356404,1,248,,1.0,0.0,44.70644670384423,44.977961933356404,1,253,,1.0,0.0,44.70644670384423,44.977961933356404,1,249,,1.0,0.0,44.70644670384423,44.977961933356404,1,250,,1.0,0.0,44.70644670384423,44.977961933356404,1,253,,1.0,0.0,44.70644670384423,44.977961933356404,1,fbe788118b39c4ce4eaf0af103a5cc9d8e4b89d6,272,1.0,0.0,44.70644670384423,44.977961933356404,1,True
59c7099bcc5057b7,2021.06.09.14.03.17_veh-12_02584_02970,189,idm,252,,0.0,1.39802030358873,44.70645455871683,44.97793598434864,1,253,,0.0,1.39802030358873,44.70645455871683,44.97793598434864,1,249,,0.0,1.39802030358873,44.70645455871683,44.97793598434864,1,252,,0.0,1.39802030358873,44.70645455871683,44.97793598434864,1,249,,0.0,1.39802030358873,44.70645455871683,44.97793598434864,1,251,,0.0,1.39802030358873,44.70645455871683,44.97793598434864,1,251,,0.0,1.39802030358873,44.70645455871683,44.97793598434864,1,a727b07056cbcb75b26211bbc21d4cfd859a39bf,270,0.0,1.39802030358873,44.70645455871683,44.97793598434864,1,True
59c7099bcc5057b7,2021.06.09.14.03.17_veh-12_02584_02970,202,idm,247,,0.0,1.4138433719216676,44.70648043975897,44.97803115090317,1,246,,0.0,1.4138433719216676,44.70648043975897,44.97803115090317,1,243,,0.0,1.4138433719216676,44.70648043975897,44.97803115090317,1,243,,0.0,1.4138433719216676,44.70648043975897,44.97803115090317,1,241,,0.0,1.4138433719216676,44.70648043975897,44.97803115090317,1,246,,0.0,1.4138433719216676,44.70648043975897,44.97803115090317,1,244,,0.0,1.4138433719216676,44.70648043975897,44.97803115090317,1,2395b4786e96a722ec37773cd6166c705ed2a841,265,0.0,1.4138433719216676,44.70648043975897,44.97803115090317,1,True
59c7099bcc5057b7,2021.06.09.14.03.17_veh-12_02584_02970,216,idm,242,,0.0,1.355970418709619,44.706534141298164,44.978283173783076,1,243,,0.0,1.355970418709619,44.706534141298164,44.978283173783076,1,239,,0.0,1.355970418709619,44.706534141298164,44.978283173783076,1,239,,0.0,1.355970418709619,44.706534141298164,44.978283173783076,1,238,,0.0,1.355970418709619,44.706534141298164,44.978283173783076,1,240,,0.0,1.355970418709619,44.706534141298164,44.978283173783076,1,242,,0.0,1.355970418709619,44.706534141298164,44.978283173783076,1,74539340a9c68b254e3bbf2a3709eedb4aba8bdb,260,0.0,1.355970418709619,44.706534141298164,44.978283173783076,1,True
59c7099bcc5057b7,2021.06.09.14.03.17_veh-12_02584_02970,229,idm,244,,0.0,1.3820529093293983,44.70647874845923,44.97801386826519,1,242,,0.0,1.3820529093293983,44.70647874845923,44.97801386826519,1,240,,0.0,1.3820529093293983,44.70647874845923,44.97801386826519,1,240,,0.0,1.3820529093293983,44.70647874845923,44.97801386826519,1,239,,0.0,1.3820529093293983,44.70647874845923,44.97801386826519,1,242,,0.0,1.3820529093293983,44.70647874845923,44.97801386826519,1,241,,0.0,1.3820529093293983,44.70647874845923,44.97801386826519,1,1f252b8610010c7012e327193e419eebe2cf660c,258,0.0,1.3820529093293983,44.70647874845923,44.97801386826519,1,True
59c7099bcc5057b7,2021.06.09.14.03.17_veh-12_02584_02970,242,idm,245,,0.0,0.7047358175054792,44.70650530931504,44.97812437913057,1,247,,0.0,0.7047358175054792,44.70650530931504,44.97812437913057,1,240,,0.0,0.7047358175054792,44.70650530931504,44.97812437913057,1,244,,0.0,0.7047358175054792,44.70650530931504,44.97812437913057,1,242,,0.0,0.7047358175054792,44.70650530931504,44.97812437913057,1,245,,0.0,0.7047358175054792,44.70650530931504,44.97812437913057,1,244,,0.0,0.7047358175054792,44.70650530931504,44.97812437913057,1,3bdf7fa4d4803281db50921ada1b8445651b4e2b,262,0.0,0.7047358175054792,44.70650530931504,44.97812437913057,1,True
59c7099bcc5057b7,2021.06.09.14.03.17_veh-12_02584_02970,255,idm,248,,1.0,0.0,44.70646264362011,44.97796445753432,1,245,,1.0,0.0,44.70646264362011,44.97796445753432,1,241,,1.0,0.0,44.70646264362011,44.97796445753432,1,244,,1.0,0.0,44.70646264362011,44.97796445753432,1,241,,1.0,0.0,44.70646264362011,44.97796445753432,1,247,,1.0,0.0,44.70646264362011,44.97796445753432,1,244,,1.0,0.0,44.70646264362011,44.97796445753432,1,6a23d0d73a7ec12d4bade3f07fde569137c6248f,266,1.0,0.0,44.70646264362011,44.97796445753432,1,True
59c7099bcc5057b7,2021.06.09.14.03.17_veh-12_02584_02970,269,idm,245,,1.0,0.0,44.706553261524334,44.9784085107382,1,248,,1.0,0.0,44.706553261524334,44.9784085107382,1,243,,1.0,0.0,44.706553261524334,44.9784085107382,1,245,,1.0,0.0,44.706553261524334,44.9784085107382,1,243,,1.0,0.0,44.706553261524334,44.9784085107382,1,244,,1.0,0.0,44.706553261524334,44.9784085107382,1,247,,1.0,0.0,44.706553261524334,44.9784085107382,1,45ce4ee7022034f1e9c2f81f911b9ab897d06c11,263,1.0,0.0,44.706553261524334,44.9784085107382,1,True
59c7099bcc5057b7,2021.06.09.14.03.17_veh-12_02584_02970,282,idm,238,,1.0,0.0,44.7064731907123,44.977998648537735,1,240,,1.0,0.0,44.7064731907123,44.977998648537735,1,236,,1.0,0.0,44.7064731907123,44.977998648537735,1,237,,1.0,0.0,44.7064731907123,44.977998648537735,1,236,,1.0,0.0,44.7064731907123,44.977998648537735,1,237,,1.0,0.0,44.7064731907123,44.977998648537735,1,238,,1.0,0.0,44.7064731907123,44.977998648537735,1,1a8d52a2ded8b35b031b2d66e972ea4404363199,262,1.0,0.0,44.7064731907123,44.977998648537735,1,True
59c7099bcc5057b7,2021.06.09.14.03.17_veh-12_02584_02970,295,idm,242,,1.0,0.0,44.704899414269036,44.969442621793526,1,246,,1.0,0.0,44.704899414269036,44.969442621793526,1,239,,1.0,0.0,44.704899414269036,44.969442621793526,1,242,,1.0,0.0,44.704899414269036,44.969442621793526,1,239,,1.0,0.0,44.704899414269036,44.969442621793526,1,240,,1.0,0.0,44.704899414269036,44.969442621793526,1,243,,1.0,0.0,44.704899414269036,44.969442621793526,1,e1a3f61f9158d1e42efc94fd4d8b4588b5842b41,267,1.0,0.0,44.704899414269036,44.969442621793526,1,True
59c7099bcc5057b7,2021.06.09.14.03.17_veh-12_02584_02970,309,idm,237,,1.0,0.0,44.70653176899882,44.97816447899274,1,237,,1.0,0.0,44.70653176899882,44.97816447899274,1,235,,1.0,0.0,44.70653176899882,44.97816447899274,1,236,,1.0,0.0,44.70653176899882,44.97816447899274,1,234,,1.0,0.0,44.70653176899882,44.97816447899274,1,236,,1.0,0.0,44.70653176899882,44.97816447899274,1,237,,1.0,0.0,44.70653176899882,44.97816447899274,1,fa1fb8aea8494c1956d491a0382f3068e3fc6d81,259,1.0,0.0,44.70653176899882,44.97816447899274,1,True
5e28331a44925e42,2021.05.25.14.16.10_veh-35_01690_02183,4,idm,158,,0.0,1.0132986312792702,0.022316926336123193,0.022334318533078466,1,159,,0.0,1.0132986312792702,0.022316926336123193,0.022334318533078466,1,156,,0.0,1.0132986312792702,0.022316926336123193,0.022334318533078466,1,157,,0.0,1.0132986312792702,0.022316926336123193,0.022334318533078466,1,158,,0.0,1.0132986312792702,0.022316926336123193,0.022334318533078466,1,158,,0.0,1.0132986312792702,0.022316926336123193,0.022334318533078466,1,159,,0.0,1.0132986312792702,0.022316926336123193,0.022334318533078466,1,5525f5109dd7000c49e009964f088065a172c10b,167,0.0,1.0132986312792702,0.022316926336123193,0.022334318533078466,1,True
5e28331a44925e42,2021.05.25.14.16.10_veh-35_01690_02183,17,idm,157,,0.0,1.0119862125699088,0.022320149271697214,0.022345979052688193,1,157,,0.0,1.0119862125699088,0.022320149271697214,0.022345979052688193,1,155,,0.0,1.0119862125699088,0.022320149271697214,0.022345979052688193,1,155,,0.0,1.0119862125699088,0.022320149271697214,0.022345979052688193,1,157,full,0.0,1.0119862125699088,0.022320149271697214,0.022345979052688193,1,157,,0.0,1.0119862125699088,0.022320149271697214,0.022345979052688193,1,157,,0.0,1.0119862125699088,0.022320149271697214,0.022345979052688193,1,5a29a9b3379d8d5138e43ccf11cfe1b0b39fef9c,165,0.0,1.0119862125699088,0.022320149271697214,0.022345979052688193,1,True
5e28331a44925e42,2021.05.25.14.16.10_veh-35_01690_02183,30,idm,156,,0.0,1.0132400849199608,0.022314458914555833,0.022282961105556352,1,156,,0.0,1.0132400849199608,0.022314458914555833,0.022282961105556352,1,154,,0.0,1.0132400849199608,0.022314458914555833,0.022282961105556352,1,154,,0.0,1.0132400849199608,0.022314458914555833,0.022282961105556352,1,155,,0.0,1.0132400849199608,0.022314458914555833,0.022282961105556352,1,156,,0.0,1.0132400849199608,0.022314458914555833,0.022282961105556352,1,156,,0.0,1.0132400849199608,0.022314458914555833,0.022282961105556352,1,28bc8853ef69166185d2b0ac448fd6ecd46909ab,165,0.0,1.0132400849199608,0.022314458914555833,0.022282961105556352,1,True
5e28331a44925e42,2021.05.25.14.16.10_veh-35_01690_02183,43,idm,151,,0.0,1.021657001371902,0.02233024729655761,0.02234950796821107,1,151,,0.0,1.021657001371902,0.02233024729655761,0.02234950796821107,1,149,,0.0,1.021657001371902,0.02233024729655761,0.02234950796821107,1,149,,0.0,1.021657001371902,0.02233024729655761,0.02234950796821107,1,151,,0.0,1.021657001371902,0.02233024729655761,0.02234950796821107,1,151,,0.0,1.021657001371902,0.02233024729655761,0.02234950796821107,1,151,,0.0,1.021657001371902,0.02233024729655761,0.02234950796821107,1,3cb5929dc3420e3f05842f27101da1ae04a2d45e,159,0.0,1.021657001371902,0.02233024729655761,0.02234950796821107,1,True
5e28331a44925e42,2021.05.25.14.16.10_veh-35_01690_02183,57,idm,159,,0.0,1.0223590495908608,0.02234401496922043,0.022380100933385747,1,159,,0.0,1.0223590495908608,0.02234401496922043,0.022380100933385747,1,157,,0.0,1.0223590495908608,0.02234401496922043,0.022380100933385747,1,157,cheap_nofp,0.0,1.0223590495908608,0.02234401496922043,0.022380100933385747,1,158,,0.0,1.0223590495908608,0.02234401496922043,0.022380100933385747,1,159,,0.0,1.0223590495908608,0.02234401496922043,0.022380100933385747,1,159,,0.0,1.0223590495908608,0.02234401496922043,0.022380100933385747,1,78eef337e130dfef7d37db001318a16e75f772a3,166,0.0,1.0223590495908608,0.02234401496922043,0.022380100933385747,1,True
5e28331a44925e42,2021.05.25.14.16.10_veh-35_01690_02183,70,idm,158,,0.0,1.0172358855280852,0.022341189892028487,0.022367265915352427,1,157,,0.0,1.0172358855280852,0.022341189892028487,0.022367265915352427,1,154,,0.0,1.0172358855280852,0.022341189892028487,0.022367265915352427,1,154,cheap_nofp,0.0,1.0172358855280852,0.022341189892028487,0.022367265915352427,1,155,,0.0,1.0172358855280852,0.022341189892028487,0.022367265915352427,1,158,,0.0,1.0172358855280852,0.022341189892028487,0.022367265915352427,1,157,,0.0,1.0172358855280852,0.022341189892028487,0.022367265915352427,1,f84bd60655881663f06310c2af965958cdb8560d,164,0.0,1.0172358855280852,0.022341189892028487,0.022367265915352427,1,True
5e28331a44925e42,2021.05.25.14.16.10_veh-35_01690_02183,83,idm,155,,0.0,1.0135828410073433,0.022351735492596395,0.022330008447463284,1,155,,0.0,1.0135828410073433,0.022351735492596395,0.022330008447463284,1,153,,0.0,1.0135828410073433,0.022351735492596395,0.022330008447463284,1,153,cheap_nofp,0.0,1.0135828410073433,0.022351735492596395,0.022330008447463284,1,154,,0.0,1.0135828410073433,0.022351735492596395,0.022330008447463284,1,155,,0.0,1.0135828410073433,0.022351735492596395,0.022330008447463284,1,155,,0.0,1.0135828410073433,0.022351735492596395,0.022330008447463284,1,f3000d3c3fbbe88e59fecfa40a1ac67b0ffe12ea,164,0.0,1.0135828410073433,0.022351735492596395,0.022330008447463284,1,True
5e28331a44925e42,2021.05.25.14.16.10_veh-35_01690_02183,97,idm,147,,0.0,1.0118235604110188,0.022346877274195397,0.022366993249156353,1,148,,0.0,1.0118235604110188,0.022346877274195397,0.022366993249156353,1,146,,0.0,1.0118235604110188,0.022346877274195397,0.022366993249156353,1,147,,0.0,1.0118235604110188,0.022346877274195397,0.022366993249156353,1,148,full,0.0,1.0118235604110188,0.022346877274195397,0.022366993249156353,1,147,,0.0,1.0118235604110188,0.022346877274195397,0.022366993249156353,1,148,,0.0,1.0118235604110188,0.022346877274195397,0.022366993249156353,1,1873ac9a52d31a38c9a7926698e2aa28997791c1,158,0.0,1.0118235604110188,0.022346877274195397,0.022366993249156353,1,True
5e28331a44925e42,2021.05.25.14.16.10_veh-35_01690_02183,110,idm,148,,0.0,1.0081693969044905,0.02235752187130858,0.0223293477992088,1,147,,0.0,1.0081693969044905,0.02235752187130858,0.0223293477992088,1,146,,0.0,1.0081693969044905,0.02235752187130858,0.0223293477992088,1,146,,0.0,1.0081693969044905,0.02235752187130858,0.0223293477992088,1,147,,0.0,1.0081693969044905,0.02235752187130858,0.0223293477992088,1,148,,0.0,1.0081693969044905,0.02235752187130858,0.0223293477992088,1,147,,0.0,1.0081693969044905,0.02235752187130858,0.0223293477992088,1,98c79edc6069f15cf00edf62189649589a868d7f,158,0.0,1.0081693969044905,0.02235752187130858,0.0223293477992088,1,True
5e28331a44925e42,2021.05.25.14.16.10_veh-35_01690_02183,123,idm,147,,0.0,1.0135832711153163,0.022367590946176602,0.02235658059398619,1,148,,0.0,1.0135832711153163,0.022367590946176602,0.02235658059398619,1,145,,0.0,1.0135832711153163,0.022367590946176602,0.02235658059398619,1,145,,0.0,1.0135832711153163,0.022367590946176602,0.02235658059398619,1,146,,0.0,1.0135832711153163,0.022367590946176602,0.02235658059398619,1,147,,0.0,1.0135832711153163,0.022367590946176602,0.02235658059398619,1,148,,0.0,1.0135832711153163,0.022367590946176602,0.02235658059398619,1,cc59cbc21c725de277188e422cae72c10303cd1e,157,0.0,1.0135832711153163,0.022367590946176602,0.02235658059398619,1,True
5e28331a44925e42,2021.05.25.14.16.10_veh-35_01690_02183,137,idm,144,,0.0,0.935057215341114,2.628304644283743,6.999364964722313,1,145,,0.0,0.935057215341114,2.628304644283743,6.999364964722313,1,142,,0.0,0.935057215341114,2.628304644283743,6.999364964722313,1,143,,0.0,0.935057215341114,2.628304644283743,6.999364964722313,1,144,,0.0,0.935057215341114,2.628304644283743,6.999364964722313,1,144,cheap,0.0,0.935057215341114,2.628304644283743,6.999364964722313,1,145,,0.0,0.935057215341114,2.628304644283743,6.999364964722313,1,ff0a88f67c900d338a79aa55753bb4ea6993228b,154,0.0,0.935057215341114,2.628304644283743,6.999364964722313,1,True
5e28331a44925e42,2021.05.25.14.16.10_veh-35_01690_02183,150,idm,141,,0.0,0.9162988300639654,2.627408851798585,6.997414226651985,1,141,,0.0,0.9162988300639654,2.627408851798585,6.997414226651985,1,139,,0.0,0.9162988300639654,2.627408851798585,6.997414226651985,1,139,,0.0,0.9162988300639654,2.627408851798585,6.997414226651985,1,139,,0.0,0.9162988300639654,2.627408851798585,6.997414226651985,1,141,cheap,0.0,0.9162988300639654,2.627408851798585,6.997414226651985,1,141,full,0.0,0.9162988300639654,2.627408851798585,6.997414226651985,1,45bfdf373c07b873c36f3d36c75e929be09ab3bd,151,0.0,0.9162988300639654,2.627408851798585,6.997414226651985,1,True
5e28331a44925e42,2021.05.25.14.16.10_veh-35_01690_02183,163,idm,143,,0.0,0.9351790798877605,2.624355533854315,6.977268775522682,1,145,,0.0,0.9351790798877605,2.624355533854315,6.977268775522682,1,142,,0.0,0.9351790798877605,2.624355533854315,6.977268775522682,1,142,,0.0,0.9351790798877605,2.624355533854315,6.977268775522682,1,140,,0.0,0.9351790798877605,2.624355533854315,6.977268775522682,1,143,,0.0,0.9351790798877605,2.624355533854315,6.977268775522682,1,145,,0.0,0.9351790798877605,2.624355533854315,6.977268775522682,1,9a89d9fd1c90dbcebbdc763443a26edbf4d54d38,153,0.0,0.9351790798877605,2.624355533854315,6.977268775522682,1,True
5e28331a44925e42,2021.05.25.14.16.10_veh-35_01690_02183,176,idm,142,,0.0,0.926864595731693,2.5819314905519173,6.682075778512644,1,144,,0.0,0.926864595731693,2.5819314905519173,6.682075778512644,1,140,,0.0,0.926864595731693,2.5819314905519173,6.682075778512644,1,143,,0.0,0.926864595731693,2.5819314905519173,6.682075778512644,1,140,,0.0,0.926864595731693,2.5819314905519173,6.682075778512644,1,142,,0.0,0.926864595731693,2.5819314905519173,6.682075778512644,1,144,,0.0,0.926864595731693,2.5819314905519173,6.682075778512644,1,f1d4ddc384262ee664e917ad0184f75f1800a701,155,0.0,0.926864595731693,2.5819314905519173,6.682075778512644,1,True
5e28331a44925e42,2021.05.25.14.16.10_veh-35_01690_02183,190,idm,143,,0.0,0.8601471668684331,2.3826143448717496,5.684727954147949,1,147,,0.0,0.8601471668684331,2.3826143448717496,5.684727954147949,1,141,,0.0,0.8601471668684331,2.3826143448717496,5.684727954147949,1,144,,0.0,0.8601471668684331,2.3826143448717496,5.684727954147949,1,143,,0.0,0.8601471668684331,2.3826143448717496,5.684727954147949,1,143,,0.0,0.8601471668684331,2.3826143448717496,5.684727954147949,1,147,,0.0,0.8601471668684331,2.3826143448717496,5.684727954147949,1,ef2a874a4f1255f2caa9f7ed59968a8775b0b991,154,0.0,0.8601471668684331,2.3826143448717496,5.684727954147949,1,True
5e28331a44925e42,2021.05.25.14.16.10_veh-35_01690_02183,203,idm,139,,0.0,0.8605159889285134,1.929631312289711,3.994540050962875,1,143,,0.0,0.8605159889285134,1.929631312289711,3.994540050962875,1,138,,0.0,0.8605159889285134,1.929631312289711,3.994540050962875,1,140,,0.0,0.8605159889285134,1.929631312289711,3.994540050962875,1,139,,0.0,0.8605159889285134,1.929631312289711,3.994540050962875,1,139,,0.0,0.8605159889285134,1.929631312289711,3.994540050962875,1,143,,0.0,0.8605159889285134,1.929631312289711,3.994540050962875,1,9f3b9ede08d499122469781214e8a3f822b24418,151,0.0,0.8605159889285134,1.929631312289711,3.994540050962875,1,True
5e28331a44925e42,2021.05.25.14.16.10_veh-35_01690_02183,216,idm,139,,0.0,0.8702083314182693,1.0938504938297913,1.5440327532780171,1,139,,0.0,0.8702083314182693,1.0938504938297913,1.5440327532780171,1,136,,0.0,0.8702083314182693,1.0938504938297913,1.5440327532780171,1,137,,0.0,0.8702083314182693,1.0938504938297913,1.5440327532780171,1,137,,0.0,0.8702083314182693,1.0938504938297913,1.5440327532780171,1,139,,0.0,0.8702083314182693,1.0938504938297913,1.5440327532780171,1,139,,0.0,0.8702083314182693,1.0938504938297913,1.5440327532780171,1,044d0aca95e5a5344f911dae1acb7fbaba6631e1,147,0.0,0.8702083314182693,1.0938504938297913,1.5440327532780171,1,True
5e28331a44925e42,2021.05.25.14.16.10_veh-35_01690_02183,230,idm,134,,0.0,0.8650089531841331,0.5016619662068537,1.866822388450262,1,135,,0.0,0.8650089531841331,0.5016619662068537,1.866822388450262,1,132,,0.0,0.8650089531841331,0.5016619662068537,1.866822388450262,1,133,,0.0,0.8650089531841331,0.5016619662068537,1.866822388450262,1,135,full,0.0,0.8650089531841331,0.5016619662068537,1.866822388450262,1,134,,0.0,0.8650089531841331,0.5016619662068537,1.866822388450262,1,135,,0.0,0.8650089531841331,0.5016619662068537,1.866822388450262,1,4c2c5549212dda8cc3e257ddd8819cc5ed29bc11,146,0.0,0.8650089531841331,0.5016619662068537,1.866822388450262,1,True
5e28331a44925e42,2021.05.25.14.16.10_veh-35_01690_02183,243,idm,131,,0.0,0.8467600366184007,2.172847033931331,5.494640999036885,1,134,,0.0,0.8467600366184007,2.172847033931331,5.494640999036885,1,128,,0.0,0.8467600366184007,2.172847033931331,5.494640999036885,1,133,,0.0,0.8467600366184007,2.172847033931331,5.494640999036885,1,132,,0.0,0.8467600366184007,2.172847033931331,5.494640999036885,1,131,,0.0,0.8467600366184007,2.172847033931331,5.494640999036885,1,134,,0.0,0.8467600366184007,2.172847033931331,5.494640999036885,1,f618f0673f9b195e518677a3ddcd445156bb9ef2,146,0.0,0.8467600366184007,2.172847033931331,5.494640999036885,1,True
5e28331a44925e42,2021.05.25.14.16.10_veh-35_01690_02183,256,idm,136,,0.0,0.8479811974873946,2.8785935671404643,6.746826351245144,1,139,,0.0,0.8479811974873946,2.8785935671404643,6.746826351245144,1,135,,0.0,0.8479811974873946,2.8785935671404643,6.746826351245144,1,139,,0.0,0.8479811974873946,2.8785935671404643,6.746826351245144,1,136,,0.0,0.8479811974873946,2.8785935671404643,6.746826351245144,1,136,,0.0,0.8479811974873946,2.8785935671404643,6.746826351245144,1,139,,0.0,0.8479811974873946,2.8785935671404643,6.746826351245144,1,968712e32fa052a1217acf0449d8312773b33337,151,0.0,0.8479811974873946,2.8785935671404643,6.746826351245144,1,True
5e28331a44925e42,2021.05.25.14.16.10_veh-35_01690_02183,270,idm,143,,0.0,0.8669438143820944,2.9700297878779445,6.684281093348194,1,147,,0.0,0.8669438143820944,2.9700297878779445,6.684281093348194,1,142,,0.0,0.8669438143820944,2.9700297878779445,6.684281093348194,1,146,,0.0,0.8669438143820944,2.9700297878779445,6.684281093348194,1,145,,0.0,0.8669438143820944,2.9700297878779445,6.684281093348194,1,143,,0.0,0.8669438143820944,2.9700297878779445,6.684281093348194,1,147,,0.0,0.8669438143820944,2.9700297878779445,6.684281093348194,1,87eb16716d74217da38b5ab7453d1e201a39a0ab,156,0.0,0.8669438143820944,2.9700297878779445,6.684281093348194,1,True
5e28331a44925e42,2021.05.25.14.16.10_veh-35_01690_02183,283,idm,152,,0.0,0.8867314524990243,2.79039225015342,6.113315931731707,1,151,,0.0,0.8867314524990243,2.79039225015342,6.113315931731707,1,151,,0.0,0.8867314524990243,2.79039225015342,6.113315931731707,1,151,,0.0,0.8867314524990243,2.79039225015342,6.113315931731707,1,151,cheap_nofp,0.0,0.8867314524990243,2.79039225015342,6.113315931731707,1,152,,0.0,0.8867314524990243,2.79039225015342,6.113315931731707,1,151,,0.0,0.8867314524990243,2.79039225015342,6.113315931731707,1,9ce82623af2c92d0fb7ac92717812c02825e14c9,165,0.0,0.8867314524990243,2.79039225015342,6.113315931731707,1,True
5e28331a44925e42,2021.05.25.14.16.10_veh-35_01690_02183,296,idm,159,,0.0,0.9357999499961006,2.427936552451954,5.229242479071619,1,160,,0.0,0.9357999499961006,2.427936552451954,5.229242479071619,1,158,,0.0,0.9357999499961006,2.427936552451954,5.229242479071619,1,159,,0.0,0.9357999499961006,2.427936552451954,5.229242479071619,1,159,full_nofp,0.0,0.9357999499961006,2.427936552451954,5.229242479071619,1,159,,0.0,0.9357999499961006,2.427936552451954,5.229242479071619,1,160,,0.0,0.9357999499961006,2.427936552451954,5.229242479071619,1,94b0cd8623e583ec5d458c214ed84c46810f4d39,169,0.0,0.9357999499961006,2.427936552451954,5.229242479071619,1,True
5e28331a44925e42,2021.05.25.14.16.10_veh-35_01690_02183,310,idm,164,,0.0,1.1929402570759016,2.0199983019989602,4.275479589215481,1,165,,0.0,1.1929402570759016,2.0199983019989602,4.275479589215481,1,163,,0.0,1.1929402570759016,2.0199983019989602,4.275479589215481,1,165,full,0.0,1.1929402570759016,2.0199983019989602,4.275479589215481,1,164,,0.0,1.1929402570759016,2.0199983019989602,4.275479589215481,1,164,,0.0,1.1929402570759016,2.0199983019989602,4.275479589215481,1,165,,0.0,1.1929402570759016,2.0199983019989602,4.275479589215481,1,16979f0b1aecea7b501f133e786209e91f8bcd05,175,0.0,1.1929402570759016,2.0199983019989602,4.275479589215481,1,True
6273c3a7f99556d7,2021.05.12.23.36.44_veh-35_01133_01535,4,idm,28,,0.0,2.611549028793358,2.5831776533537267,6.365178010749054,1,28,,0.0,2.611549028793358,2.5831776533537267,6.365178010749054,1,27,,0.0,2.611549028793358,2.5831776533537267,6.365178010749054,1,27,cheap_nofp,0.0,2.611549028793358,2.5831776533537267,6.365178010749054,1,28,full,0.0,2.611549028793358,2.5831776533537267,6.365178010749054,1,28,cheap,0.0,2.611549028793358,2.5831776533537267,6.365178010749054,1,28,full,0.0,2.611549028793358,2.5831776533537267,6.365178010749054,1,9451aff7c80b0452bb67ed4fe4dc3a29c9431c43,31,0.0,2.611549028793358,2.5831776533537267,6.365178010749054,1,True
6273c3a7f99556d7,2021.05.12.23.36.44_veh-35_01133_01535,17,idm,31,,0.0,2.6476689463712804,2.178932819429281,5.821568411292791,1,30,,0.0,2.6476689463712804,2.178932819429281,5.821568411292791,1,30,,0.0,2.6476689463712804,2.178932819429281,5.821568411292791,1,30,full,0.0,2.6476689463712804,2.178932819429281,5.821568411292791,1,30,cheap_nofp,0.0,2.6476689463712804,2.178932819429281,5.821568411292791,1,31,cheap,0.0,2.6476689463712804,2.178932819429281,5.821568411292791,1,30,,0.0,2.6476689463712804,2.178932819429281,5.821568411292791,1,5c209686df655d06a9f9b79290a61002b6a4e2da,35,0.0,2.6476689463712804,2.178932819429281,5.821568411292791,1,True
6273c3a7f99556d7,2021.05.12.23.36.44_veh-35_01133_01535,30,idm,29,,0.0,2.529338456850069,2.688909913933089,6.774809848065052,1,30,,0.0,2.529338456850069,2.688909913933089,6.774809848065052,1,29,cheap,0.0,2.529338456850069,2.688909913933089,6.774809848065052,1,30,full,0.0,2.529338456850069,2.688909913933089,6.774809848065052,1,30,,0.0,2.529338456850069,2.688909913933089,6.774809848065052,1,29,cheap,0.0,2.529338456850069,2.688909913933089,6.774809848065052,1,30,full,0.0,2.529338456850069,2.688909913933089,6.774809848065052,1,470ce555505ef80acabec220df2273f308f81498,34,0.0,2.529338456850069,2.688909913933089,6.774809848065052,1,True
6273c3a7f99556d7,2021.05.12.23.36.44_veh-35_01133_01535,43,idm,31,,0.0,2.517411844817231,2.5389701287137916,6.452630956747658,1,33,,0.0,2.517411844817231,2.5389701287137916,6.452630956747658,1,31,cheap,0.0,2.517411844817231,2.5389701287137916,6.452630956747658,1,32,,0.0,2.517411844817231,2.5389701287137916,6.452630956747658,1,31,,0.0,2.517411844817231,2.5389701287137916,6.452630956747658,1,31,cheap,0.0,2.517411844817231,2.5389701287137916,6.452630956747658,1,33,,0.0,2.517411844817231,2.5389701287137916,6.452630956747658,1,afb11c42931d80b67b3c82fa7e78688dc76faf15,38,0.0,2.517411844817231,2.5389701287137916,6.452630956747658,1,True
6273c3a7f99556d7,2021.05.12.23.36.44_veh-35_01133_01535,57,idm,36,,0.0,2.5665707094832735,2.7946220926222027,6.817743493813611,1,37,,0.0,2.5665707094832735,2.7946220926222027,6.817743493813611,1,36,cheap,0.0,2.5665707094832735,2.7946220926222027,6.817743493813611,1,37,full,0.0,2.5665707094832735,2.7946220926222027,6.817743493813611,1,37,,0.0,2.5665707094832735,2.7946220926222027,6.817743493813611,1,36,cheap,0.0,2.5665707094832735,2.7946220926222027,6.817743493813611,1,37,,0.0,2.5665707094832735,2.7946220926222027,6.817743493813611,1,5b99fff3973034f092684925276ad3dee5b36606,46,0.0,2.5665707094832735,2.7946220926222027,6.817743493813611,1,True
6273c3a7f99556d7,2021.05.12.23.36.44_veh-35_01133_01535,70,idm,39,,0.0,0.38632648387845914,2.7139973667083206,6.665132855245464,1,41,,0.0,0.38632648387845914,2.7139973667083206,6.665132855245464,1,39,cheap,0.0,0.38632648387845914,2.7139973667083206,6.665132855245464,1,41,full,0.0,0.38632648387845914,2.7139973667083206,6.665132855245464,1,38,,0.0,0.38632648387845914,2.7139973667083206,6.665132855245464,1,39,,0.0,0.38632648387845914,2.7139973667083206,6.665132855245464,1,41,,0.0,0.38632648387845914,2.7139973667083206,6.665132855245464,1,892e8863ae2d2d09867e6c414943f988ff98d726,52,0.0,0.38632648387845914,2.7139973667083206,6.665132855245464,1,True
6273c3a7f99556d7,2021.05.12.23.36.44_veh-35_01133_01535,83,idm,42,,0.0,0.3973395810653062,2.7517609649718247,6.78355572157545,1,44,,0.0,0.322151170844366,1.8422827687324193,3.9596482871240806,1,42,cheap,0.0,0.3973395810653062,2.7517609649718247,6.78355572157545,1,44,,0.0,0.322151170844366,1.8422827687324193,3.9596482871240806,1,43,,0.0,0.3973395810653062,2.7517609649718247,6.78355572157545,1,42,,0.0,0.3973395810653062,2.7517609649718247,6.78355572157545,1,44,,0.0,0.3973395810653062,2.7517609649718247,6.78355572157545,1,0b0fe1d03a096750e4eb88bc5e986cc19ded8a71,56,0.0,0.322151170844366,1.8422827687324193,3.9596482871240806,1,True
6273c3a7f99556d7,2021.05.12.23.36.44_veh-35_01133_01535,97,idm,47,,0.0,0.31800468521759834,2.751097242435314,6.993356658205968,1,47,,0.0,0.31800468521759834,2.751097242435314,6.993356658205968,1,47,cheap,0.0,0.31800468521759834,2.751097242435314,6.993356658205968,1,47,full,0.0,0.31800468521759834,2.751097242435314,6.993356658205968,1,47,cheap,0.0,0.31800468521759834,2.751097242435314,6.993356658205968,1,47,,0.0,0.31800468521759834,2.751097242435314,6.993356658205968,1,47,,0.0,0.31800468521759834,2.751097242435314,6.993356658205968,1,84de4f197a7d0b4b7079d48e2e79928d3f408304,58,0.0,0.33685721794633644,1.9418638161280888,4.4020018279492925,1,True
6273c3a7f99556d7,2021.05.12.23.36.44_veh-35_01133_01535,110,idm,47,,0.0,0.3776243994644848,3.0846551444456844,7.780539474745431,1,48,,0.0,0.3776243994644848,3.0846551444456844,7.780539474745431,1,47,cheap,0.0,0.3776243994644848,3.0846551444456844,7.780539474745431,1,48,full,0.0,0.3776243994644848,3.0846551444456844,7.780539474745431,1,47,,0.0,0.3776243994644848,3.0846551444456844,7.780539474745431,1,47,cheap,0.0,0.3776243994644848,3.0846551444456844,7.780539474745431,1,48,full,0.0,0.3776243994644848,3.0846551444456844,7.780539474745431,1,af97651d00ba89ceef477ae5e8a49f0eaf3e6741,57,0.0,0.3374221548379272,2.1691175336417134,4.804527121030828,1,True
6273c3a7f99556d7,2021.05.12.23.36.44_veh-35_01133_01535,123,idm,47,,0.0,0.35871537442737317,3.602465926936623,8.77181458587045,1,51,,0.0,0.35871537442737317,3.602465926936623,8.77181458587045,1,47,cheap,0.0,0.35871537442737317,3.602465926936623,8.77181458587045,1,49,,0.0,0.35871537442737317,3.602465926936623,8.77181458587045,1,48,,0.0,0.35871537442737317,3.602465926936623,8.77181458587045,1,47,cheap,0.0,0.35871537442737317,3.602465926936623,8.77181458587045,1,51,,0.0,0.35871537442737317,3.602465926936623,8.77181458587045,1,062450793894606da9df4a0baf07bd217c5505f4,57,0.0,0.33287901516426643,2.5608671450668874,5.390553576002673,1,True
6273c3a7f99556d7,2021.05.12.23.36.44_veh-35_01133_01535,137,idm,48,,0.0,0.36054850038587294,4.051118610114132,9.591935633350278,1,53,,0.0,0.36054850038587294,4.051118610114132,9.591935633350278,1,48,cheap,0.0,0.36054850038587294,4.051118610114132,9.591935633350278,1,50,,0.0,0.36054850038587294,4.051118610114132,9.591935633350278,1,48,,0.0,0.36054850038587294,4.051118610114132,9.591935633350278,1,48,,0.0,0.36054850038587294,4.051118610114132,9.591935633350278,1,53,,0.0,0.36054850038587294,4.051118610114132,9.591935633350278,1,ee8b989d788762f4f6560aa04e3f04957387c579,57,0.0,0.36054850038587294,4.051118610114132,9.591935633350278,1,True
6273c3a7f99556d7,2021.05.12.23.36.44_veh-35_01133_01535,150,idm,50,,1.0,0.0,4.4771905296646715,10.431663099684876,1,56,,1.0,0.0,4.4771905296646715,10.431663099684876,1,50,cheap,1.0,0.0,4.4771905296646715,10.431663099684876,1,52,,1.0,0.0,4.4771905296646715,10.431663099684876,1,51,,1.0,0.0,4.4771905296646715,10.431663099684876,1,50,,1.0,0.0,4.4771905296646715,10.431663099684876,1,56,,1.0,0.0,4.4771905296646715,10.431663099684876,1,5437611f9013ca13611048fed64b3f9deb2c2c23,57,1.0,0.0,4.4771905296646715,10.431663099684876,1,True
6273c3a7f99556d7,2021.05.12.23.36.44_veh-35_01133_01535,163,idm,51,,1.0,0.0,4.4927995505097975,10.690874174649732,1,60,,0.0,0.49268963732092946,3.8434966892964604,8.577599639689536,1,51,,1.0,0.0,4.4927995505097975,10.690874174649732,1,52,,1.0,0.0,4.4927995505097975,10.690874174649732,1,55,,1.0,0.0,4.4927995505097975,10.690874174649732,1,51,,1.0,0.0,4.4927995505097975,10.690874174649732,1,60,,0.0,0.49268963732092946,3.8434966892964604,8.577599639689536,1,1da3b9cef9171f8c31b3b13f4ed35b8b071f8961,59,1.0,0.0,4.4927995505097975,10.690874174649732,1,True
6273c3a7f99556d7,2021.05.12.23.36.44_veh-35_01133_01535,176,idm,54,,0.0,0.30082334956343537,4.301915544227239,10.85887674056531,1,68,,0.0,0.30082334956343537,4.301915544227239,10.85887674056531,1,53,,0.0,0.30082334956343537,4.301915544227239,10.85887674056531,1,55,,0.0,0.30082334956343537,4.301915544227239,10.85887674056531,1,57,,0.0,0.30082334956343537,4.301915544227239,10.85887674056531,1,54,,0.0,0.30082334956343537,4.301915544227239,10.85887674056531,1,68,,0.0,0.30082334956343537,4.301915544227239,10.85887674056531,1,76f10b44e0509209a107b4c04ca5e11f17745fcc,60,0.0,0.30082334956343537,4.301915544227239,10.85887674056531,1,True
6273c3a7f99556d7,2021.05.12.23.36.44_veh-35_01133_01535,190,idm,55,,0.0,0.608371991958678,4.741417411328329,12.13033869400698,1,63,,0.0,0.7008888825577968,4.369821658469288,10.90110238789001,1,54,,0.0,0.608371991958678,4.741417411328329,12.13033869400698,1,56,,0.0,0.7008888825577968,4.369821658469288,10.90110238789001,1,57,,0.0,0.608371991958678,4.741417411328329,12.13033869400698,1,55,,0.0,0.608371991958678,4.741417411328329,12.13033869400698,1,63,,0.0,0.608371991958678,4.741417411328329,12.13033869400698,1,9bdb1abeea604c9624f96ff63265eee65f515d73,60,0.0,0.7008888825577968,4.369821658469288,10.90110238789001,1,True
6273c3a7f99556d7,2021.05.12.23.36.44_veh-35_01133_01535,203,idm,59,,0.0,0.5120206946820072,4.870108492360471,11.590847715977716,1,61,,0.0,0.5120206946820072,4.870108492360471,11.590847715977716,1,58,,0.0,0.5120206946820072,4.870108492360471,11.590847715977716,1,58,,0.0,0.5120206946820072,4.870108492360471,11.590847715977716,1,58,,0.0,0.5480180463139912,5.231443974031022,12.796879991307593,1,59,,0.0,0.5120206946820072,4.870108492360471,11.590847715977716,1,61,,0.0,0.5120206946820072,4.870108492360471,11.590847715977716,1,914aef5d62a3675f343e145ef1e44f2b65df4987,62,0.0,0.5120206946820072,4.870108492360471,11.590847715977716,1,True
6273c3a7f99556d7,2021.05.12.23.36.44_veh-35_01133_01535,216,idm,63,,0.0,1.8336248136718325,3.275672252698583,5.182868629029448,1,63,,0.0,1.8336248136718325,3.275672252698583,5.182868629029448,1,62,,0.0,1.8336248136718325,3.275672252698583,5.182868629029448,1,63,full,0.0,1.8336248136718325,3.275672252698583,5.182868629029448,1,63,full,0.0,1.8336248136718325,3.275672252698583,5.182868629029448,1,63,cheap,0.0,1.8336248136718325,3.275672252698583,5.182868629029448,1,63,,0.0,1.8336248136718325,3.275672252698583,5.182868629029448,1,30acd33264846a1f8cdbc256f7d5321f22715a9f,66,0.0,1.8336248136718325,3.275672252698583,5.182868629029448,1,True
6273c3a7f99556d7,2021.05.12.23.36.44_veh-35_01133_01535,230,idm,70,,0.0,1.8246670716935343,2.9944605487269453,3.3983709019816852,1,73,,0.0,1.8246670716935343,2.9944605487269453,3.3983709019816852,1,70,,0.0,1.8246670716935343,2.9944605487269453,3.3983709019816852,1,71,,0.0,1.8246670716935343,2.9944605487269453,3.3983709019816852,1,72,,0.0,1.8246670716935343,2.9944605487269453,3.3983709019816852,1,70,,0.0,1.8287165447674538,3.1772190829212565,3.8837511123440294,1,73,,0.0,1.8246670716935343,2.9944605487269453,3.3983709019816852,1,13d401740d3196f85067ce090f34e0f762e602d9,71,0.0,1.8246670716935343,2.9944605487269453,3.3983709019816852,1,True
6273c3a7f99556d7,2021.05.12.23.36.44_veh-35_01133_01535,243,idm,70,,0.0,1.9432199871349984,1.955952331635295,1.2513182947032,1,73,,0.0,1.9432199871349984,1.955952331635295,1.2513182947032,1,69,,0.0,1.9432199871349984,1.955952331635295,1.2513182947032,1,70,,0.0,1.9432199871349984,1.955952331635295,1.2513182947032,1,69,,0.0,1.9432199871349984,1.955952331635295,1.2513182947032,1,70,,0.0,1.9432199871349984,1.955952331635295,1.2513182947032,1,73,,0.0,1.9432199871349984,1.955952331635295,1.2513182947032,1,fcf7f4971cbf7c0efb1f4253a5dfb51bcd824f7b,71,0.0,1.9432199871349984,1.955952331635295,1.2513182947032,1,True
6273c3a7f99556d7,2021.05.12.23.36.44_veh-35_01133_01535,256,idm,69,,0.0,1.9804705596774521,0.7540652592943529,0.756801754424553,1,71,,0.0,1.9800207384489874,0.7554803551867871,0.7626622705454535,1,68,,0.0,1.9732568302745737,0.7800633771977646,0.8653512483450264,1,68,cheap_nofp,0.0,1.9732568302745737,0.7800633771977646,0.8653512483450264,1,68,,0.0,1.9732568302745737,0.7800633771977646,0.8653512483450264,1,69,,0.0,1.9804705596774521,0.7540652592943529,0.756801754424553,1,71,,0.0,1.9800207384489874,0.7554803551867871,0.7626622705454535,1,075c586313d1dd2ff70338219acdf688aae874b4,70,0.0,1.9732568302745737,0.7800633771977646,0.8653512483450264,1,True
6273c3a7f99556d7,2021.05.12.23.36.44_veh-35_01133_01535,270,idm,66,,0.0,1.9113699549796712,1.2870052789488318,1.460629529955947,1,71,,0.0,1.9106026584413884,1.3978948520937653,1.8891440941674082,1,66,cheap,0.0,1.9113699549796712,1.2870052789488318,1.460629529955947,1,67,,0.0,1.9063532151353602,1.3386232995677207,1.6582631710115803,1,67,,0.0,1.9063532151353602,1.3386232995677207,1.6582631710115803,1,66,,0.0,1.9113699549796712,1.2870052789488318,1.460629529955947,1,71,,0.0,1.9106026584413884,1.3978948520937653,1.8891440941674082,1,09474b4a44b0c2e6213d0f70e9189346912e049d,69,0.0,1.9063532151353602,1.3386232995677207,1.6582631710115803,1,True
6273c3a7f99556d7,2021.05.12.23.36.44_veh-35_01133_01535,283,idm,68,,0.0,0.4635778546204818,1.2024274187572557,1.0846342728710971,1,68,,0.0,0.49702772840037046,1.083130065359875,0.7283537755463548,1,67,,0.0,0.49702772840037046,1.083130065359875,0.7283537755463548,1,66,,0.0,0.49702772840037046,1.083130065359875,0.7283537755463548,1,66,,0.0,0.49702772840037046,1.083130065359875,0.7283537755463548,1,68,,0.0,0.4635778546204818,1.2024274187572557,1.0846342728710971,1,68,,0.0,0.49702772840037046,1.083130065359875,0.7283537755463548,1,7c195a855acfe9a98989c1966fce01942411194a,68,0.0,0.49702772840037046,1.083130065359875,0.7283537755463548,1,True
6273c3a7f99556d7,2021.05.12.23.36.44_veh-35_01133_01535,296,idm,69,,0.0,0.4221388292183267,0.981325411899493,2.2963609690965123,1,68,,0.0,0.4372816951972468,0.9442575429676153,2.1229617776623977,1,68,,0.0,0.4221388292183267,0.981325411899493,2.2963609690965123,1,67,,0.0,0.4221388292183267,0.981325411899493,2.2963609690965123,1,67,full_nofp,0.0,0.4221388292183267,0.981325411899493,2.2963609690965123,1,69,,0.0,0.4221388292183267,0.981325411899493,2.2963609690965123,1,68,,0.0,0.4372816951972468,0.9442575429676153,2.1229617776623977,1,3901435846c22514d1aeed0e3531539e90ed2269,70,0.0,0.4221388292183267,0.981325411899493,2.2963609690965123,1,True
6273c3a7f99556d7,2021.05.12.23.36.44_veh-35_01133_01535,310,idm,69,,0.0,0.5230180820621092,1.7015485361485567,4.142812743105043,1,71,,0.0,0.5271495686798264,1.650002366990631,3.9709134584387416,1,67,,0.0,0.5230180820621092,1.7015485361485567,4.142812743105043,1,68,,0.0,0.5230180820621092,1.7015485361485567,4.142812743105043,1,69,,0.0,0.5271495686798264,1.650002366990631,3.9709134584387416,1,69,,0.0,0.5230180820621092,1.7015485361485567,4.142812743105043,1,71,,0.0,0.5271495686798264,1.650002366990631,3.9709134584387416,1,bc7626bb9eedc81a9941568dd509be34d845cbd1,73,0.0,0.5230180820621092,1.7015485361485567,4.142812743105043,1,True
66b50c36b18058ec,2021.06.03.13.55.17_veh-35_00073_00426,4,idm,39,reference,0.0,3.877077290471249,0.33785919721694846,0.6885250876442705,1,42,,0.0,3.877077290471249,0.33785919721694846,0.6885250876442705,1,39,reference,0.0,3.877077290471249,0.33785919721694846,0.6885250876442705,1,39,reference,0.0,3.877077290471249,0.33785919721694846,0.6885250876442705,1,39,,0.0,3.877077290471249,0.33785919721694846,0.6885250876442705,1,39,reference,0.0,3.877077290471249,0.33785919721694846,0.6885250876442705,1,42,full,0.0,3.877077290471249,0.33785919721694846,0.6885250876442705,1,dbdb3f6ea20b24053bad50a2115ca0439fdaac19,39,0.0,3.877077290471249,0.33785919721694846,0.6885250876442705,1,True
66b50c36b18058ec,2021.06.03.13.55.17_veh-35_00073_00426,17,idm,36,,0.0,3.7260773493568182,0.23425031689586873,0.6109373657410496,1,39,,0.0,3.7260773493568182,0.23425031689586873,0.6109373657410496,1,36,cheap,0.0,3.7260773493568182,0.23425031689586873,0.6109373657410496,1,37,,0.0,3.7260773493568182,0.23425031689586873,0.6109373657410496,1,37,,0.0,3.7260773493568182,0.23425031689586873,0.6109373657410496,1,36,cheap,0.0,3.7260773493568182,0.23425031689586873,0.6109373657410496,1,39,,0.0,3.7260773493568182,0.23425031689586873,0.6109373657410496,1,0fa0ec9bd38cfa49cb7a42d5e04f38ad7a4791d8,38,0.0,3.7260773493568182,0.23425031689586873,0.6109373657410496,1,True
66b50c36b18058ec,2021.06.03.13.55.17_veh-35_00073_00426,30,idm,43,,0.0,1.7734366413789344,0.6109466311370636,1.469579465756703,1,46,,0.0,1.7734366413789344,0.6109466311370636,1.469579465756703,1,42,,0.0,1.7734366413789344,0.6109466311370636,1.469579465756703,1,42,,0.0,1.7734366413789344,0.6109466311370636,1.469579465756703,1,42,,0.0,1.7734366413789344,0.6109466311370636,1.469579465756703,1,43,,0.0,1.7734366413789344,0.6109466311370636,1.469579465756703,1,46,,0.0,1.7734366413789344,0.6109466311370636,1.469579465756703,1,fffd1fa42f0dc7fc3718faa0aed02dac2e875d9c,44,0.0,1.7734366413789344,0.6109466311370636,1.469579465756703,1,True
66b50c36b18058ec,2021.06.03.13.55.17_veh-35_00073_00426,43,idm,46,,0.0,1.0041561283791938,7.4801332964657306,16.23988320320437,1,48,,0.0,1.0041561283791938,7.4801332964657306,16.23988320320437,1,45,,0.0,1.0041561283791938,7.4801332964657306,16.23988320320437,1,46,,0.0,1.0041561283791938,7.4801332964657306,16.23988320320437,1,44,,0.0,1.0041561283791938,7.4801332964657306,16.23988320320437,1,46,,0.0,1.0041561283791938,7.4801332964657306,16.23988320320437,1,48,,0.0,1.0041561283791938,7.4801332964657306,16.23988320320437,1,f2dfbcbca985aea3fbc3abc796d6631ffd9db207,49,0.0,1.0041561283791938,7.4801332964657306,16.23988320320437,1,True
66b50c36b18058ec,2021.06.03.13.55.17_veh-35_00073_00426,57,idm,41,,0.0,1.0171426869869593,7.528350557807836,16.37998383151245,1,47,,0.0,1.0171426869869593,7.528350557807836,16.37998383151245,1,39,,0.0,1.0171426869869593,7.528350557807836,16.37998383151245,1,42,,0.0,1.0171426869869593,7.528350557807836,16.37998383151245,1,41,,0.0,1.0171426869869593,7.528350557807836,16.37998383151245,1,41,,0.0,1.0171426869869593,7.528350557807836,16.37998383151245,1,47,,0.0,1.0171426869869593,7.528350557807836,16.37998383151245,1,f2c6b630130b59f644ebd1cdf6fdd8cfe5d7bd9a,49,0.0,1.0171426869869593,7.528350557807836,16.37998383151245,1,True
66b50c36b18058ec,2021.06.03.13.55.17_veh-35_00073_00426,70,idm,46,,0.0,1.0376462897434215,7.865166650689245,16.981027098837917,1,50,,0.0,1.0376462897434215,7.865166650689245,16.981027098837917,1,43,,0.0,1.0376462897434215,7.865166650689245,16.981027098837917,1,45,,0.0,1.0376462897434215,7.865166650689245,16.981027098837917,1,46,,0.0,1.0376462897434215,7.865166650689245,16.981027098837917,1,46,,0.0,1.0376462897434215,7.865166650689245,16.981027098837917,1,50,full,0.0,1.0376462897434215,7.865166650689245,16.981027098837917,1,f245f701f3c570afd918338f09626f793de3b69d,54,0.0,1.0376462897434215,7.865166650689245,16.981027098837917,1,True
66b50c36b18058ec,2021.06.03.13.55.17_veh-35_00073_00426,83,idm,57,,0.0,1.0103788222122223,8.051885384534314,17.32225409117698,1,61,,0.0,1.0103788222122223,8.051885384534314,17.32225409117698,1,54,,0.0,1.0103788222122223,8.051885384534314,17.32225409117698,1,58,,0.0,1.0103788222122223,8.051885384534314,17.32225409117698,1,57,,0.0,1.0103788222122223,8.051885384534314,17.32225409117698,1,57,,0.0,1.0103788222122223,8.051885384534314,17.32225409117698,1,61,,0.0,1.0103788222122223,8.051885384534314,17.32225409117698,1,b4f32ae803f809980c78acfb314e48ed11f2ece2,71,0.0,1.0103788222122223,8.051885384534314,17.32225409117698,1,True
66b50c36b18058ec,2021.06.03.13.55.17_veh-35_00073_00426,97,idm,69,,0.0,3.027587480104914,8.282819087717934,17.736702613175236,1,69,,0.0,3.027587480104914,8.282819087717934,17.736702613175236,1,67,,0.0,3.027587480104914,8.282819087717934,17.736702613175236,1,67,,0.0,3.027587480104914,8.282819087717934,17.736702613175236,1,68,,0.0,3.027587480104914,8.282819087717934,17.736702613175236,1,69,,0.0,3.027587480104914,8.282819087717934,17.736702613175236,1,69,full,0.0,3.027587480104914,8.282819087717934,17.736702613175236,1,dd0ac6e1dad4e4eee464f4742644016742f154fb,79,0.0,3.027587480104914,8.282819087717934,17.736702613175236,1,True
66b50c36b18058ec,2021.06.03.13.55.17_veh-35_00073_00426,110,idm,79,,0.0,1.859709948617561,8.434224317707889,17.993299936650775,1,79,,0.0,1.859709948617561,8.434224317707889,17.993299936650775,1,76,,0.0,1.859709948617561,8.434224317707889,17.993299936650775,1,76,,0.0,1.859709948617561,8.434224317707889,17.993299936650775,1,74,,0.0,1.859709948617561,8.434224317707889,17.993299936650775,1,79,,0.0,1.859709948617561,8.434224317707889,17.993299936650775,1,79,,0.0,1.859709948617561,8.434224317707889,17.993299936650775,1,012bd17b2af89d7c123882c35c5e3b5d37332275,84,0.0,1.859709948617561,8.434224317707889,17.993299936650775,1,True
66b50c36b18058ec,2021.06.03.13.55.17_veh-35_00073_00426,123,idm,88,,0.0,0.4916254557621996,8.6100310402623,18.280667369215777,1,96,,0.0,0.4916254557621996,8.6100310402623,18.280667369215777,1,86,,0.0,0.4916254557621996,8.6100310402623,18.280667369215777,1,90,,0.0,0.4916254557621996,8.6100310402623,18.280667369215777,1,91,,0.0,0.4916254557621996,8.6100310402623,18.280667369215777,1,88,,0.0,0.4916254557621996,8.6100310402623,18.280667369215777,1,96,,0.0,0.4916254557621996,8.6100310402623,18.280667369215777,1,1b5ae36ac9e3fb1366f4105888a89bba7ff5240a,96,0.0,0.4916254557621996,8.6100310402623,18.280667369215777,1,True
66b50c36b18058ec,2021.06.03.13.55.17_veh-35_00073_00426,137,idm,101,,1.0,0.0,8.091608142501304,15.70779900743186,1,105,,1.0,0.0,8.091608142501304,15.70779900743186,1,101,,1.0,0.0,8.091608142501304,15.70779900743186,1,102,,1.0,0.0,8.091608142501304,15.70779900743186,1,102,,1.0,0.0,8.091608142501304,15.70779900743186,1,101,,1.0,0.0,8.091608142501304,15.70779900743186,1,105,,1.0,0.0,8.091608142501304,15.70779900743186,1,252f7830ec6d75bb0adaeef8c4e98676823bd747,108,1.0,0.0,8.091608142501304,15.70779900743186,1,True
66b50c36b18058ec,2021.06.03.13.55.17_veh-35_00073_00426,150,idm,120,,1.0,0.0,8.078343938984222,15.442188364662908,1,123,,1.0,0.0,8.078343938984222,15.442188364662908,1,119,,1.0,0.0,8.078343938984222,15.442188364662908,1,121,,1.0,0.0,8.078343938984222,15.442188364662908,1,121,,1.0,0.0,8.078343938984222,15.442188364662908,1,120,,1.0,0.0,8.078343938984222,15.442188364662908,1,123,,1.0,0.0,8.078343938984222,15.442188364662908,1,45075069751600f2c04fef23d5fa9d2105d4743b,125,1.0,0.0,8.078343938984222,15.442188364662908,1,True
66b50c36b18058ec,2021.06.03.13.55.17_veh-35_00073_00426,163,idm,128,,1.0,0.0,6.792306625018302,11.269731494458378,1,129,,1.0,0.0,6.792306625018302,11.269731494458378,1,125,,1.0,0.0,6.792306625018302,11.269731494458378,1,125,,1.0,0.0,6.792306625018302,11.269731494458378,1,126,,1.0,0.0,6.792306625018302,11.269731494458378,1,128,,1.0,0.0,6.792306625018302,11.269731494458378,1,129,,1.0,0.0,6.792306625018302,11.269731494458378,1,912ad8e8c8ec40c72e20c5921dd49e01a5b86ae5,130,1.0,0.0,6.792306625018302,11.269731494458378,1,True
66b50c36b18058ec,2021.06.03.13.55.17_veh-35_00073_00426,176,idm,132,,1.0,0.0,8.335285099070157,17.93433775940962,1,136,,1.0,0.0,8.335285099070157,17.93433775940962,1,131,,1.0,0.0,8.335285099070157,17.93433775940962,1,132,,1.0,0.0,8.335285099070157,17.93433775940962,1,131,,1.0,0.0,8.335285099070157,17.93433775940962,1,132,,1.0,0.0,8.335285099070157,17.93433775940962,1,136,,1.0,0.0,8.335285099070157,17.93433775940962,1,472a33021fcb01aeb16470393ae1961c8a42f614,137,1.0,0.0,8.335285099070157,17.93433775940962,1,True
66b50c36b18058ec,2021.06.03.13.55.17_veh-35_00073_00426,190,idm,137,,1.0,0.0,8.711685368387796,19.465689291765308,1,139,,1.0,0.0,8.711685368387796,19.465689291765308,1,137,,1.0,0.0,8.711685368387796,19.465689291765308,1,137,,1.0,0.0,8.711685368387796,19.465689291765308,1,138,,1.0,0.0,8.711685368387796,19.465689291765308,1,137,,1.0,0.0,8.711685368387796,19.465689291765308,1,139,,1.0,0.0,8.711685368387796,19.465689291765308,1,f567b5dd038964f59ff195d819b1a6fcd77dfd1a,140,1.0,0.0,8.711685368387796,19.465689291765308,1,True
66b50c36b18058ec,2021.06.03.13.55.17_veh-35_00073_00426,203,idm,131,,1.0,0.0,8.76781373463294,19.808879484935368,1,133,,1.0,0.0,8.76781373463294,19.808879484935368,1,131,,1.0,0.0,8.76781373463294,19.808879484935368,1,132,,1.0,0.0,8.76781373463294,19.808879484935368,1,133,,1.0,0.0,8.76781373463294,19.808879484935368,1,131,cheap,1.0,0.0,8.76781373463294,19.808879484935368,1,133,,1.0,0.0,8.76781373463294,19.808879484935368,1,370f0e8b039d57f77a53bcd0300f4d512b3252fd,136,1.0,0.0,8.76781373463294,19.808879484935368,1,True
66b50c36b18058ec,2021.06.03.13.55.17_veh-35_00073_00426,216,idm,117,,1.0,0.0,8.97113838742406,20.073610195793467,1,121,,1.0,0.0,8.97113838742406,20.073610195793467,1,115,,1.0,0.0,8.97113838742406,20.073610195793467,1,118,,1.0,0.0,8.97113838742406,20.073610195793467,1,118,,1.0,0.0,8.97113838742406,20.073610195793467,1,117,cheap,1.0,0.0,8.97113838742406,20.073610195793467,1,121,,1.0,0.0,8.97113838742406,20.073610195793467,1,b1918539bf7548f73f53170639aac370b95ca869,123,1.0,0.0,8.97113838742406,20.073610195793467,1,True
66b50c36b18058ec,2021.06.03.13.55.17_veh-35_00073_00426,230,idm,127,,1.0,0.0,8.735188098669454,19.17521233292405,1,128,,1.0,0.0,8.735188098669454,19.17521233292405,1,126,,1.0,0.0,8.735188098669454,19.17521233292405,1,127,,1.0,0.0,8.735188098669454,19.17521233292405,1,127,,1.0,0.0,8.735188098669454,19.17521233292405,1,127,,1.0,0.0,8.735188098669454,19.17521233292405,1,128,full,1.0,0.0,8.735188098669454,19.17521233292405,1,bc1eed63f3bb3e5d01306492521b88b2cd07b815,132,1.0,0.0,8.735188098669454,19.17521233292405,1,True
66b50c36b18058ec,2021.06.03.13.55.17_veh-35_00073_00426,243,idm,136,,0.0,0.04875410562647369,8.732294647959826,18.63954592123138,1,138,,0.0,0.04875410562647369,8.732294647959826,18.63954592123138,1,135,,0.0,0.04875410562647369,8.732294647959826,18.63954592123138,1,136,,0.0,0.04875410562647369,8.732294647959826,18.63954592123138,1,136,,0.0,0.04875410562647369,8.732294647959826,18.63954592123138,1,136,,0.0,0.04875410562647369,8.732294647959826,18.63954592123138,1,137,,0.0,0.04875410562647369,8.732294647959826,18.63954592123138,1,a519dc33092bb6813e723ac97d6d42c72762d965,143,0.0,0.04875410562647369,8.732294647959826,18.63954592123138,1,True
66b50c36b18058ec,2021.06.03.13.55.17_veh-35_00073_00426,256,idm,130,,0.0,1.0560348418208794,7.940914097258228,16.63082377696286,1,136,,0.0,1.0560348418208794,7.940914097258228,16.63082377696286,1,130,cheap,0.0,1.0560348418208794,7.940914097258228,16.63082377696286,1,135,,0.0,1.0560348418208794,7.940914097258228,16.63082377696286,1,135,,0.0,1.0560348418208794,7.940914097258228,16.63082377696286,1,130,cheap,0.0,1.0560348418208794,7.940914097258228,16.63082377696286,1,136,,0.0,1.0560348418208794,7.940914097258228,16.63082377696286,1,d012ec57bcb2b9cc9ed0527640925c37987829d1,141,0.0,1.0560348418208794,7.940914097258228,16.63082377696286,1,True
66b50c36b18058ec,2021.06.03.13.55.17_veh-35_00073_00426,270,idm,107,,0.0,1.1665685271737338,7.580942730122409,16.140732691143658,1,116,,0.0,1.1665685271737338,7.580942730122409,16.140732691143658,1,107,cheap,0.0,1.1665685271737338,7.580942730122409,16.140732691143658,1,112,,0.0,1.1665685271737338,7.580942730122409,16.140732691143658,1,111,,0.0,1.1665685271737338,7.580942730122409,16.140732691143658,1,107,,0.0,1.1665685271737338,7.580942730122409,16.140732691143658,1,116,,0.0,1.1665685271737338,7.580942730122409,16.140732691143658,1,6f2f8987c99bc544006b648b13fdb838ac257397,120,0.0,1.1665685271737338,7.580942730122409,16.140732691143658,1,True
66b50c36b18058ec,2021.06.03.13.55.17_veh-35_00073_00426,283,idm,109,,0.0,1.3538822039980196,6.59416332608896,12.868287704493472,1,113,,0.0,1.3538822039980196,6.59416332608896,12.868287704493472,1,109,,0.0,1.3538822039980196,6.59416332608896,12.868287704493472,1,111,,0.0,1.3538822039980196,6.59416332608896,12.868287704493472,1,112,,0.0,1.3538822039980196,6.59416332608896,12.868287704493472,1,109,,0.0,1.3538822039980196,6.59416332608896,12.868287704493472,1,113,,0.0,1.3538822039980196,6.59416332608896,12.868287704493472,1,70995f5a4d1a07cb559f8f8b2d1178ac08e45e4a,124,0.0,1.3538822039980196,6.59416332608896,12.868287704493472,1,True
66b50c36b18058ec,2021.06.03.13.55.17_veh-35_00073_00426,296,idm,108,,0.0,2.5158323937517424,5.811215064113588,10.678785623376553,1,114,,0.0,2.5158323937517424,5.811215064113588,10.678785623376553,1,108,,0.0,2.5158323937517424,5.811215064113588,10.678785623376553,1,111,,0.0,2.5158323937517424,5.811215064113588,10.678785623376553,1,109,,0.0,2.5158323937517424,5.811215064113588,10.678785623376553,1,108,,0.0,2.5158323937517424,5.811215064113588,10.678785623376553,1,113,,0.0,2.5158323937517424,5.811215064113588,10.678785623376553,1,f576273b8020c7d916a4ef5b0db931fcb51a689c,122,0.0,2.5158323937517424,5.811215064113588,10.678785623376553,1,True
66b50c36b18058ec,2021.06.03.13.55.17_veh-35_00073_00426,310,idm,116,,0.0,3.5908289168854566,5.250130163819781,8.991362403816005,1,121,,0.0,3.5908289168854566,5.250130163819781,8.991362403816005,1,116,cheap,0.0,3.5908289168854566,5.250130163819781,8.991362403816005,1,119,,0.0,3.5908289168854566,5.250130163819781,8.991362403816005,1,118,,0.0,3.5908289168854566,5.250130163819781,8.991362403816005,1,116,,0.0,3.5908289168854566,5.250130163819781,8.991362403816005,1,121,,0.0,3.5908289168854566,5.250130163819781,8.991362403816005,1,3785487dcff1b24a7eb96ef98ce9618ed5d7d7b8,131,0.0,3.5908289168854566,5.250130163819781,8.991362403816005,1,True
6ae7774541a7520d,2021.07.16.20.45.29_veh-35_01095_01486,4,idm,82,,0.0,0.7044553518804387,2.209491563006202,6.961473971912505,1,86,,0.0,0.7044553518804387,2.209491563006202,6.961473971912505,1,82,cheap,0.0,0.7044553518804387,2.209491563006202,6.961473971912505,1,85,,0.0,0.7044553518804387,2.209491563006202,6.961473971912505,1,83,,0.0,0.7044553518804387,2.209491563006202,6.961473971912505,1,82,cheap,0.0,0.7044553518804387,2.209491563006202,6.961473971912505,1,86,,0.0,0.7044553518804387,2.209491563006202,6.961473971912505,1,d9c589c7383ca54923301c44c3501dcc72b14b66,91,0.0,0.7044553518804387,2.209491563006202,6.961473971912505,1,True
6ae7774541a7520d,2021.07.16.20.45.29_veh-35_01095_01486,17,idm,84,,1.0,0.0,3.1616920771503185,9.177735261681732,1,86,,1.0,0.0,3.1616920771503185,9.177735261681732,1,83,,1.0,0.0,3.1616920771503185,9.177735261681732,1,85,,1.0,0.0,3.1616920771503185,9.177735261681732,1,84,,1.0,0.0,3.1616920771503185,9.177735261681732,1,84,cheap,1.0,0.0,3.1616920771503185,9.177735261681732,1,86,,1.0,0.0,3.1616920771503185,9.177735261681732,1,2885301e136986b8dd7d8c5d16c6f1c3842ecb0d,92,1.0,0.0,3.1616920771503185,9.177735261681732,1,True
6ae7774541a7520d,2021.07.16.20.45.29_veh-35_01095_01486,30,idm,81,,1.0,0.0,3.9019574822267833,10.942499171265895,1,87,,1.0,0.0,3.9019574822267833,10.942499171265895,1,81,cheap,1.0,0.0,3.9019574822267833,10.942499171265895,1,87,,1.0,0.0,3.9019574822267833,10.942499171265895,1,85,,1.0,0.0,3.9019574822267833,10.942499171265895,1,81,,1.0,0.0,3.9019574822267833,10.942499171265895,1,87,,1.0,0.0,3.9019574822267833,10.942499171265895,1,8f642fd991367c105df38706ec8c706137a9dcc9,92,1.0,0.0,3.9019574822267833,10.942499171265895,1,True
6ae7774541a7520d,2021.07.16.20.45.29_veh-35_01095_01486,43,idm,80,,1.0,0.0,4.586473011750815,12.612618561426158,1,85,,1.0,0.0,4.586473011750815,12.612618561426158,1,80,cheap,1.0,0.0,4.586473011750815,12.612618561426158,1,84,,1.0,0.0,4.586473011750815,12.612618561426158,1,83,,1.0,0.0,4.586473011750815,12.612618561426158,1,80,,1.0,0.0,4.586473011750815,12.612618561426158,1,85,,1.0,0.0,4.586473011750815,12.612618561426158,1,3ccea8d422724058cda7500d57186f4eac570b6a,91,1.0,0.0,4.586473011750815,12.612618561426158,1,True
6ae7774541a7520d,2021.07.16.20.45.29_veh-35_01095_01486,57,idm,75,,1.0,0.0,5.082035301475056,13.973486566341755,1,82,,1.0,0.0,5.082035301475056,13.973486566341755,1,75,cheap,1.0,0.0,5.082035301475056,13.973486566341755,1,80,,1.0,0.0,5.082035301475056,13.973486566341755,1,80,,1.0,0.0,5.082035301475056,13.973486566341755,1,75,,1.0,0.0,5.082035301475056,13.973486566341755,1,82,,1.0,0.0,5.082035301475056,13.973486566341755,1,1d11e3173419f20f5040aa238e145617e9eeb65e,87,1.0,0.0,5.082035301475056,13.973486566341755,1,True
6ae7774541a7520d,2021.07.16.20.45.29_veh-35_01095_01486,70,idm,80,,1.0,0.0,5.045869239425553,13.908300335786711,1,83,,1.0,0.0,5.045869239425553,13.908300335786711,1,77,,1.0,0.0,5.045869239425553,13.908300335786711,1,81,,1.0,0.0,5.045869239425553,13.908300335786711,1,79,,1.0,0.0,5.045869239425553,13.908300335786711,1,80,,1.0,0.0,5.045869239425553,13.908300335786711,1,83,,1.0,0.0,5.045869239425553,13.908300335786711,1,743102a2453ead2c6abb98a1dceb6501ff4b61ca,86,1.0,0.0,5.045869239425553,13.908300335786711,1,True
6ae7774541a7520d,2021.07.16.20.45.29_veh-35_01095_01486,83,idm,79,,1.0,0.0,4.830364755027013,13.461417664376171,1,83,,1.0,0.0,4.830364755027013,13.461417664376171,1,77,,1.0,0.0,4.830364755027013,13.461417664376171,1,80,,1.0,0.0,4.830364755027013,13.461417664376171,1,79,,1.0,0.0,4.830364755027013,13.461417664376171,1,79,,1.0,0.0,4.830364755027013,13.461417664376171,1,83,,1.0,0.0,4.830364755027013,13.461417664376171,1,a137013f2b1fcba3989dba1b4d9dd9742d97482b,84,1.0,0.0,4.830364755027013,13.461417664376171,1,True
6ae7774541a7520d,2021.07.16.20.45.29_veh-35_01095_01486,97,idm,74,,1.0,0.0,4.432489206882766,12.541791412885791,1,78,,1.0,0.0,4.432489206882766,12.541791412885791,1,73,,1.0,0.0,4.432489206882766,12.541791412885791,1,76,,1.0,0.0,4.432489206882766,12.541791412885791,1,78,,1.0,0.0,4.432489206882766,12.541791412885791,1,74,,1.0,0.0,4.432489206882766,12.541791412885791,1,78,,1.0,0.0,4.432489206882766,12.541791412885791,1,6ba1b3db1c36ab802b70b66cb831e8752f52257c,84,1.0,0.0,4.432489206882766,12.541791412885791,1,True
6ae7774541a7520d,2021.07.16.20.45.29_veh-35_01095_01486,110,idm,73,,1.0,0.0,4.150828803243776,11.932588425916741,1,78,,1.0,0.0,4.150828803243776,11.932588425916741,1,70,,1.0,0.0,4.150828803243776,11.932588425916741,1,76,,1.0,0.0,4.150828803243776,11.932588425916741,1,75,,1.0,0.0,4.150828803243776,11.932588425916741,1,73,,1.0,0.0,4.150828803243776,11.932588425916741,1,78,,1.0,0.0,4.150828803243776,11.932588425916741,1,84972ef2efeb985198c734bbc19ec20212543f2d,87,1.0,0.0,4.150828803243776,11.932588425916741,1,True
6ae7774541a7520d,2021.07.16.20.45.29_veh-35_01095_01486,123,idm,79,,1.0,0.0,3.7176059817979303,11.162610908271322,1,86,,1.0,0.0,3.7176059817979303,11.162610908271322,1,77,,1.0,0.0,3.7176059817979303,11.162610908271322,1,83,,1.0,0.0,3.7176059817979303,11.162610908271322,1,82,,1.0,0.0,3.7176059817979303,11.162610908271322,1,79,,1.0,0.0,3.7176059817979303,11.162610908271322,1,86,,1.0,0.0,3.7176059817979303,11.162610908271322,1,5f3d2dc61956d27834aa8560d32e7a195abf9c26,90,1.0,0.0,3.7176059817979303,11.162610908271322,1,True
6ae7774541a7520d,2021.07.16.20.45.29_veh-35_01095_01486,137,idm,76,,1.0,0.0,3.3770518479453147,10.53562340613474,1,81,,1.0,0.0,3.3770518479453147,10.53562340613474,1,76,,1.0,0.0,3.3770518479453147,10.53562340613474,1,79,,1.0,0.0,3.3770518479453147,10.53562340613474,1,76,,1.0,0.0,3.3770518479453147,10.53562340613474,1,76,,1.0,0.0,3.3770518479453147,10.53562340613474,1,81,,1.0,0.0,3.3770518479453147,10.53562340613474,1,d985d9cc8d9e946eeec4b439e694dea3ca624c8d,86,1.0,0.0,3.3770518479453147,10.53562340613474,1,True
6ae7774541a7520d,2021.07.16.20.45.29_veh-35_01095_01486,150,idm,75,,1.0,0.0,3.0947643798174487,9.83693713360212,1,80,,1.0,0.0,3.0947643798174487,9.83693713360212,1,74,,1.0,0.0,3.0947643798174487,9.83693713360212,1,79,,1.0,0.0,3.0947643798174487,9.83693713360212,1,75,,1.0,0.0,3.0947643798174487,9.83693713360212,1,75,,1.0,0.0,3.0947643798174487,9.83693713360212,1,79,,1.0,0.0,3.0947643798174487,9.83693713360212,1,afcda650e06a0b5b61b686f7cb6c6cbca3bd96f9,85,1.0,0.0,3.0947643798174487,9.83693713360212,1,True
6ae7774541a7520d,2021.07.16.20.45.29_veh-35_01095_01486,163,idm,80,,1.0,0.0,2.877314933086386,9.240599921794004,1,84,,1.0,0.0,2.877314933086386,9.240599921794004,1,78,,1.0,0.0,2.877314933086386,9.240599921794004,1,82,,1.0,0.0,2.877314933086386,9.240599921794004,1,80,,1.0,0.0,2.877314933086386,9.240599921794004,1,80,,1.0,0.0,2.877314933086386,9.240599921794004,1,84,,1.0,0.0,2.877314933086386,9.240599921794004,1,6e904e77629daa9a4a6e109a08d26a972c367115,88,1.0,0.0,2.877314933086386,9.240599921794004,1,True
6ae7774541a7520d,2021.07.16.20.45.29_veh-35_01095_01486,176,idm,86,,0.0,0.6276840556718728,2.595838663114528,8.610222911183447,1,88,,0.0,0.6276840556718728,2.595838663114528,8.610222911183447,1,85,,0.0,0.6276840556718728,2.595838663114528,8.610222911183447,1,86,,0.0,0.6276840556718728,2.595838663114528,8.610222911183447,1,85,,0.0,0.6276840556718728,2.595838663114528,8.610222911183447,1,86,cheap,0.0,0.6276840556718728,2.595838663114528,8.610222911183447,1,88,full,0.0,0.6276840556718728,2.595838663114528,8.610222911183447,1,88dbbb859fcef1753b9c2148c0fe8e31883b1796,89,0.0,0.6276840556718728,2.595838663114528,8.610222911183447,1,True
6ae7774541a7520d,2021.07.16.20.45.29_veh-35_01095_01486,190,idm,85,,0.0,1.3410758616725456,2.387913835019898,8.293749686641458,1,87,,0.0,1.3410758616725456,2.387913835019898,8.293749686641458,1,85,cheap,0.0,1.3410758616725456,2.387913835019898,8.293749686641458,1,87,,0.0,1.3410758616725456,2.387913835019898,8.293749686641458,1,85,,0.0,1.3410758616725456,2.387913835019898,8.293749686641458,1,85,cheap,0.0,1.3410758616725456,2.387913835019898,8.293749686641458,1,87,full,0.0,1.3410758616725456,2.387913835019898,8.293749686641458,1,8e1cff5f44d28b854ac0b1c138882077b62a7c46,90,0.0,1.3410758616725456,2.387913835019898,8.293749686641458,1,True
6ae7774541a7520d,2021.07.16.20.45.29_veh-35_01095_01486,203,idm,83,,0.0,1.4421932852416217,2.2241200840496167,8.013799823031993,1,88,,0.0,1.4421932852416217,2.2241200840496167,8.013799823031993,1,83,,0.0,1.4421932852416217,2.2241200840496167,8.013799823031993,1,86,,0.0,1.4421932852416217,2.2241200840496167,8.013799823031993,1,84,,0.0,1.4421932852416217,2.2241200840496167,8.013799823031993,1,83,,0.0,1.4421932852416217,2.2241200840496167,8.013799823031993,1,88,,0.0,1.4421932852416217,2.2241200840496167,8.013799823031993,1,4642b480b5352699d167994bb8fc19647691deeb,87,0.0,1.4421932852416217,2.2241200840496167,8.013799823031993,1,True
6ae7774541a7520d,2021.07.16.20.45.29_veh-35_01095_01486,216,idm,82,,0.0,1.4368072808134458,2.0095592546296412,7.282402247293328,1,88,,0.0,1.4368072808134458,2.0095592546296412,7.282402247293328,1,82,,0.0,1.4368072808134458,2.0095592546296412,7.282402247293328,1,84,,0.0,1.4368072808134458,2.0095592546296412,7.282402247293328,1,84,,0.0,1.4368072808134458,2.0095592546296412,7.282402247293328,1,82,,0.0,1.4368072808134458,2.0095592546296412,7.282402247293328,1,88,,0.0,1.4368072808134458,2.0095592546296412,7.282402247293328,1,76626e7e2583f841f91d1f7e8a2a8f549a0b0b8c,85,0.0,1.4368072808134458,2.0095592546296412,7.282402247293328,1,True
6ae7774541a7520d,2021.07.16.20.45.29_veh-35_01095_01486,230,idm,77,,0.0,1.4427903441294447,1.7238135728462116,6.26109314908156,1,84,,0.0,1.4427903441294447,1.7238135728462116,6.26109314908156,1,77,,0.0,1.4427903441294447,1.7238135728462116,6.26109314908156,1,81,reference,0.0,1.4427903441294447,1.7238135728462116,6.26109314908156,1,80,,0.0,1.4427903441294447,1.7238135728462116,6.26109314908156,1,77,cheap,0.0,1.4427903441294447,1.7238135728462116,6.26109314908156,1,84,,0.0,1.4427903441294447,1.7238135728462116,6.26109314908156,1,83af6b320ea8c1605ec504e0c7fa883d290cb02a,81,0.0,1.4427903441294447,1.7238135728462116,6.26109314908156,1,True
6ae7774541a7520d,2021.07.16.20.45.29_veh-35_01095_01486,243,idm,79,,0.0,1.455300756624953,1.5251256152348416,5.71666377858609,1,83,,0.0,1.455300756624953,1.5251256152348416,5.71666377858609,1,79,,0.0,1.455300756624953,1.5251256152348416,5.71666377858609,1,81,,0.0,1.455300756624953,1.5251256152348416,5.71666377858609,1,81,,0.0,1.455300756624953,1.5251256152348416,5.71666377858609,1,79,,0.0,1.455300756624953,1.5251256152348416,5.71666377858609,1,83,,0.0,1.455300756624953,1.5251256152348416,5.71666377858609,1,15d664b74b6d0c12b25221819f37eb0e590f1630,83,0.0,1.455300756624953,1.5251256152348416,5.71666377858609,1,True
6ae7774541a7520d,2021.07.16.20.45.29_veh-35_01095_01486,256,idm,84,,0.0,1.4695569521541978,1.3148847982683538,5.16796446555926,1,88,,0.0,1.4695569521541978,1.3148847982683538,5.16796446555926,1,82,,0.0,1.4695569521541978,1.3148847982683538,5.16796446555926,1,84,,0.0,1.4695569521541978,1.3148847982683538,5.16796446555926,1,85,,0.0,1.4695569521541978,1.3148847982683538,5.16796446555926,1,84,,0.0,1.4695569521541978,1.3148847982683538,5.16796446555926,1,88,,0.0,1.4695569521541978,1.3148847982683538,5.16796446555926,1,b95711035075986a09fb9d0349dcf3b605741c49,86,0.0,1.4695569521541978,1.3148847982683538,5.16796446555926,1,True
6ae7774541a7520d,2021.07.16.20.45.29_veh-35_01095_01486,270,idm,83,,0.0,0.22694323788731952,5.5510217342007895,11.094484668130905,1,87,,0.0,0.22694323788731952,5.5510217342007895,11.094484668130905,1,83,cheap,0.0,0.22694323788731952,5.5510217342007895,11.094484668130905,1,87,full,0.0,0.22694323788731952,5.5510217342007895,11.094484668130905,1,86,,0.0,0.22694323788731952,5.5510217342007895,11.094484668130905,1,83,cheap,0.0,0.22694323788731952,5.5510217342007895,11.094484668130905,1,87,,0.0,0.22694323788731952,5.5510217342007895,11.094484668130905,1,100a289953cf4319f60703dd96f99abd8667f082,88,0.0,0.22694323788731952,5.5510217342007895,11.094484668130905,1,True
6ae7774541a7520d,2021.07.16.20.45.29_veh-35_01095_01486,283,idm,92,,0.0,0.7053715987208158,4.857136246559888,9.589905901670233,1,95,,0.0,0.7053715987208158,4.857136246559888,9.589905901670233,1,92,,0.0,0.7053715987208158,4.857136246559888,9.589905901670233,1,95,full,0.0,0.7053715987208158,4.857136246559888,9.589905901670233,1,93,,0.0,0.7053715987208158,4.857136246559888,9.589905901670233,1,92,,0.0,0.7053715987208158,4.857136246559888,9.589905901670233,1,95,full,0.0,0.7053715987208158,4.857136246559888,9.589905901670233,1,30f2cf5474e97b723a2170982c6860aa4d229f38,95,0.0,0.7053715987208158,4.857136246559888,9.589905901670233,1,True
6ae7774541a7520d,2021.07.16.20.45.29_veh-35_01095_01486,296,idm,88,,0.0,0.8954642398922913,4.7670812716063455,9.147784334924715,1,92,,0.0,0.8954642398922913,4.7670812716063455,9.147784334924715,1,88,cheap,0.0,0.8954642398922913,4.7670812716063455,9.147784334924715,1,91,,0.0,0.8954642398922913,4.7670812716063455,9.147784334924715,1,90,,0.0,0.8954642398922913,4.7670812716063455,9.147784334924715,1,88,cheap,0.0,0.8954642398922913,4.7670812716063455,9.147784334924715,1,91,,0.0,0.8954642398922913,4.7670812716063455,9.147784334924715,1,b8f95103a6f3353b800ab21458eda46926c002ad,92,0.0,0.8954642398922913,4.7670812716063455,9.147784334924715,1,True
6ae7774541a7520d,2021.07.16.20.45.29_veh-35_01095_01486,310,idm,88,,0.0,0.8132053949207712,4.587034526511854,8.386466318528043,1,88,cheap,0.0,0.8132053949207712,4.587034526511854,8.386466318528043,1,88,cheap,0.0,0.8132053949207712,4.587034526511854,8.386466318528043,1,88,cheap,0.0,0.8132053949207712,4.587034526511854,8.386466318528043,1,88,cheap,0.0,0.8132053949207712,4.587034526511854,8.386466318528043,1,88,cheap,0.0,0.8132053949207712,4.587034526511854,8.386466318528043,1,88,cheap,0.0,0.8132053949207712,4.587034526511854,8.386466318528043,1,8a3f95e1be6cd0b0eb8bd654e89eb8852e4e353e,89,0.0,0.8132053949207712,4.587034526511854,8.386466318528043,1,True
6f39ffbd0bdb54ae,2021.05.12.22.28.35_veh-35_00620_01164,4,idm,122,,0.0,1.2559270563330867,1.7314250617364997,3.419679340971826,1,126,,0.0,1.2559270563330867,1.7314250617364997,3.419679340971826,1,121,,0.0,1.2559270563330867,1.7314250617364997,3.419679340971826,1,123,,0.0,1.2559270563330867,1.7314250617364997,3.419679340971826,1,122,,0.0,1.2559270563330867,1.7314250617364997,3.419679340971826,1,122,,0.0,1.2559270563330867,1.7314250617364997,3.419679340971826,1,126,,0.0,1.2559270563330867,1.7314250617364997,3.419679340971826,1,c349b22de59e5fe7cbb16cb6363a8172cdf45bdd,128,0.0,1.2559270563330867,1.7314250617364997,3.419679340971826,1,True
6f39ffbd0bdb54ae,2021.05.12.22.28.35_veh-35_00620_01164,17,idm,120,,0.0,1.285346631574443,1.7267703401660213,3.407159281184601,1,124,,0.0,1.285346631574443,1.7267703401660213,3.407159281184601,1,120,cheap,0.0,1.285346631574443,1.7267703401660213,3.407159281184601,1,121,,0.0,1.285346631574443,1.7267703401660213,3.407159281184601,1,119,,0.0,1.285346631574443,1.7267703401660213,3.407159281184601,1,120,,0.0,1.285346631574443,1.7267703401660213,3.407159281184601,1,123,,0.0,1.285346631574443,1.7267703401660213,3.407159281184601,1,d87cd8ddbde152f555c71ee8e25bcc1cdd229350,125,0.0,1.285346631574443,1.7267703401660213,3.407159281184601,1,True
6f39ffbd0bdb54ae,2021.05.12.22.28.35_veh-35_00620_01164,30,idm,121,,0.0,1.2909251341418961,1.7288774505050863,3.4136771881912487,1,128,,0.0,1.2909251341418961,1.7288774505050863,3.4136771881912487,1,121,,0.0,1.2909251341418961,1.7288774505050863,3.4136771881912487,1,123,,0.0,1.2909251341418961,1.7288774505050863,3.4136771881912487,1,121,,0.0,1.2909251341418961,1.7288774505050863,3.4136771881912487,1,121,,0.0,1.2909251341418961,1.7288774505050863,3.4136771881912487,1,127,,0.0,1.2909251341418961,1.7288774505050863,3.4136771881912487,1,1688f97570e82917727c0176d3d080d65f7703bd,126,0.0,1.2909251341418961,1.7288774505050863,3.4136771881912487,1,True
6f39ffbd0bdb54ae,2021.05.12.22.28.35_veh-35_00620_01164,43,idm,118,,0.0,1.3727450332170885,1.730162081211632,3.4160409218147283,1,123,,0.0,1.3727450332170885,1.730162081211632,3.4160409218147283,1,117,,0.0,1.3727450332170885,1.730162081211632,3.4160409218147283,1,119,,0.0,1.3727450332170885,1.730162081211632,3.4160409218147283,1,118,,0.0,1.3727450332170885,1.730162081211632,3.4160409218147283,1,118,,0.0,1.3727450332170885,1.730162081211632,3.4160409218147283,1,122,,0.0,1.3727450332170885,1.730162081211632,3.4160409218147283,1,f882786497a665e01f0476ec3fffa9b46a51bddf,123,0.0,1.3727450332170885,1.730162081211632,3.4160409218147283,1,True
6f39ffbd0bdb54ae,2021.05.12.22.28.35_veh-35_00620_01164,57,idm,119,,0.0,1.4085088096695302,1.730087015853333,3.4168258485346983,1,123,,0.0,1.4085088096695302,1.730087015853333,3.4168258485346983,1,119,,0.0,1.4085088096695302,1.730087015853333,3.4168258485346983,1,120,,0.0,1.4085088096695302,1.730087015853333,3.4168258485346983,1,118,,0.0,1.4085088096695302,1.730087015853333,3.4168258485346983,1,119,,0.0,1.4085088096695302,1.730087015853333,3.4168258485346983,1,122,,0.0,1.4085088096695302,1.730087015853333,3.4168258485346983,1,0f5dda54eaa086be0bcf54912228890069ec7794,123,0.0,1.4085088096695302,1.730087015853333,3.4168258485346983,1,True
6f39ffbd0bdb54ae,2021.05.12.22.28.35_veh-35_00620_01164,70,idm,120,,0.0,1.4045565870308723,1.7286132697202214,3.413104566226862,1,122,,0.0,1.4045565870308723,1.7286132697202214,3.413104566226862,1,120,cheap,0.0,1.4045565870308723,1.7286132697202214,3.413104566226862,1,119,,0.0,1.4045565870308723,1.7286132697202214,3.413104566226862,1,119,,0.0,1.4045565870308723,1.7286132697202214,3.413104566226862,1,120,,0.0,1.4045565870308723,1.7286132697202214,3.413104566226862,1,121,,0.0,1.4045565870308723,1.7286132697202214,3.413104566226862,1,94ac5050ca6fe9dcbad0d8d616ab9841e6846574,123,0.0,1.4045565870308723,1.7286132697202214,3.413104566226862,1,True
6f39ffbd0bdb54ae,2021.05.12.22.28.35_veh-35_00620_01164,83,idm,121,,0.0,1.4085975245317517,1.7299746640000926,3.4176875147943875,1,122,,0.0,1.4085975245317517,1.7299746640000926,3.4176875147943875,1,121,cheap,0.0,1.4085975245317517,1.7299746640000926,3.4176875147943875,1,120,,0.0,1.4085975245317517,1.7299746640000926,3.4176875147943875,1,120,,0.0,1.4085975245317517,1.7299746640000926,3.4176875147943875,1,121,,0.0,1.4085975245317517,1.7299746640000926,3.4176875147943875,1,122,,0.0,1.4085975245317517,1.7299746640000926,3.4176875147943875,1,ad08ea7f2aeb7756bf79c463c6b758d2eaf00491,124,0.0,1.4085975245317517,1.7299746640000926,3.4176875147943875,1,True
6f39ffbd0bdb54ae,2021.05.12.22.28.35_veh-35_00620_01164,96,idm,121,,0.0,1.4016012311315453,1.735643517096208,3.431666219444285,1,124,,0.0,1.4016012311315453,1.735643517096208,3.431666219444285,1,121,cheap,0.0,1.4016012311315453,1.735643517096208,3.431666219444285,1,121,,0.0,1.4016012311315453,1.735643517096208,3.431666219444285,1,119,,0.0,1.4016012311315453,1.735643517096208,3.431666219444285,1,121,,0.0,1.4016012311315453,1.735643517096208,3.431666219444285,1,123,,0.0,1.4016012311315453,1.735643517096208,3.431666219444285,1,3d14661f5ba4c9d4a445334f61473b09825cc779,124,0.0,1.4016012311315453,1.735643517096208,3.431666219444285,1,True
6f39ffbd0bdb54ae,2021.05.12.22.28.35_veh-35_00620_01164,110,idm,121,,0.0,1.4043125477698537,1.7384767869492066,3.444681721054496,1,124,,0.0,1.4043125477698537,1.7384767869492066,3.444681721054496,1,121,cheap,0.0,1.4043125477698537,1.7384767869492066,3.444681721054496,1,121,,0.0,1.4043125477698537,1.7384767869492066,3.444681721054496,1,119,,0.0,1.4043125477698537,1.7384767869492066,3.444681721054496,1,121,,0.0,1.4043125477698537,1.7384767869492066,3.444681721054496,1,124,,0.0,1.4043125477698537,1.7384767869492066,3.444681721054496,1,7d7f86353732e727ebf6dba8b53bec479a2fd3ab,125,0.0,1.4043125477698537,1.7384767869492066,3.444681721054496,1,True
6f39ffbd0bdb54ae,2021.05.12.22.28.35_veh-35_00620_01164,123,idm,118,,0.0,1.4106521476507738,1.7595274593373542,3.501150614556389,1,121,,0.0,1.4106521476507738,1.7595274593373542,3.501150614556389,1,118,cheap,0.0,1.4106521476507738,1.7595274593373542,3.501150614556389,1,121,full,0.0,1.4106521476507738,1.7595274593373542,3.501150614556389,1,119,,0.0,1.4106521476507738,1.7595274593373542,3.501150614556389,1,118,,0.0,1.4106521476507738,1.7595274593373542,3.501150614556389,1,120,,0.0,1.4106521476507738,1.7595274593373542,3.501150614556389,1,38af9d6609c7b67a5988917ffff2114de2deb7d6,124,0.0,1.4106521476507738,1.7595274593373542,3.501150614556389,1,True
6f39ffbd0bdb54ae,2021.05.12.22.28.35_veh-35_00620_01164,136,idm,116,,0.0,1.4016012263086521,1.8123863897633226,3.5783161759298134,1,117,,0.0,1.4016012263086521,1.8123863897633226,3.5783161759298134,1,116,cheap,0.0,1.4016012263086521,1.8123863897633226,3.5783161759298134,1,115,,0.0,1.4016012263086521,1.8123863897633226,3.5783161759298134,1,116,,0.0,1.4016012263086521,1.8123863897633226,3.5783161759298134,1,116,,0.0,1.4016012263086521,1.8123863897633226,3.5783161759298134,1,117,,0.0,1.4016012263086521,1.8123863897633226,3.5783161759298134,1,e4c63f9dcc6c7414d8da62535e32348fa9a3f686,121,0.0,1.4016012263086521,1.8123863897633226,3.5783161759298134,1,True
6f39ffbd0bdb54ae,2021.05.12.22.28.35_veh-35_00620_01164,149,idm,115,,0.0,1.4106038929405,1.7920453472200548,3.2834812422470234,1,116,,0.0,1.4106038929405,1.7920453472200548,3.2834812422470234,1,115,cheap,0.0,1.4106038929405,1.7920453472200548,3.2834812422470234,1,114,,0.0,1.4106038929405,1.7920453472200548,3.2834812422470234,1,115,,0.0,1.4106038929405,1.7920453472200548,3.2834812422470234,1,115,,0.0,1.4106038929405,1.7920453472200548,3.2834812422470234,1,116,,0.0,1.4106038929405,1.7920453472200548,3.2834812422470234,1,32ce415d8a5ba27dc7dbbf1837d4390b521baa64,120,0.0,1.4106038929405,1.7920453472200548,3.2834812422470234,1,True
6f39ffbd0bdb54ae,2021.05.12.22.28.35_veh-35_00620_01164,163,idm,115,,0.0,1.414774119502253,1.5814983179623017,2.407300447855328,1,116,,0.0,1.414774119502253,1.5814983179623017,2.407300447855328,1,114,,0.0,1.414774119502253,1.5814983179623017,2.407300447855328,1,114,,0.0,1.414774119502253,1.5814983179623017,2.407300447855328,1,116,,0.0,1.414774119502253,1.5814983179623017,2.407300447855328,1,115,,0.0,1.414774119502253,1.5814983179623017,2.407300447855328,1,116,,0.0,1.414774119502253,1.5814983179623017,2.407300447855328,1,88f0b48ff4d7ceeb4709d2e0e28e318fad86e1ba,121,0.0,1.414774119502253,1.5814983179623017,2.407300447855328,1,True
6f39ffbd0bdb54ae,2021.05.12.22.28.35_veh-35_00620_01164,176,idm,116,,0.0,1.417140662101671,1.1269752623490241,1.090855393824554,1,120,,0.0,1.417140662101671,1.1269752623490241,1.090855393824554,1,116,,0.0,1.417140662101671,1.1269752623490241,1.090855393824554,1,118,,0.0,1.417140662101671,1.1269752623490241,1.090855393824554,1,116,,0.0,1.417140662101671,1.1269752623490241,1.090855393824554,1,116,,0.0,1.417140662101671,1.1269752623490241,1.090855393824554,1,120,,0.0,1.417140662101671,1.1269752623490241,1.090855393824554,1,e3be39dec973462ece9f9c4a6bbda57881e8c249,123,0.0,1.417140662101671,1.1269752623490241,1.090855393824554,1,True
6f39ffbd0bdb54ae,2021.05.12.22.28.35_veh-35_00620_01164,189,idm,118,,0.0,1.4106038903205254,0.5547198808909956,0.721547741498068,1,118,,0.0,1.4106038903205254,0.5547198808909956,0.721547741498068,1,116,,0.0,1.4106038903205254,0.5547198808909956,0.721547741498068,1,117,,0.0,1.4106038903205254,0.5547198808909956,0.721547741498068,1,116,cheap_nofp,0.0,1.4106038903205254,0.5547198808909956,0.721547741498068,1,118,,0.0,1.4106038903205254,0.5547198808909956,0.721547741498068,1,117,,0.0,1.4106038903205254,0.5547198808909956,0.721547741498068,1,8e98bd76135ed538c6a1dea5f78a267f214a1ae1,124,0.0,1.4106038903205254,0.5547198808909956,0.721547741498068,1,True
6f39ffbd0bdb54ae,2021.05.12.22.28.35_veh-35_00620_01164,202,idm,122,,0.0,1.4132965830341286,0.905026040458346,2.7345779613882164,1,125,,0.0,1.4132965830341286,0.905026040458346,2.7345779613882164,1,122,,0.0,1.4132965830341286,0.905026040458346,2.7345779613882164,1,122,cheap_nofp,0.0,1.4132965830341286,0.905026040458346,2.7345779613882164,1,121,,0.0,1.4132965830341286,0.905026040458346,2.7345779613882164,1,122,,0.0,1.4132965830341286,0.905026040458346,2.7345779613882164,1,125,,0.0,1.4132965830341286,0.905026040458346,2.7345779613882164,1,e0bd970014e392924e65485419b083d2f78b3464,130,0.0,1.4132965830341286,0.905026040458346,2.7345779613882164,1,True
6f39ffbd0bdb54ae,2021.05.12.22.28.35_veh-35_00620_01164,216,idm,128,,0.0,1.331262632550339,1.652375793892216,4.06323404615227,1,132,,0.0,1.331262632550339,1.652375793892216,4.06323404615227,1,128,,0.0,1.331262632550339,1.652375793892216,4.06323404615227,1,130,,0.0,1.331262632550339,1.652375793892216,4.06323404615227,1,129,,0.0,1.331262632550339,1.652375793892216,4.06323404615227,1,128,,0.0,1.331262632550339,1.652375793892216,4.06323404615227,1,132,,0.0,1.331262632550339,1.652375793892216,4.06323404615227,1,516f88189f04ffac44af4e70bd060454e3bd17ad,133,0.0,1.331262632550339,1.652375793892216,4.06323404615227,1,True
6f39ffbd0bdb54ae,2021.05.12.22.28.35_veh-35_00620_01164,229,idm,130,,0.0,1.2847968959902956,1.7389715050101031,4.285587777716015,1,136,,0.0,1.2847968959902956,1.7389715050101031,4.285587777716015,1,130,,0.0,1.2847968959902956,1.7389715050101031,4.285587777716015,1,133,,0.0,1.2847968959902956,1.7389715050101031,4.285587777716015,1,128,,0.0,1.2847968959902956,1.7389715050101031,4.285587777716015,1,130,,0.0,1.2847968959902956,1.7389715050101031,4.285587777716015,1,136,,0.0,1.2847968959902956,1.7389715050101031,4.285587777716015,1,65ced3cdf35340e690e7ca22cfafdb3c53a1bd59,138,0.0,1.2847968959902956,1.7389715050101031,4.285587777716015,1,True
6f39ffbd0bdb54ae,2021.05.12.22.28.35_veh-35_00620_01164,242,idm,132,,0.0,1.282851615239942,1.6598805963314778,4.24994353010003,1,137,,0.0,1.282851615239942,1.6598805963314778,4.24994353010003,1,132,,0.0,1.282851615239942,1.6598805963314778,4.24994353010003,1,134,,0.0,1.282851615239942,1.6598805963314778,4.24994353010003,1,132,,0.0,1.282851615239942,1.6598805963314778,4.24994353010003,1,132,,0.0,1.282851615239942,1.6598805963314778,4.24994353010003,1,137,,0.0,1.282851615239942,1.6598805963314778,4.24994353010003,1,80d5492822520b4de587092e3bc41d071f5a5281,141,0.0,1.282851615239942,1.6598805963314778,4.24994353010003,1,True
6f39ffbd0bdb54ae,2021.05.12.22.28.35_veh-35_00620_01164,255,idm,130,,0.0,1.25400893977324,1.534318779585177,4.068503798968823,1,137,,0.0,1.25400893977324,1.534318779585177,4.068503798968823,1,130,,0.0,1.25400893977324,1.534318779585177,4.068503798968823,1,135,,0.0,1.25400893977324,1.534318779585177,4.068503798968823,1,130,,0.0,1.25400893977324,1.534318779585177,4.068503798968823,1,130,,0.0,1.25400893977324,1.534318779585177,4.068503798968823,1,136,,0.0,1.25400893977324,1.534318779585177,4.068503798968823,1,0a16791780879a7c878ec53fec842523c2326f74,140,0.0,1.25400893977324,1.534318779585177,4.068503798968823,1,True
6f39ffbd0bdb54ae,2021.05.12.22.28.35_veh-35_00620_01164,269,idm,132,,0.0,1.2429204895918988,1.428419422422165,3.8234818837168,1,138,,0.0,1.2429204895918988,1.428419422422165,3.8234818837168,1,132,,0.0,1.2429204895918988,1.428419422422165,3.8234818837168,1,135,,0.0,1.2429204895918988,1.428419422422165,3.8234818837168,1,133,,0.0,1.2429204895918988,1.428419422422165,3.8234818837168,1,132,,0.0,1.2429204895918988,1.428419422422165,3.8234818837168,1,137,,0.0,1.2429204895918988,1.428419422422165,3.8234818837168,1,41960b154848b34e56b9cc4f85a5873f01f1b53c,142,0.0,1.2429204895918988,1.428419422422165,3.8234818837168,1,True
6f39ffbd0bdb54ae,2021.05.12.22.28.35_veh-35_00620_01164,282,idm,131,,0.0,1.262915471480709,1.309851090522376,3.596259343742538,1,137,,0.0,1.262915471480709,1.309851090522376,3.596259343742538,1,130,,0.0,1.262915471480709,1.309851090522376,3.596259343742538,1,133,,0.0,1.262915471480709,1.309851090522376,3.596259343742538,1,131,,0.0,1.262915471480709,1.309851090522376,3.596259343742538,1,131,,0.0,1.262915471480709,1.309851090522376,3.596259343742538,1,137,,0.0,1.262915471480709,1.309851090522376,3.596259343742538,1,77c6aa4fd03cf33ce7ddc3e9b7c1ecaa75762d31,140,0.0,1.262915471480709,1.309851090522376,3.596259343742538,1,True
6f39ffbd0bdb54ae,2021.05.12.22.28.35_veh-35_00620_01164,295,idm,135,,0.0,1.252971291182854,1.1237096520745544,3.19324495221973,1,140,,0.0,1.252971291182854,1.1237096520745544,3.19324495221973,1,135,,0.0,1.252971291182854,1.1237096520745544,3.19324495221973,1,138,,0.0,1.252971291182854,1.1237096520745544,3.19324495221973,1,134,,0.0,1.252971291182854,1.1237096520745544,3.19324495221973,1,135,,0.0,1.252971291182854,1.1237096520745544,3.19324495221973,1,140,,0.0,1.252971291182854,1.1237096520745544,3.19324495221973,1,23715e692d9edd7ce6abdde0fba1e45e0d320196,144,0.0,1.252971291182854,1.1237096520745544,3.19324495221973,1,True
6f39ffbd0bdb54ae,2021.05.12.22.28.35_veh-35_00620_01164,309,idm,143,,0.0,1.2425687971773505,0.9595221706954163,2.8441138651076083,1,146,,0.0,1.2425687971773505,0.9595221706954163,2.8441138651076083,1,141,,0.0,1.2425687971773505,0.9595221706954163,2.8441138651076083,1,144,,0.0,1.2425687971773505,0.9595221706954163,2.8441138651076083,1,141,,0.0,1.2425687971773505,0.9595221706954163,2.8441138651076083,1,143,,0.0,1.2425687971773505,0.9595221706954163,2.8441138651076083,1,146,,0.0,1.2425687971773505,0.9595221706954163,2.8441138651076083,1,34516b67658b14a5d88acf0d87ad94f40e282737,147,0.0,1.2425687971773505,0.9595221706954163,2.8441138651076083,1,True
739078f0599c5895,2021.06.09.12.39.51_veh-26_05620_06003,4,idm,84,,0.0,86.03290620978275,158.62102705015343,158.85798770322506,1,85,,0.0,86.03290620978275,158.62102705015343,158.85798770322506,1,80,,0.0,86.03290620978275,158.62102705015343,158.85798770322506,1,81,,0.0,86.03290620978275,158.62102705015343,158.85798770322506,1,82,,0.0,86.03290620978275,158.62102705015343,158.85798770322506,1,84,,0.0,86.03290620978275,158.62102705015343,158.85798770322506,1,85,,0.0,86.03290620978275,158.62102705015343,158.85798770322506,1,e265c57df02d580f9eecc6e90b49d4c6e4f61e3f,90,0.0,86.03290620978275,158.62102705015343,158.85798770322506,1,True
739078f0599c5895,2021.06.09.12.39.51_veh-26_05620_06003,17,idm,85,,0.0,85.35665348886987,158.61159197656968,158.8279899849221,1,88,,0.0,85.35665348886987,158.61159197656968,158.8279899849221,1,81,,0.0,85.35665348886987,158.61159197656968,158.8279899849221,1,82,,0.0,85.35665348886987,158.61159197656968,158.8279899849221,1,83,,0.0,85.35665348886987,158.61159197656968,158.8279899849221,1,85,,0.0,85.35665348886987,158.61159197656968,158.8279899849221,1,88,,0.0,85.35665348886987,158.61159197656968,158.8279899849221,1,03e9753ac4d69ae601d8ddf5cc65d2c9a80a6438,91,0.0,85.35665348886987,158.61159197656968,158.8279899849221,1,True
739078f0599c5895,2021.06.09.12.39.51_veh-26_05620_06003,30,idm,85,,0.0,82.36212190088192,158.6110112332626,158.823114168282,1,89,,0.0,82.36212190088192,158.6110112332626,158.823114168282,1,81,,0.0,82.36212190088192,158.6110112332626,158.823114168282,1,82,,0.0,82.36212190088192,158.6110112332626,158.823114168282,1,85,,0.0,82.36212190088192,158.6110112332626,158.823114168282,1,85,,0.0,82.36212190088192,158.6110112332626,158.823114168282,1,89,,0.0,82.36212190088192,158.6110112332626,158.823114168282,1,1e8f79ecaff593624b72a909c86cf5221c1b510e,92,0.0,82.36212190088192,158.6110112332626,158.823114168282,1,True
739078f0599c5895,2021.06.09.12.39.51_veh-26_05620_06003,43,idm,87,,0.0,82.34524962880059,158.61167509141393,158.82284008089314,1,95,,0.0,82.34524962880059,158.61167509141393,158.82284008089314,1,83,,0.0,82.34524962880059,158.61167509141393,158.82284008089314,1,84,,0.0,82.34524962880059,158.61167509141393,158.82284008089314,1,84,,0.0,82.34524962880059,158.61167509141393,158.82284008089314,1,87,,0.0,82.34524962880059,158.61167509141393,158.82284008089314,1,95,,0.0,82.34524962880059,158.61167509141393,158.82284008089314,1,496c30d54119454cd461e1b33ce9903665a7d54c,94,0.0,82.34524962880059,158.61167509141393,158.82284008089314,1,True
739078f0599c5895,2021.06.09.12.39.51_veh-26_05620_06003,57,idm,87,,0.0,81.53771245608928,158.61255968709096,158.82372930417574,1,90,,0.0,81.53771245608928,158.61255968709096,158.82372930417574,1,82,,0.0,81.53771245608928,158.61255968709096,158.82372930417574,1,83,,0.0,81.53771245608928,158.61255968709096,158.82372930417574,1,85,,0.0,81.53771245608928,158.61255968709096,158.82372930417574,1,87,,0.0,81.53771245608928,158.61255968709096,158.82372930417574,1,90,,0.0,81.53771245608928,158.61255968709096,158.82372930417574,1,bd58fecd5ff3792ba7a0bd5f1daf57fe45862e99,94,0.0,81.53771245608928,158.61255968709096,158.82372930417574,1,True
739078f0599c5895,2021.06.09.12.39.51_veh-26_05620_06003,70,idm,87,,0.0,81.4721839665962,158.6129062462207,158.82356135947157,1,89,,0.0,81.4721839665962,158.6129062462207,158.82356135947157,1,82,,0.0,81.4721839665962,158.6129062462207,158.82356135947157,1,83,,0.0,81.4721839665962,158.6129062462207,158.82356135947157,1,86,,0.0,81.4721839665962,158.6129062462207,158.82356135947157,1,87,,0.0,81.4721839665962,158.6129062462207,158.82356135947157,1,89,,0.0,81.4721839665962,158.6129062462207,158.82356135947157,1,b7f73f9fbdd4b67581e62a7c34ae6136ebad5987,92,0.0,81.4721839665962,158.6129062462207,158.82356135947157,1,True
739078f0599c5895,2021.06.09.12.39.51_veh-26_05620_06003,83,idm,87,,0.0,81.38633366198069,158.61328057471516,158.82407991392995,1,88,,0.0,81.38633366198069,158.61328057471516,158.82407991392995,1,82,,0.0,81.38633366198069,158.61328057471516,158.82407991392995,1,83,,0.0,81.38633366198069,158.61328057471516,158.82407991392995,1,84,,0.0,81.38633366198069,158.61328057471516,158.82407991392995,1,87,,0.0,81.38633366198069,158.61328057471516,158.82407991392995,1,88,,0.0,81.38633366198069,158.61328057471516,158.82407991392995,1,31f345db60844fca74fa6df4f04482053aca8f44,90,0.0,81.38633366198069,158.61328057471516,158.82407991392995,1,True
739078f0599c5895,2021.06.09.12.39.51_veh-26_05620_06003,96,idm,88,,0.0,81.4006341664562,158.6135196200953,158.8241584439386,1,91,,0.0,81.4006341664562,158.6135196200953,158.8241584439386,1,83,,0.0,81.4006341664562,158.6135196200953,158.8241584439386,1,85,,0.0,81.4006341664562,158.6135196200953,158.8241584439386,1,85,,0.0,81.4006341664562,158.6135196200953,158.8241584439386,1,88,,0.0,81.4006341664562,158.6135196200953,158.8241584439386,1,91,,0.0,81.4006341664562,158.6135196200953,158.8241584439386,1,23a94d48b310d484a0651932e2782c59a29c7942,90,0.0,81.4006341664562,158.6135196200953,158.8241584439386,1,True
739078f0599c5895,2021.06.09.12.39.51_veh-26_05620_06003,110,idm,92,,0.0,80.71112241426319,158.61371203132092,158.82410868559725,1,94,,0.0,80.71112241426319,158.61371203132092,158.82410868559725,1,85,,0.0,80.71112241426319,158.61371203132092,158.82410868559725,1,86,,0.0,80.71112241426319,158.61371203132092,158.82410868559725,1,86,,0.0,80.71112241426319,158.61371203132092,158.82410868559725,1,92,,0.0,80.71112241426319,158.61371203132092,158.82410868559725,1,94,,0.0,80.71112241426319,158.61371203132092,158.82410868559725,1,924b393881f4d370f61713a5c27ebe64800d664f,92,0.0,80.71112241426319,158.61371203132092,158.82410868559725,1,True
739078f0599c5895,2021.06.09.12.39.51_veh-26_05620_06003,123,idm,87,,0.0,79.9273231103516,158.61379498524684,158.82418518164837,1,92,,0.0,79.9273231103516,158.61379498524684,158.82418518164837,1,84,,0.0,79.9273231103516,158.61379498524684,158.82418518164837,1,86,,0.0,79.9273231103516,158.61379498524684,158.82418518164837,1,88,,0.0,79.9273231103516,158.61379498524684,158.82418518164837,1,87,,0.0,79.9273231103516,158.61379498524684,158.82418518164837,1,92,,0.0,79.9273231103516,158.61379498524684,158.82418518164837,1,2c45fca37a6d5c15a0ffc97a4874bc9820410312,95,0.0,79.9273231103516,158.61379498524684,158.82418518164837,1,True
739078f0599c5895,2021.06.09.12.39.51_veh-26_05620_06003,136,idm,83,,0.0,79.1706302633793,158.61393382571185,158.82430248278067,1,91,,0.0,79.1706302633793,158.61393382571185,158.82430248278067,1,81,,0.0,79.1706302633793,158.61393382571185,158.82430248278067,1,83,,0.0,79.1706302633793,158.61393382571185,158.82430248278067,1,84,,0.0,79.1706302633793,158.61393382571185,158.82430248278067,1,83,,0.0,79.1706302633793,158.61393382571185,158.82430248278067,1,91,,0.0,79.1706302633793,158.61393382571185,158.82430248278067,1,256580ffec7c5c0de522db6bc6c88b2a5aa49364,91,0.0,79.1706302633793,158.61393382571185,158.82430248278067,1,True
739078f0599c5895,2021.06.09.12.39.51_veh-26_05620_06003,149,idm,81,,0.0,78.84977278843118,158.61412528068138,158.82453564653676,1,85,,0.0,78.84977278843118,158.61412528068138,158.82453564653676,1,76,,0.0,78.84977278843118,158.61412528068138,158.82453564653676,1,78,,0.0,78.84977278843118,158.61412528068138,158.82453564653676,1,80,,0.0,78.84977278843118,158.61412528068138,158.82453564653676,1,81,,0.0,78.84977278843118,158.61412528068138,158.82453564653676,1,85,,0.0,78.84977278843118,158.61412528068138,158.82453564653676,1,2b388031c597f8f619bb351874be205e5efca5de,89,0.0,78.84977278843118,158.61412528068138,158.82453564653676,1,True
739078f0599c5895,2021.06.09.12.39.51_veh-26_05620_06003,163,idm,81,,0.0,78.72210362907343,158.61395421399556,158.82399625695174,1,87,,0.0,78.72210362907343,158.61395421399556,158.82399625695174,1,79,,0.0,78.72210362907343,158.61395421399556,158.82399625695174,1,80,,0.0,78.72210362907343,158.61395421399556,158.82399625695174,1,82,,0.0,78.72210362907343,158.61395421399556,158.82399625695174,1,81,,0.0,78.72210362907343,158.61395421399556,158.82399625695174,1,87,,0.0,78.72210362907343,158.61395421399556,158.82399625695174,1,7aafe5e6556a530f37543108160e2e163a5aa684,89,0.0,78.72210362907343,158.61395421399556,158.82399625695174,1,True
739078f0599c5895,2021.06.09.12.39.51_veh-26_05620_06003,176,idm,81,,0.0,78.48098079806218,158.6141791774006,158.82448226866754,1,86,,0.0,78.48098079806218,158.6141791774006,158.82448226866754,1,78,,0.0,78.48098079806218,158.6141791774006,158.82448226866754,1,78,,0.0,78.48098079806218,158.6141791774006,158.82448226866754,1,82,,0.0,78.48098079806218,158.6141791774006,158.82448226866754,1,81,,0.0,78.48098079806218,158.6141791774006,158.82448226866754,1,86,,0.0,78.48098079806218,158.6141791774006,158.82448226866754,1,c29e440faeff7422a42165212434370681afe2db,89,0.0,78.48098079806218,158.6141791774006,158.82448226866754,1,True
739078f0599c5895,2021.06.09.12.39.51_veh-26_05620_06003,189,idm,86,,0.0,78.65040283552821,158.61416521656687,158.8243188691958,1,90,,0.0,78.65040283552821,158.61416521656687,158.8243188691958,1,81,,0.0,78.65040283552821,158.61416521656687,158.8243188691958,1,81,,0.0,78.65040283552821,158.61416521656687,158.8243188691958,1,83,,0.0,78.65040283552821,158.61416521656687,158.8243188691958,1,86,,0.0,78.65040283552821,158.61416521656687,158.8243188691958,1,90,,0.0,78.65040283552821,158.61416521656687,158.8243188691958,1,fd04a68a1885e6e48d9c618fb2df9057add64799,90,0.0,78.65040283552821,158.61416521656687,158.8243188691958,1,True
739078f0599c5895,2021.06.09.12.39.51_veh-26_05620_06003,202,idm,83,,0.0,78.64444375379865,158.61405653955933,158.82399470965302,1,89,,0.0,78.64444375379865,158.61405653955933,158.82399470965302,1,81,,0.0,78.64444375379865,158.61405653955933,158.82399470965302,1,82,,0.0,78.64444375379865,158.61405653955933,158.82399470965302,1,84,,0.0,78.64444375379865,158.61405653955933,158.82399470965302,1,83,,0.0,78.64444375379865,158.61405653955933,158.82399470965302,1,89,,0.0,78.64444375379865,158.61405653955933,158.82399470965302,1,3dd88fed15be1483ae80139dbcefa8b7bc182b81,90,0.0,78.64444375379865,158.61405653955933,158.82399470965302,1,True
739078f0599c5895,2021.06.09.12.39.51_veh-26_05620_06003,216,idm,87,,0.0,78.4082994727969,158.61403481443392,158.82377044694815,1,90,,0.0,78.4082994727969,158.61403481443392,158.82377044694815,1,82,,0.0,78.4082994727969,158.61403481443392,158.82377044694815,1,83,,0.0,78.4082994727969,158.61403481443392,158.82377044694815,1,84,,0.0,78.4082994727969,158.61403481443392,158.82377044694815,1,87,,0.0,78.4082994727969,158.61403481443392,158.82377044694815,1,90,,0.0,78.4082994727969,158.61403481443392,158.82377044694815,1,869ca4d7497e39af57dd9612f16c47a83f14dc43,91,0.0,78.4082994727969,158.61403481443392,158.82377044694815,1,True
739078f0599c5895,2021.06.09.12.39.51_veh-26_05620_06003,229,idm,87,,0.0,81.32672423397042,158.61407335029276,158.8244303936933,1,93,,0.0,81.32672423397042,158.61407335029276,158.8244303936933,1,83,,0.0,81.32672423397042,158.61407335029276,158.8244303936933,1,84,,0.0,81.32672423397042,158.61407335029276,158.8244303936933,1,88,,0.0,81.32672423397042,158.61407335029276,158.8244303936933,1,87,,0.0,81.32672423397042,158.61407335029276,158.8244303936933,1,93,,0.0,81.32672423397042,158.61407335029276,158.8244303936933,1,957fa6482fc0f075f42e5f1ceb04986cb799655f,91,0.0,81.32672423397042,158.61407335029276,158.8244303936933,1,True
739078f0599c5895,2021.06.09.12.39.51_veh-26_05620_06003,242,idm,83,,0.0,81.42117337658115,158.6132555836882,158.82000845971558,1,86,,0.0,81.42117337658115,158.6132555836882,158.82000845971558,1,79,,0.0,81.42117337658115,158.6132555836882,158.82000845971558,1,80,,0.0,81.42117337658115,158.6132555836882,158.82000845971558,1,81,,0.0,81.42117337658115,158.6132555836882,158.82000845971558,1,83,,0.0,81.42117337658115,158.6132555836882,158.82000845971558,1,86,,0.0,81.42117337658115,158.6132555836882,158.82000845971558,1,55d6e2bc3ee139fa9d2020eb111d8238f2fbed9d,88,0.0,81.42117337658115,158.6132555836882,158.82000845971558,1,True
739078f0599c5895,2021.06.09.12.39.51_veh-26_05620_06003,255,idm,84,,0.0,81.38997210727871,158.60532554717463,158.76674715998297,1,89,,0.0,81.38997210727871,158.60532554717463,158.76674715998297,1,81,,0.0,81.38997210727871,158.60532554717463,158.76674715998297,1,82,,0.0,81.38997210727871,158.60532554717463,158.76674715998297,1,81,,0.0,81.38997210727871,158.60532554717463,158.76674715998297,1,84,,0.0,81.38997210727871,158.60532554717463,158.76674715998297,1,89,,0.0,81.38997210727871,158.60532554717463,158.76674715998297,1,1645bdb2c338126936a3fae1e7f032841ed67eee,91,0.0,81.38997210727871,158.60532554717463,158.76674715998297,1,True
739078f0599c5895,2021.06.09.12.39.51_veh-26_05620_06003,269,idm,85,,0.0,81.41714882909962,158.569403503328,158.58848996667106,1,89,,0.0,81.41714882909962,158.569403503328,158.58848996667106,1,81,,0.0,81.41714882909962,158.569403503328,158.58848996667106,1,82,,0.0,81.41714882909962,158.569403503328,158.58848996667106,1,83,,0.0,81.41714882909962,158.569403503328,158.58848996667106,1,85,,0.0,81.41714882909962,158.569403503328,158.58848996667106,1,89,,0.0,81.41714882909962,158.569403503328,158.58848996667106,1,9581c037b5a0aca05e675217a75ce517d6ae1a29,91,0.0,81.41714882909962,158.569403503328,158.58848996667106,1,True
739078f0599c5895,2021.06.09.12.39.51_veh-26_05620_06003,282,idm,86,,0.0,81.4632842418994,158.4959028010158,158.35156604397358,1,86,,0.0,81.4632842418994,158.4959028010158,158.35156604397358,1,78,,0.0,81.4632842418994,158.4959028010158,158.35156604397358,1,79,,0.0,81.4632842418994,158.4959028010158,158.35156604397358,1,83,,0.0,81.4632842418994,158.4959028010158,158.35156604397358,1,86,,0.0,81.4632842418994,158.4959028010158,158.35156604397358,1,86,,0.0,81.4632842418994,158.4959028010158,158.35156604397358,1,893d3afe6cb56fa347cfba209b71da61dc9d8fe4,88,0.0,81.4632842418994,158.4959028010158,158.35156604397358,1,True
739078f0599c5895,2021.06.09.12.39.51_veh-26_05620_06003,295,idm,85,,0.0,81.38997211692985,158.39728222951857,158.22729873835854,1,84,,0.0,81.38997211692985,158.39728222951857,158.22729873835854,1,78,,0.0,81.38997211692985,158.39728222951857,158.22729873835854,1,78,,0.0,81.38997211692985,158.39728222951857,158.22729873835854,1,81,,0.0,81.38997211692985,158.39728222951857,158.22729873835854,1,85,,0.0,81.38997211692985,158.39728222951857,158.22729873835854,1,84,,0.0,81.38997211692985,158.39728222951857,158.22729873835854,1,05318e5620f5475a3a3d921d0e11fa15f218b5ae,88,0.0,81.38997211692985,158.39728222951857,158.22729873835854,1,True
739078f0599c5895,2021.06.09.12.39.51_veh-26_05620_06003,309,idm,89,,0.0,89.07238590057324,158.2879038963326,158.2175000847811,1,90,,0.0,89.07238590057324,158.2879038963326,158.2175000847811,1,82,,0.0,89.07238590057324,158.2879038963326,158.2175000847811,1,82,,0.0,89.07238590057324,158.2879038963326,158.2175000847811,1,84,,0.0,89.07238590057324,158.2879038963326,158.2175000847811,1,89,,0.0,89.07238590057324,158.2879038963326,158.2175000847811,1,90,,0.0,89.07238590057324,158.2879038963326,158.2175000847811,1,616f5629eb12549e3ff48efc5b4e93af1179b65b,90,0.0,89.07238590057324,158.2879038963326,158.2175000847811,1,True
77d6edeb08345aef,2021.08.09.17.55.59_veh-28_00021_00307,4,idm,27,,0.0,6.338628326596234,13.934098681644924,15.454419162747914,1,29,,0.0,6.338628326596234,13.934098681644924,15.454419162747914,1,26,,0.0,6.338628326596234,13.934098681644924,15.454419162747914,1,28,,0.0,6.338628326596234,13.934098681644924,15.454419162747914,1,27,,0.0,6.338628326596234,13.934098681644924,15.454419162747914,1,27,,0.0,6.338628326596234,13.934098681644924,15.454419162747914,1,29,,0.0,6.338628326596234,13.934098681644924,15.454419162747914,1,9048d90b98c1a96ae50122b3dd2fb0108dc3e503,34,0.0,6.338628326596234,13.934098681644924,15.454419162747914,1,True
77d6edeb08345aef,2021.08.09.17.55.59_veh-28_00021_00307,17,idm,28,,0.0,6.332648205400372,13.934304544045967,15.455122357755197,1,30,,0.0,6.332648205400372,13.934304544045967,15.455122357755197,1,27,,0.0,6.332648205400372,13.934304544045967,15.455122357755197,1,28,,0.0,6.332648205400372,13.934304544045967,15.455122357755197,1,28,,0.0,6.332648205400372,13.934304544045967,15.455122357755197,1,28,,0.0,6.332648205400372,13.934304544045967,15.455122357755197,1,30,,0.0,6.332648205400372,13.934304544045967,15.455122357755197,1,af3497efd61c639486048233870aa265cf99b879,36,0.0,6.332648205400372,13.934304544045967,15.455122357755197,1,True
77d6edeb08345aef,2021.08.09.17.55.59_veh-28_00021_00307,30,idm,25,,0.0,6.311049267255457,13.934024531018869,15.454131117541413,1,28,,0.0,6.311049267255457,13.934024531018869,15.454131117541413,1,24,,0.0,6.311049267255457,13.934024531018869,15.454131117541413,1,27,,0.0,6.311049267255457,13.934024531018869,15.454131117541413,1,25,,0.0,6.311049267255457,13.934024531018869,15.454131117541413,1,25,,0.0,6.311049267255457,13.934024531018869,15.454131117541413,1,28,,0.0,6.311049267255457,13.934024531018869,15.454131117541413,1,ff55a5f7c051e7d1b622176d55f2699bc80b0fb6,33,0.0,6.311049267255457,13.934024531018869,15.454131117541413,1,True
77d6edeb08345aef,2021.08.09.17.55.59_veh-28_00021_00307,43,idm,27,,0.0,6.367009157150916,13.933945884422831,15.453802274834134,1,32,,0.0,6.367009157150916,13.933945884422831,15.453802274834134,1,26,,0.0,6.367009157150916,13.933945884422831,15.453802274834134,1,30,,0.0,6.367009157150916,13.933945884422831,15.453802274834134,1,27,,0.0,6.367009157150916,13.933945884422831,15.453802274834134,1,27,,0.0,6.367009157150916,13.933945884422831,15.453802274834134,1,32,,0.0,6.367009157150916,13.933945884422831,15.453802274834134,1,f4848174b8a4acc819a7687779f1d6ef188940b8,35,0.0,6.367009157150916,13.933945884422831,15.453802274834134,1,True
77d6edeb08345aef,2021.08.09.17.55.59_veh-28_00021_00307,57,idm,27,,0.0,6.353561684150859,13.934054946466471,15.454199860015176,1,31,,0.0,6.353561684150859,13.934054946466471,15.454199860015176,1,27,,0.0,6.353561684150859,13.934054946466471,15.454199860015176,1,28,,0.0,6.353561684150859,13.934054946466471,15.454199860015176,1,27,,0.0,6.353561684150859,13.934054946466471,15.454199860015176,1,27,,0.0,6.353561684150859,13.934054946466471,15.454199860015176,1,31,,0.0,6.353561684150859,13.934054946466471,15.454199860015176,1,7bcd0c9cb46e400d3b0370ddf7278c147898b749,35,0.0,6.353561684150859,13.934054946466471,15.454199860015176,1,True
77d6edeb08345aef,2021.08.09.17.55.59_veh-28_00021_00307,70,idm,27,,0.0,6.336521757222418,13.934226596823706,15.454829166272386,1,31,,0.0,6.336521757222418,13.934226596823706,15.454829166272386,1,27,,0.0,6.336521757222418,13.934226596823706,15.454829166272386,1,29,,0.0,6.336521757222418,13.934226596823706,15.454829166272386,1,27,,0.0,6.336521757222418,13.934226596823706,15.454829166272386,1,27,,0.0,6.336521757222418,13.934226596823706,15.454829166272386,1,31,,0.0,6.336521757222418,13.934226596823706,15.454829166272386,1,a0719a6596739a8e9c64e4edc8e8ae655315ee96,35,0.0,6.336521757222418,13.934226596823706,15.454829166272386,1,True
77d6edeb08345aef,2021.08.09.17.55.59_veh-28_00021_00307,83,idm,27,,0.0,6.331131275001906,13.934216782352753,15.45472480591285,1,30,,0.0,6.331131275001906,13.934216782352753,15.45472480591285,1,27,cheap,0.0,6.331131275001906,13.934216782352753,15.45472480591285,1,29,,0.0,6.331131275001906,13.934216782352753,15.45472480591285,1,27,,0.0,6.331131275001906,13.934216782352753,15.45472480591285,1,27,,0.0,6.331131275001906,13.934216782352753,15.45472480591285,1,30,,0.0,6.331131275001906,13.934216782352753,15.45472480591285,1,c92e266d8d01f1648a5ac29f43d9177bafa63bac,35,0.0,6.331131275001906,13.934216782352753,15.45472480591285,1,True
77d6edeb08345aef,2021.08.09.17.55.59_veh-28_00021_00307,96,idm,27,,0.0,6.336445571742323,13.934138249922675,15.454491392027677,1,29,,0.0,6.336445571742323,13.934138249922675,15.454491392027677,1,26,,0.0,6.336445571742323,13.934138249922675,15.454491392027677,1,28,,0.0,6.336445571742323,13.934138249922675,15.454491392027677,1,26,,0.0,6.336445571742323,13.934138249922675,15.454491392027677,1,27,,0.0,6.336445571742323,13.934138249922675,15.454491392027677,1,29,,0.0,6.336445571742323,13.934138249922675,15.454491392027677,1,4a402887b4276e0ed265d495077eddb4aeb6d9b9,34,0.0,6.336445571742323,13.934138249922675,15.454491392027677,1,True
77d6edeb08345aef,2021.08.09.17.55.59_veh-28_00021_00307,110,idm,27,,0.0,6.35407228036392,13.933988870149538,15.453932281500572,1,30,,0.0,6.35407228036392,13.933988870149538,15.453932281500572,1,26,,0.0,6.35407228036392,13.933988870149538,15.453932281500572,1,28,,0.0,6.35407228036392,13.933988870149538,15.453932281500572,1,26,,0.0,6.35407228036392,13.933988870149538,15.453932281500572,1,27,,0.0,6.35407228036392,13.933988870149538,15.453932281500572,1,30,,0.0,6.35407228036392,13.933988870149538,15.453932281500572,1,0dd43d3d15a6294956433a5a7584ce97983eacf1,34,0.0,6.35407228036392,13.933988870149538,15.453932281500572,1,True
77d6edeb08345aef,2021.08.09.17.55.59_veh-28_00021_00307,123,idm,27,,0.0,6.344937170856751,13.934017109940685,15.454017033845524,1,29,,0.0,6.344937170856751,13.934017109940685,15.454017033845524,1,26,,0.0,6.344937170856751,13.934017109940685,15.454017033845524,1,28,,0.0,6.344937170856751,13.934017109940685,15.454017033845524,1,26,cheap_nofp,0.0,6.344937170856751,13.934017109940685,15.454017033845524,1,27,,0.0,6.344937170856751,13.934017109940685,15.454017033845524,1,29,,0.0,6.344937170856751,13.934017109940685,15.454017033845524,1,9c75149285396d6718b66adec659f2108d518775,33,0.0,6.344937170856751,13.934017109940685,15.454017033845524,1,True
77d6edeb08345aef,2021.08.09.17.55.59_veh-28_00021_00307,136,idm,27,,0.0,6.363763418627121,13.934153794160782,15.454523707729075,1,31,,0.0,6.363763418627121,13.934153794160782,15.454523707729075,1,26,,0.0,6.363763418627121,13.934153794160782,15.454523707729075,1,29,,0.0,6.363763418627121,13.934153794160782,15.454523707729075,1,26,,0.0,6.363763418627121,13.934153794160782,15.454523707729075,1,27,,0.0,6.363763418627121,13.934153794160782,15.454523707729075,1,31,,0.0,6.363763418627121,13.934153794160782,15.454523707729075,1,a577f5801681d0adb303f24417b33ce37965941a,33,0.0,6.363763418627121,13.934153794160782,15.454523707729075,1,True
77d6edeb08345aef,2021.08.09.17.55.59_veh-28_00021_00307,149,idm,28,,0.0,6.341911904336253,13.934089431850495,15.454309114287518,1,29,,0.0,6.341911904336253,13.934089431850495,15.454309114287518,1,27,,0.0,6.341911904336253,13.934089431850495,15.454309114287518,1,27,,0.0,6.341911904336253,13.934089431850495,15.454309114287518,1,26,,0.0,6.341911904336253,13.934089431850495,15.454309114287518,1,28,,0.0,6.341911904336253,13.934089431850495,15.454309114287518,1,29,,0.0,6.341911904336253,13.934089431850495,15.454309114287518,1,7d6f1aa6e84418072478d1b5ff30a38d5048023e,32,0.0,6.341911904336253,13.934089431850495,15.454309114287518,1,True
77d6edeb08345aef,2021.08.09.17.55.59_veh-28_00021_00307,163,idm,27,,0.0,6.336599657779147,13.934016424279616,15.454086846108297,1,30,,0.0,6.336599657779147,13.934016424279616,15.454086846108297,1,26,,0.0,6.336599657779147,13.934016424279616,15.454086846108297,1,27,,0.0,6.336599657779147,13.934016424279616,15.454086846108297,1,25,,0.0,6.336599657779147,13.934016424279616,15.454086846108297,1,27,,0.0,6.336599657779147,13.934016424279616,15.454086846108297,1,30,,0.0,6.336599657779147,13.934016424279616,15.454086846108297,1,521ff17204a947bb70c08d15379073b88da9e344,32,0.0,6.336599657779147,13.934016424279616,15.454086846108297,1,True
77d6edeb08345aef,2021.08.09.17.55.59_veh-28_00021_00307,176,idm,28,,0.0,6.3459792666414225,13.93407429962168,15.454245651749128,1,29,,0.0,6.3459792666414225,13.93407429962168,15.454245651749128,1,27,,0.0,6.3459792666414225,13.93407429962168,15.454245651749128,1,28,,0.0,6.3459792666414225,13.93407429962168,15.454245651749128,1,26,,0.0,6.3459792666414225,13.93407429962168,15.454245651749128,1,28,,0.0,6.3459792666414225,13.93407429962168,15.454245651749128,1,29,,0.0,6.3459792666414225,13.93407429962168,15.454245651749128,1,c7c05f843b33c04b4f80e570d398484df70b16e4,33,0.0,6.3459792666414225,13.93407429962168,15.454245651749128,1,True
77d6edeb08345aef,2021.08.09.17.55.59_veh-28_00021_00307,189,idm,28,,0.0,6.353757324586659,13.934088183867132,15.454372383225907,1,29,,0.0,6.353757324586659,13.934088183867132,15.454372383225907,1,27,,0.0,6.353757324586659,13.934088183867132,15.454372383225907,1,28,,0.0,6.353757324586659,13.934088183867132,15.454372383225907,1,27,,0.0,6.353757324586659,13.934088183867132,15.454372383225907,1,28,,0.0,6.353757324586659,13.934088183867132,15.454372383225907,1,29,,0.0,6.353757324586659,13.934088183867132,15.454372383225907,1,e2bed03c422fea48090bfa9dc028701db8b89171,32,0.0,6.353757324586659,13.934088183867132,15.454372383225907,1,True
77d6edeb08345aef,2021.08.09.17.55.59_veh-28_00021_00307,202,idm,27,,0.0,6.332366453904242,13.93417659745473,15.454685872709598,1,29,,0.0,6.332366453904242,13.93417659745473,15.454685872709598,1,26,,0.0,6.332366453904242,13.93417659745473,15.454685872709598,1,28,,0.0,6.332366453904242,13.93417659745473,15.454685872709598,1,28,,0.0,6.332366453904242,13.93417659745473,15.454685872709598,1,27,,0.0,6.332366453904242,13.93417659745473,15.454685872709598,1,29,,0.0,6.332366453904242,13.93417659745473,15.454685872709598,1,335e5aea79c9f40429bc8d00c3f941f677da06fa,33,0.0,6.332366453904242,13.93417659745473,15.454685872709598,1,True
77d6edeb08345aef,2021.08.09.17.55.59_veh-28_00021_00307,216,idm,27,,0.0,6.345844985427516,13.934141107661592,15.454544240025694,1,30,,0.0,6.345844985427516,13.934141107661592,15.454544240025694,1,26,,0.0,6.345844985427516,13.934141107661592,15.454544240025694,1,28,,0.0,6.345844985427516,13.934141107661592,15.454544240025694,1,27,,0.0,6.345844985427516,13.934141107661592,15.454544240025694,1,27,,0.0,6.345844985427516,13.934141107661592,15.454544240025694,1,30,,0.0,6.345844985427516,13.934141107661592,15.454544240025694,1,b3fb55220941afa791575ca2df9a9f9358ce7669,33,0.0,6.345844985427516,13.934141107661592,15.454544240025694,1,True
77d6edeb08345aef,2021.08.09.17.55.59_veh-28_00021_00307,229,idm,27,,0.0,6.339555020600724,13.933860804568633,15.45360912642197,1,29,,0.0,6.339555020600724,13.933860804568633,15.45360912642197,1,26,,0.0,6.339555020600724,13.933860804568633,15.45360912642197,1,27,,0.0,6.339555020600724,13.933860804568633,15.45360912642197,1,27,,0.0,6.339555020600724,13.933860804568633,15.45360912642197,1,27,,0.0,6.339555020600724,13.933860804568633,15.45360912642197,1,29,,0.0,6.339555020600724,13.933860804568633,15.45360912642197,1,eea89758a8254f70d0ba96f48ff63a53f74c8099,34,0.0,6.339555020600724,13.933860804568633,15.45360912642197,1,True
77d6edeb08345aef,2021.08.09.17.55.59_veh-28_00021_00307,242,idm,27,,0.0,6.333561435792841,13.934174048014281,15.454749090670589,1,31,,0.0,6.333561435792841,13.934174048014281,15.454749090670589,1,26,,0.0,6.333561435792841,13.934174048014281,15.454749090670589,1,29,,0.0,6.333561435792841,13.934174048014281,15.454749090670589,1,26,,0.0,6.333561435792841,13.934174048014281,15.454749090670589,1,27,,0.0,6.333561435792841,13.934174048014281,15.454749090670589,1,31,,0.0,6.333561435792841,13.934174048014281,15.454749090670589,1,a927422ec97c0347c6a5968d8c9c52543437c7b4,34,0.0,6.333561435792841,13.934174048014281,15.454749090670589,1,True
77d6edeb08345aef,2021.08.09.17.55.59_veh-28_00021_00307,255,idm,28,,0.0,6.331512173520933,13.934220881592054,15.454871346021289,1,31,,0.0,6.331512173520933,13.934220881592054,15.454871346021289,1,27,,0.0,6.331512173520933,13.934220881592054,15.454871346021289,1,29,,0.0,6.331512173520933,13.934220881592054,15.454871346021289,1,27,,0.0,6.331512173520933,13.934220881592054,15.454871346021289,1,28,,0.0,6.331512173520933,13.934220881592054,15.454871346021289,1,31,,0.0,6.331512173520933,13.934220881592054,15.454871346021289,1,ecf3680643bdf934de49c6e5327139dd188b1d5b,34,0.0,6.331512173520933,13.934220881592054,15.454871346021289,1,True
77d6edeb08345aef,2021.08.09.17.55.59_veh-28_00021_00307,269,idm,28,,0.0,6.339527923081271,13.93407065441659,15.454310982495747,1,30,,0.0,6.339527923081271,13.93407065441659,15.454310982495747,1,27,,0.0,6.339527923081271,13.93407065441659,15.454310982495747,1,29,,0.0,6.339527923081271,13.93407065441659,15.454310982495747,1,28,,0.0,6.339527923081271,13.93407065441659,15.454310982495747,1,28,,0.0,6.339527923081271,13.93407065441659,15.454310982495747,1,30,,0.0,6.339527923081271,13.93407065441659,15.454310982495747,1,17ff62cc8e1f9d95a1d832932457f5de45177c5f,34,0.0,6.339527923081271,13.93407065441659,15.454310982495747,1,True
77d6edeb08345aef,2021.08.09.17.55.59_veh-28_00021_00307,282,idm,28,,0.0,6.316790924545613,13.934104499371482,15.454431496109462,1,30,,0.0,6.316790924545613,13.934104499371482,15.454431496109462,1,27,,0.0,6.316790924545613,13.934104499371482,15.454431496109462,1,29,,0.0,6.316790924545613,13.934104499371482,15.454431496109462,1,27,cheap_nofp,0.0,6.316790924545613,13.934104499371482,15.454431496109462,1,28,,0.0,6.316790924545613,13.934104499371482,15.454431496109462,1,30,,0.0,6.316790924545613,13.934104499371482,15.454431496109462,1,00def76a6df3d64796ff0e5ca0e41bb0a2c27342,34,0.0,6.316790924545613,13.934104499371482,15.454431496109462,1,True
77d6edeb08345aef,2021.08.09.17.55.59_veh-28_00021_00307,295,idm,28,,0.0,6.327170976086526,13.934113567359852,15.454405744259203,1,31,,0.0,6.327170976086526,13.934113567359852,15.454405744259203,1,27,,0.0,6.327170976086526,13.934113567359852,15.454405744259203,1,29,,0.0,6.327170976086526,13.934113567359852,15.454405744259203,1,27,,0.0,6.327170976086526,13.934113567359852,15.454405744259203,1,28,,0.0,6.327170976086526,13.934113567359852,15.454405744259203,1,31,,0.0,6.327170976086526,13.934113567359852,15.454405744259203,1,9333f3c48b22b4c261ab99258423346b8919d04d,35,0.0,6.327170976086526,13.934113567359852,15.454405744259203,1,True
77d6edeb08345aef,2021.08.09.17.55.59_veh-28_00021_00307,309,idm,30,,0.0,6.346884606495362,13.934092136338279,15.454319810528805,1,32,,0.0,6.346884606495362,13.934092136338279,15.454319810528805,1,29,,0.0,6.346884606495362,13.934092136338279,15.454319810528805,1,30,,0.0,6.346884606495362,13.934092136338279,15.454319810528805,1,29,,0.0,6.346884606495362,13.934092136338279,15.454319810528805,1,30,,0.0,6.346884606495362,13.934092136338279,15.454319810528805,1,32,,0.0,6.346884606495362,13.934092136338279,15.454319810528805,1,efb2f2f5782dbbe6bf42f00878dc6af0d851a187,37,0.0,6.346884606495362,13.934092136338279,15.454319810528805,1,True
7c05c64aa91a5eb3,2021.08.17.18.54.02_veh-45_00665_01065,4,idm,19,reference,0.0,2.376691430260361,2.122887774240366,4.755884211713772,1,19,reference,0.0,2.376691430260361,2.122887774240366,4.755884211713772,1,19,reference,0.0,2.376691430260361,2.122887774240366,4.755884211713772,1,19,reference,0.0,2.376691430260361,2.122887774240366,4.755884211713772,1,19,reference,0.0,2.376691430260361,2.122887774240366,4.755884211713772,1,19,,0.0,2.376691430260361,2.122887774240366,4.755884211713772,1,19,,0.0,2.376691430260361,2.122887774240366,4.755884211713772,1,f08030d8745cd0e95ea563c1e999953ba7c63aee,19,0.0,2.376691430260361,2.122887774240366,4.755884211713772,1,True
7c05c64aa91a5eb3,2021.08.17.18.54.02_veh-45_00665_01065,17,idm,18,,0.0,2.3845417465245404,1.8133439796409747,4.165678507617107,1,18,,0.0,2.3845417465245404,1.8133439796409747,4.165678507617107,1,16,,0.0,2.3845417465245404,1.8133439796409747,4.165678507617107,1,17,,0.0,2.3845417465245404,1.8133439796409747,4.165678507617107,1,18,full,0.0,2.3845417465245404,1.8133439796409747,4.165678507617107,1,18,cheap,0.0,2.3845417465245404,1.8133439796409747,4.165678507617107,1,18,full,0.0,2.3845417465245404,1.8133439796409747,4.165678507617107,1,1cadccac1a7db6ac465bf8301f833e1644374d68,17,0.0,2.3845417465245404,1.8133439796409747,4.165678507617107,1,True
7c05c64aa91a5eb3,2021.08.17.18.54.02_veh-45_00665_01065,30,idm,16,,0.0,2.439236782875632,1.6434201259340253,3.8845561426733353,1,16,,0.0,2.439236782875632,1.6434201259340253,3.8845561426733353,1,15,,0.0,2.439236782875632,1.6434201259340253,3.8845561426733353,1,15,cheap_nofp,0.0,2.439236782875632,1.6434201259340253,3.8845561426733353,1,16,full,0.0,2.439236782875632,1.6434201259340253,3.8845561426733353,1,16,cheap,0.0,2.439236782875632,1.6434201259340253,3.8845561426733353,1,16,full,0.0,2.439236782875632,1.6434201259340253,3.8845561426733353,1,6e8c2f0beffc2d8896dee96a5d47478610691d24,16,0.0,2.439236782875632,1.6434201259340253,3.8845561426733353,1,True
7c05c64aa91a5eb3,2021.08.17.18.54.02_veh-45_00665_01065,43,idm,12,,0.0,2.965081039286212,1.5972350647506866,3.849023450404552,1,11,,0.0,2.965081039286212,1.5972350647506866,3.849023450404552,1,11,full,0.0,2.965081039286212,1.5972350647506866,3.849023450404552,1,11,full,0.0,2.965081039286212,1.5972350647506866,3.849023450404552,1,11,full,0.0,2.965081039286212,1.5972350647506866,3.849023450404552,1,12,cheap,0.0,2.965081039286212,1.5972350647506866,3.849023450404552,1,11,full,0.0,2.965081039286212,1.5972350647506866,3.849023450404552,1,20c6e6aa915700cd725b0785537df3cbb2df2343,13,0.0,2.965081039286212,1.5972350647506866,3.849023450404552,1,True
7c05c64aa91a5eb3,2021.08.17.18.54.02_veh-45_00665_01065,57,idm,10,,0.0,3.0052993674520363,1.5863498550002413,3.8887750292941057,1,10,cheap,0.0,3.0052993674520363,1.5863498550002413,3.8887750292941057,1,10,cheap,0.0,3.0052993674520363,1.5863498550002413,3.8887750292941057,1,10,cheap,0.0,3.0052993674520363,1.5863498550002413,3.8887750292941057,1,10,cheap,0.0,3.0052993674520363,1.5863498550002413,3.8887750292941057,1,10,cheap,0.0,3.0052993674520363,1.5863498550002413,3.8887750292941057,1,10,cheap,0.0,3.0052993674520363,1.5863498550002413,3.8887750292941057,1,3e9be377daa3c68af8fc34d9921a26834167be80,11,0.0,3.0052993674520363,1.5863498550002413,3.8887750292941057,1,True
7c05c64aa91a5eb3,2021.08.17.18.54.02_veh-45_00665_01065,70,idm,7,,0.0,3.37873510032023,1.6413169867427404,3.9983242638261682,1,7,cheap,0.0,3.37873510032023,1.6413169867427404,3.9983242638261682,1,7,cheap,0.0,3.37873510032023,1.6413169867427404,3.9983242638261682,1,7,cheap,0.0,3.37873510032023,1.6413169867427404,3.9983242638261682,1,7,cheap,0.0,3.37873510032023,1.6413169867427404,3.9983242638261682,1,7,cheap,0.0,3.37873510032023,1.6413169867427404,3.9983242638261682,1,7,cheap,0.0,3.37873510032023,1.6413169867427404,3.9983242638261682,1,0076eb1cde9af585af563f439d97c97e2dd1a30f,8,0.0,3.37873510032023,1.6413169867427404,3.9983242638261682,1,True
7c05c64aa91a5eb3,2021.08.17.18.54.02_veh-45_00665_01065,83,idm,7,,0.0,10.136548822138554,1.7233954444259414,4.168164631695395,1,8,,0.0,10.136548822138554,1.7233954444259414,4.168164631695395,1,7,cheap,0.0,10.136548822138554,1.7233954444259414,4.168164631695395,1,8,full,0.0,10.136548822138554,1.7233954444259414,4.168164631695395,1,7,cheap,0.0,10.136548822138554,1.7233954444259414,4.168164631695395,1,7,cheap,0.0,10.136548822138554,1.7233954444259414,4.168164631695395,1,8,full,0.0,10.136548822138554,1.7233954444259414,4.168164631695395,1,8645696614d10a3d06c5b297c15b897bb4147ba1,8,0.0,10.136548822138554,1.7233954444259414,4.168164631695395,1,True
7c05c64aa91a5eb3,2021.08.17.18.54.02_veh-45_00665_01065,97,idm,8,,0.0,4.871187515741629,1.8850592771146792,4.523621103382622,1,10,,0.0,4.871187515741629,1.8850592771146792,4.523621103382622,1,8,cheap,0.0,4.871187515741629,1.8850592771146792,4.523621103382622,1,9,,0.0,4.871187515741629,1.8850592771146792,4.523621103382622,1,8,cheap,0.0,4.871187515741629,1.8850592771146792,4.523621103382622,1,8,cheap,0.0,4.871187515741629,1.8850592771146792,4.523621103382622,1,10,,0.0,4.871187515741629,1.8850592771146792,4.523621103382622,1,090bb0178f92e47f128a3c3bd713d1d2461dfd17,9,0.0,4.871187515741629,1.8850592771146792,4.523621103382622,1,True
7c05c64aa91a5eb3,2021.08.17.18.54.02_veh-45_00665_01065,110,idm,6,,0.0,3.992216636337368,2.017922341216613,4.890887085688776,1,7,,0.0,3.992216636337368,2.017922341216613,4.890887085688776,1,6,cheap,0.0,3.992216636337368,2.017922341216613,4.890887085688776,1,6,,0.0,3.992216636337368,2.017922341216613,4.890887085688776,1,7,,0.0,3.992216636337368,2.017922341216613,4.890887085688776,1,6,cheap,0.0,3.992216636337368,2.017922341216613,4.890887085688776,1,7,,0.0,3.992216636337368,2.017922341216613,4.890887085688776,1,db7cc5e1f3b703144ac254b888b6e459f0c562b2,7,0.0,3.992216636337368,2.017922341216613,4.890887085688776,1,True
7c05c64aa91a5eb3,2021.08.17.18.54.02_veh-45_00665_01065,123,idm,6,,0.0,2.839974796559403,2.1649927732352694,5.325067843670009,1,7,,0.0,2.839974796559403,2.1649927732352694,5.325067843670009,1,5,,0.0,2.839974796559403,2.1649927732352694,5.325067843670009,1,6,reference,0.0,2.839974796559403,2.1649927732352694,5.325067843670009,1,7,full,0.0,2.839974796559403,2.1649927732352694,5.325067843670009,1,6,cheap,0.0,2.839974796559403,2.1649927732352694,5.325067843670009,1,7,,0.0,2.839974796559403,2.1649927732352694,5.325067843670009,1,4260f4e9a0bd683491eef285f7cf2f4a842693c4,6,0.0,2.839974796559403,2.1649927732352694,5.325067843670009,1,True
7c05c64aa91a5eb3,2021.08.17.18.54.02_veh-45_00665_01065,137,idm,8,,0.0,2.190821270925786,2.3969396318311826,5.900533565891782,1,11,,0.0,2.190821270925786,2.3969396318311826,5.900533565891782,1,7,,0.0,2.190821270925786,2.3969396318311826,5.900533565891782,1,8,reference,0.0,2.190821270925786,2.3969396318311826,5.900533565891782,1,10,,0.0,2.190821270925786,2.3969396318311826,5.900533565891782,1,8,cheap,0.0,2.190821270925786,2.3969396318311826,5.900533565891782,1,11,,0.0,2.190821270925786,2.3969396318311826,5.900533565891782,1,e48450bc6e206e175c492ad9e284e14fc73ef177,8,0.0,2.190821270925786,2.3969396318311826,5.900533565891782,1,True
7c05c64aa91a5eb3,2021.08.17.18.54.02_veh-45_00665_01065,150,idm,9,,0.0,1.9103542248983114,2.7358837639652105,6.608585562270486,1,11,,0.0,1.9103542248983114,2.7358837639652105,6.608585562270486,1,8,,0.0,1.9103542248983114,2.7358837639652105,6.608585562270486,1,9,,0.0,1.9103542248983114,2.7358837639652105,6.608585562270486,1,11,,0.0,1.9103542248983114,2.7358837639652105,6.608585562270486,1,9,,0.0,1.9103542248983114,2.7358837639652105,6.608585562270486,1,11,,0.0,1.9103542248983114,2.7358837639652105,6.608585562270486,1,62926aa127bd384a9f56da18d438e97bb15211a7,11,0.0,1.9103542248983114,2.7358837639652105,6.608585562270486,1,True
7c05c64aa91a5eb3,2021.08.17.18.54.02_veh-45_00665_01065,163,idm,12,,0.0,3.9417948354661663,2.989439478234024,7.149027897267149,1,13,,0.0,3.9417948354661663,2.989439478234024,7.149027897267149,1,12,cheap,0.0,3.9417948354661663,2.989439478234024,7.149027897267149,1,12,,0.0,3.9417948354661663,2.989439478234024,7.149027897267149,1,12,,0.0,3.9417948354661663,2.989439478234024,7.149027897267149,1,12,,0.0,3.9417948354661663,2.989439478234024,7.149027897267149,1,13,,0.0,3.9417948354661663,2.989439478234024,7.149027897267149,1,b5f4b45f3a16a428f0bdfa0706c8dbf19513a9f9,15,0.0,3.9417948354661663,2.989439478234024,7.149027897267149,1,True
7c05c64aa91a5eb3,2021.08.17.18.54.02_veh-45_00665_01065,176,idm,11,,0.0,3.916258160299028,3.1158549152509747,7.519343955015831,1,12,,0.0,3.916258160299028,3.1158549152509747,7.519343955015831,1,11,cheap,0.0,3.916258160299028,3.1158549152509747,7.519343955015831,1,12,,0.0,3.916258160299028,3.1158549152509747,7.519343955015831,1,12,full_nofp,0.0,3.916258160299028,3.1158549152509747,7.519343955015831,1,11,,0.0,3.916258160299028,3.1158549152509747,7.519343955015831,1,12,,0.0,3.916258160299028,3.1158549152509747,7.519343955015831,1,e2f4ef1104e346b3eb40e20099f697f5ed2366c8,14,0.0,3.916258160299028,3.1158549152509747,7.519343955015831,1,True
7c05c64aa91a5eb3,2021.08.17.18.54.02_veh-45_00665_01065,190,idm,9,,0.0,3.8279001226069163,3.29699803751197,8.065095580790587,1,10,,0.0,3.8279001226069163,3.29699803751197,8.065095580790587,1,9,cheap,0.0,3.8279001226069163,3.29699803751197,8.065095580790587,1,10,full,0.0,3.8279001226069163,3.29699803751197,8.065095580790587,1,9,cheap,0.0,3.8279001226069163,3.29699803751197,8.065095580790587,1,9,cheap,0.0,3.8279001226069163,3.29699803751197,8.065095580790587,1,10,full,0.0,3.8279001226069163,3.29699803751197,8.065095580790587,1,97b2fb1b46544be4e2ba0f2a1289b3d3cbf148a4,12,0.0,3.8279001226069163,3.29699803751197,8.065095580790587,1,True
7c05c64aa91a5eb3,2021.08.17.18.54.02_veh-45_00665_01065,203,idm,9,,0.0,5.07225903662556,3.487342612077456,8.693281447624992,1,11,,0.0,5.07225903662556,3.487342612077456,8.693281447624992,1,9,cheap,0.0,5.07225903662556,3.487342612077456,8.693281447624992,1,11,full,0.0,5.07225903662556,3.487342612077456,8.693281447624992,1,11,,0.0,5.07225903662556,3.487342612077456,8.693281447624992,1,9,cheap,0.0,5.07225903662556,3.487342612077456,8.693281447624992,1,11,full,0.0,5.07225903662556,3.487342612077456,8.693281447624992,1,ad1ee0fc61692bfbd457d57abdbbd2ea493faf99,12,0.0,5.07225903662556,3.487342612077456,8.693281447624992,1,True
7c05c64aa91a5eb3,2021.08.17.18.54.02_veh-45_00665_01065,216,idm,9,,0.0,6.309243646847088,3.827902986770314,9.633211376782526,1,11,,0.0,6.309243646847088,3.827902986770314,9.633211376782526,1,9,cheap,0.0,6.309243646847088,3.827902986770314,9.633211376782526,1,10,,0.0,6.309243646847088,3.827902986770314,9.633211376782526,1,9,cheap,0.0,6.309243646847088,3.827902986770314,9.633211376782526,1,9,cheap,0.0,6.309243646847088,3.827902986770314,9.633211376782526,1,11,full,0.0,6.309243646847088,3.827902986770314,9.633211376782526,1,37bf93d300b77fa452daf915676c5d5396278c1f,11,0.0,6.309243646847088,3.827902986770314,9.633211376782526,1,True
7c05c64aa91a5eb3,2021.08.17.18.54.02_veh-45_00665_01065,230,idm,11,,0.0,6.292419858777457,4.252293117417184,10.711099492417086,1,11,,0.0,6.292419858777457,4.252293117417184,10.711099492417086,1,11,full,0.0,6.292419858777457,4.252293117417184,10.711099492417086,1,11,full,0.0,6.292419858777457,4.252293117417184,10.711099492417086,1,11,full,0.0,6.292419858777457,4.252293117417184,10.711099492417086,1,11,cheap,0.0,6.292419858777457,4.252293117417184,10.711099492417086,1,11,full,0.0,6.292419858777457,4.252293117417184,10.711099492417086,1,3796984c85660a152da2851aed4f00658b1aa406,12,0.0,6.292419858777457,4.252293117417184,10.711099492417086,1,True
7c05c64aa91a5eb3,2021.08.17.18.54.02_veh-45_00665_01065,243,idm,8,,0.0,4.2590281274781505,4.768076536577723,11.594910083325198,1,9,,0.0,4.2590281274781505,4.768076536577723,11.594910083325198,1,8,cheap,0.0,4.2590281274781505,4.768076536577723,11.594910083325198,1,8,cheap,0.0,4.2590281274781505,4.768076536577723,11.594910083325198,1,8,,0.0,4.2590281274781505,4.768076536577723,11.594910083325198,1,8,cheap,0.0,4.2590281274781505,4.768076536577723,11.594910083325198,1,9,full,0.0,4.2590281274781505,4.768076536577723,11.594910083325198,1,4c3024ed0723e2ba3afd404a8cabd20ebf7096a2,9,0.0,4.2590281274781505,4.768076536577723,11.594910083325198,1,True
7c05c64aa91a5eb3,2021.08.17.18.54.02_veh-45_00665_01065,256,idm,7,,0.0,4.190114088767653,5.043003969982821,11.432422099733868,1,8,,0.0,4.190114088767653,5.043003969982821,11.432422099733868,1,7,cheap,0.0,4.190114088767653,5.043003969982821,11.432422099733868,1,7,cheap,0.0,4.190114088767653,5.043003969982821,11.432422099733868,1,7,cheap,0.0,4.190114088767653,5.043003969982821,11.432422099733868,1,7,cheap,0.0,4.190114088767653,5.043003969982821,11.432422099733868,1,8,full,0.0,4.190114088767653,5.043003969982821,11.432422099733868,1,7d9f62072df3023ed93a3c44f7ce675190f8f6e0,8,0.0,4.190114088767653,5.043003969982821,11.432422099733868,1,True
7c05c64aa91a5eb3,2021.08.17.18.54.02_veh-45_00665_01065,270,idm,5,,0.0,3.9146840462208647,4.925670146799427,10.618141362054024,1,6,,0.0,3.9146840462208647,4.925670146799427,10.618141362054024,1,5,cheap,0.0,3.9146840462208647,4.925670146799427,10.618141362054024,1,5,,0.0,3.9146840462208647,4.925670146799427,10.618141362054024,1,4,,0.0,3.9146840462208647,4.925670146799427,10.618141362054024,1,5,,0.0,3.9146840462208647,4.925670146799427,10.618141362054024,1,6,,0.0,3.9146840462208647,4.925670146799427,10.618141362054024,1,d3b21315b533823eed445131cd5bb2d9f68ae6bf,6,0.0,3.9146840462208647,4.925670146799427,10.618141362054024,1,True
7c05c64aa91a5eb3,2021.08.17.18.54.02_veh-45_00665_01065,283,idm,4,,0.0,4.221994740679564,4.649527761431516,9.997191413764536,1,4,,0.0,4.221994740679564,4.649527761431516,9.997191413764536,1,4,,0.0,4.221994740679564,4.649527761431516,9.997191413764536,1,4,full,0.0,4.221994740679564,4.649527761431516,9.997191413764536,1,4,,0.0,4.221994740679564,4.649527761431516,9.997191413764536,1,4,cheap,0.0,4.221994740679564,4.649527761431516,9.997191413764536,1,4,full,0.0,4.221994740679564,4.649527761431516,9.997191413764536,1,79dba7dcfe5c8fa78cdee50b38ae9c523aec7cdd,6,0.0,4.221994740679564,4.649527761431516,9.997191413764536,1,True
7c05c64aa91a5eb3,2021.08.17.18.54.02_veh-45_00665_01065,296,idm,6,,0.0,3.9861876078850362,4.065227327238344,8.919805475713227,1,4,,0.0,3.9861876078850362,4.065227327238344,8.919805475713227,1,4,,0.0,3.9861876078850362,4.065227327238344,8.919805475713227,1,4,,0.0,3.9861876078850362,4.065227327238344,8.919805475713227,1,4,full_nofp,0.0,3.9861876078850362,4.065227327238344,8.919805475713227,1,6,cheap,0.0,3.9861876078850362,4.065227327238344,8.919805475713227,1,4,full,0.0,3.9861876078850362,4.065227327238344,8.919805475713227,1,ca8cfcf97312c3269a064124db330e65d961bc6d,5,0.0,3.9861876078850362,4.065227327238344,8.919805475713227,1,True
7c05c64aa91a5eb3,2021.08.17.18.54.02_veh-45_00665_01065,310,idm,5,,0.0,4.35419233267035,3.511272018871189,7.806939576513755,1,4,,0.0,4.35419233267035,3.511272018871189,7.806939576513755,1,4,full,0.0,4.35419233267035,3.511272018871189,7.806939576513755,1,4,full,0.0,4.35419233267035,3.511272018871189,7.806939576513755,1,4,full,0.0,4.35419233267035,3.511272018871189,7.806939576513755,1,5,cheap,0.0,4.35419233267035,3.511272018871189,7.806939576513755,1,4,full,0.0,4.35419233267035,3.511272018871189,7.806939576513755,1,4843f661afab3f560b508886236bc828c4ab1a23,5,0.0,4.35419233267035,3.511272018871189,7.806939576513755,1,True
8043e6bb538552bc,2021.07.16.18.06.21_veh-38_04933_05307,4,idm,234,,0.0,1.1773321528608822,0.9972084501072541,3.7613517012897164,1,237,,0.0,1.1773321528608822,0.9972084501072541,3.7613517012897164,1,233,,0.0,1.1773321528608822,0.9972084501072541,3.7613517012897164,1,237,full,0.0,1.1773321528608822,0.9972084501072541,3.7613517012897164,1,235,,0.0,1.1773321528608822,0.9972084501072541,3.7613517012897164,1,233,,0.0,1.1773321528608822,0.9972084501072541,3.7613517012897164,1,236,,0.0,1.1773321528608822,0.9972084501072541,3.7613517012897164,1,b6f2426d5a7d5d15320214ad95fc0a622d844228,245,0.0,1.1773321528608822,0.9972084501072541,3.7613517012897164,1,True
8043e6bb538552bc,2021.07.16.18.06.21_veh-38_04933_05307,17,idm,230,,1.0,0.0,1.8857936757865539,6.769446207730053,1,235,,1.0,0.0,1.8857936757865539,6.769446207730053,1,230,cheap,1.0,0.0,1.8857936757865539,6.769446207730053,1,235,full,1.0,0.0,1.8857936757865539,6.769446207730053,1,233,,1.0,0.0,1.8857936757865539,6.769446207730053,1,230,,1.0,0.0,1.8857936757865539,6.769446207730053,1,235,,1.0,0.0,1.8857936757865539,6.769446207730053,1,815caf62bd36fe75951faab5ca25aa87c329c223,244,1.0,0.0,1.8857936757865539,6.769446207730053,1,True
8043e6bb538552bc,2021.07.16.18.06.21_veh-38_04933_05307,30,idm,229,,1.0,0.0,3.530660052784946,10.102106250144436,1,232,,1.0,0.0,3.530660052784946,10.102106250144436,1,227,,1.0,0.0,3.530660052784946,10.102106250144436,1,231,,1.0,0.0,3.530660052784946,10.102106250144436,1,230,,1.0,0.0,3.530660052784946,10.102106250144436,1,226,,1.0,0.0,3.530660052784946,10.102106250144436,1,231,,1.0,0.0,3.530660052784946,10.102106250144436,1,aa09572220d37d02a130b05b4d3c0204641f62f9,240,1.0,0.0,3.530660052784946,10.102106250144436,1,True
8043e6bb538552bc,2021.07.16.18.06.21_veh-38_04933_05307,43,idm,217,,1.0,0.0,5.702206960044781,13.699895462251693,1,222,,1.0,0.0,5.702206960044781,13.699895462251693,1,217,cheap,1.0,0.0,5.702206960044781,13.699895462251693,1,221,,1.0,0.0,5.702206960044781,13.699895462251693,1,219,,1.0,0.0,5.702206960044781,13.699895462251693,1,216,,1.0,0.0,5.702206960044781,13.699895462251693,1,220,,1.0,0.0,5.702206960044781,13.699895462251693,1,042d99df55bf793ce4ece6e1bf300fc59103313b,233,1.0,0.0,5.702206960044781,13.699895462251693,1,True
8043e6bb538552bc,2021.07.16.18.06.21_veh-38_04933_05307,57,idm,224,,1.0,0.0,8.057593420332116,17.35592771751236,1,226,,1.0,0.0,8.057593420332116,17.35592771751236,1,222,,1.0,0.0,8.057593420332116,17.35592771751236,1,226,full,1.0,0.0,8.057593420332116,17.35592771751236,1,223,,1.0,0.0,8.057593420332116,17.35592771751236,1,222,,1.0,0.0,8.057593420332116,17.35592771751236,1,225,,1.0,0.0,8.057593420332116,17.35592771751236,1,a70d71a8f5c90a98b48fb3a071ccf39084c5aa31,238,1.0,0.0,8.057593420332116,17.35592771751236,1,True
8043e6bb538552bc,2021.07.16.18.06.21_veh-38_04933_05307,70,idm,234,,0.0,1.135911817985968,2.2934191826859274,4.84359960880571,1,242,,0.0,1.135911817985968,2.2934191826859274,4.84359960880571,1,234,cheap,0.0,1.135911817985968,2.2934191826859274,4.84359960880571,1,242,full,0.0,1.135911817985968,2.2934191826859274,4.84359960880571,1,235,,0.0,1.135911817985968,2.2934191826859274,4.84359960880571,1,233,,0.0,1.135911817985968,2.2934191826859274,4.84359960880571,1,238,,0.0,1.135911817985968,2.2934191826859274,4.84359960880571,1,e5dc1364a0bb254ae8894021425714e06a211536,251,0.0,1.135911817985968,2.2934191826859274,4.84359960880571,1,True
8043e6bb538552bc,2021.07.16.18.06.21_veh-38_04933_05307,83,idm,251,,0.0,1.1204039348291648,2.0841051095745717,4.694015284452607,1,251,,0.0,1.1204039348291648,2.0841051095745717,4.694015284452607,1,251,cheap,0.0,1.1204039348291648,2.0841051095745717,4.694015284452607,1,251,full,0.0,1.1204039348291648,2.0841051095745717,4.694015284452607,1,251,,0.0,1.1204039348291648,2.0841051095745717,4.694015284452607,1,251,,0.0,1.1204039348291648,2.0841051095745717,4.694015284452607,1,251,full_s1,0.0,1.1204039348291648,2.0841051095745717,4.694015284452607,1,c7178fa5dc50d0391e432da2162546624512a9ab,264,0.0,1.1204039348291648,2.0841051095745717,4.694015284452607,1,True
8043e6bb538552bc,2021.07.16.18.06.21_veh-38_04933_05307,97,idm,262,,0.0,1.150323238795248,1.5783071874256978,3.530315672977728,1,266,,0.0,1.150323238795248,1.5783071874256978,3.530315672977728,1,262,cheap,0.0,1.150323238795248,1.5783071874256978,3.530315672977728,1,266,full,0.0,1.150323238795248,1.5783071874256978,3.530315672977728,1,263,,0.0,1.150323238795248,1.5783071874256978,3.530315672977728,1,262,cheap,0.0,1.150323238795248,1.5783071874256978,3.530315672977728,1,263,,0.0,1.150323238795248,1.5783071874256978,3.530315672977728,1,9b5d3e47a18827122f51bfc35ce9e7f333e7dc18,274,0.0,1.150323238795248,1.5783071874256978,3.530315672977728,1,True
8043e6bb538552bc,2021.07.16.18.06.21_veh-38_04933_05307,110,idm,268,,0.0,1.6926804565658669,1.254874670404501,2.6016689900138954,1,275,,0.0,1.6926804565658669,1.254874670404501,2.6016689900138954,1,268,cheap,0.0,1.6926804565658669,1.254874670404501,2.6016689900138954,1,274,,0.0,1.6926804565658669,1.254874670404501,2.6016689900138954,1,269,,0.0,1.6926804565658669,1.254874670404501,2.6016689900138954,1,268,,0.0,1.6926804565658669,1.254874670404501,2.6016689900138954,1,273,,0.0,1.6926804565658669,1.254874670404501,2.6016689900138954,1,f6dc778213afbf2dd995c02e44ec7a486f208ad1,281,0.0,1.6926804565658669,1.254874670404501,2.6016689900138954,1,True
8043e6bb538552bc,2021.07.16.18.06.21_veh-38_04933_05307,123,idm,283,,0.0,3.716990306052323,0.8649686418417438,1.7394467594239866,1,287,,0.0,3.716990306052323,0.8649686418417438,1.7394467594239866,1,283,cheap,0.0,3.716990306052323,0.8649686418417438,1.7394467594239866,1,287,,0.0,3.716990306052323,0.8649686418417438,1.7394467594239866,1,286,,0.0,3.716990306052323,0.8649686418417438,1.7394467594239866,1,283,cheap,0.0,3.716990306052323,0.8649686418417438,1.7394467594239866,1,287,full,0.0,3.716990306052323,0.8649686418417438,1.7394467594239866,1,85353f441b1a2a82a11fc91b4c15c9d8adad2b2f,297,0.0,3.716990306052323,0.8649686418417438,1.7394467594239866,1,True
8043e6bb538552bc,2021.07.16.18.06.21_veh-38_04933_05307,137,idm,316,,0.0,6.257454577976248,0.88086220403263,1.5874020864388032,1,318,,0.0,6.257454577976248,0.88086220403263,1.5874020864388032,1,316,cheap,0.0,6.257454577976248,0.88086220403263,1.5874020864388032,1,318,full,0.0,6.257454577976248,0.88086220403263,1.5874020864388032,1,317,,0.0,6.257454577976248,0.88086220403263,1.5874020864388032,1,316,cheap,0.0,6.257454577976248,0.88086220403263,1.5874020864388032,1,318,full,0.0,6.257454577976248,0.88086220403263,1.5874020864388032,1,c377ab78c32c14d221234be55d8b29321eab5a8c,326,0.0,6.257454577976248,0.88086220403263,1.5874020864388032,1,True
8043e6bb538552bc,2021.07.16.18.06.21_veh-38_04933_05307,150,idm,333,,0.0,6.13602259830779,1.073185064086297,1.724150568407645,1,335,,0.0,6.13602259830779,1.073185064086297,1.724150568407645,1,332,,0.0,6.13602259830779,1.073185064086297,1.724150568407645,1,334,,0.0,6.13602259830779,1.073185064086297,1.724150568407645,1,333,,0.0,6.13602259830779,1.073185064086297,1.724150568407645,1,333,,0.0,2.5158808337949554,1.9339225336105088,4.504125939334096,1,335,,0.0,6.13602259830779,1.073185064086297,1.724150568407645,1,a51bc8caef8f5b02ad28394039a7abbd953b0a05,340,0.0,6.13602259830779,1.073185064086297,1.724150568407645,1,True
8043e6bb538552bc,2021.07.16.18.06.21_veh-38_04933_05307,163,idm,333,,0.0,6.07117663742116,1.2703939849886288,1.7638687488028666,1,335,,0.0,4.105835481738041,1.6001905622929489,2.953106418316638,1,332,,0.0,6.07117663742116,1.2703939849886288,1.7638687488028666,1,333,,0.0,6.07117663742116,1.2703939849886288,1.7638687488028666,1,333,,0.0,6.07117663742116,1.2703939849886288,1.7638687488028666,1,333,cheap,0.0,6.07117663742116,1.2703939849886288,1.7638687488028666,1,335,,0.0,4.105835481738041,1.6001905622929489,2.953106418316638,1,5a47dec6a32cd75e9206032679ffadafe2bb84c9,337,0.0,6.07117663742116,1.2703939849886288,1.7638687488028666,1,True
8043e6bb538552bc,2021.07.16.18.06.21_veh-38_04933_05307,176,idm,329,,0.0,5.86026380705651,1.4443898099984542,1.7080362276993961,1,330,,0.0,3.411098664071666,1.885236153008505,3.2253083247347556,1,329,,0.0,5.86026380705651,1.4443898099984542,1.7080362276993961,1,329,,0.0,5.86026380705651,1.4443898099984542,1.7080362276993961,1,330,full,0.0,3.411098664071666,1.885236153008505,3.2253083247347556,1,329,cheap,0.0,5.86026380705651,1.4443898099984542,1.7080362276993961,1,330,full,0.0,3.411098664071666,1.885236153008505,3.2253083247347556,1,a4ccfde6874c1290be0b6badbab730633cf35be1,332,0.0,5.86026380705651,1.4443898099984542,1.7080362276993961,1,True
8043e6bb538552bc,2021.07.16.18.06.21_veh-38_04933_05307,190,idm,328,,0.0,5.3543144802389095,1.5747326421630148,1.5970510957603599,1,327,,0.0,5.3543144802389095,1.5747326421630148,1.5970510957603599,1,327,full,0.0,5.3543144802389095,1.5747326421630148,1.5970510957603599,1,327,full,0.0,5.3543144802389095,1.5747326421630148,1.5970510957603599,1,327,full,0.0,5.3543144802389095,1.5747326421630148,1.5970510957603599,1,328,,0.0,5.3543144802389095,1.5747326421630148,1.5970510957603599,1,327,full,0.0,5.3543144802389095,1.5747326421630148,1.5970510957603599,1,c658cfce5d944bf8b950b02de26966de9d9ba604,337,0.0,5.3543144802389095,1.5747326421630148,1.5970510957603599,1,True
8043e6bb538552bc,2021.07.16.18.06.21_veh-38_04933_05307,203,idm,322,,0.0,4.477035335569571,1.6198594932075099,1.5524357058730762,1,324,,0.0,4.477035335569571,1.6198594932075099,1.5524357058730762,1,322,cheap,0.0,4.477035335569571,1.6198594932075099,1.5524357058730762,1,323,,0.0,4.477035335569571,1.6198594932075099,1.5524357058730762,1,322,,0.0,4.477035335569571,1.6198594932075099,1.5524357058730762,1,322,,0.0,4.477035335569571,1.6198594932075099,1.5524357058730762,1,324,,0.0,4.477035335569571,1.6198594932075099,1.5524357058730762,1,c6629ed8f1ece619fc4693991e50aa625ed44c1a,338,0.0,4.477035335569571,1.6198594932075099,1.5524357058730762,1,True
8043e6bb538552bc,2021.07.16.18.06.21_veh-38_04933_05307,216,idm,316,,0.0,2.922995068325103,1.6497519884884557,1.6707110733918986,1,320,,0.0,2.922995068325103,1.6497519884884557,1.6707110733918986,1,316,,0.0,2.922995068325103,1.6497519884884557,1.6707110733918986,1,318,,0.0,2.922995068325103,1.6497519884884557,1.6707110733918986,1,317,,0.0,2.922995068325103,1.6497519884884557,1.6707110733918986,1,316,,0.0,2.922995068325103,1.6497519884884557,1.6707110733918986,1,320,,0.0,2.922995068325103,1.6497519884884557,1.6707110733918986,1,52ae40ccd073ca78e855e1bbcefb34cb6dd68f71,349,0.0,2.922995068325103,1.6497519884884557,1.6707110733918986,1,True
8043e6bb538552bc,2021.07.16.18.06.21_veh-38_04933_05307,230,idm,328,,0.0,0.9064547117269082,1.6989801866254544,1.91312382084734,1,330,,0.0,0.9064547117269082,1.6989801866254544,1.91312382084734,1,328,,0.0,0.9064547117269082,1.6989801866254544,1.91312382084734,1,328,,0.0,0.9064547117269082,1.6989801866254544,1.91312382084734,1,328,cheap_nofp,0.0,0.9064547117269082,1.6989801866254544,1.91312382084734,1,328,cheap,0.0,0.9064547117269082,1.6989801866254544,1.91312382084734,1,330,,0.0,0.9064547117269082,1.6989801866254544,1.91312382084734,1,9c364b3a4c30fc43e780562fa9c8e8df6beee215,365,0.0,0.9064547117269082,1.6989801866254544,1.91312382084734,1,True
8043e6bb538552bc,2021.07.16.18.06.21_veh-38_04933_05307,243,idm,333,,0.0,0.8225819963604774,1.713364586851759,2.0729144475513253,1,333,,0.0,0.8225819963604774,1.713364586851759,2.0729144475513253,1,333,cheap,0.0,0.8225819963604774,1.713364586851759,2.0729144475513253,1,332,,0.0,0.8225819963604774,1.713364586851759,2.0729144475513253,1,332,,0.0,0.8225819963604774,1.713364586851759,2.0729144475513253,1,333,,0.0,0.8225819963604774,1.713364586851759,2.0729144475513253,1,333,,0.0,0.8225819963604774,1.713364586851759,2.0729144475513253,1,cedfd49320e3878d140ab382b3c65e3a0fa239cb,373,0.0,0.8225819963604774,1.713364586851759,2.0729144475513253,1,True
8043e6bb538552bc,2021.07.16.18.06.21_veh-38_04933_05307,256,idm,315,,0.0,0.8289049560641732,1.7856545197043516,2.3106056824372123,1,317,,0.0,0.8289049560641732,1.7856545197043516,2.3106056824372123,1,315,cheap,0.0,0.8289049560641732,1.7856545197043516,2.3106056824372123,1,317,full,0.0,0.8289049560641732,1.7856545197043516,2.3106056824372123,1,314,,0.0,0.8289049560641732,1.7856545197043516,2.3106056824372123,1,315,,0.0,0.8289049560641732,1.7856545197043516,2.3106056824372123,1,317,,0.0,0.8289049560641732,1.7856545197043516,2.3106056824372123,1,69750276497e983797171d12e4a80c15f66e2f2e,362,0.0,0.8289049560641732,1.7856545197043516,2.3106056824372123,1,True
8043e6bb538552bc,2021.07.16.18.06.21_veh-38_04933_05307,270,idm,317,,0.0,0.8085692226482681,1.8992023403623035,2.4823281591779347,1,322,,0.0,0.8085692226482681,1.8992023403623035,2.4823281591779347,1,317,cheap,0.0,0.8085692226482681,1.8992023403623035,2.4823281591779347,1,322,,0.0,0.8085692226482681,1.8992023403623035,2.4823281591779347,1,320,,0.0,0.8085692226482681,1.8992023403623035,2.4823281591779347,1,317,,0.0,0.8085692226482681,1.8992023403623035,2.4823281591779347,1,322,,0.0,0.8085692226482681,1.8992023403623035,2.4823281591779347,1,d824ad10877a3bae33551f06d8aeb8d8d1c17547,366,0.0,0.8085692226482681,1.8992023403623035,2.4823281591779347,1,True
8043e6bb538552bc,2021.07.16.18.06.21_veh-38_04933_05307,283,idm,323,,0.0,0.7180367702502801,1.9438399462843263,2.5012255064382556,1,325,,0.0,0.7180367702502801,1.9438399462843263,2.5012255064382556,1,322,,0.0,0.7180367702502801,1.9438399462843263,2.5012255064382556,1,325,full,0.0,0.7180367702502801,1.9438399462843263,2.5012255064382556,1,319,,0.0,0.7180367702502801,1.9438399462843263,2.5012255064382556,1,323,,0.0,0.7180367702502801,1.9438399462843263,2.5012255064382556,1,325,,0.0,0.7180367702502801,1.9438399462843263,2.5012255064382556,1,5e1ec49fb617044c40f97bcff1dca9e27ded36f1,370,0.0,0.7180367702502801,1.9438399462843263,2.5012255064382556,1,True
8043e6bb538552bc,2021.07.16.18.06.21_veh-38_04933_05307,296,idm,322,,0.0,0.4923720994793913,2.007961901175797,2.562620380469743,1,333,,0.0,0.4923720994793913,2.007961901175797,2.562620380469743,1,322,,0.0,0.4923720994793913,2.007961901175797,2.562620380469743,1,332,,0.0,0.4923720994793913,2.007961901175797,2.562620380469743,1,321,,0.0,0.4923720994793913,2.007961901175797,2.562620380469743,1,322,,0.0,0.4923720994793913,2.007961901175797,2.562620380469743,1,333,,0.0,0.4923720994793913,2.007961901175797,2.562620380469743,1,4661c321b3c0cf40e695b93ca53ee96420c509d0,375,0.0,0.4923720994793913,2.007961901175797,2.562620380469743,1,True
8043e6bb538552bc,2021.07.16.18.06.21_veh-38_04933_05307,310,idm,321,,0.0,0.45984813680789566,2.0305737220926146,2.6070629757019557,1,333,,0.0,0.45984813680789566,2.0305737220926146,2.6070629757019557,1,321,cheap,0.0,0.45984813680789566,2.0305737220926146,2.6070629757019557,1,330,,0.0,0.45984813680789566,2.0305737220926146,2.6070629757019557,1,324,,0.0,0.45984813680789566,2.0305737220926146,2.6070629757019557,1,321,,0.0,0.45984813680789566,2.0305737220926146,2.6070629757019557,1,333,,0.0,0.45984813680789566,2.0305737220926146,2.6070629757019557,1,2ab70230bbb86c9ecd5ab61ee08b1013561fb23b,372,0.0,0.45984813680789566,2.0305737220926146,2.6070629757019557,1,True
848948ed6d5c511b,2021.07.16.18.06.21_veh-38_03231_03712,4,idm,68,,0.0,1.4722393391098483,2.5841404074925913,6.78086646447415,1,71,,0.0,1.4722393391098483,2.5841404074925913,6.78086646447415,1,68,,0.0,1.4722393391098483,2.5841404074925913,6.78086646447415,1,71,,0.0,1.4722393391098483,2.5841404074925913,6.78086646447415,1,68,,0.0,1.4722393391098483,2.5841404074925913,6.78086646447415,1,68,,0.0,1.4722393391098483,2.5841404074925913,6.78086646447415,1,71,,0.0,1.4722393391098483,2.5841404074925913,6.78086646447415,1,dbbc9f582870f0b01db82a13b820c49efb09d00d,83,0.0,1.4722393391098483,2.5841404074925913,6.78086646447415,1,True
848948ed6d5c511b,2021.07.16.18.06.21_veh-38_03231_03712,17,idm,67,,0.0,1.4777377496344897,2.6390581358129825,6.999706784521731,1,69,,0.0,1.4777377496344897,2.6390581358129825,6.999706784521731,1,67,cheap,0.0,1.4777377496344897,2.6390581358129825,6.999706784521731,1,69,,0.0,1.4777377496344897,2.6390581358129825,6.999706784521731,1,67,,0.0,1.4777377496344897,2.6390581358129825,6.999706784521731,1,67,,0.0,1.4777377496344897,2.6390581358129825,6.999706784521731,1,69,,0.0,1.4777377496344897,2.6390581358129825,6.999706784521731,1,b3f7f9189c1ccfeeeab5476adcb6854a21c76ea4,82,0.0,1.4777377496344897,2.6390581358129825,6.999706784521731,1,True
848948ed6d5c511b,2021.07.16.18.06.21_veh-38_03231_03712,30,idm,74,,0.0,1.4751385871642568,2.5398867656645794,6.593701193500484,1,74,,0.0,1.4751385871642568,2.5398867656645794,6.593701193500484,1,71,,0.0,1.4751385871642568,2.5398867656645794,6.593701193500484,1,74,,0.0,1.4751385871642568,2.5398867656645794,6.593701193500484,1,73,,0.0,1.4751385871642568,2.5398867656645794,6.593701193500484,1,74,,0.0,1.4751385871642568,2.5398867656645794,6.593701193500484,1,74,,0.0,1.4751385871642568,2.5398867656645794,6.593701193500484,1,36bdacd35a2ad151fa3fb8d87f72ba45a67e0f9a,82,0.0,1.4751385871642568,2.5398867656645794,6.593701193500484,1,True
848948ed6d5c511b,2021.07.16.18.06.21_veh-38_03231_03712,43,idm,68,,0.0,1.474789893744023,2.511645278725154,6.47270507119674,1,71,,0.0,1.474789893744023,2.511645278725154,6.47270507119674,1,67,,0.0,1.474789893744023,2.511645278725154,6.47270507119674,1,68,,0.0,1.474789893744023,2.511645278725154,6.47270507119674,1,68,,0.0,1.474789893744023,2.511645278725154,6.47270507119674,1,68,,0.0,1.474789893744023,2.511645278725154,6.47270507119674,1,71,,0.0,1.474789893744023,2.511645278725154,6.47270507119674,1,192ccd121344b18516e5ef953c636bc2cbcbe438,78,0.0,1.474789893744023,2.511645278725154,6.47270507119674,1,True
848948ed6d5c511b,2021.07.16.18.06.21_veh-38_03231_03712,57,idm,69,,0.0,1.4742194259443804,2.588336866052023,6.791886431590232,1,73,,0.0,1.4742194259443804,2.588336866052023,6.791886431590232,1,69,,0.0,1.4742194259443804,2.588336866052023,6.791886431590232,1,72,,0.0,1.4742194259443804,2.588336866052023,6.791886431590232,1,72,,0.0,1.4742194259443804,2.588336866052023,6.791886431590232,1,69,,0.0,1.4742194259443804,2.588336866052023,6.791886431590232,1,73,,0.0,1.4742194259443804,2.588336866052023,6.791886431590232,1,caedbaee4a4edf6cc482778b2eaf2077ef168945,82,0.0,1.4742194259443804,2.5369744590268515,6.577938445738165,1,True
848948ed6d5c511b,2021.07.16.18.06.21_veh-38_03231_03712,70,idm,73,,0.0,1.4751123324627453,2.5063135448039118,6.456094533645645,1,74,,0.0,1.4751123324627453,2.5063135448039118,6.456094533645645,1,70,,0.0,1.4751123324627453,2.5063135448039118,6.456094533645645,1,72,,0.0,1.4751123324627453,2.5063135448039118,6.456094533645645,1,71,,0.0,1.4751123324627453,2.5063135448039118,6.456094533645645,1,73,,0.0,1.4751123324627453,2.5063135448039118,6.456094533645645,1,74,,0.0,1.4751123324627453,2.5063135448039118,6.456094533645645,1,28d7d3ee22de919d4d1e560baff78661176203b5,82,0.0,1.4751123324627453,2.5063135448039118,6.456094533645645,1,True
848948ed6d5c511b,2021.07.16.18.06.21_veh-38_03231_03712,83,idm,75,,0.0,1.4758872875387015,2.6379169231423143,6.9975442758883135,1,75,,0.0,1.4758872875387015,2.6108097874544063,6.88674379025733,1,72,,0.0,1.4758872875387015,2.6379169231423143,6.9975442758883135,1,73,,0.0,1.4758872875387015,2.6108097874544063,6.88674379025733,1,74,,0.0,1.4758872875387015,2.6108097874544063,6.88674379025733,1,75,,0.0,1.4758872875387015,2.6379169231423143,6.9975442758883135,1,75,,0.0,1.4758872875387015,2.6108097874544063,6.88674379025733,1,3c20d379b5b0ca86776947f6dfb6eb829dd97b5b,84,0.0,1.4758872875387015,2.6108097874544063,6.88674379025733,1,True
848948ed6d5c511b,2021.07.16.18.06.21_veh-38_03231_03712,97,idm,72,,0.0,1.4804298004782739,2.5856210321160322,6.775903682509915,1,76,,0.0,1.4804298004782739,2.5856210321160322,6.775903682509915,1,71,,0.0,1.4804298004782739,2.5856210321160322,6.775903682509915,1,73,,0.0,1.4804298004782739,2.5856210321160322,6.775903682509915,1,71,,0.0,1.4804298004782739,2.5856210321160322,6.775903682509915,1,72,,0.0,1.4804298004782739,2.5856210321160322,6.775903682509915,1,76,,0.0,1.4804298004782739,2.5856210321160322,6.775903682509915,1,b17ae0433736805949a16c01b93d702b13489511,83,0.0,1.4804298004782739,2.5856210321160322,6.775903682509915,1,True
848948ed6d5c511b,2021.07.16.18.06.21_veh-38_03231_03712,110,idm,73,,0.0,1.4758564596294774,2.6168896161138706,6.909109104250766,1,77,,0.0,1.4758564596294774,2.6168896161138706,6.909109104250766,1,73,,0.0,1.4758564596294774,2.6168896161138706,6.909109104250766,1,74,,0.0,1.4758564596294774,2.6168896161138706,6.909109104250766,1,74,,0.0,1.4758564596294774,2.6168896161138706,6.909109104250766,1,73,,0.0,1.4758564596294774,2.6391312759457755,6.999826370932443,1,77,,0.0,1.4758564596294774,2.6168896161138706,6.909109104250766,1,6053ce23dc8f49041d85470143936fe492dedda8,83,0.0,1.4758564596294774,2.6168896161138706,6.909109104250766,1,True
848948ed6d5c511b,2021.07.16.18.06.21_veh-38_03231_03712,123,idm,69,,0.0,1.4799672030190065,2.6100931144231954,6.880945382817082,1,71,,0.0,1.4799672030190065,2.6100931144231954,6.880945382817082,1,69,,0.0,1.4799672030190065,2.6100931144231954,6.880945382817082,1,69,,0.0,1.4799672030190065,2.6100931144231954,6.880945382817082,1,69,,0.0,1.4799672030190065,2.6100931144231954,6.880945382817082,1,69,,0.0,1.4799672030190065,2.6100931144231954,6.880945382817082,1,71,,0.0,1.4799672030190065,2.6100931144231954,6.880945382817082,1,b28b6179c0507ed5048d064b8d2e14e5277d1372,78,0.0,1.4799672030190065,2.6100931144231954,6.880945382817082,1,True
848948ed6d5c511b,2021.07.16.18.06.21_veh-38_03231_03712,137,idm,71,,0.0,1.4788573625948958,2.6380945012484394,6.99790843648441,1,70,,0.0,1.4788573625948958,2.6380945012484394,6.99790843648441,1,70,,0.0,1.4788573625948958,2.6380945012484394,6.99790843648441,1,70,full,0.0,1.4788573625948958,2.6380945012484394,6.99790843648441,1,67,,0.0,1.4788573625948958,2.6380945012484394,6.99790843648441,1,71,,0.0,1.4788573625948958,2.6380945012484394,6.99790843648441,1,70,,0.0,1.4788573625948958,2.6380945012484394,6.99790843648441,1,4d0171b5904c4fde578c852d73da503593d9aebf,79,0.0,1.4788573625948958,2.6380945012484394,6.99790843648441,1,True
848948ed6d5c511b,2021.07.16.18.06.21_veh-38_03231_03712,150,idm,71,,0.0,1.4794830101366085,2.583480911643317,6.774126665346094,1,72,,0.0,1.4794830101366085,2.583480911643317,6.774126665346094,1,70,,0.0,1.4794830101366085,2.583480911643317,6.774126665346094,1,72,,0.0,1.4794830101366085,2.583480911643317,6.774126665346094,1,69,,0.0,1.4794830101366085,2.583480911643317,6.774126665346094,1,71,,0.0,1.4794830101366085,2.583480911643317,6.774126665346094,1,72,,0.0,1.4794830101366085,2.583480911643317,6.774126665346094,1,1ef688d2642459649ae50f8e2f0c0515b271ea71,80,0.0,1.4794830101366085,2.583480911643317,6.774126665346094,1,True
848948ed6d5c511b,2021.07.16.18.06.21_veh-38_03231_03712,163,idm,70,,0.0,1.4758765657866666,2.636948711628592,6.995701788741026,1,71,,0.0,1.4758765657866666,2.636948711628592,6.995701788741026,1,70,cheap,0.0,1.4758765657866666,2.636948711628592,6.995701788741026,1,71,full,0.0,1.4758765657866666,2.636948711628592,6.995701788741026,1,70,,0.0,1.4758765657866666,2.636948711628592,6.995701788741026,1,70,,0.0,1.4758765657866666,2.636948711628592,6.995701788741026,1,70,,0.0,1.4758765657866666,2.636948711628592,6.995701788741026,1,4a06dedd0f8fb0b5f19bbd2d9bd10f315f59a104,79,0.0,1.4758765657866666,2.636948711628592,6.995701788741026,1,True
848948ed6d5c511b,2021.07.16.18.06.21_veh-38_03231_03712,176,idm,68,,0.0,1.4691251888824108,2.6383981904848866,6.988545560713061,1,70,,0.0,1.4691251888824108,2.6383981904848866,6.988545560713061,1,68,cheap,0.0,1.4691251888824108,2.6383981904848866,6.988545560713061,1,70,full,0.0,1.4691251888824108,2.6383981904848866,6.988545560713061,1,68,,0.0,1.4691251888824108,2.6383981904848866,6.988545560713061,1,68,,0.0,1.4691251888824108,2.6383981904848866,6.988545560713061,1,70,,0.0,1.4691251888824108,2.6383981904848866,6.988545560713061,1,047c95af5faa0accbca0cf8098a44dd626bd37c3,78,0.0,1.4691251888824108,2.6383981904848866,6.988545560713061,1,True
848948ed6d5c511b,2021.07.16.18.06.21_veh-38_03231_03712,190,idm,70,,0.0,1.4571193751672544,2.5875347247401645,6.635142089258285,1,75,,0.0,1.4571193751672544,2.5875347247401645,6.635142089258285,1,70,cheap,0.0,1.4571193751672544,2.5875347247401645,6.635142089258285,1,74,,0.0,1.4571193751672544,2.5875347247401645,6.635142089258285,1,73,,0.0,1.4571193751672544,2.5875347247401645,6.635142089258285,1,70,,0.0,1.4571193751672544,2.5875347247401645,6.635142089258285,1,75,,0.0,1.4571193751672544,2.5875347247401645,6.635142089258285,1,920ef1d9ad113da32e0c935c7506fa9a9926f8ff,78,0.0,1.4571193751672544,2.5875347247401645,6.635142089258285,1,True
848948ed6d5c511b,2021.07.16.18.06.21_veh-38_03231_03712,203,idm,73,,0.0,1.4547927878004419,2.365192512938018,5.469848116670158,1,75,,0.0,1.4547927878004419,2.365192512938018,5.469848116670158,1,73,cheap,0.0,1.4547927878004419,2.365192512938018,5.469848116670158,1,74,,0.0,1.4547927878004419,2.365192512938018,5.469848116670158,1,73,,0.0,1.4547927878004419,2.365192512938018,5.469848116670158,1,73,,0.0,1.4547927878004419,2.365192512938018,5.469848116670158,1,75,,0.0,1.4547927878004419,2.365192512938018,5.469848116670158,1,151ac2009457e0b0fbcae92243b783aaf109b415,79,0.0,1.4547927878004419,2.365192512938018,5.469848116670158,1,True
848948ed6d5c511b,2021.07.16.18.06.21_veh-38_03231_03712,216,idm,70,,0.0,1.2442258648084534,1.8234100088396135,3.383576160873012,1,74,,0.0,1.2442258648084534,1.8234100088396135,3.383576160873012,1,70,,0.0,1.2442258648084534,1.8234100088396135,3.383576160873012,1,74,,0.0,1.2442258648084534,1.8234100088396135,3.383576160873012,1,73,,0.0,1.2442258648084534,1.8234100088396135,3.383576160873012,1,70,,0.0,1.2442258648084534,1.8234100088396135,3.383576160873012,1,74,,0.0,1.2442258648084534,1.8234100088396135,3.383576160873012,1,c2bfeb832b08fc7bd1bcc158d2393684fa98d5a7,78,0.0,1.2442258648084534,1.8234100088396135,3.383576160873012,1,True
848948ed6d5c511b,2021.07.16.18.06.21_veh-38_03231_03712,230,idm,69,,0.0,1.1740592366005824,0.7169143497020829,0.1945731187832898,1,76,,0.0,1.1740592366005824,0.7169143497020829,0.1945731187832898,1,69,cheap,0.0,1.1740592366005824,0.7169143497020829,0.1945731187832898,1,74,,0.0,1.1740592366005824,0.7169143497020829,0.1945731187832898,1,71,,0.0,1.1740592366005824,0.7169143497020829,0.1945731187832898,1,69,cheap,0.0,1.1740592366005824,0.7169143497020829,0.1945731187832898,1,76,full,0.0,1.1740592366005824,0.7169143497020829,0.1945731187832898,1,bb8972930eea65e92b6ad9c695e85f0030042621,77,0.0,1.1740592366005824,0.7169143497020829,0.1945731187832898,1,True
848948ed6d5c511b,2021.07.16.18.06.21_veh-38_03231_03712,243,idm,66,,0.0,1.1643957973846886,1.0817756423786828,3.7250468921915285,1,74,,0.0,1.1643957973846886,1.0817756423786828,3.7250468921915285,1,66,cheap,0.0,1.1643957973846886,1.0817756423786828,3.7250468921915285,1,72,,0.0,1.1643957973846886,1.0817756423786828,3.7250468921915285,1,69,,0.0,1.1643957973846886,1.0817756423786828,3.7250468921915285,1,66,cheap,0.0,1.1643957973846886,1.0817756423786828,3.7250468921915285,1,74,full,0.0,1.1643957973846886,1.0817756423786828,3.7250468921915285,1,a76e0381a0d115c8b1c308659903116f9015c9fb,77,0.0,1.1643957973846886,1.0817756423786828,3.7250468921915285,1,True
848948ed6d5c511b,2021.07.16.18.06.21_veh-38_03231_03712,256,idm,62,,0.0,1.2511292946940253,3.245297176510182,8.131467467434453,1,69,,0.0,1.2511292946940253,3.245297176510182,8.131467467434453,1,61,,0.0,1.2511292946940253,3.245297176510182,8.131467467434453,1,66,,0.0,1.2511292946940253,3.245297176510182,8.131467467434453,1,66,,0.0,1.2511292946940253,3.245297176510182,8.131467467434453,1,62,,0.0,1.2511292946940253,3.245297176510182,8.131467467434453,1,69,,0.0,1.2511292946940253,3.245297176510182,8.131467467434453,1,018da4e365dde48429fb34bc9f7a39ad0a1cf534,71,0.0,1.2511292946940253,3.245297176510182,8.131467467434453,1,True
848948ed6d5c511b,2021.07.16.18.06.21_veh-38_03231_03712,270,idm,70,,0.0,1.2000566304181508,4.083292015656585,9.436053171686616,1,74,,0.0,1.2000566304181508,4.083292015656585,9.436053171686616,1,69,,0.0,1.2000566304181508,4.083292015656585,9.436053171686616,1,71,,0.0,1.2000566304181508,4.083292015656585,9.436053171686616,1,68,,0.0,1.2000566304181508,4.083292015656585,9.436053171686616,1,70,,0.0,1.2000566304181508,4.083292015656585,9.436053171686616,1,74,,0.0,1.2000566304181508,4.083292015656585,9.436053171686616,1,d02539b05d0521807b22675c8ba00aec1ef39782,75,0.0,1.2000566304181508,4.083292015656585,9.436053171686616,1,True
848948ed6d5c511b,2021.07.16.18.06.21_veh-38_03231_03712,283,idm,65,,0.0,1.1732056163652163,3.934155183556822,8.84167185222066,1,68,,0.0,1.1732056163652163,3.934155183556822,8.84167185222066,1,65,cheap,0.0,1.1732056163652163,3.934155183556822,8.84167185222066,1,68,full,0.0,1.1732056163652163,3.934155183556822,8.84167185222066,1,66,,0.0,1.1732056163652163,3.934155183556822,8.84167185222066,1,65,,0.0,1.1732056163652163,3.934155183556822,8.84167185222066,1,68,,0.0,1.1732056163652163,3.934155183556822,8.84167185222066,1,0b2b4af932c21fe941a972be4630f03dbb5d7771,76,0.0,1.1732056163652163,3.934155183556822,8.84167185222066,1,True
848948ed6d5c511b,2021.07.16.18.06.21_veh-38_03231_03712,296,idm,63,,0.0,1.175507614861498,3.3960284362893924,7.530303087982491,1,68,,0.0,1.175507614861498,3.3960284362893924,7.530303087982491,1,63,,0.0,1.175507614861498,3.3960284362893924,7.530303087982491,1,67,,0.0,1.175507614861498,3.3960284362893924,7.530303087982491,1,66,,0.0,1.175507614861498,3.3960284362893924,7.530303087982491,1,63,,0.0,1.175507614861498,3.3960284362893924,7.530303087982491,1,68,,0.0,1.175507614861498,3.3960284362893924,7.530303087982491,1,d5574a48b1e14d67867d25df0dfde8a3995d4da8,75,0.0,1.175507614861498,3.3960284362893924,7.530303087982491,1,True
848948ed6d5c511b,2021.07.16.18.06.21_veh-38_03231_03712,310,idm,69,,0.0,1.1795577901516077,2.7769116946524,5.946920631925545,1,75,,0.0,1.1795577901516077,2.7769116946524,5.946920631925545,1,69,,0.0,1.1795577901516077,2.7769116946524,5.946920631925545,1,73,,0.0,1.1795577901516077,2.7769116946524,5.946920631925545,1,69,,0.0,1.1795577901516077,2.7769116946524,5.946920631925545,1,69,,0.0,1.1795577901516077,2.7769116946524,5.946920631925545,1,75,,0.0,1.1795577901516077,2.7769116946524,5.946920631925545,1,87cb3e2a3feef5ec03fb2a8e1c1606fb6b00c9b2,79,0.0,1.1795577901516077,2.7769116946524,5.946920631925545,1,True
88e8cefccbc255ec,2021.08.17.16.57.11_veh-08_01200_01636,4,idm,25,,0.0,1.1368177636520271,3.5678346588384766,8.22150798105315,1,25,,0.0,1.1368177636520271,3.5678346588384766,8.22150798105315,1,25,,0.0,1.1368177636520271,3.5678346588384766,8.22150798105315,1,25,full,0.0,1.1368177636520271,3.5678346588384766,8.22150798105315,1,25,full,0.0,1.1368177636520271,3.5678346588384766,8.22150798105315,1,25,cheap,0.0,1.1368177636520271,3.5678346588384766,8.22150798105315,1,25,,0.0,1.1368177636520271,3.5678346588384766,8.22150798105315,1,9151e3fb0d195a47bb5b36f888dc51dcdf2ff25d,25,0.0,1.1368177636520271,3.5678346588384766,8.22150798105315,1,True
88e8cefccbc255ec,2021.08.17.16.57.11_veh-08_01200_01636,17,idm,24,reference,0.0,2.393486088685946,3.718583679826968,8.877414625802837,1,25,,0.0,2.393486088685946,3.718583679826968,8.877414625802837,1,24,reference,0.0,2.393486088685946,3.718583679826968,8.877414625802837,1,24,reference,0.0,2.393486088685946,3.718583679826968,8.877414625802837,1,24,reference,0.0,2.393486088685946,3.718583679826968,8.877414625802837,1,24,reference,0.0,2.393486088685946,3.718583679826968,8.877414625802837,1,25,,0.0,2.393486088685946,3.718583679826968,8.877414625802837,1,ee5300a09b277fadcc726f9fa88becd3b29c0b97,24,0.0,2.393486088685946,3.718583679826968,8.877414625802837,1,True
88e8cefccbc255ec,2021.08.17.16.57.11_veh-08_01200_01636,30,idm,16,reference,0.0,2.651498107770436,3.990347426338067,9.948417840256452,1,16,,0.0,2.651498107770436,3.990347426338067,9.948417840256452,1,16,reference,0.0,2.651498107770436,3.990347426338067,9.948417840256452,1,16,reference,0.0,2.651498107770436,3.990347426338067,9.948417840256452,1,16,full,0.0,2.651498107770436,3.990347426338067,9.948417840256452,1,16,reference,0.0,2.651498107770436,3.990347426338067,9.948417840256452,1,16,full,0.0,2.651498107770436,3.990347426338067,9.948417840256452,1,917c82624fae85844d8347a381ebe0b8c1f66448,16,0.0,2.651498107770436,3.990347426338067,9.948417840256452,1,True
88e8cefccbc255ec,2021.08.17.16.57.11_veh-08_01200_01636,43,idm,15,reference,0.0,2.715003055241927,4.462150812230387,11.292071813009592,1,15,reference,0.0,2.715003055241927,4.462150812230387,11.292071813009592,1,15,reference,0.0,2.715003055241927,4.462150812230387,11.292071813009592,1,15,reference,0.0,2.715003055241927,4.462150812230387,11.292071813009592,1,15,reference,0.0,2.715003055241927,4.462150812230387,11.292071813009592,1,15,,0.0,2.715003055241927,4.462150812230387,11.292071813009592,1,15,,0.0,2.715003055241927,4.462150812230387,11.292071813009592,1,140d568fa9f5f51625654de2c3a907a92ba70e24,15,0.0,2.715003055241927,4.462150812230387,11.292071813009592,1,True
88e8cefccbc255ec,2021.08.17.16.57.11_veh-08_01200_01636,57,idm,14,reference,0.0,2.495063081130892,5.2238414688824655,12.967232991594452,1,14,reference,0.0,2.495063081130892,5.2238414688824655,12.967232991594452,1,14,reference,0.0,2.495063081130892,5.2238414688824655,12.967232991594452,1,14,reference,0.0,2.495063081130892,5.2238414688824655,12.967232991594452,1,14,reference,0.0,2.495063081130892,5.2238414688824655,12.967232991594452,1,14,reference,0.0,2.495063081130892,5.2238414688824655,12.967232991594452,1,14,reference,0.0,2.495063081130892,5.2238414688824655,12.967232991594452,1,d3c920da36e648154edc4902a27708f31460884b,14,0.0,2.495063081130892,5.2238414688824655,12.967232991594452,1,True
88e8cefccbc255ec,2021.08.17.16.57.11_veh-08_01200_01636,70,idm,11,reference,0.0,4.758122235441293,5.869849490622875,14.272043222779697,1,11,reference,0.0,4.758122235441293,5.869849490622875,14.272043222779697,1,11,reference,0.0,4.758122235441293,5.869849490622875,14.272043222779697,1,11,reference,0.0,4.758122235441293,5.869849490622875,14.272043222779697,1,11,reference,0.0,4.758122235441293,5.869849490622875,14.272043222779697,1,11,reference,0.0,4.758122235441293,5.869849490622875,14.272043222779697,1,11,reference,0.0,4.758122235441293,5.869849490622875,14.272043222779697,1,1e503b6ddef549a801f7d3e88e0ffae96b500572,11,0.0,4.758122235441293,5.869849490622875,14.272043222779697,1,True
88e8cefccbc255ec,2021.08.17.16.57.11_veh-08_01200_01636,83,idm,15,reference,0.0,2.7626656258331757,6.284653661617099,15.061014176187477,1,15,reference,0.0,2.7626656258331757,6.284653661617099,15.061014176187477,1,15,reference,0.0,2.7626656258331757,6.284653661617099,15.061014176187477,1,15,reference,0.0,2.7626656258331757,6.284653661617099,15.061014176187477,1,15,reference,0.0,2.7626656258331757,6.284653661617099,15.061014176187477,1,15,reference,0.0,2.7626656258331757,6.284653661617099,15.061014176187477,1,15,reference,0.0,2.7626656258331757,6.284653661617099,15.061014176187477,1,c01f4ca35c57e6d65e9ecccb294ee902bde8c789,15,0.0,2.7626656258331757,6.284653661617099,15.061014176187477,1,True
88e8cefccbc255ec,2021.08.17.16.57.11_veh-08_01200_01636,96,idm,13,reference,0.0,1.4945280303736161,6.177294284595471,14.765603558299674,1,13,reference,0.0,1.4945280303736161,6.177294284595471,14.765603558299674,1,13,reference,0.0,1.4945280303736161,6.177294284595471,14.765603558299674,1,13,reference,0.0,1.4945280303736161,6.177294284595471,14.765603558299674,1,13,reference,0.0,1.4945280303736161,6.177294284595471,14.765603558299674,1,13,reference,0.0,1.4945280303736161,6.177294284595471,14.765603558299674,1,13,reference,0.0,1.4945280303736161,6.177294284595471,14.765603558299674,1,d93ee1b79069c7c52c86437114b78b394d1d8f4f,13,0.0,1.4945280303736161,6.177294284595471,14.765603558299674,1,True
88e8cefccbc255ec,2021.08.17.16.57.11_veh-08_01200_01636,110,idm,12,,0.0,1.4700091731062692,5.999343172944763,14.298654869288342,1,12,,0.0,1.4700091731062692,5.999343172944763,14.298654869288342,1,12,,0.0,1.4700091731062692,5.999343172944763,14.298654869288342,1,12,full,0.0,1.4700091731062692,5.999343172944763,14.298654869288342,1,12,full,0.0,1.4700091731062692,5.999343172944763,14.298654869288342,1,11,,0.0,1.4700091731062692,5.999343172944763,14.298654869288342,1,12,full,0.0,1.4700091731062692,5.999343172944763,14.298654869288342,1,f5a4fd4086b0ed08f9f31c5f81a3b228b571b3d9,13,0.0,1.4700091731062692,5.999343172944763,14.298654869288342,1,True
88e8cefccbc255ec,2021.08.17.16.57.11_veh-08_01200_01636,123,idm,13,,0.0,1.0251853209759174,5.977356858164461,14.0602667687719,1,13,cheap,0.0,1.0251853209759174,5.977356858164461,14.0602667687719,1,13,cheap,0.0,1.0251853209759174,5.977356858164461,14.0602667687719,1,13,cheap,0.0,1.0251853209759174,5.977356858164461,14.0602667687719,1,13,cheap,0.0,1.0251853209759174,5.977356858164461,14.0602667687719,1,13,cheap,0.0,1.0251853209759174,5.977356858164461,14.0602667687719,1,13,cheap,0.0,1.0251853209759174,5.977356858164461,14.0602667687719,1,c07e011b2c39b8e09264663886803c3caa2080dd,14,0.0,1.0251853209759174,5.977356858164461,14.0602667687719,1,True
88e8cefccbc255ec,2021.08.17.16.57.11_veh-08_01200_01636,136,idm,14,,0.0,1.0398592570560263,2.1828807134416444,5.518489678903281,1,14,,0.0,1.0398592570560263,2.1828807134416444,5.518489678903281,1,13,,0.0,1.0398592570560263,2.1828807134416444,5.518489678903281,1,13,cheap_nofp,0.0,1.0398592570560263,2.1828807134416444,5.518489678903281,1,14,full,0.0,1.0398592570560263,2.1828807134416444,5.518489678903281,1,14,cheap,0.0,1.0398592570560263,2.1828807134416444,5.518489678903281,1,14,full,0.0,1.0398592570560263,2.1828807134416444,5.518489678903281,1,1aec54a815f8092a5e716146cb2339bc10ff4dd2,15,0.0,1.0398592570560263,2.1828807134416444,5.518489678903281,1,True
88e8cefccbc255ec,2021.08.17.16.57.11_veh-08_01200_01636,149,idm,14,,0.0,1.4675482165248983,4.6677536105872015,11.269403495476636,1,16,,0.0,1.4675482165248983,4.6677536105872015,11.269403495476636,1,14,cheap,0.0,1.4675482165248983,4.6677536105872015,11.269403495476636,1,15,,0.0,1.4675482165248983,4.6677536105872015,11.269403495476636,1,15,full_nofp,0.0,1.4675482165248983,4.6677536105872015,11.269403495476636,1,14,cheap,0.0,1.4675482165248983,4.6677536105872015,11.269403495476636,1,16,full,0.0,1.4675482165248983,4.6677536105872015,11.269403495476636,1,8c57e8721936e25486b031e40be84c80425815be,17,0.0,1.4675482165248983,4.6677536105872015,11.269403495476636,1,True
88e8cefccbc255ec,2021.08.17.16.57.11_veh-08_01200_01636,163,idm,13,,0.0,1.031948916730538,4.313391823718936,10.175052638474524,1,13,,0.0,1.031948916730538,4.313391823718936,10.175052638474524,1,13,full,0.0,1.031948916730538,4.313391823718936,10.175052638474524,1,13,full,0.0,1.031948916730538,4.313391823718936,10.175052638474524,1,13,full,0.0,1.031948916730538,4.313391823718936,10.175052638474524,1,13,,0.0,1.031948916730538,4.313391823718936,10.175052638474524,1,13,,0.0,1.031948916730538,4.313391823718936,10.175052638474524,1,9ce751d16ae5c832779b0e0b3af559771aaaa560,15,0.0,1.031948916730538,4.313391823718936,10.175052638474524,1,True
88e8cefccbc255ec,2021.08.17.16.57.11_veh-08_01200_01636,176,idm,15,,0.0,1.0297030402324228,4.2436828826815685,9.431736880379578,1,17,,0.0,1.0401799129376639,5.251893886889112,13.470259762032047,1,15,,0.0,1.0297030402324228,4.2436828826815685,9.431736880379578,1,16,reference,0.0,1.0297030402324228,4.2436828826815685,9.431736880379578,1,16,reference,0.0,1.0297030402324228,4.2436828826815685,9.431736880379578,1,15,cheap,0.0,1.0297030402324228,4.2436828826815685,9.431736880379578,1,17,full,0.0,1.0401799129376639,5.251893886889112,13.470259762032047,1,35349e359e423840047ca9e5a02b5a0ead2621e5,16,0.0,1.0297030402324228,4.2436828826815685,9.431736880379578,1,True
88e8cefccbc255ec,2021.08.17.16.57.11_veh-08_01200_01636,189,idm,16,,0.0,1.0168393121908266,4.435828656351986,10.809718815803455,1,17,reference,0.0,1.0168393121908266,4.435828656351986,10.809718815803455,1,16,cheap,0.0,1.0168393121908266,4.435828656351986,10.809718815803455,1,17,reference,0.0,1.0168393121908266,4.435828656351986,10.809718815803455,1,17,reference,0.0,1.0168393121908266,4.435828656351986,10.809718815803455,1,16,cheap,0.0,1.0168393121908266,4.435828656351986,10.809718815803455,1,17,reference,0.0,1.0168393121908266,4.435828656351986,10.809718815803455,1,3527bcc999bacc95c2729964dbee7774852e88f2,17,0.0,1.0168393121908266,4.435828656351986,10.809718815803455,1,True
88e8cefccbc255ec,2021.08.17.16.57.11_veh-08_01200_01636,202,idm,18,reference,0.0,1.0379270805272625,2.55378532602916,5.675217467386258,1,18,reference,0.0,1.0379270805272625,2.55378532602916,5.675217467386258,1,18,reference,0.0,1.0379270805272625,2.55378532602916,5.675217467386258,1,18,reference,0.0,1.0379270805272625,2.55378532602916,5.675217467386258,1,18,reference,0.0,1.0379270805272625,2.55378532602916,5.675217467386258,1,18,reference,0.0,1.0379270805272625,2.55378532602916,5.675217467386258,1,18,reference,0.0,1.0379270805272625,2.55378532602916,5.675217467386258,1,c1dc766f34b43fba4d77477f16fe41e310142ec9,18,0.0,1.0379270805272625,2.55378532602916,5.675217467386258,1,True
88e8cefccbc255ec,2021.08.17.16.57.11_veh-08_01200_01636,216,idm,18,,0.0,6.615885280357577,1.6524219703735963,4.092972827473989,1,19,reference,0.0,6.615885280357577,1.6524219703735963,4.092972827473989,1,18,cheap,0.0,6.615885280357577,1.6524219703735963,4.092972827473989,1,19,reference,0.0,6.615885280357577,1.6524219703735963,4.092972827473989,1,19,reference,0.0,6.615885280357577,1.6524219703735963,4.092972827473989,1,18,cheap,0.0,6.615885280357577,1.6524219703735963,4.092972827473989,1,19,reference,0.0,6.615885280357577,1.6524219703735963,4.092972827473989,1,5a1b515bbb833b15a024b6b9bb2e6d5cfe606b91,19,0.0,6.615885280357577,1.6524219703735963,4.092972827473989,1,True
88e8cefccbc255ec,2021.08.17.16.57.11_veh-08_01200_01636,229,idm,18,,0.0,5.183941341523491,1.5985156323364518,4.0648202588051845,1,18,,0.0,5.183941341523491,1.5985156323364518,4.0648202588051845,1,18,,0.0,5.183941341523491,1.5985156323364518,4.0648202588051845,1,18,,0.0,5.183941341523491,1.5985156323364518,4.0648202588051845,1,18,full,0.0,5.183941341523491,1.5985156323364518,4.0648202588051845,1,18,,0.0,5.183941341523491,1.5985156323364518,4.0648202588051845,1,18,full,0.0,5.183941341523491,1.5985156323364518,4.0648202588051845,1,2e0eeb878098973dda9efb51ce5556cede3c7aba,19,0.0,5.183941341523491,1.5985156323364518,4.0648202588051845,1,True
88e8cefccbc255ec,2021.08.17.16.57.11_veh-08_01200_01636,242,idm,18,reference,0.0,5.1344467470045325,1.9058256843664159,4.570285624743913,1,18,reference,0.0,5.1344467470045325,1.9058256843664159,4.570285624743913,1,18,reference,0.0,5.1344467470045325,1.9058256843664159,4.570285624743913,1,18,reference,0.0,5.1344467470045325,1.9058256843664159,4.570285624743913,1,18,reference,0.0,5.1344467470045325,1.9058256843664159,4.570285624743913,1,18,reference,0.0,5.1344467470045325,1.9058256843664159,4.570285624743913,1,18,reference,0.0,5.1344467470045325,1.9058256843664159,4.570285624743913,1,1026629da491357f536325d255788d39f44bd943,18,0.0,5.1344467470045325,1.9058256843664159,4.570285624743913,1,True
88e8cefccbc255ec,2021.08.17.16.57.11_veh-08_01200_01636,255,idm,17,reference,0.0,5.021829325998689,2.0917111461746374,4.6704854887973495,1,17,reference,0.0,5.021829325998689,2.0917111461746374,4.6704854887973495,1,17,reference,0.0,5.021829325998689,2.0917111461746374,4.6704854887973495,1,17,reference,0.0,5.021829325998689,2.0917111461746374,4.6704854887973495,1,17,reference,0.0,5.021829325998689,2.0917111461746374,4.6704854887973495,1,16,,0.0,5.021829325998689,2.0917111461746374,4.6704854887973495,1,16,,0.0,5.021829325998689,2.0917111461746374,4.6704854887973495,1,d5a3017ff060dea2c064b1784265e2dd0076784a,17,0.0,5.021829325998689,2.0917111461746374,4.6704854887973495,1,True
88e8cefccbc255ec,2021.08.17.16.57.11_veh-08_01200_01636,269,idm,17,reference,0.0,4.960639205831521,2.0679127431270556,4.233371368297522,1,17,reference,0.0,4.960639205831521,2.0679127431270556,4.233371368297522,1,17,reference,0.0,4.960639205831521,2.0679127431270556,4.233371368297522,1,17,reference,0.0,4.960639205831521,2.0679127431270556,4.233371368297522,1,17,reference,0.0,4.960639205831521,2.0679127431270556,4.233371368297522,1,17,reference,0.0,4.960639205831521,2.0679127431270556,4.233371368297522,1,17,reference,0.0,4.960639205831521,2.0679127431270556,4.233371368297522,1,e56ccce99fd777c942786bc5fadca249c06f22d6,17,0.0,4.960639205831521,2.0679127431270556,4.233371368297522,1,True
88e8cefccbc255ec,2021.08.17.16.57.11_veh-08_01200_01636,282,idm,19,reference,0.0,4.93395057318415,1.5496531507521987,2.9272423756963666,1,19,reference,0.0,4.93395057318415,1.5496531507521987,2.9272423756963666,1,19,reference,0.0,4.93395057318415,1.5496531507521987,2.9272423756963666,1,19,reference,0.0,4.93395057318415,1.5496531507521987,2.9272423756963666,1,19,reference,0.0,4.93395057318415,1.5496531507521987,2.9272423756963666,1,19,reference,0.0,4.93395057318415,1.5496531507521987,2.9272423756963666,1,19,reference,0.0,4.93395057318415,1.5496531507521987,2.9272423756963666,1,253857b042993aa0392ff118a799748f3fa14a4e,19,0.0,4.93395057318415,1.5496531507521987,2.9272423756963666,1,True
88e8cefccbc255ec,2021.08.17.16.57.11_veh-08_01200_01636,295,idm,14,,0.0,4.894745312397213,0.9312283859494328,1.738190572653621,1,14,cheap,0.0,4.894745312397213,0.9312283859494328,1.738190572653621,1,14,cheap,0.0,4.894745312397213,0.9312283859494328,1.738190572653621,1,14,cheap,0.0,4.894745312397213,0.9312283859494328,1.738190572653621,1,14,cheap,0.0,4.894745312397213,0.9312283859494328,1.738190572653621,1,14,,0.0,4.894745312397213,0.9312283859494328,1.738190572653621,1,14,,0.0,4.894745312397213,0.9312283859494328,1.738190572653621,1,c8c6a98f0d0a3ce3be5d9e032dc907becd7813f8,15,0.0,4.894745312397213,0.9312283859494328,1.738190572653621,1,True
88e8cefccbc255ec,2021.08.17.16.57.11_veh-08_01200_01636,309,idm,14,reference,0.0,4.913998842976088,0.6783858016794244,1.611105903873172,1,14,reference,0.0,4.913998842976088,0.6783858016794244,1.611105903873172,1,14,reference,0.0,4.913998842976088,0.6783858016794244,1.611105903873172,1,14,reference,0.0,4.913998842976088,0.6783858016794244,1.611105903873172,1,14,reference,0.0,4.913998842976088,0.6783858016794244,1.611105903873172,1,14,,0.0,4.913998842976088,0.6783858016794244,1.611105903873172,1,14,,0.0,4.913998842976088,0.6783858016794244,1.611105903873172,1,b230d51e2aca1a8492eb27f2d669cab363aa7aef,14,0.0,4.913998842976088,0.6783858016794244,1.611105903873172,1,True
8d33c13f8e8f5caa,2021.08.17.17.17.01_veh-45_02314_02798,4,idm,40,,0.0,4.460091379864773,2.539596791046942,4.417413965814977,1,43,,0.0,4.460091379864773,2.539596791046942,4.417413965814977,1,40,cheap,0.0,4.460091379864773,2.539596791046942,4.417413965814977,1,41,,0.0,4.460091379864773,2.539596791046942,4.417413965814977,1,40,,0.0,4.460091379864773,2.539596791046942,4.417413965814977,1,40,cheap,0.0,4.460091379864773,2.539596791046942,4.417413965814977,1,43,,0.0,4.460091379864773,2.539596791046942,4.417413965814977,1,6804f622fe30143a2c4e1efaf4d82456e9eb15cd,46,0.0,4.460091379864773,2.539596791046942,4.417413965814977,1,True
8d33c13f8e8f5caa,2021.08.17.17.17.01_veh-45_02314_02798,17,idm,37,,0.0,0.7922181107711628,4.628536792148768,10.420708380133362,1,41,,0.0,0.7922181107711628,4.628536792148768,10.420708380133362,1,37,cheap,0.0,0.7922181107711628,4.628536792148768,10.420708380133362,1,39,,0.0,0.7922181107711628,4.628536792148768,10.420708380133362,1,37,,0.0,0.7922181107711628,4.628536792148768,10.420708380133362,1,37,,0.0,0.7922181107711628,4.628536792148768,10.420708380133362,1,40,,0.0,0.7922181107711628,4.628536792148768,10.420708380133362,1,39edde8bf960d72ec77d1397f8214d7d8a7e68e1,44,0.0,0.7922181107711628,4.628536792148768,10.420708380133362,1,True
8d33c13f8e8f5caa,2021.08.17.17.17.01_veh-45_02314_02798,30,idm,34,,0.0,0.7025312902779637,5.582670984017589,12.274851235288452,1,36,,0.0,0.7025312902779637,5.582670984017589,12.274851235288452,1,34,,0.0,0.7025312902779637,5.582670984017589,12.274851235288452,1,34,cheap_nofp,0.0,0.7025312902779637,5.582670984017589,12.274851235288452,1,35,,0.0,0.7025312902779637,5.582670984017589,12.274851235288452,1,34,,0.0,0.7025312902779637,5.582670984017589,12.274851235288452,1,36,,0.0,0.7025312902779637,5.582670984017589,12.274851235288452,1,e0a8923eec7ac092dd10ae99b30e943cd702317b,41,0.0,0.7025312902779637,5.582670984017589,12.274851235288452,1,True
8d33c13f8e8f5caa,2021.08.17.17.17.01_veh-45_02314_02798,43,idm,34,,0.0,0.7150985354167642,6.631522032797241,14.193495241143191,1,39,,0.0,0.7150985354167642,6.631522032797241,14.193495241143191,1,33,,0.0,0.7150985354167642,6.631522032797241,14.193495241143191,1,34,,0.0,0.7150985354167642,6.631522032797241,14.193495241143191,1,36,,0.0,0.7150985354167642,6.631522032797241,14.193495241143191,1,34,,0.0,0.7150985354167642,6.631522032797241,14.193495241143191,1,39,,0.0,0.7150985354167642,6.631522032797241,14.193495241143191,1,a79531258d6eb3c0cccd217a04de55d92461cbde,39,0.0,0.7150985354167642,6.631522032797241,14.193495241143191,1,True
8d33c13f8e8f5caa,2021.08.17.17.17.01_veh-45_02314_02798,57,idm,36,,0.0,0.7262130381025157,7.197208902843302,15.186371729651169,1,41,,0.0,0.7262130381025157,7.197208902843302,15.186371729651169,1,35,,0.0,0.7262130381025157,7.197208902843302,15.186371729651169,1,37,,0.0,0.7262130381025157,7.197208902843302,15.186371729651169,1,37,,0.0,0.7262130381025157,7.197208902843302,15.186371729651169,1,36,,0.0,0.7262130381025157,7.197208902843302,15.186371729651169,1,41,full,0.0,0.7262130381025157,7.197208902843302,15.186371729651169,1,514efb340b107e523bb5e2502e9874e4d634218c,41,0.0,0.7299296569917291,6.397067936578696,12.455763029482485,1,True
8d33c13f8e8f5caa,2021.08.17.17.17.01_veh-45_02314_02798,70,idm,35,,0.0,0.7168981381202556,7.134266827745929,14.912998000450964,1,39,,0.0,0.7168981381202556,7.134266827745929,14.912998000450964,1,33,,0.0,0.7168981381202556,7.134266827745929,14.912998000450964,1,37,,0.0,0.7168981381202556,7.134266827745929,14.912998000450964,1,36,,0.0,0.7168981381202556,7.134266827745929,14.912998000450964,1,35,,0.0,0.7168981381202556,7.134266827745929,14.912998000450964,1,39,,0.0,0.7168981381202556,7.134266827745929,14.912998000450964,1,9d718b3b438251dd9f0fb79a4715cd5de3076f97,40,0.0,0.7168981381202556,7.134266827745929,14.912998000450964,1,True
8d33c13f8e8f5caa,2021.08.17.17.17.01_veh-45_02314_02798,83,idm,38,,0.0,0.7121439586819995,6.972358880686173,14.369333120345413,1,41,,0.0,0.7121439586819995,6.972358880686173,14.369333120345413,1,35,,0.0,0.7121439586819995,6.972358880686173,14.369333120345413,1,38,,0.0,0.7121439586819995,6.972358880686173,14.369333120345413,1,36,,0.0,0.7121439586819995,6.972358880686173,14.369333120345413,1,38,,0.0,0.7121439586819995,6.972358880686173,14.369333120345413,1,41,,0.0,0.7121439586819995,6.972358880686173,14.369333120345413,1,2b22c76d48db87d3606e2f19dad62fc2c785814d,40,0.0,0.7121439586819995,6.972358880686173,14.369333120345413,1,True
8d33c13f8e8f5caa,2021.08.17.17.17.01_veh-45_02314_02798,96,idm,37,,0.0,0.710929743670371,6.776461564026401,13.743856280566062,1,41,,0.0,0.710929743670371,6.776461564026401,13.743856280566062,1,35,,0.0,0.710929743670371,6.776461564026401,13.743856280566062,1,38,,0.0,0.710929743670371,6.776461564026401,13.743856280566062,1,35,,0.0,0.710929743670371,6.776461564026401,13.743856280566062,1,37,,0.0,0.710929743670371,6.776461564026401,13.743856280566062,1,41,,0.0,0.710929743670371,6.776461564026401,13.743856280566062,1,a5466531e2577b6018c3831bb523023e2d159aac,41,0.0,0.710929743670371,6.776461564026401,13.743856280566062,1,True
8d33c13f8e8f5caa,2021.08.17.17.17.01_veh-45_02314_02798,110,idm,36,,0.0,0.7038518516562844,6.6390088332096235,13.169247099535307,1,40,,0.0,0.7038518516562844,6.6390088332096235,13.169247099535307,1,34,,0.0,0.7038518516562844,6.6390088332096235,13.169247099535307,1,36,,0.0,0.7038518516562844,6.6390088332096235,13.169247099535307,1,33,,0.0,0.7038518516562844,6.6390088332096235,13.169247099535307,1,36,,0.0,0.7038518516562844,6.6390088332096235,13.169247099535307,1,40,,0.0,0.7038518516562844,6.6390088332096235,13.169247099535307,1,38bb85fb78adc8daf9da4f82140527039d7679f1,39,0.0,0.7038518516562844,6.6390088332096235,13.169247099535307,1,True
8d33c13f8e8f5caa,2021.08.17.17.17.01_veh-45_02314_02798,123,idm,37,,0.0,0.7135918637908418,6.164990493497198,11.857396990932756,1,38,,0.0,0.7135918637908418,6.164990493497198,11.857396990932756,1,34,,0.0,0.7135918637908418,6.164990493497198,11.857396990932756,1,36,,0.0,0.7135918637908418,6.164990493497198,11.857396990932756,1,35,,0.0,0.7135918637908418,6.164990493497198,11.857396990932756,1,37,,0.0,0.7135918637908418,6.164990493497198,11.857396990932756,1,38,,0.0,0.7135918637908418,6.164990493497198,11.857396990932756,1,5876cd6afba8cae4fa7dec6c09acc0d813f1c46b,41,0.0,0.7135918637908418,6.164990493497198,11.857396990932756,1,True
8d33c13f8e8f5caa,2021.08.17.17.17.01_veh-45_02314_02798,136,idm,37,,1.0,0.0,5.619073969844741,10.446783733951216,1,39,,1.0,0.0,5.619073969844741,10.446783733951216,1,35,,1.0,0.0,5.619073969844741,10.446783733951216,1,37,,1.0,0.0,5.619073969844741,10.446783733951216,1,34,,1.0,0.0,5.619073969844741,10.446783733951216,1,37,,1.0,0.0,5.619073969844741,10.446783733951216,1,39,,1.0,0.0,5.619073969844741,10.446783733951216,1,288e58a5bc3ade2f3b4bf121fd8c1ba7da3f7dd8,41,1.0,0.0,5.619073969844741,10.446783733951216,1,True
8d33c13f8e8f5caa,2021.08.17.17.17.01_veh-45_02314_02798,149,idm,34,,1.0,0.0,5.278985062365267,9.547561995582246,1,37,,1.0,0.0,5.278985062365267,9.547561995582246,1,32,,1.0,0.0,5.278985062365267,9.547561995582246,1,35,,1.0,0.0,5.278985062365267,9.547561995582246,1,31,,1.0,0.0,5.278985062365267,9.547561995582246,1,34,cheap,1.0,0.0,5.278985062365267,9.547561995582246,1,37,,1.0,0.0,5.278985062365267,9.547561995582246,1,888c7e467d92741979e7bfd48f8093b60b450d0d,39,1.0,0.0,5.278985062365267,9.547561995582246,1,True
8d33c13f8e8f5caa,2021.08.17.17.17.01_veh-45_02314_02798,163,idm,31,,1.0,0.0,4.8367864000854865,8.445729594579037,1,36,,1.0,0.0,4.8367864000854865,8.445729594579037,1,31,cheap,1.0,0.0,4.8367864000854865,8.445729594579037,1,34,,1.0,0.0,4.8367864000854865,8.445729594579037,1,33,,1.0,0.0,4.8367864000854865,8.445729594579037,1,31,cheap,1.0,0.0,4.8367864000854865,8.445729594579037,1,36,,1.0,0.0,4.8367864000854865,8.445729594579037,1,8ab55097086cbd80f12ceccf77c82ad9e6122f2f,38,1.0,0.0,4.8367864000854865,8.445729594579037,1,True
8d33c13f8e8f5caa,2021.08.17.17.17.01_veh-45_02314_02798,176,idm,37,,1.0,0.0,4.602886162346192,7.875168929691649,1,38,,1.0,0.0,4.602886162346192,7.875168929691649,1,35,,1.0,0.0,4.602886162346192,7.875168929691649,1,37,,1.0,0.0,4.602886162346192,7.875168929691649,1,34,,1.0,0.0,4.602886162346192,7.875168929691649,1,37,,1.0,0.0,4.602886162346192,7.875168929691649,1,38,,1.0,0.0,4.602886162346192,7.875168929691649,1,22e582711c6c436a02e19e92aa41adc200f56e52,39,1.0,0.0,4.602886162346192,7.875168929691649,1,True
8d33c13f8e8f5caa,2021.08.17.17.17.01_veh-45_02314_02798,189,idm,35,,1.0,0.0,4.349260766219315,7.179349807722066,1,37,,1.0,0.0,4.349260766219315,7.179349807722066,1,35,cheap,1.0,0.0,4.349260766219315,7.179349807722066,1,36,,1.0,0.0,4.349260766219315,7.179349807722066,1,34,,1.0,0.0,4.349260766219315,7.179349807722066,1,35,,1.0,0.0,4.349260766219315,7.179349807722066,1,37,,1.0,0.0,4.349260766219315,7.179349807722066,1,dbdd8796ec9795f4c43086e7f20e999fc39beb50,38,1.0,0.0,4.349260766219315,7.179349807722066,1,True
8d33c13f8e8f5caa,2021.08.17.17.17.01_veh-45_02314_02798,202,idm,35,,0.0,1.8814825634158436,3.754531522701307,5.382064446155578,1,38,,0.0,1.8814825634158436,3.754531522701307,5.382064446155578,1,35,,0.0,1.8814825634158436,3.754531522701307,5.382064446155578,1,36,,0.0,1.8814825634158436,3.754531522701307,5.382064446155578,1,33,,0.0,1.8814825634158436,3.754531522701307,5.382064446155578,1,35,,0.0,1.8814825634158436,3.2370102091844375,3.2387565550668698,1,38,,0.0,1.8814825634158436,3.241393127894476,3.2454771424336797,1,3f0ce20e32597d0516aea825c706c5769e4d21b8,38,0.0,1.8814825634158436,3.754531522701307,5.382064446155578,1,True
8d33c13f8e8f5caa,2021.08.17.17.17.01_veh-45_02314_02798,216,idm,32,,0.0,0.7635599683630178,4.417839513511031,7.165958215467162,1,36,,0.0,0.7635599683630178,4.417839513511031,7.165958215467162,1,32,,0.0,0.7635599683630178,4.417839513511031,7.165958215467162,1,34,,0.0,0.7635599683630178,4.417839513511031,7.165958215467162,1,33,,0.0,0.7635599683630178,4.417839513511031,7.165958215467162,1,32,,0.0,0.7635599683630178,4.417839513511031,7.165958215467162,1,36,,0.0,0.7635599683630178,4.417839513511031,7.165958215467162,1,afff31dbcb7c602d862d9c34e144236eaa45c476,37,0.0,0.7635599683630178,4.417839513511031,7.165958215467162,1,True
8d33c13f8e8f5caa,2021.08.17.17.17.01_veh-45_02314_02798,229,idm,33,,0.0,0.7231933361749755,4.517361772588619,7.654826494022876,1,34,,0.0,0.7231933361749755,4.517361772588619,7.654826494022876,1,33,cheap,0.0,0.7231933361749755,4.517361772588619,7.654826494022876,1,33,cheap,0.0,0.7231933361749755,4.517361772588619,7.654826494022876,1,32,,0.0,0.7231933361749755,4.517361772588619,7.654826494022876,1,33,cheap,0.0,0.7231933361749755,4.517361772588619,7.654826494022876,1,34,full,0.0,0.7231933361749755,4.517361772588619,7.654826494022876,1,214b4884dec58e1e37e3e5d20d219f946680c2b7,37,0.0,0.7231933361749755,4.517361772588619,7.654826494022876,1,True
8d33c13f8e8f5caa,2021.08.17.17.17.01_veh-45_02314_02798,242,idm,33,,1.0,0.0,4.525689680610242,7.687083729480707,1,35,,1.0,0.0,4.525689680610242,7.687083729480707,1,33,cheap,1.0,0.0,4.525689680610242,7.687083729480707,1,33,cheap,1.0,0.0,4.525689680610242,7.687083729480707,1,33,cheap,1.0,0.0,4.525689680610242,7.687083729480707,1,33,cheap,1.0,0.0,4.525689680610242,7.687083729480707,1,35,full,1.0,0.0,4.525689680610242,7.687083729480707,1,f65068bb4563f739dc97246129fed7213e45a584,38,1.0,0.0,4.525689680610242,7.687083729480707,1,True
8d33c13f8e8f5caa,2021.08.17.17.17.01_veh-45_02314_02798,255,idm,32,,1.0,0.0,4.526625319867646,7.693461095775535,1,36,,1.0,0.0,4.526625319867646,7.693461095775535,1,32,cheap,1.0,0.0,4.526625319867646,7.693461095775535,1,33,,1.0,0.0,4.526625319867646,7.693461095775535,1,32,,1.0,0.0,4.526625319867646,7.693461095775535,1,32,cheap,1.0,0.0,4.526625319867646,7.693461095775535,1,36,,1.0,0.0,4.526625319867646,7.693461095775535,1,e31de3effde0b475cf896437416b2918b75c82ff,37,1.0,0.0,4.526625319867646,7.693461095775535,1,True
8d33c13f8e8f5caa,2021.08.17.17.17.01_veh-45_02314_02798,269,idm,33,,1.0,0.0,4.528018318414789,7.699204468868886,1,38,,1.0,0.0,4.528018318414789,7.699204468868886,1,33,cheap,1.0,0.0,4.528018318414789,7.699204468868886,1,35,,1.0,0.0,4.528018318414789,7.699204468868886,1,36,,1.0,0.0,4.528018318414789,7.699204468868886,1,33,,1.0,0.0,4.528018318414789,7.699204468868886,1,38,,1.0,0.0,4.528018318414789,7.699204468868886,1,3885cd208228c6bd200e867a23c7c1caf3f83c0c,37,1.0,0.0,4.528018318414789,7.699204468868886,1,True
8d33c13f8e8f5caa,2021.08.17.17.17.01_veh-45_02314_02798,282,idm,37,,1.0,0.0,4.529438779543671,7.702374750582399,1,40,,1.0,0.0,4.529438779543671,7.702374750582399,1,37,cheap,1.0,0.0,4.529438779543671,7.702374750582399,1,38,,1.0,0.0,4.529438779543671,7.702374750582399,1,38,,1.0,0.0,4.529438779543671,7.702374750582399,1,37,,1.0,0.0,4.529438779543671,7.702374750582399,1,40,,1.0,0.0,4.529438779543671,7.702374750582399,1,da770e3fbf14fbb53d44f8e5406ab5b8b49fd26f,40,1.0,0.0,4.529438779543671,7.702374750582399,1,True
8d33c13f8e8f5caa,2021.08.17.17.17.01_veh-45_02314_02798,295,idm,37,,1.0,0.0,4.526899709662881,7.692253975251886,1,41,,1.0,0.0,4.526899709662881,7.692253975251886,1,37,cheap,1.0,0.0,4.526899709662881,7.692253975251886,1,39,,1.0,0.0,4.526899709662881,7.692253975251886,1,37,,1.0,0.0,4.526899709662881,7.692253975251886,1,37,cheap,1.0,0.0,4.526899709662881,7.692253975251886,1,41,,1.0,0.0,4.526899709662881,7.692253975251886,1,697a03fb1d83cfa25bf63d4463c218f77a6916c2,41,1.0,0.0,4.526899709662881,7.692253975251886,1,True
8d33c13f8e8f5caa,2021.08.17.17.17.01_veh-45_02314_02798,309,idm,38,,1.0,0.0,3.7520011414842895,5.327630369945559,1,41,,1.0,0.0,3.7520011414842895,5.327630369945559,1,38,cheap,1.0,0.0,3.7520011414842895,5.327630369945559,1,39,,1.0,0.0,3.7520011414842895,5.327630369945559,1,38,,1.0,0.0,3.7520011414842895,5.327630369945559,1,38,cheap,1.0,0.0,3.7520011414842895,5.327630369945559,1,41,,1.0,0.0,3.7520011414842895,5.327630369945559,1,b2d4704dc21c0722f60c065cab0b6dc3adef0368,41,1.0,0.0,3.7520011414842895,5.327630369945559,1,True
9175923fda5c5dda,2021.08.17.17.17.01_veh-45_02314_02798,4,idm,25,,0.0,0.8006482255976994,0.5328938192221171,0.78970010916556,1,26,,0.0,0.8006482255976994,0.5328938192221171,0.78970010916556,1,25,cheap,0.0,0.8006482255976994,0.5328938192221171,0.78970010916556,1,26,,0.0,0.8006482255976994,0.5328938192221171,0.78970010916556,1,26,full_nofp,0.0,0.8006482255976994,0.5328938192221171,0.78970010916556,1,25,cheap,0.0,0.8006482255976994,0.5328938192221171,0.78970010916556,1,26,full,0.0,0.8006482255976994,0.5328938192221171,0.78970010916556,1,367af1eae46e3bb3bde001adb52237f146c0cb47,29,0.0,0.8006482255976994,0.5328938192221171,0.78970010916556,1,True
9175923fda5c5dda,2021.08.17.17.17.01_veh-45_02314_02798,17,idm,26,,0.0,0.7908666917621776,0.532988077787914,0.7898028137533164,1,28,,0.0,0.7908666917621776,0.532988077787914,0.7898028137533164,1,26,cheap,0.0,0.7908666917621776,0.532988077787914,0.7898028137533164,1,27,,0.0,0.7908666917621776,0.532988077787914,0.7898028137533164,1,27,,0.0,0.7908666917621776,0.532988077787914,0.7898028137533164,1,26,cheap,0.0,0.7908666917621776,0.532988077787914,0.7898028137533164,1,28,full,0.0,0.7908666917621776,0.532988077787914,0.7898028137533164,1,366a6f2e26add640667693d2de243898e41292f0,29,0.0,0.7908666917621776,0.532988077787914,0.7898028137533164,1,True
9175923fda5c5dda,2021.08.17.17.17.01_veh-45_02314_02798,30,idm,26,,0.0,0.7972671036218923,0.5329325301579128,0.7898356043132486,1,28,,0.0,0.7972671036218923,0.5329325301579128,0.7898356043132486,1,26,cheap,0.0,0.7972671036218923,0.5329325301579128,0.7898356043132486,1,27,,0.0,0.7972671036218923,0.5329325301579128,0.7898356043132486,1,26,cheap,0.0,0.7972671036218923,0.5329325301579128,0.7898356043132486,1,26,cheap,0.0,0.7972671036218923,0.5329325301579128,0.7898356043132486,1,28,full,0.0,0.7972671036218923,0.5329325301579128,0.7898356043132486,1,c1b46df2502aa0a80d151acdfeab2aed2f9d7e74,29,0.0,0.7972671036218923,0.5329325301579128,0.7898356043132486,1,True
9175923fda5c5dda,2021.08.17.17.17.01_veh-45_02314_02798,43,idm,24,,0.0,0.8016288625041319,0.5328839163038114,0.789825361553353,1,25,,0.0,0.8016288625041319,0.5328839163038114,0.789825361553353,1,24,cheap,0.0,0.8016288625041319,0.5328839163038114,0.789825361553353,1,25,full,0.0,0.8016288625041319,0.5328839163038114,0.789825361553353,1,24,cheap,0.0,0.8016288625041319,0.5328839163038114,0.789825361553353,1,24,cheap,0.0,0.8016288625041319,0.5328839163038114,0.789825361553353,1,25,full,0.0,0.8016288625041319,0.5328839163038114,0.789825361553353,1,20e6c70567ca48ead9fff5a63aae4964b9324ef2,27,0.0,0.8016288625041319,0.5328839163038114,0.789825361553353,1,True
9175923fda5c5dda,2021.08.17.17.17.01_veh-45_02314_02798,57,idm,23,,0.0,0.7963085300413572,0.5329761078102269,0.7898447054374916,1,25,,0.0,0.7963085300413572,0.5329761078102269,0.7898447054374916,1,23,cheap,0.0,0.7963085300413572,0.5329761078102269,0.7898447054374916,1,24,,0.0,0.7963085300413572,0.5329761078102269,0.7898447054374916,1,23,cheap,0.0,0.7963085300413572,0.5329761078102269,0.7898447054374916,1,23,cheap,0.0,0.7963085300413572,0.5329761078102269,0.7898447054374916,1,25,full,0.0,0.7963085300413572,0.5329761078102269,0.7898447054374916,1,18489cff85b534df95941d00a2df4b36aa2d9abd,27,0.0,0.7963085300413572,0.5329761078102269,0.7898447054374916,1,True
9175923fda5c5dda,2021.08.17.17.17.01_veh-45_02314_02798,70,idm,23,,0.0,0.8019132243504592,0.5330208419309077,0.7898619065859848,1,24,,0.0,0.8019132243504592,0.5330208419309077,0.7898619065859848,1,23,cheap,0.0,0.8019132243504592,0.5330208419309077,0.7898619065859848,1,24,full,0.0,0.8019132243504592,0.5330208419309077,0.7898619065859848,1,23,cheap,0.0,0.8019132243504592,0.5330208419309077,0.7898619065859848,1,23,cheap,0.0,0.8019132243504592,0.5330208419309077,0.7898619065859848,1,24,full,0.0,0.8019132243504592,0.5330208419309077,0.7898619065859848,1,a9f052c1774b24eeb0c1c64029f00fe9308534b9,27,0.0,0.8019132243504592,0.5330208419309077,0.7898619065859848,1,True
9175923fda5c5dda,2021.08.17.17.17.01_veh-45_02314_02798,83,idm,24,,0.0,0.8084230685674229,0.5330495196874256,0.7898024579727002,1,25,,0.0,0.8084230685674229,0.5330495196874256,0.7898024579727002,1,24,cheap,0.0,0.8084230685674229,0.5330495196874256,0.7898024579727002,1,25,,0.0,0.8084230685674229,0.5330495196874256,0.7898024579727002,1,24,cheap,0.0,0.8084230685674229,0.5330495196874256,0.7898024579727002,1,24,cheap,0.0,0.8084230685674229,0.5330495196874256,0.7898024579727002,1,25,full,0.0,0.8084230685674229,0.5330495196874256,0.7898024579727002,1,08744606c63aa57acb124e91ec6357bf00f35ec2,28,0.0,0.8084230685674229,0.5330495196874256,0.7898024579727002,1,True
9175923fda5c5dda,2021.08.17.17.17.01_veh-45_02314_02798,96,idm,24,,0.0,0.8025369113481444,0.5330432006766748,0.7897965622783923,1,26,,0.0,0.8025369113481444,0.5330432006766748,0.7897965622783923,1,24,cheap,0.0,0.8025369113481444,0.5330432006766748,0.7897965622783923,1,25,,0.0,0.8025369113481444,0.5330432006766748,0.7897965622783923,1,24,cheap,0.0,0.8025369113481444,0.5330432006766748,0.7897965622783923,1,24,cheap,0.0,0.8025369113481444,0.5330432006766748,0.7897965622783923,1,26,full,0.0,0.8025369113481444,0.5330432006766748,0.7897965622783923,1,386b40b7ef00e9d101831912dc2164457e591fd4,27,0.0,0.8025369113481444,0.5330432006766748,0.7897965622783923,1,True
9175923fda5c5dda,2021.08.17.17.17.01_veh-45_02314_02798,110,idm,24,,0.0,0.8000383600937812,0.5330599358341738,0.7898343135695828,1,26,,0.0,0.8000383600937812,0.5330599358341738,0.7898343135695828,1,24,cheap,0.0,0.8000383600937812,0.5330599358341738,0.7898343135695828,1,26,,0.0,0.8000383600937812,0.5330599358341738,0.7898343135695828,1,24,cheap,0.0,0.8000383600937812,0.5330599358341738,0.7898343135695828,1,24,cheap,0.0,0.8000383600937812,0.5330599358341738,0.7898343135695828,1,26,,0.0,0.8000383600937812,0.5330599358341738,0.7898343135695828,1,347f23137e7027a4791790e6526d70e7f0d0c580,28,0.0,0.8000383600937812,0.5330599358341738,0.7898343135695828,1,True
9175923fda5c5dda,2021.08.17.17.17.01_veh-45_02314_02798,123,idm,25,,0.0,0.8073641481282338,0.5330264149905866,0.7898203378209165,1,26,,0.0,0.8073641481282338,0.5330264149905866,0.7898203378209165,1,25,cheap,0.0,0.8073641481282338,0.5330264149905866,0.7898203378209165,1,26,full,0.0,0.8073641481282338,0.5330264149905866,0.7898203378209165,1,25,cheap,0.0,0.8073641481282338,0.5330264149905866,0.7898203378209165,1,25,cheap,0.0,0.8073641481282338,0.5330264149905866,0.7898203378209165,1,26,full,0.0,0.8073641481282338,0.5330264149905866,0.7898203378209165,1,6c0787170009f08d1c39e78eade50aec5a8e13d3,29,0.0,0.8073641481282338,0.5330264149905866,0.7898203378209165,1,True
9175923fda5c5dda,2021.08.17.17.17.01_veh-45_02314_02798,136,idm,24,,0.0,0.797890082399056,0.5330293675140506,0.7898406387703294,1,25,,0.0,0.797890082399056,0.5330293675140506,0.7898406387703294,1,24,cheap,0.0,0.797890082399056,0.5330293675140506,0.7898406387703294,1,25,,0.0,0.797890082399056,0.5330293675140506,0.7898406387703294,1,24,cheap,0.0,0.797890082399056,0.5330293675140506,0.7898406387703294,1,24,cheap,0.0,0.797890082399056,0.5330293675140506,0.7898406387703294,1,25,full,0.0,0.797890082399056,0.5330293675140506,0.7898406387703294,1,1b9b0f1e5cbc056e80973a69116f87afc23a57a4,28,0.0,0.797890082399056,0.5330293675140506,0.7898406387703294,1,True
9175923fda5c5dda,2021.08.17.17.17.01_veh-45_02314_02798,149,idm,25,,0.0,0.7887156880003211,0.5331015985025461,0.7897874373802981,1,26,,0.0,0.7887156880003211,0.5331015985025461,0.7897874373802981,1,25,cheap,0.0,0.7887156880003211,0.5331015985025461,0.7897874373802981,1,26,,0.0,0.7887156880003211,0.5331015985025461,0.7897874373802981,1,26,,0.0,0.7887156880003211,0.5331015985025461,0.7897874373802981,1,25,cheap,0.0,0.7887156880003211,0.5331015985025461,0.7897874373802981,1,26,full,0.0,0.7887156880003211,0.5331015985025461,0.7897874373802981,1,2543f57913c0cc1ca4067e184ff7670eeb0e0bd2,29,0.0,0.7887156880003211,0.5331015985025461,0.7897874373802981,1,True
9175923fda5c5dda,2021.08.17.17.17.01_veh-45_02314_02798,163,idm,25,,0.0,0.8000832404126985,0.5321256339957509,0.7824320003173462,1,26,,0.0,0.8000832404126985,0.5321256339957509,0.7824320003173462,1,25,cheap,0.0,0.8000832404126985,0.5321256339957509,0.7824320003173462,1,26,full,0.0,0.8000832404126985,0.5321256339957509,0.7824320003173462,1,25,,0.0,0.8000832404126985,0.5321256339957509,0.7824320003173462,1,25,cheap,0.0,0.8000832404126985,0.5321256339957509,0.7824320003173462,1,26,full,0.0,0.8000832404126985,0.5321256339957509,0.7824320003173462,1,7c0e5ad951a884c733025024870608e18b54650d,29,0.0,0.8000832404126985,0.5321256339957509,0.7824320003173462,1,True
9175923fda5c5dda,2021.08.17.17.17.01_veh-45_02314_02798,176,idm,24,,0.0,0.7797206687791696,0.5206974703768883,0.7008524935132809,1,25,,0.0,0.7797206687791696,0.5206974703768883,0.7008524935132809,1,24,cheap,0.0,0.7797206687791696,0.5206974703768883,0.7008524935132809,1,25,full,0.0,0.7797206687791696,0.5206974703768883,0.7008524935132809,1,24,cheap,0.0,0.7797206687791696,0.5206974703768883,0.7008524935132809,1,24,cheap,0.0,0.7797206687791696,0.5206974703768883,0.7008524935132809,1,25,full,0.0,0.7797206687791696,0.5206974703768883,0.7008524935132809,1,a7056d12fd03896fafd3af5658e4afed7a2d7088,31,0.0,0.7797206687791696,0.5206974703768883,0.7008524935132809,1,True
9175923fda5c5dda,2021.08.17.17.17.01_veh-45_02314_02798,189,idm,24,,0.0,0.7798345490302003,0.4202729776177149,0.0771558982634091,1,26,,0.0,0.7798345490302003,0.4202729776177149,0.0771558982634091,1,24,cheap,0.0,0.7798345490302003,0.4202729776177149,0.0771558982634091,1,26,,0.0,0.7798345490302003,0.4202729776177149,0.0771558982634091,1,25,,0.0,0.7798345490302003,0.4202729776177149,0.0771558982634091,1,24,cheap,0.0,0.7798345490302003,0.4202729776177149,0.0771558982634091,1,26,full,0.0,0.7798345490302003,0.4202729776177149,0.0771558982634091,1,bdd9a601521cf7e7f05330cbb2272dfde646db83,31,0.0,0.7798345490302003,0.4202729776177149,0.0771558982634091,1,True
9175923fda5c5dda,2021.08.17.17.17.01_veh-45_02314_02798,202,idm,26,,0.0,0.7164307414407336,0.47139837122570055,1.2142166140767783,1,28,,0.0,0.7164307414407336,0.47139837122570055,1.2142166140767783,1,26,cheap,0.0,0.7164307414407336,0.47139837122570055,1.2142166140767783,1,28,full,0.0,0.7164307414407336,0.47139837122570055,1.2142166140767783,1,27,,0.0,0.7164307414407336,0.47139837122570055,1.2142166140767783,1,26,cheap,0.0,0.7164307414407336,0.47139837122570055,1.2142166140767783,1,27,full_s1,0.0,0.7164307414407336,0.47139837122570055,1.2142166140767783,1,339f22b47d08695d18d0fb8cf3a236c6cab62c4a,31,0.0,0.7164307414407336,0.47139837122570055,1.2142166140767783,1,True
9175923fda5c5dda,2021.08.17.17.17.01_veh-45_02314_02798,216,idm,27,,0.0,0.6550401328411101,0.8735061974312117,3.3025474270086814,1,28,,0.0,0.6550401328411101,0.8735061974312117,3.3025474270086814,1,27,cheap,0.0,0.6550401328411101,0.8735061974312117,3.3025474270086814,1,28,full,0.0,0.6550401328411101,0.8735061974312117,3.3025474270086814,1,27,cheap,0.0,0.6550401328411101,0.8735061974312117,3.3025474270086814,1,27,cheap,0.0,0.6550401328411101,0.8735061974312117,3.3025474270086814,1,28,full,0.0,0.6550401328411101,0.8735061974312117,3.3025474270086814,1,8e3bfe0cdf746dfcd3b5c66321ad45ed397e15d6,32,0.0,0.6550401328411101,0.8735061974312117,3.3025474270086814,1,True
9175923fda5c5dda,2021.08.17.17.17.01_veh-45_02314_02798,229,idm,27,,1.0,0.0,1.6637543544923044,5.743262477458969,1,28,,1.0,0.0,1.6637543544923044,5.743262477458969,1,27,cheap,1.0,0.0,1.6637543544923044,5.743262477458969,1,28,full,1.0,0.0,1.6637543544923044,5.743262477458969,1,27,cheap,1.0,0.0,1.6637543544923044,5.743262477458969,1,27,cheap,1.0,0.0,1.6637543544923044,5.743262477458969,1,28,full,1.0,0.0,1.6637543544923044,5.743262477458969,1,90c49d7ddba872588ea1342cba44d31c337a2684,31,1.0,0.0,1.6637543544923044,5.743262477458969,1,True
9175923fda5c5dda,2021.08.17.17.17.01_veh-45_02314_02798,242,idm,23,,1.0,0.0,3.0066418668728687,8.505975189954901,1,27,,1.0,0.0,3.0066418668728687,8.505975189954901,1,23,cheap,1.0,0.0,3.0066418668728687,8.505975189954901,1,25,,1.0,0.0,3.0066418668728687,8.505975189954901,1,24,,1.0,0.0,3.0066418668728687,8.505975189954901,1,23,cheap,1.0,0.0,3.0066418668728687,8.505975189954901,1,27,full,1.0,0.0,3.0066418668728687,8.505975189954901,1,a32b335bc67f05d7e731fbb67f453c5fbc43b7fd,29,1.0,0.0,3.0066418668728687,8.505975189954901,1,True
9175923fda5c5dda,2021.08.17.17.17.01_veh-45_02314_02798,255,idm,24,,1.0,0.0,4.811482339603649,11.389164299509137,1,30,,1.0,0.0,4.811482339603649,11.389164299509137,1,24,cheap,1.0,0.0,4.811482339603649,11.389164299509137,1,26,,1.0,0.0,4.811482339603649,11.389164299509137,1,24,,1.0,0.0,4.811482339603649,11.389164299509137,1,24,cheap,1.0,0.0,4.811482339603649,11.389164299509137,1,30,,1.0,0.0,4.811482339603649,11.389164299509137,1,bfeb85cb9c57776211aa572cffaf264f245064d0,29,1.0,0.0,4.811482339603649,11.389164299509137,1,True
9175923fda5c5dda,2021.08.17.17.17.01_veh-45_02314_02798,269,idm,27,,0.0,0.3672822496324863,1.692763234450976,3.0771484147139736,1,34,,0.0,0.3672822496324863,1.692763234450976,3.0771484147139736,1,27,cheap,0.0,0.3672822496324863,1.692763234450976,3.0771484147139736,1,30,,0.0,0.3672822496324863,1.692763234450976,3.0771484147139736,1,30,,0.0,0.3672822496324863,1.692763234450976,3.0771484147139736,1,27,cheap,0.0,0.3672822496324863,1.692763234450976,3.0771484147139736,1,34,,0.0,0.3672822496324863,1.692763234450976,3.0771484147139736,1,6dca9e240c011de6176f387b0b24d847c7646f5e,33,0.0,0.3672822496324863,1.692763234450976,3.0771484147139736,1,True
9175923fda5c5dda,2021.08.17.17.17.01_veh-45_02314_02798,282,idm,29,,0.0,0.4221909204823236,1.1576893067298129,1.81114158219485,1,34,,0.0,0.4221909204823236,1.1576893067298129,1.81114158219485,1,29,cheap,0.0,0.4221909204823236,1.1576893067298129,1.81114158219485,1,32,,0.0,0.4221909204823236,1.1576893067298129,1.81114158219485,1,32,,0.0,0.4221909204823236,1.1576893067298129,1.81114158219485,1,29,cheap,0.0,0.4221909204823236,1.1576893067298129,1.81114158219485,1,34,,0.0,0.4221909204823236,1.1576893067298129,1.81114158219485,1,ff5eb797fbd9f6f1a830be59043812467d80365e,36,0.0,0.4221909204823236,1.1576893067298129,1.81114158219485,1,True
9175923fda5c5dda,2021.08.17.17.17.01_veh-45_02314_02798,295,idm,32,,0.0,0.384641843576329,0.667102913634017,0.4922487826778323,1,39,,0.0,0.384641843576329,0.667102913634017,0.4922487826778323,1,31,,0.0,0.384641843576329,0.667102913634017,0.4922487826778323,1,34,,0.0,0.384641843576329,0.667102913634017,0.4922487826778323,1,32,,0.0,0.384641843576329,0.667102913634017,0.4922487826778323,1,32,,0.0,0.384641843576329,0.667102913634017,0.4922487826778323,1,39,,0.0,0.384641843576329,0.667102913634017,0.4922487826778323,1,131797d00b219746316c69a4bec5e5ab5ae82034,36,0.0,0.384641843576329,0.667102913634017,0.4922487826778323,1,True
9175923fda5c5dda,2021.08.17.17.17.01_veh-45_02314_02798,309,idm,31,,0.0,0.5063969644827804,0.45531560242506053,0.18406532332415684,1,34,,0.0,0.5063969644827804,0.45531560242506053,0.18406532332415684,1,31,,0.0,0.5063969644827804,0.45531560242506053,0.18406532332415684,1,32,,0.0,0.5063969644827804,0.45531560242506053,0.18406532332415684,1,32,,0.0,0.5063969644827804,0.45531560242506053,0.18406532332415684,1,31,,0.0,0.5063969644827804,0.45531560242506053,0.18406532332415684,1,34,,0.0,0.5063969644827804,0.45531560242506053,0.18406532332415684,1,6300e484efc07b1a7edd02b5a02e3e1a029154eb,37,0.0,0.5063969644827804,0.45531560242506053,0.18406532332415684,1,True
95ac533247e851a2,2021.05.12.22.00.38_veh-35_01008_01518,4,idm,214,,0.0,1.8872147575256708,1.968802801467881,6.86791302574609,1,223,,0.0,1.8872147575256708,1.968802801467881,6.86791302574609,1,213,,0.0,1.8872147575256708,1.968802801467881,6.86791302574609,1,218,,0.0,1.8872147575256708,1.968802801467881,6.86791302574609,1,218,,0.0,1.8872147575256708,1.968802801467881,6.86791302574609,1,214,,0.0,1.8872147575256708,1.968802801467881,6.86791302574609,1,222,,0.0,1.8872147575256708,1.968802801467881,6.86791302574609,1,87bed35bc6a6f7c7930a3a1f0c9ace73d701f599,242,0.0,1.8872147575256708,1.968802801467881,6.86791302574609,1,True
95ac533247e851a2,2021.05.12.22.00.38_veh-35_01008_01518,17,idm,201,,0.0,1.7990993134841091,1.7899125590427165,6.646048393129552,1,210,,0.0,1.7990993134841091,1.7899125590427165,6.646048393129552,1,200,,0.0,1.7990993134841091,1.7899125590427165,6.646048393129552,1,204,,0.0,1.7990993134841091,1.7899125590427165,6.646048393129552,1,202,,0.0,1.7990993134841091,1.7899125590427165,6.646048393129552,1,201,,0.0,1.7990993134841091,1.7899125590427165,6.646048393129552,1,209,,0.0,1.7990993134841091,1.7899125590427165,6.646048393129552,1,8089645f1a3d7a5e38e424c9c170bca8fe56d5a4,230,0.0,1.7990993134841091,1.7899125590427165,6.646048393129552,1,True
95ac533247e851a2,2021.05.12.22.00.38_veh-35_01008_01518,30,idm,185,,0.0,1.7048394559548101,1.63339231398339,6.332649159807667,1,194,,0.0,1.7048394559548101,1.63339231398339,6.332649159807667,1,185,cheap,0.0,1.7048394559548101,1.63339231398339,6.332649159807667,1,192,,0.0,1.7048394559548101,1.63339231398339,6.332649159807667,1,186,,0.0,1.7048394559548101,1.63339231398339,6.332649159807667,1,185,,0.0,1.7048394559548101,1.63339231398339,6.332649159807667,1,194,,0.0,1.7048394559548101,1.63339231398339,6.332649159807667,1,4254e6ce8823b78c63005827da8b7fab0d1042f5,218,0.0,1.7048394559548101,1.63339231398339,6.332649159807667,1,True
95ac533247e851a2,2021.05.12.22.00.38_veh-35_01008_01518,43,idm,174,,0.0,1.5399919139740759,1.4652259517318866,5.15158745080627,1,177,,0.0,1.5399919139740759,1.4652259517318866,5.15158745080627,1,172,,0.0,1.5399919139740759,1.4652259517318866,5.15158745080627,1,176,,0.0,1.5399919139740759,1.4652259517318866,5.15158745080627,1,173,,0.0,1.5399919139740759,1.4652259517318866,5.15158745080627,1,174,,0.0,1.5399919139740759,1.4652259517318866,5.15158745080627,1,177,,0.0,1.5399919139740759,1.4652259517318866,5.15158745080627,1,cdef0d94f48366946da89fb6b7c6b76fbd5bd2f8,203,0.0,1.5399919139740759,1.4652259517318866,5.15158745080627,1,True
95ac533247e851a2,2021.05.12.22.00.38_veh-35_01008_01518,57,idm,163,,0.0,1.2847756171953135,1.0638616854421357,3.6668154363713894,1,170,,0.0,1.2847756171953135,1.0638616854421357,3.6668154363713894,1,162,,0.0,1.2847756171953135,1.0638616854421357,3.6668154363713894,1,167,,0.0,1.2847756171953135,1.0638616854421357,3.6668154363713894,1,166,,0.0,1.2847756171953135,1.0638616854421357,3.6668154363713894,1,163,,0.0,1.2847756171953135,1.0638616854421357,3.6668154363713894,1,170,,0.0,1.2847756171953135,1.0638616854421357,3.6668154363713894,1,fe59eafdaa6a1ea12187ad9aa241c2e858235e3a,193,0.0,1.2847756171953135,1.0638616854421357,3.6668154363713894,1,True
95ac533247e851a2,2021.05.12.22.00.38_veh-35_01008_01518,70,idm,158,,1.0,0.0,3.9170040274084776,4.298506590534642,1,165,,1.0,0.0,3.9170040274084776,4.298506590534642,1,156,,1.0,0.0,3.9170040274084776,4.298506590534642,1,164,,1.0,0.0,3.9170040274084776,4.298506590534642,1,160,,1.0,0.0,3.9170040274084776,4.298506590534642,1,158,,1.0,0.0,3.9170040274084776,4.298506590534642,1,163,,1.0,0.0,3.9170040274084776,4.298506590534642,1,4842cc9ded7a7605e241301da4ffc8c233d135a9,184,1.0,0.0,3.9170040274084776,4.298506590534642,1,True
95ac533247e851a2,2021.05.12.22.00.38_veh-35_01008_01518,83,idm,151,,1.0,0.0,3.9186864399805916,4.1651729798767,1,157,,1.0,0.0,3.9186864399805916,4.1651729798767,1,151,,1.0,0.0,3.9186864399805916,4.1651729798767,1,155,,1.0,0.0,3.9186864399805916,4.1651729798767,1,153,,1.0,0.0,3.9186864399805916,4.1651729798767,1,151,,1.0,0.0,3.9186864399805916,4.1651729798767,1,157,,1.0,0.0,3.9186864399805916,4.1651729798767,1,7b9274f67d83737ee2318c044e25cc9d0c6e3fd1,176,1.0,0.0,3.9186864399805916,4.1651729798767,1,True
95ac533247e851a2,2021.05.12.22.00.38_veh-35_01008_01518,97,idm,153,,1.0,0.0,4.231329680848554,5.008126262952242,1,156,,1.0,0.0,4.231329680848554,5.008126262952242,1,151,,1.0,0.0,4.231329680848554,5.008126262952242,1,153,,1.0,0.0,4.231329680848554,5.008126262952242,1,151,,1.0,0.0,4.231329680848554,5.008126262952242,1,153,,1.0,0.0,4.231329680848554,5.008126262952242,1,155,,1.0,0.0,4.231329680848554,5.008126262952242,1,e5e5fd9eff07d332e405d67a6f1385b60d119999,163,1.0,0.0,4.231329680848554,5.008126262952242,1,True
95ac533247e851a2,2021.05.12.22.00.38_veh-35_01008_01518,110,idm,151,,1.0,0.0,4.226266350441124,4.708361091235222,1,156,,1.0,0.0,4.226266350441124,4.708361091235222,1,150,,1.0,0.0,4.226266350441124,4.708361091235222,1,153,,1.0,0.0,4.226266350441124,4.708361091235222,1,154,,1.0,0.0,4.226266350441124,4.708361091235222,1,151,,1.0,0.0,4.226266350441124,4.708361091235222,1,155,,1.0,0.0,4.226266350441124,4.708361091235222,1,f6910705b5bafe6a1056566897bb14f01df1a63c,160,1.0,0.0,4.226266350441124,4.708361091235222,1,True
95ac533247e851a2,2021.05.12.22.00.38_veh-35_01008_01518,123,idm,153,,1.0,0.0,6.215128657429226,8.857316849161698,1,154,,1.0,0.0,6.215128657429226,8.857316849161698,1,151,,1.0,0.0,6.215128657429226,8.857316849161698,1,151,,1.0,0.0,6.215128657429226,8.857316849161698,1,152,,1.0,0.0,6.215128657429226,8.857316849161698,1,153,cheap,1.0,0.0,6.215128657429226,8.857316849161698,1,154,full,1.0,0.0,6.215128657429226,8.857316849161698,1,30489465d3034cde66fa5b70946c0dac61a959e8,158,1.0,0.0,6.215128657429226,8.857316849161698,1,True
95ac533247e851a2,2021.05.12.22.00.38_veh-35_01008_01518,137,idm,150,,1.0,0.0,4.087630975706746,4.270279068124044,1,154,,1.0,0.0,4.087630975706746,4.270279068124044,1,150,cheap,1.0,0.0,4.087630975706746,4.270279068124044,1,151,,1.0,0.0,4.087630975706746,4.270279068124044,1,151,,1.0,0.0,4.087630975706746,4.270279068124044,1,150,,1.0,0.0,4.087630975706746,4.270279068124044,1,154,,1.0,0.0,4.087630975706746,4.270279068124044,1,b983ad62a403f270de39e12bdc8368dc11424afa,159,1.0,0.0,6.270670704790736,8.696091278694158,1,True
95ac533247e851a2,2021.05.12.22.00.38_veh-35_01008_01518,150,idm,154,,1.0,0.0,6.888740597626715,10.634359190527382,1,158,,1.0,0.0,6.888740597626715,10.634359190527382,1,154,cheap,1.0,0.0,6.888740597626715,10.634359190527382,1,155,,1.0,0.0,6.888740597626715,10.634359190527382,1,155,full_nofp,1.0,0.0,6.888740597626715,10.634359190527382,1,154,,1.0,0.0,9.408762388851873,19.09691608827462,1,158,,1.0,0.0,9.408762388851873,19.09691608827462,1,8fc1a3f1dd674a015b78774d65e59f8d7f62d45b,159,1.0,0.0,6.888740597626715,10.634359190527382,1,True
95ac533247e851a2,2021.05.12.22.00.38_veh-35_01008_01518,163,idm,149,,0.0,0.9521775505152688,1.0715154330497518,2.956194614777498,1,156,,0.0,0.9521775505152688,1.0715154330497518,2.956194614777498,1,149,cheap,0.0,0.9521775505152688,1.0715154330497518,2.956194614777498,1,153,,0.0,0.9521775505152688,1.0715154330497518,2.956194614777498,1,153,,0.0,0.9521775505152688,1.0715154330497518,2.956194614777498,1,149,cheap,0.0,0.9521775505152688,1.0715154330497518,2.956194614777498,1,156,,0.0,0.9521775505152688,1.0715154330497518,2.956194614777498,1,dd13943fd0d4e11707cce2f36afd31379f9e728e,155,0.0,0.9521775505152688,1.0715154330497518,2.956194614777498,1,True
95ac533247e851a2,2021.05.12.22.00.38_veh-35_01008_01518,176,idm,142,,0.0,1.1511302261947034,1.1164912655386496,2.731653676138933,1,148,,0.0,1.1511302261947034,1.1164912655386496,2.731653676138933,1,142,cheap,0.0,1.1511302261947034,1.1164912655386496,2.731653676138933,1,144,,0.0,1.1511302261947034,1.1164912655386496,2.731653676138933,1,144,full_nofp,0.0,1.1511302261947034,1.1164912655386496,2.731653676138933,1,142,cheap,0.0,1.1511302261947034,1.1164912655386496,2.731653676138933,1,148,full,0.0,1.1511302261947034,1.1164912655386496,2.731653676138933,1,bd405a597320654fa4981a57b20ca6d71625e375,148,0.0,1.1511302261947034,1.1164912655386496,2.731653676138933,1,True
95ac533247e851a2,2021.05.12.22.00.38_veh-35_01008_01518,190,idm,119,,0.0,2.4434104820164775,0.9831798739492353,2.788102846174142,1,123,,0.0,2.4434104820164775,0.9831798739492353,2.788102846174142,1,118,,0.0,2.4434104820164775,0.9831798739492353,2.788102846174142,1,120,,0.0,2.4434104820164775,0.9831798739492353,2.788102846174142,1,120,,0.0,2.4434104820164775,0.9831798739492353,2.788102846174142,1,119,cheap,0.0,2.4434104820164775,0.9831798739492353,2.788102846174142,1,123,,0.0,2.4434104820164775,0.9831798739492353,2.788102846174142,1,60b76d3a04d0237d3663ff808819b703248ee07f,126,0.0,2.4434104820164775,0.9831798739492353,2.788102846174142,1,True
95ac533247e851a2,2021.05.12.22.00.38_veh-35_01008_01518,203,idm,103,,0.0,4.2180186498975,0.9248396911352363,3.3830639242231646,1,106,,0.0,4.2180186498975,0.9248396911352363,3.3830639242231646,1,103,cheap,0.0,4.2180186498975,0.9248396911352363,3.3830639242231646,1,106,,0.0,4.2180186498975,0.9248396911352363,3.3830639242231646,1,105,,0.0,4.2180186498975,0.9248396911352363,3.3830639242231646,1,103,cheap,0.0,4.2180186498975,0.9248396911352363,3.3830639242231646,1,106,,0.0,4.2180186498975,0.9248396911352363,3.3830639242231646,1,935bf64353e6a511d052f4b7b889b5c9ce5c17d1,111,0.0,4.2180186498975,0.9248396911352363,3.3830639242231646,1,True
95ac533247e851a2,2021.05.12.22.00.38_veh-35_01008_01518,216,idm,91,,0.0,5.889058067039444,1.0363389662723717,4.108305539102389,1,93,,0.0,5.889058067039444,1.0363389662723717,4.108305539102389,1,91,cheap,0.0,5.889058067039444,1.0363389662723717,4.108305539102389,1,92,,0.0,5.889058067039444,1.0363389662723717,4.108305539102389,1,93,full,0.0,5.889058067039444,1.0363389662723717,4.108305539102389,1,91,cheap,0.0,5.889058067039444,1.0363389662723717,4.108305539102389,1,93,full,0.0,5.889058067039444,1.0363389662723717,4.108305539102389,1,58cba65d0e8b572aa431f1b9096e2673187f7f0e,97,0.0,5.889058067039444,1.0363389662723717,4.108305539102389,1,True
95ac533247e851a2,2021.05.12.22.00.38_veh-35_01008_01518,230,idm,81,,0.0,6.443520105797667,1.158765724152825,4.548024814194705,1,85,,0.0,6.443520105797667,1.158765724152825,4.548024814194705,1,81,cheap,0.0,6.443520105797667,1.158765724152825,4.548024814194705,1,83,,0.0,6.443520105797667,1.158765724152825,4.548024814194705,1,84,,0.0,6.443520105797667,1.158765724152825,4.548024814194705,1,81,cheap,0.0,6.443520105797667,1.158765724152825,4.548024814194705,1,85,full,0.0,6.443520105797667,1.158765724152825,4.548024814194705,1,9c271287d2b914c29203e3b97944d8a6efc96644,88,0.0,6.443520105797667,1.158765724152825,4.548024814194705,1,True
95ac533247e851a2,2021.05.12.22.00.38_veh-35_01008_01518,243,idm,77,,0.0,6.434659264572188,1.1977253131539225,4.533467240922332,1,78,,0.0,6.434659264572188,1.1977253131539225,4.533467240922332,1,77,cheap,0.0,6.434659264572188,1.1977253131539225,4.533467240922332,1,77,,0.0,6.434659264572188,1.1977253131539225,4.533467240922332,1,78,,0.0,6.434659264572188,1.1977253131539225,4.533467240922332,1,77,cheap,0.0,6.434659264572188,1.1977253131539225,4.533467240922332,1,78,full,0.0,6.434659264572188,1.1977253131539225,4.533467240922332,1,aa9a46e7149e3bd06f759288e5c047280dbba0f1,84,0.0,6.434659264572188,1.1977253131539225,4.533467240922332,1,True
95ac533247e851a2,2021.05.12.22.00.38_veh-35_01008_01518,256,idm,72,,0.0,6.757487736146736,1.216228683885787,4.473093052215136,1,74,,0.0,6.757487736146736,1.216228683885787,4.473093052215136,1,72,cheap,0.0,6.757487736146736,1.216228683885787,4.473093052215136,1,72,,0.0,6.757487736146736,1.216228683885787,4.473093052215136,1,72,,0.0,6.757487736146736,1.216228683885787,4.473093052215136,1,72,cheap,0.0,6.757487736146736,1.216228683885787,4.473093052215136,1,74,full,0.0,6.757487736146736,1.216228683885787,4.473093052215136,1,7d82f9c1ae80b3b428a1781907c349817d9d6e74,76,0.0,6.757487736146736,1.216228683885787,4.473093052215136,1,True
95ac533247e851a2,2021.05.12.22.00.38_veh-35_01008_01518,270,idm,63,,0.0,6.791846522378579,1.1604150418897956,3.9904872302899914,1,67,,0.0,6.791846522378579,1.1604150418897956,3.9904872302899914,1,63,,0.0,6.791846522378579,1.1604150418897956,3.9904872302899914,1,66,,0.0,6.791846522378579,1.1604150418897956,3.9904872302899914,1,63,,0.0,6.791846522378579,1.1604150418897956,3.9904872302899914,1,63,cheap,0.0,6.791846522378579,1.1604150418897956,3.9904872302899914,1,67,,0.0,6.791846522378579,1.1604150418897956,3.9904872302899914,1,e41374128675a50707f32b377b74cc769c37532d,69,0.0,6.791846522378579,1.1604150418897956,3.9904872302899914,1,True
95ac533247e851a2,2021.05.12.22.00.38_veh-35_01008_01518,283,idm,61,,0.0,7.206199473789082,0.7395693039012864,3.462325810320816,1,63,,0.0,7.206199473789082,0.7395693039012864,3.462325810320816,1,60,,0.0,7.206199473789082,0.7395693039012864,3.462325810320816,1,63,,0.0,7.206199473789082,0.7395693039012864,3.462325810320816,1,60,,0.0,7.206199473789082,0.7395693039012864,3.462325810320816,1,61,cheap,0.0,7.206199473789082,0.7395693039012864,3.462325810320816,1,63,,0.0,7.206199473789082,0.7395693039012864,3.462325810320816,1,dd840618407d929a2a8e21e2de891bc39ed77813,66,0.0,7.206199473789082,0.7395693039012864,3.462325810320816,1,True
95ac533247e851a2,2021.05.12.22.00.38_veh-35_01008_01518,296,idm,54,,0.0,8.175332031591351,0.8529656609627949,3.3892736522622102,1,55,,0.0,8.175332031591351,0.8529656609627949,3.3892736522622102,1,53,,0.0,8.175332031591351,0.8529656609627949,3.3892736522622102,1,54,,0.0,8.175332031591351,0.8529656609627949,3.3892736522622102,1,52,,0.0,8.175332031591351,0.8529656609627949,3.3892736522622102,1,54,,0.0,8.175332031591351,0.8529656609627949,3.3892736522622102,1,55,full,0.0,8.175332031591351,0.8529656609627949,3.3892736522622102,1,6ea0bb54946b99511dacb6410f0508dd8d5439f1,59,0.0,8.175332031591351,0.8529656609627949,3.3892736522622102,1,True
95ac533247e851a2,2021.05.12.22.00.38_veh-35_01008_01518,310,idm,56,,0.0,6.20297195774552,1.0646049710830907,3.5099311112850926,1,57,,0.0,6.20297195774552,1.0646049710830907,3.5099311112850926,1,54,,0.0,6.20297195774552,1.0646049710830907,3.5099311112850926,1,57,,0.0,6.20297195774552,1.0646049710830907,3.5099311112850926,1,55,,0.0,6.20297195774552,1.0646049710830907,3.5099311112850926,1,56,,0.0,6.20297195774552,1.0646049710830907,3.5099311112850926,1,57,,0.0,6.20297195774552,1.0646049710830907,3.5099311112850926,1,e87debee2df7c100e0ad7aef6e36a99306553063,61,0.0,6.20297195774552,1.0646049710830907,3.5099311112850926,1,True
9a05535281e759fb,2021.06.28.16.57.59_veh-26_00016_00484,4,idm,103,,0.0,1.7996072552241094,2.47136618152365,5.07398129064641,1,104,,0.0,1.7996072552241094,2.47136618152365,5.07398129064641,1,103,cheap,0.0,1.7996072552241094,2.47136618152365,5.07398129064641,1,104,full,0.0,1.7996072552241094,2.47136618152365,5.07398129064641,1,103,,0.0,1.7996072552241094,2.47136618152365,5.07398129064641,1,103,cheap,0.0,1.7996072552241094,2.47136618152365,5.07398129064641,1,104,,0.0,1.7996072552241094,2.47136618152365,5.07398129064641,1,979d9039c9403c62ca1c9b19cbca14e7c3799ca6,115,0.0,1.7996072552241094,2.47136618152365,5.07398129064641,1,True
9a05535281e759fb,2021.06.28.16.57.59_veh-26_00016_00484,17,idm,109,,0.0,1.841025211529779,1.889084353181568,3.298297434775433,1,111,,0.0,1.841025211529779,1.889084353181568,3.298297434775433,1,109,cheap,0.0,1.841025211529779,1.889084353181568,3.298297434775433,1,111,full,0.0,1.841025211529779,1.889084353181568,3.298297434775433,1,110,,0.0,1.841025211529779,1.889084353181568,3.298297434775433,1,109,cheap,0.0,1.841025211529779,1.889084353181568,3.298297434775433,1,110,full_s1,0.0,1.841025211529779,1.889084353181568,3.298297434775433,1,5b215fcdac32a75e418e4eb5f0782a7d03ffa2a9,119,0.0,1.841025211529779,1.889084353181568,3.298297434775433,1,True
9a05535281e759fb,2021.06.28.16.57.59_veh-26_00016_00484,30,idm,111,,0.0,1.8659235279063382,1.1735605424096816,1.2688889711994031,1,111,,0.0,1.8659235279063382,1.1735605424096816,1.2688889711994031,1,111,,0.0,1.8659235279063382,1.1735605424096816,1.2688889711994031,1,111,,0.0,1.8659235279063382,1.1735605424096816,1.2688889711994031,1,111,full_nofp,0.0,1.8659235279063382,1.1735605424096816,1.2688889711994031,1,111,,0.0,1.8659235279063382,1.1735605424096816,1.2688889711994031,1,111,full,0.0,1.8659235279063382,1.1735605424096816,1.2688889711994031,1,6cb32bd1ca597473b39e23c122041635909e7dda,121,0.0,1.8659235279063382,1.1735605424096816,1.2688889711994031,1,True
9a05535281e759fb,2021.06.28.16.57.59_veh-26_00016_00484,43,idm,114,,0.0,2.440632349228974,0.5526547967577167,1.4580659182668787,1,118,,0.0,2.440632349228974,0.5526547967577167,1.4580659182668787,1,114,cheap,0.0,2.440632349228974,0.5526547967577167,1.4580659182668787,1,118,full,0.0,2.440632349228974,0.5526547967577167,1.4580659182668787,1,116,,0.0,2.440632349228974,0.5526547967577167,1.4580659182668787,1,113,,0.0,2.440632349228974,0.5526547967577167,1.4580659182668787,1,117,,0.0,2.440632349228974,0.5526547967577167,1.4580659182668787,1,7e13efa59f739cf4063fdd73064e187983c788c7,125,0.0,2.440632349228974,0.5526547967577167,1.4580659182668787,1,True
9a05535281e759fb,2021.06.28.16.57.59_veh-26_00016_00484,57,idm,116,,0.0,4.285305788008009,1.3985553396334407,4.164476041386827,1,117,,0.0,4.285305788008009,1.3985553396334407,4.164476041386827,1,116,cheap,0.0,4.285305788008009,1.3985553396334407,4.164476041386827,1,117,full,0.0,4.285305788008009,1.3985553396334407,4.164476041386827,1,115,,0.0,4.285305788008009,1.3985553396334407,4.164476041386827,1,116,cheap,0.0,4.285305788008009,1.3985553396334407,4.164476041386827,1,117,,0.0,4.285305788008009,1.3985553396334407,4.164476041386827,1,facc7001583c43549b4852355fea7e5aaad9a5db,127,0.0,4.285305788008009,1.3985553396334407,4.164476041386827,1,True
9a05535281e759fb,2021.06.28.16.57.59_veh-26_00016_00484,70,idm,116,,0.0,6.818768127908008,2.2785587477947673,5.925097641987697,1,120,,0.0,6.818768127908008,2.2785587477947673,5.925097641987697,1,116,cheap,0.0,6.818768127908008,2.2785587477947673,5.925097641987697,1,119,,0.0,6.818768127908008,2.2785587477947673,5.925097641987697,1,119,,0.0,6.818768127908008,2.2785587477947673,5.925097641987697,1,116,cheap,0.0,6.818768127908008,2.2785587477947673,5.925097641987697,1,120,,0.0,6.818768127908008,2.2785587477947673,5.925097641987697,1,320e18b5778906bfffb2e8b393b546910ca8c4e7,127,0.0,6.818768127908008,2.2785587477947673,5.925097641987697,1,True
9a05535281e759fb,2021.06.28.16.57.59_veh-26_00016_00484,83,idm,115,,0.0,9.157237561505056,2.8240105874766086,6.922885209900694,1,123,,0.0,9.157237561505056,2.8240105874766086,6.922885209900694,1,115,cheap,0.0,9.157237561505056,2.8240105874766086,6.922885209900694,1,119,,0.0,9.157237561505056,2.8240105874766086,6.922885209900694,1,117,,0.0,9.157237561505056,2.8240105874766086,6.922885209900694,1,115,cheap,0.0,9.157237561505056,2.8240105874766086,6.922885209900694,1,123,,0.0,9.157237561505056,2.8240105874766086,6.922885209900694,1,92756683129d5395d8a7da246dc02979f4c3a52f,127,0.0,9.157237561505056,2.8240105874766086,6.922885209900694,1,True
9a05535281e759fb,2021.06.28.16.57.59_veh-26_00016_00484,97,idm,119,,0.0,7.963865573142328,2.929891819959593,7.126258901939135,1,121,,0.0,7.963865573142328,2.929891819959593,7.126258901939135,1,117,,0.0,7.963865573142328,2.929891819959593,7.126258901939135,1,120,,0.0,7.963865573142328,2.929891819959593,7.126258901939135,1,119,,0.0,7.963865573142328,2.929891819959593,7.126258901939135,1,119,cheap,0.0,7.963865573142328,2.929891819959593,7.126258901939135,1,121,,0.0,7.963865573142328,2.929891819959593,7.126258901939135,1,8a80c9dc5baac76137f8c741ae757af3dbcf5353,126,0.0,7.963865573142328,2.929891819959593,7.126258901939135,1,True
9a05535281e759fb,2021.06.28.16.57.59_veh-26_00016_00484,110,idm,125,,0.0,5.72984010726982,4.599412193190851,7.931022059562411,1,130,,0.0,5.667741787990046,3.7023410418882117,4.8018103347109,1,124,,0.0,5.667741787990046,3.7023410418882117,4.8018103347109,1,130,,0.0,5.667741787990046,3.7023410418882117,4.8018103347109,1,126,,0.0,5.667741787990046,3.7023410418882117,4.8018103347109,1,125,cheap,0.0,5.72984010726982,4.599412193190851,7.931022059562411,1,130,,0.0,5.667741787990046,3.7023410418882117,4.8018103347109,1,a54ee1f08eb189085e7667460283c88b9b7e5689,132,0.0,5.667741787990046,3.7023410418882117,4.8018103347109,1,True
9a05535281e759fb,2021.06.28.16.57.59_veh-26_00016_00484,123,idm,125,,0.0,5.587789292990944,3.619359397220376,4.7290376619116685,1,129,,0.0,5.587789292990944,3.619359397220376,4.7290376619116685,1,125,cheap,0.0,5.587789292990944,3.619359397220376,4.7290376619116685,1,129,,0.0,5.587789292990944,3.619359397220376,4.7290376619116685,1,126,,0.0,5.587789292990944,3.619359397220376,4.7290376619116685,1,125,cheap,0.0,5.587789292990944,3.619359397220376,4.7290376619116685,1,127,,0.0,5.587789292990944,3.619359397220376,4.7290376619116685,1,4e15ba437bcb2b2caa0e6571c4e78b7e8070e45f,132,0.0,5.587789292990944,3.619359397220376,4.7290376619116685,1,True
9a05535281e759fb,2021.06.28.16.57.59_veh-26_00016_00484,137,idm,128,,0.0,4.287156221510231,3.4923269452424526,4.715474323089897,1,130,,0.0,4.287156221510231,3.4923269452424526,4.715474323089897,1,128,cheap,0.0,4.287156221510231,3.4923269452424526,4.715474323089897,1,130,full,0.0,4.287156221510231,3.4923269452424526,4.715474323089897,1,128,,0.0,4.287156221510231,3.4923269452424526,4.715474323089897,1,128,cheap,0.0,4.287156221510231,3.4923269452424526,4.715474323089897,1,130,,0.0,4.287156221510231,3.4923269452424526,4.715474323089897,1,ec00c1427d46a0035390faaff758fcf5ce598ab9,135,0.0,4.287156221510231,3.4923269452424526,4.715474323089897,1,True
9a05535281e759fb,2021.06.28.16.57.59_veh-26_00016_00484,150,idm,132,,0.0,4.289207335346497,3.383664004979714,4.757147878419118,1,134,,0.0,4.289207335346497,3.383664004979714,4.757147878419118,1,132,cheap,0.0,4.289207335346497,3.383664004979714,4.757147878419118,1,134,full,0.0,4.289207335346497,3.383664004979714,4.757147878419118,1,133,,0.0,4.289207335346497,3.383664004979714,4.757147878419118,1,132,,0.0,4.289207335346497,3.383664004979714,4.757147878419118,1,133,,0.0,4.289207335346497,3.383664004979714,4.757147878419118,1,dd658c981c55fd643d3b39559ef2ffe3553c7e2b,138,0.0,4.289207335346497,3.383664004979714,4.757147878419118,1,True
9a05535281e759fb,2021.06.28.16.57.59_veh-26_00016_00484,163,idm,137,,0.0,4.306761670110386,3.34478539572199,5.003646678669164,1,137,,0.0,4.306761670110386,3.34478539572199,5.003646678669164,1,137,cheap,0.0,4.306761670110386,3.34478539572199,5.003646678669164,1,137,full,0.0,4.306761670110386,3.34478539572199,5.003646678669164,1,137,cheap,0.0,4.306761670110386,3.34478539572199,5.003646678669164,1,137,cheap,0.0,4.306761670110386,3.34478539572199,5.003646678669164,1,137,,0.0,4.306761670110386,3.34478539572199,5.003646678669164,1,5aa698a3ddb2472ea02a4b90e0217ffd8128eeb0,140,0.0,4.306761670110386,3.34478539572199,5.003646678669164,1,True
9a05535281e759fb,2021.06.28.16.57.59_veh-26_00016_00484,176,idm,142,,0.0,4.2970170600528,3.3215693771179233,5.374728986234051,1,142,,0.0,4.2970170600528,3.3215693771179233,5.374728986234051,1,141,,0.0,4.2970170600528,3.3215693771179233,5.374728986234051,1,142,full,0.0,4.2970170600528,3.3215693771179233,5.374728986234051,1,142,full,0.0,4.2970170600528,3.3215693771179233,5.374728986234051,1,142,cheap,0.0,4.2970170600528,3.3215693771179233,5.374728986234051,1,142,full,0.0,4.2970170600528,3.3215693771179233,5.374728986234051,1,53c7371793b109c03e3dbb08aae466b08902ebd9,144,0.0,4.2970170600528,3.3215693771179233,5.374728986234051,1,True
9a05535281e759fb,2021.06.28.16.57.59_veh-26_00016_00484,190,idm,119,,0.0,4.304245718024922,3.2133518131695697,5.46040972744982,1,123,,0.0,4.304245718024922,3.2133518131695697,5.46040972744982,1,118,,0.0,4.304245718024922,3.2133518131695697,5.46040972744982,1,120,,0.0,4.304245718024922,3.2133518131695697,5.46040972744982,1,120,,0.0,4.304245718024922,3.2133518131695697,5.46040972744982,1,119,cheap,0.0,4.304245718024922,3.2133518131695697,5.46040972744982,1,123,full,0.0,4.304245718024922,3.2133518131695697,5.46040972744982,1,6a1b4c8d8f6e53f08228f7a7e0c2d101d7eff90d,122,0.0,4.304245718024922,3.2133518131695697,5.46040972744982,1,True
9a05535281e759fb,2021.06.28.16.57.59_veh-26_00016_00484,203,idm,114,,0.0,4.306761681049173,3.1104639267070118,5.383239100102314,1,116,,0.0,4.306761681049173,3.1104639267070118,5.383239100102314,1,114,cheap,0.0,4.306761681049173,3.1104639267070118,5.383239100102314,1,114,cheap,0.0,4.306761681049173,3.1104639267070118,5.383239100102314,1,114,,0.0,4.306761681049173,3.1104639267070118,5.383239100102314,1,114,cheap,0.0,4.306761681049173,3.1104639267070118,5.383239100102314,1,116,,0.0,4.306761681049173,3.1104639267070118,5.383239100102314,1,e55e1c53a0a21035793f293cc7c125a1f1a8f34a,120,0.0,4.306761681049173,3.1104639267070118,5.383239100102314,1,True
9a05535281e759fb,2021.06.28.16.57.59_veh-26_00016_00484,216,idm,99,,0.0,4.549580025482534,2.9926251785661133,5.042314211346257,1,101,,0.0,4.549580025482534,2.9926251785661133,5.042314211346257,1,99,,0.0,4.549580025482534,2.9926251785661133,5.042314211346257,1,100,,0.0,4.549580025482534,2.9926251785661133,5.042314211346257,1,99,,0.0,4.549580025482534,2.9926251785661133,5.042314211346257,1,99,cheap,0.0,4.549580025482534,2.9926251785661133,5.042314211346257,1,101,,0.0,4.549580025482534,2.9926251785661133,5.042314211346257,1,bcb01b64c32ac1f7babe6f55591a82b9c1a992c5,103,0.0,4.549580025482534,2.9926251785661133,5.042314211346257,1,True
9a05535281e759fb,2021.06.28.16.57.59_veh-26_00016_00484,230,idm,91,,0.0,1.7082370812448706,4.414229342818493,10.737566142887488,1,93,,0.0,1.7082370812448706,4.414229342818493,10.737566142887488,1,91,cheap,0.0,1.7082370812448706,4.414229342818493,10.737566142887488,1,93,,0.0,1.7082370812448706,4.414229342818493,10.737566142887488,1,92,,0.0,1.7082370812448706,4.414229342818493,10.737566142887488,1,91,cheap,0.0,1.7082370812448706,4.414229342818493,10.737566142887488,1,93,,0.0,1.7082370812448706,4.414229342818493,10.737566142887488,1,36188bc3b8569e03aed2d531cd98b5b08cc1bc56,95,0.0,1.7082370812448706,4.414229342818493,10.737566142887488,1,True
9a05535281e759fb,2021.06.28.16.57.59_veh-26_00016_00484,243,idm,89,,0.0,1.7056942414901064,4.762707725713833,11.234517847823806,1,92,,0.0,1.7056942414901064,4.762707725713833,11.234517847823806,1,89,cheap,0.0,1.7056942414901064,4.762707725713833,11.234517847823806,1,90,,0.0,1.7056942414901064,4.762707725713833,11.234517847823806,1,90,full_nofp,0.0,1.7056942414901064,4.762707725713833,11.234517847823806,1,89,cheap,0.0,1.7056942414901064,4.762707725713833,11.234517847823806,1,92,full,0.0,1.7056942414901064,4.762707725713833,11.234517847823806,1,862c42e04011ecb073c6d3abf14af41fe3b6aecb,92,0.0,1.7056942414901064,4.762707725713833,11.234517847823806,1,True
9a05535281e759fb,2021.06.28.16.57.59_veh-26_00016_00484,256,idm,79,,0.0,1.718197086317873,4.73512112917741,10.959369897690669,1,81,,0.0,1.718197086317873,4.73512112917741,10.959369897690669,1,79,,0.0,1.718197086317873,4.73512112917741,10.959369897690669,1,80,,0.0,1.718197086317873,4.73512112917741,10.959369897690669,1,80,full_nofp,0.0,1.718197086317873,4.73512112917741,10.959369897690669,1,79,cheap,0.0,1.718197086317873,4.73512112917741,10.959369897690669,1,81,full,0.0,1.718197086317873,4.73512112917741,10.959369897690669,1,fb070ff40c80215349c712214895c3fcd2b79c09,82,0.0,1.718197086317873,4.73512112917741,10.959369897690669,1,True
9a05535281e759fb,2021.06.28.16.57.59_veh-26_00016_00484,270,idm,68,,0.0,1.7299396100739188,4.510097634720788,10.24026554867107,1,71,,0.0,1.7299396100739188,4.510097634720788,10.24026554867107,1,68,,0.0,1.7299396100739188,4.510097634720788,10.24026554867107,1,69,,0.0,1.7299396100739188,4.510097634720788,10.24026554867107,1,68,,0.0,1.7299396100739188,4.510097634720788,10.24026554867107,1,68,,0.0,1.7299396100739188,4.510097634720788,10.24026554867107,1,71,full,0.0,1.7299396100739188,4.510097634720788,10.24026554867107,1,9d2b3c92c588d8fac315f48f0c656f81dc51c32a,71,0.0,1.7299396100739188,4.510097634720788,10.24026554867107,1,True
9a05535281e759fb,2021.06.28.16.57.59_veh-26_00016_00484,283,idm,64,,0.0,1.703014584281846,4.086399457381608,9.108113097719423,1,64,,0.0,1.703014584281846,4.086399457381608,9.108113097719423,1,63,,0.0,1.703014584281846,4.086399457381608,9.108113097719423,1,64,full,0.0,1.703014584281846,4.086399457381608,9.108113097719423,1,63,cheap_nofp,0.0,1.703014584281846,4.086399457381608,9.108113097719423,1,64,,0.0,1.703014584281846,4.086399457381608,9.108113097719423,1,64,full,0.0,1.703014584281846,4.086399457381608,9.108113097719423,1,4b42b2cd43bb1b9c03c7901722aaf4b9211bd88b,67,0.0,1.703014584281846,4.086399457381608,9.108113097719423,1,True
9a05535281e759fb,2021.06.28.16.57.59_veh-26_00016_00484,296,idm,55,,0.0,1.828126824627027,3.5891721667309566,7.949266350685896,1,56,,0.0,1.828126824627027,3.5891721667309566,7.949266350685896,1,54,,0.0,1.828126824627027,3.5891721667309566,7.949266350685896,1,56,,0.0,1.828126824627027,3.5891721667309566,7.949266350685896,1,56,,0.0,1.828126824627027,3.5891721667309566,7.949266350685896,1,55,cheap,0.0,1.828126824627027,3.5891721667309566,7.949266350685896,1,56,,0.0,1.828126824627027,3.5891721667309566,7.949266350685896,1,d8d92617aaed047aa5b654b1c13c742a572ae13d,60,0.0,1.828126824627027,3.5891721667309566,7.949266350685896,1,True
9a05535281e759fb,2021.06.28.16.57.59_veh-26_00016_00484,310,idm,52,,0.0,1.9088975940642778,1.2858752291165931,0.8955911264922056,1,51,,0.0,1.9088975940642778,1.2858752291165931,0.8955911264922056,1,48,,0.0,1.9088975940642778,1.2858752291165931,0.8955911264922056,1,49,,0.0,1.9088975940642778,1.2858752291165931,0.8955911264922056,1,49,,0.0,1.9088975940642778,1.2858752291165931,0.8955911264922056,1,52,,0.0,1.9088975940642778,1.2858752291165931,0.8955911264922056,1,51,full,0.0,1.9088975940642778,1.2858752291165931,0.8955911264922056,1,075471a27ffa6a9174c5fc53c98044e6cb766c19,53,0.0,1.9088975940642778,1.2858752291165931,0.8955911264922056,1,True
9e459adbfed65132,2021.10.01.19.16.42_veh-28_03307_03808,4,idm,60,,0.0,2.308452875743928,1.2048412098313501,3.3907490009965873,1,61,,0.0,2.308452875743928,1.2048412098313501,3.3907490009965873,1,58,,0.0,2.308452875743928,1.2048412098313501,3.3907490009965873,1,60,,0.0,2.308452875743928,1.2048412098313501,3.3907490009965873,1,58,,0.0,2.308452875743928,1.2048412098313501,3.3907490009965873,1,60,,0.0,2.308452875743928,1.2048412098313501,3.3907490009965873,1,60,,0.0,2.308452875743928,1.2048412098313501,3.3907490009965873,1,5d222b8925b89b6bf799ecc5ba1fe645117da2bb,64,0.0,2.308452875743928,1.2048412098313501,3.3907490009965873,1,True
9e459adbfed65132,2021.10.01.19.16.42_veh-28_03307_03808,17,idm,58,,0.0,2.6815550796158414,1.622843542209195,4.996552699706947,1,63,,0.0,2.6815550796158414,1.622843542209195,4.996552699706947,1,58,,0.0,2.6815550796158414,1.622843542209195,4.996552699706947,1,62,,0.0,2.6815550796158414,1.622843542209195,4.996552699706947,1,60,,0.0,2.6815550796158414,1.622843542209195,4.996552699706947,1,58,,0.0,2.6815550796158414,1.622843542209195,4.996552699706947,1,62,,0.0,2.6815550796158414,1.622843542209195,4.996552699706947,1,8a3e91b0954ce2d06c9d987b0accf105025acaf1,66,0.0,2.6815550796158414,1.622843542209195,4.996552699706947,1,True
9e459adbfed65132,2021.10.01.19.16.42_veh-28_03307_03808,30,idm,57,,0.0,3.080541702493534,2.3709066534960512,6.989785658513438,1,61,,0.0,3.080541702493534,2.3709066534960512,6.989785658513438,1,57,,0.0,3.080541702493534,2.3709066534960512,6.989785658513438,1,60,,0.0,3.080541702493534,2.3709066534960512,6.989785658513438,1,58,,0.0,3.080541702493534,2.3709066534960512,6.989785658513438,1,57,,0.0,3.080541702493534,2.3709066534960512,6.989785658513438,1,61,,0.0,3.080541702493534,2.3709066534960512,6.989785658513438,1,57904175a5b933a511be59f477edb2f22b3f5803,63,0.0,3.080541702493534,2.3709066534960512,6.989785658513438,1,True
9e459adbfed65132,2021.10.01.19.16.42_veh-28_03307_03808,43,idm,56,,0.0,1.8860562825289588,3.3653628407017577,9.309120706465661,1,63,,0.0,1.8860562825289588,3.3653628407017577,9.309120706465661,1,56,cheap,0.0,1.8860562825289588,3.3653628407017577,9.309120706465661,1,61,,0.0,1.8860562825289588,3.3653628407017577,9.309120706465661,1,58,,0.0,1.8860562825289588,3.3653628407017577,9.309120706465661,1,56,,0.0,1.8860562825289588,3.3653628407017577,9.309120706465661,1,62,,0.0,1.8860562825289588,3.3653628407017577,9.309120706465661,1,82601e177fd5ff644b2e87e4aee5b7e565dda976,66,0.0,1.8860562825289588,3.3653628407017577,9.309120706465661,1,True
9e459adbfed65132,2021.10.01.19.16.42_veh-28_03307_03808,57,idm,51,,1.0,0.0,4.77941093087007,12.203842728484627,1,54,,1.0,0.0,4.77941093087007,12.203842728484627,1,48,,1.0,0.0,4.77941093087007,12.203842728484627,1,53,,1.0,0.0,4.77941093087007,12.203842728484627,1,49,,1.0,0.0,4.77941093087007,12.203842728484627,1,51,,1.0,0.0,4.77941093087007,12.203842728484627,1,53,,1.0,0.0,4.77941093087007,12.203842728484627,1,ae1c9e859fa4f8e50a775748f774f58bed71b84f,70,1.0,0.0,4.77941093087007,12.203842728484627,1,True
9e459adbfed65132,2021.10.01.19.16.42_veh-28_03307_03808,70,idm,52,,1.0,0.0,6.825679000290115,15.474535038003227,1,56,,1.0,0.0,6.825679000290115,15.474535038003227,1,52,cheap,1.0,0.0,6.825679000290115,15.474535038003227,1,55,,1.0,0.0,6.825679000290115,15.474535038003227,1,53,,1.0,0.0,6.825679000290115,15.474535038003227,1,52,,1.0,0.0,6.825679000290115,15.474535038003227,1,56,,1.0,0.0,6.825679000290115,15.474535038003227,1,9ae7a944c754b92d2c027bc8995a830d95059a02,72,1.0,0.0,6.825679000290115,15.474535038003227,1,True
9e459adbfed65132,2021.10.01.19.16.42_veh-28_03307_03808,83,idm,51,,1.0,0.0,8.015184793289546,17.425320342435473,1,53,,1.0,0.0,8.015184793289546,17.425320342435473,1,51,cheap,1.0,0.0,8.015184793289546,17.425320342435473,1,52,,1.0,0.0,8.015184793289546,17.425320342435473,1,50,,1.0,0.0,8.015184793289546,17.425320342435473,1,51,,1.0,0.0,8.015184793289546,17.425320342435473,1,53,,1.0,0.0,8.015184793289546,17.425320342435473,1,2ec5bb0db55324075a65414f0df22f4b5a6cbc17,71,1.0,0.0,8.015184793289546,17.425320342435473,1,True
9e459adbfed65132,2021.10.01.19.16.42_veh-28_03307_03808,96,idm,50,,1.0,0.0,8.290959130928165,17.99301440076817,1,52,,1.0,0.0,8.290959130928165,17.99301440076817,1,49,,1.0,0.0,8.290959130928165,17.99301440076817,1,52,,1.0,0.0,8.290959130928165,17.99301440076817,1,49,,1.0,0.0,8.290959130928165,17.99301440076817,1,50,,1.0,0.0,8.290959130928165,17.99301440076817,1,52,,1.0,0.0,8.290959130928165,17.99301440076817,1,6e12dd978981949ca2a79e6b61c3d1477b334832,70,1.0,0.0,8.290959130928165,17.99301440076817,1,True
9e459adbfed65132,2021.10.01.19.16.42_veh-28_03307_03808,110,idm,49,,1.0,0.0,5.577010789254799,10.338856717082525,1,55,,1.0,0.0,5.577010789254799,10.338856717082525,1,49,,1.0,0.0,5.577010789254799,10.338856717082525,1,53,,1.0,0.0,5.577010789254799,10.338856717082525,1,47,,1.0,0.0,5.577010789254799,10.338856717082525,1,49,,1.0,0.0,5.577010789254799,10.338856717082525,1,53,,1.0,0.0,5.577010789254799,10.338856717082525,1,7525be19bfde0d9cadc8851cfcbc7aaaaee302bb,72,1.0,0.0,5.577010789254799,10.338856717082525,1,True
9e459adbfed65132,2021.10.01.19.16.42_veh-28_03307_03808,123,idm,44,,0.0,0.6526081585574078,2.6116520578711473,3.9087350101591376,1,47,,0.0,0.6526081585574078,2.6116520578711473,3.9087350101591376,1,43,,0.0,0.6526081585574078,2.6116520578711473,3.9087350101591376,1,45,,0.0,0.6526081585574078,2.6116520578711473,3.9087350101591376,1,43,,0.0,0.6526081585574078,2.6116520578711473,3.9087350101591376,1,44,,0.0,0.6526081585574078,2.6116520578711473,3.9087350101591376,1,47,,0.0,0.6526081585574078,2.6116520578711473,3.9087350101591376,1,e6259abecde866d4d43de866fa3f7eb1b87ea578,66,0.0,0.6526081585574078,2.6116520578711473,3.9087350101591376,1,True
9e459adbfed65132,2021.10.01.19.16.42_veh-28_03307_03808,136,idm,42,,0.0,0.8808783869710994,0.36704707449893703,0.4884757182773948,1,46,,0.0,0.8808783869710994,0.36704707449893703,0.4884757182773948,1,41,,0.0,0.8808783869710994,0.36704707449893703,0.4884757182773948,1,43,,0.0,0.8808783869710994,0.36704707449893703,0.4884757182773948,1,42,,0.0,0.8808783869710994,0.36704707449893703,0.4884757182773948,1,42,,0.0,0.8808783869710994,0.36704707449893703,0.4884757182773948,1,46,,0.0,0.8808783869710994,0.36704707449893703,0.4884757182773948,1,b4d186c8f80dc662a26c78b595c83a6e4c732b30,67,0.0,0.8808783869710994,0.36704707449893703,0.4884757182773948,1,True
9e459adbfed65132,2021.10.01.19.16.42_veh-28_03307_03808,149,idm,42,,0.0,1.196243516147717,0.5218748099704662,1.1179655845442653,1,45,,0.0,1.196243516147717,0.5218748099704662,1.1179655845442653,1,40,,0.0,1.196243516147717,0.5218748099704662,1.1179655845442653,1,43,,0.0,1.196243516147717,0.5218748099704662,1.1179655845442653,1,41,,0.0,1.196243516147717,0.5218748099704662,1.1179655845442653,1,42,,0.0,1.196243516147717,0.5218748099704662,1.1179655845442653,1,45,,0.0,1.196243516147717,0.5218748099704662,1.1179655845442653,1,3a141f206bcac9a6d331a3de0a7412a5b314aa9c,60,0.0,1.196243516147717,0.5218748099704662,1.1179655845442653,1,True
9e459adbfed65132,2021.10.01.19.16.42_veh-28_03307_03808,163,idm,39,,0.0,1.2215615856600999,1.002966025847692,3.2791241759316727,1,44,,0.0,1.2215615856600999,1.002966025847692,3.2791241759316727,1,39,cheap,0.0,1.2215615856600999,1.002966025847692,3.2791241759316727,1,43,,0.0,1.2215615856600999,1.002966025847692,3.2791241759316727,1,41,,0.0,1.2215615856600999,1.002966025847692,3.2791241759316727,1,39,,0.0,1.2215615856600999,1.002966025847692,3.2791241759316727,1,44,,0.0,1.2215615856600999,1.002966025847692,3.2791241759316727,1,83677f71ec2e48db411622f29281b751ce925535,63,0.0,1.2215615856600999,1.002966025847692,3.2791241759316727,1,True
9e459adbfed65132,2021.10.01.19.16.42_veh-28_03307_03808,176,idm,42,,0.0,1.2944906898680055,1.9235870951368528,6.234551708628281,1,47,,0.0,1.2944906898680055,1.9235870951368528,6.234551708628281,1,40,,0.0,1.2944906898680055,1.9235870951368528,6.234551708628281,1,43,,0.0,1.2944906898680055,1.9235870951368528,6.234551708628281,1,39,,0.0,1.2944906898680055,1.9235870951368528,6.234551708628281,1,42,,0.0,1.2944906898680055,1.9235870951368528,6.234551708628281,1,47,,0.0,1.2944906898680055,1.9235870951368528,6.234551708628281,1,cc7cdf94f798fe199c5b0e94114e92450d8c241b,66,0.0,1.2944906898680055,1.9235870951368528,6.234551708628281,1,True
9e459adbfed65132,2021.10.01.19.16.42_veh-28_03307_03808,189,idm,44,,0.0,1.2716549610529213,3.433202401620608,9.864705889663957,1,46,,0.0,1.2716549610529213,3.433202401620608,9.864705889663957,1,43,,0.0,1.2716549610529213,3.433202401620608,9.864705889663957,1,46,,0.0,1.2716549610529213,3.433202401620608,9.864705889663957,1,44,,0.0,1.2716549610529213,3.433202401620608,9.864705889663957,1,44,,0.0,1.2716549610529213,3.433202401620608,9.864705889663957,1,46,,0.0,1.2716549610529213,3.433202401620608,9.864705889663957,1,29a1b781ea04cb853f69e65c405177244ac55eac,71,0.0,1.2716549610529213,3.433202401620608,9.864705889663957,1,True
9e459adbfed65132,2021.10.01.19.16.42_veh-28_03307_03808,202,idm,39,,1.0,0.0,5.432829090927051,13.894894470558402,1,44,,1.0,0.0,5.432829090927051,13.894894470558402,1,39,,1.0,0.0,5.432829090927051,13.894894470558402,1,42,,1.0,0.0,5.432829090927051,13.894894470558402,1,39,,1.0,0.0,5.432829090927051,13.894894470558402,1,39,,1.0,0.0,5.432829090927051,13.894894470558402,1,44,,1.0,0.0,5.432829090927051,13.894894470558402,1,8fcebead7a58827a28e19d886711db6b594c151e,67,1.0,0.0,5.432829090927051,13.894894470558402,1,True
9e459adbfed65132,2021.10.01.19.16.42_veh-28_03307_03808,216,idm,41,,1.0,0.0,7.4276597118376255,17.773388233975762,1,46,,1.0,0.0,7.4276597118376255,17.773388233975762,1,39,,1.0,0.0,7.4276597118376255,17.773388233975762,1,45,,1.0,0.0,7.4276597118376255,17.773388233975762,1,43,,1.0,0.0,7.4276597118376255,17.773388233975762,1,41,,1.0,0.0,7.4276597118376255,17.773388233975762,1,46,,1.0,0.0,7.4276597118376255,17.773388233975762,1,dd84c46050d9b6641ef699bbe861ad3f84a685f4,67,1.0,0.0,7.4276597118376255,17.773388233975762,1,True
9e459adbfed65132,2021.10.01.19.16.42_veh-28_03307_03808,229,idm,48,,0.0,1.4027283784751474,1.8347321795398788,4.394482413513515,1,56,,0.0,1.4027283784751474,1.8347321795398788,4.394482413513515,1,47,,0.0,1.4027283784751474,1.8347321795398788,4.394482413513515,1,56,,0.0,1.4027283784751474,1.8347321795398788,4.394482413513515,1,51,,0.0,1.4027283784751474,1.8347321795398788,4.394482413513515,1,48,cheap,0.0,1.4027283784751474,1.8347321795398788,4.394482413513515,1,56,,0.0,1.4027283784751474,1.8347321795398788,4.394482413513515,1,4d132ae4ef6b6140a87c22a32ec830487a4eba49,72,0.0,1.4027283784751474,1.8347321795398788,4.394482413513515,1,True
9e459adbfed65132,2021.10.01.19.16.42_veh-28_03307_03808,242,idm,54,,1.0,0.0,7.304949404777931,17.443142182563875,1,61,,1.0,0.0,7.304949404777931,17.443142182563875,1,54,,1.0,0.0,7.304949404777931,17.443142182563875,1,61,full,1.0,0.0,7.304949404777931,17.443142182563875,1,56,,1.0,0.0,7.304949404777931,17.443142182563875,1,54,,1.0,0.0,7.304949404777931,17.443142182563875,1,61,,1.0,0.0,7.304949404777931,17.443142182563875,1,79e042f1417d76c8c75e49cfd275443a4a4081d2,79,1.0,0.0,7.304949404777931,17.443142182563875,1,True
9e459adbfed65132,2021.10.01.19.16.42_veh-28_03307_03808,255,idm,54,,0.0,1.409215692706646,2.0899238429339415,5.337866259677767,1,64,,0.0,1.409215692706646,2.0899238429339415,5.337866259677767,1,54,,0.0,1.409215692706646,2.0899238429339415,5.337866259677767,1,62,,0.0,1.409215692706646,2.0899238429339415,5.337866259677767,1,59,,0.0,1.409215692706646,2.0899238429339415,5.337866259677767,1,54,,0.0,1.409215692706646,2.0899238429339415,5.337866259677767,1,64,,0.0,1.409215692706646,2.0899238429339415,5.337866259677767,1,e65b1ce484f8efb0e1fb6b221ddba718470bef44,79,0.0,1.409215692706646,2.0899238429339415,5.337866259677767,1,True
9e459adbfed65132,2021.10.01.19.16.42_veh-28_03307_03808,269,idm,63,,0.0,1.3646729632627543,2.4831598505437373,6.268530777419408,1,69,,0.0,1.3646729632627543,2.4831598505437373,6.268530777419408,1,61,,0.0,1.3646729632627543,2.4831598505437373,6.268530777419408,1,66,,0.0,1.3646729632627543,2.4831598505437373,6.268530777419408,1,64,,0.0,1.3646729632627543,2.4831598505437373,6.268530777419408,1,63,,0.0,1.3646729632627543,2.4831598505437373,6.268530777419408,1,69,,0.0,1.3646729632627543,2.4831598505437373,6.268530777419408,1,401cfcc1771b6d962e4299cc318ef1a2a9cec8ad,81,0.0,1.3646729632627543,2.4831598505437373,6.268530777419408,1,True
9e459adbfed65132,2021.10.01.19.16.42_veh-28_03307_03808,282,idm,63,,0.0,1.3646592911254851,2.8962277502634306,7.1749023727519345,1,63,,0.0,1.3646592911254851,2.8962277502634306,7.1749023727519345,1,61,,0.0,1.3646592911254851,2.8962277502634306,7.1749023727519345,1,61,,0.0,1.3646592911254851,2.8962277502634306,7.1749023727519345,1,60,,0.0,1.3646592911254851,2.8962277502634306,7.1749023727519345,1,63,,0.0,1.3646592911254851,2.8962277502634306,7.1749023727519345,1,63,,0.0,1.3646592911254851,2.8962277502634306,7.1749023727519345,1,7422d657c6f98e970c54ed309fc1b40e744da93a,77,0.0,1.3646592911254851,2.8962277502634306,7.1749023727519345,1,True
9e459adbfed65132,2021.10.01.19.16.42_veh-28_03307_03808,295,idm,58,,0.0,1.3710208937768689,3.21941676524507,8.005982038567586,1,61,,0.0,1.3710208937768689,3.21941676524507,8.005982038567586,1,57,,0.0,1.3710208937768689,3.21941676524507,8.005982038567586,1,59,,0.0,1.3710208937768689,3.21941676524507,8.005982038567586,1,57,,0.0,1.3710208937768689,3.21941676524507,8.005982038567586,1,58,,0.0,1.3710208937768689,3.21941676524507,8.005982038567586,1,61,,0.0,1.3710208937768689,3.21941676524507,8.005982038567586,1,fcd743088afd8c15419c24b073e6e97e73225043,76,0.0,1.3710208937768689,3.21941676524507,8.005982038567586,1,True
9e459adbfed65132,2021.10.01.19.16.42_veh-28_03307_03808,309,idm,59,,0.0,0.90728511262567,3.6222104616347712,9.101482514370643,1,64,,0.0,0.90728511262567,3.6222104616347712,9.101482514370643,1,58,,0.0,0.90728511262567,3.6222104616347712,9.101482514370643,1,61,,0.0,0.90728511262567,3.6222104616347712,9.101482514370643,1,57,,0.0,0.90728511262567,3.6222104616347712,9.101482514370643,1,59,,0.0,0.90728511262567,3.6222104616347712,9.101482514370643,1,64,,0.0,0.90728511262567,3.6222104616347712,9.101482514370643,1,f754c364c6e68af927c5231fcc4e196efb2e9af2,78,0.0,0.90728511262567,3.6222104616347712,9.101482514370643,1,True
a2a956641a6d5a7f,2021.06.08.16.31.33_veh-38_01589_02072,4,idm,121,,0.0,0.7376244877496833,1.8128522246867842,3.731616910521469,1,126,,0.0,0.7376244877496833,1.8128522246867842,3.731616910521469,1,121,cheap,0.0,0.7376244877496833,1.8128522246867842,3.731616910521469,1,122,,0.0,0.7376244877496833,1.8128522246867842,3.731616910521469,1,119,,0.0,0.7376244877496833,1.8128522246867842,3.731616910521469,1,121,,0.0,0.7376244877496833,1.8128522246867842,3.731616910521469,1,125,,0.0,0.7376244877496833,1.8128522246867842,3.731616910521469,1,aac8215c11d98d1e0d9b2dee9d791ba4ced0a8c3,135,0.0,0.7376244877496833,1.8128522246867842,3.731616910521469,1,True
a2a956641a6d5a7f,2021.06.08.16.31.33_veh-38_01589_02072,17,idm,128,,0.0,0.75801157320031,1.8175751758174796,3.747154220471822,1,126,,0.0,0.75801157320031,1.8175751758174796,3.747154220471822,1,126,,0.0,0.75801157320031,1.8175751758174796,3.747154220471822,1,124,,0.0,0.75801157320031,1.8175751758174796,3.747154220471822,1,126,,0.0,0.75801157320031,1.8175751758174796,3.747154220471822,1,128,,0.0,0.75801157320031,1.8175751758174796,3.747154220471822,1,126,,0.0,0.75801157320031,1.8175751758174796,3.747154220471822,1,57a6b4f41cec7b7929dd540318b3b73b43c64b61,138,0.0,0.75801157320031,1.8175751758174796,3.747154220471822,1,True
a2a956641a6d5a7f,2021.06.08.16.31.33_veh-38_01589_02072,30,idm,122,,0.0,0.7369078205889831,1.8156736075139057,3.741568373923653,1,123,,0.0,0.7369078205889831,1.8156736075139057,3.741568373923653,1,122,cheap,0.0,0.7369078205889831,1.8156736075139057,3.741568373923653,1,121,,0.0,0.7369078205889831,1.8156736075139057,3.741568373923653,1,120,,0.0,0.7369078205889831,1.8156736075139057,3.741568373923653,1,122,,0.0,0.7369078205889831,1.8156736075139057,3.741568373923653,1,122,,0.0,0.7369078205889831,1.8156736075139057,3.741568373923653,1,250eb74206c9c1c44530939ffae988c102a5d6e3,138,0.0,0.7369078205889831,1.8156736075139057,3.741568373923653,1,True
a2a956641a6d5a7f,2021.06.08.16.31.33_veh-38_01589_02072,43,idm,119,,0.0,0.7316328709035175,1.816819563326022,3.744675868742247,1,121,,0.0,0.7316328709035175,1.816819563326022,3.744675868742247,1,119,cheap,0.0,0.7316328709035175,1.816819563326022,3.744675868742247,1,119,,0.0,0.7316328709035175,1.816819563326022,3.744675868742247,1,119,,0.0,0.7316328709035175,1.816819563326022,3.744675868742247,1,118,,0.0,0.7316328709035175,1.816819563326022,3.744675868742247,1,120,,0.0,0.7316328709035175,1.816819563326022,3.744675868742247,1,a22eaae0da1c83fcd2948f5f9a5b7be4b305df03,137,0.0,0.7316328709035175,1.816819563326022,3.744675868742247,1,True
a2a956641a6d5a7f,2021.06.08.16.31.33_veh-38_01589_02072,57,idm,117,,0.0,0.7306161522504551,1.816820432653158,3.7417511739115032,1,122,,0.0,0.7306161522504551,1.816820432653158,3.7417511739115032,1,117,cheap,0.0,0.7306161522504551,1.816820432653158,3.7417511739115032,1,120,,0.0,0.7306161522504551,1.816820432653158,3.7417511739115032,1,117,,0.0,0.7306161522504551,1.816820432653158,3.7417511739115032,1,116,,0.0,0.7306161522504551,1.816820432653158,3.7417511739115032,1,120,,0.0,0.7306161522504551,1.816820432653158,3.7417511739115032,1,08ba1c8bd8199602fa9c2add40958399338f2248,136,0.0,0.7306161522504551,1.816820432653158,3.7417511739115032,1,True
a2a956641a6d5a7f,2021.06.08.16.31.33_veh-38_01589_02072,70,idm,116,,0.0,0.7373351651634023,1.8142568943818218,3.7369898796205825,1,117,,0.0,0.7373351651634023,1.8142568943818218,3.7369898796205825,1,114,,0.0,0.7373351651634023,1.8142568943818218,3.7369898796205825,1,116,,0.0,0.7373351651634023,1.8142568943818218,3.7369898796205825,1,115,,0.0,0.7373351651634023,1.8142568943818218,3.7369898796205825,1,116,,0.0,0.7373351651634023,1.8142568943818218,3.7369898796205825,1,116,,0.0,0.7373351651634023,1.8142568943818218,3.7369898796205825,1,5ed7220fbf7adb47b2f7cf265181647eb03603a4,134,0.0,0.7373351651634023,1.8142568943818218,3.7369898796205825,1,True
a2a956641a6d5a7f,2021.06.08.16.31.33_veh-38_01589_02072,83,idm,115,,0.0,0.7377740253020911,1.8148012949608012,3.735947091969112,1,116,,0.0,0.7377740253020911,1.8148012949608012,3.735947091969112,1,114,,0.0,0.7377740253020911,1.8148012949608012,3.735947091969112,1,114,,0.0,0.7377740253020911,1.8148012949608012,3.735947091969112,1,114,,0.0,0.7377740253020911,1.8148012949608012,3.735947091969112,1,115,,0.0,0.7377740253020911,1.8148012949608012,3.735947091969112,1,116,,0.0,0.7377740253020911,1.8148012949608012,3.735947091969112,1,68863d7ab2b7c2e5a2f7c582f229c0bb48893a94,135,0.0,0.7377740253020911,1.8148012949608012,3.735947091969112,1,True
a2a956641a6d5a7f,2021.06.08.16.31.33_veh-38_01589_02072,96,idm,116,,0.0,0.7472633752438022,1.8141648662197913,3.737371674235506,1,119,,0.0,0.7472633752438022,1.8141648662197913,3.737371674235506,1,115,,0.0,0.7472633752438022,1.8141648662197913,3.737371674235506,1,117,,0.0,0.7472633752438022,1.8141648662197913,3.737371674235506,1,116,,0.0,0.7472633752438022,1.8141648662197913,3.737371674235506,1,116,,0.0,0.7472633752438022,1.8141648662197913,3.737371674235506,1,117,,0.0,0.7472633752438022,1.8141648662197913,3.737371674235506,1,539382a993628dafc431e1601fbb83f933d150ba,138,0.0,0.7472633752438022,1.8141648662197913,3.737371674235506,1,True
a2a956641a6d5a7f,2021.06.08.16.31.33_veh-38_01589_02072,110,idm,117,,0.0,0.7317670429718531,1.815526920776894,3.737196368723015,1,120,,0.0,0.7317670429718531,1.815526920776894,3.737196368723015,1,117,,0.0,0.7317670429718531,1.815526920776894,3.737196368723015,1,118,,0.0,0.7317670429718531,1.815526920776894,3.737196368723015,1,116,,0.0,0.7317670429718531,1.815526920776894,3.737196368723015,1,117,,0.0,0.7317670429718531,1.815526920776894,3.737196368723015,1,120,,0.0,0.7317670429718531,1.815526920776894,3.737196368723015,1,4f7ae5749fb2f96889891cc498f5a40d241754cf,139,0.0,0.7317670429718531,1.815526920776894,3.737196368723015,1,True
a2a956641a6d5a7f,2021.06.08.16.31.33_veh-38_01589_02072,123,idm,121,,0.0,0.7356102987168829,1.816828443980346,3.747347060581476,1,124,,0.0,0.7356102987168829,1.816828443980346,3.747347060581476,1,121,,0.0,0.7356102987168829,1.816828443980346,3.747347060581476,1,124,full,0.0,0.7356102987168829,1.816828443980346,3.747347060581476,1,122,,0.0,0.7356102987168829,1.816828443980346,3.747347060581476,1,121,,0.0,0.7356102987168829,1.816828443980346,3.747347060581476,1,123,,0.0,0.7356102987168829,1.816828443980346,3.747347060581476,1,9bbe3cc0312361791398e374498216702369e5f7,143,0.0,0.7356102987168829,1.816828443980346,3.747347060581476,1,True
a2a956641a6d5a7f,2021.06.08.16.31.33_veh-38_01589_02072,136,idm,114,,0.0,0.7353446901074098,1.8165276722141697,3.7415070022771495,1,118,,0.0,0.7353446901074098,1.8165276722141697,3.7415070022771495,1,113,,0.0,0.7353446901074098,1.8165276722141697,3.7415070022771495,1,116,,0.0,0.7353446901074098,1.8165276722141697,3.7415070022771495,1,112,,0.0,0.7353446901074098,1.8165276722141697,3.7415070022771495,1,114,,0.0,0.7353446901074098,1.8165276722141697,3.7415070022771495,1,117,,0.0,0.7353446901074098,1.8165276722141697,3.7415070022771495,1,0485435a6a4aee383e68793ab013e10edea5a401,135,0.0,0.7353446901074098,1.8165276722141697,3.7415070022771495,1,True
a2a956641a6d5a7f,2021.06.08.16.31.33_veh-38_01589_02072,149,idm,112,,0.0,0.7409535661497203,1.817303361944423,3.7473814539996724,1,116,,0.0,0.7409535661497203,1.817303361944423,3.7473814539996724,1,112,,0.0,0.7409535661497203,1.817303361944423,3.7473814539996724,1,113,,0.0,0.7409535661497203,1.817303361944423,3.7473814539996724,1,111,,0.0,0.7409535661497203,1.817303361944423,3.7473814539996724,1,112,,0.0,0.7409535661497203,1.817303361944423,3.7473814539996724,1,115,,0.0,0.7409535661497203,1.817303361944423,3.7473814539996724,1,91734c1eb68606a80a010448ba8d0943ca6bab99,132,0.0,0.7409535661497203,1.817303361944423,3.7473814539996724,1,True
a2a956641a6d5a7f,2021.06.08.16.31.33_veh-38_01589_02072,163,idm,110,,0.0,0.7428222737937771,1.8134761477531929,3.7328715725397106,1,116,,0.0,0.7428222737937771,1.8134761477531929,3.7328715725397106,1,109,,0.0,0.7428222737937771,1.8134761477531929,3.7328715725397106,1,113,,0.0,0.7428222737937771,1.8134761477531929,3.7328715725397106,1,113,,0.0,0.7428222737937771,1.8134761477531929,3.7328715725397106,1,110,,0.0,0.7428222737937771,1.8134761477531929,3.7328715725397106,1,114,,0.0,0.7428222737937771,1.8134761477531929,3.7328715725397106,1,4b14acc2b51fca001bb035f8e6d103fe98eb020d,130,0.0,0.7428222737937771,1.8134761477531929,3.7328715725397106,1,True
a2a956641a6d5a7f,2021.06.08.16.31.33_veh-38_01589_02072,176,idm,112,,0.0,0.729042029326794,1.8149081784391004,3.7388503481314705,1,118,,0.0,0.729042029326794,1.8149081784391004,3.7388503481314705,1,111,,0.0,0.729042029326794,1.8149081784391004,3.7388503481314705,1,115,,0.0,0.729042029326794,1.8149081784391004,3.7388503481314705,1,113,,0.0,0.729042029326794,1.8149081784391004,3.7388503481314705,1,112,,0.0,0.729042029326794,1.8149081784391004,3.7388503481314705,1,115,,0.0,0.729042029326794,1.8149081784391004,3.7388503481314705,1,e5025ea4e457d11f8b7b24759d66c2fcfb0a0373,133,0.0,0.729042029326794,1.8149081784391004,3.7388503481314705,1,True
a2a956641a6d5a7f,2021.06.08.16.31.33_veh-38_01589_02072,189,idm,111,,0.0,0.7348576529254619,1.8104139564428672,3.7230376124284748,1,114,,0.0,0.7348576529254619,1.8104139564428672,3.7230376124284748,1,110,,0.0,0.7348576529254619,1.8104139564428672,3.7230376124284748,1,112,,0.0,0.7348576529254619,1.8104139564428672,3.7230376124284748,1,112,,0.0,0.7348576529254619,1.8104139564428672,3.7230376124284748,1,111,,0.0,0.7348576529254619,1.8104139564428672,3.7230376124284748,1,113,,0.0,0.7348576529254619,1.8104139564428672,3.7230376124284748,1,7e9e5f68b86b9fddba1f7ac26e2a6066d146ef0a,135,0.0,0.7348576529254619,1.8104139564428672,3.7230376124284748,1,True
a2a956641a6d5a7f,2021.06.08.16.31.33_veh-38_01589_02072,202,idm,114,,0.0,0.7304009191955979,1.8166508823289433,3.7435846722941846,1,117,,0.0,0.7304009191955979,1.8166508823289433,3.7435846722941846,1,113,,0.0,0.7304009191955979,1.8166508823289433,3.7435846722941846,1,115,,0.0,0.7304009191955979,1.8166508823289433,3.7435846722941846,1,115,,0.0,0.7304009191955979,1.8166508823289433,3.7435846722941846,1,114,,0.0,0.7304009191955979,1.8166508823289433,3.7435846722941846,1,116,,0.0,0.7304009191955979,1.8166508823289433,3.7435846722941846,1,8a181a995cda12be3f054a61587882a93b222194,139,0.0,0.7304009191955979,1.8166508823289433,3.7435846722941846,1,True
a2a956641a6d5a7f,2021.06.08.16.31.33_veh-38_01589_02072,216,idm,116,,0.0,0.7477579360424264,1.8137429921701864,3.7346640765408354,1,120,,0.0,0.7477579360424264,1.8137429921701864,3.7346640765408354,1,115,,0.0,0.7477579360424264,1.8137429921701864,3.7346640765408354,1,118,,0.0,0.7477579360424264,1.8137429921701864,3.7346640765408354,1,117,,0.0,0.7477579360424264,1.8137429921701864,3.7346640765408354,1,116,,0.0,0.7477579360424264,1.8137429921701864,3.7346640765408354,1,117,,0.0,0.7477579360424264,1.8137429921701864,3.7346640765408354,1,9b0b112fcc61e18cea9ed5a43dc9e54543294522,142,0.0,0.7477579360424264,1.8137429921701864,3.7346640765408354,1,True
a2a956641a6d5a7f,2021.06.08.16.31.33_veh-38_01589_02072,229,idm,117,,0.0,0.7446288857307594,1.8140882895504657,3.7347028005169833,1,120,,0.0,0.7446288857307594,1.8140882895504657,3.7347028005169833,1,116,,0.0,0.7446288857307594,1.8140882895504657,3.7347028005169833,1,118,,0.0,0.7446288857307594,1.8140882895504657,3.7347028005169833,1,118,,0.0,0.7446288857307594,1.8140882895504657,3.7347028005169833,1,117,,0.0,0.7446288857307594,1.8140882895504657,3.7347028005169833,1,118,,0.0,0.7446288857307594,1.8140882895504657,3.7347028005169833,1,bd645ec939bce7e2b888ed0ad4a60131a848e707,141,0.0,0.7446288857307594,1.8140882895504657,3.7347028005169833,1,True
a2a956641a6d5a7f,2021.06.08.16.31.33_veh-38_01589_02072,242,idm,115,,0.0,0.7199821444681574,1.8142601475582047,3.736249791005669,1,119,,0.0,0.7199821444681574,1.8142601475582047,3.736249791005669,1,115,,0.0,0.7199821444681574,1.8142601475582047,3.736249791005669,1,117,,0.0,0.7199821444681574,1.8142601475582047,3.736249791005669,1,115,,0.0,0.7199821444681574,1.8142601475582047,3.736249791005669,1,115,,0.0,0.7199821444681574,1.8142601475582047,3.736249791005669,1,116,,0.0,0.7199821444681574,1.8142601475582047,3.736249791005669,1,ee2568eef4c4e801269ea1613178113855880f77,136,0.0,0.7199821444681574,1.8142601475582047,3.736249791005669,1,True
a2a956641a6d5a7f,2021.06.08.16.31.33_veh-38_01589_02072,255,idm,117,,0.0,0.7358377122692914,1.8131160662020411,3.732840122382945,1,120,,0.0,0.7358377122692914,1.8131160662020411,3.732840122382945,1,117,cheap,0.0,0.7358377122692914,1.8131160662020411,3.732840122382945,1,119,,0.0,0.7358377122692914,1.8131160662020411,3.732840122382945,1,116,,0.0,0.7358377122692914,1.8131160662020411,3.732840122382945,1,117,,0.0,0.7358377122692914,1.8131160662020411,3.732840122382945,1,118,,0.0,0.7358377122692914,1.8131160662020411,3.732840122382945,1,252d8a66255f85ed3a41abb2f44683d1d4a7fe3b,137,0.0,0.7358377122692914,1.8131160662020411,3.732840122382945,1,True
a2a956641a6d5a7f,2021.06.08.16.31.33_veh-38_01589_02072,269,idm,119,,0.0,0.7433005759269633,1.8138906041314877,3.7348503558798516,1,122,,0.0,0.7433005759269633,1.8138906041314877,3.7348503558798516,1,119,cheap,0.0,0.7433005759269633,1.8138906041314877,3.7348503558798516,1,120,,0.0,0.7433005759269633,1.8138906041314877,3.7348503558798516,1,118,,0.0,0.7433005759269633,1.8138906041314877,3.7348503558798516,1,119,,0.0,0.7433005759269633,1.8138906041314877,3.7348503558798516,1,120,,0.0,0.7433005759269633,1.8138906041314877,3.7348503558798516,1,92ec2419733b2a1c204fc776420f2d0c648ab930,140,0.0,0.7433005759269633,1.8138906041314877,3.7348503558798516,1,True
a2a956641a6d5a7f,2021.06.08.16.31.33_veh-38_01589_02072,282,idm,116,,0.0,0.7202029255093729,1.816154134120732,3.7417471000335993,1,118,,0.0,0.7202029255093729,1.816154134120732,3.7417471000335993,1,116,cheap,0.0,0.7202029255093729,1.816154134120732,3.7417471000335993,1,116,,0.0,0.7202029255093729,1.816154134120732,3.7417471000335993,1,116,,0.0,0.7202029255093729,1.816154134120732,3.7417471000335993,1,116,,0.0,0.7202029255093729,1.816154134120732,3.7417471000335993,1,117,,0.0,0.7202029255093729,1.816154134120732,3.7417471000335993,1,cc3a3cd1c0e988687bcaec29083ee83f8b9a940c,138,0.0,0.7202029255093729,1.816154134120732,3.7417471000335993,1,True
a2a956641a6d5a7f,2021.06.08.16.31.33_veh-38_01589_02072,295,idm,114,,0.0,0.7445270908119377,1.8128376233948693,3.731022030287405,1,116,,0.0,0.7445270908119377,1.8128376233948693,3.731022030287405,1,114,cheap,0.0,0.7445270908119377,1.8128376233948693,3.731022030287405,1,114,,0.0,0.7445270908119377,1.8128376233948693,3.731022030287405,1,113,,0.0,0.7445270908119377,1.8128376233948693,3.731022030287405,1,114,,0.0,0.7445270908119377,1.8128376233948693,3.731022030287405,1,115,,0.0,0.7445270908119377,1.8128376233948693,3.731022030287405,1,a34b73891da4b45a4ceda94d21291201bc83190b,138,0.0,0.7445270908119377,1.8128376233948693,3.731022030287405,1,True
a2a956641a6d5a7f,2021.06.08.16.31.33_veh-38_01589_02072,309,idm,111,,0.0,0.7345778302901277,1.8158648660925358,3.7409465234413974,1,112,,0.0,0.7345778302901277,1.8158648660925358,3.7409465234413974,1,111,cheap,0.0,0.7345778302901277,1.8158648660925358,3.7409465234413974,1,110,,0.0,0.7345778302901277,1.8158648660925358,3.7409465234413974,1,110,,0.0,0.7345778302901277,1.8158648660925358,3.7409465234413974,1,111,,0.0,0.7345778302901277,1.8158648660925358,3.7409465234413974,1,112,full,0.0,0.7345778302901277,1.8158648660925358,3.7409465234413974,1,169fe0e0e1b5fa48e2a6e8c494819f4f391eecf1,135,0.0,0.7345778302901277,1.8158648660925358,3.7409465234413974,1,True
a6dfea6d6da7541a,2021.07.16.18.06.21_veh-38_04933_05307,4,idm,94,,1.0,0.0,20.682334716900137,29.31457844540146,1,94,,1.0,0.0,20.682334716900137,29.31457844540146,1,93,,1.0,0.0,20.682334716900137,29.31457844540146,1,94,,1.0,0.0,20.682334716900137,29.31457844540146,1,94,,1.0,0.0,20.682334716900137,29.31457844540146,1,94,,1.0,0.0,20.682334716900137,29.31457844540146,1,94,,1.0,0.0,20.682334716900137,29.31457844540146,1,3130529a13a48bd35a616ca84fb3c82a57b85705,95,1.0,0.0,20.682334716900137,29.31457844540146,1,True
a6dfea6d6da7541a,2021.07.16.18.06.21_veh-38_04933_05307,17,idm,94,,1.0,0.0,23.841087504544156,32.63850646935805,1,93,,1.0,0.0,23.841087504544156,32.63850646935805,1,93,full,1.0,0.0,23.841087504544156,32.63850646935805,1,93,full,1.0,0.0,23.841087504544156,32.63850646935805,1,93,full,1.0,0.0,23.841087504544156,32.63850646935805,1,94,cheap,1.0,0.0,23.841087504544156,32.63850646935805,1,93,full,1.0,0.0,23.841087504544156,32.63850646935805,1,daad01a80adf3a1fdca8123bbfadc87622f78d85,95,1.0,0.0,23.841087504544156,32.63850646935805,1,True
a6dfea6d6da7541a,2021.07.16.18.06.21_veh-38_04933_05307,30,idm,87,,1.0,0.0,27.073886326932247,35.92318870768798,1,87,,1.0,0.0,27.073886326932247,35.92318870768798,1,87,full,1.0,0.0,27.073886326932247,35.92318870768798,1,87,full,1.0,0.0,27.073886326932247,35.92318870768798,1,87,full,1.0,0.0,27.073886326932247,35.92318870768798,1,87,cheap,1.0,0.0,27.073886326932247,35.92318870768798,1,87,full,1.0,0.0,27.073886326932247,35.92318870768798,1,19e4dd090113c1a4e30cf20bf3331f6d1c8f13f0,89,1.0,0.0,27.073886326932247,35.92318870768798,1,True
a6dfea6d6da7541a,2021.07.16.18.06.21_veh-38_04933_05307,43,idm,89,,1.0,0.0,30.349668660520926,39.25588977400077,1,89,cheap,1.0,0.0,30.349668660520926,39.25588977400077,1,89,cheap,1.0,0.0,30.349668660520926,39.25588977400077,1,89,cheap,1.0,0.0,30.349668660520926,39.25588977400077,1,89,cheap,1.0,0.0,30.349668660520926,39.25588977400077,1,89,cheap,1.0,0.0,30.349668660520926,39.25588977400077,1,89,cheap,1.0,0.0,30.349668660520926,39.25588977400077,1,4e23899ecd304e97dd74b120641d040410c7ba7e,91,1.0,0.0,30.349668660520926,39.25588977400077,1,True
a6dfea6d6da7541a,2021.07.16.18.06.21_veh-38_04933_05307,57,idm,75,,1.0,0.0,33.92303937891211,42.97254371487861,1,76,,1.0,0.0,33.92303937891211,42.97254371487861,1,74,,1.0,0.0,33.92303937891211,42.97254371487861,1,76,full,1.0,0.0,33.92303937891211,42.97254371487861,1,74,cheap_nofp,1.0,0.0,33.92303937891211,42.97254371487861,1,75,cheap,1.0,0.0,33.92303937891211,42.97254371487861,1,75,,1.0,0.0,33.92303937891211,42.97254371487861,1,fbd62f10e907742908bdafbe90b385741a24ef14,79,1.0,0.0,33.92303937891211,42.97254371487861,1,True
a6dfea6d6da7541a,2021.07.16.18.06.21_veh-38_04933_05307,70,idm,62,,1.0,0.0,37.293908933041166,46.52154498785353,1,63,,1.0,0.0,37.293908933041166,46.52154498785353,1,62,,1.0,0.0,37.293908933041166,46.52154498785353,1,63,,1.0,0.0,37.293908933041166,46.52154498785353,1,62,,1.0,0.0,37.293908933041166,46.52154498785353,1,62,,1.0,0.0,37.293908933041166,46.52154498785353,1,63,,1.0,0.0,37.293908933041166,46.52154498785353,1,897e9ff21e4ce786ad5145e799d72305cef1bb06,72,1.0,0.0,37.293908933041166,46.52154498785353,1,True
a6dfea6d6da7541a,2021.07.16.18.06.21_veh-38_04933_05307,83,idm,63,,1.0,0.0,40.70430479046503,50.063633456204414,1,70,,1.0,0.0,40.70430479046503,50.063633456204414,1,62,,1.0,0.0,40.70430479046503,50.063633456204414,1,65,,1.0,0.0,40.70430479046503,50.063633456204414,1,63,,1.0,0.0,40.70430479046503,50.063633456204414,1,63,,1.0,0.0,40.70430479046503,50.063633456204414,1,70,,1.0,0.0,40.70430479046503,50.063633456204414,1,17d2ef9d4cccd651f130a9479559b4406b107556,72,1.0,0.0,40.70430479046503,50.063633456204414,1,True
a6dfea6d6da7541a,2021.07.16.18.06.21_veh-38_04933_05307,97,idm,73,,1.0,0.0,44.42409352441663,53.947811480224146,1,78,,1.0,0.0,44.42409352441663,53.947811480224146,1,73,cheap,1.0,0.0,44.42409352441663,53.947811480224146,1,76,,1.0,0.0,44.42409352441663,53.947811480224146,1,75,,1.0,0.0,44.42409352441663,53.947811480224146,1,73,,1.0,0.0,44.42409352441663,53.947811480224146,1,78,,1.0,0.0,44.42409352441663,53.947811480224146,1,284996462c4d0407de639f65fe340b335b49452b,84,1.0,0.0,44.42409352441663,53.947811480224146,1,True
a6dfea6d6da7541a,2021.07.16.18.06.21_veh-38_04933_05307,110,idm,76,,1.0,0.0,47.93566581545919,57.56555785491092,1,81,,1.0,0.0,47.93566581545919,57.56555785491092,1,75,,1.0,0.0,47.93566581545919,57.56555785491092,1,78,,1.0,0.0,47.93566581545919,57.56555785491092,1,75,,1.0,0.0,47.93566581545919,57.56555785491092,1,76,,1.0,0.0,47.93566581545919,57.56555785491092,1,81,,1.0,0.0,47.93566581545919,57.56555785491092,1,b5214c7869f65601a53e445fea1caaeb97cd3eab,87,1.0,0.0,47.93566581545919,57.56555785491092,1,True
a6dfea6d6da7541a,2021.07.16.18.06.21_veh-38_04933_05307,123,idm,76,,1.0,0.0,51.47839347428578,61.06100707931878,1,81,,1.0,0.0,51.47839347428578,61.06100707931878,1,75,,1.0,0.0,51.47839347428578,61.06100707931878,1,77,,1.0,0.0,51.47839347428578,61.06100707931878,1,77,,1.0,0.0,51.47839347428578,61.06100707931878,1,76,,1.0,0.0,51.47839347428578,61.06100707931878,1,81,,1.0,0.0,51.47839347428578,61.06100707931878,1,bf397000b857dec558aba1264020b243c581bb38,93,1.0,0.0,51.47839347428578,61.06100707931878,1,True
a6dfea6d6da7541a,2021.07.16.18.06.21_veh-38_04933_05307,137,idm,71,,1.0,0.0,55.27578644610653,64.64476597761595,1,77,,1.0,0.0,55.27578644610653,64.64476597761595,1,69,,1.0,0.0,55.27578644610653,64.64476597761595,1,70,,1.0,0.0,55.27578644610653,64.64476597761595,1,71,,1.0,0.0,55.27578644610653,64.64476597761595,1,71,,1.0,0.0,55.27578644610653,64.64476597761595,1,77,,1.0,0.0,55.27578644610653,64.64476597761595,1,7742a8a60e9e3baaf0458e5488d5a7e945e2d0c7,86,1.0,0.0,55.27578644610653,64.64476597761595,1,True
a6dfea6d6da7541a,2021.07.16.18.06.21_veh-38_04933_05307,150,idm,69,,1.0,0.0,58.73233319206842,67.73641592613612,1,78,,1.0,0.0,58.73233319206842,67.73641592613612,1,68,,1.0,0.0,58.73233319206842,67.73641592613612,1,73,,1.0,0.0,58.73233319206842,67.73641592613612,1,69,,1.0,0.0,58.73233319206842,67.73641592613612,1,69,,1.0,0.0,58.73233319206842,67.73641592613612,1,78,,1.0,0.0,58.73233319206842,67.73641592613612,1,e69b0048be51010cdadcc00a204cd1b01fea884b,107,1.0,0.0,58.73233319206842,67.73641592613612,1,True
a6dfea6d6da7541a,2021.07.16.18.06.21_veh-38_04933_05307,163,idm,76,,1.0,0.0,62.06845059579537,70.48410125739785,1,81,,1.0,0.0,62.06845059579537,70.48410125739785,1,76,cheap,1.0,0.0,62.06845059579537,70.48410125739785,1,78,,1.0,0.0,62.06845059579537,70.48410125739785,1,76,,1.0,0.0,62.06845059579537,70.48410125739785,1,76,,1.0,0.0,62.06845059579537,70.48410125739785,1,80,,1.0,0.0,62.06845059579537,70.48410125739785,1,b90fd121cf4a567295cd49c522585adeb556a8a8,119,1.0,0.0,62.06845059579537,70.48410125739785,1,True
a6dfea6d6da7541a,2021.07.16.18.06.21_veh-38_04933_05307,176,idm,89,,1.0,0.0,65.20267981478426,72.78608788538385,1,102,,1.0,0.0,65.20267981478426,72.78608788538385,1,89,,1.0,0.0,65.20267981478426,72.78608788538385,1,96,,1.0,0.0,65.20267981478426,72.78608788538385,1,89,,1.0,0.0,65.20267981478426,72.78608788538385,1,89,,1.0,0.0,65.20267981478426,72.78608788538385,1,101,,1.0,0.0,65.20267981478426,72.78608788538385,1,17f9ead678c25c3e5fbb622feba9f5d511e35095,131,1.0,0.0,65.20267981478426,72.78608788538385,1,True
a6dfea6d6da7541a,2021.07.16.18.06.21_veh-38_04933_05307,190,idm,118,,1.0,0.0,68.25286214750989,74.69023300371163,1,126,,1.0,0.0,68.25286214750989,74.69023300371163,1,117,,1.0,0.0,68.25286214750989,74.69023300371163,1,125,,1.0,0.0,68.25286214750989,74.69023300371163,1,121,,1.0,0.0,68.25286214750989,74.69023300371163,1,118,,1.0,0.0,68.25286214750989,74.69023300371163,1,124,,1.0,0.0,68.25286214750989,74.69023300371163,1,8cbe17c63af8b5947cce7cd30cd5abdb03e66eff,160,1.0,0.0,68.25286214750989,74.69023300371163,1,True
a6dfea6d6da7541a,2021.07.16.18.06.21_veh-38_04933_05307,203,idm,154,,1.0,0.0,70.72150620551923,75.99858618653685,1,164,,1.0,0.0,70.72150620551923,75.99858618653685,1,154,cheap,1.0,0.0,70.72150620551923,75.99858618653685,1,161,,1.0,0.0,70.72150620551923,75.99858618653685,1,156,,1.0,0.0,70.72150620551923,75.99858618653685,1,154,,1.0,0.0,70.72150620551923,75.99858618653685,1,164,,1.0,0.0,70.72150620551923,75.99858618653685,1,346445a06c7ce16a2c827ae8f4ecb30b377e2f70,193,1.0,0.0,70.72150620551923,75.99858618653685,1,True
a6dfea6d6da7541a,2021.07.16.18.06.21_veh-38_04933_05307,216,idm,189,,1.0,0.0,72.79321743310575,76.85065028899054,1,195,,1.0,0.0,72.79321743310575,76.85065028899054,1,185,,1.0,0.0,72.79321743310575,76.85065028899054,1,193,,1.0,0.0,72.79321743310575,76.85065028899054,1,189,,1.0,0.0,72.79321743310575,76.85065028899054,1,189,,1.0,0.0,72.79321743310575,76.85065028899054,1,193,,1.0,0.0,72.79321743310575,76.85065028899054,1,56fce59de494265e872922ac815dbb5461d797f6,228,1.0,0.0,72.79321743310575,76.85065028899054,1,True
a6dfea6d6da7541a,2021.07.16.18.06.21_veh-38_04933_05307,230,idm,203,,1.0,0.0,74.54050902485605,77.28884489231734,1,207,,1.0,0.0,74.54050902485605,77.28884489231734,1,203,,1.0,0.0,74.54050902485605,77.28884489231734,1,207,full,1.0,0.0,74.54050902485605,77.28884489231734,1,204,,1.0,0.0,74.54050902485605,77.28884489231734,1,203,,1.0,0.0,74.54050902485605,77.28884489231734,1,205,,1.0,0.0,74.54050902485605,77.28884489231734,1,e587770b70e138004d30751355f3b7bef10cb7e9,240,1.0,0.0,74.54050902485605,77.28884489231734,1,True
a6dfea6d6da7541a,2021.07.16.18.06.21_veh-38_04933_05307,243,idm,213,,1.0,0.0,75.70391295507115,77.34948379701747,1,222,,1.0,0.0,75.70391295507115,77.34948379701747,1,212,,1.0,0.0,75.70391295507115,77.34948379701747,1,219,,1.0,0.0,75.70391295507115,77.34948379701747,1,218,,1.0,0.0,75.70391295507115,77.34948379701747,1,213,,1.0,0.0,75.70391295507115,77.34948379701747,1,222,,1.0,0.0,75.70391295507115,77.34948379701747,1,daf44cff1f0c3e58ee405a01dad113e26ccb6d82,251,1.0,0.0,75.70391295507115,77.34948379701747,1,True
a6dfea6d6da7541a,2021.07.16.18.06.21_veh-38_04933_05307,256,idm,232,,1.0,0.0,76.48038250216565,77.31397797441473,1,246,,1.0,0.0,76.48038250216565,77.31397797441473,1,230,,1.0,0.0,76.48038250216565,77.31397797441473,1,238,,1.0,0.0,76.48038250216565,77.31397797441473,1,233,,1.0,0.0,76.48038250216565,77.31397797441473,1,232,,1.0,0.0,76.48038250216565,77.31397797441473,1,245,,1.0,0.0,76.48038250216565,77.31397797441473,1,da7907579ff3f2240f3bc9b656a128ebf0715401,264,1.0,0.0,76.48038250216565,77.31397797441473,1,True
a6dfea6d6da7541a,2021.07.16.18.06.21_veh-38_04933_05307,270,idm,241,,1.0,0.0,76.98112877889889,77.29739480960104,1,243,,1.0,0.0,76.98112877889889,77.29739480960104,1,241,,1.0,0.0,76.98112877889889,77.29739480960104,1,243,,1.0,0.0,76.98112877889889,77.29739480960104,1,243,,1.0,0.0,76.98112877889889,77.29739480960104,1,241,,1.0,0.0,76.98112877889889,77.29739480960104,1,243,,1.0,0.0,76.98112877889889,77.29739480960104,1,4cb10ad5e33d54568e2cd351f4eec613448272f9,272,1.0,0.0,76.98112877889889,77.29739480960104,1,True
a6dfea6d6da7541a,2021.07.16.18.06.21_veh-38_04933_05307,283,idm,245,,1.0,0.0,77.21316516033679,77.29015102158914,1,250,,1.0,0.0,77.21316516033679,77.29015102158914,1,244,,1.0,0.0,77.21316516033679,77.29015102158914,1,247,,1.0,0.0,77.21316516033679,77.29015102158914,1,243,,1.0,0.0,77.21316516033679,77.29015102158914,1,245,,1.0,0.0,77.21316516033679,77.29015102158914,1,249,,1.0,0.0,77.21316516033679,77.29015102158914,1,839cfddd1a6860f0d4277c3109d08a891f6d1379,275,1.0,0.0,77.21316516033679,77.29015102158914,1,True
a6dfea6d6da7541a,2021.07.16.18.06.21_veh-38_04933_05307,296,idm,253,,0.0,2.306835245160811,77.29731027208497,77.28559004835896,1,258,,0.0,2.306835245160811,77.29731027208497,77.28559004835896,1,253,cheap,0.0,2.306835245160811,77.29731027208497,77.28559004835896,1,257,,0.0,2.306835245160811,77.29731027208497,77.28559004835896,1,254,,0.0,2.306835245160811,77.29731027208497,77.28559004835896,1,253,,0.0,2.306835245160811,77.29731027208497,77.28559004835896,1,256,,0.0,2.306835245160811,77.29731027208497,77.28559004835896,1,2a63b403724bdaeacbf237a7cc739452f9b95c40,281,0.0,2.306835245160811,77.29731027208497,77.28559004835896,1,True
a6dfea6d6da7541a,2021.07.16.18.06.21_veh-38_04933_05307,310,idm,265,,0.0,6.338522340159879,77.30401871557473,77.2822748010698,1,269,,0.0,6.338522340159879,77.30401871557473,77.2822748010698,1,264,,0.0,6.338522340159879,77.30401871557473,77.2822748010698,1,268,,0.0,6.338522340159879,77.30401871557473,77.2822748010698,1,264,,0.0,6.338522340159879,77.30401871557473,77.2822748010698,1,264,,0.0,6.338522340159879,77.30401871557473,77.2822748010698,1,268,,0.0,6.338522340159879,77.30401871557473,77.2822748010698,1,69540f1624f9578afd20bc77688fa723b56681ea,287,0.0,6.338522340159879,77.30401871557473,77.2822748010698,1,True
ab00c659f6b4516d,2021.07.16.20.45.29_veh-35_01095_01486,4,idm,174,,1.0,0.0,5.500070564869797,10.485404238935784,1,179,,1.0,0.0,5.500070564869797,10.485404238935784,1,174,cheap,1.0,0.0,5.500070564869797,10.485404238935784,1,178,,1.0,0.0,5.500070564869797,10.485404238935784,1,175,,1.0,0.0,5.500070564869797,10.485404238935784,1,174,cheap,1.0,0.0,5.500070564869797,10.485404238935784,1,179,,1.0,0.0,5.500070564869797,10.485404238935784,1,2cde4547ad44f07a2d5e4d8f36effc21f347e052,195,1.0,0.0,5.500070564869797,10.485404238935784,1,True
ab00c659f6b4516d,2021.07.16.20.45.29_veh-35_01095_01486,17,idm,160,,1.0,0.0,5.762400063986899,11.393570003612904,1,166,,1.0,0.0,5.762400063986899,11.393570003612904,1,160,,1.0,0.0,5.762400063986899,11.393570003612904,1,164,,1.0,0.0,5.762400063986899,11.393570003612904,1,163,,1.0,0.0,5.762400063986899,11.393570003612904,1,160,,1.0,0.0,5.762400063986899,11.393570003612904,1,166,,1.0,0.0,5.762400063986899,11.393570003612904,1,4310aae54618fb1e11dded8e1356f01abb076354,185,1.0,0.0,5.762400063986899,11.393570003612904,1,True
ab00c659f6b4516d,2021.07.16.20.45.29_veh-35_01095_01486,30,idm,153,,1.0,0.0,6.377661199444539,13.041187688067664,1,165,,1.0,0.0,6.377661199444539,13.041187688067664,1,152,,1.0,0.0,6.377661199444539,13.041187688067664,1,162,,1.0,0.0,6.377661199444539,13.041187688067664,1,157,,1.0,0.0,6.377661199444539,13.041187688067664,1,153,cheap,1.0,0.0,6.377661199444539,13.041187688067664,1,165,,1.0,0.0,6.377661199444539,13.041187688067664,1,04fc550c6bb5d375409c02d1a5bf160ec109d4d0,176,1.0,0.0,6.377661199444539,13.041187688067664,1,True
ab00c659f6b4516d,2021.07.16.20.45.29_veh-35_01095_01486,43,idm,163,,1.0,0.0,6.7210360364015,13.798338553084923,1,170,,1.0,0.0,6.7210360364015,13.798338553084923,1,163,cheap,1.0,0.0,6.7210360364015,13.798338553084923,1,169,,1.0,0.0,6.7210360364015,13.798338553084923,1,162,,1.0,0.0,6.7210360364015,13.798338553084923,1,163,,1.0,0.0,6.7210360364015,13.798338553084923,1,170,,1.0,0.0,6.7210360364015,13.798338553084923,1,5f5a9e7f830bb3852c12ec83cface5ac797d0cab,182,1.0,0.0,6.7210360364015,13.798338553084923,1,True
ab00c659f6b4516d,2021.07.16.20.45.29_veh-35_01095_01486,57,idm,180,,1.0,0.0,6.255217851223605,12.58249919464283,1,188,,1.0,0.0,6.255217851223605,12.58249919464283,1,179,,1.0,0.0,6.255217851223605,12.58249919464283,1,187,,1.0,0.0,6.255217851223605,12.58249919464283,1,180,,1.0,0.0,6.255217851223605,12.58249919464283,1,180,,1.0,0.0,6.255217851223605,12.58249919464283,1,187,,1.0,0.0,6.255217851223605,12.58249919464283,1,bc7241f1ea2134d028275f39cd2a818a808ae808,199,1.0,0.0,6.255217851223605,12.58249919464283,1,True
ab00c659f6b4516d,2021.07.16.20.45.29_veh-35_01095_01486,70,idm,177,,1.0,0.0,5.97734164830208,11.617059384103085,1,187,,1.0,0.0,5.97734164830208,11.617059384103085,1,175,,1.0,0.0,5.97734164830208,11.617059384103085,1,183,,1.0,0.0,5.97734164830208,11.617059384103085,1,180,,1.0,0.0,5.97734164830208,11.617059384103085,1,177,,1.0,0.0,5.97734164830208,11.617059384103085,1,187,,1.0,0.0,5.97734164830208,11.617059384103085,1,fb6856ff08143f38f3bb6416e8a687c4cc080c20,194,1.0,0.0,5.97734164830208,11.617059384103085,1,True
ab00c659f6b4516d,2021.07.16.20.45.29_veh-35_01095_01486,83,idm,180,,1.0,0.0,5.5402037939908,10.215948804893088,1,185,,1.0,0.0,5.5402037939908,10.215948804893088,1,179,,1.0,0.0,5.5402037939908,10.215948804893088,1,184,,1.0,0.0,5.5402037939908,10.215948804893088,1,182,,1.0,0.0,5.5402037939908,10.215948804893088,1,180,,1.0,0.0,5.5402037939908,10.215948804893088,1,185,,1.0,0.0,5.5402037939908,10.215948804893088,1,fa6ac6354b1363fe149585eace2e998034b988d9,193,1.0,0.0,5.5402037939908,10.215948804893088,1,True
ab00c659f6b4516d,2021.07.16.20.45.29_veh-35_01095_01486,97,idm,180,,1.0,0.0,5.092357597568166,8.836740689785211,1,184,,1.0,0.0,5.092357597568166,8.836740689785211,1,179,,1.0,0.0,5.092357597568166,8.836740689785211,1,183,,1.0,0.0,5.092357597568166,8.836740689785211,1,180,,1.0,0.0,5.092357597568166,8.836740689785211,1,180,,1.0,0.0,5.092357597568166,8.836740689785211,1,184,,1.0,0.0,5.092357597568166,8.836740689785211,1,99bf74093568a8b239e7cb1c1054eb975d71827d,190,1.0,0.0,5.092357597568166,8.836740689785211,1,True
ab00c659f6b4516d,2021.07.16.20.45.29_veh-35_01095_01486,110,idm,194,,1.0,0.0,4.7066040941655185,7.257859903978632,1,200,,1.0,0.0,4.7066040941655185,7.257859903978632,1,193,,1.0,0.0,4.7066040941655185,7.257859903978632,1,199,,1.0,0.0,4.7066040941655185,7.257859903978632,1,193,,1.0,0.0,4.7066040941655185,7.257859903978632,1,194,,1.0,0.0,4.7066040941655185,7.257859903978632,1,200,,1.0,0.0,4.7066040941655185,7.257859903978632,1,299101f6bd3e444873eeb4bf9c3a55232c17bc4e,206,1.0,0.0,4.7066040941655185,7.257859903978632,1,True
ab00c659f6b4516d,2021.07.16.20.45.29_veh-35_01095_01486,123,idm,189,,1.0,0.0,4.514228500029205,6.390033102415172,1,197,,1.0,0.0,4.514228500029205,6.390033102415172,1,189,,1.0,0.0,4.514228500029205,6.390033102415172,1,195,,1.0,0.0,4.514228500029205,6.390033102415172,1,191,,1.0,0.0,4.514228500029205,6.390033102415172,1,189,,1.0,0.0,4.514228500029205,6.390033102415172,1,197,,1.0,0.0,4.514228500029205,6.390033102415172,1,bc0d5cf207135dbace27eb4ec3f255bfae0d47cc,205,1.0,0.0,4.514228500029205,6.390033102415172,1,True
ab00c659f6b4516d,2021.07.16.20.45.29_veh-35_01095_01486,137,idm,207,,1.0,0.0,7.396805498949293,8.57902137966884,1,212,,1.0,0.0,7.396805498949293,8.57902137966884,1,206,,1.0,0.0,7.396805498949293,8.57902137966884,1,211,,1.0,0.0,7.396805498949293,8.57902137966884,1,208,,1.0,0.0,7.396805498949293,8.57902137966884,1,207,,1.0,0.0,7.396805498949293,8.57902137966884,1,212,,1.0,0.0,7.396805498949293,8.57902137966884,1,262a0b2087018814a0cb0f5bd75059ca7331e532,219,1.0,0.0,7.396805498949293,8.57902137966884,1,True
ab00c659f6b4516d,2021.07.16.20.45.29_veh-35_01095_01486,150,idm,208,,1.0,0.0,7.111662493644119,7.916470621798553,1,214,,1.0,0.0,7.111662493644119,7.916470621798553,1,207,,1.0,0.0,7.111662493644119,7.916470621798553,1,212,,1.0,0.0,7.111662493644119,7.916470621798553,1,209,,1.0,0.0,7.111662493644119,7.916470621798553,1,208,,1.0,0.0,7.111662493644119,7.916470621798553,1,214,,1.0,0.0,7.111662493644119,7.916470621798553,1,42699bd3b609fdf6344c8dbfd098721610cc11d7,219,1.0,0.0,7.111662493644119,7.916470621798553,1,True
ab00c659f6b4516d,2021.07.16.20.45.29_veh-35_01095_01486,163,idm,205,,1.0,0.0,6.833731862455787,7.291120773368435,1,214,,1.0,0.0,6.833731862455787,7.291120773368435,1,205,,1.0,0.0,6.833731862455787,7.291120773368435,1,210,,1.0,0.0,6.833731862455787,7.291120773368435,1,207,,1.0,0.0,6.833731862455787,7.291120773368435,1,205,cheap,1.0,0.0,6.833731862455787,7.291120773368435,1,213,,1.0,0.0,6.833731862455787,7.291120773368435,1,db8c2aba55efb0c01ff44b2297e52faeff02d0af,215,1.0,0.0,6.833731862455787,7.291120773368435,1,True
ab00c659f6b4516d,2021.07.16.20.45.29_veh-35_01095_01486,176,idm,194,,1.0,0.0,6.795687716499025,7.153394906836339,1,200,,1.0,0.0,6.795687716499025,7.153394906836339,1,194,cheap,1.0,0.0,6.795687716499025,7.153394906836339,1,197,,1.0,0.0,6.795687716499025,7.153394906836339,1,197,,1.0,0.0,6.795687716499025,7.153394906836339,1,194,cheap,1.0,0.0,6.795687716499025,7.153394906836339,1,200,full,1.0,0.0,6.795687716499025,7.153394906836339,1,949ec23c9bb00665b134407797eeeb4f928d071f,201,1.0,0.0,6.795687716499025,7.153394906836339,1,True
ab00c659f6b4516d,2021.07.16.20.45.29_veh-35_01095_01486,190,idm,187,,1.0,0.0,6.802867134345836,7.3445439497408485,1,192,,1.0,0.0,6.802867134345836,7.3445439497408485,1,185,,1.0,0.0,6.802867134345836,7.3445439497408485,1,188,,1.0,0.0,6.802867134345836,7.3445439497408485,1,188,,1.0,0.0,6.802867134345836,7.3445439497408485,1,187,cheap,1.0,0.0,6.802867134345836,7.3445439497408485,1,191,,1.0,0.0,6.802867134345836,7.3445439497408485,1,ec457cedb6ce1476697845cdcf9ca1e0c47d87b5,191,1.0,0.0,6.802867134345836,7.3445439497408485,1,True
ab00c659f6b4516d,2021.07.16.20.45.29_veh-35_01095_01486,203,idm,191,,1.0,0.0,6.843297564974949,7.712062138099332,1,198,,1.0,0.0,6.843297564974949,7.712062138099332,1,191,,1.0,0.0,6.843297564974949,7.712062138099332,1,195,,1.0,0.0,6.843297564974949,7.712062138099332,1,194,,1.0,0.0,6.843297564974949,7.712062138099332,1,191,cheap,1.0,0.0,6.843297564974949,7.712062138099332,1,198,full,1.0,0.0,6.843297564974949,7.712062138099332,1,23301ad353c9664cde27417c65380ddc97407194,199,1.0,0.0,6.843297564974949,7.712062138099332,1,True
ab00c659f6b4516d,2021.07.16.20.45.29_veh-35_01095_01486,216,idm,196,,1.0,0.0,6.8822329308015,8.082563929406591,1,200,,1.0,0.0,6.8822329308015,8.082563929406591,1,195,,1.0,0.0,6.8822329308015,8.082563929406591,1,198,,1.0,0.0,6.8822329308015,8.082563929406591,1,198,,1.0,0.0,6.8822329308015,8.082563929406591,1,196,,1.0,0.0,6.8822329308015,8.082563929406591,1,199,,1.0,0.0,6.8822329308015,8.082563929406591,1,157ba06cc7fda1b167a2d3ab8efabb93e6852367,204,1.0,0.0,6.8822329308015,8.082563929406591,1,True
ab00c659f6b4516d,2021.07.16.20.45.29_veh-35_01095_01486,230,idm,195,,1.0,0.0,6.946123413412048,7.910173566739955,1,201,,1.0,0.0,6.946123413412048,7.910173566739955,1,195,cheap,1.0,0.0,6.946123413412048,7.910173566739955,1,198,,1.0,0.0,6.946123413412048,7.910173566739955,1,197,,1.0,0.0,6.946123413412048,7.910173566739955,1,195,,1.0,0.0,6.946123413412048,7.910173566739955,1,201,,1.0,0.0,6.946123413412048,7.910173566739955,1,11d26e2c1c03b5f4d44f4ac8f1e33ccbed3b5271,202,1.0,0.0,7.088557545467854,8.882191724538067,1,True
ab00c659f6b4516d,2021.07.16.20.45.29_veh-35_01095_01486,243,idm,193,,0.0,1.0077370333117255,7.3082302901097735,9.317797367015288,1,197,,0.0,1.0077370333117255,7.3082302901097735,9.317797367015288,1,193,cheap,0.0,1.0077370333117255,7.3082302901097735,9.317797367015288,1,195,,0.0,1.0077370333117255,7.3082302901097735,9.317797367015288,1,194,,0.0,1.0077370333117255,7.3082302901097735,9.317797367015288,1,193,,0.0,1.0077370333117255,7.3082302901097735,9.317797367015288,1,197,full,0.0,1.0077370333117255,7.3082302901097735,9.317797367015288,1,2c5d82c877308b58e9dae609bb071bcb53025c14,200,0.0,1.0077370333117255,7.3082302901097735,9.317797367015288,1,True
ab00c659f6b4516d,2021.07.16.20.45.29_veh-35_01095_01486,256,idm,201,,1.0,0.0,7.556243231704375,10.180397308981794,1,204,,1.0,0.0,7.556243231704375,10.180397308981794,1,201,,1.0,0.0,7.556243231704375,10.180397308981794,1,203,,1.0,0.0,7.556243231704375,10.180397308981794,1,204,,1.0,0.0,7.556243231704375,10.180397308981794,1,201,,1.0,0.0,10.727615953018018,19.177081950602613,1,204,,1.0,0.0,10.689056458113349,19.09982843887127,1,a4a7da82e52610fdbb60d12cbc9bdd38efd1d0ef,207,1.0,0.0,7.556243231704375,10.180397308981794,1,True
ab00c659f6b4516d,2021.07.16.20.45.29_veh-35_01095_01486,270,idm,211,,1.0,0.0,7.836110219818724,11.106409240619229,1,215,,1.0,0.0,7.836110219818724,11.106409240619229,1,211,,1.0,0.0,7.836110219818724,11.106409240619229,1,215,full,1.0,0.0,7.836110219818724,11.106409240619229,1,210,,1.0,0.0,7.836110219818724,11.106409240619229,1,211,,1.0,0.0,7.836110219818724,11.106409240619229,1,214,,1.0,0.0,7.836110219818724,11.106409240619229,1,e1f05a313d64403321535e6fa706e67589ba8d7e,218,1.0,0.0,7.836110219818724,11.106409240619229,1,True
ab00c659f6b4516d,2021.07.16.20.45.29_veh-35_01095_01486,283,idm,216,,1.0,0.0,7.692402017877908,10.845726993126895,1,218,,1.0,0.0,7.692402017877908,10.845726993126895,1,216,cheap,1.0,0.0,7.692402017877908,10.845726993126895,1,217,,1.0,0.0,7.692402017877908,10.845726993126895,1,216,,1.0,0.0,7.692402017877908,10.845726993126895,1,216,,1.0,0.0,7.692402017877908,10.845726993126895,1,218,full,1.0,0.0,7.692402017877908,10.845726993126895,1,757776ccaae0cd7f0c1feee2ebc29a3650973371,223,1.0,0.0,7.692402017877908,10.845726993126895,1,True
ab00c659f6b4516d,2021.07.16.20.45.29_veh-35_01095_01486,296,idm,208,,1.0,0.0,7.567740520811178,10.499760822677901,1,211,,1.0,0.0,7.567740520811178,10.499760822677901,1,208,cheap,1.0,0.0,7.567740520811178,10.499760822677901,1,211,full,1.0,0.0,7.567740520811178,10.499760822677901,1,209,,1.0,0.0,7.567740520811178,10.499760822677901,1,208,cheap,1.0,0.0,7.567740520811178,10.499760822677901,1,211,,1.0,0.0,7.567740520811178,10.499760822677901,1,43598870ec608a40f12ceb4263967e8953cdaba7,217,1.0,0.0,7.567740520811178,10.499760822677901,1,True
ab00c659f6b4516d,2021.07.16.20.45.29_veh-35_01095_01486,310,idm,213,,1.0,0.0,7.191432373374457,9.198248052431031,1,215,,1.0,0.0,7.191432373374457,9.198248052431031,1,212,,1.0,0.0,7.191432373374457,9.198248052431031,1,214,,1.0,0.0,7.191432373374457,9.198248052431031,1,212,,1.0,0.0,7.191432373374457,9.198248052431031,1,213,,1.0,0.0,7.191432373374457,9.198248052431031,1,214,,1.0,0.0,7.191432373374457,9.198248052431031,1,2a36ae840de3a23468eba1cced24aa27d7588648,217,1.0,0.0,7.191432373374457,9.198248052431031,1,True
af3ee0e93aea5f66,2021.07.16.00.51.05_veh-17_01352_01901,4,idm,143,,0.0,0.7797686984172777,0.17210194127754203,0.17181563409084674,1,141,,0.0,0.7797686984172777,0.17210194127754203,0.17181563409084674,1,143,cheap,0.0,0.7797686984172777,0.17210194127754203,0.17181563409084674,1,141,full,0.0,0.7797686984172777,0.17210194127754203,0.17181563409084674,1,141,full,0.0,0.7797686984172777,0.17210194127754203,0.17181563409084674,1,141,,0.0,0.7797686984172777,0.17210194127754203,0.17181563409084674,1,140,,0.0,0.7797686984172777,0.17210194127754203,0.17181563409084674,1,449b51fd95e1df9ff4926b7da7a56eaee5014e11,153,0.0,0.7797686984172777,0.17210194127754203,0.17181563409084674,1,True
af3ee0e93aea5f66,2021.07.16.00.51.05_veh-17_01352_01901,17,idm,142,,0.0,0.7834172119404486,0.1720094051541257,0.17180574925399858,1,141,,0.0,0.7834172119404486,0.1720094051541257,0.17180574925399858,1,142,cheap,0.0,0.7834172119404486,0.1720094051541257,0.17180574925399858,1,141,full,0.0,0.7834172119404486,0.1720094051541257,0.17180574925399858,1,140,,0.0,0.7834172119404486,0.1720094051541257,0.17180574925399858,1,141,,0.0,0.7834172119404486,0.1720094051541257,0.17180574925399858,1,139,,0.0,0.7834172119404486,0.1720094051541257,0.17180574925399858,1,5a3337b71189f2bb16d9209a84df9ac75276f004,154,0.0,0.7834172119404486,0.1720094051541257,0.17180574925399858,1,True
af3ee0e93aea5f66,2021.07.16.00.51.05_veh-17_01352_01901,30,idm,139,,0.0,0.7791256793513188,0.17191550536140157,0.1717448109969206,1,139,,0.0,0.7791256793513188,0.17191550536140157,0.1717448109969206,1,139,cheap,0.0,0.7791256793513188,0.17191550536140157,0.1717448109969206,1,139,full,0.0,0.7791256793513188,0.17191550536140157,0.1717448109969206,1,138,,0.0,0.7791256793513188,0.17191550536140157,0.1717448109969206,1,138,,0.0,0.7791256793513188,0.17191550536140157,0.1717448109969206,1,138,,0.0,0.7791256793513188,0.17191550536140157,0.1717448109969206,1,6b9699158ac84934d798cb83aefd203d52354520,151,0.0,0.7791256793513188,0.17191550536140157,0.1717448109969206,1,True
af3ee0e93aea5f66,2021.07.16.00.51.05_veh-17_01352_01901,43,idm,131,,0.0,0.7808372678689323,0.1718324943513067,0.17169394855041284,1,132,,0.0,0.7808372678689323,0.1718324943513067,0.17169394855041284,1,131,cheap,0.0,0.7808372678689323,0.1718324943513067,0.17169394855041284,1,132,full,0.0,0.7808372678689323,0.1718324943513067,0.17169394855041284,1,131,,0.0,0.7808372678689323,0.1718324943513067,0.17169394855041284,1,130,,0.0,0.7808372678689323,0.1718324943513067,0.17169394855041284,1,131,,0.0,0.7808372678689323,0.1718324943513067,0.17169394855041284,1,cf663f401f0ec42b4f5228495f0a6615437209ff,144,0.0,0.7808372678689323,0.1718324943513067,0.17169394855041284,1,True
af3ee0e93aea5f66,2021.07.16.00.51.05_veh-17_01352_01901,57,idm,133,,0.0,0.7774485644411511,0.17178926827511054,0.17173583182778787,1,135,,0.0,0.7774485644411511,0.17178926827511054,0.17173583182778787,1,133,cheap,0.0,0.7774485644411511,0.17178926827511054,0.17173583182778787,1,135,full,0.0,0.7774485644411511,0.17178926827511054,0.17173583182778787,1,134,,0.0,0.7774485644411511,0.17178926827511054,0.17173583182778787,1,132,,0.0,0.7774485644411511,0.17178926827511054,0.17173583182778787,1,134,,0.0,0.7774485644411511,0.17178926827511054,0.17173583182778787,1,575cd86b4e9bb5eff07b2182295c7d3fb46bba05,146,0.0,0.7774485644411511,0.17178926827511054,0.17173583182778787,1,True
af3ee0e93aea5f66,2021.07.16.00.51.05_veh-17_01352_01901,70,idm,132,,0.0,0.7791096115027898,0.17175445153984406,0.1716810065815331,1,135,,0.0,0.7791096115027898,0.17175445153984406,0.1716810065815331,1,132,cheap,0.0,0.7791096115027898,0.17175445153984406,0.1716810065815331,1,135,full,0.0,0.7791096115027898,0.17175445153984406,0.1716810065815331,1,133,,0.0,0.7791096115027898,0.17175445153984406,0.1716810065815331,1,131,,0.0,0.7791096115027898,0.17175445153984406,0.1716810065815331,1,134,,0.0,0.7791096115027898,0.17175445153984406,0.1716810065815331,1,8ab785fbcb379fa032a8cefbd871aa73ec95cbd1,146,0.0,0.7791096115027898,0.17175445153984406,0.1716810065815331,1,True
af3ee0e93aea5f66,2021.07.16.00.51.05_veh-17_01352_01901,83,idm,129,,0.0,0.7806731372767997,0.17173081651787864,0.17167872011145124,1,132,,0.0,0.7806731372767997,0.17173081651787864,0.17167872011145124,1,129,cheap,0.0,0.7806731372767997,0.17173081651787864,0.17167872011145124,1,132,full,0.0,0.7806731372767997,0.17173081651787864,0.17167872011145124,1,129,,0.0,0.7806731372767997,0.17173081651787864,0.17167872011145124,1,128,,0.0,0.7806731372767997,0.17173081651787864,0.17167872011145124,1,131,,0.0,0.7806731372767997,0.17173081651787864,0.17167872011145124,1,fcf68d76e6dca6636e3d5b9bbf0be3fb1a20e274,143,0.0,0.7806731372767997,0.17173081651787864,0.17167872011145124,1,True
af3ee0e93aea5f66,2021.07.16.00.51.05_veh-17_01352_01901,96,idm,128,,0.0,0.7822472839746161,0.1717037363315962,0.17158604750837989,1,131,,0.0,0.7822472839746161,0.1717037363315962,0.17158604750837989,1,128,cheap,0.0,0.7822472839746161,0.1717037363315962,0.17158604750837989,1,131,full,0.0,0.7822472839746161,0.1717037363315962,0.17158604750837989,1,130,,0.0,0.7822472839746161,0.1717037363315962,0.17158604750837989,1,127,,0.0,0.7822472839746161,0.1717037363315962,0.17158604750837989,1,130,,0.0,0.7822472839746161,0.1717037363315962,0.17158604750837989,1,7fc76096fba782ab5ce51c31368ddc9594543bec,144,0.0,0.7822472839746161,0.1717037363315962,0.17158604750837989,1,True
af3ee0e93aea5f66,2021.07.16.00.51.05_veh-17_01352_01901,110,idm,129,,0.0,0.7808312650293581,0.1716592385141928,0.17155323142604534,1,132,,0.0,0.7808312650293581,0.1716592385141928,0.17155323142604534,1,129,cheap,0.0,0.7808312650293581,0.1716592385141928,0.17155323142604534,1,132,full,0.0,0.7808312650293581,0.1716592385141928,0.17155323142604534,1,131,,0.0,0.7808312650293581,0.1716592385141928,0.17155323142604534,1,128,,0.0,0.7808312650293581,0.1716592385141928,0.17155323142604534,1,131,,0.0,0.7808312650293581,0.1716592385141928,0.17155323142604534,1,02e15383a48e8206982ddb2db0eae47d38df80f9,145,0.0,0.7808312650293581,0.1716592385141928,0.17155323142604534,1,True
af3ee0e93aea5f66,2021.07.16.00.51.05_veh-17_01352_01901,123,idm,126,,0.0,0.7806706192229174,0.17164943602135851,0.17158406543716376,1,129,,0.0,0.7806706192229174,0.17164943602135851,0.17158406543716376,1,126,cheap,0.0,0.7806706192229174,0.17164943602135851,0.17158406543716376,1,129,full,0.0,0.7806706192229174,0.17164943602135851,0.17158406543716376,1,129,,0.0,0.7806706192229174,0.17164943602135851,0.17158406543716376,1,125,,0.0,0.7806706192229174,0.17164943602135851,0.17158406543716376,1,128,,0.0,0.7806706192229174,0.17164943602135851,0.17158406543716376,1,57fd2571a810bfe304ac611d619cabddaf641c47,143,0.0,0.7806706192229174,0.17164943602135851,0.17158406543716376,1,True
af3ee0e93aea5f66,2021.07.16.00.51.05_veh-17_01352_01901,136,idm,135,,0.0,0.7822429797272958,0.17161527837686275,0.17155717878519783,1,135,,0.0,0.7822429797272958,0.17161527837686275,0.17155717878519783,1,135,cheap,0.0,0.7822429797272958,0.17161527837686275,0.17155717878519783,1,135,full,0.0,0.7822429797272958,0.17161527837686275,0.17155717878519783,1,133,,0.0,0.7822429797272958,0.17161527837686275,0.17155717878519783,1,133,,0.0,0.7822429797272958,0.17161527837686275,0.17155717878519783,1,134,,0.0,0.7822429797272958,0.17161527837686275,0.17155717878519783,1,adda6d81c5336243bc268f51caf8e81a589a0be9,149,0.0,0.7822429797272958,0.17161527837686275,0.17155717878519783,1,True
af3ee0e93aea5f66,2021.07.16.00.51.05_veh-17_01352_01901,149,idm,137,,0.0,0.7825353609533681,0.17157306968140584,0.17153000775687785,1,138,,0.0,0.7825353609533681,0.17157306968140584,0.17153000775687785,1,137,cheap,0.0,0.7825353609533681,0.17157306968140584,0.17153000775687785,1,138,full,0.0,0.7825353609533681,0.17157306968140584,0.17153000775687785,1,136,,0.0,0.7825353609533681,0.17157306968140584,0.17153000775687785,1,135,,0.0,0.7825353609533681,0.17157306968140584,0.17153000775687785,1,137,,0.0,0.7825353609533681,0.17157306968140584,0.17153000775687785,1,5217e8fa7fbe979dc54fc34d9cc0e8d6e0d994bd,152,0.0,0.7825353609533681,0.17157306968140584,0.17153000775687785,1,True
af3ee0e93aea5f66,2021.07.16.00.51.05_veh-17_01352_01901,163,idm,136,,0.0,0.781690658993043,0.1715750110982348,0.17158178020278267,1,138,,0.0,0.781690658993043,0.1715750110982348,0.17158178020278267,1,136,cheap,0.0,0.781690658993043,0.1715750110982348,0.17158178020278267,1,138,full,0.0,0.781690658993043,0.1715750110982348,0.17158178020278267,1,136,,0.0,0.781690658993043,0.1715750110982348,0.17158178020278267,1,134,,0.0,0.781690658993043,0.1715750110982348,0.17158178020278267,1,137,,0.0,0.781690658993043,0.1715750110982348,0.17158178020278267,1,87d0c6f28d3290718c36d441465618729474484c,152,0.0,0.781690658993043,0.1715750110982348,0.17158178020278267,1,True
af3ee0e93aea5f66,2021.07.16.00.51.05_veh-17_01352_01901,176,idm,128,,0.0,0.7800666641232158,0.17157227476928727,0.1716547662842749,1,129,,0.0,0.7800666641232158,0.17157227476928727,0.1716547662842749,1,128,cheap,0.0,0.7800666641232158,0.17157227476928727,0.1716547662842749,1,129,full,0.0,0.7800666641232158,0.17157227476928727,0.1716547662842749,1,128,,0.0,0.7800666641232158,0.17157227476928727,0.1716547662842749,1,127,,0.0,0.7800666641232158,0.17157227476928727,0.1716547662842749,1,128,,0.0,0.7800666641232158,0.17157227476928727,0.1716547662842749,1,58e2f509015c809a07c944f252ed593594f1da97,143,0.0,0.7800666641232158,0.17157227476928727,0.1716547662842749,1,True
af3ee0e93aea5f66,2021.07.16.00.51.05_veh-17_01352_01901,189,idm,125,,0.0,0.7632292704459078,0.17156762309009999,0.17158762802092214,1,127,,0.0,0.7632292704459078,0.17156762309009999,0.17158762802092214,1,125,cheap,0.0,0.7632292704459078,0.17156762309009999,0.17158762802092214,1,127,full,0.0,0.7632292704459078,0.17156762309009999,0.17158762802092214,1,125,,0.0,0.7632292704459078,0.17156762309009999,0.17158762802092214,1,124,,0.0,0.7632292704459078,0.17156762309009999,0.17158762802092214,1,124,,0.0,0.7632292704459078,0.17156762309009999,0.17158762802092214,1,044a6bb8adf40e3ddb4eb5a0b5bbd784bab5a2e5,140,0.0,0.7632292704459078,0.17156762309009999,0.17158762802092214,1,True
af3ee0e93aea5f66,2021.07.16.00.51.05_veh-17_01352_01901,202,idm,127,,0.0,0.7561073275030888,0.17156551266854878,0.17150958047107456,1,129,,0.0,0.7561073275030888,0.17156551266854878,0.17150958047107456,1,127,cheap,0.0,0.7561073275030888,0.17156551266854878,0.17150958047107456,1,129,full,0.0,0.7561073275030888,0.17156551266854878,0.17150958047107456,1,126,,0.0,0.7561073275030888,0.17156551266854878,0.17150958047107456,1,126,,0.0,0.7561073275030888,0.17156551266854878,0.17150958047107456,1,128,,0.0,0.7561073275030888,0.17156551266854878,0.17150958047107456,1,50b9093e289018a16da8c5f3a98e93af15fd41a1,142,0.0,0.7561073275030888,0.17156551266854878,0.17150958047107456,1,True
af3ee0e93aea5f66,2021.07.16.00.51.05_veh-17_01352_01901,216,idm,124,,0.0,0.7503012558322669,0.1715620163706228,0.17149907690376526,1,124,,0.0,0.7503012558322669,0.1715620163706228,0.17149907690376526,1,124,cheap,0.0,0.7503012558322669,0.1715620163706228,0.17149907690376526,1,124,full,0.0,0.7503012558322669,0.1715620163706228,0.17149907690376526,1,124,,0.0,0.7503012558322669,0.1715620163706228,0.17149907690376526,1,123,,0.0,0.7503012558322669,0.1715620163706228,0.17149907690376526,1,123,,0.0,0.7503012558322669,0.1715620163706228,0.17149907690376526,1,a51f9a5b71a40528f00bdf894d2151febe414bbb,139,0.0,0.7503012558322669,0.1715620163706228,0.17149907690376526,1,True
af3ee0e93aea5f66,2021.07.16.00.51.05_veh-17_01352_01901,229,idm,117,,0.0,0.7385525861640619,0.17156055323691494,0.1715466539098389,1,118,,0.0,0.7385525861640619,0.17156055323691494,0.1715466539098389,1,117,cheap,0.0,0.7385525861640619,0.17156055323691494,0.1715466539098389,1,118,full,0.0,0.7385525861640619,0.17156055323691494,0.1715466539098389,1,117,,0.0,0.7385525861640619,0.17156055323691494,0.1715466539098389,1,116,,0.0,0.7385525861640619,0.17156055323691494,0.1715466539098389,1,117,,0.0,0.7385525861640619,0.17156055323691494,0.1715466539098389,1,23eca8a767e85f67c79b0639b3555e8370ddd945,132,0.0,0.7385525861640619,0.17156055323691494,0.1715466539098389,1,True
af3ee0e93aea5f66,2021.07.16.00.51.05_veh-17_01352_01901,242,idm,116,,0.0,0.7396672807611152,0.17154599168084353,0.17153676346317853,1,116,,0.0,0.7396672807611152,0.17154599168084353,0.17153676346317853,1,116,cheap,0.0,0.7396672807611152,0.17154599168084353,0.17153676346317853,1,116,full,0.0,0.7396672807611152,0.17154599168084353,0.17153676346317853,1,116,full,0.0,0.7396672807611152,0.17154599168084353,0.17153676346317853,1,115,,0.0,0.7396672807611152,0.17154599168084353,0.17153676346317853,1,115,,0.0,0.7396672807611152,0.17154599168084353,0.17153676346317853,1,d453dfd65342f4f5dfea69acc4bf0e0ed38fc10a,131,0.0,0.7396672807611152,0.17154599168084353,0.17153676346317853,1,True
af3ee0e93aea5f66,2021.07.16.00.51.05_veh-17_01352_01901,255,idm,111,,0.0,0.7510727538082848,0.1715364919479324,0.17150553762495907,1,112,,0.0,0.7510727538082848,0.1715364919479324,0.17150553762495907,1,111,cheap,0.0,0.7510727538082848,0.1715364919479324,0.17150553762495907,1,112,full,0.0,0.7510727538082848,0.1715364919479324,0.17150553762495907,1,111,,0.0,0.7510727538082848,0.1715364919479324,0.17150553762495907,1,110,,0.0,0.7510727538082848,0.1715364919479324,0.17150553762495907,1,111,,0.0,0.7510727538082848,0.1715364919479324,0.17150553762495907,1,0864ff96308469548301b416a4094e273fc4b9a9,127,0.0,0.7510727538082848,0.1715364919479324,0.17150553762495907,1,True
af3ee0e93aea5f66,2021.07.16.00.51.05_veh-17_01352_01901,269,idm,112,,0.0,0.7385484945082251,0.17152066755003223,0.17150750157955644,1,114,,0.0,0.7385484945082251,0.17152066755003223,0.17150750157955644,1,112,cheap,0.0,0.7385484945082251,0.17152066755003223,0.17150750157955644,1,114,full,0.0,0.7385484945082251,0.17152066755003223,0.17150750157955644,1,114,full,0.0,0.7385484945082251,0.17152066755003223,0.17150750157955644,1,111,,0.0,0.7385484945082251,0.17152066755003223,0.17150750157955644,1,114,full,0.0,0.7385484945082251,0.17152066755003223,0.17150750157955644,1,18aeda6bacf101b5d5951f67dd30acc97387bac6,129,0.0,0.7385484945082251,0.17152066755003223,0.17150750157955644,1,True
af3ee0e93aea5f66,2021.07.16.00.51.05_veh-17_01352_01901,282,idm,117,,0.0,0.7396654202316298,0.1715076549499041,0.171523378609743,1,118,,0.0,0.7396654202316298,0.1715076549499041,0.171523378609743,1,117,cheap,0.0,0.7396654202316298,0.1715076549499041,0.171523378609743,1,118,full,0.0,0.7396654202316298,0.1715076549499041,0.171523378609743,1,117,,0.0,0.7396654202316298,0.1715076549499041,0.171523378609743,1,116,,0.0,0.7396654202316298,0.1715076549499041,0.171523378609743,1,117,,0.0,0.7396654202316298,0.1715076549499041,0.171523378609743,1,2a5e44e91d911bfe727327a91a5312983a9f09d9,132,0.0,0.7396654202316298,0.1715076549499041,0.171523378609743,1,True
af3ee0e93aea5f66,2021.07.16.00.51.05_veh-17_01352_01901,295,idm,116,,0.0,0.7510736652614577,0.1715324598219492,0.17153153520595754,1,117,,0.0,0.7510736652614577,0.1715324598219492,0.17153153520595754,1,116,cheap,0.0,0.7510736652614577,0.1715324598219492,0.17153153520595754,1,117,full,0.0,0.7510736652614577,0.1715324598219492,0.17153153520595754,1,117,full,0.0,0.7510736652614577,0.1715324598219492,0.17153153520595754,1,115,,0.0,0.7510736652614577,0.1715324598219492,0.17153153520595754,1,116,,0.0,0.7510736652614577,0.1715324598219492,0.17153153520595754,1,9ec3d036d8a99e0fb8f5726037cfcff950501927,133,0.0,0.7510736652614577,0.1715324598219492,0.17153153520595754,1,True
af3ee0e93aea5f66,2021.07.16.00.51.05_veh-17_01352_01901,309,idm,111,,0.0,0.759933512357986,0.17153583060055924,0.17154830603109839,1,111,,0.0,0.759933512357986,0.17153583060055924,0.17154830603109839,1,111,cheap,0.0,0.759933512357986,0.17153583060055924,0.17154830603109839,1,111,full,0.0,0.759933512357986,0.17153583060055924,0.17154830603109839,1,110,,0.0,0.759933512357986,0.17153583060055924,0.17154830603109839,1,110,,0.0,0.759933512357986,0.17153583060055924,0.17154830603109839,1,110,,0.0,0.759933512357986,0.17153583060055924,0.17154830603109839,1,aec6ac19bdf19c6cc251774331f57c7c29885593,126,0.0,0.759933512357986,0.17153583060055924,0.17154830603109839,1,True
b36903c077285e20,2021.05.12.23.36.44_veh-35_00152_00504,4,idm,268,,0.0,0.7596503264637425,1.9085660136837515,6.604293879917252,1,267,,0.0,0.7596503264637425,1.9085660136837515,6.604293879917252,1,265,,0.0,0.7596503264637425,1.9085660136837515,6.604293879917252,1,267,,0.0,0.7596503264637425,1.9085660136837515,6.604293879917252,1,265,,0.0,0.7596503264637425,1.9085660136837515,6.604293879917252,1,268,,0.0,0.7596503264637425,1.9085660136837515,6.604293879917252,1,267,,0.0,0.7596503264637425,1.9085660136837515,6.604293879917252,1,965bd55c56e0e89395b82fe68074d0372156c435,297,0.0,0.7596503264637425,1.9085660136837515,6.604293879917252,1,True
b36903c077285e20,2021.05.12.23.36.44_veh-35_00152_00504,17,idm,264,,0.0,0.7255916491265577,1.8323051862460888,6.240348150372122,1,271,,0.0,0.7255916491265577,1.8323051862460888,6.240348150372122,1,263,,0.0,0.7255916491265577,1.8323051862460888,6.240348150372122,1,269,,0.0,0.7255916491265577,1.8323051862460888,6.240348150372122,1,264,,0.0,0.7255916491265577,1.8323051862460888,6.240348150372122,1,264,,0.0,0.7255916491265577,1.8323051862460888,6.240348150372122,1,271,,0.0,0.7255916491265577,1.8323051862460888,6.240348150372122,1,31dc8b96c43b6f3b3b91ab58b3b398b0fc9a7bfa,295,0.0,0.7255916491265577,1.8323051862460888,6.240348150372122,1,True
b36903c077285e20,2021.05.12.23.36.44_veh-35_00152_00504,30,idm,260,,0.0,0.6884098579317932,1.595133438908891,5.74383902751424,1,266,,0.0,0.6884098579317932,1.595133438908891,5.74383902751424,1,258,,0.0,0.6884098579317932,1.595133438908891,5.74383902751424,1,262,,0.0,0.6884098579317932,1.595133438908891,5.74383902751424,1,256,,0.0,0.6884098579317932,1.595133438908891,5.74383902751424,1,260,,0.0,0.6884098579317932,1.595133438908891,5.74383902751424,1,266,,0.0,0.6884098579317932,1.595133438908891,5.74383902751424,1,71acdc57c07d714aee4f12eaa69f39765e4e749c,288,0.0,0.6884098579317932,1.595133438908891,5.74383902751424,1,True
b36903c077285e20,2021.05.12.23.36.44_veh-35_00152_00504,43,idm,247,,0.0,0.6629377476845209,1.5701955207789717,5.7406310246890895,1,258,,0.0,0.6629377476845209,1.5701955207789717,5.7406310246890895,1,247,,0.0,0.6629377476845209,1.5701955207789717,5.7406310246890895,1,254,,0.0,0.6629377476845209,1.5701955207789717,5.7406310246890895,1,246,,0.0,0.6629377476845209,1.5701955207789717,5.7406310246890895,1,247,,0.0,0.6629377476845209,1.5701955207789717,5.7406310246890895,1,258,,0.0,0.6629377476845209,1.5701955207789717,5.7406310246890895,1,26bf22d159827494e0d9df3999e0e5712f236b89,281,0.0,0.6629377476845209,1.5701955207789717,5.7406310246890895,1,True
b36903c077285e20,2021.05.12.23.36.44_veh-35_00152_00504,57,idm,234,,0.0,0.6206501625700444,1.5964051943331097,5.706198245354544,1,245,,0.0,0.6206501625700444,1.5964051943331097,5.706198245354544,1,234,cheap,0.0,0.6206501625700444,1.5964051943331097,5.706198245354544,1,244,,0.0,0.6206501625700444,1.5964051943331097,5.706198245354544,1,239,,0.0,0.6206501625700444,1.5964051943331097,5.706198245354544,1,234,,0.0,0.6206501625700444,1.5964051943331097,5.706198245354544,1,245,,0.0,0.6206501625700444,1.5964051943331097,5.706198245354544,1,1ec3de1618189119f23bbd362ec3acd5143f61a4,265,0.0,0.6206501625700444,1.5964051943331097,5.706198245354544,1,True
b36903c077285e20,2021.05.12.23.36.44_veh-35_00152_00504,70,idm,249,,0.0,0.6106063488115111,1.6539281483573873,5.834307646635352,1,253,,0.0,0.6106063488115111,1.6539281483573873,5.834307646635352,1,247,,0.0,0.6106063488115111,1.6539281483573873,5.834307646635352,1,249,,0.0,0.6106063488115111,1.6539281483573873,5.834307646635352,1,249,,0.0,0.6106063488115111,1.6539281483573873,5.834307646635352,1,249,,0.0,0.6106063488115111,1.6539281483573873,5.834307646635352,1,253,,0.0,0.6106063488115111,1.6539281483573873,5.834307646635352,1,368958d229c8171752cb1823b8e02f06aa0976a0,271,0.0,0.6106063488115111,1.6539281483573873,5.834307646635352,1,True
b36903c077285e20,2021.05.12.23.36.44_veh-35_00152_00504,83,idm,255,,0.0,0.6391770608925813,1.7292175480662384,6.296389670010622,1,262,,0.0,0.6391770608925813,1.7292175480662384,6.296389670010622,1,254,,0.0,0.6391770608925813,1.7292175480662384,6.296389670010622,1,257,,0.0,0.6391770608925813,1.7292175480662384,6.296389670010622,1,255,,0.0,0.6391770608925813,1.7292175480662384,6.296389670010622,1,255,,0.0,0.6391770608925813,1.7292175480662384,6.296389670010622,1,262,,0.0,0.6391770608925813,1.7292175480662384,6.296389670010622,1,b10cb6cd7c317e1f5f485df5ded9d0ba1dae29a9,277,0.0,0.6391770608925813,1.7292175480662384,6.296389670010622,1,True
b36903c077285e20,2021.05.12.23.36.44_veh-35_00152_00504,97,idm,234,,0.0,0.40623406403411605,5.886815273544316,8.590815146312627,1,241,,0.0,0.40623406403411605,5.886815273544316,8.590815146312627,1,233,,0.0,0.40623406403411605,5.886815273544316,8.590815146312627,1,238,,0.0,0.40623406403411605,5.886815273544316,8.590815146312627,1,237,,0.0,0.40623406403411605,5.886815273544316,8.590815146312627,1,234,,0.0,0.40623406403411605,5.886815273544316,8.590815146312627,1,241,,0.0,0.40623406403411605,5.886815273544316,8.590815146312627,1,65a897ec2ae63886ba977589203297ed6eacf29c,258,0.0,0.40623406403411605,5.886815273544316,8.590815146312627,1,True
b36903c077285e20,2021.05.12.23.36.44_veh-35_00152_00504,110,idm,262,,0.0,1.7348770194724135,6.045879534908179,9.048094982788983,1,267,,0.0,1.7348770194724135,6.045879534908179,9.048094982788983,1,260,,0.0,1.7348770194724135,6.045879534908179,9.048094982788983,1,264,,0.0,1.7348770194724135,6.045879534908179,9.048094982788983,1,264,,0.0,1.7348770194724135,6.045879534908179,9.048094982788983,1,262,,0.0,1.7348770194724135,6.045879534908179,9.048094982788983,1,267,,0.0,1.7348770194724135,6.045879534908179,9.048094982788983,1,282dff9d94192f57f17703497543d1a26eb53941,283,0.0,1.7348770194724135,6.045879534908179,9.048094982788983,1,True
b36903c077285e20,2021.05.12.23.36.44_veh-35_00152_00504,123,idm,249,,0.0,0.9475423380028408,6.819506599103321,11.467133285694317,1,257,,0.0,0.9475423380028408,6.819506599103321,11.467133285694317,1,249,cheap,0.0,0.9475423380028408,6.819506599103321,11.467133285694317,1,252,,0.0,0.9475423380028408,6.819506599103321,11.467133285694317,1,251,,0.0,0.9475423380028408,6.819506599103321,11.467133285694317,1,249,,0.0,0.9475423380028408,6.819506599103321,11.467133285694317,1,257,,0.0,0.9475423380028408,6.819506599103321,11.467133285694317,1,e9718002ed0893fc4c83ca91109371af1302c0f6,269,0.0,0.9475423380028408,6.819506599103321,11.467133285694317,1,True
b36903c077285e20,2021.05.12.23.36.44_veh-35_00152_00504,137,idm,254,,0.0,3.349606315635373,5.939502365296324,8.965030414240923,1,257,,0.0,3.349606315635373,5.939502365296324,8.965030414240923,1,254,,0.0,3.349606315635373,5.939502365296324,8.965030414240923,1,256,,0.0,3.349606315635373,5.939502365296324,8.965030414240923,1,256,,0.0,3.349606315635373,5.939502365296324,8.965030414240923,1,254,,0.0,3.349606315635373,5.939502365296324,8.965030414240923,1,257,,0.0,3.349606315635373,5.939502365296324,8.965030414240923,1,4bc1fafba847da5307ba3ef170ad1ce1c6d260eb,274,0.0,3.349606315635373,5.939502365296324,8.965030414240923,1,True
b36903c077285e20,2021.05.12.23.36.44_veh-35_00152_00504,150,idm,246,,0.0,7.1454710393580605,4.370978838903802,5.364903779834071,1,247,,0.0,7.1454710393580605,4.370978838903802,5.364903779834071,1,245,,0.0,7.1454710393580605,4.370978838903802,5.364903779834071,1,246,,0.0,7.1454710393580605,4.370978838903802,5.364903779834071,1,245,,0.0,7.1454710393580605,4.370978838903802,5.364903779834071,1,246,cheap,0.0,7.1454710393580605,4.370978838903802,5.364903779834071,1,247,,0.0,7.1454710393580605,4.370978838903802,5.364903779834071,1,9cd2fac9e8064981a75ffa86a7c100b5f1cf03e7,263,0.0,7.1454710393580605,4.370978838903802,5.364903779834071,1,True
b36903c077285e20,2021.05.12.23.36.44_veh-35_00152_00504,163,idm,241,,0.0,6.173935785873093,4.15626311734732,5.813396653722376,1,244,,0.0,7.2071289375234295,3.703984520054438,3.8856186439806333,1,239,,0.0,7.2071289375234295,3.703984520054438,3.8856186439806333,1,239,,0.0,7.2071289375234295,3.703984520054438,3.8856186439806333,1,240,,0.0,7.2071289375234295,3.703984520054438,3.8856186439806333,1,241,,0.0,6.173935785873093,4.15626311734732,5.813396653722376,1,244,,0.0,7.2071289375234295,3.703984520054438,3.8856186439806333,1,8675c63c057c796fc87019c6af65df12bb904bf4,254,0.0,7.2071289375234295,3.703984520054438,3.8856186439806333,1,True
b36903c077285e20,2021.05.12.23.36.44_veh-35_00152_00504,176,idm,239,,0.0,6.4455700076391835,3.63846613827292,3.9142805510487615,1,238,,0.0,6.4455700076391835,3.63846613827292,3.9142805510487615,1,237,,0.0,6.4455700076391835,3.63846613827292,3.9142805510487615,1,237,,0.0,6.4455700076391835,3.63846613827292,3.9142805510487615,1,237,,0.0,6.4455700076391835,3.63846613827292,3.9142805510487615,1,239,,0.0,6.4455700076391835,3.63846613827292,3.9142805510487615,1,238,,0.0,6.4455700076391835,3.63846613827292,3.9142805510487615,1,1648086444ef83cab3a025054f79c53266d8811b,249,0.0,6.4455700076391835,3.63846613827292,3.9142805510487615,1,True
b36903c077285e20,2021.05.12.23.36.44_veh-35_00152_00504,190,idm,239,,0.0,6.4424551801853545,3.6142512476749946,4.040217267717959,1,244,,0.0,6.4424551801853545,3.6142512476749946,4.040217267717959,1,236,,0.0,6.4424551801853545,3.6142512476749946,4.040217267717959,1,240,,0.0,6.4424551801853545,3.6142512476749946,4.040217267717959,1,239,,0.0,6.4424551801853545,3.6142512476749946,4.040217267717959,1,239,,0.0,6.4424551801853545,3.6142512476749946,4.040217267717959,1,244,,0.0,6.4424551801853545,3.6142512476749946,4.040217267717959,1,4da8a580bd26d256457628a8306bab6615e37d93,262,0.0,6.4424551801853545,3.6142512476749946,4.040217267717959,1,True
b36903c077285e20,2021.05.12.23.36.44_veh-35_00152_00504,203,idm,246,,0.0,7.651212010899302,3.7081258161980277,3.7918115486613693,1,252,,0.0,7.651212010899302,3.7081258161980277,3.7918115486613693,1,244,,0.0,7.651212010899302,3.7081258161980277,3.7918115486613693,1,246,,0.0,7.651212010899302,3.7081258161980277,3.7918115486613693,1,248,,0.0,7.651212010899302,3.7081258161980277,3.7918115486613693,1,246,,0.0,7.651212010899302,3.7081258161980277,3.7918115486613693,1,252,,0.0,7.651212010899302,3.7081258161980277,3.7918115486613693,1,28e92c79c11d1928d491580e0bd9d8872909f92a,265,0.0,7.651212010899302,3.7081258161980277,3.7918115486613693,1,True
b36903c077285e20,2021.05.12.23.36.44_veh-35_00152_00504,216,idm,247,,0.0,6.442784109083133,4.008089600525837,4.464308696412334,1,252,,0.0,6.442784109083133,4.008089600525837,4.464308696412334,1,245,,0.0,6.442784109083133,4.008089600525837,4.464308696412334,1,249,,0.0,6.442784109083133,4.008089600525837,4.464308696412334,1,247,,0.0,6.442784109083133,4.008089600525837,4.464308696412334,1,247,cheap,0.0,6.442784109083133,4.008089600525837,4.464308696412334,1,252,,0.0,6.442784109083133,4.008089600525837,4.464308696412334,1,1913fab2af7be0defa01047808fd6b7cca4c486f,272,0.0,6.442784109083133,4.008089600525837,4.464308696412334,1,True
b36903c077285e20,2021.05.12.23.36.44_veh-35_00152_00504,230,idm,240,,0.0,6.50603758004013,4.0375218963652815,4.751555509938882,1,241,,0.0,6.50603758004013,4.0375218963652815,4.751555509938882,1,238,,0.0,6.50603758004013,4.0375218963652815,4.751555509938882,1,240,,0.0,6.50603758004013,4.0375218963652815,4.751555509938882,1,237,,0.0,6.50603758004013,4.0375218963652815,4.751555509938882,1,240,,0.0,6.50603758004013,4.0375218963652815,4.751555509938882,1,241,,0.0,6.50603758004013,4.0375218963652815,4.751555509938882,1,f6856e63c5d8dee6b1f4f0035c33785ace353e1c,268,0.0,6.50603758004013,4.0375218963652815,4.751555509938882,1,True
b36903c077285e20,2021.05.12.23.36.44_veh-35_00152_00504,243,idm,237,,0.0,7.651196525267164,4.039201041731072,4.904263443716634,1,239,,0.0,7.651196525267164,4.039201041731072,4.904263443716634,1,234,,0.0,7.651196525267164,4.039201041731072,4.904263443716634,1,237,,0.0,7.651196525267164,4.039201041731072,4.904263443716634,1,237,,0.0,7.651196525267164,4.039201041731072,4.904263443716634,1,237,,0.0,7.651196525267164,4.039201041731072,4.904263443716634,1,239,,0.0,7.651196525267164,4.039201041731072,4.904263443716634,1,49c073bb8b14a496d0d5c938d99cfddee471c8e4,268,0.0,7.651196525267164,4.039201041731072,4.904263443716634,1,True
b36903c077285e20,2021.05.12.23.36.44_veh-35_00152_00504,256,idm,238,,0.0,6.987038733287462,4.279095231726879,5.683637211868249,1,241,,0.0,6.987038733287462,4.279095231726879,5.683637211868249,1,236,,0.0,6.987038733287462,4.279095231726879,5.683637211868249,1,238,,0.0,6.987038733287462,4.279095231726879,5.683637211868249,1,232,,0.0,6.987038733287462,4.279095231726879,5.683637211868249,1,238,,0.0,6.987038733287462,4.279095231726879,5.683637211868249,1,241,,0.0,6.987038733287462,4.279095231726879,5.683637211868249,1,b044c16e9359248fc666c100fdeb174565296328,272,0.0,6.987038733287462,4.279095231726879,5.683637211868249,1,True
b36903c077285e20,2021.05.12.23.36.44_veh-35_00152_00504,270,idm,231,,0.0,4.910368110171596,4.5762232451167435,6.630586685505818,1,230,,0.0,4.910368110171596,4.5762232451167435,6.630586685505818,1,230,,0.0,4.910368110171596,4.5762232451167435,6.630586685505818,1,230,,0.0,4.910368110171596,4.5762232451167435,6.630586685505818,1,229,,0.0,4.910368110171596,4.5762232451167435,6.630586685505818,1,231,,0.0,4.910368110171596,4.5762232451167435,6.630586685505818,1,230,,0.0,4.910368110171596,4.5762232451167435,6.630586685505818,1,787176f8148f1a6531061e77d7ca76ee825612b6,268,0.0,4.910368110171596,4.5762232451167435,6.630586685505818,1,True
b36903c077285e20,2021.05.12.23.36.44_veh-35_00152_00504,283,idm,231,,0.0,3.6406837462664123,4.897551267214011,7.179523924480034,1,238,,0.0,3.6406837462664123,4.897551267214011,7.179523924480034,1,230,,0.0,3.6406837462664123,4.897551267214011,7.179523924480034,1,237,,0.0,3.6406837462664123,4.897551267214011,7.179523924480034,1,231,,0.0,3.6406837462664123,4.897551267214011,7.179523924480034,1,231,cheap,0.0,3.6406837462664123,4.897551267214011,7.179523924480034,1,238,,0.0,3.6406837462664123,4.897551267214011,7.179523924480034,1,f6755162f21c2e40bac663396555f609c7a0394e,273,0.0,3.6406837462664123,4.897551267214011,7.179523924480034,1,True
b36903c077285e20,2021.05.12.23.36.44_veh-35_00152_00504,296,idm,227,,0.0,2.7800697800092014,5.2254064048195925,7.361368665844278,1,228,,0.0,2.7800697800092014,5.2254064048195925,7.361368665844278,1,226,,0.0,2.7800697800092014,5.2254064048195925,7.361368665844278,1,227,,0.0,2.7800697800092014,5.2254064048195925,7.361368665844278,1,224,,0.0,2.7800697800092014,5.2254064048195925,7.361368665844278,1,227,,0.0,2.7800697800092014,5.2254064048195925,7.361368665844278,1,228,,0.0,2.7800697800092014,5.2254064048195925,7.361368665844278,1,32d618322dd205b71a2ed76b1311205189a28476,273,0.0,2.7800697800092014,5.2254064048195925,7.361368665844278,1,True
b36903c077285e20,2021.05.12.23.36.44_veh-35_00152_00504,310,idm,233,,0.0,1.4230520153001935,2.1385846065266203,7.281797413994637,1,232,,0.0,1.4230520153001935,2.1385846065266203,7.281797413994637,1,231,,0.0,1.4230520153001935,2.1385846065266203,7.281797413994637,1,232,,0.0,1.4230520153001935,2.1385846065266203,7.281797413994637,1,228,,0.0,1.4230520153001935,2.1385846065266203,7.281797413994637,1,233,,0.0,1.4230520153001935,2.1385846065266203,7.281797413994637,1,232,,0.0,1.4230520153001935,2.1385846065266203,7.281797413994637,1,cacac00ff0a4a0ae5e5f420e9362f9359c400e42,278,0.0,1.4230520153001935,2.1385846065266203,7.281797413994637,1,True
b79740f1b23b5d7c,2021.08.17.16.57.11_veh-08_01200_01636,4,idm,23,,0.0,1.0045112097456348,0.20823010573183728,0.21051103351495834,1,24,,0.0,1.0045112097456348,0.20823010573183728,0.21051103351495834,1,19,,0.0,1.0045112097456348,0.20823010573183728,0.21051103351495834,1,19,cheap_nofp,0.0,1.0045112097456348,0.20823010573183728,0.21051103351495834,1,23,,0.0,1.0045112097456348,0.20823010573183728,0.21051103351495834,1,23,cheap,0.0,1.0045112097456348,0.20823010573183728,0.21051103351495834,1,24,full,0.0,1.0045112097456348,0.20823010573183728,0.21051103351495834,1,0470d81c9fbd29b547c6eedddf31c805e1449adf,20,0.0,1.0045112097456348,0.20823010573183728,0.21051103351495834,1,True
b79740f1b23b5d7c,2021.08.17.16.57.11_veh-08_01200_01636,17,idm,21,,0.0,1.0005461998455827,0.20823850103851507,0.21051153895045818,1,23,,0.0,1.0005461998455827,0.20823850103851507,0.21051153895045818,1,18,,0.0,1.0005461998455827,0.20823850103851507,0.21051153895045818,1,18,cheap_nofp,0.0,1.0005461998455827,0.20823850103851507,0.21051153895045818,1,22,,0.0,1.0005461998455827,0.20823850103851507,0.21051153895045818,1,21,cheap,0.0,1.0005461998455827,0.20823850103851507,0.21051153895045818,1,23,full,0.0,1.0005461998455827,0.20823850103851507,0.21051153895045818,1,971052a61e7ca7a9efeaa1860ed783e6e6aa4e94,19,0.0,1.0005461998455827,0.20823850103851507,0.21051153895045818,1,True
b79740f1b23b5d7c,2021.08.17.16.57.11_veh-08_01200_01636,30,idm,20,,0.0,1.0012691524768114,0.2082469045749734,0.21052378637109465,1,21,,0.0,1.0012691524768114,0.2082469045749734,0.21052378637109465,1,18,,0.0,1.0012691524768114,0.2082469045749734,0.21052378637109465,1,18,cheap_nofp,0.0,1.0012691524768114,0.2082469045749734,0.21052378637109465,1,21,,0.0,1.0012691524768114,0.2082469045749734,0.21052378637109465,1,20,cheap,0.0,1.0012691524768114,0.2082469045749734,0.21052378637109465,1,21,full,0.0,1.0012691524768114,0.2082469045749734,0.21052378637109465,1,0ce32d2f4a85f1ec6448ab38669c97387a05ff26,19,0.0,1.0012691524768114,0.2082469045749734,0.21052378637109465,1,True
b79740f1b23b5d7c,2021.08.17.16.57.11_veh-08_01200_01636,43,idm,21,,0.0,1.0065923033889008,0.20824151220097742,0.21056342889843538,1,21,,0.0,1.0065923033889008,0.20824151220097742,0.21056342889843538,1,18,,0.0,1.0065923033889008,0.20824151220097742,0.21056342889843538,1,18,cheap_nofp,0.0,1.0065923033889008,0.20824151220097742,0.21056342889843538,1,21,,0.0,1.0065923033889008,0.20824151220097742,0.21056342889843538,1,21,cheap,0.0,1.0065923033889008,0.20824151220097742,0.21056342889843538,1,21,full,0.0,1.0065923033889008,0.20824151220097742,0.21056342889843538,1,bfad0e3b8b6ad8e8d7ec90a759976ea26feae687,19,0.0,1.0065923033889008,0.20824151220097742,0.21056342889843538,1,True
b79740f1b23b5d7c,2021.08.17.16.57.11_veh-08_01200_01636,57,idm,22,,0.0,1.0005461995714133,0.20826417762504246,0.21063058522215433,1,23,,0.0,1.0005461995714133,0.20826417762504246,0.21063058522215433,1,18,,0.0,1.0005461995714133,0.20826417762504246,0.21063058522215433,1,18,cheap_nofp,0.0,1.0005461995714133,0.20826417762504246,0.21063058522215433,1,22,,0.0,1.0005461995714133,0.20826417762504246,0.21063058522215433,1,22,,0.0,1.0005461995714133,0.20826417762504246,0.21063058522215433,1,23,,0.0,1.0005461995714133,0.20826417762504246,0.21063058522215433,1,d4253791e6b4a85493f586f93d9fa9a89acbeb79,19,0.0,1.0005461995714133,0.20826417762504246,0.21063058522215433,1,True
b79740f1b23b5d7c,2021.08.17.16.57.11_veh-08_01200_01636,70,idm,20,,0.0,1.0012691520846881,0.20826546234935103,0.21057909302977668,1,22,,0.0,1.0012691520846881,0.20826546234935103,0.21057909302977668,1,18,,0.0,1.0012691520846881,0.20826546234935103,0.21057909302977668,1,18,cheap_nofp,0.0,1.0012691520846881,0.20826546234935103,0.21057909302977668,1,20,,0.0,1.0012691520846881,0.20826546234935103,0.21057909302977668,1,20,cheap,0.0,1.0012691520846881,0.20826546234935103,0.21057909302977668,1,22,full,0.0,1.0012691520846881,0.20826546234935103,0.21057909302977668,1,17a24694a040cc63e2ac568af7e635a06b5f2fee,19,0.0,1.0012691520846881,0.20826546234935103,0.21057909302977668,1,True
b79740f1b23b5d7c,2021.08.17.16.57.11_veh-08_01200_01636,83,idm,21,,0.0,0.9993447026235346,0.20826652546161015,0.2105664864433922,1,21,,0.0,0.9993447026235346,0.20826652546161015,0.2105664864433922,1,18,,0.0,0.9993447026235346,0.20826652546161015,0.2105664864433922,1,18,cheap_nofp,0.0,0.9993447026235346,0.20826652546161015,0.2105664864433922,1,21,full,0.0,0.9993447026235346,0.20826652546161015,0.2105664864433922,1,21,cheap,0.0,0.9993447026235346,0.20826652546161015,0.2105664864433922,1,21,full,0.0,0.9993447026235346,0.20826652546161015,0.2105664864433922,1,192d9a15fb3e8a1b50847653f7ea14f2bf92f554,19,0.0,0.9993447026235346,0.20826652546161015,0.2105664864433922,1,True
b79740f1b23b5d7c,2021.08.17.16.57.11_veh-08_01200_01636,96,idm,21,,0.0,1.0011030382726551,0.20826112672923425,0.2104977661843322,1,22,,0.0,1.0011030382726551,0.20826112672923425,0.2104977661843322,1,17,,0.0,1.0011030382726551,0.20826112672923425,0.2104977661843322,1,17,cheap_nofp,0.0,1.0011030382726551,0.20826112672923425,0.2104977661843322,1,21,,0.0,1.0011030382726551,0.20826112672923425,0.2104977661843322,1,21,cheap,0.0,1.0011030382726551,0.20826112672923425,0.2104977661843322,1,22,full,0.0,1.0011030382726551,0.20826112672923425,0.2104977661843322,1,6acce3ce374610323c70d74a47661ee30e8fa55a,18,0.0,1.0011030382726551,0.20826112672923425,0.2104977661843322,1,True
b79740f1b23b5d7c,2021.08.17.16.57.11_veh-08_01200_01636,110,idm,22,,0.0,1.0053605408958597,0.2082512396978211,0.21046372235176117,1,22,,0.0,1.0053605408958597,0.2082512396978211,0.21046372235176117,1,18,,0.0,1.0053605408958597,0.2082512396978211,0.21046372235176117,1,18,cheap_nofp,0.0,1.0053605408958597,0.2082512396978211,0.21046372235176117,1,22,,0.0,1.0053605408958597,0.2082512396978211,0.21046372235176117,1,22,cheap,0.0,1.0053605408958597,0.2082512396978211,0.21046372235176117,1,22,full,0.0,1.0053605408958597,0.2082512396978211,0.21046372235176117,1,394e72a023f824076867b99f145db1807325b80d,19,0.0,1.0053605408958597,0.2082512396978211,0.21046372235176117,1,True
b79740f1b23b5d7c,2021.08.17.16.57.11_veh-08_01200_01636,123,idm,22,,0.0,0.9993447023083217,0.20822772189439492,0.21049106466658,1,22,,0.0,0.9993447023083217,0.20822772189439492,0.21049106466658,1,18,,0.0,0.9993447023083217,0.20822772189439492,0.21049106466658,1,18,cheap_nofp,0.0,0.9993447023083217,0.20822772189439492,0.21049106466658,1,22,,0.0,0.9993447023083217,0.20822772189439492,0.21049106466658,1,22,,0.0,0.9993447023083217,0.20822772189439492,0.21049106466658,1,22,,0.0,0.9993447023083217,0.20822772189439492,0.21049106466658,1,96a48e88e24048b02b9b7b6ef5147d23e53f3eed,19,0.0,0.9993447023083217,0.20822772189439492,0.21049106466658,1,True
b79740f1b23b5d7c,2021.08.17.16.57.11_veh-08_01200_01636,136,idm,22,,0.0,0.9970927590293704,0.20821721883697275,0.21048984907805096,1,22,,0.0,0.9970927590293704,0.20821721883697275,0.21048984907805096,1,18,,0.0,0.9970927590293704,0.20821721883697275,0.21048984907805096,1,18,cheap_nofp,0.0,0.9970927590293704,0.20821721883697275,0.21048984907805096,1,22,,0.0,0.9970927590293704,0.20821721883697275,0.21048984907805096,1,22,cheap,0.0,0.9970927590293704,0.20821721883697275,0.21048984907805096,1,22,full,0.0,0.9970927590293704,0.20821721883697275,0.21048984907805096,1,b38ea849e6c168d4f0c67b130586ebfe7b57da4e,19,0.0,0.9970927590293704,0.20821721883697275,0.21048984907805096,1,True
b79740f1b23b5d7c,2021.08.17.16.57.11_veh-08_01200_01636,149,idm,23,,0.0,0.9948917360814629,0.20820991323672514,0.21052388438250036,1,24,,0.0,0.9948917360814629,0.20820991323672514,0.21052388438250036,1,19,,0.0,0.9948917360814629,0.20820991323672514,0.21052388438250036,1,19,cheap_nofp,0.0,0.9948917360814629,0.20820991323672514,0.21052388438250036,1,23,,0.0,0.9948917360814629,0.20820991323672514,0.21052388438250036,1,23,cheap,0.0,0.9948917360814629,0.20820991323672514,0.21052388438250036,1,24,full,0.0,0.9948917360814629,0.20820991323672514,0.21052388438250036,1,950d5035777348cc58c2dfcac79d2ad55806d1fd,20,0.0,0.9948917360814629,0.20820991323672514,0.21052388438250036,1,True
b79740f1b23b5d7c,2021.08.17.16.57.11_veh-08_01200_01636,163,idm,22,,0.0,1.0050746838039601,0.20820196077430236,0.21050660270315374,1,24,,0.0,1.0050746838039601,0.20820196077430236,0.21050660270315374,1,19,,0.0,1.0050746838039601,0.20820196077430236,0.21050660270315374,1,19,cheap_nofp,0.0,1.0050746838039601,0.20820196077430236,0.21050660270315374,1,23,,0.0,1.0050746838039601,0.20820196077430236,0.21050660270315374,1,22,cheap,0.0,1.0050746838039601,0.20820196077430236,0.21050660270315374,1,24,full,0.0,1.0050746838039601,0.20820196077430236,0.21050660270315374,1,bab71cfd72c0c68d480b99df040ec15666143acc,20,0.0,1.0050746838039601,0.20820196077430236,0.21050660270315374,1,True
b79740f1b23b5d7c,2021.08.17.16.57.11_veh-08_01200_01636,176,idm,23,,0.0,0.99709275927934,0.2082243653557217,0.2105588523990394,1,23,,0.0,0.99709275927934,0.2082243653557217,0.2105588523990394,1,19,,0.0,0.99709275927934,0.2082243653557217,0.2105588523990394,1,19,cheap_nofp,0.0,0.99709275927934,0.2082243653557217,0.2105588523990394,1,23,full,0.0,0.99709275927934,0.2082243653557217,0.2105588523990394,1,23,cheap,0.0,0.99709275927934,0.2082243653557217,0.2105588523990394,1,23,full,0.0,0.99709275927934,0.2082243653557217,0.2105588523990394,1,cec0a8442bceeec14bda8511b90f61541b92fdfa,20,0.0,0.99709275927934,0.2082243653557217,0.2105588523990394,1,True
b79740f1b23b5d7c,2021.08.17.16.57.11_veh-08_01200_01636,189,idm,23,,0.0,0.9948917361212858,0.2082361326756776,0.21060125459924214,1,23,,0.0,0.9948917361212858,0.2082361326756776,0.21060125459924214,1,19,,0.0,0.9948917361212858,0.2082361326756776,0.21060125459924214,1,19,cheap_nofp,0.0,0.9948917361212858,0.2082361326756776,0.21060125459924214,1,22,,0.0,0.9948917361212858,0.2082361326756776,0.21060125459924214,1,23,cheap,0.0,0.9948917361212858,0.2082361326756776,0.21060125459924214,1,23,full,0.0,0.9948917361212858,0.2082361326756776,0.21060125459924214,1,998e0ced82f799182a194d3ccb8a6d769527dae0,20,0.0,0.9948917361212858,0.2082361326756776,0.21060125459924214,1,True
b79740f1b23b5d7c,2021.08.17.16.57.11_veh-08_01200_01636,202,idm,22,,0.0,0.9997879752316688,0.20824907985550598,0.21054288568318139,1,23,,0.0,0.9997879752316688,0.20824907985550598,0.21054288568318139,1,19,,0.0,0.9997879752316688,0.20824907985550598,0.21054288568318139,1,19,cheap_nofp,0.0,0.9997879752316688,0.20824907985550598,0.21054288568318139,1,23,,0.0,0.9997879752316688,0.20824907985550598,0.21054288568318139,1,22,cheap,0.0,0.9997879752316688,0.20824907985550598,0.21054288568318139,1,23,full,0.0,0.9997879752316688,0.20824907985550598,0.21054288568318139,1,58ad8db2973defa90057fe5c7377f23f4623c4ed,20,0.0,0.9997879752316688,0.20824907985550598,0.21054288568318139,1,True
b79740f1b23b5d7c,2021.08.17.16.57.11_veh-08_01200_01636,216,idm,21,,0.0,0.9972046456804654,0.2082605020320603,0.21051732539603404,1,23,,0.0,0.9972046456804654,0.2082605020320603,0.21051732539603404,1,18,,0.0,0.9972046456804654,0.2082605020320603,0.21051732539603404,1,18,cheap_nofp,0.0,0.9972046456804654,0.2082605020320603,0.21051732539603404,1,21,,0.0,0.9972046456804654,0.2082605020320603,0.21051732539603404,1,21,cheap,0.0,0.9972046456804654,0.2082605020320603,0.21051732539603404,1,23,full,0.0,0.9972046456804654,0.2082605020320603,0.21051732539603404,1,53d012955b9eb83d6863b9a8b35ee8800c76f8c0,19,0.0,0.9972046456804654,0.2082605020320603,0.21051732539603404,1,True
b79740f1b23b5d7c,2021.08.17.16.57.11_veh-08_01200_01636,229,idm,22,,0.0,0.9989409294007724,0.20824837400952897,0.21049807657841954,1,22,,0.0,0.9989409294007724,0.20824837400952897,0.21049807657841954,1,18,,0.0,0.9989409294007724,0.20824837400952897,0.21049807657841954,1,18,cheap_nofp,0.0,0.9989409294007724,0.20824837400952897,0.21049807657841954,1,22,,0.0,0.9989409294007724,0.20824837400952897,0.21049807657841954,1,22,cheap,0.0,0.9989409294007724,0.20824837400952897,0.21049807657841954,1,22,full,0.0,0.9989409294007724,0.20824837400952897,0.21049807657841954,1,27d3eadf2eab6dc6860a7f3f107840805c876a65,19,0.0,0.9989409294007724,0.20824837400952897,0.21049807657841954,1,True
b79740f1b23b5d7c,2021.08.17.16.57.11_veh-08_01200_01636,242,idm,22,,0.0,0.9801782766549179,0.20824667520401202,0.21057105438759954,1,22,,0.0,0.9801782766549179,0.20824667520401202,0.21057105438759954,1,18,,0.0,0.9801782766549179,0.20824667520401202,0.21057105438759954,1,18,cheap_nofp,0.0,0.9801782766549179,0.20824667520401202,0.21057105438759954,1,21,,0.0,0.9801782766549179,0.20824667520401202,0.21057105438759954,1,22,cheap,0.0,0.9801782766549179,0.20824667520401202,0.21057105438759954,1,22,full,0.0,0.9801782766549179,0.20824667520401202,0.21057105438759954,1,fba8aecdc6f45d61e70aff33f0940dc0ccfe4d05,19,0.0,0.9801782766549179,0.20824667520401202,0.21057105438759954,1,True
b79740f1b23b5d7c,2021.08.17.16.57.11_veh-08_01200_01636,255,idm,23,,0.0,0.9729205621141587,0.20825113414208785,0.21060762353553908,1,23,,0.0,0.9729205621141587,0.20825113414208785,0.21060762353553908,1,19,,0.0,0.9729205621141587,0.20825113414208785,0.21060762353553908,1,19,cheap_nofp,0.0,0.9729205621141587,0.20825113414208785,0.21060762353553908,1,23,full,0.0,0.9729205621141587,0.20825113414208785,0.21060762353553908,1,23,cheap,0.0,0.9729205621141587,0.20825113414208785,0.21060762353553908,1,23,full,0.0,0.9729205621141587,0.20825113414208785,0.21060762353553908,1,a47c70a81d3de80dc44cb9347dfde7ca07471abb,20,0.0,0.9729205621141587,0.20825113414208785,0.21060762353553908,1,True
b79740f1b23b5d7c,2021.08.17.16.57.11_veh-08_01200_01636,269,idm,24,,0.0,0.9818793934780903,0.2082723581625741,0.21063260948121335,1,24,,0.0,0.9818793934780903,0.2082723581625741,0.21063260948121335,1,20,,0.0,0.9818793934780903,0.2082723581625741,0.21063260948121335,1,20,cheap_nofp,0.0,0.9818793934780903,0.2082723581625741,0.21063260948121335,1,24,full,0.0,0.9818793934780903,0.2082723581625741,0.21063260948121335,1,24,cheap,0.0,0.9818793934780903,0.2082723581625741,0.21063260948121335,1,24,full,0.0,0.9818793934780903,0.2082723581625741,0.21063260948121335,1,cd45298d7602db5dbd2f7a143d84d92e7b66bd36,21,0.0,0.9818793934780903,0.2082723581625741,0.21063260948121335,1,True
b79740f1b23b5d7c,2021.08.17.16.57.11_veh-08_01200_01636,282,idm,24,,0.0,0.9603924007993115,0.20826937814924676,0.21060741377126427,1,24,,0.0,0.9603924007993115,0.20826937814924676,0.21060741377126427,1,20,,0.0,0.9603924007993115,0.20826937814924676,0.21060741377126427,1,20,cheap_nofp,0.0,0.9603924007993115,0.20826937814924676,0.21060741377126427,1,24,,0.0,0.9603924007993115,0.20826937814924676,0.21060741377126427,1,24,cheap,0.0,0.9603924007993115,0.20826937814924676,0.21060741377126427,1,24,full,0.0,0.9603924007993115,0.20826937814924676,0.21060741377126427,1,30bb5f3f3bf5e905f065edb272be831a75a4cf2c,21,0.0,0.9603924007993115,0.20826937814924676,0.21060741377126427,1,True
b79740f1b23b5d7c,2021.08.17.16.57.11_veh-08_01200_01636,295,idm,24,,0.0,0.9458398902352977,0.2082868157933251,0.21063769357261616,1,24,,0.0,0.9458398902352977,0.2082868157933251,0.21063769357261616,1,20,,0.0,0.9458398902352977,0.2082868157933251,0.21063769357261616,1,20,cheap_nofp,0.0,0.9458398902352977,0.2082868157933251,0.21063769357261616,1,24,full,0.0,0.9458398902352977,0.2082868157933251,0.21063769357261616,1,24,cheap,0.0,0.9458398902352977,0.2082868157933251,0.21063769357261616,1,24,full,0.0,0.9458398902352977,0.2082868157933251,0.21063769357261616,1,325ed08f50b2b4ae26c1ba16ec50d2122c59f305,21,0.0,0.9458398902352977,0.2082868157933251,0.21063769357261616,1,True
b79740f1b23b5d7c,2021.08.17.16.57.11_veh-08_01200_01636,309,idm,22,,0.0,0.9388034874256073,0.2083172588661364,0.21056511845318804,1,23,,0.0,0.9388034874256073,0.2083172588661364,0.21056511845318804,1,19,,0.0,0.9388034874256073,0.2083172588661364,0.21056511845318804,1,19,cheap_nofp,0.0,0.9388034874256073,0.2083172588661364,0.21056511845318804,1,23,full,0.0,0.9388034874256073,0.2083172588661364,0.21056511845318804,1,22,cheap,0.0,0.9388034874256073,0.2083172588661364,0.21056511845318804,1,23,full,0.0,0.9388034874256073,0.2083172588661364,0.21056511845318804,1,39634f31cfa3229e28d85c6b3ed286e639116a24,20,0.0,0.9388034874256073,0.2083172588661364,0.21056511845318804,1,True
bbe382d6d2b152a5,2021.06.09.17.23.18_veh-38_02526_03027,4,idm,189,,0.0,1.1045578244352803,1.370100524822611,2.5270272878385054,1,191,,0.0,1.1045578244352803,1.370100524822611,2.5270272878385054,1,186,,0.0,1.1045578244352803,1.370100524822611,2.5270272878385054,1,188,,0.0,1.1045578244352803,1.370100524822611,2.5270272878385054,1,186,,0.0,1.1045578244352803,1.370100524822611,2.5270272878385054,1,188,,0.0,1.1045578244352803,1.370100524822611,2.5270272878385054,1,191,,0.0,1.1045578244352803,1.370100524822611,2.5270272878385054,1,a5aeed386a8efd31dd5b439e2756601897b4ef48,222,0.0,1.1045578244352803,1.370100524822611,2.5270272878385054,1,True
bbe382d6d2b152a5,2021.06.09.17.23.18_veh-38_02526_03027,17,idm,190,,0.0,1.0958298704214338,1.3745682366048142,2.538524549300566,1,196,,0.0,1.0958298704214338,1.3745682366048142,2.538524549300566,1,187,,0.0,1.0958298704214338,1.3745682366048142,2.538524549300566,1,191,,0.0,1.0958298704214338,1.3745682366048142,2.538524549300566,1,189,,0.0,1.0958298704214338,1.3745682366048142,2.538524549300566,1,189,,0.0,1.0958298704214338,1.3745682366048142,2.538524549300566,1,195,,0.0,1.0958298704214338,1.3745682366048142,2.538524549300566,1,b7574d8c76d8192441d8f508c08b92c81f13d598,225,0.0,1.0958298704214338,1.3745682366048142,2.538524549300566,1,True
bbe382d6d2b152a5,2021.06.09.17.23.18_veh-38_02526_03027,30,idm,189,,0.0,1.100739001823389,1.3724850373889257,2.5352175602707367,1,193,,0.0,1.100739001823389,1.3724850373889257,2.5352175602707367,1,188,,0.0,1.100739001823389,1.3724850373889257,2.5352175602707367,1,188,,0.0,1.100739001823389,1.3724850373889257,2.5352175602707367,1,188,,0.0,1.100739001823389,1.3724850373889257,2.5352175602707367,1,186,,0.0,1.100739001823389,1.3724850373889257,2.5352175602707367,1,193,,0.0,1.100739001823389,1.3724850373889257,2.5352175602707367,1,d4d0b3d09f22a193926819e30605241bfaf989ec,221,0.0,1.100739001823389,1.3724850373889257,2.5352175602707367,1,True
bbe382d6d2b152a5,2021.06.09.17.23.18_veh-38_02526_03027,43,idm,192,,0.0,1.0907723223563772,1.3738852998213487,2.538202331785653,1,199,,0.0,1.0907723223563772,1.3738852998213487,2.538202331785653,1,190,,0.0,1.0907723223563772,1.3738852998213487,2.538202331785653,1,195,,0.0,1.0907723223563772,1.3738852998213487,2.538202331785653,1,192,,0.0,1.0907723223563772,1.3738852998213487,2.538202331785653,1,192,,0.0,1.0907723223563772,1.3738852998213487,2.538202331785653,1,197,,0.0,1.0907723223563772,1.3738852998213487,2.538202331785653,1,980d8e397ae52d0d0671ff174f6277f86ec6c079,221,0.0,1.0907723223563772,1.3738852998213487,2.538202331785653,1,True
bbe382d6d2b152a5,2021.06.09.17.23.18_veh-38_02526_03027,57,idm,195,,0.0,1.105453952194419,1.369169740171635,2.5260476612815252,1,199,,0.0,1.105453952194419,1.369169740171635,2.5260476612815252,1,194,,0.0,1.105453952194419,1.369169740171635,2.5260476612815252,1,195,,0.0,1.105453952194419,1.369169740171635,2.5260476612815252,1,192,,0.0,1.105453952194419,1.369169740171635,2.5260476612815252,1,193,,0.0,1.105453952194419,1.369169740171635,2.5260476612815252,1,198,,0.0,1.105453952194419,1.369169740171635,2.5260476612815252,1,2e3b4e9686165ac8441d28c3b39e044810d476ab,222,0.0,1.105453952194419,1.369169740171635,2.5260476612815252,1,True
bbe382d6d2b152a5,2021.06.09.17.23.18_veh-38_02526_03027,70,idm,188,,0.0,1.1238965075096765,1.360888018071623,2.5063029732328586,1,198,,0.0,1.1238965075096765,1.360888018071623,2.5063029732328586,1,186,,0.0,1.1238965075096765,1.360888018071623,2.5063029732328586,1,190,,0.0,1.1238965075096765,1.360888018071623,2.5063029732328586,1,191,,0.0,1.1238965075096765,1.360888018071623,2.5063029732328586,1,188,,0.0,1.1238965075096765,1.360888018071623,2.5063029732328586,1,197,,0.0,1.1238965075096765,1.360888018071623,2.5063029732328586,1,f77cbe39c00744a862fc170d6deb5cef6ad4c299,219,0.0,1.1238965075096765,1.360888018071623,2.5063029732328586,1,True
bbe382d6d2b152a5,2021.06.09.17.23.18_veh-38_02526_03027,83,idm,189,,0.0,1.1120226699227338,1.3658720618806157,2.518631231872859,1,195,,0.0,1.1120226699227338,1.3658720618806157,2.518631231872859,1,186,,0.0,1.1120226699227338,1.3658720618806157,2.518631231872859,1,191,,0.0,1.1120226699227338,1.3658720618806157,2.518631231872859,1,189,,0.0,1.1120226699227338,1.3658720618806157,2.518631231872859,1,189,,0.0,1.1120226699227338,1.3658720618806157,2.518631231872859,1,193,,0.0,1.1120226699227338,1.3658720618806157,2.518631231872859,1,cf0720ffca8b8cdcc6c1acec90c1e4830c2d923a,215,0.0,1.1120226699227338,1.3658720618806157,2.518631231872859,1,True
bbe382d6d2b152a5,2021.06.09.17.23.18_veh-38_02526_03027,96,idm,188,,0.0,1.0929569818448988,1.3704746978324354,2.531727199172776,1,190,,0.0,1.0929569818448988,1.3704746978324354,2.531727199172776,1,183,,0.0,1.0929569818448988,1.3704746978324354,2.531727199172776,1,185,,0.0,1.0929569818448988,1.3704746978324354,2.531727199172776,1,186,,0.0,1.0929569818448988,1.3704746978324354,2.531727199172776,1,186,,0.0,1.0929569818448988,1.3704746978324354,2.531727199172776,1,190,,0.0,1.0929569818448988,1.3704746978324354,2.531727199172776,1,2f84489eb1142ab46fdb971370ce77ce41e2a609,212,0.0,1.0929569818448988,1.3704746978324354,2.531727199172776,1,True
bbe382d6d2b152a5,2021.06.09.17.23.18_veh-38_02526_03027,110,idm,183,,0.0,1.0908827664897782,1.3704547975426986,2.5290125694191925,1,186,,0.0,1.0908827664897782,1.3704547975426986,2.5290125694191925,1,180,,0.0,1.0908827664897782,1.3704547975426986,2.5290125694191925,1,181,,0.0,1.0908827664897782,1.3704547975426986,2.5290125694191925,1,180,,0.0,1.0908827664897782,1.3704547975426986,2.5290125694191925,1,182,,0.0,1.0908827664897782,1.3704547975426986,2.5290125694191925,1,185,,0.0,1.0908827664897782,1.3704547975426986,2.5290125694191925,1,62864c6561a43dbeeb27fa91b870f6afa9beee26,203,0.0,1.0908827664897782,1.3704547975426986,2.5290125694191925,1,True
bbe382d6d2b152a5,2021.06.09.17.23.18_veh-38_02526_03027,123,idm,181,,0.0,1.114111857079778,1.366676316233232,2.5223069765199586,1,183,,0.0,1.114111857079778,1.366676316233232,2.5223069765199586,1,178,,0.0,1.114111857079778,1.366676316233232,2.5223069765199586,1,177,,0.0,1.114111857079778,1.366676316233232,2.5223069765199586,1,176,,0.0,1.114111857079778,1.366676316233232,2.5223069765199586,1,179,,0.0,1.114111857079778,1.366676316233232,2.5223069765199586,1,183,,0.0,1.114111857079778,1.366676316233232,2.5223069765199586,1,b8ac617fb1025f1484e0749ed00bef20f0c5cb1a,204,0.0,1.114111857079778,1.366676316233232,2.5223069765199586,1,True
bbe382d6d2b152a5,2021.06.09.17.23.18_veh-38_02526_03027,136,idm,179,,0.0,1.1016615945560437,1.3678428946984398,2.523515382202423,1,183,,0.0,1.1016615945560437,1.3678428946984398,2.523515382202423,1,177,,0.0,1.1016615945560437,1.3678428946984398,2.523515382202423,1,179,,0.0,1.1016615945560437,1.3678428946984398,2.523515382202423,1,176,,0.0,1.1016615945560437,1.3678428946984398,2.523515382202423,1,179,,0.0,1.1016615945560437,1.3678428946984398,2.523515382202423,1,183,,0.0,1.1016615945560437,1.3678428946984398,2.523515382202423,1,ccbe97d0c13cfa5f283de76dde345ca6417a27d1,203,0.0,1.1016615945560437,1.3678428946984398,2.523515382202423,1,True
bbe382d6d2b152a5,2021.06.09.17.23.18_veh-38_02526_03027,149,idm,177,,0.0,1.1115846470600204,1.3645732365424388,2.516485520521454,1,184,,0.0,1.1115846470600204,1.3645732365424388,2.516485520521454,1,172,,0.0,1.1115846470600204,1.3645732365424388,2.516485520521454,1,178,,0.0,1.1115846470600204,1.3645732365424388,2.516485520521454,1,173,,0.0,1.1115846470600204,1.3645732365424388,2.516485520521454,1,177,,0.0,1.1115846470600204,1.3645732365424388,2.516485520521454,1,180,,0.0,1.1115846470600204,1.3645732365424388,2.516485520521454,1,4bd7f193a8451f09a5257dd6b7e658ae2349fdfa,205,0.0,1.1115846470600204,1.3645732365424388,2.516485520521454,1,True
bbe382d6d2b152a5,2021.06.09.17.23.18_veh-38_02526_03027,163,idm,171,,0.0,1.1061309471006215,1.3674957922241466,2.523668313209255,1,179,,0.0,1.1061309471006215,1.3674957922241466,2.523668313209255,1,169,,0.0,1.1061309471006215,1.3674957922241466,2.523668313209255,1,174,,0.0,1.1061309471006215,1.3674957922241466,2.523668313209255,1,172,,0.0,1.1061309471006215,1.3674957922241466,2.523668313209255,1,171,,0.0,1.1061309471006215,1.3674957922241466,2.523668313209255,1,178,,0.0,1.1061309471006215,1.3674957922241466,2.523668313209255,1,5f203272bad486dfb769d544f62dd50f4e47944a,198,0.0,1.1061309471006215,1.3674957922241466,2.523668313209255,1,True
bbe382d6d2b152a5,2021.06.09.17.23.18_veh-38_02526_03027,176,idm,183,,0.0,1.1171354279077337,1.3660184589236433,2.5184208985672996,1,187,,0.0,1.1171354279077337,1.3660184589236433,2.5184208985672996,1,180,,0.0,1.1171354279077337,1.3660184589236433,2.5184208985672996,1,181,,0.0,1.1171354279077337,1.3660184589236433,2.5184208985672996,1,179,,0.0,1.1171354279077337,1.3660184589236433,2.5184208985672996,1,182,,0.0,1.1171354279077337,1.3660184589236433,2.5184208985672996,1,186,,0.0,1.1171354279077337,1.3660184589236433,2.5184208985672996,1,4a6390a248a8b89f62e09470408a5e2395a7fdd7,204,0.0,1.1171354279077337,1.3660184589236433,2.5184208985672996,1,True
bbe382d6d2b152a5,2021.06.09.17.23.18_veh-38_02526_03027,189,idm,179,,0.0,1.1076025986511506,1.3644645633309342,2.516007339073395,1,181,,0.0,1.1076025986511506,1.3644645633309342,2.516007339073395,1,175,,0.0,1.1076025986511506,1.3644645633309342,2.516007339073395,1,178,,0.0,1.1076025986511506,1.3644645633309342,2.516007339073395,1,178,,0.0,1.1076025986511506,1.3644645633309342,2.516007339073395,1,179,,0.0,1.1076025986511506,1.3644645633309342,2.516007339073395,1,181,,0.0,1.1076025986511506,1.3644645633309342,2.516007339073395,1,2ed37a4303463545a4a65012b16453aa3bf5d209,208,0.0,1.1076025986511506,1.3644645633309342,2.516007339073395,1,True
bbe382d6d2b152a5,2021.06.09.17.23.18_veh-38_02526_03027,202,idm,179,,0.0,1.1151685746773248,1.3636961496953408,2.5134630937335825,1,181,,0.0,1.1151685746773248,1.3636961496953408,2.5134630937335825,1,175,,0.0,1.1151685746773248,1.3636961496953408,2.5134630937335825,1,177,,0.0,1.1151685746773248,1.3636961496953408,2.5134630937335825,1,178,,0.0,1.1151685746773248,1.3636961496953408,2.5134630937335825,1,179,,0.0,1.1151685746773248,1.3636961496953408,2.5134630937335825,1,181,,0.0,1.1151685746773248,1.3636961496953408,2.5134630937335825,1,afba0c0c5bf013ff4dab5a9fed3ab05d2a8c4846,206,0.0,1.1151685746773248,1.3636961496953408,2.5134630937335825,1,True
bbe382d6d2b152a5,2021.06.09.17.23.18_veh-38_02526_03027,216,idm,171,,0.0,1.1049039162648682,1.3656586597264475,2.5186267256236587,1,177,,0.0,1.1049039162648682,1.3656586597264475,2.5186267256236587,1,169,,0.0,1.1049039162648682,1.3656586597264475,2.5186267256236587,1,173,,0.0,1.1049039162648682,1.3656586597264475,2.5186267256236587,1,171,,0.0,1.1049039162648682,1.3656586597264475,2.5186267256236587,1,171,,0.0,1.1049039162648682,1.3656586597264475,2.5186267256236587,1,176,,0.0,1.1049039162648682,1.3656586597264475,2.5186267256236587,1,20630d101c9ed0e48c143320a3b04f25a5c1f381,199,0.0,1.1049039162648682,1.3656586597264475,2.5186267256236587,1,True
bbe382d6d2b152a5,2021.06.09.17.23.18_veh-38_02526_03027,229,idm,178,,0.0,1.092361326870951,1.3663476296102246,2.5212272626601075,1,180,,0.0,1.092361326870951,1.3663476296102246,2.5212272626601075,1,172,,0.0,1.092361326870951,1.3663476296102246,2.5212272626601075,1,173,,0.0,1.092361326870951,1.3663476296102246,2.5212272626601075,1,173,,0.0,1.092361326870951,1.3663476296102246,2.5212272626601075,1,177,,0.0,1.092361326870951,1.3663476296102246,2.5212272626601075,1,180,,0.0,1.092361326870951,1.3663476296102246,2.5212272626601075,1,b66e2d0fe0a2fdace3000eb0ba0dbef484c1feb2,201,0.0,1.092361326870951,1.3663476296102246,2.5212272626601075,1,True
bbe382d6d2b152a5,2021.06.09.17.23.18_veh-38_02526_03027,242,idm,170,,0.0,1.0995663747672069,1.3669464504422641,2.5219480155136345,1,178,,0.0,1.0995663747672069,1.3669464504422641,2.5219480155136345,1,168,,0.0,1.0995663747672069,1.3669464504422641,2.5219480155136345,1,172,,0.0,1.0995663747672069,1.3669464504422641,2.5219480155136345,1,170,,0.0,1.0995663747672069,1.3669464504422641,2.5219480155136345,1,170,,0.0,1.0995663747672069,1.3669464504422641,2.5219480155136345,1,177,,0.0,1.0995663747672069,1.3669464504422641,2.5219480155136345,1,44a3ab23db14d99e078dd95027efd13b05742786,199,0.0,1.0995663747672069,1.3669464504422641,2.5219480155136345,1,True
bbe382d6d2b152a5,2021.06.09.17.23.18_veh-38_02526_03027,255,idm,174,,0.0,1.0989342457322704,1.369775228782668,2.529528372077421,1,175,,0.0,1.0989342457322704,1.369775228782668,2.529528372077421,1,171,,0.0,1.0989342457322704,1.369775228782668,2.529528372077421,1,172,,0.0,1.0989342457322704,1.369775228782668,2.529528372077421,1,174,,0.0,1.0989342457322704,1.369775228782668,2.529528372077421,1,174,,0.0,1.0989342457322704,1.369775228782668,2.529528372077421,1,175,,0.0,1.0989342457322704,1.369775228782668,2.529528372077421,1,1169ac24357366cce9d14274594b29f24057f5ee,200,0.0,1.0989342457322704,1.369775228782668,2.529528372077421,1,True
bbe382d6d2b152a5,2021.06.09.17.23.18_veh-38_02526_03027,269,idm,174,,0.0,1.1065889442277717,1.365410778497234,2.517290618915324,1,178,,0.0,1.1065889442277717,1.365410778497234,2.517290618915324,1,172,,0.0,1.1065889442277717,1.365410778497234,2.517290618915324,1,174,,0.0,1.1065889442277717,1.365410778497234,2.517290618915324,1,172,,0.0,1.1065889442277717,1.365410778497234,2.517290618915324,1,174,,0.0,1.1065889442277717,1.365410778497234,2.517290618915324,1,177,,0.0,1.1065889442277717,1.365410778497234,2.517290618915324,1,62d5b386e0bac5d6933147dc120cc04d8d840454,198,0.0,1.1065889442277717,1.365410778497234,2.517290618915324,1,True
bbe382d6d2b152a5,2021.06.09.17.23.18_veh-38_02526_03027,282,idm,173,,0.0,1.110915975709107,1.3663236448294853,2.5215432442816197,1,173,,0.0,1.110915975709107,1.3663236448294853,2.5215432442816197,1,169,,0.0,1.110915975709107,1.3663236448294853,2.5215432442816197,1,172,,0.0,1.110915975709107,1.3663236448294853,2.5215432442816197,1,170,,0.0,1.110915975709107,1.3663236448294853,2.5215432442816197,1,173,,0.0,1.110915975709107,1.3663236448294853,2.5215432442816197,1,173,,0.0,1.110915975709107,1.3663236448294853,2.5215432442816197,1,0db0654c955cdf3e55b9fd2d1796f24d62552ab8,196,0.0,1.110915975709107,1.3663236448294853,2.5215432442816197,1,True
bbe382d6d2b152a5,2021.06.09.17.23.18_veh-38_02526_03027,295,idm,170,,0.0,1.0964736378169295,1.367851893357764,2.5238999059235483,1,172,,0.0,1.0964736378169295,1.367851893357764,2.5238999059235483,1,168,,0.0,1.0964736378169295,1.367851893357764,2.5238999059235483,1,168,,0.0,1.0964736378169295,1.367851893357764,2.5238999059235483,1,171,,0.0,1.0964736378169295,1.367851893357764,2.5238999059235483,1,169,,0.0,1.0964736378169295,1.367851893357764,2.5238999059235483,1,171,,0.0,1.0964736378169295,1.367851893357764,2.5238999059235483,1,9fb4d18f380f801ba65381671b0d2a4e318eec5a,196,0.0,1.0964736378169295,1.367851893357764,2.5238999059235483,1,True
bbe382d6d2b152a5,2021.06.09.17.23.18_veh-38_02526_03027,309,idm,177,,0.0,1.1231910508175522,1.3618475132234338,2.5081633716951095,1,178,,0.0,1.1231910508175522,1.3618475132234338,2.5081633716951095,1,172,,0.0,1.1231910508175522,1.3618475132234338,2.5081633716951095,1,173,,0.0,1.1231910508175522,1.3618475132234338,2.5081633716951095,1,174,,0.0,1.1231910508175522,1.3618475132234338,2.5081633716951095,1,177,,0.0,1.1231910508175522,1.3618475132234338,2.5081633716951095,1,178,,0.0,1.1231910508175522,1.3618475132234338,2.5081633716951095,1,a76035073b15c8c2c38fcf9c1e6aad7839ecebf1,199,0.0,1.1231910508175522,1.3618475132234338,2.5081633716951095,1,True
c0223195d5ca583a,2021.05.25.14.16.10_veh-35_01690_02183,4,idm,160,,0.0,0.9925574093231059,0.022304506222785216,0.022387725044779122,1,166,,0.0,0.9925574093231059,0.022304506222785216,0.022387725044779122,1,160,cheap,0.0,0.9925574093231059,0.022304506222785216,0.022387725044779122,1,162,,0.0,0.9925574093231059,0.022304506222785216,0.022387725044779122,1,162,,0.0,0.9925574093231059,0.022304506222785216,0.022387725044779122,1,160,,0.0,0.9925574093231059,0.022304506222785216,0.022387725044779122,1,166,,0.0,0.9925574093231059,0.022304506222785216,0.022387725044779122,1,1bb668973a2a045ece750e1f8fb6329e2945b36f,175,0.0,0.9925574093231059,0.022304506222785216,0.022387725044779122,1,True
c0223195d5ca583a,2021.05.25.14.16.10_veh-35_01690_02183,17,idm,160,,0.0,0.99647113868812,0.02232667573269607,0.022407358717944786,1,166,,0.0,0.99647113868812,0.02232667573269607,0.022407358717944786,1,160,cheap,0.0,0.99647113868812,0.02232667573269607,0.022407358717944786,1,162,,0.0,0.99647113868812,0.02232667573269607,0.022407358717944786,1,164,,0.0,0.99647113868812,0.02232667573269607,0.022407358717944786,1,160,,0.0,0.99647113868812,0.02232667573269607,0.022407358717944786,1,166,full,0.0,0.99647113868812,0.02232667573269607,0.022407358717944786,1,ab2a59f33e3257f9035a4ad41b52edf8033d9387,174,0.0,0.99647113868812,0.02232667573269607,0.022407358717944786,1,True
c0223195d5ca583a,2021.05.25.14.16.10_veh-35_01690_02183,30,idm,161,,0.0,0.9998777123667157,0.022357016312587293,0.022371049856460754,1,161,,0.0,0.9998777123667157,0.022357016312587293,0.022371049856460754,1,159,,0.0,0.9998777123667157,0.022357016312587293,0.022371049856460754,1,161,,0.0,0.9998777123667157,0.022357016312587293,0.022371049856460754,1,161,,0.0,0.9998777123667157,0.022357016312587293,0.022371049856460754,1,161,,0.0,0.9998777123667157,0.022357016312587293,0.022371049856460754,1,161,,0.0,0.9998777123667157,0.022357016312587293,0.022371049856460754,1,ec8f82a90c670d904d4255162bafdf2ee45eaef4,173,0.0,0.9998777123667157,0.022357016312587293,0.022371049856460754,1,True
c0223195d5ca583a,2021.05.25.14.16.10_veh-35_01690_02183,43,idm,157,,0.0,1.006076862470743,0.02236800244408588,0.022391300956629136,1,158,,0.0,1.006076862470743,0.02236800244408588,0.022391300956629136,1,156,,0.0,1.006076862470743,0.02236800244408588,0.022391300956629136,1,158,full,0.0,1.006076862470743,0.02236800244408588,0.022391300956629136,1,157,,0.0,1.006076862470743,0.02236800244408588,0.022391300956629136,1,157,,0.0,1.006076862470743,0.02236800244408588,0.022391300956629136,1,158,full,0.0,1.006076862470743,0.02236800244408588,0.022391300956629136,1,2a4dc3b36876829854d5e321b7cf26665aff80ba,168,0.0,1.006076862470743,0.02236800244408588,0.022391300956629136,1,True
c0223195d5ca583a,2021.05.25.14.16.10_veh-35_01690_02183,57,idm,155,,0.0,0.9995320353138581,0.022367658883708157,0.02232300379039015,1,158,,0.0,0.9995320353138581,0.022367658883708157,0.02232300379039015,1,155,cheap,0.0,0.9995320353138581,0.022367658883708157,0.02232300379039015,1,158,,0.0,0.9995320353138581,0.022367658883708157,0.02232300379039015,1,158,,0.0,0.9995320353138581,0.022367658883708157,0.02232300379039015,1,155,,0.0,0.9995320353138581,0.022367658883708157,0.02232300379039015,1,158,,0.0,0.9995320353138581,0.022367658883708157,0.02232300379039015,1,1053e6b1c38a11f2b869f936e9a022fc4b81b204,167,0.0,0.9995320353138581,0.022367658883708157,0.02232300379039015,1,True
c0223195d5ca583a,2021.05.25.14.16.10_veh-35_01690_02183,70,idm,150,,0.0,1.0036380686580058,0.022379100895136762,0.02234168504484878,1,159,,0.0,1.0036380686580058,0.022379100895136762,0.02234168504484878,1,150,cheap,0.0,1.0036380686580058,0.022379100895136762,0.02234168504484878,1,154,,0.0,1.0036380686580058,0.022379100895136762,0.02234168504484878,1,149,,0.0,1.0036380686580058,0.022379100895136762,0.02234168504484878,1,150,,0.0,1.0036380686580058,0.022379100895136762,0.02234168504484878,1,159,,0.0,1.0036380686580058,0.022379100895136762,0.02234168504484878,1,92712272a78de2392cd7f834c07b25609f39bd94,163,0.0,1.0036380686580058,0.022379100895136762,0.02234168504484878,1,True
c0223195d5ca583a,2021.05.25.14.16.10_veh-35_01690_02183,83,idm,149,,0.0,1.008799486624044,0.02239206489782928,0.02242552528195663,1,154,,0.0,1.008799486624044,0.02239206489782928,0.02242552528195663,1,149,cheap,0.0,1.008799486624044,0.02239206489782928,0.02242552528195663,1,150,,0.0,1.008799486624044,0.02239206489782928,0.02242552528195663,1,147,,0.0,1.008799486624044,0.02239206489782928,0.02242552528195663,1,149,,0.0,1.008799486624044,0.02239206489782928,0.02242552528195663,1,154,,0.0,1.008799486624044,0.02239206489782928,0.02242552528195663,1,88774774ab369746cefede2a53eab4ae010aad7e,162,0.0,1.008799486624044,0.02239206489782928,0.02242552528195663,1,True
c0223195d5ca583a,2021.05.25.14.16.10_veh-35_01690_02183,97,idm,153,,0.0,1.0118597642117257,0.022380663431509615,0.022450351304391034,1,160,,0.0,1.0118597642117257,0.022380663431509615,0.022450351304391034,1,153,cheap,0.0,1.0118597642117257,0.022380663431509615,0.022450351304391034,1,157,,0.0,1.0118597642117257,0.022380663431509615,0.022450351304391034,1,155,,0.0,1.0118597642117257,0.022380663431509615,0.022450351304391034,1,153,,0.0,1.0118597642117257,0.022380663431509615,0.022450351304391034,1,160,,0.0,1.0118597642117257,0.022380663431509615,0.022450351304391034,1,26de3d7bfb6eb963e8295211aa99be29a778cec6,170,0.0,1.0118597642117257,0.022380663431509615,0.022450351304391034,1,True
c0223195d5ca583a,2021.05.25.14.16.10_veh-35_01690_02183,110,idm,151,,0.0,1.0087562027842254,0.02239788091124962,0.022459430071352718,1,155,,0.0,1.0087562027842254,0.02239788091124962,0.022459430071352718,1,149,,0.0,1.0087562027842254,0.02239788091124962,0.022459430071352718,1,151,,0.0,1.0087562027842254,0.02239788091124962,0.022459430071352718,1,149,,0.0,1.0087562027842254,0.02239788091124962,0.022459430071352718,1,151,,0.0,1.0087562027842254,0.02239788091124962,0.022459430071352718,1,155,,0.0,1.0087562027842254,0.02239788091124962,0.022459430071352718,1,3f124bbb114a7619844412b80daacd2989379e0a,166,0.0,1.0087562027842254,0.02239788091124962,0.022459430071352718,1,True
c0223195d5ca583a,2021.05.25.14.16.10_veh-35_01690_02183,123,idm,149,,0.0,1.0012490527510602,0.022391750896933803,0.022314402642792518,1,155,,0.0,1.0012490527510602,0.022391750896933803,0.022314402642792518,1,149,,0.0,1.0012490527510602,0.022391750896933803,0.022314402642792518,1,151,,0.0,1.0012490527510602,0.022391750896933803,0.022314402642792518,1,152,,0.0,1.0012490527510602,0.022391750896933803,0.022314402642792518,1,149,,0.0,1.0012490527510602,0.022391750896933803,0.022314402642792518,1,155,,0.0,1.0012490527510602,0.022391750896933803,0.022314402642792518,1,e41d768cb08fe4b5030693d8919c08d8a72af13d,165,0.0,1.0012490527510602,0.022391750896933803,0.022314402642792518,1,True
c0223195d5ca583a,2021.05.25.14.16.10_veh-35_01690_02183,137,idm,150,,0.0,1.010254795483985,0.022386766349072544,0.022288094231887816,1,151,,0.0,1.010254795483985,0.022386766349072544,0.022288094231887816,1,149,,0.0,1.010254795483985,0.022386766349072544,0.022288094231887816,1,149,,0.0,1.010254795483985,0.022386766349072544,0.022288094231887816,1,148,,0.0,1.010254795483985,0.022386766349072544,0.022288094231887816,1,150,,0.0,1.010254795483985,0.022386766349072544,0.022288094231887816,1,151,,0.0,1.010254795483985,0.022386766349072544,0.022288094231887816,1,4faf528cd677ee143b7fc8d0d39efe49687a4e0f,162,0.0,1.010254795483985,0.022386766349072544,0.022288094231887816,1,True
c0223195d5ca583a,2021.05.25.14.16.10_veh-35_01690_02183,150,idm,148,,0.0,1.0103192007009292,0.02238150888971394,0.02232850641639105,1,150,,0.0,1.0103192007009292,0.02238150888971394,0.02232850641639105,1,148,,0.0,1.0103192007009292,0.02238150888971394,0.02232850641639105,1,150,,0.0,1.0103192007009292,0.02238150888971394,0.02232850641639105,1,150,,0.0,1.0103192007009292,0.02238150888971394,0.02232850641639105,1,148,,0.0,1.0103192007009292,0.02238150888971394,0.02232850641639105,1,150,,0.0,1.0103192007009292,0.02238150888971394,0.02232850641639105,1,26cde4ed03df242a8f174120692856aa2d0eac7d,163,0.0,1.0103192007009292,0.02238150888971394,0.02232850641639105,1,True
c0223195d5ca583a,2021.05.25.14.16.10_veh-35_01690_02183,163,idm,152,,0.0,0.9992630650626501,0.022355042898387793,0.02231537245067749,1,154,,0.0,0.9992630650626501,0.022355042898387793,0.02231537245067749,1,152,cheap,0.0,0.9992630650626501,0.022355042898387793,0.02231537245067749,1,153,,0.0,0.9992630650626501,0.022355042898387793,0.02231537245067749,1,153,full_nofp,0.0,0.9992630650626501,0.022355042898387793,0.02231537245067749,1,152,,0.0,0.9992630650626501,0.022355042898387793,0.02231537245067749,1,154,,0.0,0.9992630650626501,0.022355042898387793,0.02231537245067749,1,bfc156b6af55757ea0117c20ba2652a169ef16fc,164,0.0,0.9992630650626501,0.022355042898387793,0.02231537245067749,1,True
c0223195d5ca583a,2021.05.25.14.16.10_veh-35_01690_02183,176,idm,151,,0.0,1.010241920289469,0.02233897534319309,0.022286649101520825,1,155,,0.0,1.010241920289469,0.02233897534319309,0.022286649101520825,1,150,,0.0,1.010241920289469,0.02233897534319309,0.022286649101520825,1,151,,0.0,1.010241920289469,0.02233897534319309,0.022286649101520825,1,150,,0.0,1.010241920289469,0.02233897534319309,0.022286649101520825,1,151,,0.0,1.010241920289469,0.02233897534319309,0.022286649101520825,1,155,,0.0,1.010241920289469,0.02233897534319309,0.022286649101520825,1,ca3c3c1b26b8a0ddd5c78e1b5c128ccc23e41cd2,163,0.0,1.010241920289469,0.02233897534319309,0.022286649101520825,1,True
c0223195d5ca583a,2021.05.25.14.16.10_veh-35_01690_02183,190,idm,150,,0.0,1.0071955674914181,0.022301621304021635,0.0222708337176308,1,153,,0.0,1.0071955674914181,0.022301621304021635,0.0222708337176308,1,150,cheap,0.0,1.0071955674914181,0.022301621304021635,0.0222708337176308,1,151,,0.0,1.0071955674914181,0.022301621304021635,0.0222708337176308,1,151,,0.0,1.0071955674914181,0.022301621304021635,0.0222708337176308,1,150,,0.0,1.0071955674914181,0.022301621304021635,0.0222708337176308,1,153,,0.0,1.0071955674914181,0.022301621304021635,0.0222708337176308,1,4631202c57668daa7e117a797ed9b5532e4f281f,161,0.0,1.0071955674914181,0.022301621304021635,0.0222708337176308,1,True
c0223195d5ca583a,2021.05.25.14.16.10_veh-35_01690_02183,203,idm,148,,0.0,0.9992629652257017,0.02228794411200738,0.022289125298983616,1,151,,0.0,0.9992629652257017,0.02228794411200738,0.022289125298983616,1,148,,0.0,0.9992629652257017,0.02228794411200738,0.022289125298983616,1,150,,0.0,0.9992629652257017,0.02228794411200738,0.022289125298983616,1,149,,0.0,0.9992629652257017,0.02228794411200738,0.022289125298983616,1,148,,0.0,0.9992629652257017,0.02228794411200738,0.022289125298983616,1,151,,0.0,0.9992629652257017,0.02228794411200738,0.022289125298983616,1,a8ca6dfeff68f3a4bf81907a889fa9d4f658bef8,158,0.0,0.9992629652257017,0.02228794411200738,0.022289125298983616,1,True
c0223195d5ca583a,2021.05.25.14.16.10_veh-35_01690_02183,216,idm,150,,0.0,1.0080295785494546,0.0222907183713427,0.022331128998809423,1,152,,0.0,1.0080295785494546,0.0222907183713427,0.022331128998809423,1,149,,0.0,1.0080295785494546,0.0222907183713427,0.022331128998809423,1,150,,0.0,1.0080295785494546,0.0222907183713427,0.022331128998809423,1,150,,0.0,1.0080295785494546,0.0222907183713427,0.022331128998809423,1,150,,0.0,1.0080295785494546,0.0222907183713427,0.022331128998809423,1,152,,0.0,1.0080295785494546,0.0222907183713427,0.022331128998809423,1,582cdac56ccfcce5a2fca648b5a3f91a30b0d96e,159,0.0,1.0080295785494546,0.0222907183713427,0.022331128998809423,1,True
c0223195d5ca583a,2021.05.25.14.16.10_veh-35_01690_02183,230,idm,154,,0.0,1.0071957731968313,0.022294535189983283,0.02231890610237856,1,157,,0.0,1.0071957731968313,0.022294535189983283,0.02231890610237856,1,154,cheap,0.0,1.0071957731968313,0.022294535189983283,0.02231890610237856,1,155,,0.0,1.0071957731968313,0.022294535189983283,0.02231890610237856,1,154,,0.0,1.0071957731968313,0.022294535189983283,0.02231890610237856,1,154,,0.0,1.0071957731968313,0.022294535189983283,0.02231890610237856,1,157,,0.0,1.0071957731968313,0.022294535189983283,0.02231890610237856,1,ccbf45f3964fe5ba45533e78228f3566dbde3897,166,0.0,1.0071957731968313,0.022294535189983283,0.02231890610237856,1,True
c0223195d5ca583a,2021.05.25.14.16.10_veh-35_01690_02183,243,idm,155,,0.0,1.0072075420829374,0.022294287463691047,0.022271907350577724,1,158,,0.0,1.0072075420829374,0.022294287463691047,0.022271907350577724,1,155,,0.0,1.0072075420829374,0.022294287463691047,0.022271907350577724,1,157,,0.0,1.0072075420829374,0.022294287463691047,0.022271907350577724,1,157,,0.0,1.0072075420829374,0.022294287463691047,0.022271907350577724,1,155,,0.0,1.0072075420829374,0.022294287463691047,0.022271907350577724,1,157,,0.0,1.0072075420829374,0.022294287463691047,0.022271907350577724,1,5d69c8f3ad83fd38a8ae3c0b3edb610cec505085,167,0.0,1.0072075420829374,0.022294287463691047,0.022271907350577724,1,True
c0223195d5ca583a,2021.05.25.14.16.10_veh-35_01690_02183,256,idm,155,,0.0,1.008029537797074,0.02230142470556599,0.022366644927437226,1,156,,0.0,1.008029537797074,0.02230142470556599,0.022366644927437226,1,155,cheap,0.0,1.008029537797074,0.02230142470556599,0.022366644927437226,1,156,full,0.0,1.008029537797074,0.02230142470556599,0.022366644927437226,1,155,cheap,0.0,1.008029537797074,0.02230142470556599,0.022366644927437226,1,155,,0.0,1.008029537797074,0.02230142470556599,0.022366644927437226,1,156,full,0.0,1.008029537797074,0.02230142470556599,0.022366644927437226,1,5b45a90298184ed8c809ce5f0c6995ce58b4d9b9,166,0.0,1.008029537797074,0.02230142470556599,0.022366644927437226,1,True
c0223195d5ca583a,2021.05.25.14.16.10_veh-35_01690_02183,270,idm,159,,0.0,1.008124167256298,0.02232608684256793,0.0223823530992923,1,159,,0.0,1.008124167256298,0.02232608684256793,0.0223823530992923,1,157,,0.0,1.008124167256298,0.02232608684256793,0.0223823530992923,1,157,,0.0,1.008124167256298,0.02232608684256793,0.0223823530992923,1,158,,0.0,1.008124167256298,0.02232608684256793,0.0223823530992923,1,159,,0.0,1.008124167256298,0.02232608684256793,0.0223823530992923,1,159,,0.0,1.008124167256298,0.02232608684256793,0.0223823530992923,1,866f7738bed1314a4d6fde21a7093d50f11cde0f,167,0.0,1.008124167256298,0.02232608684256793,0.0223823530992923,1,True
c0223195d5ca583a,2021.05.25.14.16.10_veh-35_01690_02183,283,idm,155,,0.0,1.0074987811612175,0.022334088369204377,0.022401295139085755,1,161,,0.0,1.0074987811612175,0.022334088369204377,0.022401295139085755,1,155,,0.0,1.0074987811612175,0.022334088369204377,0.022401295139085755,1,157,,0.0,1.0074987811612175,0.022334088369204377,0.022401295139085755,1,159,,0.0,1.0074987811612175,0.022334088369204377,0.022401295139085755,1,155,,0.0,1.0074987811612175,0.022334088369204377,0.022401295139085755,1,161,,0.0,1.0074987811612175,0.022334088369204377,0.022401295139085755,1,6becac0c60a62c8776db33d50d7147716cd1a9bf,166,0.0,1.0074987811612175,0.022334088369204377,0.022401295139085755,1,True
c0223195d5ca583a,2021.05.25.14.16.10_veh-35_01690_02183,296,idm,153,,0.0,1.0048651877075794,0.022334825389759047,0.022319485117419522,1,156,,0.0,1.0048651877075794,0.022334825389759047,0.022319485117419522,1,153,cheap,0.0,1.0048651877075794,0.022334825389759047,0.022319485117419522,1,154,,0.0,1.0048651877075794,0.022334825389759047,0.022319485117419522,1,154,,0.0,1.0048651877075794,0.022334825389759047,0.022319485117419522,1,153,,0.0,1.0048651877075794,0.022334825389759047,0.022319485117419522,1,156,,0.0,1.0048651877075794,0.022334825389759047,0.022319485117419522,1,f5d7823f319090cb5ed735f732a4ef2c3460121a,165,0.0,1.0048651877075794,0.022334825389759047,0.022319485117419522,1,True
c0223195d5ca583a,2021.05.25.14.16.10_veh-35_01690_02183,310,idm,155,,0.0,1.007660691254503,0.022332598792711118,0.022250737345129543,1,156,,0.0,1.007660691254503,0.022332598792711118,0.022250737345129543,1,155,cheap,0.0,1.007660691254503,0.022332598792711118,0.022250737345129543,1,155,,0.0,1.007660691254503,0.022332598792711118,0.022250737345129543,1,156,,0.0,1.007660691254503,0.022332598792711118,0.022250737345129543,1,155,,0.0,1.007660691254503,0.022332598792711118,0.022250737345129543,1,156,,0.0,1.007660691254503,0.022332598792711118,0.022250737345129543,1,bef07d3fda10731cf96aaad50c51bad2c70325ea,166,0.0,1.007660691254503,0.022332598792711118,0.022250737345129543,1,True
c447cf02ded15310,2021.06.28.16.57.59_veh-26_00016_00484,4,idm,101,,1.0,0.0,7.179692319915999,13.117224830333003,1,102,,1.0,0.0,7.179692319915999,13.117224830333003,1,101,cheap,1.0,0.0,7.179692319915999,13.117224830333003,1,102,,1.0,0.0,7.179692319915999,13.117224830333003,1,102,,1.0,0.0,7.179692319915999,13.117224830333003,1,101,,1.0,0.0,7.179692319915999,13.117224830333003,1,102,full,1.0,0.0,7.179692319915999,13.117224830333003,1,34420956b96322a9eb23677d8d261308677b893e,109,1.0,0.0,7.179692319915999,13.117224830333003,1,True
c447cf02ded15310,2021.06.28.16.57.59_veh-26_00016_00484,17,idm,109,,1.0,0.0,7.973154892879874,14.916041781375856,1,112,,1.0,0.0,7.973154892879874,14.916041781375856,1,109,cheap,1.0,0.0,7.973154892879874,14.916041781375856,1,110,,1.0,0.0,7.973154892879874,14.916041781375856,1,112,,1.0,0.0,7.973154892879874,14.916041781375856,1,109,cheap,1.0,0.0,7.973154892879874,14.916041781375856,1,112,full,1.0,0.0,7.973154892879874,14.916041781375856,1,5a9166509641a7c434728c097bf97600d2a7bf16,115,1.0,0.0,7.973154892879874,14.916041781375856,1,True
c447cf02ded15310,2021.06.28.16.57.59_veh-26_00016_00484,30,idm,120,,0.0,0.8989263176170664,3.710230927228363,11.343183589889813,1,122,,0.0,0.8989263176170664,3.710230927228363,11.343183589889813,1,119,,0.0,0.8989263176170664,3.710230927228363,11.343183589889813,1,120,,0.0,0.8989263176170664,3.710230927228363,11.343183589889813,1,121,,0.0,0.8989263176170664,3.710230927228363,11.343183589889813,1,120,,0.0,0.8989263176170664,3.710230927228363,11.343183589889813,1,122,full,0.0,0.8989263176170664,3.710230927228363,11.343183589889813,1,2e57b109f94982e36cb8ed35bb5488bdce34fc92,126,0.0,0.8989263176170664,3.710230927228363,11.343183589889813,1,True
c447cf02ded15310,2021.06.28.16.57.59_veh-26_00016_00484,43,idm,133,,0.0,0.9444925900909427,3.7252258823137483,11.251196008226296,1,135,,0.0,0.9444925900909427,3.7252258823137483,11.251196008226296,1,133,,0.0,0.9444925900909427,3.7252258823137483,11.251196008226296,1,134,,0.0,0.9444925900909427,3.7252258823137483,11.251196008226296,1,134,,0.0,0.9444925900909427,3.7252258823137483,11.251196008226296,1,133,,0.0,0.9444925900909427,3.7252258823137483,11.251196008226296,1,135,,0.0,0.9444925900909427,3.7252258823137483,11.251196008226296,1,1349272adbe643c8df891ffc3bd88b5a3ff412b7,137,0.0,0.9444925900909427,3.7252258823137483,11.251196008226296,1,True
c447cf02ded15310,2021.06.28.16.57.59_veh-26_00016_00484,57,idm,154,,0.0,0.7119328848498101,3.583216848761821,10.420155697331083,1,156,,0.0,0.7119328848498101,3.583216848761821,10.420155697331083,1,154,,0.0,0.7119328848498101,3.583216848761821,10.420155697331083,1,155,,0.0,0.7119328848498101,3.583216848761821,10.420155697331083,1,154,,0.0,0.7119328848498101,3.583216848761821,10.420155697331083,1,154,,0.0,0.7119328848498101,3.583216848761821,10.420155697331083,1,156,,0.0,0.7119328848498101,3.583216848761821,10.420155697331083,1,32f78b95d8a374a8e9d1b7264eef54bc97c75100,159,0.0,0.7119328848498101,3.583216848761821,10.420155697331083,1,True
c447cf02ded15310,2021.06.28.16.57.59_veh-26_00016_00484,70,idm,160,,0.0,0.4995294003318899,3.4343439539831904,10.281401929108616,1,163,,0.0,0.4995294003318899,3.4343439539831904,10.281401929108616,1,158,,0.0,0.4995294003318899,3.4343439539831904,10.281401929108616,1,160,,0.0,0.4995294003318899,3.4343439539831904,10.281401929108616,1,160,,0.0,0.4995294003318899,3.4343439539831904,10.281401929108616,1,160,cheap,0.0,0.4995294003318899,3.4343439539831904,10.281401929108616,1,163,,0.0,0.4995294003318899,3.4343439539831904,10.281401929108616,1,e88cbaf083f4e635ed51fd5080bf8aefd89208f5,163,0.0,0.4995294003318899,3.4343439539831904,10.281401929108616,1,True
c447cf02ded15310,2021.06.28.16.57.59_veh-26_00016_00484,83,idm,172,,0.0,0.5187316494654054,2.74299040999659,8.828085465913803,1,174,,0.0,0.5187316494654054,2.74299040999659,8.828085465913803,1,171,,0.0,0.5187316494654054,2.74299040999659,8.828085465913803,1,173,,0.0,0.5187316494654054,2.74299040999659,8.828085465913803,1,174,,0.0,0.5187316494654054,2.74299040999659,8.828085465913803,1,172,,0.0,0.5187316494654054,2.74299040999659,8.828085465913803,1,174,,0.0,0.5187316494654054,2.74299040999659,8.828085465913803,1,b5f009859158ebf79dafa3d86f890e25578ea901,178,0.0,0.5187316494654054,2.74299040999659,8.828085465913803,1,True
c447cf02ded15310,2021.06.28.16.57.59_veh-26_00016_00484,97,idm,170,,0.0,0.5087087606790026,2.267581403921081,7.957680278763217,1,170,,0.0,0.5087087606790026,2.267581403921081,7.957680278763217,1,170,,0.0,0.5087087606790026,2.267581403921081,7.957680278763217,1,170,cheap_nofp,0.0,0.5087087606790026,2.267581403921081,7.957680278763217,1,170,cheap_nofp,0.0,0.5087087606790026,2.267581403921081,7.957680278763217,1,170,cheap,0.0,0.5087087606790026,2.267581403921081,7.957680278763217,1,170,full,0.0,0.5087087606790026,2.267581403921081,7.957680278763217,1,d6f70325e94047556b14ead58ee1db60950e44ca,177,0.0,0.5087087606790026,2.267581403921081,7.957680278763217,1,True
c447cf02ded15310,2021.06.28.16.57.59_veh-26_00016_00484,110,idm,162,,0.0,0.6885161324120141,2.167032010438698,7.462373182468711,1,162,,0.0,0.6885161324120141,2.167032010438698,7.462373182468711,1,162,cheap,0.0,0.6885161324120141,2.167032010438698,7.462373182468711,1,162,,0.0,0.6885161324120141,2.167032010438698,7.462373182468711,1,162,,0.0,0.6885161324120141,2.167032010438698,7.462373182468711,1,162,,0.0,0.6885161324120141,2.167032010438698,7.462373182468711,1,162,,0.0,0.6885161324120141,2.167032010438698,7.462373182468711,1,d8d310c7e0cb73b9e0c8b7d4eeb86b7f096b235d,174,0.0,0.6885161324120141,2.167032010438698,7.462373182468711,1,True
c447cf02ded15310,2021.06.28.16.57.59_veh-26_00016_00484,123,idm,156,,0.0,0.9921985902202267,2.05450337282442,7.05914476452292,1,158,,0.0,0.9921985902202267,2.05450337282442,7.05914476452292,1,155,,0.0,0.9921985902202267,2.05450337282442,7.05914476452292,1,156,,0.0,0.9921985902202267,2.05450337282442,7.05914476452292,1,154,,0.0,0.9921985902202267,2.05450337282442,7.05914476452292,1,156,,0.0,0.9921985902202267,2.05450337282442,7.05914476452292,1,158,,0.0,0.9921985902202267,2.05450337282442,7.05914476452292,1,c891c1872ced18c122765380337d27a239357736,165,0.0,0.9921985902202267,2.05450337282442,7.05914476452292,1,True
c447cf02ded15310,2021.06.28.16.57.59_veh-26_00016_00484,137,idm,157,,0.0,4.207198364334193,3.3148133875908634,3.590707339971403,1,163,,0.0,4.207198364334193,3.3148133875908634,3.590707339971403,1,157,,0.0,4.207198364334193,3.3148133875908634,3.590707339971403,1,159,,0.0,4.207198364334193,3.3148133875908634,3.590707339971403,1,158,,0.0,4.207198364334193,3.3148133875908634,3.590707339971403,1,157,cheap,0.0,4.207198364334193,3.3148133875908634,3.590707339971403,1,163,,0.0,4.207198364334193,3.3148133875908634,3.590707339971403,1,bb6b2e35d5232b50ee0bec31fff0753e158e686d,169,0.0,4.207198364334193,3.3148133875908634,3.590707339971403,1,True
c447cf02ded15310,2021.06.28.16.57.59_veh-26_00016_00484,150,idm,155,,0.0,4.196463798406442,3.2933819565199465,3.5455335885526016,1,163,,0.0,4.196463798406442,3.2933819565199465,3.5455335885526016,1,155,cheap,0.0,4.196463798406442,3.2933819565199465,3.5455335885526016,1,158,,0.0,4.196463798406442,3.2933819565199465,3.5455335885526016,1,156,,0.0,4.196463798406442,3.2933819565199465,3.5455335885526016,1,155,cheap,0.0,4.196463798406442,3.2933819565199465,3.5455335885526016,1,163,,0.0,4.196463798406442,3.2933819565199465,3.5455335885526016,1,cc0f1afced1f7394e289f4a6196483642d7c023b,166,0.0,4.196463798406442,3.2933819565199465,3.5455335885526016,1,True
c447cf02ded15310,2021.06.28.16.57.59_veh-26_00016_00484,163,idm,160,,0.0,4.190788501786526,3.27298124612193,3.4952739523244514,1,163,,0.0,4.190788501786526,3.27298124612193,3.4952739523244514,1,160,cheap,0.0,4.190788501786526,3.27298124612193,3.4952739523244514,1,160,,0.0,4.190788501786526,3.27298124612193,3.4952739523244514,1,161,,0.0,4.190788501786526,3.27298124612193,3.4952739523244514,1,160,,0.0,4.190788501786526,3.27298124612193,3.4952739523244514,1,163,full,0.0,4.190788501786526,3.27298124612193,3.4952739523244514,1,bba7878b7f4d165f69b0acd6afff3953e5e49bf6,164,0.0,4.190788501786526,3.27298124612193,3.4952739523244514,1,True
c447cf02ded15310,2021.06.28.16.57.59_veh-26_00016_00484,176,idm,161,,0.0,4.192065334723783,3.194664255285592,3.3148864841237673,1,164,,0.0,4.192065334723783,3.194664255285592,3.3148864841237673,1,161,,0.0,4.192065334723783,3.194664255285592,3.3148864841237673,1,163,,0.0,4.192065334723783,3.194664255285592,3.3148864841237673,1,162,,0.0,4.192065334723783,3.194664255285592,3.3148864841237673,1,161,cheap,0.0,4.192065334723783,3.194664255285592,3.3148864841237673,1,164,,0.0,4.192065334723783,3.194664255285592,3.3148864841237673,1,f275f1e3133eff31e0a19a7e60348364df06230d,171,0.0,4.192065334723783,3.194664255285592,3.3148864841237673,1,True
c447cf02ded15310,2021.06.28.16.57.59_veh-26_00016_00484,190,idm,162,,0.0,4.307391456282752,3.1764012063723275,3.2732163142044697,1,162,,0.0,4.307391456282752,3.1764012063723275,3.2732163142044697,1,162,cheap,0.0,4.307391456282752,3.1764012063723275,3.2732163142044697,1,162,full,0.0,4.307391456282752,3.1764012063723275,3.2732163142044697,1,162,full,0.0,4.307391456282752,3.1764012063723275,3.2732163142044697,1,162,cheap,0.0,4.307391456282752,3.1764012063723275,3.2732163142044697,1,162,full,0.0,4.307391456282752,3.1764012063723275,3.2732163142044697,1,53751021135d164a2c8b7989895e2116a735f66e,168,0.0,4.307391456282752,3.1764012063723275,3.2732163142044697,1,True
c447cf02ded15310,2021.06.28.16.57.59_veh-26_00016_00484,203,idm,162,,0.0,0.9557275130596532,6.524561721904244,6.884722868625664,1,164,,0.0,0.9557275130596532,6.524561721904244,6.884722868625664,1,162,cheap,0.0,0.9557275130596532,6.524561721904244,6.884722868625664,1,163,,0.0,0.9557275130596532,6.524561721904244,6.884722868625664,1,163,full_nofp,0.0,0.9557275130596532,6.524561721904244,6.884722868625664,1,162,cheap,0.0,0.9557275130596532,6.524561721904244,6.884722868625664,1,164,full,0.0,0.9557275130596532,6.524561721904244,6.884722868625664,1,6a0cdf899460454d1533972764f6c73ff18f5134,168,0.0,0.9557275130596532,6.524561721904244,6.884722868625664,1,True
c447cf02ded15310,2021.06.28.16.57.59_veh-26_00016_00484,216,idm,151,,0.0,1.8322786660661652,6.653509872273826,6.940576261274228,1,152,,0.0,1.8322786660661652,6.653509872273826,6.940576261274228,1,151,cheap,0.0,1.8322786660661652,6.653509872273826,6.940576261274228,1,151,cheap,0.0,1.8322786660661652,6.653509872273826,6.940576261274228,1,151,cheap,0.0,1.8322786660661652,6.653509872273826,6.940576261274228,1,151,cheap,0.0,1.8322786660661652,6.653509872273826,6.940576261274228,1,152,full,0.0,1.8322786660661652,6.653509872273826,6.940576261274228,1,c51d6cdb65d6137d1f4687b9426dfa4e7dd080a7,155,0.0,1.8322786660661652,6.653509872273826,6.940576261274228,1,True
c447cf02ded15310,2021.06.28.16.57.59_veh-26_00016_00484,230,idm,150,,0.0,1.9092800819413285,6.706834180750508,6.753902167950017,1,151,,0.0,1.9092800819413285,6.706834180750508,6.753902167950017,1,150,cheap,0.0,1.9092800819413285,6.706834180750508,6.753902167950017,1,150,cheap,0.0,1.9092800819413285,6.706834180750508,6.753902167950017,1,151,full,0.0,1.9092800819413285,6.706834180750508,6.753902167950017,1,150,cheap,0.0,1.9092800819413285,6.706834180750508,6.753902167950017,1,151,full,0.0,1.9092800819413285,6.706834180750508,6.753902167950017,1,0715c9d639fd9fb2dd660fdd2e946c528558261e,154,0.0,1.9092800819413285,6.706834180750508,6.753902167950017,1,True
c447cf02ded15310,2021.06.28.16.57.59_veh-26_00016_00484,243,idm,150,,0.0,1.8569553550870006,6.756494561449157,6.73463693729107,1,151,,0.0,1.8569553550870006,6.756494561449157,6.73463693729107,1,150,cheap,0.0,1.8569553550870006,6.756494561449157,6.73463693729107,1,150,,0.0,1.8569553550870006,6.756494561449157,6.73463693729107,1,150,cheap,0.0,1.8569553550870006,6.756494561449157,6.73463693729107,1,150,cheap,0.0,1.8569553550870006,6.756494561449157,6.73463693729107,1,151,full,0.0,1.8569553550870006,6.756494561449157,6.73463693729107,1,d095f079140779be62ca8bcd831c7a432d603100,153,0.0,1.8569553550870006,6.756494561449157,6.73463693729107,1,True
c447cf02ded15310,2021.06.28.16.57.59_veh-26_00016_00484,256,idm,137,,0.0,225.2655022553694,331.4071243638277,356.3202870775377,1,137,,0.0,225.2655022553694,331.4071243638277,356.3202870775377,1,137,cheap,0.0,225.2655022553694,331.4071243638277,356.3202870775377,1,137,cheap,0.0,225.2655022553694,331.4071243638277,356.3202870775377,1,137,cheap,0.0,225.2655022553694,331.4071243638277,356.3202870775377,1,137,cheap,0.0,225.2655022553694,331.4071243638277,356.3202870775377,1,137,full,0.0,225.2655022553694,331.4071243638277,356.3202870775377,1,10c068cc3c7dba62b81622a8d7d74d18c8cdcb64,141,0.0,225.2655022553694,331.4071243638277,356.3202870775377,1,True
c447cf02ded15310,2021.06.28.16.57.59_veh-26_00016_00484,270,idm,130,,0.0,233.72981985424317,341.39365018127035,366.3368233883303,1,130,cheap,0.0,233.72981985424317,341.39365018127035,366.3368233883303,1,130,cheap,0.0,233.72981985424317,341.39365018127035,366.3368233883303,1,130,cheap,0.0,233.72981985424317,341.39365018127035,366.3368233883303,1,130,cheap,0.0,233.72981985424317,341.39365018127035,366.3368233883303,1,130,cheap,0.0,233.72981985424317,341.39365018127035,366.3368233883303,1,130,cheap,0.0,233.72981985424317,341.39365018127035,366.3368233883303,1,206649a2b15e546c6d3d441567eb7f4e9f4b5fc5,132,0.0,233.72981985424317,341.39365018127035,366.3368233883303,1,True
c447cf02ded15310,2021.06.28.16.57.59_veh-26_00016_00484,283,idm,124,,0.0,241.84735255741074,350.6498742537185,375.5999583714534,1,124,cheap,0.0,241.84735255741074,350.6498742537185,375.5999583714534,1,124,cheap,0.0,241.84735255741074,350.6498742537185,375.5999583714534,1,124,cheap,0.0,241.84735255741074,350.6498742537185,375.5999583714534,1,124,cheap,0.0,241.84735255741074,350.6498742537185,375.5999583714534,1,124,cheap,0.0,241.84735255741074,350.6498742537185,375.5999583714534,1,124,cheap,0.0,241.84735255741074,350.6498742537185,375.5999583714534,1,df7ea384ba06d79d66ee3f9019a5ae4174529817,128,0.0,241.84735255741074,350.6498742537185,375.5999583714534,1,True
c447cf02ded15310,2021.06.28.16.57.59_veh-26_00016_00484,296,idm,129,,0.0,257.4508135846806,359.8959364218963,384.7822352142051,1,130,,0.0,257.4508135846806,359.8959364218963,384.7822352142051,1,129,cheap,0.0,257.4508135846806,359.8959364218963,384.7822352142051,1,129,cheap,0.0,257.4508135846806,359.8959364218963,384.7822352142051,1,129,cheap,0.0,257.4508135846806,359.8959364218963,384.7822352142051,1,129,cheap,0.0,257.4508135846806,359.8959364218963,384.7822352142051,1,130,full,0.0,257.4508135846806,359.8959364218963,384.7822352142051,1,f9802f2b2370a6d2da4b39951c3616dbe073a1af,132,0.0,257.4508135846806,359.8959364218963,384.7822352142051,1,True
c447cf02ded15310,2021.06.28.16.57.59_veh-26_00016_00484,310,idm,128,,0.0,269.8587215705762,369.836966525103,394.6080012450787,1,128,cheap,0.0,269.8587215705762,369.836966525103,394.6080012450787,1,128,cheap,0.0,269.8587215705762,369.836966525103,394.6080012450787,1,128,cheap,0.0,269.8587215705762,369.836966525103,394.6080012450787,1,128,cheap,0.0,269.8587215705762,369.836966525103,394.6080012450787,1,128,cheap,0.0,269.8587215705762,369.836966525103,394.6080012450787,1,128,cheap,0.0,269.8587215705762,369.836966525103,394.6080012450787,1,8c76cd6b5e4a72ac39bbcffec8d875cd449707b5,146,0.0,269.8587215705762,369.836966525103,394.6080012450787,1,True
c8a1829556a75435,2021.06.07.12.54.00_veh-35_01843_02314,4,idm,34,,0.0,1.0814839777220413,1.2940984347798257,2.3255261332006585,1,35,,0.0,1.0814839777220413,1.2940984347798257,2.3255261332006585,1,34,cheap,0.0,1.0814839777220413,1.2940984347798257,2.3255261332006585,1,34,,0.0,1.0814839777220413,1.2940984347798257,2.3255261332006585,1,31,,0.0,1.0814839777220413,1.2940984347798257,2.3255261332006585,1,34,,0.0,1.0814839777220413,1.2940984347798257,2.3255261332006585,1,35,,0.0,1.0814839777220413,1.2940984347798257,2.3255261332006585,1,487cece4a8b54720c7b693afd2d516f66dc80f55,42,0.0,1.0814839777220413,1.2940984347798257,2.3255261332006585,1,True
c8a1829556a75435,2021.06.07.12.54.00_veh-35_01843_02314,17,idm,34,,0.0,1.0907614570780562,1.2882353834585223,2.3119520153409385,1,35,,0.0,1.0907614570780562,1.2882353834585223,2.3119520153409385,1,34,cheap,0.0,1.0907614570780562,1.2882353834585223,2.3119520153409385,1,34,,0.0,1.0907614570780562,1.2882353834585223,2.3119520153409385,1,31,,0.0,1.0907614570780562,1.2882353834585223,2.3119520153409385,1,34,,0.0,1.0907614570780562,1.2882353834585223,2.3119520153409385,1,35,,0.0,1.0907614570780562,1.2882353834585223,2.3119520153409385,1,598a47807f1db127cb74ad6816bf212e4e31a829,42,0.0,1.0907614570780562,1.2882353834585223,2.3119520153409385,1,True
c8a1829556a75435,2021.06.07.12.54.00_veh-35_01843_02314,30,idm,32,,0.0,1.0792271476548576,1.2905475613002826,2.3169846946228128,1,34,,0.0,1.0792271476548576,1.2905475613002826,2.3169846946228128,1,32,,0.0,1.0792271476548576,1.2905475613002826,2.3169846946228128,1,33,,0.0,1.0792271476548576,1.2905475613002826,2.3169846946228128,1,29,,0.0,1.0792271476548576,1.2905475613002826,2.3169846946228128,1,32,,0.0,1.0792271476548576,1.2905475613002826,2.3169846946228128,1,34,,0.0,1.0792271476548576,1.2905475613002826,2.3169846946228128,1,b2bfd55f57226999ca43925ed63d77c6702c7163,40,0.0,1.0792271476548576,1.2905475613002826,2.3169846946228128,1,True
c8a1829556a75435,2021.06.07.12.54.00_veh-35_01843_02314,43,idm,34,,0.0,1.0801673428363694,1.2901172741701863,2.3162234815704577,1,36,,0.0,1.0801673428363694,1.2901172741701863,2.3162234815704577,1,34,cheap,0.0,1.0801673428363694,1.2901172741701863,2.3162234815704577,1,35,,0.0,1.0801673428363694,1.2901172741701863,2.3162234815704577,1,31,,0.0,1.0801673428363694,1.2901172741701863,2.3162234815704577,1,34,,0.0,1.0801673428363694,1.2901172741701863,2.3162234815704577,1,36,,0.0,1.0801673428363694,1.2901172741701863,2.3162234815704577,1,2f0bef89689fa39c1c9fba24517d00f02549f194,45,0.0,1.0801673428363694,1.2901172741701863,2.3162234815704577,1,True
c8a1829556a75435,2021.06.07.12.54.00_veh-35_01843_02314,57,idm,35,,0.0,1.0911181720039527,1.291220457087903,2.3192690318869835,1,38,,0.0,1.0911181720039527,1.291220457087903,2.3192690318869835,1,34,,0.0,1.0911181720039527,1.291220457087903,2.3192690318869835,1,35,,0.0,1.0911181720039527,1.291220457087903,2.3192690318869835,1,33,,0.0,1.0911181720039527,1.291220457087903,2.3192690318869835,1,35,,0.0,1.0911181720039527,1.291220457087903,2.3192690318869835,1,38,,0.0,1.0911181720039527,1.291220457087903,2.3192690318869835,1,fa1ac4f61ca1471831cbe3f5018f2909c7f5d6d5,46,0.0,1.0911181720039527,1.291220457087903,2.3192690318869835,1,True
c8a1829556a75435,2021.06.07.12.54.00_veh-35_01843_02314,70,idm,35,,0.0,1.0944469124666276,1.2925745104093487,2.3211117660270784,1,36,,0.0,1.0944469124666276,1.2925745104093487,2.3211117660270784,1,35,cheap,0.0,1.0944469124666276,1.2925745104093487,2.3211117660270784,1,34,,0.0,1.0944469124666276,1.2925745104093487,2.3211117660270784,1,31,,0.0,1.0944469124666276,1.2925745104093487,2.3211117660270784,1,35,,0.0,1.0944469124666276,1.2925745104093487,2.3211117660270784,1,36,,0.0,1.0944469124666276,1.2925745104093487,2.3211117660270784,1,08a359fbadc0a3870a7ebc68ceade5cf6a8c912c,44,0.0,1.0944469124666276,1.2925745104093487,2.3211117660270784,1,True
c8a1829556a75435,2021.06.07.12.54.00_veh-35_01843_02314,83,idm,33,,0.0,1.0779866487449443,1.2914419666591794,2.3201432417494345,1,33,,0.0,1.0779866487449443,1.2914419666591794,2.3201432417494345,1,33,cheap,0.0,1.0779866487449443,1.2914419666591794,2.3201432417494345,1,32,,0.0,1.0779866487449443,1.2914419666591794,2.3201432417494345,1,30,,0.0,1.0779866487449443,1.2914419666591794,2.3201432417494345,1,33,,0.0,1.0779866487449443,1.2914419666591794,2.3201432417494345,1,33,,0.0,1.0779866487449443,1.2914419666591794,2.3201432417494345,1,f98917c87e692ea00689f68158a08effdb8253b8,43,0.0,1.0779866487449443,1.2914419666591794,2.3201432417494345,1,True
c8a1829556a75435,2021.06.07.12.54.00_veh-35_01843_02314,97,idm,32,,0.0,1.0793123254364567,1.2899852588819245,2.3162789583106336,1,32,,0.0,1.0793123254364567,1.2899852588819245,2.3162789583106336,1,32,cheap,0.0,1.0793123254364567,1.2899852588819245,2.3162789583106336,1,31,,0.0,1.0793123254364567,1.2899852588819245,2.3162789583106336,1,29,,0.0,1.0793123254364567,1.2899852588819245,2.3162789583106336,1,32,,0.0,1.0793123254364567,1.2899852588819245,2.3162789583106336,1,32,,0.0,1.0793123254364567,1.2899852588819245,2.3162789583106336,1,12b838a041920559dae278205ddd7bdf4fb386c3,42,0.0,1.0793123254364567,1.2899852588819245,2.3162789583106336,1,True
c8a1829556a75435,2021.06.07.12.54.00_veh-35_01843_02314,110,idm,34,,0.0,1.0946950171593326,1.287932128658499,2.3103627781964016,1,35,,0.0,1.0946950171593326,1.287932128658499,2.3103627781964016,1,34,cheap,0.0,1.0946950171593326,1.287932128658499,2.3103627781964016,1,34,,0.0,1.0946950171593326,1.287932128658499,2.3103627781964016,1,31,,0.0,1.0946950171593326,1.287932128658499,2.3103627781964016,1,34,,0.0,1.0946950171593326,1.287932128658499,2.3103627781964016,1,35,,0.0,1.0946950171593326,1.287932128658499,2.3103627781964016,1,16071a8dca480c555d49c3ed0e65f552124f2cc1,43,0.0,1.0946950171593326,1.287932128658499,2.3103627781964016,1,True
c8a1829556a75435,2021.06.07.12.54.00_veh-35_01843_02314,123,idm,33,,0.0,1.0812943296274629,1.2874140337229736,2.310385733004303,1,34,,0.0,1.0812943296274629,1.2874140337229736,2.310385733004303,1,33,cheap,0.0,1.0812943296274629,1.2874140337229736,2.310385733004303,1,33,,0.0,1.0812943296274629,1.2874140337229736,2.310385733004303,1,30,,0.0,1.0812943296274629,1.2874140337229736,2.310385733004303,1,33,,0.0,1.0812943296274629,1.2874140337229736,2.310385733004303,1,34,,0.0,1.0812943296274629,1.2874140337229736,2.310385733004303,1,21773ffd0da74d519aaa160446e7028901d14435,41,0.0,1.0812943296274629,1.2874140337229736,2.310385733004303,1,True
c8a1829556a75435,2021.06.07.12.54.00_veh-35_01843_02314,137,idm,31,,0.0,1.0736112752384983,1.2932333730139336,2.323397468370348,1,31,,0.0,1.0736112752384983,1.2932333730139336,2.323397468370348,1,31,cheap,0.0,1.0736112752384983,1.2932333730139336,2.323397468370348,1,29,,0.0,1.0736112752384983,1.2932333730139336,2.323397468370348,1,29,,0.0,1.0736112752384983,1.2932333730139336,2.323397468370348,1,31,,0.0,1.0736112752384983,1.2932333730139336,2.323397468370348,1,31,,0.0,1.0736112752384983,1.2932333730139336,2.323397468370348,1,e1b11e4f4d8ed63f4561bf869f0d5caeb1e5ab20,40,0.0,1.0736112752384983,1.2932333730139336,2.323397468370348,1,True
c8a1829556a75435,2021.06.07.12.54.00_veh-35_01843_02314,150,idm,31,,0.0,1.0760722662869573,1.2953605030031492,2.32817126278703,1,31,,0.0,1.0760722662869573,1.2953605030031492,2.32817126278703,1,31,cheap,0.0,1.0760722662869573,1.2953605030031492,2.32817126278703,1,30,,0.0,1.0760722662869573,1.2953605030031492,2.32817126278703,1,29,,0.0,1.0760722662869573,1.2953605030031492,2.32817126278703,1,31,,0.0,1.0760722662869573,1.2953605030031492,2.32817126278703,1,31,,0.0,1.0760722662869573,1.2953605030031492,2.32817126278703,1,d8645f731df3709f9f17a4568fc29b5c5e9d6f88,42,0.0,1.0760722662869573,1.2953605030031492,2.32817126278703,1,True
c8a1829556a75435,2021.06.07.12.54.00_veh-35_01843_02314,163,idm,30,,0.0,1.0871772469106327,1.288419223668221,2.312204725408632,1,32,,0.0,1.0871772469106327,1.288419223668221,2.312204725408632,1,30,cheap,0.0,1.0871772469106327,1.288419223668221,2.312204725408632,1,31,,0.0,1.0871772469106327,1.288419223668221,2.312204725408632,1,28,,0.0,1.0871772469106327,1.288419223668221,2.312204725408632,1,30,,0.0,1.0871772469106327,1.288419223668221,2.312204725408632,1,32,,0.0,1.0871772469106327,1.288419223668221,2.312204725408632,1,4a55c2850ad099bb121569657e3fd494b1e20312,40,0.0,1.0871772469106327,1.288419223668221,2.312204725408632,1,True
c8a1829556a75435,2021.06.07.12.54.00_veh-35_01843_02314,176,idm,29,,0.0,1.0881846352947864,1.2915452052466945,2.3203443616360704,1,31,,0.0,1.0881846352947864,1.2915452052466945,2.3203443616360704,1,29,cheap,0.0,1.0881846352947864,1.2915452052466945,2.3203443616360704,1,30,,0.0,1.0881846352947864,1.2915452052466945,2.3203443616360704,1,28,,0.0,1.0881846352947864,1.2915452052466945,2.3203443616360704,1,29,cheap,0.0,1.0881846352947864,1.2915452052466945,2.3203443616360704,1,31,,0.0,1.0881846352947864,1.2915452052466945,2.3203443616360704,1,8a29cdb0d42b30c6e8631b2c99d824c3ece09195,38,0.0,1.0881846352947864,1.2915452052466945,2.3203443616360704,1,True
c8a1829556a75435,2021.06.07.12.54.00_veh-35_01843_02314,190,idm,30,,0.0,1.0811115873263082,1.2911055419767603,2.3184768236562974,1,32,,0.0,1.0811115873263082,1.2911055419767603,2.3184768236562974,1,30,cheap,0.0,1.0811115873263082,1.2911055419767603,2.3184768236562974,1,31,,0.0,1.0811115873263082,1.2911055419767603,2.3184768236562974,1,29,,0.0,1.0811115873263082,1.2911055419767603,2.3184768236562974,1,30,,0.0,1.0811115873263082,1.2911055419767603,2.3184768236562974,1,32,,0.0,1.0811115873263082,1.2911055419767603,2.3184768236562974,1,ea53eb09ade7e22830e5c80b13ba90ed69c1f593,38,0.0,1.0811115873263082,1.2911055419767603,2.3184768236562974,1,True
c8a1829556a75435,2021.06.07.12.54.00_veh-35_01843_02314,203,idm,30,,0.0,1.092272141087737,1.2861255716482316,2.306262205905211,1,33,,0.0,1.092272141087737,1.2861255716482316,2.306262205905211,1,30,cheap,0.0,1.092272141087737,1.2861255716482316,2.306262205905211,1,31,,0.0,1.092272141087737,1.2861255716482316,2.306262205905211,1,29,,0.0,1.092272141087737,1.2861255716482316,2.306262205905211,1,30,cheap,0.0,1.092272141087737,1.2861255716482316,2.306262205905211,1,33,,0.0,1.092272141087737,1.2861255716482316,2.306262205905211,1,b485c4567a22255aa14f9acc781648466b468837,39,0.0,1.092272141087737,1.2861255716482316,2.306262205905211,1,True
c8a1829556a75435,2021.06.07.12.54.00_veh-35_01843_02314,216,idm,33,,0.0,1.0756924220110744,1.2953669724656656,2.3288184858954795,1,33,,0.0,1.0756924220110744,1.2953669724656656,2.3288184858954795,1,33,cheap,0.0,1.0756924220110744,1.2953669724656656,2.3288184858954795,1,33,,0.0,1.0756924220110744,1.2953669724656656,2.3288184858954795,1,30,,0.0,1.0756924220110744,1.2953669724656656,2.3288184858954795,1,33,,0.0,1.0756924220110744,1.2953669724656656,2.3288184858954795,1,33,,0.0,1.0756924220110744,1.2953669724656656,2.3288184858954795,1,e2f3b4369f3012b3246e1590969b47f29609c9c5,41,0.0,1.0756924220110744,1.2953669724656656,2.3288184858954795,1,True
c8a1829556a75435,2021.06.07.12.54.00_veh-35_01843_02314,230,idm,33,,0.0,1.068181101698792,1.2907067877382432,2.317716722334152,1,35,,0.0,1.068181101698792,1.2907067877382432,2.317716722334152,1,33,cheap,0.0,1.068181101698792,1.2907067877382432,2.317716722334152,1,34,,0.0,1.068181101698792,1.2907067877382432,2.317716722334152,1,31,,0.0,1.068181101698792,1.2907067877382432,2.317716722334152,1,33,cheap,0.0,1.068181101698792,1.2907067877382432,2.317716722334152,1,35,,0.0,1.068181101698792,1.2907067877382432,2.317716722334152,1,99cc3623c98e18cbeb19ba8edf1d861d4008e1a4,41,0.0,1.068181101698792,1.2907067877382432,2.317716722334152,1,True
c8a1829556a75435,2021.06.07.12.54.00_veh-35_01843_02314,243,idm,35,,0.0,1.0940095022377463,1.2890199531975302,2.3132846036591617,1,36,,0.0,1.0940095022377463,1.2890199531975302,2.3132846036591617,1,35,cheap,0.0,1.0940095022377463,1.2890199531975302,2.3132846036591617,1,35,,0.0,1.0940095022377463,1.2890199531975302,2.3132846036591617,1,32,,0.0,1.0940095022377463,1.2890199531975302,2.3132846036591617,1,35,,0.0,1.0940095022377463,1.2890199531975302,2.3132846036591617,1,36,,0.0,1.0940095022377463,1.2890199531975302,2.3132846036591617,1,7b1b98f0a8ad9916323b58668935195b8646417a,41,0.0,1.0940095022377463,1.2890199531975302,2.3132846036591617,1,True
c8a1829556a75435,2021.06.07.12.54.00_veh-35_01843_02314,256,idm,34,,0.0,1.0824282533501985,1.2924806519761618,2.3216453427847075,1,36,,0.0,1.0824282533501985,1.2924806519761618,2.3216453427847075,1,34,cheap,0.0,1.0824282533501985,1.2924806519761618,2.3216453427847075,1,36,,0.0,1.0824282533501985,1.2924806519761618,2.3216453427847075,1,32,,0.0,1.0824282533501985,1.2924806519761618,2.3216453427847075,1,34,,0.0,1.0824282533501985,1.2924806519761618,2.3216453427847075,1,36,,0.0,1.0824282533501985,1.2924806519761618,2.3216453427847075,1,e6a1ed50f009a80869b677fc2809acaae16ae73c,42,0.0,1.0824282533501985,1.2924806519761618,2.3216453427847075,1,True
c8a1829556a75435,2021.06.07.12.54.00_veh-35_01843_02314,270,idm,36,,0.0,1.1015099891668312,1.288951579420776,2.3134541999872953,1,37,,0.0,1.1015099891668312,1.288951579420776,2.3134541999872953,1,36,cheap,0.0,1.1015099891668312,1.288951579420776,2.3134541999872953,1,36,,0.0,1.1015099891668312,1.288951579420776,2.3134541999872953,1,34,,0.0,1.1015099891668312,1.288951579420776,2.3134541999872953,1,36,,0.0,1.1015099891668312,1.288951579420776,2.3134541999872953,1,37,,0.0,1.1015099891668312,1.288951579420776,2.3134541999872953,1,4286573cb1d92afeda5e70ae3e7a8238b919c3d9,44,0.0,1.1015099891668312,1.288951579420776,2.3134541999872953,1,True
c8a1829556a75435,2021.06.07.12.54.00_veh-35_01843_02314,283,idm,38,,0.0,1.0979534643694417,1.2881740602325316,2.3123694740084195,1,42,,0.0,1.0979534643694417,1.2881740602325316,2.3123694740084195,1,38,cheap,0.0,1.0979534643694417,1.2881740602325316,2.3123694740084195,1,40,,0.0,1.0979534643694417,1.2881740602325316,2.3123694740084195,1,36,,0.0,1.0979534643694417,1.2881740602325316,2.3123694740084195,1,38,,0.0,1.0979534643694417,1.2881740602325316,2.3123694740084195,1,42,,0.0,1.0979534643694417,1.2881740602325316,2.3123694740084195,1,763381087f6955a12ef5ba7f1973affa91ba8f50,45,0.0,1.0979534643694417,1.2881740602325316,2.3123694740084195,1,True
c8a1829556a75435,2021.06.07.12.54.00_veh-35_01843_02314,296,idm,39,,0.0,1.0855725733967991,1.2912717784866512,2.318095910622047,1,39,,0.0,1.0855725733967991,1.2912717784866512,2.318095910622047,1,39,cheap,0.0,1.0855725733967991,1.2912717784866512,2.318095910622047,1,38,,0.0,1.0855725733967991,1.2912717784866512,2.318095910622047,1,37,,0.0,1.0855725733967991,1.2912717784866512,2.318095910622047,1,39,cheap,0.0,1.0855725733967991,1.2912717784866512,2.318095910622047,1,39,,0.0,1.0855725733967991,1.2912717784866512,2.318095910622047,1,d7dd308fabb9f94fb6950a166411bb4e2148ef67,45,0.0,1.0855725733967991,1.2912717784866512,2.318095910622047,1,True
c8a1829556a75435,2021.06.07.12.54.00_veh-35_01843_02314,310,idm,36,,0.0,1.0971366103260458,1.2844058101338365,2.300981811851443,1,40,,0.0,1.0971366103260458,1.2844058101338365,2.300981811851443,1,36,cheap,0.0,1.0971366103260458,1.2844058101338365,2.300981811851443,1,39,,0.0,1.0971366103260458,1.2844058101338365,2.300981811851443,1,37,,0.0,1.0971366103260458,1.2844058101338365,2.300981811851443,1,36,,0.0,1.0971366103260458,1.2844058101338365,2.300981811851443,1,40,,0.0,1.0971366103260458,1.2844058101338365,2.300981811851443,1,3a0694b016832ca79bb4130efb8642ac64376ec4,45,0.0,1.0971366103260458,1.2844058101338365,2.300981811851443,1,True
ccd895fd3f845df1,2021.10.01.19.16.42_veh-28_03307_03808,4,idm,37,,0.0,2.7197172792017494,1.2907463979854814,2.573609822268789,1,39,,0.0,2.7197172792017494,1.2907463979854814,2.573609822268789,1,36,,0.0,2.7197172792017494,1.2907463979854814,2.573609822268789,1,37,,0.0,2.7197172792017494,1.2907463979854814,2.573609822268789,1,36,,0.0,2.7197172792017494,1.2907463979854814,2.573609822268789,1,37,,0.0,2.7197172792017494,1.2907463979854814,2.573609822268789,1,39,,0.0,2.7197172792017494,1.2907463979854814,2.573609822268789,1,d634518711fcb6f9594cbba9848bbe06f89c8a05,42,0.0,2.7197172792017494,1.2907463979854814,2.573609822268789,1,True
ccd895fd3f845df1,2021.10.01.19.16.42_veh-28_03307_03808,17,idm,43,,0.0,1.8113785958302324,1.3417923173854338,2.632218946397398,1,44,,0.0,1.8113785958302324,1.3417923173854338,2.632218946397398,1,43,cheap,0.0,1.8113785958302324,1.3417923173854338,2.632218946397398,1,44,full,0.0,1.8113785958302324,1.3417923173854338,2.632218946397398,1,42,,0.0,1.8113785958302324,1.3417923173854338,2.632218946397398,1,43,,0.0,1.8113785958302324,1.3417923173854338,2.632218946397398,1,44,,0.0,1.8113785958302324,1.3417923173854338,2.632218946397398,1,6efbdcd53ccaf808b0b4598bf2d287a2c71b7bfe,49,0.0,1.8113785958302324,1.3417923173854338,2.632218946397398,1,True
ccd895fd3f845df1,2021.10.01.19.16.42_veh-28_03307_03808,30,idm,48,,0.0,1.809165872714294,1.3541450805597495,2.5788541102574567,1,49,,0.0,1.809165872714294,1.3541450805597495,2.5788541102574567,1,48,,0.0,1.809165872714294,1.3541450805597495,2.5788541102574567,1,47,,0.0,1.809165872714294,1.3541450805597495,2.5788541102574567,1,47,full_nofp,0.0,1.809165872714294,1.3541450805597495,2.5788541102574567,1,48,,0.0,1.809165872714294,1.3541450805597495,2.5788541102574567,1,49,,0.0,1.809165872714294,1.3541450805597495,2.5788541102574567,1,f92b276f21f8511255d5eb0b97c67e560835439a,54,0.0,1.809165872714294,1.3541450805597495,2.5788541102574567,1,True
ccd895fd3f845df1,2021.10.01.19.16.42_veh-28_03307_03808,43,idm,41,,0.0,1.8220507447242373,1.3515649870270163,2.567641029030132,1,41,,0.0,1.8220507447242373,1.3515649870270163,2.567641029030132,1,41,,0.0,1.8220507447242373,1.3515649870270163,2.567641029030132,1,41,,0.0,1.8220507447242373,1.3515649870270163,2.567641029030132,1,41,full_nofp,0.0,1.8220507447242373,1.3515649870270163,2.567641029030132,1,41,cheap,0.0,1.8220507447242373,1.3515649870270163,2.567641029030132,1,41,full,0.0,1.8220507447242373,1.3515649870270163,2.567641029030132,1,a1b25361e51940d618e5f69451da6b8501819018,46,0.0,1.8220507447242373,1.3515649870270163,2.567641029030132,1,True
ccd895fd3f845df1,2021.10.01.19.16.42_veh-28_03307_03808,57,idm,37,,0.0,1.809353317511694,1.4081060033922659,2.7368201783054817,1,37,,0.0,1.809353317511694,1.4081060033922659,2.7368201783054817,1,36,,0.0,1.809353317511694,1.4081060033922659,2.7368201783054817,1,36,,0.0,1.809353317511694,1.4081060033922659,2.7368201783054817,1,37,,0.0,1.809353317511694,1.4081060033922659,2.7368201783054817,1,37,,0.0,1.809353317511694,1.4081060033922659,2.7368201783054817,1,37,,0.0,1.809353317511694,1.4081060033922659,2.7368201783054817,1,70288d50bad4cf3c84f38dd88b1d880eb98cd6df,40,0.0,1.809353317511694,1.4081060033922659,2.7368201783054817,1,True
ccd895fd3f845df1,2021.10.01.19.16.42_veh-28_03307_03808,70,idm,33,,0.0,1.2965401415057023,1.4601638158421166,2.954940251260298,1,36,,0.0,1.2965401415057023,1.4601638158421166,2.954940251260298,1,33,,0.0,1.2965401415057023,1.4601638158421166,2.954940251260298,1,32,,0.0,1.2965401415057023,1.4601638158421166,2.954940251260298,1,31,,0.0,1.2965401415057023,1.4601638158421166,2.954940251260298,1,33,,0.0,1.2965401415057023,1.4601638158421166,2.954940251260298,1,36,,0.0,1.2965401415057023,1.4601638158421166,2.954940251260298,1,121ffe42f9cd69cd161adf386bb66eef2e0fcd2c,39,0.0,1.2965401415057023,1.4601638158421166,2.954940251260298,1,True
ccd895fd3f845df1,2021.10.01.19.16.42_veh-28_03307_03808,83,idm,32,,0.0,1.2890247217994208,1.4220253553602769,3.036522505439708,1,32,,0.0,1.2890247217994208,1.4220253553602769,3.036522505439708,1,31,,0.0,1.2890247217994208,1.4220253553602769,3.036522505439708,1,32,,0.0,1.2890247217994208,1.4220253553602769,3.036522505439708,1,31,cheap_nofp,0.0,1.2890247217994208,1.4220253553602769,3.036522505439708,1,32,,0.0,1.2890247217994208,1.4220253553602769,3.036522505439708,1,32,,0.0,1.2890247217994208,1.4220253553602769,3.036522505439708,1,4d19d663fc7667f2df8f8f261241bac145eafe53,36,0.0,1.2890247217994208,1.4220253553602769,3.036522505439708,1,True
ccd895fd3f845df1,2021.10.01.19.16.42_veh-28_03307_03808,97,idm,33,,0.0,1.2851593488588653,1.5700263748941086,3.43668495921728,1,32,,0.0,1.2851593488588653,1.5700263748941086,3.43668495921728,1,31,,0.0,1.2851593488588653,1.5700263748941086,3.43668495921728,1,32,,0.0,1.2851593488588653,1.5700263748941086,3.43668495921728,1,32,,0.0,1.2851593488588653,1.5700263748941086,3.43668495921728,1,33,,0.0,1.2851593488588653,1.5700263748941086,3.43668495921728,1,32,,0.0,1.2851593488588653,1.5700263748941086,3.43668495921728,1,779a5c874b67b7a06df3fefb6abc59a0f81508e2,38,0.0,1.2851593488588653,1.5700263748941086,3.43668495921728,1,True
ccd895fd3f845df1,2021.10.01.19.16.42_veh-28_03307_03808,110,idm,34,,0.0,1.2921430838218884,1.7550799302010112,3.9735975625670434,1,35,,0.0,1.2921430838218884,1.7550799302010112,3.9735975625670434,1,31,,0.0,1.2921430838218884,1.7550799302010112,3.9735975625670434,1,33,,0.0,1.2921430838218884,1.7550799302010112,3.9735975625670434,1,32,,0.0,1.2921430838218884,1.7550799302010112,3.9735975625670434,1,34,,0.0,1.2921430838218884,1.7550799302010112,3.9735975625670434,1,35,,0.0,1.2921430838218884,1.7550799302010112,3.9735975625670434,1,02ef25ab1c3c461bd2c79a8e4d75944c7dfa2bb6,39,0.0,1.2921430838218884,1.7550799302010112,3.9735975625670434,1,True
ccd895fd3f845df1,2021.10.01.19.16.42_veh-28_03307_03808,123,idm,28,,0.0,1.285085577593679,2.062145582802368,4.690813873647994,1,30,,0.0,1.285085577593679,2.062145582802368,4.690813873647994,1,27,,0.0,1.285085577593679,2.062145582802368,4.690813873647994,1,29,,0.0,1.285085577593679,2.062145582802368,4.690813873647994,1,27,cheap_nofp,0.0,1.285085577593679,2.062145582802368,4.690813873647994,1,28,,0.0,1.285085577593679,2.062145582802368,4.690813873647994,1,29,,0.0,1.285085577593679,2.062145582802368,4.690813873647994,1,2dbe48a2833619d727192394a5906a0ebdb9ded4,38,0.0,1.285085577593679,2.062145582802368,4.690813873647994,1,True
ccd895fd3f845df1,2021.10.01.19.16.42_veh-28_03307_03808,137,idm,30,,0.0,1.2869937451134976,2.5047272822484556,5.538926531635032,1,32,,0.0,1.2869937451134976,2.5047272822484556,5.538926531635032,1,27,,0.0,1.2869937451134976,2.5047272822484556,5.538926531635032,1,30,,0.0,1.2869937451134976,2.5047272822484556,5.538926531635032,1,28,,0.0,1.2869937451134976,2.5047272822484556,5.538926531635032,1,30,,0.0,1.2869937451134976,2.5047272822484556,5.538926531635032,1,32,,0.0,1.2869937451134976,2.5047272822484556,5.538926531635032,1,f6bd1834c2ea81dc3c70b3ba1aec18df147dd957,39,0.0,1.2869937451134976,2.5047272822484556,5.538926531635032,1,True
ccd895fd3f845df1,2021.10.01.19.16.42_veh-28_03307_03808,150,idm,30,,0.0,1.442823405524048,2.6688893485048424,5.929864836855508,1,36,,0.0,1.442823405524048,2.6688893485048424,5.929864836855508,1,30,cheap,0.0,1.442823405524048,2.6688893485048424,5.929864836855508,1,34,,0.0,1.442823405524048,2.6688893485048424,5.929864836855508,1,32,,0.0,1.442823405524048,2.6688893485048424,5.929864836855508,1,30,,0.0,1.442823405524048,2.6688893485048424,5.929864836855508,1,36,,0.0,1.442823405524048,2.6688893485048424,5.929864836855508,1,5e4d09b1359d280125ec3a1b50c0f2c0330bfdbd,39,0.0,1.442823405524048,2.6688893485048424,5.929864836855508,1,True
ccd895fd3f845df1,2021.10.01.19.16.42_veh-28_03307_03808,163,idm,33,,0.0,1.4459211763830542,2.7005650137954653,6.008257221213572,1,34,,0.0,1.4459211763830542,2.7005650137954653,6.008257221213572,1,30,,0.0,1.4459211763830542,2.7005650137954653,6.008257221213572,1,33,,0.0,1.4459211763830542,2.7005650137954653,6.008257221213572,1,30,,0.0,1.4459211763830542,2.7005650137954653,6.008257221213572,1,33,,0.0,1.4459211763830542,2.7005650137954653,6.008257221213572,1,34,,0.0,1.4459211763830542,2.7005650137954653,6.008257221213572,1,8f14df834ff4d13c1cbf74df6b661b163bd237e3,40,0.0,1.4459211763830542,2.7005650137954653,6.008257221213572,1,True
ccd895fd3f845df1,2021.10.01.19.16.42_veh-28_03307_03808,176,idm,33,,0.0,0.7967851764181755,2.6832196154174417,5.881374940940899,1,38,,0.0,0.7967851764181755,2.6832196154174417,5.881374940940899,1,32,,0.0,0.7967851764181755,2.6832196154174417,5.881374940940899,1,33,,0.0,0.7967851764181755,2.6832196154174417,5.881374940940899,1,33,,0.0,0.7967851764181755,2.6832196154174417,5.881374940940899,1,33,,0.0,0.7967851764181755,2.6832196154174417,5.881374940940899,1,38,,0.0,0.7967851764181755,2.6832196154174417,5.881374940940899,1,e69e6f9db6aa3def05ae91c3eed67c6039609dfa,43,0.0,0.7967851764181755,2.6832196154174417,5.881374940940899,1,True
ccd895fd3f845df1,2021.10.01.19.16.42_veh-28_03307_03808,190,idm,36,,0.0,0.7697886735161351,2.6139423795994845,5.551875314480292,1,41,,0.0,0.7697886735161351,2.6139423795994845,5.551875314480292,1,34,,0.0,0.7697886735161351,2.6139423795994845,5.551875314480292,1,40,,0.0,0.7697886735161351,2.6139423795994845,5.551875314480292,1,38,,0.0,0.7697886735161351,2.6139423795994845,5.551875314480292,1,36,,0.0,0.7697886735161351,2.6139423795994845,5.551875314480292,1,41,,0.0,0.7697886735161351,2.6139423795994845,5.551875314480292,1,8b02e01889f4ca4f23731233757b2c0424f1af3e,48,0.0,0.7697886735161351,2.6139423795994845,5.551875314480292,1,True
ccd895fd3f845df1,2021.10.01.19.16.42_veh-28_03307_03808,203,idm,42,,0.0,0.7984966070087628,2.5249478377604873,5.1816272666215575,1,47,,0.0,0.7984966070087628,2.5249478377604873,5.1816272666215575,1,41,,0.0,0.7984966070087628,2.5249478377604873,5.1816272666215575,1,44,,0.0,0.7984966070087628,2.5249478377604873,5.1816272666215575,1,39,,0.0,0.7984966070087628,2.5249478377604873,5.1816272666215575,1,42,,0.0,0.7984966070087628,2.5249478377604873,5.1816272666215575,1,46,,0.0,0.7984966070087628,2.5249478377604873,5.1816272666215575,1,c08b5517bd9a3369da5416d6cb28bbfc3ec361d6,49,0.0,0.7984966070087628,2.5249478377604873,5.1816272666215575,1,True
ccd895fd3f845df1,2021.10.01.19.16.42_veh-28_03307_03808,216,idm,45,,0.0,0.8069676552388999,2.3621180154533965,4.698429707460594,1,50,,0.0,0.8069676552388999,2.3621180154533965,4.698429707460594,1,42,,0.0,0.8069676552388999,2.3621180154533965,4.698429707460594,1,46,,0.0,0.8069676552388999,2.3621180154533965,4.698429707460594,1,40,,0.0,0.8069676552388999,2.3621180154533965,4.698429707460594,1,45,,0.0,0.8069676552388999,2.3621180154533965,4.698429707460594,1,50,,0.0,0.8069676552388999,2.3621180154533965,4.698429707460594,1,63b5728c1bf0ed391940f0ff9d96d71a02373769,51,0.0,0.8069676552388999,2.3621180154533965,4.698429707460594,1,True
ccd895fd3f845df1,2021.10.01.19.16.42_veh-28_03307_03808,230,idm,44,,0.0,0.8170174256980871,2.179592799409081,4.357045980882389,1,49,,0.0,0.8170174256980871,2.179592799409081,4.357045980882389,1,43,,0.0,0.8170174256980871,2.179592799409081,4.357045980882389,1,47,,0.0,0.8170174256980871,2.179592799409081,4.357045980882389,1,43,,0.0,0.8170174256980871,2.179592799409081,4.357045980882389,1,44,,0.0,0.8170174256980871,2.179592799409081,4.357045980882389,1,49,,0.0,0.8170174256980871,2.179592799409081,4.357045980882389,1,2224cc941eb38fcbd9b7c9e32b5f5eb8eb8d7cec,51,0.0,0.8170174256980871,2.179592799409081,4.357045980882389,1,True
ccd895fd3f845df1,2021.10.01.19.16.42_veh-28_03307_03808,243,idm,46,,0.0,0.8141977877480412,2.2104161199626717,4.4928201132340035,1,49,,0.0,0.8141977877480412,2.2104161199626717,4.4928201132340035,1,45,,0.0,0.8141977877480412,2.2104161199626717,4.4928201132340035,1,48,,0.0,0.8141977877480412,2.2104161199626717,4.4928201132340035,1,44,,0.0,0.8141977877480412,2.2104161199626717,4.4928201132340035,1,46,,0.0,0.8141977877480412,2.2104161199626717,4.4928201132340035,1,49,,0.0,0.8141977877480412,2.2104161199626717,4.4928201132340035,1,5cd1593870d1e861f55b35f2fe34d2eed36d172d,54,0.0,0.8141977877480412,2.2104161199626717,4.4928201132340035,1,True
ccd895fd3f845df1,2021.10.01.19.16.42_veh-28_03307_03808,256,idm,42,,0.0,0.7961835556927187,2.346327190126489,4.901918253891661,1,48,,0.0,0.7961835556927187,2.346327190126489,4.901918253891661,1,40,,0.0,0.7961835556927187,2.346327190126489,4.901918253891661,1,44,,0.0,0.7961835556927187,2.346327190126489,4.901918253891661,1,45,,0.0,0.7961835556927187,2.346327190126489,4.901918253891661,1,42,cheap,0.0,0.7961835556927187,2.346327190126489,4.901918253891661,1,48,,0.0,0.7961835556927187,2.346327190126489,4.901918253891661,1,3305f5e54275ec039f31687803266ebbe4eb5dec,52,0.0,0.7961835556927187,2.346327190126489,4.901918253891661,1,True
ccd895fd3f845df1,2021.10.01.19.16.42_veh-28_03307_03808,270,idm,41,,0.0,0.8338117026416018,2.4638200233537693,5.323026192535906,1,45,,0.0,0.8338117026416018,2.4638200233537693,5.323026192535906,1,40,,0.0,0.8338117026416018,2.4638200233537693,5.323026192535906,1,42,,0.0,0.8338117026416018,2.4638200233537693,5.323026192535906,1,42,,0.0,0.8338117026416018,2.4638200233537693,5.323026192535906,1,41,,0.0,0.8338117026416018,2.4638200233537693,5.323026192535906,1,45,,0.0,0.8338117026416018,2.4638200233537693,5.323026192535906,1,0cc3a25eae9990d3770d5ef52660e2f5cf6d0c19,50,0.0,0.8338117026416018,2.4638200233537693,5.323026192535906,1,True
ccd895fd3f845df1,2021.10.01.19.16.42_veh-28_03307_03808,283,idm,44,,0.0,2.4562919038428412,2.5746555640045514,5.6440479908788665,1,42,,0.0,2.4562919038428412,2.5746555640045514,5.6440479908788665,1,41,,0.0,2.4562919038428412,2.5746555640045514,5.6440479908788665,1,40,,0.0,2.4562919038428412,2.5746555640045514,5.6440479908788665,1,41,,0.0,2.4562919038428412,2.5746555640045514,5.6440479908788665,1,44,,0.0,2.4562919038428412,2.5746555640045514,5.6440479908788665,1,42,,0.0,2.4562919038428412,2.5746555640045514,5.6440479908788665,1,7fe705850202a39f314635516d2f80ee10b5d095,51,0.0,2.4562919038428412,2.5746555640045514,5.6440479908788665,1,True
ccd895fd3f845df1,2021.10.01.19.16.42_veh-28_03307_03808,296,idm,46,,0.0,2.400027078484091,0.8256637860630202,1.174640239195443,1,46,,0.0,2.400027078484091,0.8256637860630202,1.174640239195443,1,43,,0.0,2.400027078484091,0.8256637860630202,1.174640239195443,1,44,,0.0,2.400027078484091,0.8256637860630202,1.174640239195443,1,42,,0.0,2.400027078484091,0.8256637860630202,1.174640239195443,1,46,,0.0,2.400027078484091,0.8256637860630202,1.174640239195443,1,46,,0.0,2.400027078484091,0.8256637860630202,1.174640239195443,1,25e8cdda57000919c1aac9678021a26c2aec267d,61,0.0,2.400027078484091,0.8256637860630202,1.174640239195443,1,True
ccd895fd3f845df1,2021.10.01.19.16.42_veh-28_03307_03808,310,idm,49,,0.0,2.399998753424248,0.9623945387006732,2.3123543032688767,1,54,,0.0,2.399998753424248,0.9623945387006732,2.3123543032688767,1,48,,0.0,2.399998753424248,0.9623945387006732,2.3123543032688767,1,51,,0.0,2.399998753424248,0.9623945387006732,2.3123543032688767,1,49,,0.0,2.399998753424248,0.9623945387006732,2.3123543032688767,1,49,,0.0,2.399998753424248,0.9623945387006732,2.3123543032688767,1,54,,0.0,2.399998753424248,0.9623945387006732,2.3123543032688767,1,4b374cf8dd27cbf9a4194013a504a5ca76a79ea2,67,0.0,2.399998753424248,0.9623945387006732,2.3123543032688767,1,True
d11ee7ab0fce5b62,2021.05.12.23.36.44_veh-35_02035_02387,4,idm,167,,0.0,1.0215424976971093,6.458664107575586,6.921496512752685,1,174,,0.0,1.0215424976971093,6.458664107575586,6.921496512752685,1,167,,0.0,1.0215424976971093,6.458664107575586,6.921496512752685,1,172,,0.0,1.0215424976971093,6.458664107575586,6.921496512752685,1,167,,0.0,1.0215424976971093,6.458664107575586,6.921496512752685,1,167,cheap,0.0,1.0215424976971093,6.458664107575586,6.921496512752685,1,174,,0.0,1.0215424976971093,6.458664107575586,6.921496512752685,1,e6d50f62f57c550fbac8696cff9d7e363cca7fba,199,0.0,1.0215424976971093,6.458664107575586,6.921496512752685,1,True
d11ee7ab0fce5b62,2021.05.12.23.36.44_veh-35_02035_02387,17,idm,176,,0.0,1.223759380349089,6.383329817674497,6.846959809899309,1,183,,0.0,1.223759380349089,6.383329817674497,6.846959809899309,1,176,,0.0,1.223759380349089,6.383329817674497,6.846959809899309,1,182,,0.0,1.223759380349089,6.383329817674497,6.846959809899309,1,177,,0.0,1.223759380349089,6.383329817674497,6.846959809899309,1,176,,0.0,1.223759380349089,6.383329817674497,6.846959809899309,1,183,,0.0,1.223759380349089,6.383329817674497,6.846959809899309,1,cc6afeed0efb087733a52bdaac7d70ac64bd6441,214,0.0,1.223759380349089,6.383329817674497,6.846959809899309,1,True
d11ee7ab0fce5b62,2021.05.12.23.36.44_veh-35_02035_02387,30,idm,172,,0.0,1.2548627513996824,6.2627483394606465,6.699797497241688,1,179,,0.0,1.2548627513996824,6.2627483394606465,6.699797497241688,1,172,,0.0,1.2548627513996824,6.2627483394606465,6.699797497241688,1,178,,0.0,1.2548627513996824,6.2627483394606465,6.699797497241688,1,174,,0.0,1.2548627513996824,6.2627483394606465,6.699797497241688,1,172,,0.0,1.2548627513996824,6.2627483394606465,6.699797497241688,1,179,,0.0,1.2548627513996824,6.2627483394606465,6.699797497241688,1,29075483600eb4355b3b527d6b44e986067e256d,212,0.0,1.2548627513996824,6.2627483394606465,6.699797497241688,1,True
d11ee7ab0fce5b62,2021.05.12.23.36.44_veh-35_02035_02387,43,idm,179,,0.0,0.9990974374582328,6.1608164433417745,6.617828297969796,1,184,,0.0,0.9990974374582328,6.1608164433417745,6.617828297969796,1,178,,0.0,0.9990974374582328,6.1608164433417745,6.617828297969796,1,183,,0.0,0.9990974374582328,6.1608164433417745,6.617828297969796,1,178,,0.0,0.9990974374582328,6.1608164433417745,6.617828297969796,1,179,,0.0,0.9990974374582328,6.1608164433417745,6.617828297969796,1,184,,0.0,0.9990974374582328,6.1608164433417745,6.617828297969796,1,99927537e65c991448595eb3db6d37328c1a702a,214,0.0,0.9990974374582328,6.1608164433417745,6.617828297969796,1,True
d11ee7ab0fce5b62,2021.05.12.23.36.44_veh-35_02035_02387,57,idm,185,,0.0,0.9852622250745069,6.196090341994291,6.814123852389667,1,186,,0.0,0.9852622250745069,6.196090341994291,6.814123852389667,1,184,,0.0,0.9852622250745069,6.196090341994291,6.814123852389667,1,186,,0.0,0.9852622250745069,6.196090341994291,6.814123852389667,1,183,,0.0,0.9852622250745069,6.196090341994291,6.814123852389667,1,185,,0.0,0.9852622250745069,6.196090341994291,6.814123852389667,1,186,,0.0,0.9852622250745069,6.196090341994291,6.814123852389667,1,730d013586ef475d144ffb7cfb9fc5da50f4c85f,215,0.0,0.9852622250745069,6.196090341994291,6.814123852389667,1,True
d11ee7ab0fce5b62,2021.05.12.23.36.44_veh-35_02035_02387,70,idm,188,,0.0,1.0328504220160348,6.278498145404852,6.714652442478911,1,190,,0.0,1.0328504220160348,6.278498145404852,6.714652442478911,1,188,cheap,0.0,1.0328504220160348,6.278498145404852,6.714652442478911,1,189,,0.0,1.0328504220160348,6.278498145404852,6.714652442478911,1,187,,0.0,1.0328504220160348,6.278498145404852,6.714652442478911,1,188,cheap,0.0,1.0328504220160348,6.278498145404852,6.714652442478911,1,190,,0.0,1.0328504220160348,6.278498145404852,6.714652442478911,1,d814d28233cca9f0ad2f4fc680f470a05c1ba484,212,0.0,1.0328504220160348,6.278498145404852,6.714652442478911,1,True
d11ee7ab0fce5b62,2021.05.12.23.36.44_veh-35_02035_02387,83,idm,188,,0.0,1.0034513568435561,6.333232349033802,6.706203492333626,1,193,,0.0,1.0034513568435561,6.333232349033802,6.706203492333626,1,188,cheap,0.0,1.0034513568435561,6.333232349033802,6.706203492333626,1,192,,0.0,1.0034513568435561,6.333232349033802,6.706203492333626,1,192,,0.0,1.0034513568435561,6.333232349033802,6.706203492333626,1,188,,0.0,1.0034513568435561,6.333232349033802,6.706203492333626,1,193,,0.0,1.0034513568435561,6.333232349033802,6.706203492333626,1,9aad94a40c91171fb5806e7f4b37094fc3181ac9,213,0.0,1.0034513568435561,6.333232349033802,6.706203492333626,1,True
d11ee7ab0fce5b62,2021.05.12.23.36.44_veh-35_02035_02387,96,idm,181,,0.0,0.47950496648778856,6.380680372406238,6.565645335938055,1,187,,0.0,0.47950496648778856,6.380680372406238,6.565645335938055,1,181,cheap,0.0,0.47950496648778856,6.380680372406238,6.565645335938055,1,185,,0.0,0.47950496648778856,6.380680372406238,6.565645335938055,1,184,,0.0,0.47950496648778856,6.380680372406238,6.565645335938055,1,181,,0.0,0.47950496648778856,6.380680372406238,6.565645335938055,1,187,,0.0,0.47950496648778856,6.380680372406238,6.565645335938055,1,fd797d6b0cd3bad34af246973d300d0209f96041,206,0.0,0.47950496648778856,6.380680372406238,6.565645335938055,1,True
d11ee7ab0fce5b62,2021.05.12.23.36.44_veh-35_02035_02387,110,idm,180,,0.0,0.5027981039335204,6.501046494076238,6.691227264145144,1,185,,0.0,0.5027981039335204,6.501046494076238,6.691227264145144,1,179,,0.0,0.5027981039335204,6.501046494076238,6.691227264145144,1,182,,0.0,0.5027981039335204,6.501046494076238,6.691227264145144,1,182,,0.0,0.5027981039335204,6.501046494076238,6.691227264145144,1,180,,0.0,0.5027981039335204,6.501046494076238,6.691227264145144,1,185,,0.0,0.5027981039335204,6.501046494076238,6.691227264145144,1,0f5be23c5b6e9d241356b8d659d0dedd697e59fb,197,0.0,0.5027981039335204,6.501046494076238,6.691227264145144,1,True
d11ee7ab0fce5b62,2021.05.12.23.36.44_veh-35_02035_02387,123,idm,194,,0.0,0.4949993395362925,6.528709591355856,6.642647758700597,1,199,,0.0,0.4949993395362925,6.528709591355856,6.642647758700597,1,194,cheap,0.0,0.4949993395362925,6.528709591355856,6.642647758700597,1,196,,0.0,0.4949993395362925,6.528709591355856,6.642647758700597,1,195,,0.0,0.4949993395362925,6.528709591355856,6.642647758700597,1,194,cheap,0.0,0.4949993395362925,6.528709591355856,6.642647758700597,1,199,,0.0,0.4949993395362925,6.528709591355856,6.642647758700597,1,3e077ca9ebfa7d37fa797a6588113292593e9c01,215,0.0,0.4949993395362925,6.528709591355856,6.642647758700597,1,True
d11ee7ab0fce5b62,2021.05.12.23.36.44_veh-35_02035_02387,136,idm,190,,0.0,0.4792834284993503,6.605799696497661,6.876355334766225,1,200,,0.0,0.4792834284993503,6.605799696497661,6.876355334766225,1,190,cheap,0.0,0.4792834284993503,6.605799696497661,6.876355334766225,1,195,,0.0,0.4792834284993503,6.605799696497661,6.876355334766225,1,193,,0.0,0.4792834284993503,6.605799696497661,6.876355334766225,1,190,cheap,0.0,0.4792834284993503,6.605799696497661,6.876355334766225,1,199,,0.0,0.4792834284993503,6.605799696497661,6.876355334766225,1,0bec41c1cc9c14c7bb201a97e83607b21357ad86,208,0.0,0.4792834284993503,6.605799696497661,6.876355334766225,1,True
d11ee7ab0fce5b62,2021.05.12.23.36.44_veh-35_02035_02387,149,idm,185,,0.0,0.5169316434127909,6.627803924674929,6.891400804680347,1,192,,0.0,0.5169316434127909,6.627803924674929,6.891400804680347,1,185,,0.0,0.5169316434127909,6.627803924674929,6.891400804680347,1,189,,0.0,0.5169316434127909,6.627803924674929,6.891400804680347,1,188,,0.0,0.5169316434127909,6.627803924674929,6.891400804680347,1,185,,0.0,0.5169316434127909,6.627803924674929,6.891400804680347,1,189,,0.0,0.5169316434127909,6.627803924674929,6.891400804680347,1,78f3cf38cbdfd510e7a216825f9abadad0505ff3,202,0.0,0.5169316434127909,6.627803924674929,6.891400804680347,1,True
d11ee7ab0fce5b62,2021.05.12.23.36.44_veh-35_02035_02387,163,idm,181,,0.0,0.4965335297633587,6.692749222492827,7.03994125773835,1,188,,0.0,0.4965335297633587,6.692749222492827,7.03994125773835,1,179,,0.0,0.4965335297633587,6.692749222492827,7.03994125773835,1,181,,0.0,0.4965335297633587,6.692749222492827,7.03994125773835,1,184,,0.0,0.4965335297633587,6.692749222492827,7.03994125773835,1,181,,0.0,0.4965335297633587,6.692749222492827,7.03994125773835,1,187,,0.0,0.4965335297633587,6.692749222492827,7.03994125773835,1,11af46a02d394190d9c0c640ac68e8eefffe49db,193,0.0,0.4965335297633587,6.692749222492827,7.03994125773835,1,True
d11ee7ab0fce5b62,2021.05.12.23.36.44_veh-35_02035_02387,176,idm,171,,0.0,0.510623840408825,6.641045733566718,6.883411187836856,1,176,,0.0,0.510623840408825,6.641045733566718,6.883411187836856,1,169,,0.0,0.510623840408825,6.641045733566718,6.883411187836856,1,172,,0.0,0.510623840408825,6.641045733566718,6.883411187836856,1,175,,0.0,0.510623840408825,6.641045733566718,6.883411187836856,1,171,,0.0,0.510623840408825,6.641045733566718,6.883411187836856,1,176,,0.0,0.510623840408825,6.641045733566718,6.883411187836856,1,dd84f1f9fb2e798c263527d781d5ce02b37de698,186,0.0,0.510623840408825,6.641045733566718,6.883411187836856,1,True
d11ee7ab0fce5b62,2021.05.12.23.36.44_veh-35_02035_02387,189,idm,153,,0.0,0.5189450060571328,6.565752577535413,6.689543449658356,1,159,,0.0,0.5189450060571328,6.565752577535413,6.689543449658356,1,152,,0.0,0.5189450060571328,6.565752577535413,6.689543449658356,1,153,,0.0,0.5189450060571328,6.565752577535413,6.689543449658356,1,153,,0.0,0.5189450060571328,6.565752577535413,6.689543449658356,1,153,,0.0,0.5189450060571328,6.565752577535413,6.689543449658356,1,159,,0.0,0.5189450060571328,6.565752577535413,6.689543449658356,1,6b81287bfe2cd4c272d4550002fb28741779c1a5,164,0.0,0.5189450060571328,6.565752577535413,6.689543449658356,1,True
d11ee7ab0fce5b62,2021.05.12.23.36.44_veh-35_02035_02387,202,idm,138,,1.0,0.0,6.561742392627214,6.770589282007342,1,145,,1.0,0.0,6.561742392627214,6.770589282007342,1,137,,1.0,0.0,6.561742392627214,6.770589282007342,1,141,,1.0,0.0,6.561742392627214,6.770589282007342,1,140,,1.0,0.0,6.561742392627214,6.770589282007342,1,138,,1.0,0.0,6.561742392627214,6.770589282007342,1,145,,1.0,0.0,6.561742392627214,6.770589282007342,1,dd5328e571ff110431e0afe2d5732017cee945c0,148,1.0,0.0,6.561742392627214,6.770589282007342,1,True
d11ee7ab0fce5b62,2021.05.12.23.36.44_veh-35_02035_02387,216,idm,132,,1.0,0.0,6.698086588410186,7.1598890844704925,1,138,,1.0,0.0,10.197366575868148,17.443675774380875,1,132,,1.0,0.0,6.698086588410186,7.1598890844704925,1,134,,1.0,0.0,6.698086588410186,7.1598890844704925,1,135,,1.0,0.0,6.698086588410186,7.1598890844704925,1,132,cheap,1.0,0.0,6.698086588410186,7.1598890844704925,1,138,,1.0,0.0,10.197366575868148,17.443675774380875,1,9fdbf2cc05328c94fcc10329bbb86986880e7ccc,141,1.0,0.0,6.698086588410186,7.1598890844704925,1,True
d11ee7ab0fce5b62,2021.05.12.23.36.44_veh-35_02035_02387,229,idm,112,,1.0,0.0,6.815161726260532,7.447442106523721,1,113,,1.0,0.0,6.815161726260532,7.447442106523721,1,110,,1.0,0.0,6.815161726260532,7.447442106523721,1,112,,1.0,0.0,6.815161726260532,7.447442106523721,1,111,,1.0,0.0,6.815161726260532,7.447442106523721,1,112,,1.0,0.0,6.815161726260532,7.447442106523721,1,113,,1.0,0.0,6.815161726260532,7.447442106523721,1,bc896a33c817ebe7ac9fbce5a10b1ec81f86ecd4,115,1.0,0.0,6.815161726260532,7.447442106523721,1,True
d11ee7ab0fce5b62,2021.05.12.23.36.44_veh-35_02035_02387,242,idm,119,,1.0,0.0,6.8512783156319825,7.521043726172351,1,123,,1.0,0.0,6.8512783156319825,7.521043726172351,1,119,cheap,1.0,0.0,6.8512783156319825,7.521043726172351,1,121,,1.0,0.0,6.8512783156319825,7.521043726172351,1,120,,1.0,0.0,6.8512783156319825,7.521043726172351,1,119,,1.0,0.0,6.8512783156319825,7.521043726172351,1,123,,1.0,0.0,6.8512783156319825,7.521043726172351,1,1f6d5dd5996893d1227001dbe6d598fb7d6fb575,126,1.0,0.0,6.8512783156319825,7.521043726172351,1,True
d11ee7ab0fce5b62,2021.05.12.23.36.44_veh-35_02035_02387,255,idm,116,,1.0,0.0,6.903980159276922,7.6413344351401244,1,118,,1.0,0.0,6.903980159276922,7.6413344351401244,1,116,cheap,1.0,0.0,6.903980159276922,7.6413344351401244,1,118,full,1.0,0.0,6.903980159276922,7.6413344351401244,1,116,,1.0,0.0,6.903980159276922,7.6413344351401244,1,116,,1.0,0.0,6.903980159276922,7.6413344351401244,1,118,,1.0,0.0,6.903980159276922,7.6413344351401244,1,857138dc4772fc52151be84dde1ca92aba75ae68,126,1.0,0.0,6.903980159276922,7.6413344351401244,1,True
d11ee7ab0fce5b62,2021.05.12.23.36.44_veh-35_02035_02387,269,idm,101,,1.0,0.0,6.855732329937336,7.617234322641982,1,101,,1.0,0.0,6.855732329937336,7.617234322641982,1,101,cheap,1.0,0.0,6.855732329937336,7.617234322641982,1,101,,1.0,0.0,6.855732329937336,7.617234322641982,1,99,,1.0,0.0,6.855732329937336,7.617234322641982,1,101,,1.0,0.0,6.855732329937336,7.617234322641982,1,101,,1.0,0.0,6.855732329937336,7.617234322641982,1,c33f4348a45a29fbcea88515c92bbd40b8e0fa55,117,1.0,0.0,6.855732329937336,7.617234322641982,1,True
d11ee7ab0fce5b62,2021.05.12.23.36.44_veh-35_02035_02387,282,idm,95,,1.0,0.0,6.589901430996801,6.873014203117988,1,102,,1.0,0.0,6.589901430996801,6.873014203117988,1,93,,1.0,0.0,6.589901430996801,6.873014203117988,1,94,,1.0,0.0,6.589901430996801,6.873014203117988,1,94,,1.0,0.0,6.589901430996801,6.873014203117988,1,95,cheap,1.0,0.0,6.589901430996801,6.873014203117988,1,102,,1.0,0.0,6.589901430996801,6.873014203117988,1,192aef166e60bd87a9076aafd44c53065bff617c,119,1.0,0.0,6.589901430996801,6.873014203117988,1,True
d11ee7ab0fce5b62,2021.05.12.23.36.44_veh-35_02035_02387,295,idm,93,,1.0,0.0,6.541504022273705,6.698316426491827,1,99,,1.0,0.0,6.541504022273705,6.698316426491827,1,92,,1.0,0.0,6.541504022273705,6.698316426491827,1,93,,1.0,0.0,6.541504022273705,6.698316426491827,1,96,,1.0,0.0,6.541504022273705,6.698316426491827,1,93,,1.0,0.0,6.541504022273705,6.698316426491827,1,99,full,1.0,0.0,6.541504022273705,6.698316426491827,1,da36e6eb80529460971d7a1a4aae222ec87a5378,117,1.0,0.0,6.541504022273705,6.698316426491827,1,True
d11ee7ab0fce5b62,2021.05.12.23.36.44_veh-35_02035_02387,309,idm,100,,0.0,0.11719227607693021,6.694484030369591,7.133484724283962,1,103,,0.0,0.11719227607693021,6.694484030369591,7.133484724283962,1,99,,0.0,0.11719227607693021,6.694484030369591,7.133484724283962,1,98,,0.0,0.11719227607693021,6.694484030369591,7.133484724283962,1,100,,0.0,0.11719227607693021,6.694484030369591,7.133484724283962,1,100,,0.0,0.11719227607693021,6.694484030369591,7.133484724283962,1,103,,0.0,0.11719227607693021,6.694484030369591,7.133484724283962,1,fb0d5629fd4377d1a78b333170522f607f8273ab,129,0.0,0.11719227607693021,6.694484030369591,7.133484724283962,1,True
d55d5f01e7815651,2021.06.09.14.58.55_veh-35_01894_02311,4,idm,146,,0.0,1.2080884506646181,0.4267969644537235,0.4267839958298237,1,153,,0.0,1.2080884506646181,0.4267969644537235,0.4267839958298237,1,146,cheap,0.0,1.2080884506646181,0.4267969644537235,0.4267839958298237,1,152,,0.0,1.2080884506646181,0.4267969644537235,0.4267839958298237,1,149,,0.0,1.2080884506646181,0.4267969644537235,0.4267839958298237,1,146,cheap,0.0,1.2080884506646181,0.4267969644537235,0.4267839958298237,1,151,,0.0,1.2080884506646181,0.4267969644537235,0.4267839958298237,1,c15bebf4cdeae9028c82ee9c9356a64f8e2bcadc,156,0.0,1.2080884506646181,0.4267969644537235,0.4267839958298237,1,True
d55d5f01e7815651,2021.06.09.14.58.55_veh-35_01894_02311,17,idm,147,,0.0,1.2095442749869139,0.4267824022791342,0.4267867234513603,1,151,,0.0,1.2095442749869139,0.4267824022791342,0.4267867234513603,1,146,,0.0,1.2095442749869139,0.4267824022791342,0.4267867234513603,1,151,,0.0,1.2095442749869139,0.4267824022791342,0.4267867234513603,1,149,,0.0,1.2095442749869139,0.4267824022791342,0.4267867234513603,1,147,cheap,0.0,1.2095442749869139,0.4267824022791342,0.4267867234513603,1,149,,0.0,1.2095442749869139,0.4267824022791342,0.4267867234513603,1,c1f0aa0d356265505bde93a37bd359f6211b41cd,156,0.0,1.2095442749869139,0.4267824022791342,0.4267867234513603,1,True
d55d5f01e7815651,2021.06.09.14.58.55_veh-35_01894_02311,30,idm,145,,0.0,1.2144414865444166,0.4267821290444982,0.42669112157456257,1,151,,0.0,1.2144414865444166,0.4267821290444982,0.42669112157456257,1,145,cheap,0.0,1.2144414865444166,0.4267821290444982,0.42669112157456257,1,150,,0.0,1.2144414865444166,0.4267821290444982,0.42669112157456257,1,148,,0.0,1.2144414865444166,0.4267821290444982,0.42669112157456257,1,145,cheap,0.0,1.2144414865444166,0.4267821290444982,0.42669112157456257,1,149,,0.0,1.2144414865444166,0.4267821290444982,0.42669112157456257,1,0be228aa047501178c3bc67fd3b5a8569ae9c54a,154,0.0,1.2144414865444166,0.4267821290444982,0.42669112157456257,1,True
d55d5f01e7815651,2021.06.09.14.58.55_veh-35_01894_02311,43,idm,147,,0.0,1.2110553738070706,0.4267427153125049,0.42668469456719416,1,152,,0.0,1.2110553738070706,0.4267427153125049,0.42668469456719416,1,146,,0.0,1.2110553738070706,0.4267427153125049,0.42668469456719416,1,151,,0.0,1.2110553738070706,0.4267427153125049,0.42668469456719416,1,148,,0.0,1.2110553738070706,0.4267427153125049,0.42668469456719416,1,147,cheap,0.0,1.2110553738070706,0.4267427153125049,0.42668469456719416,1,150,,0.0,1.2110553738070706,0.4267427153125049,0.42668469456719416,1,e0fb4907e419825ab1287bf787ecb844d00acbf7,154,0.0,1.2110553738070706,0.4267427153125049,0.42668469456719416,1,True
d55d5f01e7815651,2021.06.09.14.58.55_veh-35_01894_02311,57,idm,148,,0.0,1.2135004504220295,0.42676247232491626,0.42678685490530843,1,153,,0.0,1.2135004504220295,0.42676247232491626,0.42678685490530843,1,147,,0.0,1.2135004504220295,0.42676247232491626,0.42678685490530843,1,152,,0.0,1.2135004504220295,0.42676247232491626,0.42678685490530843,1,150,,0.0,1.2135004504220295,0.42676247232491626,0.42678685490530843,1,148,cheap,0.0,1.2135004504220295,0.42676247232491626,0.42678685490530843,1,152,,0.0,1.2135004504220295,0.42676247232491626,0.42678685490530843,1,a6dcb30821343fe39c12701b689dec3cd6173ca3,155,0.0,1.2135004504220295,0.42676247232491626,0.42678685490530843,1,True
d55d5f01e7815651,2021.06.09.14.58.55_veh-35_01894_02311,70,idm,148,,0.0,1.2175180160358665,0.42673341943044885,0.4267651820893653,1,154,,0.0,1.2175180160358665,0.42673341943044885,0.4267651820893653,1,148,,0.0,1.2175180160358665,0.42673341943044885,0.4267651820893653,1,153,,0.0,1.2175180160358665,0.42673341943044885,0.4267651820893653,1,151,,0.0,1.2175180160358665,0.42673341943044885,0.4267651820893653,1,148,cheap,0.0,1.2175180160358665,0.42673341943044885,0.4267651820893653,1,152,,0.0,1.2175180160358665,0.42673341943044885,0.4267651820893653,1,4dbf8c78b26cbaac24fffc6987203aa7c627d671,156,0.0,1.2175180160358665,0.42673341943044885,0.4267651820893653,1,True
d55d5f01e7815651,2021.06.09.14.58.55_veh-35_01894_02311,83,idm,150,,0.0,1.2094433892301848,0.42669584402487004,0.42668282471515706,1,155,,0.0,1.2094433892301848,0.42669584402487004,0.42668282471515706,1,149,,0.0,1.2094433892301848,0.42669584402487004,0.42668282471515706,1,154,,0.0,1.2094433892301848,0.42669584402487004,0.42668282471515706,1,151,,0.0,1.2094433892301848,0.42669584402487004,0.42668282471515706,1,150,cheap,0.0,1.2094433892301848,0.42669584402487004,0.42668282471515706,1,153,,0.0,1.2094433892301848,0.42669584402487004,0.42668282471515706,1,f310f01d74a7da2a4970b64f88e0be4f7fdbe08d,157,0.0,1.2094433892301848,0.42669584402487004,0.42668282471515706,1,True
d55d5f01e7815651,2021.06.09.14.58.55_veh-35_01894_02311,97,idm,152,,0.0,1.2101833337714563,0.42675222786575434,0.4267918948727004,1,157,,0.0,1.2101833337714563,0.42675222786575434,0.4267918948727004,1,151,,0.0,1.2101833337714563,0.42675222786575434,0.4267918948727004,1,156,,0.0,1.2101833337714563,0.42675222786575434,0.4267918948727004,1,153,,0.0,1.2101833337714563,0.42675222786575434,0.4267918948727004,1,152,cheap,0.0,1.2101833337714563,0.42675222786575434,0.4267918948727004,1,156,,0.0,1.2101833337714563,0.42675222786575434,0.4267918948727004,1,257ac6d1279b19c246808e6736bb0e9b3e7cd5fb,159,0.0,1.2101833337714563,0.42675222786575434,0.4267918948727004,1,True
d55d5f01e7815651,2021.06.09.14.58.55_veh-35_01894_02311,110,idm,152,,0.0,1.2142939092749674,0.4267416255485934,0.42686192724362476,1,157,,0.0,1.2142939092749674,0.4267416255485934,0.42686192724362476,1,151,,0.0,1.2142939092749674,0.4267416255485934,0.42686192724362476,1,156,,0.0,1.2142939092749674,0.4267416255485934,0.42686192724362476,1,154,,0.0,1.2142939092749674,0.4267416255485934,0.42686192724362476,1,152,cheap,0.0,1.2142939092749674,0.4267416255485934,0.42686192724362476,1,156,,0.0,1.2142939092749674,0.4267416255485934,0.42686192724362476,1,7ebee9f15432f4a310980e4547f8d7da97519641,159,0.0,1.2142939092749674,0.4267416255485934,0.42686192724362476,1,True
d55d5f01e7815651,2021.06.09.14.58.55_veh-35_01894_02311,123,idm,153,,0.0,1.2085869856359779,0.42673845467141747,0.42676449287009816,1,158,,0.0,1.2085869856359779,0.42673845467141747,0.42676449287009816,1,152,,0.0,1.2085869856359779,0.42673845467141747,0.42676449287009816,1,157,,0.0,1.2085869856359779,0.42673845467141747,0.42676449287009816,1,155,,0.0,1.2085869856359779,0.42673845467141747,0.42676449287009816,1,153,cheap,0.0,1.2085869856359779,0.42673845467141747,0.42676449287009816,1,156,,0.0,1.2085869856359779,0.42673845467141747,0.42676449287009816,1,23a4e09a6464930909920d4f344e7c04bdddca5d,160,0.0,1.2085869856359779,0.42673845467141747,0.42676449287009816,1,True
d55d5f01e7815651,2021.06.09.14.58.55_veh-35_01894_02311,137,idm,150,,0.0,1.2101874538803552,0.4267685308562831,0.4267035541759849,1,156,,0.0,1.2101874538803552,0.4267685308562831,0.4267035541759849,1,150,,0.0,1.2101874538803552,0.4267685308562831,0.4267035541759849,1,155,,0.0,1.2101874538803552,0.4267685308562831,0.4267035541759849,1,152,,0.0,1.2101874538803552,0.4267685308562831,0.4267035541759849,1,150,cheap,0.0,1.2101874538803552,0.4267685308562831,0.4267035541759849,1,154,,0.0,1.2101874538803552,0.4267685308562831,0.4267035541759849,1,6faa83cefc0bfce749c0673ba7ba4262f1696486,158,0.0,1.2101874538803552,0.4267685308562831,0.4267035541759849,1,True
d55d5f01e7815651,2021.06.09.14.58.55_veh-35_01894_02311,150,idm,150,,0.0,1.2142837170127305,0.4267719813524501,0.4267763134648815,1,154,,0.0,1.2142837170127305,0.4267719813524501,0.4267763134648815,1,149,,0.0,1.2142837170127305,0.4267719813524501,0.4267763134648815,1,153,,0.0,1.2142837170127305,0.4267719813524501,0.4267763134648815,1,151,,0.0,1.2142837170127305,0.4267719813524501,0.4267763134648815,1,150,cheap,0.0,1.2142837170127305,0.4267719813524501,0.4267763134648815,1,153,,0.0,1.2142837170127305,0.4267719813524501,0.4267763134648815,1,fdc173c8a8b6acc87c53566da7be69a922359991,157,0.0,1.2142837170127305,0.4267719813524501,0.4267763134648815,1,True
d55d5f01e7815651,2021.06.09.14.58.55_veh-35_01894_02311,163,idm,150,,0.0,1.2086043950699563,0.42677198689574647,0.4268315314849492,1,155,,0.0,1.2086043950699563,0.42677198689574647,0.4268315314849492,1,149,,0.0,1.2086043950699563,0.42677198689574647,0.4268315314849492,1,154,,0.0,1.2086043950699563,0.42677198689574647,0.4268315314849492,1,151,,0.0,1.2086043950699563,0.42677198689574647,0.4268315314849492,1,150,cheap,0.0,1.2086043950699563,0.42677198689574647,0.4268315314849492,1,154,,0.0,1.2086043950699563,0.42677198689574647,0.4268315314849492,1,32f40fd21d8b967b906f867dc70e948b0fa0a2c7,158,0.0,1.2086043950699563,0.42677198689574647,0.4268315314849492,1,True
d55d5f01e7815651,2021.06.09.14.58.55_veh-35_01894_02311,176,idm,149,,0.0,1.2078509244954185,0.4267464052567235,0.4267315160683613,1,155,,0.0,1.2078509244954185,0.4267464052567235,0.4267315160683613,1,149,cheap,0.0,1.2078509244954185,0.4267464052567235,0.4267315160683613,1,154,,0.0,1.2078509244954185,0.4267464052567235,0.4267315160683613,1,151,,0.0,1.2078509244954185,0.4267464052567235,0.4267315160683613,1,149,cheap,0.0,1.2078509244954185,0.4267464052567235,0.4267315160683613,1,153,,0.0,1.2078509244954185,0.4267464052567235,0.4267315160683613,1,346e988fe37df60b7206edeae6691b8c58373d97,157,0.0,1.2078509244954185,0.4267464052567235,0.4267315160683613,1,True
d55d5f01e7815651,2021.06.09.14.58.55_veh-35_01894_02311,190,idm,151,,0.0,1.214917061593547,0.4267918346042962,0.42675338212917485,1,155,,0.0,1.214917061593547,0.4267918346042962,0.42675338212917485,1,150,,0.0,1.214917061593547,0.4267918346042962,0.42675338212917485,1,155,,0.0,1.214917061593547,0.4267918346042962,0.42675338212917485,1,152,,0.0,1.214917061593547,0.4267918346042962,0.42675338212917485,1,151,cheap,0.0,1.214917061593547,0.4267918346042962,0.42675338212917485,1,153,,0.0,1.214917061593547,0.4267918346042962,0.42675338212917485,1,5c1d9838934f385bd89eae9c093e02bdce954183,158,0.0,1.214917061593547,0.4267918346042962,0.42675338212917485,1,True
d55d5f01e7815651,2021.06.09.14.58.55_veh-35_01894_02311,203,idm,151,,0.0,1.208188597363344,0.42677837720066225,0.4267050113794009,1,156,,0.0,1.208188597363344,0.42677837720066225,0.4267050113794009,1,150,,0.0,1.208188597363344,0.42677837720066225,0.4267050113794009,1,155,,0.0,1.208188597363344,0.42677837720066225,0.4267050113794009,1,152,,0.0,1.208188597363344,0.42677837720066225,0.4267050113794009,1,151,cheap,0.0,1.208188597363344,0.42677837720066225,0.4267050113794009,1,153,,0.0,1.208188597363344,0.42677837720066225,0.4267050113794009,1,d06de63cae934e81c4c76f2b7df53ba528dfe704,158,0.0,1.208188597363344,0.42677837720066225,0.4267050113794009,1,True
d55d5f01e7815651,2021.06.09.14.58.55_veh-35_01894_02311,216,idm,149,,0.0,1.2071689112839514,0.4267490650037883,0.42673521162990274,1,155,,0.0,1.2071689112839514,0.4267490650037883,0.42673521162990274,1,149,cheap,0.0,1.2071689112839514,0.4267490650037883,0.42673521162990274,1,154,,0.0,1.2071689112839514,0.4267490650037883,0.42673521162990274,1,151,,0.0,1.2071689112839514,0.4267490650037883,0.42673521162990274,1,149,cheap,0.0,1.2071689112839514,0.4267490650037883,0.42673521162990274,1,153,,0.0,1.2071689112839514,0.4267490650037883,0.42673521162990274,1,b679daaf237e45704b5594aa311ea4c5ec3838e7,157,0.0,1.2071689112839514,0.4267490650037883,0.42673521162990274,1,True
d55d5f01e7815651,2021.06.09.14.58.55_veh-35_01894_02311,230,idm,149,,0.0,1.205594393280507,0.426791422498236,0.42677475588491914,1,155,,0.0,1.205594393280507,0.426791422498236,0.42677475588491914,1,149,,0.0,1.205594393280507,0.426791422498236,0.42677475588491914,1,154,,0.0,1.205594393280507,0.426791422498236,0.42677475588491914,1,151,,0.0,1.205594393280507,0.426791422498236,0.42677475588491914,1,149,cheap,0.0,1.205594393280507,0.426791422498236,0.42677475588491914,1,152,,0.0,1.205594393280507,0.426791422498236,0.42677475588491914,1,36fc6498be1a6f7bb8b132dacd3f737c5bdeac69,157,0.0,1.205594393280507,0.426791422498236,0.42677475588491914,1,True
d55d5f01e7815651,2021.06.09.14.58.55_veh-35_01894_02311,243,idm,149,,0.0,1.2081909390374144,0.4267561089113121,0.42677975320147005,1,155,,0.0,1.2081909390374144,0.4267561089113121,0.42677975320147005,1,149,,0.0,1.2081909390374144,0.4267561089113121,0.42677975320147005,1,154,,0.0,1.2081909390374144,0.4267561089113121,0.42677975320147005,1,151,,0.0,1.2081909390374144,0.4267561089113121,0.42677975320147005,1,149,cheap,0.0,1.2081909390374144,0.4267561089113121,0.42677975320147005,1,153,,0.0,1.2081909390374144,0.4267561089113121,0.42677975320147005,1,f1431d4098f60d479d1e7dcb57664267841a8367,157,0.0,1.2081909390374144,0.4267561089113121,0.42677975320147005,1,True
d55d5f01e7815651,2021.06.09.14.58.55_veh-35_01894_02311,256,idm,149,,0.0,1.202551629550234,0.4267871000138996,0.42680102316162516,1,154,,0.0,1.202551629550234,0.4267871000138996,0.42680102316162516,1,149,cheap,0.0,1.202551629550234,0.4267871000138996,0.42680102316162516,1,153,,0.0,1.202551629550234,0.4267871000138996,0.42680102316162516,1,151,,0.0,1.202551629550234,0.4267871000138996,0.42680102316162516,1,149,cheap,0.0,1.202551629550234,0.4267871000138996,0.42680102316162516,1,154,,0.0,1.202551629550234,0.4267871000138996,0.42680102316162516,1,81e53b68ea2851a30ae1b92cbd864f347cd3cfcf,157,0.0,1.202551629550234,0.4267871000138996,0.42680102316162516,1,True
d55d5f01e7815651,2021.06.09.14.58.55_veh-35_01894_02311,270,idm,148,,0.0,1.2055976891562452,0.4288742756321487,0.44342582700585065,1,153,,0.0,1.2055976891562452,0.4288742756321487,0.44342582700585065,1,148,cheap,0.0,1.2055976891562452,0.4288742756321487,0.44342582700585065,1,152,,0.0,1.2055976891562452,0.4288742756321487,0.44342582700585065,1,150,,0.0,1.2055976891562452,0.4288742756321487,0.44342582700585065,1,148,cheap,0.0,1.2055976891562452,0.4288742756321487,0.44342582700585065,1,152,,0.0,1.2055976891562452,0.4288742756321487,0.44342582700585065,1,1960c5881046fddd3cfe02b7f3072d4047f1a563,156,0.0,1.2055976891562452,0.4288742756321487,0.44342582700585065,1,True
d55d5f01e7815651,2021.06.09.14.58.55_veh-35_01894_02311,283,idm,149,,0.0,1.207030932717954,0.5018240883907465,0.9738758796138544,1,155,,0.0,1.207030932717954,0.5018240883907465,0.9738758796138544,1,149,cheap,0.0,1.207030932717954,0.5018240883907465,0.9738758796138544,1,154,,0.0,1.207030932717954,0.5018240883907465,0.9738758796138544,1,151,,0.0,1.207030932717954,0.5018240883907465,0.9738758796138544,1,149,cheap,0.0,1.207030932717954,0.5018240883907465,0.9738758796138544,1,153,,0.0,1.207030932717954,0.5018240883907465,0.9738758796138544,1,050bae2eac1c88cf95d89157e74953e99432200a,157,0.0,1.207030932717954,0.5018240883907465,0.9738758796138544,1,True
d55d5f01e7815651,2021.06.09.14.58.55_veh-35_01894_02311,296,idm,148,,0.0,1.2025530963824385,0.8029130830983922,2.486633951391872,1,154,,0.0,1.2025530963824385,0.8029130830983922,2.486633951391872,1,148,cheap,0.0,1.2025530963824385,0.8029130830983922,2.486633951391872,1,153,,0.0,1.2025530963824385,0.8029130830983922,2.486633951391872,1,150,,0.0,1.2025530963824385,0.8029130830983922,2.486633951391872,1,148,cheap,0.0,1.2025530963824385,0.8029130830983922,2.486633951391872,1,152,,0.0,1.2025530963824385,0.8029130830983922,2.486633951391872,1,d007a9a31ca5224eba3e477e6494140544f17e67,156,0.0,1.2025530963824385,0.8029130830983922,2.486633951391872,1,True
d55d5f01e7815651,2021.06.09.14.58.55_veh-35_01894_02311,310,idm,150,,0.0,0.45487036478113313,1.5252987156557705,4.934307549265051,1,156,,0.0,0.45487036478113313,1.5252987156557705,4.934307549265051,1,150,,0.0,0.45487036478113313,1.5252987156557705,4.934307549265051,1,155,,0.0,0.45487036478113313,1.5252987156557705,4.934307549265051,1,152,,0.0,0.45487036478113313,1.5252987156557705,4.934307549265051,1,150,cheap,0.0,0.45487036478113313,1.5252987156557705,4.934307549265051,1,154,,0.0,0.45487036478113313,1.5252987156557705,4.934307549265051,1,d9e4bcffbe757718688e000d4cfcddca6bd2c2b6,158,0.0,0.45487036478113313,1.5252987156557705,4.934307549265051,1,True
d9a184ce519d5a51,2021.06.23.15.56.12_veh-16_00839_01285,4,idm,40,,0.0,1.2050973056608032,1.6032067587454277,3.122960892309703,1,43,,0.0,1.2050973056608032,1.6032067587454277,3.122960892309703,1,40,cheap,0.0,1.2050973056608032,1.6032067587454277,3.122960892309703,1,42,,0.0,1.2050973056608032,1.6032067587454277,3.122960892309703,1,39,,0.0,1.2050973056608032,1.6032067587454277,3.122960892309703,1,40,,0.0,1.2050973056608032,1.6032067587454277,3.122960892309703,1,42,,0.0,1.2050973056608032,1.6032067587454277,3.122960892309703,1,22c9cba4f1a1f28e29dd6e5f7416862775d1db65,53,0.0,1.2050973056608032,1.6032067587454277,3.122960892309703,1,True
d9a184ce519d5a51,2021.06.23.15.56.12_veh-16_00839_01285,17,idm,39,,0.0,1.1887616562868566,1.6029911435629738,3.120103826439507,1,44,,0.0,1.1887616562868566,1.6029911435629738,3.120103826439507,1,39,cheap,0.0,1.1887616562868566,1.6029911435629738,3.120103826439507,1,43,,0.0,1.1887616562868566,1.6029911435629738,3.120103826439507,1,39,,0.0,1.1887616562868566,1.6029911435629738,3.120103826439507,1,39,,0.0,1.1887616562868566,1.6029911435629738,3.120103826439507,1,43,,0.0,1.1887616562868566,1.6029911435629738,3.120103826439507,1,b89e3fe53a1d7f3a79308deca6bdeeb5c77e8c7e,54,0.0,1.1887616562868566,1.6029911435629738,3.120103826439507,1,True
d9a184ce519d5a51,2021.06.23.15.56.12_veh-16_00839_01285,30,idm,42,,0.0,1.1925365542292368,1.6039955857220183,3.1260710556338567,1,45,,0.0,1.1925365542292368,1.6039955857220183,3.1260710556338567,1,42,cheap,0.0,1.1925365542292368,1.6039955857220183,3.1260710556338567,1,45,full,0.0,1.1925365542292368,1.6039955857220183,3.1260710556338567,1,41,,0.0,1.1925365542292368,1.6039955857220183,3.1260710556338567,1,42,,0.0,1.1925365542292368,1.6039955857220183,3.1260710556338567,1,44,,0.0,1.1925365542292368,1.6039955857220183,3.1260710556338567,1,316756b6d6a5c95ec0b730e28bdacd9f92407fe7,57,0.0,1.1925365542292368,1.6039955857220183,3.1260710556338567,1,True
d9a184ce519d5a51,2021.06.23.15.56.12_veh-16_00839_01285,43,idm,47,,0.0,1.1859703132569095,1.6035594372998556,3.1219379643410776,1,50,,0.0,1.1859703132569095,1.6035594372998556,3.1219379643410776,1,47,cheap,0.0,1.1859703132569095,1.6035594372998556,3.1219379643410776,1,49,,0.0,1.1859703132569095,1.6035594372998556,3.1219379643410776,1,46,,0.0,1.1859703132569095,1.6035594372998556,3.1219379643410776,1,47,,0.0,1.1859703132569095,1.6035594372998556,3.1219379643410776,1,49,,0.0,1.1859703132569095,1.6035594372998556,3.1219379643410776,1,208cf1c2e2a3ef6c3b8bb390094e68264bcc6c31,60,0.0,1.1859703132569095,1.6035594372998556,3.1219379643410776,1,True
d9a184ce519d5a51,2021.06.23.15.56.12_veh-16_00839_01285,57,idm,49,,0.0,1.1778472748024198,1.6046409039039853,3.1259456597728965,1,52,,0.0,1.1778472748024198,1.6046409039039853,3.1259456597728965,1,48,,0.0,1.1778472748024198,1.6046409039039853,3.1259456597728965,1,50,,0.0,1.1778472748024198,1.6046409039039853,3.1259456597728965,1,48,,0.0,1.1778472748024198,1.6046409039039853,3.1259456597728965,1,49,,0.0,1.1778472748024198,1.6046409039039853,3.1259456597728965,1,51,,0.0,1.1778472748024198,1.6046409039039853,3.1259456597728965,1,558b643c51b26b1e34e92c1ac3e90c7cbe5a9ccb,61,0.0,1.1778472748024198,1.6046409039039853,3.1259456597728965,1,True
d9a184ce519d5a51,2021.06.23.15.56.12_veh-16_00839_01285,70,idm,47,,0.0,1.1707597007875825,1.6037164105015134,3.1242460986016014,1,50,,0.0,1.1707597007875825,1.6037164105015134,3.1242460986016014,1,47,cheap,0.0,1.1707597007875825,1.6037164105015134,3.1242460986016014,1,49,,0.0,1.1707597007875825,1.6037164105015134,3.1242460986016014,1,46,,0.0,1.1707597007875825,1.6037164105015134,3.1242460986016014,1,47,,0.0,1.1707597007875825,1.6037164105015134,3.1242460986016014,1,48,,0.0,1.1707597007875825,1.6037164105015134,3.1242460986016014,1,2ca677fc98fcc1ec7342ce5293e2faf23ada6108,60,0.0,1.1707597007875825,1.6037164105015134,3.1242460986016014,1,True
d9a184ce519d5a51,2021.06.23.15.56.12_veh-16_00839_01285,83,idm,46,,0.0,1.1543304079014842,1.6043633181975165,3.125350503674589,1,49,,0.0,1.1543304079014842,1.6043633181975165,3.125350503674589,1,46,cheap,0.0,1.1543304079014842,1.6043633181975165,3.125350503674589,1,48,,0.0,1.1543304079014842,1.6043633181975165,3.125350503674589,1,45,,0.0,1.1543304079014842,1.6043633181975165,3.125350503674589,1,46,,0.0,1.1543304079014842,1.6043633181975165,3.125350503674589,1,48,,0.0,1.1543304079014842,1.6043633181975165,3.125350503674589,1,ef5c8acb7c0a842a72f3b43da7ba35af85793209,59,0.0,1.1543304079014842,1.6043633181975165,3.125350503674589,1,True
d9a184ce519d5a51,2021.06.23.15.56.12_veh-16_00839_01285,97,idm,45,,0.0,1.1366224232528968,1.6017070531869977,3.1180711896886475,1,48,,0.0,1.1366224232528968,1.6017070531869977,3.1180711896886475,1,45,cheap,0.0,1.1366224232528968,1.6017070531869977,3.1180711896886475,1,48,,0.0,1.1366224232528968,1.6017070531869977,3.1180711896886475,1,45,,0.0,1.1366224232528968,1.6017070531869977,3.1180711896886475,1,45,,0.0,1.1366224232528968,1.6017070531869977,3.1180711896886475,1,47,,0.0,1.1366224232528968,1.6017070531869977,3.1180711896886475,1,1b9fcf9d47c40877329494e26ae706ff1408caaf,60,0.0,1.1366224232528968,1.6017070531869977,3.1180711896886475,1,True
d9a184ce519d5a51,2021.06.23.15.56.12_veh-16_00839_01285,110,idm,43,,0.0,1.1349293034295918,1.6050332541749148,3.1264186886598844,1,45,,0.0,1.1349293034295918,1.6050332541749148,3.1264186886598844,1,43,cheap,0.0,1.1349293034295918,1.6050332541749148,3.1264186886598844,1,45,,0.0,1.1349293034295918,1.6050332541749148,3.1264186886598844,1,42,,0.0,1.1349293034295918,1.6050332541749148,3.1264186886598844,1,43,,0.0,1.1349293034295918,1.6050332541749148,3.1264186886598844,1,44,,0.0,1.1349293034295918,1.6050332541749148,3.1264186886598844,1,5f9be1bd18f6ac7891c8b64eec315a5027791839,57,0.0,1.1349293034295918,1.6050332541749148,3.1264186886598844,1,True
d9a184ce519d5a51,2021.06.23.15.56.12_veh-16_00839_01285,123,idm,42,,0.0,1.1754579627369348,1.6005588883973558,3.116882387093758,1,44,,0.0,1.1754579627369348,1.6005588883973558,3.116882387093758,1,42,cheap,0.0,1.1754579627369348,1.6005588883973558,3.116882387093758,1,44,full,0.0,1.1754579627369348,1.6005588883973558,3.116882387093758,1,41,,0.0,1.1754579627369348,1.6005588883973558,3.116882387093758,1,42,,0.0,1.1754579627369348,1.6005588883973558,3.116882387093758,1,43,,0.0,1.1754579627369348,1.6005588883973558,3.116882387093758,1,d7472a052e99c12401a89561b343b6fbc2470547,54,0.0,1.1754579627369348,1.6005588883973558,3.116882387093758,1,True
d9a184ce519d5a51,2021.06.23.15.56.12_veh-16_00839_01285,137,idm,42,,0.0,1.208331684987536,1.6007557561659607,3.1138433592215105,1,44,,0.0,1.208331684987536,1.6007557561659607,3.1138433592215105,1,42,cheap,0.0,1.208331684987536,1.6007557561659607,3.1138433592215105,1,43,,0.0,1.208331684987536,1.6007557561659607,3.1138433592215105,1,42,,0.0,1.208331684987536,1.6007557561659607,3.1138433592215105,1,42,,0.0,1.208331684987536,1.6007557561659607,3.1138433592215105,1,43,,0.0,1.208331684987536,1.6007557561659607,3.1138433592215105,1,adca23c6fa7cc966f33e49637479cef62dee6aa4,53,0.0,1.208331684987536,1.6007557561659607,3.1138433592215105,1,True
d9a184ce519d5a51,2021.06.23.15.56.12_veh-16_00839_01285,150,idm,43,,0.0,1.2047947132119772,1.5976384524334233,3.106214162469628,1,45,,0.0,1.2047947132119772,1.5976384524334233,3.106214162469628,1,43,cheap,0.0,1.2047947132119772,1.5976384524334233,3.106214162469628,1,44,,0.0,1.2047947132119772,1.5976384524334233,3.106214162469628,1,42,,0.0,1.2047947132119772,1.5976384524334233,3.106214162469628,1,43,,0.0,1.2047947132119772,1.5976384524334233,3.106214162469628,1,44,,0.0,1.2047947132119772,1.5976384524334233,3.106214162469628,1,60467f8597421097201e048ee445a655a37cefc7,55,0.0,1.2047947132119772,1.5976384524334233,3.106214162469628,1,True
d9a184ce519d5a51,2021.06.23.15.56.12_veh-16_00839_01285,163,idm,46,,0.0,1.2161452578749714,1.5969758920435908,3.1056070895514996,1,48,,0.0,1.2161452578749714,1.5969758920435908,3.1056070895514996,1,46,cheap,0.0,1.2161452578749714,1.5969758920435908,3.1056070895514996,1,47,,0.0,1.2161452578749714,1.5969758920435908,3.1056070895514996,1,44,,0.0,1.2161452578749714,1.5969758920435908,3.1056070895514996,1,46,,0.0,1.2161452578749714,1.5969758920435908,3.1056070895514996,1,47,,0.0,1.2161452578749714,1.5969758920435908,3.1056070895514996,1,b253699173974d22c3eb2b2b950340a99f92a0f2,56,0.0,1.2161452578749714,1.5969758920435908,3.1056070895514996,1,True
d9a184ce519d5a51,2021.06.23.15.56.12_veh-16_00839_01285,176,idm,46,,0.0,1.196263836718327,1.604488007945652,3.122669812901243,1,47,,0.0,1.196263836718327,1.604488007945652,3.122669812901243,1,46,cheap,0.0,1.196263836718327,1.604488007945652,3.122669812901243,1,47,full,0.0,1.196263836718327,1.604488007945652,3.122669812901243,1,46,,0.0,1.196263836718327,1.604488007945652,3.122669812901243,1,46,,0.0,1.196263836718327,1.604488007945652,3.122669812901243,1,46,full_s1,0.0,1.196263836718327,1.604488007945652,3.122669812901243,1,3bbdc88489e858b2da803e50d9115e20ae3ea028,58,0.0,1.196263836718327,1.604488007945652,3.122669812901243,1,True
d9a184ce519d5a51,2021.06.23.15.56.12_veh-16_00839_01285,190,idm,46,,0.0,1.2120137603721448,1.6024073634323739,3.115842048420406,1,46,,0.0,1.2120137603721448,1.6024073634323739,3.115842048420406,1,46,cheap,0.0,1.2120137603721448,1.6024073634323739,3.115842048420406,1,46,full,0.0,1.2120137603721448,1.6024073634323739,3.115842048420406,1,45,,0.0,1.2120137603721448,1.6024073634323739,3.115842048420406,1,46,,0.0,1.2120137603721448,1.6024073634323739,3.115842048420406,1,46,,0.0,1.2120137603721448,1.6024073634323739,3.115842048420406,1,f429277d0ad3ffdceb4e951596d3ac4b881fb68a,58,0.0,1.2120137603721448,1.6024073634323739,3.115842048420406,1,True
d9a184ce519d5a51,2021.06.23.15.56.12_veh-16_00839_01285,203,idm,47,,0.0,1.2044759621803107,1.6007470064826348,3.115947922697954,1,49,,0.0,1.2044759621803107,1.6007470064826348,3.115947922697954,1,47,cheap,0.0,1.2044759621803107,1.6007470064826348,3.115947922697954,1,48,,0.0,1.2044759621803107,1.6007470064826348,3.115947922697954,1,47,,0.0,1.2044759621803107,1.6007470064826348,3.115947922697954,1,47,,0.0,1.2044759621803107,1.6007470064826348,3.115947922697954,1,49,full,0.0,1.2044759621803107,1.6007470064826348,3.115947922697954,1,388535234af1886c79942b72f7ef57a1cb2e983a,58,0.0,1.2044759621803107,1.6007470064826348,3.115947922697954,1,True
d9a184ce519d5a51,2021.06.23.15.56.12_veh-16_00839_01285,216,idm,49,,0.0,1.1917794105836725,1.604316955892756,3.1260261945975416,1,50,,0.0,1.1917794105836725,1.604316955892756,3.1260261945975416,1,49,cheap,0.0,1.1917794105836725,1.604316955892756,3.1260261945975416,1,50,full,0.0,1.1917794105836725,1.604316955892756,3.1260261945975416,1,49,,0.0,1.1917794105836725,1.604316955892756,3.1260261945975416,1,49,cheap,0.0,1.1917794105836725,1.604316955892756,3.1260261945975416,1,50,,0.0,1.1917794105836725,1.604316955892756,3.1260261945975416,1,9598944fcdfb0441c998a07885c58aa40b891b37,61,0.0,1.1917794105836725,1.604316955892756,3.1260261945975416,1,True
d9a184ce519d5a51,2021.06.23.15.56.12_veh-16_00839_01285,230,idm,48,,0.0,1.2041255373136361,1.6037947390165825,3.120476597476232,1,50,,0.0,1.2041255373136361,1.6037947390165825,3.120476597476232,1,48,cheap,0.0,1.2041255373136361,1.6037947390165825,3.120476597476232,1,49,,0.0,1.2041255373136361,1.6037947390165825,3.120476597476232,1,49,,0.0,1.2041255373136361,1.6037947390165825,3.120476597476232,1,48,,0.0,1.2041255373136361,1.6037947390165825,3.120476597476232,1,50,full,0.0,1.2041255373136361,1.6037947390165825,3.120476597476232,1,9b8c799616a8df3feca754c82508db52b831b984,60,0.0,1.2041255373136361,1.6037947390165825,3.120476597476232,1,True
d9a184ce519d5a51,2021.06.23.15.56.12_veh-16_00839_01285,243,idm,49,,0.0,1.1895658706224492,1.6057164438951648,3.1290820340803838,1,48,,0.0,1.1895658706224492,1.6057164438951648,3.1290820340803838,1,49,,0.0,1.1895658706224492,1.6057164438951648,3.1290820340803838,1,47,,0.0,1.1895658706224492,1.6057164438951648,3.1290820340803838,1,45,,0.0,1.1895658706224492,1.6057164438951648,3.1290820340803838,1,49,,0.0,1.1895658706224492,1.6057164438951648,3.1290820340803838,1,48,,0.0,1.1895658706224492,1.6057164438951648,3.1290820340803838,1,36192e4bfad3cdd42dd0a42638f27fc2677b2792,59,0.0,1.1895658706224492,1.6057164438951648,3.1290820340803838,1,True
d9a184ce519d5a51,2021.06.23.15.56.12_veh-16_00839_01285,256,idm,48,,0.0,1.1933398951320893,1.6046407113149217,3.1266769896784226,1,49,,0.0,1.1933398951320893,1.6046407113149217,3.1266769896784226,1,48,cheap,0.0,1.1933398951320893,1.6046407113149217,3.1266769896784226,1,47,,0.0,1.1933398951320893,1.6046407113149217,3.1266769896784226,1,47,,0.0,1.1933398951320893,1.6046407113149217,3.1266769896784226,1,48,cheap,0.0,1.1933398951320893,1.6046407113149217,3.1266769896784226,1,49,full,0.0,1.1933398951320893,1.6046407113149217,3.1266769896784226,1,fa1fd63bb63f5d5f870eedecc76d7e96bdf50193,60,0.0,1.1933398951320893,1.6046407113149217,3.1266769896784226,1,True
d9a184ce519d5a51,2021.06.23.15.56.12_veh-16_00839_01285,270,idm,49,,0.0,1.1656873937094834,1.6078889731478967,3.134455110491691,1,50,,0.0,1.1656873937094834,1.6078889731478967,3.134455110491691,1,48,,0.0,1.1656873937094834,1.6078889731478967,3.134455110491691,1,48,cheap_nofp,0.0,1.1656873937094834,1.6078889731478967,3.134455110491691,1,47,,0.0,1.1656873937094834,1.6078889731478967,3.134455110491691,1,49,cheap,0.0,1.1656873937094834,1.6078889731478967,3.134455110491691,1,50,,0.0,1.1656873937094834,1.6078889731478967,3.134455110491691,1,d01cf87f6448e918a59de530f08d93071cd380d2,61,0.0,1.1656873937094834,1.6078889731478967,3.134455110491691,1,True
d9a184ce519d5a51,2021.06.23.15.56.12_veh-16_00839_01285,283,idm,52,,0.0,1.174280388695833,1.6054287434481773,3.1279814871866622,1,53,,0.0,1.174280388695833,1.6054287434481773,3.1279814871866622,1,52,,0.0,1.174280388695833,1.6054287434481773,3.1279814871866622,1,52,,0.0,1.174280388695833,1.6054287434481773,3.1279814871866622,1,50,,0.0,1.174280388695833,1.6054287434481773,3.1279814871866622,1,52,,0.0,1.174280388695833,1.6054287434481773,3.1279814871866622,1,53,,0.0,1.174280388695833,1.6054287434481773,3.1279814871866622,1,61e24467d329661b87b44828196e67a3d5d5c442,66,0.0,1.174280388695833,1.6054287434481773,3.1279814871866622,1,True
d9a184ce519d5a51,2021.06.23.15.56.12_veh-16_00839_01285,296,idm,51,,0.0,1.1822835758496784,1.6043917389858697,3.125708293451744,1,53,,0.0,1.1822835758496784,1.6043917389858697,3.125708293451744,1,50,,0.0,1.1822835758496784,1.6043917389858697,3.125708293451744,1,52,,0.0,1.1822835758496784,1.6043917389858697,3.125708293451744,1,49,,0.0,1.1822835758496784,1.6043917389858697,3.125708293451744,1,51,cheap,0.0,1.1822835758496784,1.6043917389858697,3.125708293451744,1,53,,0.0,1.1822835758496784,1.6043917389858697,3.125708293451744,1,318f92b172916ed59e1bdf16563faeea60bf87d2,65,0.0,1.1822835758496784,1.6043917389858697,3.125708293451744,1,True
d9a184ce519d5a51,2021.06.23.15.56.12_veh-16_00839_01285,310,idm,50,,0.0,1.1770379620538451,1.6067512171945617,3.1315522113591308,1,53,,0.0,1.1770379620538451,1.6067512171945617,3.1315522113591308,1,50,cheap,0.0,1.1770379620538451,1.6067512171945617,3.1315522113591308,1,52,,0.0,1.1770379620538451,1.6067512171945617,3.1315522113591308,1,50,cheap,0.0,1.1770379620538451,1.6067512171945617,3.1315522113591308,1,50,cheap,0.0,1.1770379620538451,1.6067512171945617,3.1315522113591308,1,53,full,0.0,1.1770379620538451,1.6067512171945617,3.1315522113591308,1,98f77a2bd643ae96ed397ebda8ae28b825c51341,64,0.0,1.1770379620538451,1.6067512171945617,3.1315522113591308,1,True
ddddb24df7625690,2021.05.12.22.00.38_veh-35_01008_01518,4,idm,134,,1.0,0.0,7.439927022439077,14.644573959530272,1,135,,1.0,0.0,7.439927022439077,14.644573959530272,1,133,,1.0,0.0,7.439927022439077,14.644573959530272,1,135,full,1.0,0.0,7.439927022439077,14.644573959530272,1,134,,1.0,0.0,7.439927022439077,14.644573959530272,1,134,,1.0,0.0,7.439927022439077,14.644573959530272,1,135,,1.0,0.0,7.439927022439077,14.644573959530272,1,81b5c54864413b675303d81e95674df0422c79f7,140,1.0,0.0,7.439927022439077,14.644573959530272,1,True
ddddb24df7625690,2021.05.12.22.00.38_veh-35_01008_01518,17,idm,131,,1.0,0.0,7.150431496045165,13.669888874735362,1,136,,1.0,0.0,7.150431496045165,13.669888874735362,1,131,cheap,1.0,0.0,7.150431496045165,13.669888874735362,1,136,,1.0,0.0,7.150431496045165,13.669888874735362,1,133,,1.0,0.0,7.150431496045165,13.669888874735362,1,131,cheap,1.0,0.0,7.150431496045165,13.669888874735362,1,136,,1.0,0.0,7.150431496045165,13.669888874735362,1,87de769784f1156d9e9677f800897bb870acf20e,140,1.0,0.0,7.150431496045165,13.669888874735362,1,True
ddddb24df7625690,2021.05.12.22.00.38_veh-35_01008_01518,30,idm,133,,1.0,0.0,6.618381727675531,12.215317732269972,1,136,,1.0,0.0,6.618381727675531,12.215317732269972,1,133,,1.0,0.0,6.618381727675531,12.215317732269972,1,136,full,1.0,0.0,6.618381727675531,12.215317732269972,1,135,,1.0,0.0,6.618381727675531,12.215317732269972,1,133,cheap,1.0,0.0,6.618381727675531,12.215317732269972,1,136,,1.0,0.0,6.618381727675531,12.215317732269972,1,457833d3c3dffd641930256b61d3858786c9fd99,144,1.0,0.0,6.618381727675531,12.215317732269972,1,True
ddddb24df7625690,2021.05.12.22.00.38_veh-35_01008_01518,43,idm,122,,1.0,0.0,5.831422470457046,10.317335970091728,1,126,,1.0,0.0,5.831422470457046,10.317335970091728,1,122,cheap,1.0,0.0,5.831422470457046,10.317335970091728,1,125,,1.0,0.0,5.831422470457046,10.317335970091728,1,123,,1.0,0.0,5.831422470457046,10.317335970091728,1,122,cheap,1.0,0.0,5.831422470457046,10.317335970091728,1,126,,1.0,0.0,5.831422470457046,10.317335970091728,1,e4137df4b1ff4747f3a452efa82054dd22195626,136,1.0,0.0,5.831422470457046,10.317335970091728,1,True
ddddb24df7625690,2021.05.12.22.00.38_veh-35_01008_01518,57,idm,118,,1.0,0.0,5.030305209231534,8.440829062049469,1,121,,1.0,0.0,5.030305209231534,8.440829062049469,1,117,,1.0,0.0,5.030305209231534,8.440829062049469,1,120,,1.0,0.0,5.030305209231534,8.440829062049469,1,116,,1.0,0.0,5.030305209231534,8.440829062049469,1,118,,1.0,0.0,5.030305209231534,8.440829062049469,1,121,,1.0,0.0,5.030305209231534,8.440829062049469,1,444880d5865827a2c33b63572c6d603336fa16bb,131,1.0,0.0,5.030305209231534,8.440829062049469,1,True
ddddb24df7625690,2021.05.12.22.00.38_veh-35_01008_01518,70,idm,124,,1.0,0.0,4.645429539481212,7.31814953529302,1,125,,1.0,0.0,4.645429539481212,7.31814953529302,1,122,,1.0,0.0,4.645429539481212,7.31814953529302,1,124,,1.0,0.0,4.645429539481212,7.31814953529302,1,120,,1.0,0.0,4.645429539481212,7.31814953529302,1,124,,1.0,0.0,4.645429539481212,7.31814953529302,1,125,,1.0,0.0,4.645429539481212,7.31814953529302,1,2f43516068d7096ef79d40cca494077bbb6de5a3,138,1.0,0.0,4.645429539481212,7.31814953529302,1,True
ddddb24df7625690,2021.05.12.22.00.38_veh-35_01008_01518,83,idm,126,,1.0,0.0,4.338791541975243,6.2023420560435705,1,131,,1.0,0.0,4.338791541975243,6.2023420560435705,1,123,,1.0,0.0,3.5979118630437306,3.610253424213386,1,127,,1.0,0.0,3.5979118630437306,3.610253424213386,1,122,,1.0,0.0,4.338791541975243,6.2023420560435705,1,126,,1.0,0.0,4.338791541975243,6.2023420560435705,1,131,,1.0,0.0,4.338791541975243,6.2023420560435705,1,cce5b3018d7c259debbd19c50535016cdd3a5966,140,1.0,0.0,4.338791541975243,6.2023420560435705,1,True
ddddb24df7625690,2021.05.12.22.00.38_veh-35_01008_01518,97,idm,121,,1.0,0.0,3.571217887381495,3.81998964698737,1,126,,1.0,0.0,3.571217887381495,3.81998964698737,1,121,,1.0,0.0,3.571217887381495,3.81998964698737,1,126,,1.0,0.0,3.571217887381495,3.81998964698737,1,121,,1.0,0.0,3.571217887381495,3.81998964698737,1,121,,1.0,0.0,3.571217887381495,3.81998964698737,1,124,,1.0,0.0,3.571217887381495,3.81998964698737,1,8d38e5d082002b7107e0054bafab1d6217bc5295,140,1.0,0.0,4.086647978075403,5.191455436019201,1,True
ddddb24df7625690,2021.05.12.22.00.38_veh-35_01008_01518,110,idm,118,,1.0,0.0,3.785988177424335,4.316453318662956,1,121,,1.0,0.0,3.785988177424335,4.316453318662956,1,117,,1.0,0.0,3.785988177424335,4.316453318662956,1,120,,1.0,0.0,3.785988177424335,4.316453318662956,1,118,,1.0,0.0,3.785988177424335,4.316453318662956,1,118,,1.0,0.0,3.785988177424335,4.316453318662956,1,120,,1.0,0.0,3.785988177424335,4.316453318662956,1,870a2fba1de2be1dffc43c66a0bceae30c9e64e7,133,1.0,0.0,3.785988177424335,4.316453318662956,1,True
ddddb24df7625690,2021.05.12.22.00.38_veh-35_01008_01518,123,idm,105,,1.0,0.0,3.4417630727586905,3.61696137466407,1,108,,1.0,0.0,3.4417630727586905,3.61696137466407,1,103,,1.0,0.0,3.4417630727586905,3.61696137466407,1,105,,1.0,0.0,3.4417630727586905,3.61696137466407,1,104,,1.0,0.0,3.4417630727586905,3.61696137466407,1,105,,1.0,0.0,3.4417630727586905,3.61696137466407,1,108,,1.0,0.0,3.4417630727586905,3.61696137466407,1,b8f4998595eea12c4d1555f30d8546cb59fb4ac4,120,1.0,0.0,3.4417630727586905,3.61696137466407,1,True
ddddb24df7625690,2021.05.12.22.00.38_veh-35_01008_01518,137,idm,101,,1.0,0.0,3.196971463419578,3.228905287833854,1,106,,1.0,0.0,3.196971463419578,3.228905287833854,1,98,,1.0,0.0,3.196971463419578,3.228905287833854,1,101,,1.0,0.0,3.196971463419578,3.228905287833854,1,102,,1.0,0.0,3.196971463419578,3.228905287833854,1,101,,1.0,0.0,3.196971463419578,3.228905287833854,1,106,,1.0,0.0,3.196971463419578,3.228905287833854,1,7a4e47d52ebdd710173dedf96cfc8e2f202025dd,114,1.0,0.0,3.196971463419578,3.228905287833854,1,True
ddddb24df7625690,2021.05.12.22.00.38_veh-35_01008_01518,150,idm,102,,1.0,0.0,3.1830498780625094,3.200123237647702,1,107,,1.0,0.0,3.1830498780625094,3.200123237647702,1,100,,1.0,0.0,3.1830498780625094,3.200123237647702,1,103,,1.0,0.0,3.1830498780625094,3.200123237647702,1,101,,1.0,0.0,3.1830498780625094,3.200123237647702,1,102,,1.0,0.0,3.1830498780625094,3.200123237647702,1,107,,1.0,0.0,3.1830498780625094,3.200123237647702,1,75a1686086d9787fcbe8c657128a5d2a27601509,116,1.0,0.0,3.1830498780625094,3.200123237647702,1,True
ddddb24df7625690,2021.05.12.22.00.38_veh-35_01008_01518,163,idm,97,,1.0,0.0,3.1952835847599026,3.2059360141901085,1,102,,1.0,0.0,3.1952835847599026,3.2059360141901085,1,95,,1.0,0.0,3.1952835847599026,3.2059360141901085,1,97,,1.0,0.0,3.1952835847599026,3.2059360141901085,1,96,,1.0,0.0,3.1952835847599026,3.2059360141901085,1,97,,1.0,0.0,3.1952835847599026,3.2059360141901085,1,101,,1.0,0.0,3.1952835847599026,3.2059360141901085,1,b5abfc3230a060df5943d5692e47ec20a29f57d5,112,1.0,0.0,3.1952835847599026,3.2059360141901085,1,True
ddddb24df7625690,2021.05.12.22.00.38_veh-35_01008_01518,176,idm,101,,1.0,0.0,3.2054660493691762,3.210052422864411,1,106,,1.0,0.0,3.2054660493691762,3.210052422864411,1,100,,1.0,0.0,3.2054660493691762,3.210052422864411,1,105,,1.0,0.0,3.2054660493691762,3.210052422864411,1,101,,1.0,0.0,3.2054660493691762,3.210052422864411,1,101,,1.0,0.0,3.2054660493691762,3.210052422864411,1,105,,1.0,0.0,3.2054660493691762,3.210052422864411,1,baee8c4cfd79dc62b705b3a226507b0a1b080676,117,1.0,0.0,3.2054660493691762,3.210052422864411,1,True
ddddb24df7625690,2021.05.12.22.00.38_veh-35_01008_01518,190,idm,95,,1.0,0.0,3.2011507360170057,3.2033308266087115,1,101,,1.0,0.0,3.2011507360170057,3.2033308266087115,1,95,cheap,1.0,0.0,3.2011507360170057,3.2033308266087115,1,99,,1.0,0.0,3.2011507360170057,3.2033308266087115,1,97,,1.0,0.0,3.2011507360170057,3.2033308266087115,1,95,,1.0,0.0,3.2011507360170057,3.2033308266087115,1,100,,1.0,0.0,3.2011507360170057,3.2033308266087115,1,0fa6eb7862ab316b2ff31a0ecdb00ef3c109a8fc,112,1.0,0.0,3.2011507360170057,3.2033308266087115,1,True
ddddb24df7625690,2021.05.12.22.00.38_veh-35_01008_01518,203,idm,95,,1.0,0.0,3.2000144561780224,3.201387397770061,1,98,,1.0,0.0,3.2000144561780224,3.201387397770061,1,94,,1.0,0.0,3.2000144561780224,3.201387397770061,1,96,,1.0,0.0,3.2000144561780224,3.201387397770061,1,94,,1.0,0.0,3.2000144561780224,3.201387397770061,1,95,,1.0,0.0,3.2000144561780224,3.201387397770061,1,97,,1.0,0.0,3.2000144561780224,3.201387397770061,1,bd063f8a25a656fc5914c1501f7db4168c5b6caf,110,1.0,0.0,3.2000144561780224,3.201387397770061,1,True
ddddb24df7625690,2021.05.12.22.00.38_veh-35_01008_01518,216,idm,88,,1.0,0.0,3.2000341525494003,3.2010413423164104,1,92,,1.0,0.0,3.2000341525494003,3.2010413423164104,1,88,cheap,1.0,0.0,3.2000341525494003,3.2010413423164104,1,91,,1.0,0.0,3.2000341525494003,3.2010413423164104,1,88,,1.0,0.0,3.2000341525494003,3.2010413423164104,1,88,,1.0,0.0,3.2000341525494003,3.2010413423164104,1,91,,1.0,0.0,3.2000341525494003,3.2010413423164104,1,a94d18aa659d10af725dfb898a54756daf5b28bc,104,1.0,0.0,3.2000341525494003,3.2010413423164104,1,True
ddddb24df7625690,2021.05.12.22.00.38_veh-35_01008_01518,230,idm,90,,1.0,0.0,3.200123586813504,3.2009392735934465,1,95,,1.0,0.0,3.200123586813504,3.2009392735934465,1,88,,1.0,0.0,3.200123586813504,3.2009392735934465,1,92,,1.0,0.0,3.200123586813504,3.2009392735934465,1,90,,1.0,0.0,3.200123586813504,3.2009392735934465,1,90,,1.0,0.0,3.200123586813504,3.2009392735934465,1,95,,1.0,0.0,3.200123586813504,3.2009392735934465,1,0a66f1c229b8f542500380a5fe5d42e634ea90a2,105,1.0,0.0,3.200123586813504,3.2009392735934465,1,True
ddddb24df7625690,2021.05.12.22.00.38_veh-35_01008_01518,243,idm,89,,1.0,0.0,3.2001335569094547,3.2007399498430806,1,93,,1.0,0.0,3.2001335569094547,3.2007399498430806,1,89,,1.0,0.0,3.2001335569094547,3.2007399498430806,1,91,,1.0,0.0,3.2001335569094547,3.2007399498430806,1,90,,1.0,0.0,3.2001335569094547,3.2007399498430806,1,89,,1.0,0.0,3.2001335569094547,3.2007399498430806,1,93,,1.0,0.0,3.2001335569094547,3.2007399498430806,1,f8fe863759b673b0e9cf4e3503ca6e32b54dd327,106,1.0,0.0,3.2001335569094547,3.2007399498430806,1,True
ddddb24df7625690,2021.05.12.22.00.38_veh-35_01008_01518,256,idm,86,,1.0,0.0,3.200302019250967,3.2008009145893537,1,89,,1.0,0.0,3.200302019250967,3.2008009145893537,1,86,,1.0,0.0,3.200302019250967,3.2008009145893537,1,87,,1.0,0.0,3.200302019250967,3.2008009145893537,1,85,,1.0,0.0,3.200302019250967,3.2008009145893537,1,86,,1.0,0.0,3.200302019250967,3.2008009145893537,1,88,,1.0,0.0,3.200302019250967,3.2008009145893537,1,8c03005eb8889d60a414f6da233ca9811cc490af,102,1.0,0.0,3.200302019250967,3.2008009145893537,1,True
ddddb24df7625690,2021.05.12.22.00.38_veh-35_01008_01518,270,idm,87,,1.0,0.0,3.2004144309976175,3.2008500843643515,1,88,,1.0,0.0,3.2004144309976175,3.2008500843643515,1,86,,1.0,0.0,3.2004144309976175,3.2008500843643515,1,87,,1.0,0.0,3.2004144309976175,3.2008500843643515,1,85,,1.0,0.0,3.2004144309976175,3.2008500843643515,1,87,,1.0,0.0,3.2004144309976175,3.2008500843643515,1,87,,1.0,0.0,3.2004144309976175,3.2008500843643515,1,4e8994b5b69d32740cc0e573bd2b9246c1b1a1b6,99,1.0,0.0,3.2004144309976175,3.2008500843643515,1,True
ddddb24df7625690,2021.05.12.22.00.38_veh-35_01008_01518,283,idm,92,,1.0,0.0,3.200401720997477,3.200740882031254,1,93,,1.0,0.0,3.200401720997477,3.200740882031254,1,91,,1.0,0.0,3.200401720997477,3.200740882031254,1,92,,1.0,0.0,3.200401720997477,3.200740882031254,1,90,,1.0,0.0,3.200401720997477,3.200740882031254,1,92,,1.0,0.0,3.200401720997477,3.200740882031254,1,92,,1.0,0.0,3.200401720997477,3.200740882031254,1,66fc7ab42a84b1e69b9b3e9c30e6cabf10934fda,104,1.0,0.0,3.200401720997477,3.200740882031254,1,True
ddddb24df7625690,2021.05.12.22.00.38_veh-35_01008_01518,296,idm,96,,1.0,0.0,3.200493494061219,3.2009070652121294,1,96,,1.0,0.0,3.200493494061219,3.2009070652121294,1,94,,1.0,0.0,3.200493494061219,3.2009070652121294,1,94,,1.0,0.0,3.200493494061219,3.2009070652121294,1,92,,1.0,0.0,3.200493494061219,3.2009070652121294,1,96,,1.0,0.0,3.200493494061219,3.2009070652121294,1,95,,1.0,0.0,3.200493494061219,3.2009070652121294,1,dd0ad56064b83e4a69fdfd2266a360231776c5ed,106,1.0,0.0,3.200493494061219,3.2009070652121294,1,True
ddddb24df7625690,2021.05.12.22.00.38_veh-35_01008_01518,310,idm,97,,1.0,0.0,3.2004582973676423,3.200723825528424,1,97,,1.0,0.0,3.2004582973676423,3.200723825528424,1,96,,1.0,0.0,3.2004582973676423,3.200723825528424,1,96,,1.0,0.0,3.2004582973676423,3.200723825528424,1,96,,1.0,0.0,3.2004582973676423,3.200723825528424,1,97,,1.0,0.0,3.2004582973676423,3.200723825528424,1,96,,1.0,0.0,3.2004582973676423,3.200723825528424,1,351b742f065166b5fe89ecc2618fa1e92d96d493,109,1.0,0.0,3.2004582973676423,3.200723825528424,1,True
e2477d146d995e99,2021.06.09.14.03.17_veh-12_02584_02970,4,idm,82,,0.0,29.924422137844893,101.30794390751251,95.38427249490685,1,83,,0.0,29.924422137844893,101.30794390751251,95.38427249490685,1,82,cheap,0.0,29.924422137844893,101.30794390751251,95.38427249490685,1,83,full,0.0,29.924422137844893,101.30794390751251,95.38427249490685,1,82,cheap,0.0,29.924422137844893,101.30794390751251,95.38427249490685,1,82,,0.0,29.924422137844893,101.30794390751251,95.38427249490685,1,82,,0.0,29.924422137844893,101.30794390751251,95.38427249490685,1,daa9fd6fc178db67f96e71a08d917e5e9010c4de,85,0.0,29.924422137844893,101.30794390751251,95.38427249490685,1,True
e2477d146d995e99,2021.06.09.14.03.17_veh-12_02584_02970,17,idm,79,,0.0,29.852864304794,98.98270157279474,92.50462923964734,1,79,cheap,0.0,29.852864304794,98.98270157279474,92.50462923964734,1,79,cheap,0.0,29.852864304794,98.98270157279474,92.50462923964734,1,79,cheap,0.0,29.852864304794,98.98270157279474,92.50462923964734,1,79,cheap,0.0,29.852864304794,98.98270157279474,92.50462923964734,1,79,cheap,0.0,29.852864304794,98.98270157279474,92.50462923964734,1,79,cheap,0.0,29.852864304794,98.98270157279474,92.50462923964734,1,01f6a2ca3b11fe50e902c25dec20fa49cb5b0b4a,83,0.0,29.852864304794,98.98270157279474,92.50462923964734,1,True
e2477d146d995e99,2021.06.09.14.03.17_veh-12_02584_02970,30,idm,90,,0.0,28.267007708616312,96.43680992523485,89.57127892791561,1,90,,0.0,28.267007708616312,96.43680992523485,89.57127892791561,1,90,cheap,0.0,28.267007708616312,96.43680992523485,89.57127892791561,1,90,,0.0,28.267007708616312,96.43680992523485,89.57127892791561,1,89,,0.0,28.267007708616312,96.43680992523485,89.57127892791561,1,90,cheap,0.0,28.267007708616312,96.43680992523485,89.57127892791561,1,90,,0.0,28.267007708616312,96.43680992523485,89.57127892791561,1,dd7070f17b1bdd9a6d714d2fcaccac8c133c4002,92,0.0,28.267007708616312,96.43680992523485,89.57127892791561,1,True
e2477d146d995e99,2021.06.09.14.03.17_veh-12_02584_02970,43,idm,101,,0.0,26.200904152789487,93.65419666293221,86.54404774905771,1,103,,0.0,26.200904152789487,93.65419666293221,86.54404774905771,1,101,,0.0,26.200904152789487,93.65419666293221,86.54404774905771,1,102,,0.0,26.200904152789487,93.65419666293221,86.54404774905771,1,101,,0.0,26.200904152789487,93.65419666293221,86.54404774905771,1,101,cheap,0.0,26.200904152789487,93.65419666293221,86.54404774905771,1,103,,0.0,26.200904152789487,93.65419666293221,86.54404774905771,1,b914945ee3231f6730ca2569e93b61518041962d,104,0.0,26.200904152789487,93.65419666293221,86.54404774905771,1,True
e2477d146d995e99,2021.06.09.14.03.17_veh-12_02584_02970,57,idm,81,,0.0,21.04572296573953,90.43567356980978,83.10993159822291,1,81,cheap,0.0,21.04572296573953,90.43567356980978,83.10993159822291,1,81,cheap,0.0,21.04572296573953,90.43567356980978,83.10993159822291,1,81,cheap,0.0,21.04572296573953,90.43567356980978,83.10993159822291,1,81,cheap,0.0,21.04572296573953,90.43567356980978,83.10993159822291,1,81,cheap,0.0,21.04572296573953,90.43567356980978,83.10993159822291,1,81,cheap,0.0,21.04572296573953,90.43567356980978,83.10993159822291,1,9a5dd005ddbeef04c19e2b3f19f974fadba4109f,108,0.0,21.04572296573953,90.43567356980978,83.10993159822291,1,True
e2477d146d995e99,2021.06.09.14.03.17_veh-12_02584_02970,70,idm,66,,0.0,16.382205096067352,87.31683183816374,80.1126690208339,1,68,,0.0,16.382205096067352,87.31683183816374,80.1126690208339,1,66,cheap,0.0,16.382205096067352,87.31683183816374,80.1126690208339,1,68,full,0.0,16.382205096067352,87.31683183816374,80.1126690208339,1,65,,0.0,16.382205096067352,87.31683183816374,80.1126690208339,1,65,,0.0,16.382205096067352,87.31683183816374,80.1126690208339,1,67,,0.0,16.382205096067352,87.31683183816374,80.1126690208339,1,793e3f4cd7bd5fee927d2556eb2f47c03033cd16,106,0.0,16.382205096067352,87.31683183816374,80.1126690208339,1,True
e2477d146d995e99,2021.06.09.14.03.17_veh-12_02584_02970,83,idm,64,,0.0,16.067103408468675,84.11277727519389,77.25102757316617,1,66,,0.0,16.067103408468675,84.11277727519389,77.25102757316617,1,64,,0.0,16.067103408468675,84.11277727519389,77.25102757316617,1,66,full,0.0,16.067103408468675,84.11277727519389,77.25102757316617,1,64,,0.0,16.067103408468675,84.11277727519389,77.25102757316617,1,64,cheap,0.0,16.067103408468675,84.11277727519389,77.25102757316617,1,66,,0.0,16.067103408468675,84.11277727519389,77.25102757316617,1,9e1d7bde3816ad50b7b218c7e5b80d5aadc5ed74,104,0.0,16.067103408468675,84.11277727519389,77.25102757316617,1,True
e2477d146d995e99,2021.06.09.14.03.17_veh-12_02584_02970,97,idm,66,,0.0,13.310520265061403,80.58634105113859,74.02418236194367,1,68,,0.0,13.310520265061403,80.58634105113859,74.02418236194367,1,66,cheap,0.0,13.310520265061403,80.58634105113859,74.02418236194367,1,68,,0.0,13.310520265061403,80.58634105113859,74.02418236194367,1,66,,0.0,13.310520265061403,80.58634105113859,74.02418236194367,1,66,,0.0,13.310520265061403,80.58634105113859,74.02418236194367,1,68,,0.0,13.310520265061403,80.58634105113859,74.02418236194367,1,53e6a24c13dc28b16516b683f4350a7197e4f6ab,105,0.0,13.310520265061403,80.58634105113859,74.02418236194367,1,True
e2477d146d995e99,2021.06.09.14.03.17_veh-12_02584_02970,110,idm,62,,0.0,12.325304862510377,77.25963600066606,71.06688716707953,1,71,,0.0,12.325304862510377,77.25963600066606,71.06688716707953,1,62,cheap,0.0,12.325304862510377,77.25963600066606,71.06688716707953,1,71,full,0.0,12.325304862510377,77.25963600066606,71.06688716707953,1,63,,0.0,12.325304862510377,77.25963600066606,71.06688716707953,1,62,cheap,0.0,12.325304862510377,77.25963600066606,71.06688716707953,1,71,,0.0,12.325304862510377,77.25963600066606,71.06688716707953,1,67c62c54e9b7832ca90cd7f8ef0ce5cc7ca2a161,100,0.0,12.325304862510377,77.25963600066606,71.06688716707953,1,True
e2477d146d995e99,2021.06.09.14.03.17_veh-12_02584_02970,123,idm,67,,0.0,6.190656886827521,73.98037317438661,68.34977660191937,1,73,,0.0,6.190656886827521,73.98037317438661,68.34977660191937,1,67,,0.0,6.190656886827521,73.98037317438661,68.34977660191937,1,71,,0.0,6.190656886827521,73.98037317438661,68.34977660191937,1,67,,0.0,6.190656886827521,73.98037317438661,68.34977660191937,1,67,cheap,0.0,6.190656886827521,73.98037317438661,68.34977660191937,1,73,,0.0,6.190656886827521,73.98037317438661,68.34977660191937,1,ee4fbe201bfcf414d3bca21673ba1edd7c0fda2d,107,0.0,6.190656886827521,73.98037317438661,68.34977660191937,1,True
e2477d146d995e99,2021.06.09.14.03.17_veh-12_02584_02970,137,idm,71,,0.0,4.610470440650133,70.53332110199219,65.57691663792359,1,78,,0.0,4.610470440650133,70.53332110199219,65.57691663792359,1,70,,0.0,4.610470440650133,70.53332110199219,65.57691663792359,1,77,,0.0,4.610470440650133,70.53332110199219,65.57691663792359,1,69,,0.0,4.610470440650133,70.53332110199219,65.57691663792359,1,71,,0.0,4.610470440650133,70.53332110199219,65.57691663792359,1,78,,0.0,4.610470440650133,70.53332110199219,65.57691663792359,1,9b0725322d9513b7e94fb9e73b7a8e47b95b9fd9,114,0.0,4.610470440650133,70.53332110199219,65.57691663792359,1,True
e2477d146d995e99,2021.06.09.14.03.17_veh-12_02584_02970,150,idm,72,,0.0,2.248822638933513,67.32364116390227,62.832605793659745,1,83,,0.0,2.248822638933513,67.32364116390227,62.832605793659745,1,72,,0.0,2.248822638933513,67.32364116390227,62.832605793659745,1,79,,0.0,2.248822638933513,67.32364116390227,62.832605793659745,1,72,,0.0,2.248822638933513,67.32364116390227,62.832605793659745,1,72,,0.0,2.248822638933513,67.32364116390227,62.832605793659745,1,83,,0.0,2.248822638933513,67.32364116390227,62.832605793659745,1,aa1e7bc48abffdcc0d0eee8d8a13d189409c2ef6,132,0.0,2.248822638933513,67.32364116390227,62.832605793659745,1,True
e2477d146d995e99,2021.06.09.14.03.17_veh-12_02584_02970,163,idm,73,,1.0,0.0,64.29284868343149,60.41303021017131,1,93,,1.0,0.0,64.29284868343149,60.41303021017131,1,72,,1.0,0.0,64.29284868343149,60.41303021017131,1,90,,1.0,0.0,64.29284868343149,60.41303021017131,1,75,,1.0,0.0,64.29284868343149,60.41303021017131,1,73,,1.0,0.0,64.29284868343149,60.41303021017131,1,90,,1.0,0.0,64.29284868343149,60.41303021017131,1,a0f3a65891ca6ec203eec12a006afff80fda8eb8,140,1.0,0.0,64.29284868343149,60.41303021017131,1,True
e2477d146d995e99,2021.06.09.14.03.17_veh-12_02584_02970,176,idm,84,,1.0,0.0,61.49537949700354,58.38493714939974,1,91,,1.0,0.0,61.49537949700354,58.38493714939974,1,84,cheap,1.0,0.0,61.49537949700354,58.38493714939974,1,90,,1.0,0.0,61.49537949700354,58.38493714939974,1,78,,1.0,0.0,61.49537949700354,58.38493714939974,1,84,,1.0,0.0,61.49537949700354,58.38493714939974,1,91,,1.0,0.0,61.49537949700354,58.38493714939974,1,90b37929141eb7147055c23333c8ab40e94ce0c5,148,1.0,0.0,61.49537949700354,58.38493714939974,1,True
e2477d146d995e99,2021.06.09.14.03.17_veh-12_02584_02970,190,idm,97,,1.0,0.0,58.502621641710846,55.91787604123794,1,111,,1.0,0.0,58.502621641710846,55.91787604123794,1,97,,1.0,0.0,58.502621641710846,55.91787604123794,1,110,,1.0,0.0,58.502621641710846,55.91787604123794,1,97,,1.0,0.0,58.502621641710846,55.91787604123794,1,96,,1.0,0.0,58.502621641710846,55.91787604123794,1,111,,1.0,0.0,58.502621641710846,55.91787604123794,1,718027826bbdbae09e79b9ad9dbaa7f6608cc75b,161,1.0,0.0,58.502621641710846,55.91787604123794,1,True
e2477d146d995e99,2021.06.09.14.03.17_veh-12_02584_02970,203,idm,119,,1.0,0.0,55.94495224285545,53.87254706390449,1,121,,1.0,0.0,55.94495224285545,53.87254706390449,1,119,cheap,1.0,0.0,55.94495224285545,53.87254706390449,1,120,,1.0,0.0,55.94495224285545,53.87254706390449,1,117,,1.0,0.0,55.94495224285545,53.87254706390449,1,118,,1.0,0.0,55.94495224285545,53.87254706390449,1,121,,1.0,0.0,55.94495224285545,53.87254706390449,1,a63baea9c94e46425c1a096e8b173b55f4746bf3,178,1.0,0.0,55.94495224285545,53.87254706390449,1,True
e2477d146d995e99,2021.06.09.14.03.17_veh-12_02584_02970,216,idm,146,,1.0,0.0,53.64229324535192,52.15120211057743,1,155,,1.0,0.0,53.64229324535192,52.15120211057743,1,146,cheap,1.0,0.0,53.64229324535192,52.15120211057743,1,154,,1.0,0.0,53.64229324535192,52.15120211057743,1,148,,1.0,0.0,53.64229324535192,52.15120211057743,1,145,,1.0,0.0,53.64229324535192,52.15120211057743,1,153,,1.0,0.0,53.64229324535192,52.15120211057743,1,3d6f17ed7508585d96c163562488f435509cd1cf,200,1.0,0.0,53.64229324535192,52.15120211057743,1,True
e2477d146d995e99,2021.06.09.14.03.17_veh-12_02584_02970,230,idm,162,,1.0,0.0,51.44264675030343,50.633040098256856,1,168,,1.0,0.0,51.44264675030343,50.633040098256856,1,159,,1.0,0.0,51.44264675030343,50.633040098256856,1,166,,1.0,0.0,51.44264675030343,50.633040098256856,1,160,,1.0,0.0,51.44264675030343,50.633040098256856,1,160,,1.0,0.0,51.44264675030343,50.633040098256856,1,167,,1.0,0.0,51.44264675030343,50.633040098256856,1,8b2af0b4adcd9fe0d47a52083c04bffa9bc0d231,209,1.0,0.0,51.44264675030343,50.633040098256856,1,True
e2477d146d995e99,2021.06.09.14.03.17_veh-12_02584_02970,243,idm,161,,0.0,1.3953843209429908,49.663742516348606,49.44849608343272,1,172,,0.0,1.3953843209429908,49.663742516348606,49.44849608343272,1,160,,0.0,1.3953843209429908,49.663742516348606,49.44849608343272,1,166,,0.0,1.3953843209429908,49.663742516348606,49.44849608343272,1,165,,0.0,1.3953843209429908,49.663742516348606,49.44849608343272,1,160,,0.0,1.3953843209429908,49.663742516348606,49.44849608343272,1,171,,0.0,1.3953843209429908,49.663742516348606,49.44849608343272,1,79f42553d68c4189480a003e40749d66fd0d1bd3,212,0.0,1.3953843209429908,49.663742516348606,49.44849608343272,1,True
e2477d146d995e99,2021.06.09.14.03.17_veh-12_02584_02970,256,idm,167,,0.0,1.5662519042235514,48.171994357495294,48.509267944726986,1,178,,0.0,1.5662519042235514,48.171994357495294,48.509267944726986,1,166,,0.0,1.5662519042235514,48.171994357495294,48.509267944726986,1,175,,0.0,1.5662519042235514,48.171994357495294,48.509267944726986,1,170,,0.0,1.5662519042235514,48.171994357495294,48.509267944726986,1,166,,0.0,1.5662519042235514,48.171994357495294,48.509267944726986,1,176,,0.0,1.5662519042235514,48.171994357495294,48.509267944726986,1,d9ed4e8d7a61fef81eb26574424ff9573032e11a,209,0.0,1.5662519042235514,48.171994357495294,48.509267944726986,1,True
e2477d146d995e99,2021.06.09.14.03.17_veh-12_02584_02970,270,idm,182,,1.0,0.0,46.90962311612177,47.77001312310261,1,196,,1.0,0.0,46.90962311612177,47.77001312310261,1,181,,1.0,0.0,46.90962311612177,47.77001312310261,1,194,,1.0,0.0,46.90962311612177,47.77001312310261,1,186,,1.0,0.0,46.90962311612177,47.77001312310261,1,182,,1.0,0.0,46.90962311612177,47.77001312310261,1,194,,1.0,0.0,46.90962311612177,47.77001312310261,1,9f83ceb6d09a63724e573c34347750789ad0abc0,215,1.0,0.0,46.90962311612177,47.77001312310261,1,True
e2477d146d995e99,2021.06.09.14.03.17_veh-12_02584_02970,283,idm,186,,1.0,0.0,46.09598564816392,47.33434357453585,1,191,,1.0,0.0,46.09598564816392,47.33434357453585,1,185,,1.0,0.0,46.09598564816392,47.33434357453585,1,190,,1.0,0.0,46.09598564816392,47.33434357453585,1,189,,1.0,0.0,46.09598564816392,47.33434357453585,1,184,,1.0,0.0,46.09598564816392,47.33434357453585,1,188,,1.0,0.0,46.09598564816392,47.33434357453585,1,c5f12a2320272950a2488458eb64d5b4f9daae47,213,1.0,0.0,46.09598564816392,47.33434357453585,1,True
e2477d146d995e99,2021.06.09.14.03.17_veh-12_02584_02970,296,idm,205,,0.0,1.5991664068276974,45.480973278672224,46.70397146944156,1,206,,0.0,1.5991664068276974,45.480973278672224,46.70397146944156,1,203,,0.0,1.5991664068276974,45.480973278672224,46.70397146944156,1,205,,0.0,1.5991664068276974,45.480973278672224,46.70397146944156,1,201,,0.0,1.5991664068276974,45.480973278672224,46.70397146944156,1,203,,0.0,1.5991664068276974,45.480973278672224,46.70397146944156,1,204,,0.0,1.5991664068276974,45.480973278672224,46.70397146944156,1,b581322a43e03a9d56c4189f18625718d888f9be,221,0.0,1.5991664068276974,45.480973278672224,46.70397146944156,1,True
e2477d146d995e99,2021.06.09.14.03.17_veh-12_02584_02970,310,idm,185,,1.0,0.0,45.040807391606684,46.02559730172127,1,187,,1.0,0.0,45.040807391606684,46.02559730172127,1,185,,1.0,0.0,45.040807391606684,46.02559730172127,1,185,,1.0,0.0,45.040807391606684,46.02559730172127,1,183,,1.0,0.0,45.040807391606684,46.02559730172127,1,183,,1.0,0.0,45.040807391606684,46.02559730172127,1,186,,1.0,0.0,45.040807391606684,46.02559730172127,1,eec436f63640a70a239282251c36d4d9a75fc18f,204,1.0,0.0,45.040807391606684,46.02559730172127,1,True
e678935a15825e5a,2021.10.06.17.43.07_veh-28_00508_00877,4,idm,17,,0.0,353.53083670746736,413.04942427610956,413.1114047733832,1,16,reference,0.0,353.53083670746736,413.04942427610956,413.1114047733832,1,16,reference,0.0,353.53083670746736,413.04942427610956,413.1114047733832,1,16,reference,0.0,353.53083670746736,413.04942427610956,413.1114047733832,1,16,reference,0.0,353.53083670746736,413.04942427610956,413.1114047733832,1,17,cheap,0.0,353.53083670746736,413.04942427610956,413.1114047733832,1,16,reference,0.0,353.53083670746736,413.04942427610956,413.1114047733832,1,a874250f3b27bc7a75681f4b318811a43984b465,16,0.0,353.53083670746736,413.04942427610956,413.1114047733832,1,True
e678935a15825e5a,2021.10.06.17.43.07_veh-28_00508_00877,17,idm,15,,0.0,353.4876795343394,413.0494831495457,413.11158284439904,1,16,,0.0,353.4876795343394,413.0494831495457,413.11158284439904,1,15,,0.0,353.4876795343394,413.0494831495457,413.11158284439904,1,15,,0.0,353.4876795343394,413.0494831495457,413.11158284439904,1,16,,0.0,353.4876795343394,413.0494831495457,413.11158284439904,1,15,,0.0,353.4876795343394,413.0494831495457,413.11158284439904,1,16,,0.0,353.4876795343394,413.0494831495457,413.11158284439904,1,006a46d9b20226a53d9326936b9ca18e762cc5e1,16,0.0,353.4876795343394,413.0494831495457,413.11158284439904,1,True
e678935a15825e5a,2021.10.06.17.43.07_veh-28_00508_00877,30,idm,16,,0.0,353.5469576045499,413.04950968965545,413.1116021075391,1,16,cheap,0.0,353.5469576045499,413.04950968965545,413.1116021075391,1,16,cheap,0.0,353.5469576045499,413.04950968965545,413.1116021075391,1,16,cheap,0.0,353.5469576045499,413.04950968965545,413.1116021075391,1,16,,0.0,353.5469576045499,413.04950968965545,413.1116021075391,1,16,cheap,0.0,353.5469576045499,413.04950968965545,413.1116021075391,1,16,cheap,0.0,353.5469576045499,413.04950968965545,413.1116021075391,1,b94f30fbb0e7a73b8cf15dbdbbc412a86259eb63,17,0.0,353.5469576045499,413.04950968965545,413.1116021075391,1,True
e678935a15825e5a,2021.10.06.17.43.07_veh-28_00508_00877,43,idm,17,,0.0,353.5465511491987,413.04953483033887,413.1115582385593,1,19,,0.0,353.5465511491987,413.04953483033887,413.1115582385593,1,17,cheap,0.0,353.5465511491987,413.04953483033887,413.1115582385593,1,18,,0.0,353.5465511491987,413.04953483033887,413.1115582385593,1,17,cheap,0.0,353.5465511491987,413.04953483033887,413.1115582385593,1,17,cheap,0.0,353.5465511491987,413.04953483033887,413.1115582385593,1,19,full,0.0,353.5465511491987,413.04953483033887,413.1115582385593,1,9f1a652bb24c4345877e21a82fb73a5f71b70021,18,0.0,353.5465511491987,413.04953483033887,413.1115582385593,1,True
e678935a15825e5a,2021.10.06.17.43.07_veh-28_00508_00877,57,idm,17,,0.0,353.5447470527851,413.0495720084756,413.11160148950404,1,18,,0.0,353.5447470527851,413.0495720084756,413.11160148950404,1,17,cheap,0.0,353.5447470527851,413.0495720084756,413.11160148950404,1,17,,0.0,353.5447470527851,413.0495720084756,413.11160148950404,1,17,cheap,0.0,353.5447470527851,413.0495720084756,413.11160148950404,1,17,cheap,0.0,353.5447470527851,413.0495720084756,413.11160148950404,1,18,,0.0,353.5447470527851,413.0495720084756,413.11160148950404,1,506d576485125c6cedcdd41ee88517ab138b0d9d,18,0.0,353.5447470527851,413.0495720084756,413.11160148950404,1,True
e678935a15825e5a,2021.10.06.17.43.07_veh-28_00508_00877,70,idm,18,,0.0,353.55101200855654,413.04959571951076,413.1116401285224,1,18,,0.0,353.55101200855654,413.04959571951076,413.1116401285224,1,18,cheap,0.0,353.55101200855654,413.04959571951076,413.1116401285224,1,18,cheap,0.0,353.55101200855654,413.04959571951076,413.1116401285224,1,18,cheap,0.0,353.55101200855654,413.04959571951076,413.1116401285224,1,18,cheap,0.0,353.55101200855654,413.04959571951076,413.1116401285224,1,18,full,0.0,353.55101200855654,413.04959571951076,413.1116401285224,1,c32ccc2f5c8e871e21e1c21c0b16ecd77301963a,19,0.0,353.55101200855654,413.04959571951076,413.1116401285224,1,True
e678935a15825e5a,2021.10.06.17.43.07_veh-28_00508_00877,83,idm,17,,0.0,353.5415131930867,413.04960510729825,413.11160762234005,1,18,,0.0,353.5415131930867,413.04960510729825,413.11160762234005,1,17,cheap,0.0,353.5415131930867,413.04960510729825,413.11160762234005,1,17,cheap,0.0,353.5415131930867,413.04960510729825,413.11160762234005,1,17,cheap,0.0,353.5415131930867,413.04960510729825,413.11160762234005,1,17,cheap,0.0,353.5415131930867,413.04960510729825,413.11160762234005,1,18,full,0.0,353.5415131930867,413.04960510729825,413.11160762234005,1,a1b64c4c263b7ff92551a0bd72549e501af76c41,18,0.0,353.5415131930867,413.04960510729825,413.11160762234005,1,True
e678935a15825e5a,2021.10.06.17.43.07_veh-28_00508_00877,96,idm,19,reference,0.0,344.46724383311727,413.04962134812,413.1115834363554,1,19,reference,0.0,344.46724383311727,413.04962134812,413.1115834363554,1,19,reference,0.0,344.46724383311727,413.04962134812,413.1115834363554,1,19,reference,0.0,344.46724383311727,413.04962134812,413.1115834363554,1,19,reference,0.0,344.46724383311727,413.04962134812,413.1115834363554,1,19,reference,0.0,344.46724383311727,413.04962134812,413.1115834363554,1,19,reference,0.0,344.46724383311727,413.04962134812,413.1115834363554,1,3230bc12ae6041089587029beb90a3ce40815698,19,0.0,344.46724383311727,413.04962134812,413.1115834363554,1,True
e678935a15825e5a,2021.10.06.17.43.07_veh-28_00508_00877,110,idm,19,reference,0.0,341.16553477283725,413.0496236010508,413.1115591806228,1,19,,0.0,341.16553477283725,413.0496236010508,413.1115591806228,1,19,reference,0.0,341.16553477283725,413.0496236010508,413.1115591806228,1,19,reference,0.0,341.16553477283725,413.0496236010508,413.1115591806228,1,19,reference,0.0,341.16553477283725,413.0496236010508,413.1115591806228,1,19,reference,0.0,341.16553477283725,413.0496236010508,413.1115591806228,1,19,full,0.0,341.16553477283725,413.0496236010508,413.1115591806228,1,6b8bce54b3b9437546d877e24918c5e4147bd393,19,0.0,341.16553477283725,413.0496236010508,413.1115591806228,1,True
e678935a15825e5a,2021.10.06.17.43.07_veh-28_00508_00877,123,idm,17,,0.0,336.8367977424079,413.04964969230434,413.1116761925663,1,17,cheap,0.0,336.8367977424079,413.04964969230434,413.1116761925663,1,17,cheap,0.0,336.8367977424079,413.04964969230434,413.1116761925663,1,17,cheap,0.0,336.8367977424079,413.04964969230434,413.1116761925663,1,17,cheap,0.0,336.8367977424079,413.04964969230434,413.1116761925663,1,17,cheap,0.0,336.8367977424079,413.04964969230434,413.1116761925663,1,17,cheap,0.0,336.8367977424079,413.04964969230434,413.1116761925663,1,8b57898e0d37de4bd0a0b5bd3f3fdf6cc33aa717,19,0.0,336.8367977424079,413.04964969230434,413.1116761925663,1,True
e678935a15825e5a,2021.10.06.17.43.07_veh-28_00508_00877,136,idm,17,,0.0,332.79484200562365,413.0496333674184,413.11159171477107,1,18,,0.0,332.79484200562365,413.0496333674184,413.11159171477107,1,17,cheap,0.0,332.79484200562365,413.0496333674184,413.11159171477107,1,17,cheap,0.0,332.79484200562365,413.0496333674184,413.11159171477107,1,17,cheap,0.0,332.79484200562365,413.0496333674184,413.11159171477107,1,17,cheap,0.0,332.79484200562365,413.0496333674184,413.11159171477107,1,18,full,0.0,332.79484200562365,413.0496333674184,413.11159171477107,1,c4879e406188297d97885a46b678a881cb6b1f93,18,0.0,332.79484200562365,413.0496333674184,413.11159171477107,1,True
e678935a15825e5a,2021.10.06.17.43.07_veh-28_00508_00877,149,idm,18,,0.0,331.523224000992,413.049653715991,413.11163810703744,1,18,,0.0,331.523224000992,413.049653715991,413.11163810703744,1,18,reference,0.0,331.523224000992,413.049653715991,413.11163810703744,1,18,,0.0,331.523224000992,413.049653715991,413.11163810703744,1,17,,0.0,331.523224000992,413.049653715991,413.11163810703744,1,18,,0.0,331.523224000992,413.049653715991,413.11163810703744,1,18,,0.0,331.523224000992,413.049653715991,413.11163810703744,1,a0f2f1491c508cf10fc23e148c4fb82f65185648,18,0.0,331.523224000992,413.049653715991,413.11163810703744,1,True
e678935a15825e5a,2021.10.06.17.43.07_veh-28_00508_00877,163,idm,16,,0.0,327.0116595469705,413.04965515668596,413.11161333407966,1,17,,0.0,327.0116595469705,413.04965515668596,413.11161333407966,1,16,,0.0,327.0116595469705,413.04965515668596,413.11161333407966,1,17,full,0.0,327.0116595469705,413.04965515668596,413.11161333407966,1,17,full,0.0,327.0116595469705,413.04965515668596,413.11161333407966,1,16,cheap,0.0,327.0116595469705,413.04965515668596,413.11161333407966,1,17,full,0.0,327.0116595469705,413.04965515668596,413.11161333407966,1,a20d45eeb871cd6167ec15a2c37d34d7ded193bb,18,0.0,327.0116595469705,413.04965515668596,413.11161333407966,1,True
e678935a15825e5a,2021.10.06.17.43.07_veh-28_00508_00877,176,idm,18,,0.0,330.6637929707383,413.0496613500777,413.11161338124975,1,17,,0.0,330.6637929707383,413.0496613500777,413.11161338124975,1,17,,0.0,330.6637929707383,413.0496613500777,413.11161338124975,1,17,cheap_nofp,0.0,330.6637929707383,413.0496613500777,413.11161338124975,1,16,,0.0,330.6637929707383,413.0496613500777,413.11161338124975,1,18,cheap,0.0,330.6637929707383,413.0496613500777,413.11161338124975,1,17,full,0.0,330.6637929707383,413.0496613500777,413.11161338124975,1,08b0444fdcb65ea5ca69b766ad1b13a00496c60a,19,0.0,330.6637929707383,413.0496613500777,413.11161338124975,1,True
e678935a15825e5a,2021.10.06.17.43.07_veh-28_00508_00877,189,idm,19,,0.0,329.17712302375276,413.049677160657,413.1116813284606,1,19,,0.0,329.17712302375276,413.049677160657,413.1116813284606,1,19,cheap,0.0,329.17712302375276,413.049677160657,413.1116813284606,1,18,,0.0,329.17712302375276,413.049677160657,413.1116813284606,1,18,full_nofp,0.0,329.17712302375276,413.049677160657,413.1116813284606,1,19,,0.0,329.17712302375276,413.049677160657,413.1116813284606,1,19,,0.0,329.17712302375276,413.049677160657,413.1116813284606,1,54c7644e01446a57f026b1a0b6d878d6be703c84,20,0.0,329.17712302375276,413.049677160657,413.1116813284606,1,True
e678935a15825e5a,2021.10.06.17.43.07_veh-28_00508_00877,202,idm,17,,0.0,327.98554684336324,413.04967474797047,413.11164234346046,1,17,,0.0,327.98554684336324,413.04967474797047,413.11164234346046,1,16,,0.0,327.98554684336324,413.04967474797047,413.11164234346046,1,16,,0.0,327.98554684336324,413.04967474797047,413.11164234346046,1,17,,0.0,327.98554684336324,413.04967474797047,413.11164234346046,1,17,,0.0,327.98554684336324,413.04967474797047,413.11164234346046,1,17,,0.0,327.98554684336324,413.04967474797047,413.11164234346046,1,db2416a0442db73e651fd33aa481e91f8db84c8b,19,0.0,327.98554684336324,413.04967474797047,413.11164234346046,1,True
e678935a15825e5a,2021.10.06.17.43.07_veh-28_00508_00877,216,idm,18,,0.0,330.6418047611397,413.04967016448734,413.1115715286346,1,18,cheap,0.0,330.6418047611397,413.04967016448734,413.1115715286346,1,18,cheap,0.0,330.6418047611397,413.04967016448734,413.1115715286346,1,18,cheap,0.0,330.6418047611397,413.04967016448734,413.1115715286346,1,18,cheap,0.0,330.6418047611397,413.04967016448734,413.1115715286346,1,18,,0.0,330.6418047611397,413.04967016448734,413.1115715286346,1,18,,0.0,330.6418047611397,413.04967016448734,413.1115715286346,1,9aec0cccbc6019fcbd9d1d5255e058f7316f3850,20,0.0,330.6418047611397,413.04967016448734,413.1115715286346,1,True
e678935a15825e5a,2021.10.06.17.43.07_veh-28_00508_00877,229,idm,18,,0.0,329.1714589949568,413.0496848963406,413.11168902937254,1,19,,0.0,329.1714589949568,413.0496848963406,413.11168902937254,1,17,,0.0,329.1714589949568,413.0496848963406,413.11168902937254,1,18,,0.0,329.1714589949568,413.0496848963406,413.11168902937254,1,18,full_nofp,0.0,329.1714589949568,413.0496848963406,413.11168902937254,1,18,cheap,0.0,329.1714589949568,413.0496848963406,413.11168902937254,1,19,,0.0,329.1714589949568,413.0496848963406,413.11168902937254,1,9f82dc8e544c551144c72502972cf1590750cb2f,19,0.0,329.1714589949568,413.0496848963406,413.11168902937254,1,True
e678935a15825e5a,2021.10.06.17.43.07_veh-28_00508_00877,242,idm,17,,0.0,332.7289646673129,413.0496829511196,413.1116405804803,1,18,,0.0,332.7289646673129,413.0496829511196,413.1116405804803,1,16,,0.0,332.7289646673129,413.0496829511196,413.1116405804803,1,18,full,0.0,332.7289646673129,413.0496829511196,413.1116405804803,1,17,,0.0,332.7289646673129,413.0496829511196,413.1116405804803,1,17,cheap,0.0,332.7289646673129,413.0496829511196,413.1116405804803,1,18,full,0.0,332.7289646673129,413.0496829511196,413.1116405804803,1,071e97b70015de3b009003394fb6daed76272c8b,19,0.0,332.7289646673129,413.0496829511196,413.1116405804803,1,True
e678935a15825e5a,2021.10.06.17.43.07_veh-28_00508_00877,255,idm,17,,0.0,330.56666138765564,413.04967058921966,413.111645117951,1,18,,0.0,330.56666138765564,413.04967058921966,413.111645117951,1,17,cheap,0.0,330.56666138765564,413.04967058921966,413.111645117951,1,18,full,0.0,330.56666138765564,413.04967058921966,413.111645117951,1,18,full,0.0,330.56666138765564,413.04967058921966,413.111645117951,1,17,cheap,0.0,330.56666138765564,413.04967058921966,413.111645117951,1,18,full,0.0,330.56666138765564,413.04967058921966,413.111645117951,1,83f138995e9396e906b3dbf4a023a6d3c4b74459,19,0.0,330.56666138765564,413.04967058921966,413.111645117951,1,True
e678935a15825e5a,2021.10.06.17.43.07_veh-28_00508_00877,269,idm,22,,0.0,331.81275502500523,413.04966600851185,413.111632997233,1,23,reference,0.0,331.81275502500523,413.04966600851185,413.111632997233,1,21,,0.0,331.81275502500523,413.04966600851185,413.111632997233,1,23,reference,0.0,331.81275502500523,413.04966600851185,413.111632997233,1,23,reference,0.0,331.81275502500523,413.04966600851185,413.111632997233,1,22,cheap,0.0,331.81275502500523,413.04966600851185,413.111632997233,1,23,reference,0.0,331.81275502500523,413.04966600851185,413.111632997233,1,967f94a142846bf6d5934471276e422f191671ca,23,0.0,331.81275502500523,413.04966600851185,413.111632997233,1,True
e678935a15825e5a,2021.10.06.17.43.07_veh-28_00508_00877,282,idm,19,,0.0,334.41377913976083,413.04964374446683,413.1115765102713,1,20,,0.0,334.41377913976083,413.04964374446683,413.1115765102713,1,19,cheap,0.0,334.41377913976083,413.04964374446683,413.1115765102713,1,20,full,0.0,334.41377913976083,413.04964374446683,413.1115765102713,1,19,,0.0,334.41377913976083,413.04964374446683,413.1115765102713,1,19,cheap,0.0,334.41377913976083,413.04964374446683,413.1115765102713,1,20,full,0.0,334.41377913976083,413.04964374446683,413.1115765102713,1,ffce954612c99ec0dd9cb4ca82ff9071dd3ee872,21,0.0,334.41377913976083,413.04964374446683,413.1115765102713,1,True
e678935a15825e5a,2021.10.06.17.43.07_veh-28_00508_00877,295,idm,18,,0.0,335.59254978129616,413.04966014301976,413.111684348217,1,19,,0.0,335.59254978129616,413.04966014301976,413.111684348217,1,18,cheap,0.0,335.59254978129616,413.04966014301976,413.111684348217,1,19,full,0.0,335.59254978129616,413.04966014301976,413.111684348217,1,18,,0.0,335.59254978129616,413.04966014301976,413.111684348217,1,18,,0.0,335.59254978129616,413.04966014301976,413.111684348217,1,19,,0.0,335.59254978129616,413.04966014301976,413.111684348217,1,7c67e00a6049b9c4678b07ea10fb79fce127a7a4,21,0.0,335.59254978129616,413.04966014301976,413.111684348217,1,True
e678935a15825e5a,2021.10.06.17.43.07_veh-28_00508_00877,309,idm,19,,0.0,333.94638001565414,413.04965137985175,413.1116828598017,1,20,,0.0,333.94638001565414,413.04965137985175,413.1116828598017,1,19,cheap,0.0,333.94638001565414,413.04965137985175,413.1116828598017,1,20,,0.0,333.94638001565414,413.04965137985175,413.1116828598017,1,20,full_nofp,0.0,333.94638001565414,413.04965137985175,413.1116828598017,1,19,,0.0,333.94638001565414,413.04965137985175,413.1116828598017,1,20,,0.0,333.94638001565414,413.04965137985175,413.1116828598017,1,f11cb73eadb97eb5dda62d4a0893d8acb4afdad7,21,0.0,333.94638001565414,413.04965137985175,413.1116828598017,1,True
eaa4a95139f65c30,2021.06.08.16.31.33_veh-38_01589_02072,4,idm,156,,0.0,9.220935222467242,59.048823607219205,58.4783137895117,1,161,,0.0,9.220935222467242,59.048823607219205,58.4783137895117,1,156,cheap,0.0,9.220935222467242,59.048823607219205,58.4783137895117,1,160,,0.0,9.220935222467242,59.048823607219205,58.4783137895117,1,159,,0.0,9.220935222467242,59.048823607219205,58.4783137895117,1,156,cheap,0.0,9.220935222467242,59.048823607219205,58.4783137895117,1,159,,0.0,9.220935222467242,59.048823607219205,58.4783137895117,1,09372d0cad0eedf189f2da3caaedffa4db4f7b81,180,0.0,9.220935222467242,59.048823607219205,58.4783137895117,1,True
eaa4a95139f65c30,2021.06.08.16.31.33_veh-38_01589_02072,17,idm,159,,0.0,9.205333591216561,58.90615457594444,58.39317440454065,1,164,,0.0,9.205333591216561,58.90615457594444,58.39317440454065,1,159,cheap,0.0,9.205333591216561,58.90615457594444,58.39317440454065,1,164,full,0.0,9.205333591216561,58.90615457594444,58.39317440454065,1,161,,0.0,9.205333591216561,58.90615457594444,58.39317440454065,1,159,cheap,0.0,9.205333591216561,58.90615457594444,58.39317440454065,1,162,,0.0,9.205333591216561,58.90615457594444,58.39317440454065,1,59bdae7777eb4830ee9d37695e86e108b0351de1,184,0.0,9.205333591216561,58.90615457594444,58.39317440454065,1,True
eaa4a95139f65c30,2021.06.08.16.31.33_veh-38_01589_02072,30,idm,158,,0.0,9.208659802550978,58.76204141079615,58.398161464861076,1,166,,0.0,9.208659802550978,58.76204141079615,58.398161464861076,1,158,cheap,0.0,9.208659802550978,58.76204141079615,58.398161464861076,1,165,,0.0,9.208659802550978,58.76204141079615,58.398161464861076,1,160,,0.0,9.208659802550978,58.76204141079615,58.398161464861076,1,158,cheap,0.0,9.208659802550978,58.76204141079615,58.398161464861076,1,162,,0.0,9.208659802550978,58.76204141079615,58.398161464861076,1,c9f5152f10efe7bb7cd4ff7e489a48b8a98d2124,183,0.0,9.208659802550978,58.76204141079615,58.398161464861076,1,True
eaa4a95139f65c30,2021.06.08.16.31.33_veh-38_01589_02072,43,idm,160,,0.0,9.213238363640986,58.621102007335104,58.40167090057712,1,164,,0.0,9.213238363640986,58.621102007335104,58.40167090057712,1,160,,0.0,9.213238363640986,58.621102007335104,58.40167090057712,1,164,,0.0,9.213238363640986,58.621102007335104,58.40167090057712,1,161,,0.0,9.213238363640986,58.621102007335104,58.40167090057712,1,160,,0.0,9.213238363640986,58.621102007335104,58.40167090057712,1,161,,0.0,9.213238363640986,58.621102007335104,58.40167090057712,1,7c05479b6bf7f86a5bd12dec284889c8bb1637aa,181,0.0,9.213238363640986,58.621102007335104,58.40167090057712,1,True
eaa4a95139f65c30,2021.06.08.16.31.33_veh-38_01589_02072,57,idm,167,,0.0,9.330476987918244,58.48004319187657,58.38297450690038,1,169,,0.0,9.330476987918244,58.48004319187657,58.38297450690038,1,167,cheap,0.0,9.330476987918244,58.48004319187657,58.38297450690038,1,167,,0.0,9.330476987918244,58.48004319187657,58.38297450690038,1,166,,0.0,9.330476987918244,58.48004319187657,58.38297450690038,1,165,,0.0,9.330476987918244,58.48004319187657,58.38297450690038,1,167,,0.0,9.330476987918244,58.48004319187657,58.38297450690038,1,59c97bfc67d1269a83bd7f66c243857a1c47e3c9,188,0.0,9.330476987918244,58.48004319187657,58.38297450690038,1,True
eaa4a95139f65c30,2021.06.08.16.31.33_veh-38_01589_02072,70,idm,170,,0.0,9.455427111419173,58.38631188272113,58.208985437663394,1,172,,0.0,9.455427111419173,58.38631188272113,58.208985437663394,1,170,cheap,0.0,9.455427111419173,58.38631188272113,58.208985437663394,1,171,,0.0,9.455427111419173,58.38631188272113,58.208985437663394,1,167,,0.0,9.455427111419173,58.38631188272113,58.208985437663394,1,167,full_s1,0.0,9.455427111419173,58.38631188272113,58.208985437663394,1,169,,0.0,9.455427111419173,58.38631188272113,58.208985437663394,1,d9d500bc23d36264902a1b179a9fd84677b68006,191,0.0,9.455427111419173,58.38631188272113,58.208985437663394,1,True
eaa4a95139f65c30,2021.06.08.16.31.33_veh-38_01589_02072,83,idm,172,,0.0,9.392059269639077,58.25627381233286,57.61468205413092,1,179,,0.0,9.392059269639077,58.25627381233286,57.61468205413092,1,172,cheap,0.0,9.392059269639077,58.25627381233286,57.61468205413092,1,175,,0.0,9.392059269639077,58.25627381233286,57.61468205413092,1,172,,0.0,9.392059269639077,58.25627381233286,57.61468205413092,1,171,,0.0,9.392059269639077,58.25627381233286,57.61468205413092,1,175,,0.0,9.392059269639077,58.25627381233286,57.61468205413092,1,1109814e32752c721950e55cce8ecf54a18c5218,196,0.0,9.392059269639077,58.25627381233286,57.61468205413092,1,True
eaa4a95139f65c30,2021.06.08.16.31.33_veh-38_01589_02072,96,idm,182,,0.0,9.411556044420617,57.9893527968873,56.599644278624325,1,187,,0.0,9.411556044420617,57.9893527968873,56.599644278624325,1,180,,0.0,9.411556044420617,57.9893527968873,56.599644278624325,1,183,,0.0,9.411556044420617,57.9893527968873,56.599644278624325,1,179,,0.0,9.411556044420617,57.9893527968873,56.599644278624325,1,180,,0.0,9.411556044420617,57.9893527968873,56.599644278624325,1,183,,0.0,9.411556044420617,57.9893527968873,56.599644278624325,1,73ce073efb60986133e829d7616f04b2b645959b,204,0.0,9.411556044420617,57.9893527968873,56.599644278624325,1,True
eaa4a95139f65c30,2021.06.08.16.31.33_veh-38_01589_02072,110,idm,197,,0.0,9.343949005279606,57.44210219045486,55.015352223335654,1,200,,0.0,9.343949005279606,57.44210219045486,55.015352223335654,1,196,,0.0,9.343949005279606,57.44210219045486,55.015352223335654,1,197,,0.0,9.343949005279606,57.44210219045486,55.015352223335654,1,194,,0.0,9.343949005279606,57.44210219045486,55.015352223335654,1,195,,0.0,9.343949005279606,57.44210219045486,55.015352223335654,1,197,,0.0,9.343949005279606,57.44210219045486,55.015352223335654,1,e441ed1a325d5e64a086b4b2647d53791de973b5,218,0.0,9.343949005279606,57.44210219045486,55.015352223335654,1,True
eaa4a95139f65c30,2021.06.08.16.31.33_veh-38_01589_02072,123,idm,199,,0.0,9.2580073323162,56.59828642446949,52.94978270819105,1,208,,0.0,9.2580073323162,56.59828642446949,52.94978270819105,1,199,,0.0,9.2580073323162,56.59828642446949,52.94978270819105,1,208,,0.0,9.2580073323162,56.59828642446949,52.94978270819105,1,199,,0.0,9.2580073323162,56.59828642446949,52.94978270819105,1,198,,0.0,9.2580073323162,56.59828642446949,52.94978270819105,1,204,,0.0,9.2580073323162,56.59828642446949,52.94978270819105,1,cac233b0d8706e06075af101350cd1d3cdcc3599,224,0.0,9.2580073323162,56.59828642446949,52.94978270819105,1,True
eaa4a95139f65c30,2021.06.08.16.31.33_veh-38_01589_02072,136,idm,191,,0.0,9.283193489927752,55.345222626290564,50.36937140958979,1,201,,0.0,9.283193489927752,55.345222626290564,50.36937140958979,1,191,cheap,0.0,9.283193489927752,55.345222626290564,50.36937140958979,1,199,,0.0,9.283193489927752,55.345222626290564,50.36937140958979,1,189,,0.0,9.283193489927752,55.345222626290564,50.36937140958979,1,190,,0.0,9.283193489927752,55.345222626290564,50.36937140958979,1,199,,0.0,9.283193489927752,55.345222626290564,50.36937140958979,1,a43e8e33ffdeccf5a327203d1cc72d7413130f7c,217,0.0,9.283193489927752,55.345222626290564,50.36937140958979,1,True
eaa4a95139f65c30,2021.06.08.16.31.33_veh-38_01589_02072,149,idm,198,,0.0,9.415631981272712,53.63792358859291,47.46453996713388,1,201,,0.0,9.415631981272712,53.63792358859291,47.46453996713388,1,197,,0.0,9.415631981272712,53.63792358859291,47.46453996713388,1,200,,0.0,9.415631981272712,53.63792358859291,47.46453996713388,1,196,,0.0,9.415631981272712,53.63792358859291,47.46453996713388,1,198,,0.0,9.415631981272712,53.63792358859291,47.46453996713388,1,199,,0.0,9.415631981272712,53.63792358859291,47.46453996713388,1,9124450c65ec3ad2cf2610092aea44dff59ba169,222,0.0,9.415631981272712,53.63792358859291,47.46453996713388,1,True
eaa4a95139f65c30,2021.06.08.16.31.33_veh-38_01589_02072,163,idm,206,,0.0,9.836742558557209,51.34803346426321,44.20627363152826,1,210,,0.0,9.836742558557209,51.34803346426321,44.20627363152826,1,206,cheap,0.0,9.836742558557209,51.34803346426321,44.20627363152826,1,208,,0.0,9.836742558557209,51.34803346426321,44.20627363152826,1,207,,0.0,9.836742558557209,51.34803346426321,44.20627363152826,1,205,,0.0,9.836742558557209,51.34803346426321,44.20627363152826,1,209,,0.0,9.836742558557209,51.34803346426321,44.20627363152826,1,e5c13a3e2bc2f7ffdb46b1c9742cb3ab73990591,233,0.0,9.836742558557209,51.34803346426321,44.20627363152826,1,True
eaa4a95139f65c30,2021.06.08.16.31.33_veh-38_01589_02072,176,idm,210,,0.0,9.11621741259185,48.860956679019615,41.04880635873951,1,221,,0.0,9.11621741259185,48.860956679019615,41.04880635873951,1,209,,0.0,9.11621741259185,48.860956679019615,41.04880635873951,1,217,,0.0,9.11621741259185,48.860956679019615,41.04880635873951,1,208,,0.0,9.11621741259185,48.860956679019615,41.04880635873951,1,208,,0.0,9.11621741259185,48.860956679019615,41.04880635873951,1,218,,0.0,9.11621741259185,48.860956679019615,41.04880635873951,1,17fc77401f37e55dffbd1b034669f4b62b77fffb,235,0.0,9.11621741259185,48.860956679019615,41.04880635873951,1,True
eaa4a95139f65c30,2021.06.08.16.31.33_veh-38_01589_02072,189,idm,215,,0.0,7.501725457635497,46.08815808545439,37.746278377847325,1,222,,0.0,7.501725457635497,46.08815808545439,37.746278377847325,1,215,cheap,0.0,7.501725457635497,46.08815808545439,37.746278377847325,1,218,,0.0,7.501725457635497,46.08815808545439,37.746278377847325,1,218,,0.0,7.501725457635497,46.08815808545439,37.746278377847325,1,214,,0.0,7.501725457635497,46.08815808545439,37.746278377847325,1,220,,0.0,7.501725457635497,46.08815808545439,37.746278377847325,1,8775fef9a6423e76f945c52922398f2f84312d84,236,0.0,7.501725457635497,46.08815808545439,37.746278377847325,1,True
eaa4a95139f65c30,2021.06.08.16.31.33_veh-38_01589_02072,202,idm,216,,0.0,6.378565514432122,43.1115289865582,34.24812782460603,1,217,,0.0,6.378565514432122,43.1115289865582,34.24812782460603,1,215,,0.0,6.378565514432122,43.1115289865582,34.24812782460603,1,217,,0.0,6.378565514432122,43.1115289865582,34.24812782460603,1,216,,0.0,6.378565514432122,43.1115289865582,34.24812782460603,1,216,,0.0,6.378565514432122,43.1115289865582,34.24812782460603,1,217,,0.0,6.378565514432122,43.1115289865582,34.24812782460603,1,0444aa81887183bf83423e824fa50226e977edf7,237,0.0,6.378565514432122,43.1115289865582,34.24812782460603,1,True
eaa4a95139f65c30,2021.06.08.16.31.33_veh-38_01589_02072,216,idm,224,,0.0,5.283460171864849,39.714507396327804,30.216820974164253,1,226,,0.0,5.283460171864849,39.714507396327804,30.216820974164253,1,224,cheap,0.0,5.283460171864849,39.714507396327804,30.216820974164253,1,226,full,0.0,5.283460171864849,39.714507396327804,30.216820974164253,1,223,,0.0,5.283460171864849,39.714507396327804,30.216820974164253,1,222,,0.0,5.283460171864849,39.714507396327804,30.216820974164253,1,224,,0.0,5.283460171864849,39.714507396327804,30.216820974164253,1,a2facd7af43f035e19e3d71e45d1a8af41ca2b24,240,0.0,5.283460171864849,39.714507396327804,30.216820974164253,1,True
eaa4a95139f65c30,2021.06.08.16.31.33_veh-38_01589_02072,229,idm,233,,0.0,3.889110064713356,36.2948541295586,26.263920563567932,1,237,,0.0,3.889110064713356,36.2948541295586,26.263920563567932,1,231,,0.0,3.889110064713356,36.2948541295586,26.263920563567932,1,235,,0.0,3.889110064713356,36.2948541295586,26.263920563567932,1,232,,0.0,3.889110064713356,36.2948541295586,26.263920563567932,1,232,,0.0,3.889110064713356,36.2948541295586,26.263920563567932,1,237,,0.0,3.889110064713356,36.2948541295586,26.263920563567932,1,095b3a32db510d1ba62e47fd8dccc987a5f65c97,246,0.0,3.889110064713356,36.2948541295586,26.263920563567932,1,True
eaa4a95139f65c30,2021.06.08.16.31.33_veh-38_01589_02072,242,idm,245,,0.0,3.515408580688717,32.693168482937764,22.244993613135122,1,244,,0.0,3.515408580688717,32.693168482937764,22.244993613135122,1,244,,0.0,3.515408580688717,32.693168482937764,22.244993613135122,1,244,full,0.0,3.515408580688717,32.693168482937764,22.244993613135122,1,240,,0.0,3.515408580688717,32.693168482937764,22.244993613135122,1,243,,0.0,3.515408580688717,32.693168482937764,22.244993613135122,1,244,,0.0,3.515408580688717,32.693168482937764,22.244993613135122,1,401603b86dac3ed83c4fe2d53c4b2844cbe22ed0,257,0.0,3.515408580688717,32.693168482937764,22.244993613135122,1,True
eaa4a95139f65c30,2021.06.08.16.31.33_veh-38_01589_02072,255,idm,257,,0.0,3.160337244887079,28.97594465094363,18.39719604764872,1,260,,0.0,3.160337244887079,28.97594465094363,18.39719604764872,1,255,,0.0,3.160337244887079,28.97594465094363,18.39719604764872,1,259,,0.0,3.160337244887079,28.97594465094363,18.39719604764872,1,254,,0.0,3.160337244887079,28.97594465094363,18.39719604764872,1,255,,0.0,3.160337244887079,28.97594465094363,18.39719604764872,1,256,,0.0,3.160337244887079,28.97594465094363,18.39719604764872,1,05b7bf391e5a2e4d2f0942d823900ae5ce17f539,268,0.0,3.160337244887079,28.97594465094363,18.39719604764872,1,True
eaa4a95139f65c30,2021.06.08.16.31.33_veh-38_01589_02072,269,idm,279,,0.0,2.6548585198205115,24.93530330178028,14.567471059930478,1,280,,0.0,2.6548585198205115,24.93530330178028,14.567471059930478,1,279,,0.0,2.6548585198205115,24.93530330178028,14.567471059930478,1,280,full,0.0,2.6548585198205115,24.93530330178028,14.567471059930478,1,277,,0.0,2.6548585198205115,24.93530330178028,14.567471059930478,1,278,,0.0,2.6548585198205115,24.93530330178028,14.567471059930478,1,278,,0.0,2.6548585198205115,24.93530330178028,14.567471059930478,1,f24ff4862bca9913b9dbac5494622c94c542006d,289,0.0,2.6548585198205115,24.93530330178028,14.567471059930478,1,True
eaa4a95139f65c30,2021.06.08.16.31.33_veh-38_01589_02072,282,idm,291,,0.0,2.072780683205215,21.26187780871035,11.355423843089978,1,293,,0.0,2.072780683205215,21.26187780871035,11.355423843089978,1,291,cheap,0.0,2.072780683205215,21.26187780871035,11.355423843089978,1,293,full,0.0,2.072780683205215,21.26187780871035,11.355423843089978,1,290,,0.0,2.072780683205215,21.26187780871035,11.355423843089978,1,290,,0.0,2.072780683205215,21.26187780871035,11.355423843089978,1,291,,0.0,2.072780683205215,21.26187780871035,11.355423843089978,1,de03c33f865d3bc7eb4610c5464b2b0a068acf96,299,0.0,2.072780683205215,21.26187780871035,11.355423843089978,1,True
eaa4a95139f65c30,2021.06.08.16.31.33_veh-38_01589_02072,295,idm,307,,0.0,2.0280982517970436,17.69041577186797,8.38206964136742,1,308,,0.0,2.0280982517970436,17.69041577186797,8.38206964136742,1,306,,0.0,2.0280982517970436,17.69041577186797,8.38206964136742,1,307,,0.0,2.0280982517970436,17.69041577186797,8.38206964136742,1,307,,0.0,2.0280982517970436,17.69041577186797,8.38206964136742,1,307,,0.0,2.0280982517970436,17.69041577186797,8.38206964136742,1,308,,0.0,2.0280982517970436,17.69041577186797,8.38206964136742,1,0807259e260e54cde4a7c55780d093f25a3e4d99,316,0.0,2.0280982517970436,17.69041577186797,8.38206964136742,1,True
eaa4a95139f65c30,2021.06.08.16.31.33_veh-38_01589_02072,309,idm,338,,0.0,3.4303782006388555,13.896822670625735,5.296666252287484,1,342,,0.0,3.4303782006388555,13.896822670625735,5.296666252287484,1,338,cheap,0.0,3.4303782006388555,13.896822670625735,5.296666252287484,1,338,,0.0,3.4303782006388555,13.896822670625735,5.296666252287484,1,337,,0.0,3.4303782006388555,13.896822670625735,5.296666252287484,1,338,,0.0,3.4303782006388555,13.896822670625735,5.296666252287484,1,342,,0.0,3.4303782006388555,13.896822670625735,5.296666252287484,1,4fa5de85af4275da7adfb5a361edd1b57e8039ac,345,0.0,3.4303782006388555,13.896822670625735,5.296666252287484,1,True
eedf395db7ee57f0,2021.06.09.14.58.55_veh-35_01894_02311,4,idm,110,,0.0,1.094676388111312,0.42605566723232036,0.42731170171549215,1,112,,0.0,1.094676388111312,0.42605566723232036,0.42731170171549215,1,110,cheap,0.0,1.094676388111312,0.42605566723232036,0.42731170171549215,1,111,,0.0,1.094676388111312,0.42605566723232036,0.42731170171549215,1,111,,0.0,1.094676388111312,0.42605566723232036,0.42731170171549215,1,110,,0.0,1.094676388111312,0.42605566723232036,0.42731170171549215,1,112,,0.0,1.094676388111312,0.42605566723232036,0.42731170171549215,1,5d4c05fe5b7e5055e3d8fb68272bc2530c5fea7f,113,0.0,1.094676388111312,0.42605566723232036,0.42731170171549215,1,True
eedf395db7ee57f0,2021.06.09.14.58.55_veh-35_01894_02311,17,idm,111,,0.0,1.1074422136320672,0.4260035401916261,0.4268073609673682,1,112,,0.0,1.1074422136320672,0.4260035401916261,0.4268073609673682,1,110,,0.0,1.1074422136320672,0.4260035401916261,0.4268073609673682,1,111,reference,0.0,1.1074422136320672,0.4260035401916261,0.4268073609673682,1,109,,0.0,1.1074422136320672,0.4260035401916261,0.4268073609673682,1,110,,0.0,1.1074422136320672,0.4260035401916261,0.4268073609673682,1,112,,0.0,1.1074422136320672,0.4260035401916261,0.4268073609673682,1,a9bae2e53a5b913caa2d608111e9867e250ebfa0,111,0.0,1.1074422136320672,0.4260035401916261,0.4268073609673682,1,True
eedf395db7ee57f0,2021.06.09.14.58.55_veh-35_01894_02311,30,idm,109,,0.0,1.1161053565971535,0.4261169767711005,0.42667774970288697,1,110,reference,0.0,1.1161053565971535,0.4261169767711005,0.42667774970288697,1,108,,0.0,1.1161053565971535,0.4261169767711005,0.42667774970288697,1,110,reference,0.0,1.1161053565971535,0.4261169767711005,0.42667774970288697,1,109,,0.0,1.1161053565971535,0.4261169767711005,0.42667774970288697,1,109,,0.0,1.1161053565971535,0.4261169767711005,0.42667774970288697,1,110,,0.0,1.1161053565971535,0.4261169767711005,0.42667774970288697,1,7d50f5092d45b87b88404fe7af2c11ff7ff58ebf,110,0.0,1.1161053565971535,0.4261169767711005,0.42667774970288697,1,True
eedf395db7ee57f0,2021.06.09.14.58.55_veh-35_01894_02311,43,idm,106,,0.0,1.1209744728338786,0.4262414892619756,0.4266482009488705,1,109,,0.0,1.1209744728338786,0.4262414892619756,0.4266482009488705,1,106,,0.0,1.1209744728338786,0.4262414892619756,0.4266482009488705,1,108,,0.0,1.1209744728338786,0.4262414892619756,0.4266482009488705,1,108,full_nofp,0.0,1.1209744728338786,0.4262414892619756,0.4266482009488705,1,106,cheap,0.0,1.1209744728338786,0.4262414892619756,0.4266482009488705,1,109,full,0.0,1.1209744728338786,0.4262414892619756,0.4266482009488705,1,94c6a4e35feae8f8272416c552d68e5a74dc2c83,108,0.0,1.1209744728338786,0.4262414892619756,0.4266482009488705,1,True
eedf395db7ee57f0,2021.06.09.14.58.55_veh-35_01894_02311,57,idm,109,,0.0,1.120007866882994,0.4263540167444364,0.42669907359463854,1,110,reference,0.0,1.120007866882994,0.4263540167444364,0.42669907359463854,1,109,,0.0,1.120007866882994,0.4263540167444364,0.42669907359463854,1,110,reference,0.0,1.120007866882994,0.4263540167444364,0.42669907359463854,1,109,,0.0,1.120007866882994,0.4263540167444364,0.42669907359463854,1,108,,0.0,1.120007866882994,0.4263540167444364,0.42669907359463854,1,110,reference,0.0,1.120007866882994,0.4263540167444364,0.42669907359463854,1,31ef2a4ad926b78d9e95ec500e34075b16233078,110,0.0,1.120007866882994,0.4263540167444364,0.42669907359463854,1,True
eedf395db7ee57f0,2021.06.09.14.58.55_veh-35_01894_02311,70,idm,107,,0.0,1.1201208425460576,0.4264576664187276,0.4266310960998187,1,108,reference,0.0,1.1201208425460576,0.4264576664187276,0.4266310960998187,1,107,cheap,0.0,1.1201208425460576,0.4264576664187276,0.4266310960998187,1,108,reference,0.0,1.1201208425460576,0.4264576664187276,0.4266310960998187,1,107,,0.0,1.1201208425460576,0.4264576664187276,0.4266310960998187,1,105,,0.0,1.1201208425460576,0.4264576664187276,0.4266310960998187,1,108,,0.0,1.1201208425460576,0.4264576664187276,0.4266310960998187,1,49b577de3a3831ef7e06a50d1062fb146e6d6640,108,0.0,1.1201208425460576,0.4264576664187276,0.4266310960998187,1,True
eedf395db7ee57f0,2021.06.09.14.58.55_veh-35_01894_02311,83,idm,105,,0.0,1.1274211019614635,0.42650576159897213,0.42667492201017804,1,108,,0.0,1.1274211019614635,0.42650576159897213,0.42667492201017804,1,105,cheap,0.0,1.1274211019614635,0.42650576159897213,0.42667492201017804,1,108,full,0.0,1.1274211019614635,0.42650576159897213,0.42667492201017804,1,107,,0.0,1.1274211019614635,0.42650576159897213,0.42667492201017804,1,105,,0.0,1.1274211019614635,0.42650576159897213,0.42667492201017804,1,107,,0.0,1.1274211019614635,0.42650576159897213,0.42667492201017804,1,148959fd397ba255bc063eede5a7d67a8433f0cd,109,0.0,1.1274211019614635,0.42650576159897213,0.42667492201017804,1,True
eedf395db7ee57f0,2021.06.09.14.58.55_veh-35_01894_02311,97,idm,104,,0.0,1.1318459703320958,0.42660498511574496,0.42673442832795977,1,106,,0.0,1.1318459703320958,0.42660498511574496,0.42673442832795977,1,104,cheap,0.0,1.1318459703320958,0.42660498511574496,0.42673442832795977,1,106,full,0.0,1.1318459703320958,0.42660498511574496,0.42673442832795977,1,105,,0.0,1.1318459703320958,0.42660498511574496,0.42673442832795977,1,102,,0.0,1.1318459703320958,0.42660498511574496,0.42673442832795977,1,104,,0.0,1.1318459703320958,0.42660498511574496,0.42673442832795977,1,38ed0cef85726a1836abe9606a3a15bf68eddf05,109,0.0,1.1318459703320958,0.42660498511574496,0.42673442832795977,1,True
eedf395db7ee57f0,2021.06.09.14.58.55_veh-35_01894_02311,110,idm,106,,0.0,1.1315071993460215,0.42665550096934907,0.42674290137072896,1,112,,0.0,1.1315071993460215,0.42665550096934907,0.42674290137072896,1,106,,0.0,1.1315071993460215,0.42665550096934907,0.42674290137072896,1,112,full,0.0,1.1315071993460215,0.42665550096934907,0.42674290137072896,1,110,,0.0,1.1315071993460215,0.42665550096934907,0.42674290137072896,1,106,,0.0,1.1315071993460215,0.42665550096934907,0.42674290137072896,1,111,,0.0,1.1315071993460215,0.42665550096934907,0.42674290137072896,1,6c623d075b5cae65bd51ce1ec6b29e59a22d6c57,113,0.0,1.1315071993460215,0.42665550096934907,0.42674290137072896,1,True
eedf395db7ee57f0,2021.06.09.14.58.55_veh-35_01894_02311,123,idm,110,,0.0,1.1354147373838999,0.4266492527468253,0.42668879079881944,1,113,,0.0,1.1354147373838999,0.4266492527468253,0.42668879079881944,1,110,,0.0,1.1354147373838999,0.4266492527468253,0.42668879079881944,1,113,full,0.0,1.1354147373838999,0.4266492527468253,0.42668879079881944,1,112,,0.0,1.1354147373838999,0.4266492527468253,0.42668879079881944,1,109,,0.0,1.1354147373838999,0.4266492527468253,0.42668879079881944,1,112,,0.0,1.1354147373838999,0.4266492527468253,0.42668879079881944,1,3159b994cfc60cfe38dfed97626462589a00e994,113,0.0,1.1354147373838999,0.4266492527468253,0.42668879079881944,1,True
eedf395db7ee57f0,2021.06.09.14.58.55_veh-35_01894_02311,137,idm,110,,0.0,1.1354074583914937,0.42669550526340805,0.4267707008174794,1,110,,0.0,1.1354074583914937,0.42669550526340805,0.4267707008174794,1,110,,0.0,1.1354074583914937,0.42669550526340805,0.4267707008174794,1,110,,0.0,1.1354074583914937,0.42669550526340805,0.4267707008174794,1,110,,0.0,1.1354074583914937,0.42669550526340805,0.4267707008174794,1,109,,0.0,1.1354074583914937,0.42669550526340805,0.4267707008174794,1,109,,0.0,1.1354074583914937,0.42669550526340805,0.4267707008174794,1,3ee9fc4c44bd261b344944f317bf769f465b299a,113,0.0,1.1354074583914937,0.42669550526340805,0.4267707008174794,1,True
eedf395db7ee57f0,2021.06.09.14.58.55_veh-35_01894_02311,150,idm,107,,0.0,1.131511084679562,0.42673214268431103,0.4267828984827849,1,112,,0.0,1.131511084679562,0.42673214268431103,0.4267828984827849,1,107,cheap,0.0,1.131511084679562,0.42673214268431103,0.4267828984827849,1,110,,0.0,1.131511084679562,0.42673214268431103,0.4267828984827849,1,108,,0.0,1.131511084679562,0.42673214268431103,0.4267828984827849,1,107,,0.0,1.131511084679562,0.42673214268431103,0.4267828984827849,1,112,,0.0,1.131511084679562,0.42673214268431103,0.4267828984827849,1,0c4bc288cc5e18e306ade6b576f5f4482c95f3f6,113,0.0,1.131511084679562,0.42673214268431103,0.4267828984827849,1,True
eedf395db7ee57f0,2021.06.09.14.58.55_veh-35_01894_02311,163,idm,107,,0.0,1.1312112283293094,0.42672241492294793,0.4267056309092976,1,110,,0.0,1.1312112283293094,0.42672241492294793,0.4267056309092976,1,107,,0.0,1.1312112283293094,0.42672241492294793,0.4267056309092976,1,110,,0.0,1.1312112283293094,0.42672241492294793,0.4267056309092976,1,110,full_nofp,0.0,1.1312112283293094,0.42672241492294793,0.4267056309092976,1,107,,0.0,1.1312112283293094,0.42672241492294793,0.4267056309092976,1,110,,0.0,1.1312112283293094,0.42672241492294793,0.4267056309092976,1,8b7443a4fb866ad298b502f1452d439aefff98c3,112,0.0,1.1312112283293094,0.42672241492294793,0.4267056309092976,1,True
eedf395db7ee57f0,2021.06.09.14.58.55_veh-35_01894_02311,176,idm,108,,0.0,1.1333191459840741,0.4267253691104699,0.4267525101120736,1,110,,0.0,1.1333191459840741,0.4267253691104699,0.4267525101120736,1,108,cheap,0.0,1.1333191459840741,0.4267253691104699,0.4267525101120736,1,110,,0.0,1.1333191459840741,0.4267253691104699,0.4267525101120736,1,110,,0.0,1.1333191459840741,0.4267253691104699,0.4267525101120736,1,108,,0.0,1.1333191459840741,0.4267253691104699,0.4267525101120736,1,110,,0.0,1.1333191459840741,0.4267253691104699,0.4267525101120736,1,5044bab966e625b21b051c6c4f91b0cf25a9cbc8,113,0.0,1.1333191459840741,0.4267253691104699,0.4267525101120736,1,True
eedf395db7ee57f0,2021.06.09.14.58.55_veh-35_01894_02311,190,idm,110,,0.0,1.1303882272168038,0.42676464058453295,0.4268461254671806,1,111,,0.0,1.1303882272168038,0.42676464058453295,0.4268461254671806,1,109,,0.0,1.1303882272168038,0.42676464058453295,0.4268461254671806,1,111,full,0.0,1.1303882272168038,0.42676464058453295,0.4268461254671806,1,111,full,0.0,1.1303882272168038,0.42676464058453295,0.4268461254671806,1,110,cheap,0.0,1.1303882272168038,0.42676464058453295,0.4268461254671806,1,111,full,0.0,1.1303882272168038,0.42676464058453295,0.4268461254671806,1,5a5766f31d14e073d9ddc2e3bc20c4c59977be2e,112,0.0,1.1303882272168038,0.42676464058453295,0.4268461254671806,1,True
eedf395db7ee57f0,2021.06.09.14.58.55_veh-35_01894_02311,203,idm,109,,0.0,1.1275561405735908,0.42676014781008076,0.42676091839252805,1,111,,0.0,1.1275561405735908,0.42676014781008076,0.42676091839252805,1,109,cheap,0.0,1.1275561405735908,0.42676014781008076,0.42676091839252805,1,111,full,0.0,1.1275561405735908,0.42676014781008076,0.42676091839252805,1,111,full,0.0,1.1275561405735908,0.42676014781008076,0.42676091839252805,1,108,,0.0,1.1275561405735908,0.42676014781008076,0.42676091839252805,1,111,full,0.0,1.1275561405735908,0.42676014781008076,0.42676091839252805,1,e766e34bb172ab831b27f244c692424ae6cc704c,111,0.0,1.1275561405735908,0.42676014781008076,0.42676091839252805,1,True
eedf395db7ee57f0,2021.06.09.14.58.55_veh-35_01894_02311,216,idm,111,,0.0,1.1251611082044986,0.42674719606693456,0.42674169246153904,1,114,reference,0.0,1.1251611082044986,0.42674719606693456,0.42674169246153904,1,111,cheap,0.0,1.1251611082044986,0.42674719606693456,0.42674169246153904,1,114,reference,0.0,1.1251611082044986,0.42674719606693456,0.42674169246153904,1,113,,0.0,1.1251611082044986,0.42674719606693456,0.42674169246153904,1,111,cheap,0.0,1.1251611082044986,0.42674719606693456,0.42674169246153904,1,114,reference,0.0,1.1251611082044986,0.42674719606693456,0.42674169246153904,1,e6e96a950e503c3153c2c724123dbf134f97fcb5,114,0.0,1.1251611082044986,0.42674719606693456,0.42674169246153904,1,True
eedf395db7ee57f0,2021.06.09.14.58.55_veh-35_01894_02311,230,idm,110,,0.0,1.13038904037252,0.4267683362127861,0.426803984269895,1,113,,0.0,1.13038904037252,0.4267683362127861,0.426803984269895,1,109,,0.0,1.13038904037252,0.4267683362127861,0.426803984269895,1,113,reference,0.0,1.13038904037252,0.4267683362127861,0.426803984269895,1,112,,0.0,1.13038904037252,0.4267683362127861,0.426803984269895,1,110,,0.0,1.13038904037252,0.4267683362127861,0.426803984269895,1,113,,0.0,1.13038904037252,0.4267683362127861,0.426803984269895,1,6fd59217c06e1c0c96177727961688c7c9007cb1,113,0.0,1.13038904037252,0.4267683362127861,0.426803984269895,1,True
eedf395db7ee57f0,2021.06.09.14.58.55_veh-35_01894_02311,243,idm,115,,0.0,1.1258206483394932,0.42676327236938477,0.42672723011304586,1,117,,0.0,1.1258206483394932,0.42676327236938477,0.42672723011304586,1,114,,0.0,1.1258206483394932,0.42676327236938477,0.42672723011304586,1,117,,0.0,1.1258206483394932,0.42676327236938477,0.42672723011304586,1,117,full,0.0,1.1258206483394932,0.42676327236938477,0.42672723011304586,1,115,,0.0,1.1258206483394932,0.42676327236938477,0.42672723011304586,1,117,,0.0,1.1258206483394932,0.42676327236938477,0.42672723011304586,1,b06df6e4fe628a5db08522d7e74b98e97d75cb1c,119,0.0,1.1258206483394932,0.42676327236938477,0.42672723011304586,1,True
eedf395db7ee57f0,2021.06.09.14.58.55_veh-35_01894_02311,256,idm,109,,0.0,1.1251611770777004,0.426756670121445,0.4267488257843919,1,108,,0.0,1.1251611770777004,0.426756670121445,0.4267488257843919,1,108,,0.0,1.1251611770777004,0.426756670121445,0.4267488257843919,1,108,full,0.0,1.1251611770777004,0.426756670121445,0.4267488257843919,1,108,cheap_nofp,0.0,1.1251611770777004,0.426756670121445,0.4267488257843919,1,109,,0.0,1.1251611770777004,0.426756670121445,0.4267488257843919,1,108,cheap_nofp,0.0,1.1251611770777004,0.426756670121445,0.4267488257843919,1,c44642d305861c1e0c9f0a463540e43eff450571,113,0.0,1.1251611770777004,0.426756670121445,0.4267488257843919,1,True
eedf395db7ee57f0,2021.06.09.14.58.55_veh-35_01894_02311,270,idm,105,,0.0,1.1240189958161084,0.4267534235199497,0.4267791271639377,1,108,,0.0,1.1240189958161084,0.4267534235199497,0.4267791271639377,1,104,,0.0,1.1240189958161084,0.4267534235199497,0.4267791271639377,1,107,,0.0,1.1240189958161084,0.4267534235199497,0.4267791271639377,1,108,,0.0,1.1240189958161084,0.4267534235199497,0.4267791271639377,1,105,,0.0,1.1240189958161084,0.4267534235199497,0.4267791271639377,1,108,full,0.0,1.1240189958161084,0.4267534235199497,0.4267791271639377,1,87bbf2c4b9985c5016d73e18449f8027fd3c3363,108,0.0,1.1240189958161084,0.4267534235199497,0.4267791271639377,1,True
eedf395db7ee57f0,2021.06.09.14.58.55_veh-35_01894_02311,283,idm,102,,0.0,1.1258216929903584,0.4267613612659779,0.42680772838415965,1,106,,0.0,1.1258216929903584,0.4267613612659779,0.42680772838415965,1,100,,0.0,1.1258216929903584,0.4267613612659779,0.42680772838415965,1,105,,0.0,1.1258216929903584,0.4267613612659779,0.42680772838415965,1,105,,0.0,1.1258216929903584,0.4267613612659779,0.42680772838415965,1,102,cheap,0.0,1.1258216929903584,0.4267613612659779,0.42680772838415965,1,106,,0.0,1.1258216929903584,0.4267613612659779,0.42680772838415965,1,f77e870a6aca2b94b7a313d4aadf88f831e834d7,108,0.0,1.1258216929903584,0.4267613612659779,0.42680772838415965,1,True
eedf395db7ee57f0,2021.06.09.14.58.55_veh-35_01894_02311,296,idm,104,,0.0,1.1265622944757478,0.42676166338239707,0.42677364167438125,1,108,,0.0,1.1265622944757478,0.42676166338239707,0.42677364167438125,1,102,,0.0,1.1265622944757478,0.42676166338239707,0.42677364167438125,1,106,,0.0,1.1265622944757478,0.42676166338239707,0.42677364167438125,1,107,,0.0,1.1265622944757478,0.42676166338239707,0.42677364167438125,1,104,,0.0,1.1265622944757478,0.42676166338239707,0.42677364167438125,1,107,,0.0,1.1265622944757478,0.42676166338239707,0.42677364167438125,1,b695d5dc92eb5d3aab7eb83ea337177eb8d7d1b9,108,0.0,1.1265622944757478,0.42676166338239707,0.42677364167438125,1,True
eedf395db7ee57f0,2021.06.09.14.58.55_veh-35_01894_02311,310,idm,137,,0.0,1.124020016294319,0.42674751671520234,0.4267180764791771,1,138,,0.0,1.124020016294319,0.42674751671520234,0.4267180764791771,1,135,,0.0,1.124020016294319,0.42674751671520234,0.4267180764791771,1,137,,0.0,1.124020016294319,0.42674751671520234,0.4267180764791771,1,138,,0.0,1.124020016294319,0.42674751671520234,0.4267180764791771,1,136,,0.0,1.124020016294319,0.42674751671520234,0.4267180764791771,1,138,full,0.0,1.124020016294319,0.42674751671520234,0.4267180764791771,1,b57cd8b6b646e705cec0fa51fdbd024ac541c3ee,140,0.0,1.124020016294319,0.42674751671520234,0.4267180764791771,1,True
f3175db319a15a85,2021.08.17.17.17.01_veh-45_02314_02798,4,idm,33,,0.0,0.24517509589853811,1.7174485533455832,3.8763357670517538,1,39,,0.0,0.24517509589853811,1.7174485533455832,3.8763357670517538,1,32,,0.0,0.24517509589853811,1.7174485533455832,3.8763357670517538,1,35,,0.0,0.24517509589853811,1.7174485533455832,3.8763357670517538,1,34,,0.0,0.24517509589853811,1.7174485533455832,3.8763357670517538,1,33,,0.0,0.24517509589853811,1.7174485533455832,3.8763357670517538,1,39,,0.0,0.24517509589853811,1.7174485533455832,3.8763357670517538,1,96dacb5a430f5c0f1c5239e781bf0af3b0e43db1,37,0.0,0.24517509589853811,1.7174485533455832,3.8763357670517538,1,True
f3175db319a15a85,2021.08.17.17.17.01_veh-45_02314_02798,17,idm,31,,0.0,0.49726449923162247,2.356319930213523,4.128474793788434,1,33,,0.0,0.49726449923162247,2.356319930213523,4.128474793788434,1,31,cheap,0.0,0.49726449923162247,2.356319930213523,4.128474793788434,1,31,,0.0,0.49726449923162247,2.356319930213523,4.128474793788434,1,32,,0.0,0.49726449923162247,2.356319930213523,4.128474793788434,1,31,cheap,0.0,0.49726449923162247,2.356319930213523,4.128474793788434,1,33,,0.0,0.49726449923162247,2.356319930213523,4.128474793788434,1,d0725f5ae896bc148638d976566162feea03df88,36,0.0,0.49726449923162247,2.356319930213523,4.128474793788434,1,True
f3175db319a15a85,2021.08.17.17.17.01_veh-45_02314_02798,30,idm,34,,0.0,3.113464828862709,2.8947024873876663,4.034332891679996,1,37,,0.0,3.113464828862709,2.8947024873876663,4.034332891679996,1,34,cheap,0.0,3.113464828862709,2.8947024873876663,4.034332891679996,1,34,,0.0,3.113464828862709,2.8947024873876663,4.034332891679996,1,34,,0.0,3.113464828862709,2.8947024873876663,4.034332891679996,1,34,cheap,0.0,3.113464828862709,2.8947024873876663,4.034332891679996,1,37,full,0.0,3.113464828862709,2.8947024873876663,4.034332891679996,1,34e241e75fc6eb5da792f7f48265ffd9b302ea31,37,0.0,3.113464828862709,2.8947024873876663,4.034332891679996,1,True
f3175db319a15a85,2021.08.17.17.17.01_veh-45_02314_02798,43,idm,36,,0.0,4.400226965226027,3.3159021435610443,3.7918648728643647,1,37,reference,0.0,4.400226965226027,3.3159021435610443,3.7918648728643647,1,36,cheap,0.0,4.400226965226027,3.3159021435610443,3.7918648728643647,1,37,reference,0.0,4.400226965226027,3.3159021435610443,3.7918648728643647,1,37,reference,0.0,4.400226965226027,3.3159021435610443,3.7918648728643647,1,36,cheap,0.0,4.400226965226027,3.3159021435610443,3.7918648728643647,1,37,reference,0.0,4.400226965226027,3.3159021435610443,3.7918648728643647,1,1be58abe50007dd1a7c921dac564bae57c52c788,37,0.0,4.400226965226027,3.3159021435610443,3.7918648728643647,1,True
f3175db319a15a85,2021.08.17.17.17.01_veh-45_02314_02798,57,idm,39,,0.0,5.302640921570968,0.8428831720308521,2.516915642439695,1,42,,0.0,5.302640921570968,0.8428831720308521,2.516915642439695,1,39,cheap,0.0,5.302640921570968,0.8428831720308521,2.516915642439695,1,41,reference,0.0,5.302640921570968,0.8428831720308521,2.516915642439695,1,41,reference,0.0,5.302640921570968,0.8428831720308521,2.516915642439695,1,39,cheap,0.0,5.302640921570968,0.8428831720308521,2.516915642439695,1,42,,0.0,5.302640921570968,0.8428831720308521,2.516915642439695,1,aabda0ec984e9d2a0ac468f1ce4afd71d3d87af6,41,0.0,5.302640921570968,0.8428831720308521,2.516915642439695,1,True
f3175db319a15a85,2021.08.17.17.17.01_veh-45_02314_02798,70,idm,35,,0.0,5.257936327370167,1.2376892260790915,3.0444735484449352,1,39,,0.0,5.257936327370167,1.2376892260790915,3.0444735484449352,1,35,cheap,0.0,5.257936327370167,1.2376892260790915,3.0444735484449352,1,36,reference,0.0,5.257936327370167,1.2376892260790915,3.0444735484449352,1,36,reference,0.0,5.257936327370167,1.2376892260790915,3.0444735484449352,1,35,cheap,0.0,5.257936327370167,1.2376892260790915,3.0444735484449352,1,39,,0.0,5.257936327370167,1.2376892260790915,3.0444735484449352,1,3d7d5a46bb461e6027fb292c420c7887db2f336d,36,0.0,5.257936327370167,1.2376892260790915,3.0444735484449352,1,True
f3175db319a15a85,2021.08.17.17.17.01_veh-45_02314_02798,83,idm,36,reference,0.0,5.288549858365957,1.6761065606527654,2.9109932670122105,1,38,,0.0,5.288549858365957,1.6761065606527654,2.9109932670122105,1,36,reference,0.0,5.288549858365957,1.6761065606527654,2.9109932670122105,1,36,reference,0.0,5.288549858365957,1.6761065606527654,2.9109932670122105,1,36,,0.0,5.288549858365957,1.6761065606527654,2.9109932670122105,1,36,reference,0.0,5.288549858365957,1.6761065606527654,2.9109932670122105,1,38,full,0.0,5.288549858365957,1.6761065606527654,2.9109932670122105,1,a7bc50255efb6b24c3a9c24a80b00c6810919db5,36,0.0,5.288549858365957,1.6761065606527654,2.9109932670122105,1,True
f3175db319a15a85,2021.08.17.17.17.01_veh-45_02314_02798,97,idm,30,reference,0.0,5.198815126130154,2.1137668276934813,2.6971889653707293,1,31,,0.0,5.198815126130154,2.1137668276934813,2.6971889653707293,1,30,reference,0.0,5.198815126130154,2.1137668276934813,2.6971889653707293,1,30,reference,0.0,5.198815126130154,2.1137668276934813,2.6971889653707293,1,31,,0.0,5.198815126130154,2.1137668276934813,2.6971889653707293,1,30,reference,0.0,5.198815126130154,2.1137668276934813,2.6971889653707293,1,31,full,0.0,5.198815126130154,2.1137668276934813,2.6971889653707293,1,4fe5430dc445a0efd2903124cedfec4c139a24ac,30,0.0,5.198815126130154,2.1137668276934813,2.6971889653707293,1,True
f3175db319a15a85,2021.08.17.17.17.01_veh-45_02314_02798,110,idm,33,,0.0,0.41282942383578314,2.531995215073083,2.9701502266085167,1,36,,0.0,0.41282942383578314,2.531995215073083,2.9701502266085167,1,33,cheap,0.0,0.41282942383578314,2.531995215073083,2.9701502266085167,1,33,cheap,0.0,0.41282942383578314,2.531995215073083,2.9701502266085167,1,34,,0.0,0.41282942383578314,2.531995215073083,2.9701502266085167,1,33,cheap,0.0,0.41282942383578314,2.531995215073083,2.9701502266085167,1,36,full,0.0,0.41282942383578314,2.531995215073083,2.9701502266085167,1,e812cb9caca13c0a58cce36ed275527f20bf935f,33,0.0,0.41282942383578314,2.531995215073083,2.9701502266085167,1,True
f3175db319a15a85,2021.08.17.17.17.01_veh-45_02314_02798,123,idm,32,reference,0.0,0.43256654964603397,2.882175395882853,3.6527221322932673,1,35,,0.0,0.43256654964603397,2.882175395882853,3.6527221322932673,1,32,reference,0.0,0.43256654964603397,2.882175395882853,3.6527221322932673,1,32,reference,0.0,0.43256654964603397,2.882175395882853,3.6527221322932673,1,33,,0.0,0.43256654964603397,2.882175395882853,3.6527221322932673,1,32,reference,0.0,0.43256654964603397,2.882175395882853,3.6527221322932673,1,35,full,0.0,0.43256654964603397,2.882175395882853,3.6527221322932673,1,987dc8a89d65aefa7aaadb2b011b537f11079ec4,32,0.0,0.43256654964603397,2.882175395882853,3.6527221322932673,1,True
f3175db319a15a85,2021.08.17.17.17.01_veh-45_02314_02798,137,idm,31,,0.0,0.5263629480506827,3.3304322972515217,5.103715181375789,1,34,,0.0,0.5263629480506827,3.3304322972515217,5.103715181375789,1,31,cheap,0.0,0.5263629480506827,3.3304322972515217,5.103715181375789,1,32,reference,0.0,0.5263629480506827,3.3304322972515217,5.103715181375789,1,33,,0.0,0.5263629480506827,3.3304322972515217,5.103715181375789,1,31,cheap,0.0,0.5263629480506827,3.3304322972515217,5.103715181375789,1,34,full,0.0,0.5263629480506827,3.3304322972515217,5.103715181375789,1,2d2f05a182fdb79c5ea24a8430e939f81da85e43,32,0.0,0.5263629480506827,3.3304322972515217,5.103715181375789,1,True
f3175db319a15a85,2021.08.17.17.17.01_veh-45_02314_02798,150,idm,30,,0.0,0.4128294296411569,3.7908056432172663,6.530143629591346,1,33,,0.0,0.4128294296411569,3.7908056432172663,6.530143629591346,1,30,,0.0,0.4128294296411569,3.7908056432172663,6.530143629591346,1,31,reference,0.0,0.4128294296411569,3.7908056432172663,6.530143629591346,1,32,,0.0,0.4128294296411569,3.7908056432172663,6.530143629591346,1,30,cheap,0.0,0.4128294296411569,3.7908056432172663,6.530143629591346,1,33,,0.0,0.4128294296411569,3.7908056432172663,6.530143629591346,1,d6e10a978a62078398831323b1a4cdeb8c7648c7,31,0.0,0.4128294296411569,3.7908056432172663,6.530143629591346,1,True
f3175db319a15a85,2021.08.17.17.17.01_veh-45_02314_02798,163,idm,30,,0.0,0.3866607952915725,3.9542215700035417,7.384671038377911,1,34,,0.0,0.3866607952915725,3.9542215700035417,7.384671038377911,1,29,,0.0,0.3866607952915725,3.9542215700035417,7.384671038377911,1,30,reference,0.0,0.3866607952915725,3.9542215700035417,7.384671038377911,1,31,,0.0,0.3866607952915725,3.9542215700035417,7.384671038377911,1,30,cheap,0.0,0.3866607952915725,3.9542215700035417,7.384671038377911,1,34,,0.0,0.3866607952915725,3.9542215700035417,7.384671038377911,1,e4c2ea535f95ba672d10e9ad606065bf8e28af3a,30,0.0,0.3866607952915725,3.9542215700035417,7.384671038377911,1,True
f3175db319a15a85,2021.08.17.17.17.01_veh-45_02314_02798,176,idm,25,,0.0,0.42359784968672015,4.061703459435142,8.174908869851564,1,27,,0.0,0.42359784968672015,4.061703459435142,8.174908869851564,1,25,cheap,0.0,0.42359784968672015,4.061703459435142,8.174908869851564,1,27,,0.0,0.42359784968672015,4.061703459435142,8.174908869851564,1,27,,0.0,0.42359784968672015,4.061703459435142,8.174908869851564,1,25,,0.0,0.42359784968672015,4.061703459435142,8.174908869851564,1,27,,0.0,0.42359784968672015,4.061703459435142,8.174908869851564,1,710730aa41a569e21af50177bbc111733243f766,28,0.0,0.42359784968672015,4.061703459435142,8.174908869851564,1,True
f3175db319a15a85,2021.08.17.17.17.01_veh-45_02314_02798,190,idm,24,,0.0,1.1983592155398815,4.166532674741115,9.18948468367703,1,24,,0.0,1.1983592155398815,4.166532674741115,9.18948468367703,1,23,,0.0,1.1983592155398815,4.166532674741115,9.18948468367703,1,23,,0.0,1.1983592155398815,4.166532674741115,9.18948468367703,1,23,,0.0,1.1983592155398815,4.166532674741115,9.18948468367703,1,24,cheap,0.0,1.1983592155398815,4.166532674741115,9.18948468367703,1,24,,0.0,1.1983592155398815,4.166532674741115,9.18948468367703,1,a8e42f7eafedaea2cad6ae2ad550af62b4215d9d,24,0.0,1.1983592155398815,4.166532674741115,9.18948468367703,1,True
f3175db319a15a85,2021.08.17.17.17.01_veh-45_02314_02798,203,idm,21,,0.0,1.1542663816596848,4.446361125603934,10.416794816711155,1,23,reference,0.0,1.1542663816596848,4.446361125603934,10.416794816711155,1,21,cheap,0.0,1.1542663816596848,4.446361125603934,10.416794816711155,1,23,reference,0.0,1.1542663816596848,4.446361125603934,10.416794816711155,1,22,,0.0,1.1542663816596848,4.446361125603934,10.416794816711155,1,21,,0.0,1.1542663816596848,4.446361125603934,10.416794816711155,1,23,,0.0,1.1542663816596848,4.446361125603934,10.416794816711155,1,c0f755e295a79cdeb6a74fbc0d0d70ffbc9b33fb,23,0.0,1.1542663816596848,4.446361125603934,10.416794816711155,1,True
f3175db319a15a85,2021.08.17.17.17.01_veh-45_02314_02798,216,idm,20,,0.0,1.1523830100016617,4.952045087390109,11.804724490523709,1,21,reference,0.0,1.1523830100016617,4.952045087390109,11.804724490523709,1,20,cheap,0.0,1.1523830100016617,4.952045087390109,11.804724490523709,1,21,reference,0.0,1.1523830100016617,4.952045087390109,11.804724490523709,1,20,,0.0,1.1523830100016617,4.952045087390109,11.804724490523709,1,20,cheap,0.0,1.1523830100016617,4.952045087390109,11.804724490523709,1,21,reference,0.0,1.1523830100016617,4.952045087390109,11.804724490523709,1,1757f3f272ee728afa4e57b181df6f02e3db0f10,21,0.0,1.1523830100016617,4.952045087390109,11.804724490523709,1,True
f3175db319a15a85,2021.08.17.17.17.01_veh-45_02314_02798,230,idm,19,,0.0,1.1518346477848203,5.325679119466262,12.771324992018922,1,21,,0.0,1.1518346477848203,5.325679119466262,12.771324992018922,1,19,cheap,0.0,1.1518346477848203,5.325679119466262,12.771324992018922,1,20,,0.0,1.1518346477848203,5.325679119466262,12.771324992018922,1,20,,0.0,1.1518346477848203,5.325679119466262,12.771324992018922,1,19,,0.0,1.1518346477848203,5.325679119466262,12.771324992018922,1,21,,0.0,1.1518346477848203,5.325679119466262,12.771324992018922,1,085dc3a5f9ce0488bd1ee5c806743b4bac8b7858,20,0.0,1.1518346477848203,5.325679119466262,12.771324992018922,1,True
f3175db319a15a85,2021.08.17.17.17.01_veh-45_02314_02798,243,idm,20,reference,0.0,1.1494328383797443,3.1114522447794135,5.9892069675439545,1,22,,0.0,1.1494328383797443,2.992612371014795,5.645170281097134,1,20,reference,0.0,1.1494328383797443,3.1114522447794135,5.9892069675439545,1,20,reference,0.0,1.1494328383797443,3.1114522447794135,5.9892069675439545,1,19,,0.0,0.3226237080745162,5.560481262916759,13.311264765087456,1,20,,0.0,1.1494328383797443,2.856615939138243,5.254691992194847,1,22,full,0.0,1.1494328383797443,2.992612371014795,5.645170281097134,1,cdb01053c9b3d6f62996557a1729f3cece68f806,20,0.0,1.1494328383797443,3.1114522447794135,5.9892069675439545,1,True
f3175db319a15a85,2021.08.17.17.17.01_veh-45_02314_02798,256,idm,19,,0.0,1.2452552551919507,2.9266230035530225,5.3476686087730325,1,20,,0.0,1.2543150076359963,3.0340860809249213,5.656702086055515,1,18,,1.0,0.0,5.639407886054346,13.537045077105299,1,20,,0.0,1.2543150076359963,3.0340860809249213,5.656702086055515,1,20,,0.0,1.2543150076359963,3.0340860809249213,5.656702086055515,1,19,,0.0,1.2452552551919507,2.9266230035530225,5.3476686087730325,1,20,full,0.0,1.2543150076359963,3.0340860809249213,5.656702086055515,1,fad36a7e032ff1635e958acf72ed7e295d73bd3a,21,0.0,1.2543150076359963,3.0340860809249213,5.656702086055515,1,True
f3175db319a15a85,2021.08.17.17.17.01_veh-45_02314_02798,270,idm,21,,0.0,1.2051091256193496,2.800120330239911,5.15873834825067,1,21,reference,0.0,1.2051091256193496,2.800120330239911,5.15873834825067,1,21,cheap,0.0,1.2051091256193496,2.800120330239911,5.15873834825067,1,21,reference,0.0,1.2051091256193496,2.800120330239911,5.15873834825067,1,21,reference,0.0,1.2051091256193496,2.800120330239911,5.15873834825067,1,21,,0.0,1.2051091256193496,2.800120330239911,5.15873834825067,1,21,reference,0.0,1.2051091256193496,2.800120330239911,5.15873834825067,1,bcd679c0b07822c6e42e878201f14a73b80d35e3,21,0.0,1.2051091256193496,2.800120330239911,5.15873834825067,1,True
f3175db319a15a85,2021.08.17.17.17.01_veh-45_02314_02798,283,idm,20,,0.0,1.186305011648112,2.5812895053228497,4.7330719801260654,1,20,reference,0.0,1.186305011648112,2.5812895053228497,4.7330719801260654,1,20,reference,0.0,1.186305011648112,2.5812895053228497,4.7330719801260654,1,20,reference,0.0,1.186305011648112,2.5812895053228497,4.7330719801260654,1,20,reference,0.0,1.186305011648112,2.5812895053228497,4.7330719801260654,1,20,cheap,0.0,1.186305011648112,2.5812895053228497,4.7330719801260654,1,20,reference,0.0,1.186305011648112,2.5812895053228497,4.7330719801260654,1,9577b5b53fb2ece377b3a61c561714736092fbeb,20,0.0,1.186305011648112,2.5812895053228497,4.7330719801260654,1,True
f3175db319a15a85,2021.08.17.17.17.01_veh-45_02314_02798,296,idm,21,,0.0,1.1220407003596482,2.467464596193065,4.611667413634427,1,21,,0.0,1.1220407003596482,2.467464596193065,4.611667413634427,1,20,reference,0.0,1.1220407003596482,2.467464596193065,4.611667413634427,1,20,reference,0.0,1.1220407003596482,2.467464596193065,4.611667413634427,1,19,,1.0,0.0,5.404880046129969,13.711463233365526,1,21,cheap,0.0,1.1220407003596482,2.467464596193065,4.611667413634427,1,21,full,0.0,1.1220407003596482,2.467464596193065,4.611667413634427,1,f09121a610139071d7c109afba53c7666e3fd9c1,20,0.0,1.1220407003596482,2.467464596193065,4.611667413634427,1,True
f3175db319a15a85,2021.08.17.17.17.01_veh-45_02314_02798,310,idm,18,,0.0,1.1098282511117366,2.46247347800683,4.790794813885412,1,19,,0.0,1.1098282511117366,2.46247347800683,4.790794813885412,1,18,cheap,0.0,1.1098282511117366,2.46247347800683,4.790794813885412,1,18,reference,0.0,1.1098282511117366,2.46247347800683,4.790794813885412,1,18,reference,0.0,1.1098282511117366,2.46247347800683,4.790794813885412,1,18,cheap,0.0,1.1098282511117366,2.46247347800683,4.790794813885412,1,19,full,0.0,1.1098282511117366,2.46247347800683,4.790794813885412,1,0db4a70e23cd0bcd82fd8092386ca754233ba0d4,18,0.0,1.1098282511117366,2.46247347800683,4.790794813885412,1,True
f76b305f024a5bc1,2021.10.01.19.16.42_veh-28_03307_03808,4,idm,25,,0.0,1.2680199022691412,1.3653475526049692,2.370779344263078,1,30,,0.0,1.2680199022691412,1.3653475526049692,2.370779344263078,1,25,cheap,0.0,1.2680199022691412,1.3653475526049692,2.370779344263078,1,28,,0.0,1.2680199022691412,1.3653475526049692,2.370779344263078,1,25,,0.0,1.2680199022691412,1.3653475526049692,2.370779344263078,1,25,cheap,0.0,1.2680199022691412,1.3653475526049692,2.370779344263078,1,30,,0.0,1.2680199022691412,1.3653475526049692,2.370779344263078,1,3c7b09da7d619e5aefdb05c75a4839c62d43e076,35,0.0,1.2680199022691412,1.3653475526049692,2.370779344263078,1,True
f76b305f024a5bc1,2021.10.01.19.16.42_veh-28_03307_03808,17,idm,27,,0.0,1.3176097659752983,1.3660514834896427,2.37265358485736,1,31,,0.0,1.3176097659752983,1.3660514834896427,2.37265358485736,1,27,cheap,0.0,1.3176097659752983,1.3660514834896427,2.37265358485736,1,29,,0.0,1.3176097659752983,1.3660514834896427,2.37265358485736,1,26,,0.0,1.3176097659752983,1.3660514834896427,2.37265358485736,1,27,,0.0,1.3176097659752983,1.3660514834896427,2.37265358485736,1,31,,0.0,1.3176097659752983,1.3660514834896427,2.37265358485736,1,30358bb0235a94ac5e3b7e8797be6d84fe4670fa,36,0.0,1.3176097659752983,1.3660514834896427,2.37265358485736,1,True
f76b305f024a5bc1,2021.10.01.19.16.42_veh-28_03307_03808,30,idm,23,,0.0,1.3578345721950758,1.3607849842588486,2.3596605276504037,1,28,,0.0,1.3578345721950758,1.3607849842588486,2.3596605276504037,1,23,cheap,0.0,1.3578345721950758,1.3607849842588486,2.3596605276504037,1,27,,0.0,1.3578345721950758,1.3607849842588486,2.3596605276504037,1,23,,0.0,1.3578345721950758,1.3607849842588486,2.3596605276504037,1,23,cheap,0.0,1.3578345721950758,1.3607849842588486,2.3596605276504037,1,28,,0.0,1.3578345721950758,1.3607849842588486,2.3596605276504037,1,e35476b6d563b7758b05ebd26d4c51f619d222bf,34,0.0,1.3578345721950758,1.3607849842588486,2.3596605276504037,1,True
f76b305f024a5bc1,2021.10.01.19.16.42_veh-28_03307_03808,43,idm,23,,0.0,1.3458735260272638,1.3897001313655022,2.4312631937560836,1,27,,0.0,1.3458735260272638,1.3897001313655022,2.4312631937560836,1,23,cheap,0.0,1.3458735260272638,1.3897001313655022,2.4312631937560836,1,26,,0.0,1.3458735260272638,1.3897001313655022,2.4312631937560836,1,24,,0.0,1.3458735260272638,1.3897001313655022,2.4312631937560836,1,23,cheap,0.0,1.3458735260272638,1.3897001313655022,2.4312631937560836,1,27,,0.0,1.3458735260272638,1.3897001313655022,2.4312631937560836,1,7cdfd71a5c97e36240e7da1e33e38db2afd7a5cf,35,0.0,1.3458735260272638,1.3897001313655022,2.4312631937560836,1,True
f76b305f024a5bc1,2021.10.01.19.16.42_veh-28_03307_03808,57,idm,25,,0.0,1.4136641605069131,1.4231578247444454,2.5152262941053594,1,30,,0.0,1.4136641605069131,1.4231578247444454,2.5152262941053594,1,25,cheap,0.0,1.4136641605069131,1.4231578247444454,2.5152262941053594,1,28,,0.0,1.4136641605069131,1.4231578247444454,2.5152262941053594,1,25,,0.0,1.4136641605069131,1.4231578247444454,2.5152262941053594,1,25,cheap,0.0,1.4136641605069131,1.4231578247444454,2.5152262941053594,1,30,,0.0,1.4136641605069131,1.4231578247444454,2.5152262941053594,1,bdaff357d8728db2be107518b4e06fb484e559c2,37,0.0,1.4136641605069131,1.4231578247444454,2.5152262941053594,1,True
f76b305f024a5bc1,2021.10.01.19.16.42_veh-28_03307_03808,70,idm,23,,0.0,1.765757369091113,1.420190472075535,2.5089678197808363,1,27,,0.0,1.765757369091113,1.420190472075535,2.5089678197808363,1,23,cheap,0.0,1.765757369091113,1.420190472075535,2.5089678197808363,1,26,,0.0,1.765757369091113,1.420190472075535,2.5089678197808363,1,23,,0.0,1.765757369091113,1.420190472075535,2.5089678197808363,1,23,cheap,0.0,1.765757369091113,1.420190472075535,2.5089678197808363,1,27,,0.0,1.765757369091113,1.420190472075535,2.5089678197808363,1,ec57c7291fc630260fecc7e06880df6c5229ab2e,35,0.0,1.765757369091113,1.420190472075535,2.5089678197808363,1,True
f76b305f024a5bc1,2021.10.01.19.16.42_veh-28_03307_03808,83,idm,26,,0.0,2.110518649811021,1.431264484356776,2.5366228589693716,1,31,,0.0,2.110518649811021,1.431264484356776,2.5366228589693716,1,26,cheap,0.0,2.110518649811021,1.431264484356776,2.5366228589693716,1,29,,0.0,2.110518649811021,1.431264484356776,2.5366228589693716,1,27,,0.0,2.110518649811021,1.431264484356776,2.5366228589693716,1,26,cheap,0.0,2.110518649811021,1.431264484356776,2.5366228589693716,1,31,,0.0,2.110518649811021,1.431264484356776,2.5366228589693716,1,0edc0985362a870a5bbd652f78c50193d40efa0e,38,0.0,2.110518649811021,1.431264484356776,2.5366228589693716,1,True
f76b305f024a5bc1,2021.10.01.19.16.42_veh-28_03307_03808,96,idm,26,,0.0,2.5703478896053213,1.4405143814357309,2.5607621476958196,1,32,,0.0,2.5703478896053213,1.4405143814357309,2.5607621476958196,1,26,cheap,0.0,2.5703478896053213,1.4405143814357309,2.5607621476958196,1,28,,0.0,2.5703478896053213,1.4405143814357309,2.5607621476958196,1,28,,0.0,2.5703478896053213,1.4405143814357309,2.5607621476958196,1,26,,0.0,2.5703478896053213,1.4405143814357309,2.5607621476958196,1,32,,0.0,2.5703478896053213,1.4405143814357309,2.5607621476958196,1,6080d803e152f5558d5514e1abc293c0a6bac0d8,38,0.0,2.5703478896053213,1.4405143814357309,2.5607621476958196,1,True
f76b305f024a5bc1,2021.10.01.19.16.42_veh-28_03307_03808,110,idm,27,,0.0,3.217059133933411,1.4555325889480182,2.5946757235124185,1,36,,0.0,3.217059133933411,1.4555325889480182,2.5946757235124185,1,27,cheap,0.0,3.217059133933411,1.4555325889480182,2.5946757235124185,1,30,,0.0,3.217059133933411,1.4555325889480182,2.5946757235124185,1,27,,0.0,3.217059133933411,1.4555325889480182,2.5946757235124185,1,27,,0.0,3.217059133933411,1.4555325889480182,2.5946757235124185,1,36,,0.0,3.217059133933411,1.4555325889480182,2.5946757235124185,1,3324462497ac72ae3aaa8a94c1adb98a241b2cd9,39,0.0,3.217059133933411,1.4555325889480182,2.5946757235124185,1,True
f76b305f024a5bc1,2021.10.01.19.16.42_veh-28_03307_03808,123,idm,29,,0.0,3.9663991650099346,1.4622428242922059,2.5500828432450504,1,36,,0.0,3.9663991650099346,1.4622428242922059,2.5500828432450504,1,29,cheap,0.0,3.9663991650099346,1.4622428242922059,2.5500828432450504,1,32,,0.0,3.9663991650099346,1.4622428242922059,2.5500828432450504,1,29,,0.0,3.9663991650099346,1.4622428242922059,2.5500828432450504,1,29,,0.0,3.9663991650099346,1.4622428242922059,2.5500828432450504,1,36,,0.0,3.9663991650099346,1.4622428242922059,2.5500828432450504,1,b1ec087dd212efa1c4dcb5f783a7e282e7d3b010,41,0.0,3.9663991650099346,1.4622428242922059,2.5500828432450504,1,True
f76b305f024a5bc1,2021.10.01.19.16.42_veh-28_03307_03808,136,idm,30,,0.0,3.8192689591108024,1.496241662062107,2.2399825503861557,1,38,,0.0,3.8192689591108024,1.496241662062107,2.2399825503861557,1,30,cheap,0.0,3.8192689591108024,1.496241662062107,2.2399825503861557,1,34,,0.0,3.8192689591108024,1.496241662062107,2.2399825503861557,1,31,,0.0,3.8192689591108024,1.496241662062107,2.2399825503861557,1,30,,0.0,3.8192689591108024,1.496241662062107,2.2399825503861557,1,38,,0.0,3.8192689591108024,1.496241662062107,2.2399825503861557,1,397863ee31214eac925f615d79545f0e9ab2d4c9,44,0.0,3.8192689591108024,1.496241662062107,2.2399825503861557,1,True
f76b305f024a5bc1,2021.10.01.19.16.42_veh-28_03307_03808,149,idm,27,,0.0,3.3235383170429764,1.323065469519982,1.2734637874122774,1,31,,0.0,3.3235383170429764,1.323065469519982,1.2734637874122774,1,27,cheap,0.0,3.3235383170429764,1.323065469519982,1.2734637874122774,1,29,,0.0,3.3235383170429764,1.323065469519982,1.2734637874122774,1,27,,0.0,3.3235383170429764,1.323065469519982,1.2734637874122774,1,27,,0.0,3.3235383170429764,1.323065469519982,1.2734637874122774,1,31,,0.0,3.3235383170429764,1.323065469519982,1.2734637874122774,1,c1e212b70bc2169ea8115198253ef13b93b0ad6d,40,0.0,3.3235383170429764,1.323065469519982,1.2734637874122774,1,True
f76b305f024a5bc1,2021.10.01.19.16.42_veh-28_03307_03808,163,idm,28,,0.0,2.6017721706186565,0.917991780327478,0.45565278498346484,1,31,,0.0,2.6017721706186565,0.917991780327478,0.45565278498346484,1,27,,0.0,2.6017721706186565,0.917991780327478,0.45565278498346484,1,29,,0.0,2.6017721706186565,0.917991780327478,0.45565278498346484,1,27,,0.0,2.6017721706186565,0.917991780327478,0.45565278498346484,1,28,,0.0,2.6017721706186565,0.917991780327478,0.45565278498346484,1,31,,0.0,2.6017721706186565,0.917991780327478,0.45565278498346484,1,96cfa028c9b26d2da0ce0e1341b923eb799a3849,38,0.0,2.6017721706186565,0.917991780327478,0.45565278498346484,1,True
f76b305f024a5bc1,2021.10.01.19.16.42_veh-28_03307_03808,176,idm,22,,0.0,1.8451274605905987,0.748974555858432,2.3297971078123294,1,28,,0.0,1.8451274605905987,0.748974555858432,2.3297971078123294,1,22,,0.0,1.8451274605905987,0.748974555858432,2.3297971078123294,1,26,,0.0,1.8451274605905987,0.748974555858432,2.3297971078123294,1,22,,0.0,1.8451274605905987,0.748974555858432,2.3297971078123294,1,22,,0.0,1.8451274605905987,0.748974555858432,2.3297971078123294,1,28,,0.0,1.8451274605905987,0.748974555858432,2.3297971078123294,1,17f459d9df1907ee2ad20af927f99dd9de7a3644,37,0.0,1.8451274605905987,0.748974555858432,2.3297971078123294,1,True
f76b305f024a5bc1,2021.10.01.19.16.42_veh-28_03307_03808,189,idm,25,,0.0,1.041274914225848,1.6403895801396617,4.735907051295938,1,33,,0.0,1.041274914225848,1.6403895801396617,4.735907051295938,1,25,cheap,0.0,1.041274914225848,1.6403895801396617,4.735907051295938,1,31,,0.0,1.041274914225848,1.6403895801396617,4.735907051295938,1,28,,0.0,1.041274914225848,1.6403895801396617,4.735907051295938,1,25,cheap,0.0,1.041274914225848,1.6403895801396617,4.735907051295938,1,33,,0.0,1.041274914225848,1.6403895801396617,4.735907051295938,1,f99b54adcaeea1d60180a85dade0dff20c3a24a5,40,0.0,1.041274914225848,1.6403895801396617,4.735907051295938,1,True
f76b305f024a5bc1,2021.10.01.19.16.42_veh-28_03307_03808,202,idm,28,,0.0,0.4259028818136209,2.9027478303421956,6.865536352268076,1,36,,0.0,0.4259028818136209,2.9027478303421956,6.865536352268076,1,27,,0.0,0.4259028818136209,2.9027478303421956,6.865536352268076,1,32,,0.0,0.4259028818136209,2.9027478303421956,6.865536352268076,1,31,,0.0,0.4259028818136209,2.9027478303421956,6.865536352268076,1,28,,0.0,0.4259028818136209,2.9027478303421956,6.865536352268076,1,36,,0.0,0.4259028818136209,2.9027478303421956,6.865536352268076,1,2972b9f392f8ee0315593a8f8c482d5b7aa022e6,43,0.0,0.4259028818136209,2.9027478303421956,6.865536352268076,1,True
f76b305f024a5bc1,2021.10.01.19.16.42_veh-28_03307_03808,216,idm,29,,0.0,0.4030433140540078,3.0178277385407943,7.537589950412903,1,37,,0.0,0.4030433140540078,3.0178277385407943,7.537589950412903,1,29,,0.0,0.4030433140540078,3.0178277385407943,7.537589950412903,1,32,,0.0,0.4030433140540078,3.0178277385407943,7.537589950412903,1,31,,0.0,0.4030433140540078,3.0178277385407943,7.537589950412903,1,29,cheap,0.0,0.4030433140540078,3.0178277385407943,7.537589950412903,1,37,,0.0,0.4030433140540078,3.0178277385407943,7.537589950412903,1,32dd0ab43077276f109ef6687be13f40faece439,43,0.0,0.4030433140540078,3.0178277385407943,7.537589950412903,1,True
f76b305f024a5bc1,2021.10.01.19.16.42_veh-28_03307_03808,229,idm,26,,0.0,0.3845887688055719,3.000100683069881,8.199625282786517,1,35,,0.0,0.3845887688055719,3.000100683069881,8.199625282786517,1,26,cheap,0.0,0.3845887688055719,3.000100683069881,8.199625282786517,1,31,,0.0,0.3845887688055719,3.000100683069881,8.199625282786517,1,30,,0.0,0.3845887688055719,3.000100683069881,8.199625282786517,1,26,cheap,0.0,0.3845887688055719,3.000100683069881,8.199625282786517,1,35,,0.0,0.3845887688055719,3.000100683069881,8.199625282786517,1,db3581ad67ab961b61dcc0a83e5d1c1bb9ac6e7e,40,0.0,0.3845887688055719,3.000100683069881,8.199625282786517,1,True
f76b305f024a5bc1,2021.10.01.19.16.42_veh-28_03307_03808,242,idm,25,,0.0,0.38297822607213505,3.0499312510724867,8.950414806859236,1,32,,0.0,0.38297822607213505,3.0499312510724867,8.950414806859236,1,24,,0.0,0.38297822607213505,3.0499312510724867,8.950414806859236,1,27,,0.0,0.38297822607213505,3.0499312510724867,8.950414806859236,1,28,,0.0,0.38297822607213505,3.0499312510724867,8.950414806859236,1,25,cheap,0.0,0.38297822607213505,3.0499312510724867,8.950414806859236,1,32,,0.0,0.38297822607213505,3.0499312510724867,8.950414806859236,1,46775a106b32be0eba5686dbdeb01b813ebde786,37,0.0,0.38297822607213505,3.0499312510724867,8.950414806859236,1,True
f76b305f024a5bc1,2021.10.01.19.16.42_veh-28_03307_03808,255,idm,26,,0.0,0.4146728876987151,3.1955024012639823,9.503819008332233,1,35,,0.0,0.4146728876987151,3.1955024012639823,9.503819008332233,1,26,,0.0,0.4146728876987151,3.1955024012639823,9.503819008332233,1,33,,0.0,0.4146728876987151,3.1955024012639823,9.503819008332233,1,31,,0.0,0.4146728876987151,3.1955024012639823,9.503819008332233,1,26,,0.0,0.4146728876987151,3.1955024012639823,9.503819008332233,1,35,,0.0,0.4146728876987151,3.1955024012639823,9.503819008332233,1,b12201dc2bf2cc974cb080eba1ed230e1c37e401,40,0.0,0.4146728876987151,3.1955024012639823,9.503819008332233,1,True
f76b305f024a5bc1,2021.10.01.19.16.42_veh-28_03307_03808,269,idm,31,,0.0,0.34806902186943467,3.4527498335481113,10.429247278253868,1,36,,0.0,0.34806902186943467,3.4527498335481113,10.429247278253868,1,28,,0.0,0.34806902186943467,3.4527498335481113,10.429247278253868,1,33,,0.0,0.34806902186943467,3.4527498335481113,10.429247278253868,1,30,,0.0,0.34806902186943467,3.4527498335481113,10.429247278253868,1,31,,0.0,0.34806902186943467,3.4527498335481113,10.429247278253868,1,36,,0.0,0.34806902186943467,3.4527498335481113,10.429247278253868,1,fa2caaf33b19a2d759b87e93e70c80ca9c424912,42,0.0,0.34806902186943467,3.4527498335481113,10.429247278253868,1,True
f76b305f024a5bc1,2021.10.01.19.16.42_veh-28_03307_03808,282,idm,30,,0.0,0.33112356826822054,3.497681070824679,10.436001503527475,1,35,,0.0,0.33112356826822054,3.497681070824679,10.436001503527475,1,29,,0.0,0.33112356826822054,3.497681070824679,10.436001503527475,1,31,,0.0,0.33112356826822054,3.497681070824679,10.436001503527475,1,30,,0.0,0.33112356826822054,3.497681070824679,10.436001503527475,1,30,,0.0,0.33112356826822054,3.497681070824679,10.436001503527475,1,35,,0.0,0.33112356826822054,3.497681070824679,10.436001503527475,1,4f5a044c075eaf935ae838466ec40ceaaf66b0c5,41,0.0,0.33112356826822054,3.497681070824679,10.436001503527475,1,True
f76b305f024a5bc1,2021.10.01.19.16.42_veh-28_03307_03808,295,idm,30,,0.0,0.2926081408308991,3.5374001456331023,10.459496536364467,1,34,,0.0,0.2926081408308991,3.5374001456331023,10.459496536364467,1,29,,0.0,0.2926081408308991,3.5374001456331023,10.459496536364467,1,33,,0.0,0.2926081408308991,3.5374001456331023,10.459496536364467,1,30,,0.0,0.2926081408308991,3.5374001456331023,10.459496536364467,1,30,,0.0,0.2926081408308991,3.5374001456331023,10.459496536364467,1,34,,0.0,0.2926081408308991,3.5374001456331023,10.459496536364467,1,fdb5933f710ca4017f0cf6f73f14ad5639829ec2,43,0.0,0.2926081408308991,3.5374001456331023,10.459496536364467,1,True
f76b305f024a5bc1,2021.10.01.19.16.42_veh-28_03307_03808,309,idm,36,,0.0,0.32470876992512493,3.441180460831305,10.148802505633133,1,38,,0.0,0.32470876992512493,3.441180460831305,10.148802505633133,1,35,,0.0,0.32470876992512493,3.441180460831305,10.148802505633133,1,38,,0.0,0.32470876992512493,3.441180460831305,10.148802505633133,1,35,,0.0,0.32470876992512493,3.441180460831305,10.148802505633133,1,36,,0.0,0.32470876992512493,3.441180460831305,10.148802505633133,1,38,,0.0,0.32470876992512493,3.441180460831305,10.148802505633133,1,c3a54f96e6fc8d52688c210a3a7b77aed60e3b8e,49,0.0,0.32470876992512493,3.441180460831305,10.148802505633133,1,True
fb8f996179695e0f,2021.08.17.16.57.11_veh-08_01200_01636,4,idm,4,,0.0,2.6030825531907915,3.103387352686683,8.307163456604732,1,4,,0.0,2.6030825531907915,3.103387352686683,8.307163456604732,1,3,,0.0,2.6030825531907915,3.103387352686683,8.307163456604732,1,3,cheap_nofp,0.0,2.6030825531907915,3.103387352686683,8.307163456604732,1,3,cheap_nofp,0.0,2.6030825531907915,3.103387352686683,8.307163456604732,1,4,cheap,0.0,2.6030825531907915,3.103387352686683,8.307163456604732,1,4,full,0.0,2.6030825531907915,3.103387352686683,8.307163456604732,1,ca1d321388454229e622cb77990cd50b6af32d86,6,0.0,2.6030825531907915,3.103387352686683,8.307163456604732,1,True
fb8f996179695e0f,2021.08.17.16.57.11_veh-08_01200_01636,17,idm,2,,0.0,2.566526670297192,4.055597146889321,10.727540013363566,1,4,,0.0,2.566526670297192,4.055597146889321,10.727540013363566,1,2,cheap,0.0,2.566526670297192,4.055597146889321,10.727540013363566,1,4,full,0.0,2.566526670297192,4.055597146889321,10.727540013363566,1,3,,0.0,2.566526670297192,4.055597146889321,10.727540013363566,1,2,cheap,0.0,2.566526670297192,4.055597146889321,10.727540013363566,1,4,,0.0,2.566526670297192,4.055597146889321,10.727540013363566,1,ba38d2cdb30ebe77521743ca7cf30e7b640b2469,6,0.0,2.566526670297192,4.055597146889321,10.727540013363566,1,True
fb8f996179695e0f,2021.08.17.16.57.11_veh-08_01200_01636,30,idm,4,,0.0,2.551987126097336,5.148777516333594,13.248949838083078,1,10,,0.0,2.551987126097336,5.148777516333594,13.248949838083078,1,4,cheap,0.0,2.551987126097336,5.148777516333594,13.248949838083078,1,6,,0.0,2.551987126097336,5.148777516333594,13.248949838083078,1,6,,0.0,2.551987126097336,5.148777516333594,13.248949838083078,1,4,cheap,0.0,2.551987126097336,5.148777516333594,13.248949838083078,1,10,,0.0,2.551987126097336,5.148777516333594,13.248949838083078,1,b35799b288d05f1479a13f10a35d8c4513b42fe7,8,0.0,2.551987126097336,5.148777516333594,13.248949838083078,1,True
fb8f996179695e0f,2021.08.17.16.57.11_veh-08_01200_01636,43,idm,7,,0.0,2.5874456923315123,6.242217347508737,15.30021664889065,1,8,,0.0,2.5874456923315123,3.1844664738247612,6.738453784564722,1,7,cheap,0.0,2.5874456923315123,6.242217347508737,15.30021664889065,1,7,,0.0,2.5874456923315123,6.242217347508737,15.30021664889065,1,6,,0.0,2.5874456923315123,6.242217347508737,15.30021664889065,1,7,cheap,0.0,2.5874456923315123,6.242217347508737,15.30021664889065,1,8,,0.0,2.5874456923315123,3.1844664738247612,6.738453784564722,1,4b4ab35af3519b180299c5e842941d1d4b5edfb0,10,0.0,2.5874456923315123,6.242217347508737,15.30021664889065,1,True
fb8f996179695e0f,2021.08.17.16.57.11_veh-08_01200_01636,57,idm,8,,0.0,12.146277812779836,3.2608103195848672,3.2466445132184,1,10,,0.0,12.146277812779836,3.2608103195848672,3.2466445132184,1,8,cheap,0.0,12.146277812779836,3.2608103195848672,3.2466445132184,1,9,,0.0,12.146277812779836,3.2608103195848672,3.2466445132184,1,9,,0.0,12.146277812779836,3.2608103195848672,3.2466445132184,1,8,cheap,0.0,12.146277812779836,3.2608103195848672,3.2466445132184,1,10,,0.0,12.146277812779836,3.2608103195848672,3.2466445132184,1,84a33554c42e5e0492f8fa6351978388a03816cf,11,0.0,12.146277812779836,3.2608103195848672,3.2466445132184,1,True
fb8f996179695e0f,2021.08.17.16.57.11_veh-08_01200_01636,70,idm,5,,0.0,11.938737215016921,3.271144408992501,3.3930204190295608,1,8,,0.0,11.938737215016921,3.271144408992501,3.3930204190295608,1,5,cheap,0.0,11.938737215016921,3.271144408992501,3.3930204190295608,1,6,,0.0,11.938737215016921,3.271144408992501,3.3930204190295608,1,6,full_nofp,0.0,11.938737215016921,3.271144408992501,3.3930204190295608,1,5,cheap,0.0,11.938737215016921,3.271144408992501,3.3930204190295608,1,8,,0.0,11.938737215016921,3.271144408992501,3.3930204190295608,1,ef2cc86e2a770c54ca2bf9e89f10959d4056e794,9,0.0,11.938737215016921,3.271144408992501,3.3930204190295608,1,True
fb8f996179695e0f,2021.08.17.16.57.11_veh-08_01200_01636,83,idm,9,,0.0,12.01377204097746,3.302197322394152,3.4901087946922145,1,10,,0.0,12.01377204097746,3.302197322394152,3.4901087946922145,1,9,cheap,0.0,12.01377204097746,3.302197322394152,3.4901087946922145,1,9,,0.0,12.01377204097746,3.302197322394152,3.4901087946922145,1,9,,0.0,12.01377204097746,3.302197322394152,3.4901087946922145,1,9,,0.0,12.01377204097746,3.302197322394152,3.4901087946922145,1,10,,0.0,12.01377204097746,3.302197322394152,3.4901087946922145,1,629398e210daad327533913477e97ec263624624,10,0.0,12.01377204097746,3.302197322394152,3.4901087946922145,1,True
fb8f996179695e0f,2021.08.17.16.57.11_veh-08_01200_01636,96,idm,12,,0.0,11.78375373774332,3.3487347021926643,3.533003487521947,1,14,,0.0,11.78375373774332,3.3487347021926643,3.533003487521947,1,12,cheap,0.0,11.78375373774332,3.3487347021926643,3.533003487521947,1,13,,0.0,11.78375373774332,3.3487347021926643,3.533003487521947,1,14,,0.0,11.78375373774332,3.3487347021926643,3.533003487521947,1,11,,0.0,11.78375373774332,3.3487347021926643,3.533003487521947,1,14,,0.0,11.78375373774332,3.3487347021926643,3.533003487521947,1,ba30561042dfdedfacf7758969f503f2932084e5,14,0.0,11.78375373774332,3.3487347021926643,3.533003487521947,1,True
fb8f996179695e0f,2021.08.17.16.57.11_veh-08_01200_01636,110,idm,13,,0.0,6.940348077747833,3.385870451067115,3.5579494196456847,1,14,,0.0,6.940348077747833,3.385870451067115,3.5579494196456847,1,11,,0.0,6.940348077747833,3.385870451067115,3.5579494196456847,1,12,,0.0,6.940348077747833,3.385870451067115,3.5579494196456847,1,13,,0.0,6.940348077747833,3.385870451067115,3.5579494196456847,1,13,,0.0,6.940348077747833,3.385870451067115,3.5579494196456847,1,14,,0.0,6.940348077747833,3.385870451067115,3.5579494196456847,1,fe2d6660611a5013a5ab24e93060f1eb36b4f921,13,0.0,6.940348077747833,3.385870451067115,3.5579494196456847,1,True
fb8f996179695e0f,2021.08.17.16.57.11_veh-08_01200_01636,123,idm,12,,0.0,3.883795328840191,3.280649981654557,3.3319836138664694,1,13,,0.0,3.883795328840191,3.280649981654557,3.3319836138664694,1,12,cheap,0.0,3.883795328840191,3.280649981654557,3.3319836138664694,1,12,,0.0,3.883795328840191,3.280649981654557,3.3319836138664694,1,13,,0.0,3.883795328840191,3.280649981654557,3.3319836138664694,1,12,,0.0,3.883795328840191,3.280649981654557,3.3319836138664694,1,13,,0.0,3.883795328840191,3.280649981654557,3.3319836138664694,1,66e002365b658ede0fd5ad445e0858b7e150f418,13,0.0,3.883795328840191,3.280649981654557,3.3319836138664694,1,True
fb8f996179695e0f,2021.08.17.16.57.11_veh-08_01200_01636,136,idm,11,,0.0,1.5564691994091655,3.2251355758571347,3.228955585913118,1,12,,0.0,1.5564691994091655,3.2251355758571347,3.228955585913118,1,10,,0.0,1.5564691994091655,3.2251355758571347,3.228955585913118,1,11,,0.0,1.5564691994091655,3.2251355758571347,3.228955585913118,1,12,,0.0,1.5564691994091655,3.2251355758571347,3.228955585913118,1,11,,0.0,1.5564691994091655,3.2251355758571347,3.228955585913118,1,12,,0.0,1.5564691994091655,3.2251355758571347,3.228955585913118,1,e5ddc3e9d070e21443c2bb18d61a4d603cd3dc30,12,0.0,1.5564691994091655,3.2251355758571347,3.228955585913118,1,True
fb8f996179695e0f,2021.08.17.16.57.11_veh-08_01200_01636,149,idm,14,,1.0,0.0,3.210695331938042,3.208677044704995,1,14,,1.0,0.0,3.210695331938042,3.208677044704995,1,12,,1.0,0.0,3.210695331938042,3.208677044704995,1,12,reference,1.0,0.0,3.210695331938042,3.208677044704995,1,13,,1.0,0.0,3.210695331938042,3.208677044704995,1,14,,1.0,0.0,3.210695331938042,3.208677044704995,1,14,,1.0,0.0,3.210695331938042,3.208677044704995,1,fe291393b42305c309d9f090bc45c86346c1a4d7,12,1.0,0.0,3.210695331938042,3.208677044704995,1,True
fb8f996179695e0f,2021.08.17.16.57.11_veh-08_01200_01636,163,idm,10,,1.0,0.0,3.2072545404453665,3.2058265057727606,1,12,,1.0,0.0,3.2072545404453665,3.2058265057727606,1,10,cheap,1.0,0.0,3.2072545404453665,3.2058265057727606,1,11,,1.0,0.0,3.2072545404453665,3.2058265057727606,1,10,,1.0,0.0,3.2072545404453665,3.2058265057727606,1,10,,1.0,0.0,3.2072545404453665,3.2058265057727606,1,12,,1.0,0.0,3.2072545404453665,3.2058265057727606,1,ad9629b3c996994adc11bba8198b4db2448056ad,13,1.0,0.0,3.2072545404453665,3.2058265057727606,1,True
fb8f996179695e0f,2021.08.17.16.57.11_veh-08_01200_01636,176,idm,11,,1.0,0.0,3.2078593901815777,3.206273192422854,1,13,,1.0,0.0,3.2078593901815777,3.206273192422854,1,11,cheap,1.0,0.0,3.2078593901815777,3.206273192422854,1,12,reference,1.0,0.0,3.2078593901815777,3.206273192422854,1,12,reference,1.0,0.0,3.2078593901815777,3.206273192422854,1,11,cheap,1.0,0.0,3.2078593901815777,3.206273192422854,1,13,full,1.0,0.0,3.2078593901815777,3.206273192422854,1,5685328cbb000fb78e8867920af700a4fa549263,12,1.0,0.0,3.2078593901815777,3.206273192422854,1,True
fb8f996179695e0f,2021.08.17.16.57.11_veh-08_01200_01636,189,idm,14,,1.0,0.0,3.2069490825915907,3.2058793166647925,1,17,,1.0,0.0,3.2069490825915907,3.2058793166647925,1,14,cheap,1.0,0.0,3.2069490825915907,3.2058793166647925,1,15,reference,1.0,0.0,3.2069490825915907,3.2058793166647925,1,15,,1.0,0.0,3.2069490825915907,3.2058793166647925,1,14,,1.0,0.0,3.2069490825915907,3.2058793166647925,1,17,,1.0,0.0,3.2069490825915907,3.2058793166647925,1,48f5e57fec8e8bccdd11c70f6329826aa8e42d50,15,1.0,0.0,3.2069490825915907,3.2058793166647925,1,True
fb8f996179695e0f,2021.08.17.16.57.11_veh-08_01200_01636,202,idm,16,,1.0,0.0,3.20591693349488,3.205279200785081,1,18,,1.0,0.0,3.20591693349488,3.205279200785081,1,16,cheap,1.0,0.0,3.20591693349488,3.205279200785081,1,16,,1.0,0.0,3.20591693349488,3.205279200785081,1,17,,1.0,0.0,3.20591693349488,3.205279200785081,1,16,,1.0,0.0,3.20591693349488,3.205279200785081,1,18,full,1.0,0.0,3.20591693349488,3.205279200785081,1,8d3edb36339786f624512776c085c2afc8f16917,19,1.0,0.0,3.20591693349488,3.205279200785081,1,True
fb8f996179695e0f,2021.08.17.16.57.11_veh-08_01200_01636,216,idm,18,,1.0,0.0,3.2055455490874105,3.205096320709016,1,18,cheap,1.0,0.0,3.2055455490874105,3.205096320709016,1,18,cheap,1.0,0.0,3.2055455490874105,3.205096320709016,1,18,cheap,1.0,0.0,3.2055455490874105,3.205096320709016,1,18,cheap,1.0,0.0,3.2055455490874105,3.205096320709016,1,18,cheap,1.0,0.0,3.2055455490874105,3.205096320709016,1,18,cheap,1.0,0.0,3.2055455490874105,3.205096320709016,1,c3a10a2b2e9a4d340bc4bb97e5dba5b948d9e611,19,1.0,0.0,3.2055455490874105,3.205096320709016,1,True
fb8f996179695e0f,2021.08.17.16.57.11_veh-08_01200_01636,229,idm,19,,1.0,0.0,3.20535391517354,3.2050285130494713,1,20,,1.0,0.0,3.20535391517354,3.2050285130494713,1,19,cheap,1.0,0.0,3.20535391517354,3.2050285130494713,1,19,,1.0,0.0,3.20535391517354,3.2050285130494713,1,20,,1.0,0.0,3.20535391517354,3.2050285130494713,1,19,,1.0,0.0,3.20535391517354,3.2050285130494713,1,20,,1.0,0.0,3.20535391517354,3.2050285130494713,1,61627ee952ac6b7ac2fed84b0f20e5a2b67fae5f,20,1.0,0.0,3.20535391517354,3.2050285130494713,1,True
fb8f996179695e0f,2021.08.17.16.57.11_veh-08_01200_01636,242,idm,20,,1.0,0.0,3.2052373035509145,3.2050295805498155,1,21,,1.0,0.0,3.2052373035509145,3.2050295805498155,1,19,,1.0,0.0,3.2052373035509145,3.2050295805498155,1,20,reference,1.0,0.0,3.2052373035509145,3.2050295805498155,1,20,,1.0,0.0,3.2052373035509145,3.2050295805498155,1,20,cheap,1.0,0.0,3.2052373035509145,3.2050295805498155,1,21,,1.0,0.0,3.2052373035509145,3.2050295805498155,1,b6dc3620cbc9d1ec46e2186960fb10ace092c983,20,1.0,0.0,3.2052373035509145,3.2050295805498155,1,True
fb8f996179695e0f,2021.08.17.16.57.11_veh-08_01200_01636,255,idm,14,,1.0,0.0,3.2051174012120676,3.2049380763968323,1,16,,1.0,0.0,3.2051174012120676,3.2049380763968323,1,14,,1.0,0.0,3.2051174012120676,3.2049380763968323,1,15,,1.0,0.0,3.2051174012120676,3.2049380763968323,1,15,,1.0,0.0,3.2051174012120676,3.2049380763968323,1,14,cheap,1.0,0.0,3.2051174012120676,3.2049380763968323,1,16,,1.0,0.0,3.2051174012120676,3.2049380763968323,1,9e2fe72dd5a36b74c48df1bb22797ce7c705590b,17,1.0,0.0,3.2051174012120676,3.2049380763968323,1,True
fb8f996179695e0f,2021.08.17.16.57.11_veh-08_01200_01636,269,idm,17,,1.0,0.0,3.2050163540897287,3.204825108471842,1,17,,1.0,0.0,3.2050163540897287,3.204825108471842,1,16,,1.0,0.0,3.2050163540897287,3.204825108471842,1,17,reference,1.0,0.0,3.2050163540897287,3.204825108471842,1,17,reference,1.0,0.0,3.2050163540897287,3.204825108471842,1,17,,1.0,0.0,3.2050163540897287,3.204825108471842,1,17,,1.0,0.0,3.2050163540897287,3.204825108471842,1,4f12748e7d1b51b70a1e683de60af121a23222dd,17,1.0,0.0,3.2050163540897287,3.204825108471842,1,True
fb8f996179695e0f,2021.08.17.16.57.11_veh-08_01200_01636,282,idm,16,,1.0,0.0,3.2049695775169185,3.2048162874997606,1,16,,1.0,0.0,3.2049695775169185,3.2048162874997606,1,15,,1.0,0.0,3.2049695775169185,3.2048162874997606,1,15,,1.0,0.0,3.2049695775169185,3.2048162874997606,1,15,,1.0,0.0,3.2049695775169185,3.2048162874997606,1,16,,1.0,0.0,3.2049695775169185,3.2048162874997606,1,16,,1.0,0.0,3.2049695775169185,3.2048162874997606,1,bafcdf08b89f3c8c410c88c94348443df48d59c6,17,1.0,0.0,3.2049695775169185,3.2048162874997606,1,True
fb8f996179695e0f,2021.08.17.16.57.11_veh-08_01200_01636,295,idm,13,,1.0,0.0,3.204908548192374,3.204785537841837,1,13,,1.0,0.0,3.204908548192374,3.204785537841837,1,13,full,1.0,0.0,3.204908548192374,3.204785537841837,1,13,full,1.0,0.0,3.204908548192374,3.204785537841837,1,13,full,1.0,0.0,3.204908548192374,3.204785537841837,1,13,cheap,1.0,0.0,3.204908548192374,3.204785537841837,1,13,full,1.0,0.0,3.204908548192374,3.204785537841837,1,0597e9a4f49ed619bda72c3230adbb2bc486cb70,16,1.0,0.0,3.204908548192374,3.204785537841837,1,True
fb8f996179695e0f,2021.08.17.16.57.11_veh-08_01200_01636,309,idm,14,,1.0,0.0,3.204850854941755,3.2047192293450566,1,14,cheap,1.0,0.0,3.204850854941755,3.2047192293450566,1,14,cheap,1.0,0.0,3.204850854941755,3.2047192293450566,1,14,cheap,1.0,0.0,3.204850854941755,3.2047192293450566,1,14,cheap,1.0,0.0,3.204850854941755,3.2047192293450566,1,14,cheap,1.0,0.0,3.204850854941755,3.2047192293450566,1,14,cheap,1.0,0.0,3.204850854941755,3.2047192293450566,1,0b0f36d46494e51d15ccaf2c57006a3908785112,17,1.0,0.0,3.204850854941755,3.2047192293450566,1,True
