scenario,log,iteration,planner,n_tracks,n_tracks_reference,collision_reference,min_clearance_reference,log_deviation_mean_reference,log_deviation_final_reference,ok_reference,n_tracks_cheap,collision_cheap,min_clearance_cheap,log_deviation_mean_cheap,log_deviation_final_cheap,ok_cheap,n_tracks_full,collision_full,min_clearance_full,log_deviation_mean_full,log_deviation_final_full,ok_full
00009841879a5bb9,2021.06.09.12.39.51_veh-26_05620_06003,4,pdm_closed,150,150,0.0,0.023314141914175024,1.5264589969399605,1.803802857497331,1,128,0.0,0.023314141914175024,1.5264589969399605,1.803802857497331,1,141,0.0,0.023314141914175024,1.5264589969399605,1.803802857497331,1
00009841879a5bb9,2021.06.09.12.39.51_veh-26_05620_06003,17,pdm_closed,150,150,0.0,0.03301438617389385,1.5253919177706212,1.8015378886300861,1,127,0.0,0.03301438617389385,1.5253919177706212,1.8015378886300861,1,142,0.0,0.03301438617389385,1.5253919177706212,1.8015378886300861,1
00009841879a5bb9,2021.06.09.12.39.51_veh-26_05620_06003,30,pdm_closed,149,149,0.0,0.034455957388364176,1.5268520456203625,1.8043747545923225,1,125,0.0,0.034455957388364176,1.5268520456203625,1.8043747545923225,1,135,0.0,0.034455957388364176,1.5268520456203625,1.8043747545923225,1
00009841879a5bb9,2021.06.09.12.39.51_veh-26_05620_06003,43,pdm_closed,152,152,0.0,0.03339886359369733,1.5281138572004092,1.806530706567941,1,126,0.0,0.03339886359369733,1.5281138572004092,1.806530706567941,1,137,0.0,0.03339886359369733,1.5281138572004092,1.806530706567941,1
00009841879a5bb9,2021.06.09.12.39.51_veh-26_05620_06003,57,pdm_closed,159,159,0.0,0.03119933037461469,1.523119920698517,1.7970251853741186,1,139,0.0,0.03119933037461469,1.523119920698517,1.7970251853741186,1,146,0.0,0.03119933037461469,1.523119920698517,1.7970251853741186,1
00009841879a5bb9,2021.06.09.12.39.51_veh-26_05620_06003,70,pdm_closed,155,155,0.0,0.03042539868248366,1.5270741117775541,1.8010043724932896,1,135,0.0,0.03042539868248366,1.5270741117775541,1.8010043724932896,1,144,0.0,0.03042539868248366,1.5270741117775541,1.8010043724932896,1
00009841879a5bb9,2021.06.09.12.39.51_veh-26_05620_06003,83,pdm_closed,154,154,0.0,0.028479602282394392,1.5159550407833522,1.7209994332096923,1,130,0.0,0.028479602282394392,1.5159550407833522,1.7209994332096923,1,137,0.0,0.028479602282394392,1.5159550407833522,1.7209994332096923,1
00009841879a5bb9,2021.06.09.12.39.51_veh-26_05620_06003,96,pdm_closed,151,151,0.0,0.027839332347224147,1.4470993174479387,1.282276167320595,1,130,0.0,0.027839332347224147,1.4470993174479387,1.282276167320595,1,144,0.0,0.027839332347224147,1.4470993174479387,1.282276167320595,1
00009841879a5bb9,2021.06.09.12.39.51_veh-26_05620_06003,110,pdm_closed,148,148,0.0,0.02199245472793775,1.4321658105377457,1.8672425776305275,1,126,0.0,0.02199245472793775,1.4321658105377457,1.8672425776305275,1,134,0.0,0.02199245472793775,1.4321658105377457,1.8672425776305275,1
00009841879a5bb9,2021.06.09.12.39.51_veh-26_05620_06003,123,pdm_closed,150,150,0.0,0.012551507703778074,1.8214926033008847,4.366259179518022,1,130,0.0,0.012551507703778074,1.8214926033008847,4.366259179518022,1,140,0.0,0.012551507703778074,1.8214926033008847,4.366259179518022,1
00009841879a5bb9,2021.06.09.12.39.51_veh-26_05620_06003,136,pdm_closed,152,152,0.0,0.0096596043648494,2.119739915034506,5.340083060784388,1,129,0.0,0.0096596043648494,2.119739915034506,5.340083060784388,1,140,0.0,0.0096596043648494,2.119739915034506,5.340083060784388,1
00009841879a5bb9,2021.06.09.12.39.51_veh-26_05620_06003,149,pdm_closed,163,163,0.0,1.0051383872669895,1.7058726082923434,4.9387389072917784,1,141,0.0,1.0051383872669895,1.7058726082923434,4.9387389072917784,1,152,0.0,1.0051383872669895,1.7058726082923434,4.9387389072917784,1
00009841879a5bb9,2021.06.09.12.39.51_veh-26_05620_06003,163,pdm_closed,178,178,0.0,0.020674934010141276,3.3807331240952356,5.847478488027237,1,159,0.0,1.020425646315666,3.0393984996470387,5.711577078204445,1,169,0.0,0.020674934010141276,3.3807331240952356,5.847478488027237,1
00009841879a5bb9,2021.06.09.12.39.51_veh-26_05620_06003,176,pdm_closed,190,190,0.0,0.07486648676079923,3.506694581504463,6.62153529206362,1,167,0.0,1.074693168069478,2.684955624219217,4.9833701526882965,1,179,0.0,1.074693168069478,2.684955624219217,4.9833701526882965,1
00009841879a5bb9,2021.06.09.12.39.51_veh-26_05620_06003,189,pdm_closed,202,202,0.0,0.11824353555603628,2.566886384135163,4.736350711241191,1,185,0.0,1.0449733266732664,2.1491348881808348,4.573866635004725,1,194,0.0,1.0449733266732664,2.1491348881808348,4.573866635004725,1
00009841879a5bb9,2021.06.09.12.39.51_veh-26_05620_06003,202,pdm_closed,213,213,0.0,1.0928898600942198,2.2579029153914214,5.279676366484495,1,202,0.0,1.0928898600942198,2.2579029153914214,5.279676366484495,1,206,0.0,1.0928898600942198,2.2579029153914214,5.279676366484495,1
00009841879a5bb9,2021.06.09.12.39.51_veh-26_05620_06003,216,pdm_closed,222,222,0.0,1.0806993005778938,2.870524314020407,6.579015499115221,1,207,0.0,1.0806993005778938,2.870524314020407,6.579015499115221,1,213,0.0,1.0806993005778938,2.870524314020407,6.579015499115221,1
00009841879a5bb9,2021.06.09.12.39.51_veh-26_05620_06003,229,pdm_closed,237,237,0.0,1.0449731249698648,3.6637257652577473,8.002775804181685,1,221,0.0,1.0449731249698648,3.6637257652577473,8.002775804181685,1,226,0.0,1.0449731249698648,3.6637257652577473,8.002775804181685,1
00009841879a5bb9,2021.06.09.12.39.51_veh-26_05620_06003,242,pdm_closed,274,274,0.0,0.07272709007074038,4.3909453213258764,8.965229276621967,1,262,0.0,0.07272709007074038,4.3909453213258764,8.965229276621967,1,267,0.0,0.07272709007074038,4.3909453213258764,8.965229276621967,1
00009841879a5bb9,2021.06.09.12.39.51_veh-26_05620_06003,255,pdm_closed,295,295,0.0,0.0905256878965431,4.821081453659225,9.744117353700053,1,285,0.0,0.0905256878965431,4.821081453659225,9.744117353700053,1,287,0.0,0.0905256878965431,4.789180179494286,9.691318406927591,1
00009841879a5bb9,2021.06.09.12.39.51_veh-26_05620_06003,269,pdm_closed,298,298,0.0,0.31627207184596423,1.0838424734521492,2.1599948827024433,1,287,0.0,0.33085247647524857,2.4846677584410104,6.8369325069701015,1,293,0.0,0.33085247647524857,2.4846677584410104,6.8369325069701015,1
00009841879a5bb9,2021.06.09.12.39.51_veh-26_05620_06003,282,pdm_closed,300,300,0.0,3.444979598116236,1.0664775156143151,1.9899092990955098,1,290,0.0,3.444979598116236,1.0664775156143151,1.9899092990955098,1,293,0.0,3.444979598116236,1.0664775156143151,1.9899092990955098,1
00009841879a5bb9,2021.06.09.12.39.51_veh-26_05620_06003,295,pdm_closed,321,321,0.0,4.85097927247333,1.3396749098607343,2.9275369263306303,1,307,0.0,4.85097927247333,1.3396749098607343,2.9275369263306303,1,314,0.0,4.85097927247333,1.3396749098607343,2.9275369263306303,1
00009841879a5bb9,2021.06.09.12.39.51_veh-26_05620_06003,309,pdm_closed,331,331,0.0,1.9398982480050577,1.6927999540050327,3.8413639423269426,1,317,0.0,1.9398982480050577,1.6927999540050327,3.8413639423269426,1,323,0.0,1.9398982480050577,1.6927999540050327,3.8413639423269426,1
043c7c1fabd85c6e,2021.08.30.14.54.34_veh-40_00439_00835,4,pdm_closed,37,37,0.0,0.7663230828656051,1.1785199328756555,1.446280278471013,1,35,0.0,0.7663230828656051,1.1785199328756555,1.446280278471013,1,36,0.0,0.7663230828656051,1.1785199328756555,1.446280278471013,1
043c7c1fabd85c6e,2021.08.30.14.54.34_veh-40_00439_00835,17,pdm_closed,33,33,0.0,0.7599223043080864,1.1686746377018749,1.4282493978974053,1,31,0.0,0.7599223043080864,1.1686746377018749,1.4282493978974053,1,33,0.0,0.7599223043080864,1.1686746377018749,1.4282493978974053,1
043c7c1fabd85c6e,2021.08.30.14.54.34_veh-40_00439_00835,30,pdm_closed,32,32,0.0,0.7617639980186229,1.1659300036034699,1.4231435642560715,1,31,0.0,0.7617639980186229,1.1659300036034699,1.4231435642560715,1,32,0.0,0.7617639980186229,1.1659300036034699,1.4231435642560715,1
043c7c1fabd85c6e,2021.08.30.14.54.34_veh-40_00439_00835,43,pdm_closed,32,32,0.0,0.769387235105026,1.157923345761957,1.4082719176498841,1,32,0.0,0.769387235105026,1.157923345761957,1.4082719176498841,1,32,0.0,0.769387235105026,1.157923345761957,1.4082719176498841,1
043c7c1fabd85c6e,2021.08.30.14.54.34_veh-40_00439_00835,57,pdm_closed,32,32,0.0,0.7523624323111424,1.169067414506602,1.4285756635011626,1,31,0.0,0.7523624323111424,1.169067414506602,1.4285756635011626,1,32,0.0,0.7523624323111424,1.169067414506602,1.4285756635011626,1
043c7c1fabd85c6e,2021.08.30.14.54.34_veh-40_00439_00835,70,pdm_closed,33,33,0.0,0.7617639992228339,1.1768315029697027,1.4424766205843396,1,33,0.0,0.7617639992228339,1.1768315029697027,1.4424766205843396,1,32,0.0,0.7617639992228339,1.1768315029697027,1.4424766205843396,1
043c7c1fabd85c6e,2021.08.30.14.54.34_veh-40_00439_00835,83,pdm_closed,30,30,0.0,0.758568892982464,1.1709145716809992,1.431694882051301,1,29,0.0,0.758568892982464,1.1709145716809992,1.431694882051301,1,29,0.0,0.758568892982464,1.1709145716809992,1.431694882051301,1
043c7c1fabd85c6e,2021.08.30.14.54.34_veh-40_00439_00835,97,pdm_closed,32,32,0.0,0.7523624316070598,1.1749899013985843,1.438955832173926,1,31,0.0,0.7523624316070598,1.1749899013985843,1.438955832173926,1,31,0.0,0.7523624316070598,1.1749899013985843,1.438955832173926,1
043c7c1fabd85c6e,2021.08.30.14.54.34_veh-40_00439_00835,110,pdm_closed,33,33,0.0,0.7710355674597926,1.1511622431167432,1.3955142505171834,1,31,0.0,0.7710355674597926,1.1511622431167432,1.3955142505171834,1,32,0.0,0.7710355674597926,1.1511622431167432,1.3955142505171834,1
043c7c1fabd85c6e,2021.08.30.14.54.34_veh-40_00439_00835,123,pdm_closed,32,32,0.0,0.7585688927147358,1.1784107456689166,1.4451530799051948,1,31,0.0,0.7585688927147358,1.1784107456689166,1.4451530799051948,1,31,0.0,0.7585688927147358,1.1784107456689166,1.4451530799051948,1
043c7c1fabd85c6e,2021.08.30.14.54.34_veh-40_00439_00835,137,pdm_closed,33,33,0.0,0.7546416613109698,1.1684812604189023,1.4268824068004304,1,32,0.0,0.7546416613109698,1.1684812604189023,1.4268824068004304,1,33,0.0,0.7546416613109698,1.1684812604189023,1.4268824068004304,1
043c7c1fabd85c6e,2021.08.30.14.54.34_veh-40_00439_00835,150,pdm_closed,35,35,0.0,0.09613079186141271,0.8008269223679275,1.1891589010641321,1,33,0.0,0.09613079186141271,0.8008269223679275,1.1891589010641321,1,33,0.0,0.09613079186141271,0.8008269223679275,1.1891589010641321,1
043c7c1fabd85c6e,2021.08.30.14.54.34_veh-40_00439_00835,163,pdm_closed,36,36,0.0,0.7690234030763212,1.1765009416884467,1.441477516086945,1,34,0.0,0.7690234030763212,1.1765009416884467,1.441477516086945,1,35,0.0,0.7690234030763212,1.1765009416884467,1.441477516086945,1
043c7c1fabd85c6e,2021.08.30.14.54.34_veh-40_00439_00835,176,pdm_closed,38,38,0.0,0.774790006865318,1.166304487983623,1.4228331319266572,1,36,0.0,0.774790006865318,1.166304487983623,1.4228331319266572,1,36,0.0,0.774790006865318,1.166304487983623,1.4228331319266572,1
043c7c1fabd85c6e,2021.08.30.14.54.34_veh-40_00439_00835,190,pdm_closed,34,34,0.0,0.7661251696855991,1.1734724190781414,1.4359325896496826,1,32,0.0,0.7661251696855991,1.1734724190781414,1.4359325896496826,1,34,0.0,0.7661251696855991,1.1734724190781414,1.4359325896496826,1
043c7c1fabd85c6e,2021.08.30.14.54.34_veh-40_00439_00835,203,pdm_closed,34,34,0.0,0.10157236501941032,0.7695087754545739,1.1362449921285447,1,33,0.0,0.10157236501941032,0.7695087754545739,1.1362449921285447,1,34,0.0,0.10157236501941032,0.7695087754545739,1.1362449921285447,1
043c7c1fabd85c6e,2021.08.30.14.54.34_veh-40_00439_00835,216,pdm_closed,31,31,0.0,0.7620557903676507,1.1782068121423057,1.4445990323923876,1,30,0.0,0.7620557903676507,1.1782068121423057,1.4445990323923876,1,30,0.0,0.7620557903676507,1.1782068121423057,1.4445990323923876,1
043c7c1fabd85c6e,2021.08.30.14.54.34_veh-40_00439_00835,230,pdm_closed,32,32,0.0,0.773606248248527,1.1698073919819658,1.4291500183390695,1,31,0.0,0.773606248248527,1.1698073919819658,1.4291500183390695,1,31,0.0,0.773606248248527,1.1698073919819658,1.4291500183390695,1
043c7c1fabd85c6e,2021.08.30.14.54.34_veh-40_00439_00835,243,pdm_closed,30,30,0.0,0.7641832365311457,1.1741808839424683,1.4371305096809563,1,29,0.0,0.7641832365311457,1.1741808839424683,1.4371305096809563,1,29,0.0,0.7641832365311457,1.1741808839424683,1.4371305096809563,1
043c7c1fabd85c6e,2021.08.30.14.54.34_veh-40_00439_00835,256,pdm_closed,33,33,0.0,0.7620557909762219,1.168597668913535,1.4267695045585307,1,31,1.0,0.0,4.075460029740032,10.146511275291157,1,32,0.0,0.7620557909762219,1.168597668913535,1.4267695045585307,1
043c7c1fabd85c6e,2021.08.30.14.54.34_veh-40_00439_00835,270,pdm_closed,35,35,0.0,0.7736062483853233,1.1574268557900769,1.4066750044116723,1,34,0.0,0.7736062483853233,1.1574268557900769,1.4066750044116723,1,34,0.0,0.7736062483853233,1.1574268557900769,1.4066750044116723,1
043c7c1fabd85c6e,2021.08.30.14.54.34_veh-40_00439_00835,283,pdm_closed,32,32,0.0,0.7641832373961746,1.1597125032235955,1.4106540087048984,1,30,1.0,0.0,4.0731452098686125,10.139630342812628,1,31,0.0,0.7641832373961746,1.1597125032235955,1.4106540087048984,1
043c7c1fabd85c6e,2021.08.30.14.54.34_veh-40_00439_00835,296,pdm_closed,31,31,0.0,0.7669901325577181,1.162127151840978,1.4152419771953741,1,30,0.0,0.7669901325577181,1.162127151840978,1.4152419771953741,1,30,0.0,0.7669901325577181,1.162127151840978,1.4152419771953741,1
043c7c1fabd85c6e,2021.08.30.14.54.34_veh-40_00439_00835,310,pdm_closed,30,30,0.0,0.7746493835116081,1.169179588046882,1.4280021753257468,1,28,0.0,0.7746493835116081,1.169179588046882,1.4280021753257468,1,30,0.0,0.7746493835116081,1.169179588046882,1.4280021753257468,1
087f4978523b5cdd,2021.06.09.17.37.09_veh-12_00404_00864,4,pdm_closed,262,262,0.0,0.8328662941347437,0.5690303766323852,0.8287340943800953,1,241,0.0,0.5135716918984281,1.2274357765757278,1.3562467042993975,1,248,0.0,0.5135716918984281,1.2274357765757278,1.3562467042993975,1
087f4978523b5cdd,2021.06.09.17.37.09_veh-12_00404_00864,17,pdm_closed,260,260,0.0,0.5149353700423188,1.2274195507323427,1.3562186522304522,1,245,0.0,0.5149353700423188,1.2274195507323427,1.3562186522304522,1,250,0.0,0.5149353700423188,1.2274195507323427,1.3562186522304522,1
087f4978523b5cdd,2021.06.09.17.37.09_veh-12_00404_00864,30,pdm_closed,253,253,0.0,0.5155205380748438,1.2274150503540653,1.356139374887544,1,240,0.0,0.5155205380748438,1.2274150503540653,1.356139374887544,1,247,0.0,0.5155205380748438,1.2274150503540653,1.356139374887544,1
087f4978523b5cdd,2021.06.09.17.37.09_veh-12_00404_00864,43,pdm_closed,248,248,0.0,0.49958242409948533,1.2273794140361143,1.3561259207762806,1,234,0.0,0.49958242409948533,1.2273794140361143,1.3561259207762806,1,241,0.0,0.49958242409948533,1.2273794140361143,1.3561259207762806,1
087f4978523b5cdd,2021.06.09.17.37.09_veh-12_00404_00864,57,pdm_closed,251,251,0.0,0.5098853057486831,1.2274261762341336,1.356139738473085,1,239,0.0,0.5098853057486831,1.2274261762341336,1.356139738473085,1,246,0.0,0.5098853057486831,1.2274261762341336,1.356139738473085,1
087f4978523b5cdd,2021.06.09.17.37.09_veh-12_00404_00864,70,pdm_closed,250,250,0.0,0.5076203142348356,1.2272889126367028,1.3561292869182038,1,239,0.0,0.5076203142348356,1.2272889126367028,1.3561292869182038,1,243,0.0,0.5076203142348356,1.2272889126367028,1.3561292869182038,1
087f4978523b5cdd,2021.06.09.17.37.09_veh-12_00404_00864,83,pdm_closed,249,249,0.0,0.49958240662359643,1.2273640028230357,1.3561694185367243,1,238,0.0,0.49958240662359643,1.2273640028230357,1.3561694185367243,1,240,0.0,0.49958240662359643,1.2273640028230357,1.3561694185367243,1
087f4978523b5cdd,2021.06.09.17.37.09_veh-12_00404_00864,97,pdm_closed,244,244,0.0,0.5098853004074626,1.2273425085176028,1.3561752365768367,1,235,0.0,0.5098853004074626,1.2273425085176028,1.3561752365768367,1,239,0.0,0.5098853004074626,1.2273425085176028,1.3561752365768367,1
087f4978523b5cdd,2021.06.09.17.37.09_veh-12_00404_00864,110,pdm_closed,246,246,0.0,0.5076203106438023,1.2273690798428554,1.3561779346781202,1,236,0.0,0.5076203106438023,1.2273690798428554,1.3561779346781202,1,240,0.0,0.5076203106438023,1.2273690798428554,1.3561779346781202,1
087f4978523b5cdd,2021.06.09.17.37.09_veh-12_00404_00864,123,pdm_closed,245,245,0.0,0.5079608500807309,1.2273328219100526,1.3561954289058702,1,236,0.0,0.5079608500807309,1.2273328219100526,1.3561954289058702,1,239,0.0,0.5079608500807309,1.2273328219100526,1.3561954289058702,1
087f4978523b5cdd,2021.06.09.17.37.09_veh-12_00404_00864,137,pdm_closed,248,248,0.0,0.5136661533511022,1.2273968910316646,1.3562134112020812,1,237,0.0,0.5136661533511022,1.2273968910316646,1.3562134112020812,1,240,0.0,0.5136661533511022,1.2273968910316646,1.3562134112020812,1
087f4978523b5cdd,2021.06.09.17.37.09_veh-12_00404_00864,150,pdm_closed,258,258,0.0,0.5069386746520665,1.2273896240691178,1.356143344115202,1,244,0.0,0.5069386746520665,1.2273896240691178,1.356143344115202,1,246,0.0,0.5069386746520665,1.2273896240691178,1.356143344115202,1
087f4978523b5cdd,2021.06.09.17.37.09_veh-12_00404_00864,163,pdm_closed,256,256,0.0,0.5141937482764147,1.227352367121835,1.3561530403317537,1,244,0.0,0.5141937482764147,1.227352367121835,1.3561530403317537,1,247,0.0,0.5141937482764147,1.227352367121835,1.3561530403317537,1
087f4978523b5cdd,2021.06.09.17.37.09_veh-12_00404_00864,176,pdm_closed,257,257,0.0,0.5072040451047701,1.2274120801258226,1.3561587244706805,1,242,0.0,0.5072040451047701,1.2274120801258226,1.3561587244706805,1,247,0.0,0.5072040451047701,1.2274120801258226,1.3561587244706805,1
087f4978523b5cdd,2021.06.09.17.37.09_veh-12_00404_00864,190,pdm_closed,248,248,0.0,0.5021908823342431,1.2273569945860743,1.3561761425201388,1,234,0.0,0.5021908823342431,1.2273569945860743,1.3561761425201388,1,239,0.0,0.5021908823342431,1.2273569945860743,1.3561761425201388,1
087f4978523b5cdd,2021.06.09.17.37.09_veh-12_00404_00864,203,pdm_closed,249,249,0.0,0.5115158975238124,1.2273843915298466,1.3562522104330528,1,236,0.0,0.5115158975238124,1.2273843915298466,1.3562522104330528,1,238,0.0,0.5115158975238124,1.2273843915298466,1.3562522104330528,1
087f4978523b5cdd,2021.06.09.17.37.09_veh-12_00404_00864,216,pdm_closed,244,244,0.0,0.5072040166944946,1.2274187688632128,1.3562224291164253,1,231,0.0,0.5072040166944946,1.2274187688632128,1.3562224291164253,1,236,0.0,0.5072040166944946,1.2274187688632128,1.3562224291164253,1
087f4978523b5cdd,2021.06.09.17.37.09_veh-12_00404_00864,230,pdm_closed,244,244,0.0,0.5021908771976776,1.227456337194103,1.3562459796783748,1,231,0.0,0.5021908771976776,1.227456337194103,1.3562459796783748,1,235,0.0,0.5021908771976776,1.227456337194103,1.3562459796783748,1
087f4978523b5cdd,2021.06.09.17.37.09_veh-12_00404_00864,243,pdm_closed,246,246,0.0,0.5115158799652868,1.2274329732944427,1.3562297443188656,1,232,0.0,0.5115158799652868,1.2274329732944427,1.3562297443188656,1,233,0.0,0.5115158799652868,1.2274329732944427,1.3562297443188656,1
087f4978523b5cdd,2021.06.09.17.37.09_veh-12_00404_00864,256,pdm_closed,252,252,0.0,0.5121935892417872,1.2274200224329719,1.35618956570361,1,240,0.0,0.5121935892417872,1.2274200224329719,1.35618956570361,1,244,0.0,0.5121935892417872,1.2274200224329719,1.35618956570361,1
087f4978523b5cdd,2021.06.09.17.37.09_veh-12_00404_00864,270,pdm_closed,251,251,0.0,0.5152285096737863,1.2274346641955614,1.3562368817037018,1,237,0.0,0.5152285096737863,1.2274346641955614,1.3562368817037018,1,242,0.0,0.5152285096737863,1.2274346641955614,1.3562368817037018,1
087f4978523b5cdd,2021.06.09.17.37.09_veh-12_00404_00864,283,pdm_closed,249,249,0.0,0.5100084396162134,1.2274290948389561,1.356273205349164,1,235,0.0,0.5100084396162134,1.2274290948389561,1.356273205349164,1,239,0.0,0.5100084396162134,1.2274290948389561,1.356273205349164,1
087f4978523b5cdd,2021.06.09.17.37.09_veh-12_00404_00864,296,pdm_closed,251,251,0.0,0.5170457497125024,1.2273670983462477,1.356199556652086,1,238,0.0,0.5170457497125024,1.2273670983462477,1.356199556652086,1,243,0.0,0.5170457497125024,1.2273670983462477,1.356199556652086,1
087f4978523b5cdd,2021.06.09.17.37.09_veh-12_00404_00864,310,pdm_closed,248,248,0.0,0.515228481477558,1.2274319878286715,1.35617802466064,1,232,0.0,0.515228481477558,1.2274319878286715,1.35617802466064,1,239,0.0,0.515228481477558,1.2274319878286715,1.35617802466064,1
0ccc6a47285b5da5,2021.10.05.07.10.04_veh-52_01442_01802,4,pdm_closed,13,13,0.0,3.5992132860765316,11.193099468395156,15.292610213743872,1,12,0.0,3.5992132860765316,11.193099468395156,15.292610213743872,1,12,0.0,3.5992132860765316,11.193099468395156,15.292610213743872,1
0ccc6a47285b5da5,2021.10.05.07.10.04_veh-52_01442_01802,17,pdm_closed,14,14,0.0,3.524340514260863,7.7433319761654165,12.454528917917754,1,14,0.0,3.524340514260863,7.7433319761654165,12.454528917917754,1,14,0.0,3.524340514260863,7.7433319761654165,12.454528917917754,1
0ccc6a47285b5da5,2021.10.05.07.10.04_veh-52_01442_01802,30,pdm_closed,13,13,0.0,3.5485638119302245,4.048699561883175,9.34907850429249,1,13,0.0,3.5485638119302245,4.048699561883175,9.34907850429249,1,13,0.0,3.5485638119302245,4.048699561883175,9.34907850429249,1
0ccc6a47285b5da5,2021.10.05.07.10.04_veh-52_01442_01802,43,pdm_closed,13,13,0.0,4.671757687055189,3.429984553218803,9.313554219138362,1,13,0.0,4.671757687055189,3.429984553218803,9.313554219138362,1,13,0.0,4.671757687055189,3.429984553218803,9.313554219138362,1
0ccc6a47285b5da5,2021.10.05.07.10.04_veh-52_01442_01802,57,pdm_closed,15,15,0.0,6.5722450037776605,3.821195660848473,10.110156785640479,1,15,0.0,6.5722450037776605,3.821195660848473,10.110156785640479,1,15,0.0,6.5722450037776605,3.821195660848473,10.110156785640479,1
0ccc6a47285b5da5,2021.10.05.07.10.04_veh-52_01442_01802,70,pdm_closed,15,15,0.0,9.55084728219224,4.257509155344699,10.473397456635535,1,15,0.0,9.55084728219224,4.257509155344699,10.473397456635535,1,15,0.0,9.55084728219224,4.257509155344699,10.473397456635535,1
0ccc6a47285b5da5,2021.10.05.07.10.04_veh-52_01442_01802,83,pdm_closed,13,13,0.0,13.702000021835863,4.42799875878383,10.96453467253659,1,12,0.0,13.702000021835863,4.42799875878383,10.96453467253659,1,12,0.0,13.702000021835863,4.42799875878383,10.96453467253659,1
0ccc6a47285b5da5,2021.10.05.07.10.04_veh-52_01442_01802,97,pdm_closed,14,14,0.0,18.513528566725874,4.6540946080711665,11.818004260913673,1,13,0.0,18.513528566725874,4.6540946080711665,11.818004260913673,1,13,0.0,18.513528566725874,4.6540946080711665,11.818004260913673,1
0ccc6a47285b5da5,2021.10.05.07.10.04_veh-52_01442_01802,110,pdm_closed,12,12,0.0,23.510177480183767,4.659651077600083,11.746389118962036,1,11,0.0,23.510177480183767,4.659651077600083,11.746389118962036,1,12,0.0,23.510177480183767,4.659651077600083,11.746389118962036,1
0ccc6a47285b5da5,2021.10.05.07.10.04_veh-52_01442_01802,123,pdm_closed,11,11,0.0,24.29501207294504,3.5489410645697044,9.246945578828326,1,10,0.0,24.29501207294504,3.5489410645697044,9.246945578828326,1,10,0.0,24.29501207294504,3.5489410645697044,9.246945578828326,1
0ccc6a47285b5da5,2021.10.05.07.10.04_veh-52_01442_01802,137,pdm_closed,11,11,0.0,27.37001246021852,1.427676990670172,2.653494593503566,1,10,0.0,27.37001246021852,1.427676990670172,2.653494593503566,1,10,0.0,27.37001246021852,1.427676990670172,2.653494593503566,1
0ccc6a47285b5da5,2021.10.05.07.10.04_veh-52_01442_01802,150,pdm_closed,11,11,0.0,24.17071962770322,7.2687928985432375,18.203407807175523,1,11,0.0,24.17071962770322,7.2687928985432375,18.203407807175523,1,11,0.0,24.17071962770322,7.2687928985432375,18.203407807175523,1
0ccc6a47285b5da5,2021.10.05.07.10.04_veh-52_01442_01802,163,pdm_closed,10,10,0.0,25.084112990915973,7.843067567396093,19.117747280017504,1,9,0.0,25.084112990915973,7.843067567396093,19.117747280017504,1,9,0.0,25.084112990915973,7.843067567396093,19.117747280017504,1
0ccc6a47285b5da5,2021.10.05.07.10.04_veh-52_01442_01802,176,pdm_closed,8,8,0.0,25.444584519246693,7.76112702434399,18.20439882947879,1,7,0.0,25.444584519246693,7.76112702434399,18.20439882947879,1,7,0.0,25.444584519246693,7.76112702434399,18.20439882947879,1
0ccc6a47285b5da5,2021.10.05.07.10.04_veh-52_01442_01802,190,pdm_closed,7,7,0.0,25.023759021271285,6.767640298099037,15.31345479484127,1,6,0.0,25.023759021271285,6.767640298099037,15.31345479484127,1,6,0.0,25.023759021271285,6.767640298099037,15.31345479484127,1
0ccc6a47285b5da5,2021.10.05.07.10.04_veh-52_01442_01802,203,pdm_closed,7,7,0.0,25.137037903817212,5.368426561328271,11.863560146714777,1,6,0.0,25.137037903817212,5.368426561328271,11.863560146714777,1,7,0.0,25.137037903817212,5.368426561328271,11.863560146714777,1
0ccc6a47285b5da5,2021.10.05.07.10.04_veh-52_01442_01802,216,pdm_closed,8,8,0.0,24.210963445880946,3.3061990281823275,8.028366516598993,1,7,0.0,24.210963445880946,3.3061990281823275,8.028366516598993,1,7,0.0,24.210963445880946,3.3061990281823275,8.028366516598993,1
0ccc6a47285b5da5,2021.10.05.07.10.04_veh-52_01442_01802,230,pdm_closed,9,9,0.0,24.1992780448044,2.2748532846179743,5.892426745670703,1,8,0.0,24.1992780448044,2.2748532846179743,5.892426745670703,1,7,0.0,24.1992780448044,2.2748532846179743,5.892426745670703,1
0ccc6a47285b5da5,2021.10.05.07.10.04_veh-52_01442_01802,243,pdm_closed,8,8,0.0,24.178195515314687,1.741779286123849,4.83896939424335,1,7,0.0,24.178195515314687,1.741779286123849,4.83896939424335,1,7,0.0,24.178195515314687,1.741779286123849,4.83896939424335,1
0ccc6a47285b5da5,2021.10.05.07.10.04_veh-52_01442_01802,256,pdm_closed,8,8,0.0,24.392350686805116,1.6854900793751566,4.826524593877591,1,8,0.0,24.392350686805116,1.6854900793751566,4.826524593877591,1,8,0.0,24.392350686805116,1.6854900793751566,4.826524593877591,1
0ccc6a47285b5da5,2021.10.05.07.10.04_veh-52_01442_01802,270,pdm_closed,6,6,0.0,23.972225205052037,2.0049096357187897,5.208850111569855,1,6,0.0,23.972225205052037,2.0049096357187897,5.208850111569855,1,6,0.0,23.972225205052037,2.0049096357187897,5.208850111569855,1
0ccc6a47285b5da5,2021.10.05.07.10.04_veh-52_01442_01802,283,pdm_closed,5,5,0.0,25.624101663835656,2.1312177200850115,6.062264601140235,1,4,0.0,25.624101663835656,2.1312177200850115,6.062264601140235,1,4,0.0,25.624101663835656,2.1312177200850115,6.062264601140235,1
0ccc6a47285b5da5,2021.10.05.07.10.04_veh-52_01442_01802,296,pdm_closed,4,4,0.0,23.075495636592766,13.841515955775588,18.521109506017176,1,3,0.0,23.075495636592766,13.841515955775588,18.521109506017176,1,3,0.0,23.075495636592766,13.841515955775588,18.521109506017176,1
0ccc6a47285b5da5,2021.10.05.07.10.04_veh-52_01442_01802,310,pdm_closed,4,4,0.0,21.225031307257822,10.258762961794528,15.483212540575515,1,3,0.0,21.225031307257822,10.258762961794528,15.483212540575515,1,3,0.0,21.225031307257822,10.258762961794528,15.483212540575515,1
1112f279a18757c6,2021.07.16.18.06.21_veh-38_04471_04922,4,pdm_closed,67,67,0.0,0.58321783389433,1.982195819444746,2.7771650429895867,1,54,0.0,0.58321783389433,1.982195819444746,2.7771650429895867,1,59,0.0,0.58321783389433,1.982195819444746,2.7771650429895867,1
1112f279a18757c6,2021.07.16.18.06.21_veh-38_04471_04922,17,pdm_closed,63,63,0.0,0.5586364852192,1.983878252471673,2.7805163698291424,1,52,0.0,0.5586364852192,1.983878252471673,2.7805163698291424,1,55,0.0,0.5586364852192,1.983878252471673,2.7805163698291424,1
1112f279a18757c6,2021.07.16.18.06.21_veh-38_04471_04922,30,pdm_closed,62,62,0.0,0.5561724028654279,1.9853414016819149,2.7838843646251723,1,55,0.0,0.5561724028654279,1.9853414016819149,2.7838843646251723,1,59,0.0,0.5561724028654279,1.9853414016819149,2.7838843646251723,1
1112f279a18757c6,2021.07.16.18.06.21_veh-38_04471_04922,43,pdm_closed,51,51,0.0,0.5590249081589895,1.9842624527598742,2.781652329608808,1,43,0.0,0.5590249081589895,1.9842624527598742,2.781652329608808,1,46,0.0,0.5590249081589895,1.9842624527598742,2.781652329608808,1
1112f279a18757c6,2021.07.16.18.06.21_veh-38_04471_04922,57,pdm_closed,50,50,0.0,0.5457309517136549,1.984237196434497,2.78118180062888,1,41,0.0,0.5457309517136549,1.984237196434497,2.78118180062888,1,44,0.0,0.5457309517136549,1.984237196434497,2.78118180062888,1
1112f279a18757c6,2021.07.16.18.06.21_veh-38_04471_04922,70,pdm_closed,51,51,0.0,0.5356214368670128,1.9828169903975343,2.7783400087301544,1,45,0.0,0.5356214368670128,1.9828169903975343,2.7783400087301544,1,45,0.0,0.5356214368670128,1.9828169903975343,2.7783400087301544,1
1112f279a18757c6,2021.07.16.18.06.21_veh-38_04471_04922,83,pdm_closed,55,55,0.0,0.5392673803706464,1.9841655302898746,2.781241943271703,1,45,0.0,0.5392673803706464,1.9841655302898746,2.781241943271703,1,51,0.0,0.5392673803706464,1.9841655302898746,2.781241943271703,1
1112f279a18757c6,2021.07.16.18.06.21_veh-38_04471_04922,97,pdm_closed,52,52,0.0,0.5428539340559129,1.9827748354078636,2.775147088171987,1,41,0.0,0.5428539340559129,1.9827748354078636,2.775147088171987,1,44,0.0,0.5428539340559129,1.9827748354078636,2.775147088171987,1
1112f279a18757c6,2021.07.16.18.06.21_veh-38_04471_04922,110,pdm_closed,48,48,0.0,0.5529804831378214,1.9827621355044587,2.765134390099047,1,41,0.0,0.5529804831378214,1.9827621355044587,2.765134390099047,1,44,0.0,0.5529804831378214,1.9827621355044587,2.765134390099047,1
1112f279a18757c6,2021.07.16.18.06.21_veh-38_04471_04922,123,pdm_closed,53,53,0.0,0.5646692632114624,1.957059362771461,2.5832883585994435,1,45,0.0,0.5646692632114624,1.957059362771461,2.5832883585994435,1,47,0.0,0.5646692632114624,1.957059362771461,2.5832883585994435,1
1112f279a18757c6,2021.07.16.18.06.21_veh-38_04471_04922,137,pdm_closed,56,56,0.0,0.5702274619805844,1.831084325664197,1.9621447767337266,1,47,0.0,0.5702274619805844,1.831084325664197,1.9621447767337266,1,49,0.0,0.5702274619805844,1.831084325664197,1.9621447767337266,1
1112f279a18757c6,2021.07.16.18.06.21_veh-38_04471_04922,150,pdm_closed,68,68,0.0,0.5838018307705306,1.5908389994961767,1.1700988594865795,1,59,0.0,0.5838018307705306,1.5908389994961767,1.1700988594865795,1,63,0.0,0.5838018307705306,1.5908389994961767,1.1700988594865795,1
1112f279a18757c6,2021.07.16.18.06.21_veh-38_04471_04922,163,pdm_closed,68,68,0.0,0.6211766515274889,1.4401042975552092,1.7939351297441255,1,61,0.0,0.6211766515274889,1.4401042975552092,1.7939351297441255,1,67,0.0,0.6211766515274889,1.4401042975552092,1.7939351297441255,1
1112f279a18757c6,2021.07.16.18.06.21_veh-38_04471_04922,176,pdm_closed,67,67,0.0,0.2912164898556597,1.6888934473728066,3.8806724095163543,1,61,0.0,0.2912164898556597,1.6888934473728066,3.8806724095163543,1,60,0.0,0.2912164898556597,1.6888934473728066,3.8806724095163543,1
1112f279a18757c6,2021.07.16.18.06.21_veh-38_04471_04922,190,pdm_closed,69,69,0.0,0.27122284813460606,1.976037823535513,4.90960211938825,1,61,0.0,0.27122284813460606,1.976037823535513,4.90960211938825,1,63,0.0,0.27122284813460606,1.976037823535513,4.90960211938825,1
1112f279a18757c6,2021.07.16.18.06.21_veh-38_04471_04922,203,pdm_closed,70,70,0.0,0.23059775808458668,2.7086592791193835,6.278102179517177,1,58,0.0,0.23059775808458668,2.7086592791193835,6.278102179517177,1,61,0.0,0.23059775808458668,2.7086592791193835,6.278102179517177,1
1112f279a18757c6,2021.07.16.18.06.21_veh-38_04471_04922,216,pdm_closed,74,74,0.0,0.10319638847011837,3.125743205679795,7.12313475844043,1,61,0.0,0.10319638847011837,3.125743205679795,7.12313475844043,1,66,0.0,0.10319638847011837,3.125743205679795,7.12313475844043,1
1112f279a18757c6,2021.07.16.18.06.21_veh-38_04471_04922,230,pdm_closed,88,88,0.0,0.9828136239181641,2.9391958099702795,7.033400216272038,1,73,0.0,0.9828136239181641,2.9391958099702795,7.033400216272038,1,80,0.0,0.9828136239181641,2.9391958099702795,7.033400216272038,1
1112f279a18757c6,2021.07.16.18.06.21_veh-38_04471_04922,243,pdm_closed,91,91,0.0,0.863521485562096,2.9818873355146502,6.717275425437231,1,77,0.0,0.863521485562096,2.9818873355146502,6.717275425437231,1,83,0.0,0.863521485562096,2.9818873355146502,6.717275425437231,1
1112f279a18757c6,2021.07.16.18.06.21_veh-38_04471_04922,256,pdm_closed,86,86,0.0,0.7703410713578718,2.76999062715534,6.045647525208813,1,69,0.0,0.7703410713578718,2.76999062715534,6.045647525208813,1,77,0.0,0.7703410713578718,2.76999062715534,6.045647525208813,1
1112f279a18757c6,2021.07.16.18.06.21_veh-38_04471_04922,270,pdm_closed,88,88,0.0,0.6915645916493505,2.2417357544461445,4.730440764584963,1,67,0.0,0.6915645916493505,2.2417357544461445,4.730440764584963,1,73,0.0,0.6915645916493505,2.2417357544461445,4.730440764584963,1
1112f279a18757c6,2021.07.16.18.06.21_veh-38_04471_04922,283,pdm_closed,82,82,0.0,0.8662907430238679,1.743579396894817,3.465401098763942,1,62,0.0,0.8662907430238679,1.743579396894817,3.465401098763942,1,70,0.0,0.8662907430238679,1.743579396894817,3.465401098763942,1
1112f279a18757c6,2021.07.16.18.06.21_veh-38_04471_04922,296,pdm_closed,80,80,0.0,0.6452032650402292,1.6594179640706086,2.8096395336397038,1,56,0.0,0.6452032650402292,1.6594179640706086,2.8096395336397038,1,61,0.0,0.6452032650402292,1.6594179640706086,2.8096395336397038,1
1112f279a18757c6,2021.07.16.18.06.21_veh-38_04471_04922,310,pdm_closed,82,82,0.0,0.7053407549059021,1.3685070662564953,1.9997771962569284,1,58,0.0,1.7057662286582778,1.51087760759544,2.1671439734155054,1,71,0.0,1.7057662286582778,1.51087760759544,2.1671439734155054,1
1544fea2d87a510d,2021.05.12.23.36.44_veh-35_00152_00504,4,pdm_closed,272,272,0.0,4.400151611366194,1.1261240973740316,2.613447945868667,1,239,0.0,4.4142922354115735,3.81085827185908,9.480928118259554,1,257,0.0,4.400151611366194,1.1261240973740316,2.613447945868667,1
1544fea2d87a510d,2021.05.12.23.36.44_veh-35_00152_00504,17,pdm_closed,265,265,0.0,4.382407340211422,1.1787276075098778,3.065356407255139,1,236,0.0,4.382407340211422,1.1787276075098778,3.065356407255139,1,253,0.0,4.382407340211422,1.1787276075098778,3.065356407255139,1
1544fea2d87a510d,2021.05.12.23.36.44_veh-35_00152_00504,30,pdm_closed,268,268,0.0,4.370888611385917,1.4308613349634711,4.1240880301493235,1,228,0.0,1.4803455350684387,4.084612977891143,10.970258195582081,1,247,0.0,1.4803455350684387,4.084612977891143,10.970258195582081,1
1544fea2d87a510d,2021.05.12.23.36.44_veh-35_00152_00504,43,pdm_closed,269,269,0.0,4.386568658601249,1.7954727818680187,5.2415098473413115,1,235,0.0,4.386568658601249,1.7954727818680187,5.2415098473413115,1,250,0.0,4.386568658601249,1.7954727818680187,5.2415098473413115,1
1544fea2d87a510d,2021.05.12.23.36.44_veh-35_00152_00504,57,pdm_closed,267,267,0.0,4.383775744854924,1.9500946103737036,5.620775266704003,1,226,1.0,0.0,5.466564096184686,14.650022393541406,1,242,0.0,4.383775744854924,1.9500946103737036,5.620775266704003,1
1544fea2d87a510d,2021.05.12.23.36.44_veh-35_00152_00504,70,pdm_closed,273,273,0.0,4.345159496268212,1.8063647282359723,4.734020665406465,1,228,0.0,4.345159496268212,1.8063647282359723,4.734020665406465,1,248,0.0,4.345159496268212,1.8063647282359723,4.734020665406465,1
1544fea2d87a510d,2021.05.12.23.36.44_veh-35_00152_00504,83,pdm_closed,276,276,0.0,1.5005867187964295,1.314718556545833,2.8434191128500816,1,226,0.0,1.5005867187964295,1.314718556545833,2.8434191128500816,1,248,0.0,1.5005867187964295,1.314718556545833,2.8434191128500816,1
1544fea2d87a510d,2021.05.12.23.36.44_veh-35_00152_00504,97,pdm_closed,282,282,0.0,1.4682760616056438,0.803111870358889,1.228276122223441,1,236,1.0,0.0,7.1919860987971,17.209579884964416,1,257,1.0,0.0,7.1919860987971,17.209579884964416,1
1544fea2d87a510d,2021.05.12.23.36.44_veh-35_00152_00504,110,pdm_closed,283,283,0.0,1.3753560876310797,0.534128015864503,0.5773285095740709,1,242,0.0,1.3753560876310797,0.534128015864503,0.5773285095740709,1,262,0.0,1.3753560876310797,0.534128015864503,0.5773285095740709,1
1544fea2d87a510d,2021.05.12.23.36.44_veh-35_00152_00504,123,pdm_closed,277,277,0.0,1.257689304938798,0.16797537090033066,0.09479861087526371,1,231,0.0,1.257689304938798,0.16797537090033066,0.09479861087526371,1,252,0.0,1.257689304938798,0.16797537090033066,0.09479861087526371,1
1544fea2d87a510d,2021.05.12.23.36.44_veh-35_00152_00504,137,pdm_closed,271,271,0.0,1.2618624616926712,0.1830037815551787,0.6780282976608034,1,233,0.0,1.2618624616926712,0.1830037815551787,0.6780282976608034,1,249,0.0,1.2618624616926712,0.1830037815551787,0.6780282976608034,1
1544fea2d87a510d,2021.05.12.23.36.44_veh-35_00152_00504,150,pdm_closed,265,265,0.0,1.2644024804152625,0.35529051313146837,1.1789283048009562,1,239,0.0,1.2644024804152625,0.35529051313146837,1.1789283048009562,1,248,0.0,1.2644024804152625,0.35529051313146837,1.1789283048009562,1
1544fea2d87a510d,2021.05.12.23.36.44_veh-35_00152_00504,163,pdm_closed,273,273,0.0,1.2576893027026197,0.5002139086333443,1.4770225681780802,1,241,0.0,1.2576893027026197,0.5002139086333443,1.4770225681780802,1,256,0.0,1.2576893027026197,0.5002139086333443,1.4770225681780802,1
1544fea2d87a510d,2021.05.12.23.36.44_veh-35_00152_00504,176,pdm_closed,273,273,0.0,1.2656310686911711,0.3871947717737505,1.1000310868266807,1,242,0.0,1.2656310686911711,0.3871947717737505,1.1000310868266807,1,261,0.0,1.2656310686911711,0.3871947717737505,1.1000310868266807,1
1544fea2d87a510d,2021.05.12.23.36.44_veh-35_00152_00504,190,pdm_closed,265,265,0.0,1.2644024887848782,0.2278127231065544,0.6307894141799711,1,241,0.0,0.857445677370282,2.951116440406232,7.819985002284522,1,255,0.0,0.857445677370282,2.951116440406232,7.819985002284522,1
1544fea2d87a510d,2021.05.12.23.36.44_veh-35_00152_00504,203,pdm_closed,254,254,0.0,1.2650139781336838,0.30267267759368766,0.6769058193286439,1,232,0.0,0.8969370389518927,2.410780750089077,6.634462265408009,1,242,0.0,0.8969370389518927,2.410780750089077,6.634462265408009,1
1544fea2d87a510d,2021.05.12.23.36.44_veh-35_00152_00504,216,pdm_closed,253,253,0.0,1.3017068404815881,0.20579951679942893,0.25540160450331295,1,232,0.0,1.3017068404815881,0.20579951679942893,0.25540160450331295,1,241,0.0,1.3017068404815881,0.20579951679942893,0.25540160450331295,1
1544fea2d87a510d,2021.05.12.23.36.44_veh-35_00152_00504,230,pdm_closed,245,245,0.0,2.1059813278752366,0.191841715198011,0.36409120784258936,1,226,0.0,2.1059813278752366,0.191841715198011,0.36409120784258936,1,237,0.0,2.1059813278752366,0.191841715198011,0.36409120784258936,1
1544fea2d87a510d,2021.05.12.23.36.44_veh-35_00152_00504,243,pdm_closed,246,246,0.0,3.897130531243575,0.3530281118913059,0.3707464659314575,1,225,0.0,3.897130531243575,0.3530281118913059,0.3707464659314575,1,233,0.0,3.897130531243575,0.3530281118913059,0.3707464659314575,1
1544fea2d87a510d,2021.05.12.23.36.44_veh-35_00152_00504,256,pdm_closed,243,243,0.0,3.823519251561885,0.42476535477684696,0.14949162790025594,1,225,0.0,3.823519251561885,0.42476535477684696,0.14949162790025594,1,234,0.0,3.823519251561885,0.42476535477684696,0.14949162790025594,1
1544fea2d87a510d,2021.05.12.23.36.44_veh-35_00152_00504,270,pdm_closed,246,246,0.0,1.9041161726902738,0.3628308794687918,0.8492992964739924,1,224,0.0,1.9041161726902738,0.3628308794687918,0.8492992964739924,1,233,0.0,1.9041161726902738,0.3628308794687918,0.8492992964739924,1
1544fea2d87a510d,2021.05.12.23.36.44_veh-35_00152_00504,283,pdm_closed,243,243,0.0,1.0422569687379644,0.48226854171797706,1.3704000489727026,1,215,1.0,0.0,3.825661416864474,10.451671468511297,1,228,0.0,1.0422569687379644,0.48226854171797706,1.3704000489727026,1
1544fea2d87a510d,2021.05.12.23.36.44_veh-35_00152_00504,296,pdm_closed,245,245,0.0,1.0743509515340528,0.6927271362999028,2.1443570914072256,1,209,1.0,0.0,4.080197988213077,11.298151305530704,1,222,0.0,1.0743509515340528,0.6927271362999028,2.1443570914072256,1
1544fea2d87a510d,2021.05.12.23.36.44_veh-35_00152_00504,310,pdm_closed,247,247,0.0,1.0521204943363522,0.843406516290586,2.6066431425208814,1,204,1.0,0.0,4.793916524488914,12.990327946588085,1,224,1.0,0.0,4.793916524488914,12.990327946588085,1
198bbb19fb025e1e,2021.05.12.22.00.38_veh-35_01008_01518,4,pdm_closed,213,213,0.0,1.1544049720866623,1.6839352367659997,4.340878782235783,1,187,0.0,1.154339859404257,2.416312729909797,6.115337315069438,1,196,0.0,1.1544049720866623,1.6839352367659997,4.340878782235783,1
198bbb19fb025e1e,2021.05.12.22.00.38_veh-35_01008_01518,17,pdm_closed,222,222,0.0,1.145523984444399,1.6186423141058446,4.465331159795745,1,197,0.0,1.1455239866725535,2.571147991098105,6.788500831228238,1,209,0.0,1.145523984444399,1.6186423141058446,4.465331159795745,1
198bbb19fb025e1e,2021.05.12.22.00.38_veh-35_01008_01518,30,pdm_closed,209,209,0.0,1.1889307464360837,1.9636083261189792,5.327131621871228,1,183,0.0,1.1888866242189782,3.258677540708602,8.480006684978711,1,193,0.0,1.1889307464360837,1.9636083261189792,5.327131621871228,1
198bbb19fb025e1e,2021.05.12.22.00.38_veh-35_01008_01518,43,pdm_closed,208,208,0.0,2.240494139746,1.8815302753446697,3.3808089857677306,1,181,1.0,0.0,3.8844512036985517,10.263959777143072,1,190,0.0,1.2047197517985895,2.609332409861497,4.575237316229468,1
198bbb19fb025e1e,2021.05.12.22.00.38_veh-35_01008_01518,57,pdm_closed,201,201,0.0,2.220078603400517,2.0301885941172673,2.8760731693184463,1,176,0.0,2.216685878229008,2.8652318049786647,4.17979906206072,1,188,0.0,2.216685878229008,2.8652318049786647,4.17979906206072,1
198bbb19fb025e1e,2021.05.12.22.00.38_veh-35_01008_01518,70,pdm_closed,196,196,0.0,2.235051517713239,2.3216803875372976,2.9965309421607054,1,170,0.0,2.2270554067213846,3.6876365907511612,5.500499101019996,1,180,0.0,2.2270554067213846,3.6876365907511612,5.500499101019996,1
198bbb19fb025e1e,2021.05.12.22.00.38_veh-35_01008_01518,83,pdm_closed,188,188,0.0,0.2376670613292123,1.044497509643259,1.1834172317854506,1,164,0.0,0.2376670613292123,1.0467936408214924,1.20170403996776,1,178,0.0,0.2376670613292123,1.044497509643259,1.1834172317854506,1
198bbb19fb025e1e,2021.05.12.22.00.38_veh-35_01008_01518,97,pdm_closed,174,174,0.0,1.2336779437615726,0.2998131235962928,1.0492967991644617,1,150,0.0,0.233674548299475,1.1361283558053514,1.8916614534536185,1,160,0.0,1.2336779437615726,0.2998131235962928,1.0492967991644617,1
198bbb19fb025e1e,2021.05.12.22.00.38_veh-35_01008_01518,110,pdm_closed,168,168,0.0,0.2843728661740676,1.1070122687529764,1.777604900570237,1,150,0.0,0.2843728661740676,1.1070122687529764,1.777604900570237,1,161,0.0,0.2843728661740676,1.1070122687529764,1.777604900570237,1
198bbb19fb025e1e,2021.05.12.22.00.38_veh-35_01008_01518,123,pdm_closed,159,159,0.0,0.32798631946235646,1.0723502955556312,1.0872612731577493,1,142,0.0,0.32798631946235646,1.0739169886271656,1.1012137954008252,1,147,0.0,0.32798631946235646,1.0739169886271656,1.1012137954008252,1
198bbb19fb025e1e,2021.05.12.22.00.38_veh-35_01008_01518,137,pdm_closed,158,158,0.0,0.285274856944578,1.2451913845692484,1.6398330331225757,1,140,0.0,0.280774942641218,1.2663981418318553,1.819206017122034,1,151,0.0,0.285274856944578,1.2451913845692484,1.6398330331225757,1
198bbb19fb025e1e,2021.05.12.22.00.38_veh-35_01008_01518,150,pdm_closed,159,159,0.0,1.2726340644233627,0.8331068171083138,0.41589779672982996,1,143,0.0,1.2722928335466777,0.8341400345104628,0.4405160588925614,1,151,0.0,1.2726340644233627,0.8331068171083138,0.41589779672982996,1
198bbb19fb025e1e,2021.05.12.22.00.38_veh-35_01008_01518,163,pdm_closed,154,154,0.0,0.2414173913098374,2.2025464823842036,5.100096105153876,1,138,0.0,0.9329578152519108,0.9291474339201854,2.006922481104899,1,146,0.0,0.24119299663037183,2.190040772427082,5.04293661851066,1
198bbb19fb025e1e,2021.05.12.22.00.38_veh-35_01008_01518,176,pdm_closed,146,146,0.0,0.9492028368868246,1.043009259267675,3.175210685874173,1,133,0.0,0.9492028368868246,1.043009259267675,3.175210685874173,1,138,0.0,0.9492028368868246,1.043009259267675,3.175210685874173,1
198bbb19fb025e1e,2021.05.12.22.00.38_veh-35_01008_01518,190,pdm_closed,143,143,0.0,0.7676704192723163,2.4231190412916974,6.839848471059061,1,125,0.0,0.7687190121046924,3.2589645152263076,9.594475908361622,1,135,0.0,0.7676704192723163,2.4231190412916974,6.839848471059061,1
198bbb19fb025e1e,2021.05.12.22.00.38_veh-35_01008_01518,203,pdm_closed,143,143,0.0,0.7622623353097571,3.46893573657423,8.337224173268938,1,127,0.0,0.7660218094248552,4.837688429782703,12.577599052059592,1,136,0.0,0.7622623353097571,3.46893573657423,8.337224173268938,1
198bbb19fb025e1e,2021.05.12.22.00.38_veh-35_01008_01518,216,pdm_closed,142,142,0.0,0.730594976952817,3.037556940171366,7.176479270529071,1,122,0.0,0.7560857614462188,4.682047898221191,12.28743587722032,1,132,0.0,0.7541872658083745,3.606973262032391,9.740214484024936,1
198bbb19fb025e1e,2021.05.12.22.00.38_veh-35_01008_01518,230,pdm_closed,150,150,0.0,0.7363805078131487,2.6584188347608513,6.1136782456564855,1,133,0.0,0.7363805078131487,2.6584188347608513,6.1136782456564855,1,141,0.0,0.7363805078131487,2.6584188347608513,6.1136782456564855,1
198bbb19fb025e1e,2021.05.12.22.00.38_veh-35_01008_01518,243,pdm_closed,149,149,0.0,0.7045346259203172,2.0659560861300683,3.823615014241895,1,130,1.0,0.0,4.657392593620289,12.340130237028836,1,136,1.0,0.0,4.657392593620289,12.340130237028836,1
198bbb19fb025e1e,2021.05.12.22.00.38_veh-35_01008_01518,256,pdm_closed,148,148,0.0,0.6856806601293872,1.6815234766824232,2.7336510171681554,1,130,0.0,0.6869422968241174,2.2996253990804822,5.1045774593565545,1,137,0.0,0.6856806601293872,1.6815234766824232,2.7336510171681554,1
198bbb19fb025e1e,2021.05.12.22.00.38_veh-35_01008_01518,270,pdm_closed,150,150,0.0,0.6807571751915232,1.2014497581331913,1.5821313430834083,1,132,0.0,0.3018847928851835,2.501896064624813,5.767658310012201,1,139,0.0,0.6807571751915232,1.2014497581331913,1.5821313430834083,1
198bbb19fb025e1e,2021.05.12.22.00.38_veh-35_01008_01518,283,pdm_closed,152,152,0.0,0.20726252669508283,2.1677956035145654,2.863740171017169,1,132,1.0,0.0,3.0120765090337485,7.298033845890525,1,139,1.0,0.0,3.0120765090337485,7.298033845890525,1
198bbb19fb025e1e,2021.05.12.22.00.38_veh-35_01008_01518,296,pdm_closed,157,157,0.0,0.2318700710887275,2.605410045843262,5.818359471038071,1,138,1.0,0.0,3.495125626941843,8.70091296920691,1,146,1.0,0.0,3.495125626941843,8.70091296920691,1
198bbb19fb025e1e,2021.05.12.22.00.38_veh-35_01008_01518,310,pdm_closed,160,160,0.0,0.23849340660542967,3.1430958646376226,7.412245872403773,1,142,0.0,0.23849340660542967,3.1430958646376226,7.412245872403773,1,150,0.0,0.23849340660542967,3.1430958646376226,7.412245872403773,1
1de8035502355af6,2021.06.23.17.31.36_veh-16_00016_00377,4,pdm_closed,115,115,0.0,1.0083411013835883,0.20853093040266713,0.20862588950461183,1,109,0.0,1.0083411013835883,0.20853093040266713,0.20862588950461183,1,112,0.0,1.0083411013835883,0.20853093040266713,0.20862588950461183,1
1de8035502355af6,2021.06.23.17.31.36_veh-16_00016_00377,17,pdm_closed,115,115,0.0,1.0124769068339514,0.20853468037620748,0.20857304398565055,1,109,0.0,1.0124769068339514,0.20853468037620748,0.20857304398565055,1,114,0.0,1.0124769068339514,0.20853468037620748,0.20857304398565055,1
1de8035502355af6,2021.06.23.17.31.36_veh-16_00016_00377,30,pdm_closed,113,113,0.0,1.017529503537193,0.20853847796031239,0.2085364365732119,1,106,0.0,1.017529503537193,0.20853847796031239,0.2085364365732119,1,107,0.0,1.017529503537193,0.20853847796031239,0.2085364365732119,1
1de8035502355af6,2021.06.23.17.31.36_veh-16_00016_00377,43,pdm_closed,117,117,0.0,0.909961984171958,0.20858101076066998,0.2085549520675085,1,112,0.0,0.909961984171958,0.20858101076066998,0.2085549520675085,1,115,0.0,0.909961984171958,0.20858101076066998,0.2085549520675085,1
1de8035502355af6,2021.06.23.17.31.36_veh-16_00016_00377,57,pdm_closed,113,113,0.0,0.895304295346525,0.20852862894389962,0.20842255058866418,1,108,0.0,0.895304295346525,0.20852862894389962,0.20842255058866418,1,109,0.0,0.895304295346525,0.20852862894389962,0.20842255058866418,1
1de8035502355af6,2021.06.23.17.31.36_veh-16_00016_00377,70,pdm_closed,118,118,0.0,0.8939957634639886,0.2085173657431529,0.20844631545510803,1,113,0.0,0.8939957634639886,0.2085173657431529,0.20844631545510803,1,116,0.0,0.8939957634639886,0.2085173657431529,0.20844631545510803,1
1de8035502355af6,2021.06.23.17.31.36_veh-16_00016_00377,83,pdm_closed,116,116,0.0,0.904208121854535,0.2085311491535346,0.20849802318076446,1,109,0.0,0.904208121854535,0.2085311491535346,0.20849802318076446,1,112,0.0,0.904208121854535,0.2085311491535346,0.20849802318076446,1
1de8035502355af6,2021.06.23.17.31.36_veh-16_00016_00377,97,pdm_closed,112,112,0.0,0.8953031994657631,0.20849244750925067,0.20855988339573306,1,108,0.0,0.8953031994657631,0.20849244750925067,0.20855988339573306,1,109,0.0,0.8953031994657631,0.20849244750925067,0.20855988339573306,1
1de8035502355af6,2021.06.23.17.31.36_veh-16_00016_00377,110,pdm_closed,108,108,0.0,0.8939957631893739,0.20849080211316257,0.20854153209456253,1,104,0.0,0.8939957631893739,0.20849080211316257,0.20854153209456253,1,107,0.0,0.8939957631893739,0.20849080211316257,0.20854153209456253,1
1de8035502355af6,2021.06.23.17.31.36_veh-16_00016_00377,123,pdm_closed,111,111,0.0,0.9042081211719689,0.20848516988613236,0.20843767285323522,1,107,0.0,0.9042081211719689,0.20848516988613236,0.20843767285323522,1,108,0.0,0.9042081211719689,0.20848516988613236,0.20843767285323522,1
1de8035502355af6,2021.06.23.17.31.36_veh-16_00016_00377,137,pdm_closed,110,110,0.0,0.9118138177223196,0.2084918396676653,0.20844381137859933,1,107,0.0,0.9118138177223196,0.2084918396676653,0.20844381137859933,1,108,0.0,0.9118138177223196,0.2084918396676653,0.20844381137859933,1
1de8035502355af6,2021.06.23.17.31.36_veh-16_00016_00377,150,pdm_closed,110,110,0.0,0.918224084741647,0.20847064251595024,0.20841725868140404,1,107,0.0,0.918224084741647,0.20847064251595024,0.20841725868140404,1,109,0.0,0.918224084741647,0.20847064251595024,0.20841725868140404,1
1de8035502355af6,2021.06.23.17.31.36_veh-16_00016_00377,163,pdm_closed,109,109,0.0,0.9106554694475718,0.20846171395776453,0.20834890872060513,1,106,0.0,0.9106554694475718,0.20846171395776453,0.20834890872060513,1,107,0.0,0.9106554694475718,0.20846171395776453,0.20834890872060513,1
1de8035502355af6,2021.06.23.17.31.36_veh-16_00016_00377,176,pdm_closed,109,109,0.0,0.9290566823996614,0.20845266513693503,0.2083393184584938,1,105,0.0,0.9290566823996614,0.20845266513693503,0.2083393184584938,1,107,0.0,0.9290566823996614,0.20845266513693503,0.2083393184584938,1
1de8035502355af6,2021.06.23.17.31.36_veh-16_00016_00377,190,pdm_closed,108,108,0.0,0.9261044432919017,0.2084320763181408,0.20844887779944873,1,104,0.0,0.9261044432919017,0.2084320763181408,0.20844887779944873,1,106,0.0,0.9261044432919017,0.2084320763181408,0.20844887779944873,1
1de8035502355af6,2021.06.23.17.31.36_veh-16_00016_00377,203,pdm_closed,105,105,0.0,0.9352235266127504,0.20841859902096999,0.20845268976569434,1,102,0.0,0.9352235266127504,0.20841859902096999,0.20845268976569434,1,103,0.0,0.9352235266127504,0.20841859902096999,0.20845268976569434,1
1de8035502355af6,2021.06.23.17.31.36_veh-16_00016_00377,216,pdm_closed,104,104,0.0,0.9252707365980308,0.20841999821995782,0.20844385527491982,1,101,0.0,0.9252707365980308,0.20841999821995782,0.20844385527491982,1,103,0.0,0.9252707365980308,0.20841999821995782,0.20844385527491982,1
1de8035502355af6,2021.06.23.17.31.36_veh-16_00016_00377,230,pdm_closed,106,106,0.0,0.9261044432550293,0.20842913868079577,0.20843795000300339,1,103,0.0,0.9261044432550293,0.20842913868079577,0.20843795000300339,1,104,0.0,0.9261044432550293,0.20842913868079577,0.20843795000300339,1
1de8035502355af6,2021.06.23.17.31.36_veh-16_00016_00377,243,pdm_closed,105,105,0.0,0.9161201900270395,0.20842259719118436,0.20845641460433798,1,103,0.0,0.9161201900270395,0.20842259719118436,0.20845641460433798,1,104,0.0,0.9161201900270395,0.20842259719118436,0.20845641460433798,1
1de8035502355af6,2021.06.23.17.31.36_veh-16_00016_00377,256,pdm_closed,105,105,0.0,0.9252707367182929,0.20844351930195965,0.2084801943557669,1,102,0.0,0.9252707367182929,0.20844351930195965,0.2084801943557669,1,103,0.0,0.9252707367182929,0.20844351930195965,0.2084801943557669,1
1de8035502355af6,2021.06.23.17.31.36_veh-16_00016_00377,270,pdm_closed,107,107,0.0,0.9292307116324257,0.20846454513091067,0.20854165076895362,1,103,0.0,0.9292307116324257,0.20846454513091067,0.20854165076895362,1,106,0.0,0.9292307116324257,0.20846454513091067,0.20854165076895362,1
1de8035502355af6,2021.06.23.17.31.36_veh-16_00016_00377,283,pdm_closed,108,108,0.0,0.916120189813026,0.20848201266863164,0.20855382268894262,1,105,0.0,0.916120189813026,0.20848201266863164,0.20855382268894262,1,106,0.0,0.916120189813026,0.20848201266863164,0.20855382268894262,1
1de8035502355af6,2021.06.23.17.31.36_veh-16_00016_00377,296,pdm_closed,110,110,0.0,0.932823649626002,0.20851949680956106,0.2086023418204803,1,104,0.0,0.932823649626002,0.20851949680956106,0.2086023418204803,1,108,0.0,0.932823649626002,0.20851949680956106,0.2086023418204803,1
1de8035502355af6,2021.06.23.17.31.36_veh-16_00016_00377,310,pdm_closed,110,110,0.0,0.9305672041033993,0.2085383911648779,0.2085878706416217,1,104,0.0,0.9305672041033993,0.2085383911648779,0.2085878706416217,1,105,0.0,0.9305672041033993,0.2085383911648779,0.2085878706416217,1
223e72fb40db50f1,2021.10.06.17.43.07_veh-28_00508_00877,4,pdm_closed,18,18,0.0,1.3056908210340976,2.897045052283812,6.920060563953422,1,13,0.0,1.3056908210340976,2.897045052283812,6.920060563953422,1,17,0.0,1.3056908210340976,2.897045052283812,6.920060563953422,1
223e72fb40db50f1,2021.10.06.17.43.07_veh-28_00508_00877,17,pdm_closed,18,18,0.0,1.200062187419701,3.0542777172273285,7.412257870737352,1,15,0.0,1.200062187419701,3.0542777172273285,7.412257870737352,1,16,0.0,1.200062187419701,3.0542777172273285,7.412257870737352,1
223e72fb40db50f1,2021.10.06.17.43.07_veh-28_00508_00877,30,pdm_closed,19,19,0.0,1.2774712484796658,3.2694262913205057,7.9536612434859215,1,16,0.0,1.2774712484796658,3.2694262913205057,7.9536612434859215,1,18,0.0,1.2774712484796658,3.2694262913205057,7.9536612434859215,1
223e72fb40db50f1,2021.10.06.17.43.07_veh-28_00508_00877,43,pdm_closed,18,18,0.0,1.4050628518535804,3.5569560490413354,8.52742751328218,1,16,0.0,1.4050628518535804,3.5569560490413354,8.52742751328218,1,17,0.0,1.4050628518535804,3.5569560490413354,8.52742751328218,1
223e72fb40db50f1,2021.10.06.17.43.07_veh-28_00508_00877,57,pdm_closed,18,18,0.0,1.433381149784058,3.6573229471221884,8.738295747358215,1,17,0.0,1.433381149784058,3.6573229471221884,8.738295747358215,1,17,0.0,1.433381149784058,3.6573229471221884,8.738295747358215,1
223e72fb40db50f1,2021.10.06.17.43.07_veh-28_00508_00877,70,pdm_closed,17,17,0.0,1.3426610029593746,3.7149122188427195,8.86243406200905,1,16,0.0,1.3426610029593746,3.7149122188427195,8.86243406200905,1,16,0.0,1.3426610029593746,3.7149122188427195,8.86243406200905,1
223e72fb40db50f1,2021.10.06.17.43.07_veh-28_00508_00877,83,pdm_closed,16,16,0.0,9.1291250658654,6.803557668012448,11.96827718789415,1,15,0.0,9.1291250658654,6.803557668012448,11.96827718789415,1,15,0.0,9.1291250658654,6.803557668012448,11.96827718789415,1
223e72fb40db50f1,2021.10.06.17.43.07_veh-28_00508_00877,97,pdm_closed,18,18,0.0,12.048648733346441,3.8499613618114763,9.263896620464589,1,15,0.0,12.048648733346441,3.8499613618114763,9.263896620464589,1,15,0.0,12.048648733346441,3.8499613618114763,9.263896620464589,1
223e72fb40db50f1,2021.10.06.17.43.07_veh-28_00508_00877,110,pdm_closed,18,18,0.0,17.047720632508092,3.933339241475596,9.45309668057862,1,15,0.0,17.047720632508092,3.933339241475596,9.45309668057862,1,18,0.0,17.047720632508092,3.933339241475596,9.45309668057862,1
223e72fb40db50f1,2021.10.06.17.43.07_veh-28_00508_00877,123,pdm_closed,18,18,0.0,15.54581691217279,5.711382705678809,11.371986447389851,1,15,0.0,15.54581691217279,5.711382705678809,11.371986447389851,1,17,0.0,15.54581691217279,5.711382705678809,11.371986447389851,1
223e72fb40db50f1,2021.10.06.17.43.07_veh-28_00508_00877,137,pdm_closed,14,14,0.0,13.258726925150622,4.472175365367365,10.447363415214287,1,11,0.0,13.258726925150622,4.472175365367365,10.447363415214287,1,11,0.0,13.258726925150622,4.472175365367365,10.447363415214287,1
223e72fb40db50f1,2021.10.06.17.43.07_veh-28_00508_00877,150,pdm_closed,13,13,0.0,11.776421463183398,4.593726406059918,10.741665574011238,1,10,0.0,11.776421463183398,4.593726406059918,10.741665574011238,1,11,0.0,11.776421463183398,4.593726406059918,10.741665574011238,1
223e72fb40db50f1,2021.10.06.17.43.07_veh-28_00508_00877,163,pdm_closed,13,13,0.0,11.444322074853316,4.728146510548938,11.16396438353046,1,9,0.0,11.444322074853316,4.728146510548938,11.16396438353046,1,12,0.0,11.444322074853316,4.728146510548938,11.16396438353046,1
223e72fb40db50f1,2021.10.06.17.43.07_veh-28_00508_00877,176,pdm_closed,13,13,0.0,4.957084075515435,5.020289998161955,11.859313646681546,1,8,0.0,4.957084075515435,5.020289998161955,11.859313646681546,1,10,0.0,4.957084075515435,5.020289998161955,11.859313646681546,1
223e72fb40db50f1,2021.10.06.17.43.07_veh-28_00508_00877,190,pdm_closed,11,11,0.0,4.741860098127159,4.043994481096397,8.237248728441552,1,7,0.0,5.7537962959721405,5.105448390003586,12.156401403167107,1,8,0.0,5.7537962959721405,5.105448390003586,12.156401403167107,1
223e72fb40db50f1,2021.10.06.17.43.07_veh-28_00508_00877,203,pdm_closed,10,10,0.0,5.6775244476324715,3.5807790580546146,7.463799042065186,1,8,0.0,5.6775244476324715,3.5807790580546146,7.463799042065186,1,6,0.0,5.7724825248273355,5.397885314464452,12.571986501717298,1
223e72fb40db50f1,2021.10.06.17.43.07_veh-28_00508_00877,216,pdm_closed,10,10,0.0,5.720582394096281,3.5786663739515476,7.171012032576723,1,7,0.0,3.962917878722095,5.668947362868597,12.914997368602304,1,8,0.0,3.962917878722095,5.668947362868597,12.914997368602304,1
223e72fb40db50f1,2021.10.06.17.43.07_veh-28_00508_00877,230,pdm_closed,12,12,0.0,5.567881115283263,0.862420161504793,1.254390183360041,1,9,0.0,5.567881115283263,0.862420161504793,1.254390183360041,1,9,0.0,5.567881115283263,0.862420161504793,1.254390183360041,1
223e72fb40db50f1,2021.10.06.17.43.07_veh-28_00508_00877,243,pdm_closed,12,12,0.0,4.634447001857084,2.087679583161367,2.195210918300007,1,10,0.0,4.634447001857084,2.087679583161367,2.195210918300007,1,11,0.0,4.634447001857084,2.087679583161367,2.195210918300007,1
223e72fb40db50f1,2021.10.06.17.43.07_veh-28_00508_00877,256,pdm_closed,15,15,0.0,4.321457503964378,1.9624147094390294,1.9862242173025912,1,13,0.0,4.321457503964378,1.9624147094390294,1.9862242173025912,1,14,0.0,4.321457503964378,1.9624147094390294,1.9862242173025912,1
223e72fb40db50f1,2021.10.06.17.43.07_veh-28_00508_00877,270,pdm_closed,18,18,0.0,4.190053024206618,1.899933297030115,1.8562597716701954,1,16,0.0,4.190053024206618,1.899933297030115,1.8562597716701954,1,17,0.0,4.190053024206618,1.899933297030115,1.8562597716701954,1
223e72fb40db50f1,2021.10.06.17.43.07_veh-28_00508_00877,283,pdm_closed,18,18,0.0,4.078811096700006,1.8623634278333239,1.8189500604731568,1,17,0.0,4.078811096700006,1.8623634278333239,1.8189500604731568,1,17,0.0,4.078811096700006,1.8623634278333239,1.8189500604731568,1
223e72fb40db50f1,2021.10.06.17.43.07_veh-28_00508_00877,296,pdm_closed,17,17,0.0,4.060450172938872,1.8326103827650269,1.8010706007250308,1,16,0.0,4.060450172938872,1.8326103827650269,1.8010706007250308,1,16,0.0,4.060450172938872,1.8326103827650269,1.8010706007250308,1
223e72fb40db50f1,2021.10.06.17.43.07_veh-28_00508_00877,310,pdm_closed,17,17,0.0,4.042940886525497,1.8094044452116105,1.7927375543967556,1,16,0.0,4.042940886525497,1.8094044452116105,1.7927375543967556,1,16,0.0,4.042940886525497,1.8094044452116105,1.7927375543967556,1
26a885df4e685752,2021.07.16.18.06.21_veh-38_04471_04922,4,pdm_closed,61,61,0.0,0.5919421878338046,1.9839714671610005,2.780813189443683,1,53,0.0,0.5919421878338046,1.9839714671610005,2.780813189443683,1,55,0.0,0.5919421878338046,1.9839714671610005,2.780813189443683,1
26a885df4e685752,2021.07.16.18.06.21_veh-38_04471_04922,17,pdm_closed,62,62,0.0,0.5899458306702366,1.9837749216252991,2.7811829535756827,1,50,0.0,0.5899458306702366,1.9837749216252991,2.7811829535756827,1,50,0.0,0.5899458306702366,1.9837749216252991,2.7811829535756827,1
26a885df4e685752,2021.07.16.18.06.21_veh-38_04471_04922,30,pdm_closed,59,59,0.0,0.5917544303480009,1.9839224223390117,2.7808657535519252,1,47,1.0,0.0,3.7614385324772117,8.911121345832154,1,51,1.0,0.0,3.7614385324772117,8.911121345832154,1
26a885df4e685752,2021.07.16.18.06.21_veh-38_04471_04922,43,pdm_closed,56,56,0.0,0.5916849642906873,1.9862783233782424,2.7857153177101037,1,48,0.0,0.5916849642906873,1.9862783233782424,2.7857153177101037,1,50,0.0,0.5916849642906873,1.9862783233782424,2.7857153177101037,1
26a885df4e685752,2021.07.16.18.06.21_veh-38_04471_04922,57,pdm_closed,55,55,0.0,0.5969754065519359,1.9841480742073654,2.781253974331551,1,45,0.0,0.5969754065519359,1.9841480742073654,2.781253974331551,1,50,0.0,0.5969754065519359,1.9841480742073654,2.781253974331551,1
26a885df4e685752,2021.07.16.18.06.21_veh-38_04471_04922,70,pdm_closed,59,59,0.0,0.5959588920381778,1.9860603559340617,2.7855759740020445,1,46,0.0,0.5959588920381778,1.9860603559340617,2.7855759740020445,1,52,0.0,0.5959588920381778,1.9860603559340617,2.7855759740020445,1
26a885df4e685752,2021.07.16.18.06.21_veh-38_04471_04922,83,pdm_closed,59,59,0.0,0.5955869617085767,1.9819949082542625,2.776239931535489,1,45,0.0,0.5955869617085767,1.9819949082542625,2.776239931535489,1,50,0.0,0.5955869617085767,1.9819949082542625,2.776239931535489,1
26a885df4e685752,2021.07.16.18.06.21_veh-38_04471_04922,96,pdm_closed,61,61,0.0,0.5857093684324209,1.981082880685013,2.775286653136934,1,48,0.0,0.5857093684324209,1.981082880685013,2.775286653136934,1,53,0.0,0.5857093684324209,1.981082880685013,2.775286653136934,1
26a885df4e685752,2021.07.16.18.06.21_veh-38_04471_04922,110,pdm_closed,61,61,0.0,0.5995642011173967,1.9811165003189566,2.775398696872142,1,45,0.0,0.5995642011173967,1.9811165003189566,2.775398696872142,1,50,0.0,0.5995642011173967,1.9811165003189566,2.775398696872142,1
26a885df4e685752,2021.07.16.18.06.21_veh-38_04471_04922,123,pdm_closed,63,63,0.0,0.588302480417079,1.9852274282719344,2.7837268233673393,1,50,0.0,0.588302480417079,1.9852274282719344,2.7837268233673393,1,53,0.0,0.588302480417079,1.9852274282719344,2.7837268233673393,1
26a885df4e685752,2021.07.16.18.06.21_veh-38_04471_04922,136,pdm_closed,59,59,0.0,0.5934198792538518,1.9838747384350597,2.7812181989164344,1,48,0.0,0.5934198792538518,1.9838747384350597,2.7812181989164344,1,56,0.0,0.5934198792538518,1.9838747384350597,2.7812181989164344,1
26a885df4e685752,2021.07.16.18.06.21_veh-38_04471_04922,149,pdm_closed,55,55,0.0,0.5958845046136282,1.982658835936612,2.7776210268546913,1,42,0.0,0.5958845046136282,1.982658835936612,2.7776210268546913,1,47,0.0,0.5958845046136282,1.982658835936612,2.7776210268546913,1
26a885df4e685752,2021.07.16.18.06.21_veh-38_04471_04922,163,pdm_closed,58,58,0.0,0.5995827786992405,1.9853781338294798,2.7837281705799475,1,44,1.0,0.0,3.754945447677142,8.884902577116687,1,51,0.0,0.5995827786992405,1.9853781338294798,2.7837281705799475,1
26a885df4e685752,2021.07.16.18.06.21_veh-38_04471_04922,176,pdm_closed,58,58,0.0,0.5999519292210111,1.9796027988379763,2.7720779624731957,1,41,0.0,0.5999519292210111,1.9796027988379763,2.7720779624731957,1,48,0.0,0.5999519292210111,1.9796027988379763,2.7720779624731957,1
26a885df4e685752,2021.07.16.18.06.21_veh-38_04471_04922,189,pdm_closed,57,57,0.0,0.594686262674794,1.9815527403476076,2.775429049907277,1,41,0.0,0.594686262674794,1.9815527403476076,2.775429049907277,1,46,0.0,0.594686262674794,1.9815527403476076,2.775429049907277,1
26a885df4e685752,2021.07.16.18.06.21_veh-38_04471_04922,202,pdm_closed,62,62,0.0,0.597219370111995,1.9789491518110869,2.770439299597983,1,43,0.0,0.597219370111995,1.9789491518110869,2.770439299597983,1,54,0.0,0.597219370111995,1.9789491518110869,2.770439299597983,1
26a885df4e685752,2021.07.16.18.06.21_veh-38_04471_04922,216,pdm_closed,61,61,0.0,0.5997460386937938,1.9846598912689646,2.7823199101656533,1,47,0.0,0.5997460386937938,1.9846598912689646,2.7823199101656533,1,53,0.0,0.5997460386937938,1.9846598912689646,2.7823199101656533,1
26a885df4e685752,2021.07.16.18.06.21_veh-38_04471_04922,229,pdm_closed,59,59,0.0,0.597659943545734,1.9917615773692334,2.7976190792341478,1,43,0.0,0.597659943545734,1.9917615773692334,2.7976190792341478,1,52,0.0,0.597659943545734,1.9917615773692334,2.7976190792341478,1
26a885df4e685752,2021.07.16.18.06.21_veh-38_04471_04922,242,pdm_closed,60,60,0.0,0.5958047986460143,1.9741164981521224,2.7604197030754527,1,48,0.0,0.5958047986460143,1.9741164981521224,2.7604197030754527,1,52,0.0,0.5958047986460143,1.9741164981521224,2.7604197030754527,1
26a885df4e685752,2021.07.16.18.06.21_veh-38_04471_04922,255,pdm_closed,51,51,0.0,0.597061635728397,1.9817490665823563,2.7761297611537112,1,43,0.0,0.597061635728397,1.9817490665823563,2.7761297611537112,1,46,0.0,0.597061635728397,1.9817490665823563,2.7761297611537112,1
26a885df4e685752,2021.07.16.18.06.21_veh-38_04471_04922,269,pdm_closed,53,53,0.0,0.6036561373214828,1.9819671748443923,2.7761498027185283,1,42,0.0,0.6036561373214828,1.9819671748443923,2.7761498027185283,1,46,0.0,0.6036561373214828,1.9819671748443923,2.7761498027185283,1
26a885df4e685752,2021.07.16.18.06.21_veh-38_04471_04922,282,pdm_closed,54,54,0.0,0.5966619981841188,1.981607591677331,2.7762221209967475,1,43,0.0,0.5966619981841188,1.981607591677331,2.7762221209967475,1,50,0.0,0.5966619981841188,1.981607591677331,2.7762221209967475,1
26a885df4e685752,2021.07.16.18.06.21_veh-38_04471_04922,295,pdm_closed,56,56,0.0,0.5904361861874029,1.985815180866433,2.78509147891364,1,46,0.0,0.5904361861874029,1.985815180866433,2.78509147891364,1,51,0.0,0.5904361861874029,1.985815180866433,2.78509147891364,1
26a885df4e685752,2021.07.16.18.06.21_veh-38_04471_04922,309,pdm_closed,55,55,0.0,0.5960065561587726,1.9852384617968384,2.7836850664119974,1,44,0.0,0.5960065561587726,1.9852384617968384,2.7836850664119974,1,46,0.0,0.5960065561587726,1.9852384617968384,2.7836850664119974,1
2aecc6e7811955b6,2021.06.09.14.03.17_veh-12_02584_02970,4,pdm_closed,232,232,0.0,0.17150599484138682,1.0935245014801696,1.1871601680075712,1,220,0.0,0.17150599484138682,1.0935245014801696,1.1871601680075712,1,227,0.0,0.17150599484138682,1.0935245014801696,1.1871601680075712,1
2aecc6e7811955b6,2021.06.09.14.03.17_veh-12_02584_02970,17,pdm_closed,237,237,0.0,0.17341725651852383,1.0935413109451844,1.1871837426349483,1,229,0.0,0.17341725651852383,1.0935413109451844,1.1871837426349483,1,233,0.0,0.17341725651852383,1.0935413109451844,1.1871837426349483,1
2aecc6e7811955b6,2021.06.09.14.03.17_veh-12_02584_02970,30,pdm_closed,243,243,0.0,0.16327132411762746,1.0935587506396676,1.1871829315622207,1,232,0.0,0.16327132411762746,1.0935587506396676,1.1871829315622207,1,238,0.0,0.16327132411762746,1.0935587506396676,1.1871829315622207,1
2aecc6e7811955b6,2021.06.09.14.03.17_veh-12_02584_02970,43,pdm_closed,236,236,0.0,0.16870639466828286,1.0934236151360535,1.1869531967603122,1,221,0.0,0.16870639466828286,1.0934236151360535,1.1869531967603122,1,227,0.0,0.16870639466828286,1.0934236151360535,1.1869531967603122,1
2aecc6e7811955b6,2021.06.09.14.03.17_veh-12_02584_02970,57,pdm_closed,239,239,0.0,0.17136461124510546,1.0935408128863306,1.187116023533945,1,229,0.0,0.17136461124510546,1.0935408128863306,1.187116023533945,1,235,0.0,0.17136461124510546,1.0935408128863306,1.187116023533945,1
2aecc6e7811955b6,2021.06.09.14.03.17_veh-12_02584_02970,70,pdm_closed,230,230,0.0,0.1628483070114979,1.0934988372781413,1.1869556577086215,1,217,0.0,0.1628483070114979,1.0934988372781413,1.1869556577086215,1,225,0.0,0.1628483070114979,1.0934988372781413,1.1869556577086215,1
2aecc6e7811955b6,2021.06.09.14.03.17_veh-12_02584_02970,83,pdm_closed,236,236,0.0,0.1696079443529778,1.0934873775895024,1.187044758735361,1,223,0.0,0.1696079443529778,1.0934873775895024,1.187044758735361,1,231,0.0,0.1696079443529778,1.0934873775895024,1.187044758735361,1
2aecc6e7811955b6,2021.06.09.14.03.17_veh-12_02584_02970,97,pdm_closed,243,243,0.0,0.16684601058675066,1.0935110199916265,1.1871054553866296,1,232,0.0,0.16684601058675066,1.0935110199916265,1.1871054553866296,1,238,0.0,0.16684601058675066,1.0935110199916265,1.1871054553866296,1
2aecc6e7811955b6,2021.06.09.14.03.17_veh-12_02584_02970,110,pdm_closed,246,246,0.0,0.1654535573065237,1.0933328985763942,1.1870640557207475,1,235,0.0,0.1654535573065237,1.0933328985763942,1.1870640557207475,1,242,0.0,0.1654535573065237,1.0933328985763942,1.1870640557207475,1
2aecc6e7811955b6,2021.06.09.14.03.17_veh-12_02584_02970,123,pdm_closed,247,247,0.0,0.1685549215608706,1.0937380882544914,1.1872417722250643,1,234,0.0,0.1685549215608706,1.0937380882544914,1.1872417722250643,1,242,0.0,0.1685549215608706,1.0937380882544914,1.1872417722250643,1
2aecc6e7811955b6,2021.06.09.14.03.17_veh-12_02584_02970,137,pdm_closed,244,244,0.0,0.16414814730684724,1.0933620329589888,1.1870389211567558,1,232,0.0,0.16414814730684724,1.0933620329589888,1.1870389211567558,1,239,0.0,0.16414814730684724,1.0933620329589888,1.1870389211567558,1
2aecc6e7811955b6,2021.06.09.14.03.17_veh-12_02584_02970,150,pdm_closed,243,243,0.0,0.17295362033239675,1.0936614359433432,1.1871754071775684,1,232,0.0,0.17295362033239675,1.0936614359433432,1.1871754071775684,1,238,0.0,0.17295362033239675,1.0936614359433432,1.1871754071775684,1
2aecc6e7811955b6,2021.06.09.14.03.17_veh-12_02584_02970,163,pdm_closed,241,241,0.0,0.17022509932191213,1.0935420602908894,1.1871614442676304,1,232,0.0,0.17022509932191213,1.0935420602908894,1.1871614442676304,1,237,0.0,0.17022509932191213,1.0935420602908894,1.1871614442676304,1
2aecc6e7811955b6,2021.06.09.14.03.17_veh-12_02584_02970,176,pdm_closed,241,241,0.0,0.16643211279797498,1.0935921617160063,1.1872153069809797,1,229,0.0,0.16643211279797498,1.0935921617160063,1.1872153069809797,1,234,0.0,0.16643211279797498,1.0935921617160063,1.1872153069809797,1
2aecc6e7811955b6,2021.06.09.14.03.17_veh-12_02584_02970,190,pdm_closed,236,236,0.0,0.16611718623672114,1.0935452365120537,1.1871620234316835,1,225,0.0,0.16611718623672114,1.0935452365120537,1.1871620234316835,1,231,0.0,0.16611718623672114,1.0935452365120537,1.1871620234316835,1
2aecc6e7811955b6,2021.06.09.14.03.17_veh-12_02584_02970,203,pdm_closed,236,236,0.0,0.1676379832598721,1.0935944664322514,1.1872196757397124,1,225,0.0,0.1676379832598721,1.0935944664322514,1.1872196757397124,1,230,0.0,0.1676379832598721,1.0935944664322514,1.1872196757397124,1
2aecc6e7811955b6,2021.06.09.14.03.17_veh-12_02584_02970,216,pdm_closed,227,227,0.0,0.1681604723343379,1.0935787440884965,1.1871914197725113,1,214,0.0,0.1681604723343379,1.0935787440884965,1.1871914197725113,1,219,0.0,0.1681604723343379,1.0935787440884965,1.1871914197725113,1
2aecc6e7811955b6,2021.06.09.14.03.17_veh-12_02584_02970,230,pdm_closed,228,228,0.0,0.16324105243166095,1.0935864832267446,1.187235808381265,1,212,0.0,0.16324105243166095,1.0935864832267446,1.187235808381265,1,218,0.0,0.16324105243166095,1.0935864832267446,1.187235808381265,1
2aecc6e7811955b6,2021.06.09.14.03.17_veh-12_02584_02970,243,pdm_closed,238,238,0.0,0.1674941666840594,1.0935235082183987,1.1871554977886627,1,226,0.0,0.1674941666840594,1.0935235082183987,1.1871554977886627,1,233,0.0,0.1674941666840594,1.0935235082183987,1.1871554977886627,1
2aecc6e7811955b6,2021.06.09.14.03.17_veh-12_02584_02970,256,pdm_closed,229,229,0.0,0.1694576693760145,1.0936217938425883,1.18720238086909,1,215,0.0,0.1694576693760145,1.0936217938425883,1.18720238086909,1,222,0.0,0.1694576693760145,1.0936217938425883,1.18720238086909,1
2aecc6e7811955b6,2021.06.09.14.03.17_veh-12_02584_02970,270,pdm_closed,227,227,0.0,0.16496686020381363,1.093548317058243,1.1871708648750918,1,211,0.0,0.16496686020381363,1.093548317058243,1.1871708648750918,1,219,0.0,0.16496686020381363,1.093548317058243,1.1871708648750918,1
2aecc6e7811955b6,2021.06.09.14.03.17_veh-12_02584_02970,283,pdm_closed,220,220,0.0,0.17066337526053682,1.0935835149370634,1.1872522613064787,1,205,0.0,0.17066337526053682,1.0935835149370634,1.1872522613064787,1,213,0.0,0.17066337526053682,1.0935835149370634,1.1872522613064787,1
2aecc6e7811955b6,2021.06.09.14.03.17_veh-12_02584_02970,296,pdm_closed,223,223,0.0,0.17325628311088034,1.0936103011691216,1.187182543923091,1,208,0.0,0.17325628311088034,1.0936103011691216,1.187182543923091,1,215,0.0,0.17325628311088034,1.0936103011691216,1.187182543923091,1
2aecc6e7811955b6,2021.06.09.14.03.17_veh-12_02584_02970,310,pdm_closed,222,222,0.0,0.1676957975763437,1.093564481627927,1.187162744151557,1,209,0.0,0.1676957975763437,1.093564481627927,1.187162744151557,1,213,0.0,0.1676957975763437,1.093564481627927,1.187162744151557,1
2f5ce5e16db45b6a,2021.06.28.16.29.11_veh-38_03263_03766,4,pdm_closed,229,229,0.0,4.867697716673939,4.122285045872816,9.759505615752342,1,223,0.0,4.867697716673939,4.122285045872816,9.759505615752342,1,224,0.0,4.867697716673939,4.122285045872816,9.759505615752342,1
2f5ce5e16db45b6a,2021.06.28.16.29.11_veh-38_03263_03766,17,pdm_closed,220,220,0.0,4.667266734192523,4.283821023787701,10.244398176599072,1,215,0.0,4.667266734192523,4.283821023787701,10.244398176599072,1,217,0.0,4.667266734192523,4.283821023787701,10.244398176599072,1
2f5ce5e16db45b6a,2021.06.28.16.29.11_veh-38_03263_03766,30,pdm_closed,227,227,0.0,4.506835054349614,4.4950621779082205,10.963533911445143,1,216,0.0,4.506835054349614,4.4950621779082205,10.963533911445143,1,221,0.0,4.506835054349614,4.4950621779082205,10.963533911445143,1
2f5ce5e16db45b6a,2021.06.28.16.29.11_veh-38_03263_03766,43,pdm_closed,240,240,0.0,4.531032380773535,3.5009628853348955,8.432069139097369,1,227,0.0,4.531032380773535,3.5009628853348955,8.432069139097369,1,232,0.0,4.531032380773535,3.5009628853348955,8.432069139097369,1
2f5ce5e16db45b6a,2021.06.28.16.29.11_veh-38_03263_03766,57,pdm_closed,236,236,0.0,4.453336341141039,3.7916049104941414,9.232794251945748,1,221,0.0,4.453336341141039,3.7916049104941414,9.232794251945748,1,230,0.0,4.453336341141039,3.7916049104941414,9.232794251945748,1
2f5ce5e16db45b6a,2021.06.28.16.29.11_veh-38_03263_03766,70,pdm_closed,249,249,0.0,2.4580068105643744,4.164488039182497,10.050359292959397,1,229,0.0,2.4580068105643744,4.164488039182497,10.050359292959397,1,238,0.0,2.4580068105643744,4.164488039182497,10.050359292959397,1
2f5ce5e16db45b6a,2021.06.28.16.29.11_veh-38_03263_03766,83,pdm_closed,252,252,0.0,0.6926312767997492,4.697678621534135,10.916783137670377,1,232,0.0,0.6926312767997492,4.697678621534135,10.916783137670377,1,242,0.0,0.6926312767997492,4.697678621534135,10.916783137670377,1
2f5ce5e16db45b6a,2021.06.28.16.29.11_veh-38_03263_03766,96,pdm_closed,255,255,0.0,0.6705023384536851,4.945394958275427,11.244638592645813,1,238,0.0,0.6705023384536851,4.945394958275427,11.244638592645813,1,247,0.0,0.6705023384536851,4.945394958275427,11.244638592645813,1
2f5ce5e16db45b6a,2021.06.28.16.29.11_veh-38_03263_03766,110,pdm_closed,257,257,0.0,0.6393284641622963,3.274286804549431,6.315941114508051,1,237,0.0,0.6683982829231373,5.0464549268488454,11.300186186657744,1,246,0.0,0.6393284641622963,3.274286804549431,6.315941114508051,1
2f5ce5e16db45b6a,2021.06.28.16.29.11_veh-38_03263_03766,123,pdm_closed,251,251,0.0,0.6471070336487763,3.0501276864813107,5.715229362220721,1,232,0.0,0.6599015740873763,5.007242273029433,11.190357164364176,1,244,0.0,0.6471070336487763,3.0501276864813107,5.715229362220721,1
2f5ce5e16db45b6a,2021.06.28.16.29.11_veh-38_03263_03766,136,pdm_closed,244,244,0.0,0.6356923047757359,2.7555889633768045,5.069688439533084,1,226,0.0,0.08169335904286906,4.887583494750058,11.008149057516995,1,230,0.0,0.08169335904286906,4.887583494750058,11.008149057516995,1
2f5ce5e16db45b6a,2021.06.28.16.29.11_veh-38_03263_03766,149,pdm_closed,234,234,0.0,0.6272015913253067,2.501842927692597,4.46277897487054,1,223,0.0,0.6272015913253067,2.501842927692597,4.46277897487054,1,229,0.0,0.6272015913253067,2.501842927692597,4.46277897487054,1
2f5ce5e16db45b6a,2021.06.28.16.29.11_veh-38_03263_03766,163,pdm_closed,246,246,0.0,0.6064424329455297,2.2508101151289552,3.892587879988219,1,234,0.0,0.6064424329455297,2.2508101151289552,3.892587879988219,1,243,0.0,0.6064424329455297,2.2508101151289552,3.892587879988219,1
2f5ce5e16db45b6a,2021.06.28.16.29.11_veh-38_03263_03766,176,pdm_closed,251,251,0.0,0.6042574131745388,2.084063020654143,3.503880694516794,1,246,0.0,0.6042574131745388,2.084063020654143,3.503880694516794,1,247,0.0,0.6042574131745388,2.084063020654143,3.503880694516794,1
2f5ce5e16db45b6a,2021.06.28.16.29.11_veh-38_03263_03766,189,pdm_closed,250,250,0.0,0.6113546857678896,1.9283550775597298,3.2313898670217935,1,244,1.0,0.0,4.920435807099699,11.183848230689774,1,248,0.0,0.6113546857678896,1.9283550775597298,3.2313898670217935,1
2f5ce5e16db45b6a,2021.06.28.16.29.11_veh-38_03263_03766,202,pdm_closed,246,246,0.0,0.528256988377447,2.029358153314325,3.1314336950381514,1,240,0.0,0.528256988377447,2.029358153314325,3.1314336950381514,1,244,0.0,0.528256988377447,2.029358153314325,3.1314336950381514,1
2f5ce5e16db45b6a,2021.06.28.16.29.11_veh-38_03263_03766,216,pdm_closed,230,230,0.0,0.3126464647247471,1.9313232464644028,2.8845351130494548,1,227,0.0,0.3126464647247471,1.9313232464644028,2.8845351130494548,1,229,0.0,0.3126464647247471,1.9313232464644028,2.8845351130494548,1
2f5ce5e16db45b6a,2021.06.28.16.29.11_veh-38_03263_03766,229,pdm_closed,238,238,0.0,0.26093958962145536,1.6525101953027452,2.525581243855343,1,235,0.0,0.26093958962145536,1.6525101953027452,2.525581243855343,1,237,0.0,0.26093958962145536,1.6525101953027452,2.525581243855343,1
2f5ce5e16db45b6a,2021.06.28.16.29.11_veh-38_03263_03766,242,pdm_closed,233,233,0.0,0.2408351257588875,1.822144867800616,2.512776514796118,1,227,0.0,0.2408351257588875,1.822144867800616,2.512776514796118,1,229,0.0,0.2408351257588875,1.822144867800616,2.512776514796118,1
2f5ce5e16db45b6a,2021.06.28.16.29.11_veh-38_03263_03766,255,pdm_closed,230,230,0.0,0.23029351718900012,1.709450706996957,2.3665121977110375,1,224,0.0,0.23029351718900012,1.709450706996957,2.3665121977110375,1,229,0.0,0.23029351718900012,1.709450706996957,2.3665121977110375,1
2f5ce5e16db45b6a,2021.06.28.16.29.11_veh-38_03263_03766,269,pdm_closed,230,230,0.0,0.23395805407973638,1.576099618128916,2.1837856832007696,1,226,0.0,0.23395805407973638,1.576099618128916,2.1837856832007696,1,230,0.0,0.23395805407973638,1.576099618128916,2.1837856832007696,1
2f5ce5e16db45b6a,2021.06.28.16.29.11_veh-38_03263_03766,282,pdm_closed,230,230,0.0,0.23528701472199495,1.526030586557349,2.158174690339064,1,226,0.0,0.23528701472199495,1.526030586557349,2.158174690339064,1,227,0.0,0.23528701472199495,1.526030586557349,2.158174690339064,1
2f5ce5e16db45b6a,2021.06.28.16.29.11_veh-38_03263_03766,295,pdm_closed,225,225,0.0,0.24143751056447135,1.5122884631141076,2.1688938301558616,1,220,0.0,0.24143751056447135,1.5122884631141076,2.1688938301558616,1,222,0.0,0.24143751056447135,1.5122884631141076,2.1688938301558616,1
2f5ce5e16db45b6a,2021.06.28.16.29.11_veh-38_03263_03766,309,pdm_closed,206,206,0.0,0.24251157052463432,1.5198798135971634,2.203869870407446,1,196,0.0,0.24251157052463432,1.5198798135971634,2.203869870407446,1,201,0.0,0.24251157052463432,1.5198798135971634,2.203869870407446,1
33a3d30f6a215622,2021.06.07.12.54.00_veh-35_01843_02314,4,pdm_closed,98,98,0.0,3.5632205613496173,0.7738521897991812,1.5709105343334064,1,96,0.0,3.5632205613496173,0.7738521897991812,1.5709105343334064,1,97,0.0,3.5632205613496173,0.7738521897991812,1.5709105343334064,1
33a3d30f6a215622,2021.06.07.12.54.00_veh-35_01843_02314,17,pdm_closed,99,99,0.0,3.872568936019729,0.32606322244336816,0.30130017327155095,1,97,0.0,4.186363457198558,1.604159474983979,4.679599717434145,1,97,0.0,4.186363457198558,1.604159474983979,4.679599717434145,1
33a3d30f6a215622,2021.06.07.12.54.00_veh-35_01843_02314,30,pdm_closed,97,97,0.0,3.9854925931651906,0.40678671526674415,1.1221158257505766,1,95,0.0,4.010229262876915,1.7873382611838318,5.127496602673817,1,96,0.0,3.9854925931651906,0.40678671526674415,1.1221158257505766,1
33a3d30f6a215622,2021.06.07.12.54.00_veh-35_01843_02314,43,pdm_closed,100,100,0.0,4.287790492793812,0.890015380498255,2.4964025638122345,1,98,0.0,4.3104287359751785,2.2250077214998565,6.015129815181709,1,99,0.0,4.287790492793812,0.890015380498255,2.4964025638122345,1
33a3d30f6a215622,2021.06.07.12.54.00_veh-35_01843_02314,57,pdm_closed,87,87,0.0,4.5704884722382255,1.3888369154478049,3.708992171288109,1,84,0.0,4.5704884722382255,1.3888369154478049,3.708992171288109,1,85,0.0,4.5704884722382255,1.3888369154478049,3.708992171288109,1
33a3d30f6a215622,2021.06.07.12.54.00_veh-35_01843_02314,70,pdm_closed,83,83,0.0,3.8808203449741896,1.8243036202004128,4.629030574439132,1,79,0.0,3.8808203449741896,1.8243036202004128,4.629030574439132,1,79,0.0,3.8808203449741896,1.8243036202004128,4.629030574439132,1
33a3d30f6a215622,2021.06.07.12.54.00_veh-35_01843_02314,83,pdm_closed,74,74,0.0,2.314606954058225,2.0763764504133135,5.110331318479166,1,71,0.0,2.314606954058225,2.0763764504133135,5.110331318479166,1,71,0.0,2.0271797888495975,2.8488138511967516,7.079316239315677,1
33a3d30f6a215622,2021.06.07.12.54.00_veh-35_01843_02314,97,pdm_closed,71,71,0.0,2.06405513129431,2.2209750149164598,5.496585223140545,1,68,0.0,2.06405513129431,2.2209750149164598,5.496585223140545,1,69,0.0,2.06405513129431,2.2209750149164598,5.496585223140545,1
33a3d30f6a215622,2021.06.07.12.54.00_veh-35_01843_02314,110,pdm_closed,76,76,0.0,2.047290943983532,2.3199395665967533,5.7295119847332785,1,71,0.0,2.047290943983532,2.3199395665967533,5.7295119847332785,1,73,0.0,2.047290943983532,2.3199395665967533,5.7295119847332785,1
33a3d30f6a215622,2021.06.07.12.54.00_veh-35_01843_02314,123,pdm_closed,84,84,0.0,2.0609501708944036,2.4127186679122845,6.063219546564255,1,77,0.0,2.0609501708944036,2.4127186679122845,6.063219546564255,1,84,0.0,2.0609501708944036,2.4127186679122845,6.063219546564255,1
33a3d30f6a215622,2021.06.07.12.54.00_veh-35_01843_02314,137,pdm_closed,91,91,0.0,1.9400683434638069,2.640375149430434,6.707277129808969,1,84,0.0,1.9350866571496486,3.2322889384935123,8.212899286291735,1,88,0.0,1.9400683434638069,2.640375149430434,6.707277129808969,1
33a3d30f6a215622,2021.06.07.12.54.00_veh-35_01843_02314,150,pdm_closed,91,91,0.0,1.8886114913669563,2.8464099460684085,7.227299197016577,1,82,0.0,1.889330594645515,3.4196874034817943,8.68597976924889,1,88,0.0,1.889330594645515,3.4196874034817943,8.68597976924889,1
33a3d30f6a215622,2021.06.07.12.54.00_veh-35_01843_02314,163,pdm_closed,92,92,0.0,1.867352681910558,3.2039589409892946,7.880881014093542,1,87,0.0,1.867352681910558,3.2039589409892946,7.880881014093542,1,89,0.0,1.867352681910558,3.2039589409892946,7.880881014093542,1
33a3d30f6a215622,2021.06.07.12.54.00_veh-35_01843_02314,176,pdm_closed,94,94,0.0,1.8334870427463226,3.3013052176454547,8.133639249751901,1,90,0.0,1.8334870427463226,3.3013052176454547,8.133639249751901,1,92,0.0,1.8334870427463226,3.3013052176454547,8.133639249751901,1
33a3d30f6a215622,2021.06.07.12.54.00_veh-35_01843_02314,190,pdm_closed,99,99,0.0,1.8055872408748213,3.4539932465683068,8.349717653803767,1,91,0.0,1.865840112588363,4.133939310043666,10.109406166457148,1,96,0.0,1.865840112588363,4.133939310043666,10.109406166457148,1
33a3d30f6a215622,2021.06.07.12.54.00_veh-35_01843_02314,203,pdm_closed,113,113,0.0,1.8069217082735445,3.422043895248343,8.311656448961244,1,104,0.0,1.840473524215589,4.224421940924088,10.414244840691065,1,108,0.0,1.8069217082735445,3.422043895248343,8.311656448961244,1
33a3d30f6a215622,2021.06.07.12.54.00_veh-35_01843_02314,216,pdm_closed,116,116,0.0,0.9777579809978545,3.3156612854168945,8.263633741362339,1,108,0.0,0.9805003958489243,4.258716286263784,10.766137558344003,1,110,0.0,0.9805003958489243,4.258716286263784,10.766137558344003,1
33a3d30f6a215622,2021.06.07.12.54.00_veh-35_01843_02314,230,pdm_closed,113,113,0.0,0.9797323284825267,3.3120944179470255,8.29781183763917,1,109,0.0,0.9811501382752993,4.4395474878148145,11.329805082394635,1,110,0.0,0.9811501382752993,4.4395474878148145,11.329805082394635,1
33a3d30f6a215622,2021.06.07.12.54.00_veh-35_01843_02314,243,pdm_closed,114,114,0.0,0.9807627423536329,3.3687901785868117,8.52083185569474,1,109,0.0,0.9813989775934775,4.659954700581352,12.037240729443203,1,111,0.0,0.9813989775934775,4.659954700581352,12.037240729443203,1
33a3d30f6a215622,2021.06.07.12.54.00_veh-35_01843_02314,256,pdm_closed,120,120,0.0,0.981928970218551,3.47815256085049,8.745869992812205,1,109,0.0,0.9820411263579619,5.027628356768793,13.011054979679502,1,113,0.0,0.981928970218551,3.47815256085049,8.745869992812205,1
33a3d30f6a215622,2021.06.07.12.54.00_veh-35_01843_02314,270,pdm_closed,124,124,0.0,0.981212338955281,3.6284902742897307,8.901902425243948,1,114,0.0,0.9811469586442777,5.5466745186355935,14.228626394175887,1,116,0.0,0.981212338955281,3.6284902742897307,8.901902425243948,1
33a3d30f6a215622,2021.06.07.12.54.00_veh-35_01843_02314,283,pdm_closed,119,119,0.0,1.4701670467043852,3.4765573127261478,8.475208830053464,1,106,0.0,2.4922694174525466,4.85827850876138,11.779697223108737,1,113,0.0,1.4701670467043852,3.4765573127261478,8.475208830053464,1
33a3d30f6a215622,2021.06.07.12.54.00_veh-35_01843_02314,296,pdm_closed,120,120,0.0,1.4629922982307104,3.423256380092292,8.21120413601239,1,110,0.0,2.0285282940259957,5.1953550431968205,12.608303445090606,1,114,0.0,1.4629922982307104,3.423256380092292,8.21120413601239,1
33a3d30f6a215622,2021.06.07.12.54.00_veh-35_01843_02314,310,pdm_closed,129,129,0.0,1.4544951850893066,3.395526115933861,7.962287060464116,1,116,1.0,0.0,5.5257891019051275,13.36232496648674,1,119,1.0,0.0,5.284280181470825,13.087489857491954,1
37ce5ded83ec551a,2021.06.23.15.56.12_veh-16_00839_01285,4,pdm_closed,108,108,0.0,0.47973663888605655,3.424261169009462,7.681800422737184,1,99,0.0,0.47973663888605655,3.424261169009462,7.681800422737184,1,106,0.0,0.47973663888605655,3.424261169009462,7.681800422737184,1
37ce5ded83ec551a,2021.06.23.15.56.12_veh-16_00839_01285,17,pdm_closed,106,106,0.0,0.4769353308481092,3.4232421791826866,7.679126052216421,1,95,0.0,0.4769353383943246,4.048582511825866,10.091767012546612,1,102,0.0,0.4769353383943246,4.048582511825866,10.091767012546612,1
37ce5ded83ec551a,2021.06.23.15.56.12_veh-16_00839_01285,30,pdm_closed,108,108,0.0,0.4830143632386541,3.424809299526825,7.68470327939219,1,99,0.0,0.4830143632386541,3.424809299526825,7.68470327939219,1,104,0.0,0.4830143632386541,3.424809299526825,7.68470327939219,1
37ce5ded83ec551a,2021.06.23.15.56.12_veh-16_00839_01285,43,pdm_closed,108,108,0.0,0.4818324171177004,3.422985863583228,7.679122294522117,1,100,0.0,0.4818324171177004,3.422985863583228,7.679122294522117,1,101,0.0,0.4818324171177004,3.422985863583228,7.679122294522117,1
37ce5ded83ec551a,2021.06.23.15.56.12_veh-16_00839_01285,57,pdm_closed,107,107,0.0,0.48318844294057334,3.421948224554637,7.674554332011266,1,99,0.0,0.48318844294057334,3.421948224554637,7.674554332011266,1,104,0.0,0.48318844294057334,3.421948224554637,7.674554332011266,1
37ce5ded83ec551a,2021.06.23.15.56.12_veh-16_00839_01285,70,pdm_closed,109,109,0.0,0.48360157478657784,3.4220563711757976,7.675679652939491,1,100,0.0,0.48360157478657784,3.4220563711757976,7.675679652939491,1,106,0.0,0.48360157478657784,3.4220563711757976,7.675679652939491,1
37ce5ded83ec551a,2021.06.23.15.56.12_veh-16_00839_01285,83,pdm_closed,107,107,0.0,0.4847261591661067,3.423006558455946,7.680856536581329,1,97,0.0,0.4838772312489337,4.04732053893292,10.089942079782379,1,103,0.0,0.4838772312489337,4.04732053893292,10.089942079782379,1
37ce5ded83ec551a,2021.06.23.15.56.12_veh-16_00839_01285,97,pdm_closed,107,107,0.0,0.4846677266439745,3.4213407029114524,7.674239868838084,1,96,0.0,0.4846677266439745,3.4213407029114524,7.674239868838084,1,102,0.0,0.4846677266439745,3.4213407029114524,7.674239868838084,1
37ce5ded83ec551a,2021.06.23.15.56.12_veh-16_00839_01285,110,pdm_closed,106,106,0.0,0.4785109371169936,3.4234229360579547,7.679786690113482,1,93,0.0,0.4785109371169936,3.4234229360579547,7.679786690113482,1,99,0.0,0.4785109371169936,3.4234229360579547,7.679786690113482,1
37ce5ded83ec551a,2021.06.23.15.56.12_veh-16_00839_01285,123,pdm_closed,105,105,0.0,0.47621950437508626,3.425597249059626,7.687829605428145,1,95,0.0,0.47621950437508626,3.425597249059626,7.687829605428145,1,102,0.0,0.47621950437508626,3.425597249059626,7.687829605428145,1
37ce5ded83ec551a,2021.06.23.15.56.12_veh-16_00839_01285,137,pdm_closed,107,107,0.0,0.47448587381205864,3.4234602456912793,7.681604593966452,1,97,0.0,0.47448587381205864,3.4234602456912793,7.681604593966452,1,104,0.0,0.47448587381205864,3.4234602456912793,7.681604593966452,1
37ce5ded83ec551a,2021.06.23.15.56.12_veh-16_00839_01285,150,pdm_closed,105,105,0.0,0.47424718337097516,3.4232253406659856,7.67985415778031,1,93,0.0,0.47424718337097516,3.4232253406659856,7.67985415778031,1,101,0.0,0.47424718337097516,3.4232253406659856,7.67985415778031,1
37ce5ded83ec551a,2021.06.23.15.56.12_veh-16_00839_01285,163,pdm_closed,104,104,0.0,0.4769817443455482,3.4220273027197567,7.675464994816285,1,91,0.0,0.4769817443455482,3.4220273027197567,7.675464994816285,1,97,0.0,0.4769817443455482,3.4220273027197567,7.675464994816285,1
37ce5ded83ec551a,2021.06.23.15.56.12_veh-16_00839_01285,176,pdm_closed,102,102,0.0,0.475328160554301,3.4239824135782055,7.682821027745579,1,90,0.0,0.475328160554301,3.4239824135782055,7.682821027745579,1,99,0.0,0.475328160554301,3.4239824135782055,7.682821027745579,1
37ce5ded83ec551a,2021.06.23.15.56.12_veh-16_00839_01285,190,pdm_closed,101,101,0.0,0.4708592091810915,3.4222471339420473,7.677245299453178,1,88,0.0,0.4708592091810915,3.4222471339420473,7.677245299453178,1,95,0.0,0.4708592091810915,3.4222471339420473,7.677245299453178,1
37ce5ded83ec551a,2021.06.23.15.56.12_veh-16_00839_01285,203,pdm_closed,103,103,0.0,0.4709277434114812,3.4203799164529833,7.669620619836279,1,88,0.0,0.4709277434114812,3.4203799164529833,7.669620619836279,1,96,0.0,0.4709277434114812,3.4203799164529833,7.669620619836279,1
37ce5ded83ec551a,2021.06.23.15.56.12_veh-16_00839_01285,216,pdm_closed,105,105,0.0,0.46487631141367447,3.4207958540581647,7.671383698697902,1,90,0.0,0.46487631141367447,3.4207958540581647,7.671383698697902,1,99,0.0,0.46487631141367447,3.4207958540581647,7.671383698697902,1
37ce5ded83ec551a,2021.06.23.15.56.12_veh-16_00839_01285,230,pdm_closed,113,113,0.0,0.4717957479645905,3.419653279531954,7.663132331371934,1,96,0.0,0.4717957479645905,3.419653279531954,7.663132331371934,1,105,0.0,0.4717957479645905,3.419653279531954,7.663132331371934,1
37ce5ded83ec551a,2021.06.23.15.56.12_veh-16_00839_01285,243,pdm_closed,113,113,0.0,0.47627262236370643,3.4096206498011816,7.601997100745884,1,92,0.0,0.47627262236370643,3.4096206498011816,7.601997100745884,1,104,0.0,0.47627262236370643,3.4096206498011816,7.601997100745884,1
37ce5ded83ec551a,2021.06.23.15.56.12_veh-16_00839_01285,256,pdm_closed,114,114,0.0,0.4721282749700109,3.3515495299808986,7.269119007128155,1,97,0.0,0.4721282749700109,3.3515495299808986,7.269119007128155,1,106,0.0,0.4721282749700109,3.3515495299808986,7.269119007128155,1
37ce5ded83ec551a,2021.06.23.15.56.12_veh-16_00839_01285,270,pdm_closed,112,112,0.0,0.47820377086106214,3.189909003421948,6.600860203008192,1,98,0.0,0.47820377086106214,3.189909003421948,6.600860203008192,1,101,0.0,0.47820377086106214,3.189909003421948,6.600860203008192,1
37ce5ded83ec551a,2021.06.23.15.56.12_veh-16_00839_01285,283,pdm_closed,115,115,0.0,0.48228956994242617,2.869699858573447,5.582602198372485,1,101,0.0,0.48228956994242617,2.869699858573447,5.582602198372485,1,106,0.0,0.48228956994242617,2.869699858573447,5.582602198372485,1
37ce5ded83ec551a,2021.06.23.15.56.12_veh-16_00839_01285,296,pdm_closed,115,115,0.0,0.5802520245423654,2.3634371549251303,4.406433006915579,1,98,0.0,0.5802520245423654,2.3634371549251303,4.406433006915579,1,106,0.0,0.5802520245423654,2.3634371549251303,4.406433006915579,1
37ce5ded83ec551a,2021.06.23.15.56.12_veh-16_00839_01285,310,pdm_closed,123,123,0.0,0.5654823814058899,1.814127337017565,3.837666875480411,1,102,0.0,0.5654823814058899,1.814127337017565,3.837666875480411,1,114,0.0,0.5654823814058899,1.814127337017565,3.837666875480411,1
3c26db4f633a53f5,2021.06.14.19.22.11_veh-38_01480_01860,4,pdm_closed,61,61,0.0,1.3218305069802176,2.657609463168458,5.186460704075242,1,50,0.0,1.3218305069802176,2.657609463168458,5.186460704075242,1,57,0.0,1.3218305069802176,2.657609463168458,5.186460704075242,1
3c26db4f633a53f5,2021.06.14.19.22.11_veh-38_01480_01860,17,pdm_closed,59,59,0.0,0.9288661228924022,2.913212487718847,5.110988872072977,1,48,0.0,0.9288661228924022,2.913212487718847,5.110988872072977,1,56,0.0,0.9288661228924022,2.913212487718847,5.110988872072977,1
3c26db4f633a53f5,2021.06.14.19.22.11_veh-38_01480_01860,30,pdm_closed,60,60,0.0,1.3328888528499845,2.4921465758131314,4.8652653403237345,1,48,0.0,1.3328888528499845,2.4921465758131314,4.8652653403237345,1,56,0.0,1.3328888528499845,2.4921465758131314,4.8652653403237345,1
3c26db4f633a53f5,2021.06.14.19.22.11_veh-38_01480_01860,43,pdm_closed,60,60,0.0,1.3338617314107093,2.355447293851442,4.708872773507119,1,50,0.0,1.3338617314107093,2.355447293851442,4.708872773507119,1,58,0.0,1.3338617314107093,2.355447293851442,4.708872773507119,1
3c26db4f633a53f5,2021.06.14.19.22.11_veh-38_01480_01860,57,pdm_closed,62,62,0.0,0.8431717154655166,2.6257401809608987,4.723464428475273,1,50,0.0,0.8431717154655166,2.6257401809608987,4.723464428475273,1,56,0.0,0.8431717154655166,2.6257401809608987,4.723464428475273,1
3c26db4f633a53f5,2021.06.14.19.22.11_veh-38_01480_01860,70,pdm_closed,65,65,0.0,1.3359859957201075,2.277577991793005,4.666462602711693,1,55,0.0,1.3359859957201075,2.277577991793005,4.666462602711693,1,57,0.0,1.3359859957201075,2.277577991793005,4.666462602711693,1
3c26db4f633a53f5,2021.06.14.19.22.11_veh-38_01480_01860,83,pdm_closed,67,67,0.0,0.8138937523342408,2.694815352108285,4.845017807744768,1,55,0.0,0.8138937523342408,2.694815352108285,4.845017807744768,1,58,0.0,0.8138937523342408,2.694815352108285,4.845017807744768,1
3c26db4f633a53f5,2021.06.14.19.22.11_veh-38_01480_01860,97,pdm_closed,66,66,0.0,0.8140436041238721,2.759483167344764,4.9047775487318015,1,56,0.0,0.8140436041238721,2.759483167344764,4.9047775487318015,1,63,0.0,0.8140436041238721,2.759483167344764,4.9047775487318015,1
3c26db4f633a53f5,2021.06.14.19.22.11_veh-38_01480_01860,110,pdm_closed,70,70,0.0,0.8327152791714048,2.7998259738070193,4.910309227355752,1,56,0.0,0.8327152791714048,2.7998259738070193,4.910309227355752,1,63,0.0,0.8327152791714048,2.7998259738070193,4.910309227355752,1
3c26db4f633a53f5,2021.06.14.19.22.11_veh-38_01480_01860,123,pdm_closed,74,74,0.0,0.8917406610327038,2.8297026142441393,4.91511533196052,1,57,0.0,0.8917406610327038,2.8297026142441393,4.91511533196052,1,63,0.0,0.8917406610327038,2.8297026142441393,4.91511533196052,1
3c26db4f633a53f5,2021.06.14.19.22.11_veh-38_01480_01860,137,pdm_closed,76,76,0.0,1.0915409279673927,2.8217575584206758,4.895239337844146,1,59,0.0,1.0915409279673927,2.8217575584206758,4.895239337844146,1,66,0.0,1.0915409279673927,2.8217575584206758,4.895239337844146,1
3c26db4f633a53f5,2021.06.14.19.22.11_veh-38_01480_01860,150,pdm_closed,78,78,0.0,2.1024959113304433,2.7961716465041224,4.872176746213753,1,63,1.0,0.0,4.281326537728987,11.096088797740192,1,71,1.0,0.0,4.281326537728987,11.096088797740192,1
3c26db4f633a53f5,2021.06.14.19.22.11_veh-38_01480_01860,163,pdm_closed,78,78,0.0,2.368121004084959,2.786887403337568,4.8452046433229885,1,60,0.0,2.368121004084959,2.786887403337568,4.8452046433229885,1,69,0.0,2.368121004084959,2.786887403337568,4.8452046433229885,1
3c26db4f633a53f5,2021.06.14.19.22.11_veh-38_01480_01860,176,pdm_closed,77,77,0.0,2.139967789108403,2.7909291037074877,4.858338370864106,1,61,0.0,2.139967789108403,2.7909291037074877,4.858338370864106,1,67,0.0,2.139967789108403,2.7909291037074877,4.858338370864106,1
3c26db4f633a53f5,2021.06.14.19.22.11_veh-38_01480_01860,190,pdm_closed,71,71,0.0,1.1548002173584508,2.793036268591097,4.857111713260171,1,56,0.0,1.1548002173584508,2.793036268591097,4.857111713260171,1,64,0.0,1.1548002173584508,2.793036268591097,4.857111713260171,1
3c26db4f633a53f5,2021.06.14.19.22.11_veh-38_01480_01860,203,pdm_closed,78,78,0.0,0.43404765363610476,2.8092585018938117,4.904430155842475,1,60,0.0,0.43404765363610476,2.8092585018938117,4.904430155842475,1,68,0.0,0.43404765363610476,2.8092585018938117,4.904430155842475,1
3c26db4f633a53f5,2021.06.14.19.22.11_veh-38_01480_01860,216,pdm_closed,76,76,0.0,1.353629187739383,2.5201721730043967,4.897156174825485,1,57,0.0,1.353629187739383,2.5201721730043967,4.897156174825485,1,63,0.0,1.353629187739383,2.5201721730043967,4.897156174825485,1
3c26db4f633a53f5,2021.06.14.19.22.11_veh-38_01480_01860,230,pdm_closed,79,79,0.0,1.3398840920811592,2.856302188353595,5.961593245026127,1,62,0.0,1.3398840920811592,2.856302188353595,5.961593245026127,1,70,0.0,1.3398840920811592,2.856302188353595,5.961593245026127,1
3c26db4f633a53f5,2021.06.14.19.22.11_veh-38_01480_01860,243,pdm_closed,72,72,0.0,1.3341109826076454,2.9830250968787215,6.3681015291649485,1,60,0.0,1.3341109826076454,2.9830250968787215,6.3681015291649485,1,63,0.0,1.3341109826076454,2.9830250968787215,6.3681015291649485,1
3c26db4f633a53f5,2021.06.14.19.22.11_veh-38_01480_01860,256,pdm_closed,71,71,0.0,1.3366760536548044,3.0599024953503013,6.600032324351969,1,59,0.0,1.3366760536548044,3.0599024953503013,6.600032324351969,1,62,0.0,1.3366760536548044,3.0599024953503013,6.600032324351969,1
3c26db4f633a53f5,2021.06.14.19.22.11_veh-38_01480_01860,270,pdm_closed,78,78,0.0,1.3310295948009887,3.047248422403091,6.53041726976218,1,64,1.0,0.0,4.289827371108206,11.114148521839825,1,69,0.0,1.3310295948009887,3.047248422403091,6.53041726976218,1
3c26db4f633a53f5,2021.06.14.19.22.11_veh-38_01480_01860,283,pdm_closed,77,77,0.0,1.3305983100130871,2.8596587266090627,5.862994741891736,1,65,0.0,1.3305983100130871,2.8596587266090627,5.862994741891736,1,72,0.0,1.3305983100130871,2.8596587266090627,5.862994741891736,1
3c26db4f633a53f5,2021.06.14.19.22.11_veh-38_01480_01860,296,pdm_closed,76,76,0.0,1.3098422845358852,2.88294069933813,5.9312080404815,1,66,0.0,1.3098422845358852,2.88294069933813,5.9312080404815,1,70,0.0,1.3098422845358852,2.88294069933813,5.9312080404815,1
3c26db4f633a53f5,2021.06.14.19.22.11_veh-38_01480_01860,310,pdm_closed,80,80,0.0,1.3167490190870381,2.8912051446685973,5.956862868252233,1,63,0.0,1.3167490190870381,2.8912051446685973,5.956862868252233,1,68,0.0,1.3167490190870381,2.8912051446685973,5.956862868252233,1
40776770a97f546c,2021.07.16.20.45.29_veh-35_01095_01486,4,pdm_closed,98,98,0.0,1.884800851027851,2.1766881283669095,4.845953345741668,1,94,0.0,1.8847717033681468,2.8016723197960047,6.290592728964429,1,95,0.0,1.8847717033681468,2.8016723197960047,6.290592728964429,1
40776770a97f546c,2021.07.16.20.45.29_veh-35_01095_01486,17,pdm_closed,89,89,0.0,1.8701257049594733,0.7201666350422337,1.4949170901018403,1,84,0.0,1.870119259441745,0.5354787426408691,1.1285236542429302,1,85,0.0,1.870119259441745,0.5354787426408691,1.1285236542429302,1
40776770a97f546c,2021.07.16.20.45.29_veh-35_01095_01486,30,pdm_closed,85,85,0.0,1.9321928981605498,0.6180210415196018,1.3431420957292894,1,82,0.0,1.9322332870358103,0.44309473551498696,0.984028837743198,1,84,0.0,1.9321928981605498,0.6180210415196018,1.3431420957292894,1
40776770a97f546c,2021.07.16.20.45.29_veh-35_01095_01486,43,pdm_closed,85,85,0.0,4.09842493945878,2.2851706943289503,5.019828982544376,1,80,0.0,4.086607615390893,2.8539569189895824,6.363458590348638,1,80,0.0,4.086607615390893,2.8539569189895824,6.363458590348638,1
40776770a97f546c,2021.07.16.20.45.29_veh-35_01095_01486,57,pdm_closed,89,89,0.0,5.344654864753134,2.5935532298793897,5.389847751106506,1,81,0.0,4.345317390955036,2.799250337068202,6.409292630090749,1,86,0.0,5.344654864753134,2.5935532298793897,5.389847751106506,1
40776770a97f546c,2021.07.16.20.45.29_veh-35_01095_01486,70,pdm_closed,91,91,0.0,2.895850944205788,2.2829652791187334,5.1325146375828234,1,80,0.0,4.220683415788079,2.8893425358445106,6.567320599268889,1,83,0.0,4.220683415788079,2.8893425358445106,6.567320599268889,1
40776770a97f546c,2021.07.16.20.45.29_veh-35_01095_01486,83,pdm_closed,80,80,0.0,0.32132422857631693,2.82415302490653,5.898210690499156,1,68,0.0,1.3213242266764704,2.9420109904841025,6.649617394768836,1,73,0.0,1.3213242266764704,2.9420109904841025,6.649617394768836,1
40776770a97f546c,2021.07.16.20.45.29_veh-35_01095_01486,97,pdm_closed,70,70,0.0,1.3053689125898444,2.376734468396704,5.25415719330535,1,55,0.0,1.3053689125898444,2.376734468396704,5.25415719330535,1,61,0.0,1.3053689125898444,2.376734468396704,5.25415719330535,1
40776770a97f546c,2021.07.16.20.45.29_veh-35_01095_01486,110,pdm_closed,73,73,0.0,1.3122369385661992,2.3382341160100553,5.0852212774037975,1,63,0.0,1.3122369385661992,2.3382341160100553,5.0852212774037975,1,66,0.0,1.3112966962658894,2.905189361418296,6.43997525975357,1
40776770a97f546c,2021.07.16.20.45.29_veh-35_01095_01486,123,pdm_closed,69,69,0.0,1.3213242230369908,2.2587757390411354,4.900079483375749,1,60,0.0,1.3213242160510152,2.8033104039936902,6.207550337244972,1,62,0.0,1.3213242230369908,2.2587757390411354,4.900079483375749,1
40776770a97f546c,2021.07.16.20.45.29_veh-35_01095_01486,137,pdm_closed,72,72,0.0,1.310354818435323,2.1460169072796655,4.685528999492588,1,66,0.0,1.3098421464824859,2.6632436573446947,5.932613983559837,1,70,0.0,1.310354818435323,2.1460169072796655,4.685528999492588,1
40776770a97f546c,2021.07.16.20.45.29_veh-35_01095_01486,150,pdm_closed,82,82,0.0,1.324212870354263,1.9597366205459625,4.333254720707803,1,78,0.0,1.3241738663074463,2.5192322939541016,5.688109255612368,1,79,0.0,1.3241738663074463,2.5192322939541016,5.688109255612368,1
40776770a97f546c,2021.07.16.20.45.29_veh-35_01095_01486,163,pdm_closed,88,88,0.0,1.3425643502680016,0.860023933145525,1.7197849624266752,1,84,0.0,1.34249662068736,0.6838747417052384,1.3467737113107918,1,86,0.0,1.34249662068736,0.6838747417052384,1.3467737113107918,1
40776770a97f546c,2021.07.16.20.45.29_veh-35_01095_01486,176,pdm_closed,101,101,0.0,3.1543377701126394,1.925347621921892,4.462569138821711,1,96,0.0,3.1543377701126394,1.925347621921892,4.462569138821711,1,98,0.0,3.1543377701126394,1.925347621921892,4.462569138821711,1
40776770a97f546c,2021.07.16.20.45.29_veh-35_01095_01486,190,pdm_closed,109,109,0.0,6.869754186770008,2.0500823409719358,4.755878973502392,1,101,0.0,6.854453595021554,2.71654727445428,6.354585674731348,1,106,0.0,6.869754186770008,2.0500823409719358,4.755878973502392,1
40776770a97f546c,2021.07.16.20.45.29_veh-35_01095_01486,203,pdm_closed,111,111,0.0,5.62917015581596,2.1241522133423394,5.028338427110606,1,99,0.0,5.97879296009666,3.219377273520194,6.793709702809861,1,104,0.0,5.62917015581596,2.1241522133423394,5.028338427110606,1
40776770a97f546c,2021.07.16.20.45.29_veh-35_01095_01486,216,pdm_closed,117,117,0.0,4.725039344874585,2.3560149104822443,5.428448344588014,1,104,0.0,4.728631897066294,3.124080788148422,7.272127225509628,1,108,0.0,4.728631897066294,3.124080788148422,7.272127225509628,1
40776770a97f546c,2021.07.16.20.45.29_veh-35_01095_01486,230,pdm_closed,124,124,0.0,5.242890921217965,3.0054501622637115,6.087160269146083,1,110,0.0,4.7114572156532635,3.3882555768519635,7.795919092706155,1,117,0.0,4.7114572156532635,3.3882555768519635,7.795919092706155,1
40776770a97f546c,2021.07.16.20.45.29_veh-35_01095_01486,243,pdm_closed,128,128,0.0,3.683444275410253,3.1313328665480555,6.359768939543951,1,113,0.0,4.707203009529874,3.5348344248442514,8.163568303962203,1,120,0.0,3.683444275410253,3.1313328665480555,6.359768939543951,1
40776770a97f546c,2021.07.16.20.45.29_veh-35_01095_01486,256,pdm_closed,137,137,0.0,1.4442936937973163,2.7189541691515617,6.208787380119346,1,121,0.0,3.1800594863967406,3.645704567636176,8.488837580891964,1,125,0.0,3.1800594863967406,3.645704567636176,8.488837580891964,1
40776770a97f546c,2021.07.16.20.45.29_veh-35_01095_01486,270,pdm_closed,155,155,0.0,1.1886239725998384,2.683500664404935,6.126938863405756,1,139,0.0,1.448999957562339,3.796774990293723,8.907987456425099,1,149,0.0,1.1886239725998384,2.683500664404935,6.126938863405756,1
40776770a97f546c,2021.07.16.20.45.29_veh-35_01095_01486,283,pdm_closed,176,176,0.0,1.1160402016245379,2.69270253413976,6.197574718832661,1,156,0.0,1.1156702742442561,3.99370368478825,9.482822077143657,1,162,0.0,1.1156702742442561,3.99370368478825,9.482822077143657,1
40776770a97f546c,2021.07.16.20.45.29_veh-35_01095_01486,296,pdm_closed,194,194,0.0,1.0308135583689313,2.5823796317076595,6.022126457303154,1,173,0.0,1.0078013668787464,4.223972961039569,10.220857374568576,1,178,0.0,1.0078013668787464,4.223972961039569,10.220857374568576,1
40776770a97f546c,2021.07.16.20.45.29_veh-35_01095_01486,310,pdm_closed,188,188,0.0,1.037690322177113,2.4104156309997125,5.692123906307355,1,163,0.0,1.0033717894317136,4.50851247594866,11.133864408577683,1,176,0.0,1.037690322177113,2.4104156309997125,5.692123906307355,1
44c871f95ff8522d,2021.07.24.23.50.16_veh-17_01696_02071,4,pdm_closed,103,103,0.0,1.1878279570497763,0.45099454868103983,0.9314441681887163,1,81,0.0,1.1878279570497763,0.45099454868103983,0.9314441681887163,1,88,0.0,1.1878279570497763,0.45099454868103983,0.9314441681887163,1
44c871f95ff8522d,2021.07.24.23.50.16_veh-17_01696_02071,17,pdm_closed,104,104,0.0,1.2013611262323198,0.4110744858982798,0.8747891111809598,1,82,0.0,1.2013611262323198,0.4110744858982798,0.8747891111809598,1,87,0.0,1.2013611262323198,0.4110744858982798,0.8747891111809598,1
44c871f95ff8522d,2021.07.24.23.50.16_veh-17_01696_02071,30,pdm_closed,120,120,0.0,1.2877200387422614,0.2832520835315869,0.5428220202091197,1,95,0.0,1.2877200387422614,0.2832520835315869,0.5428220202091197,1,104,0.0,1.2877200387422614,0.2832520835315869,0.5428220202091197,1
44c871f95ff8522d,2021.07.24.23.50.16_veh-17_01696_02071,43,pdm_closed,124,124,0.0,2.379611243920082,0.16686213549474532,0.09306205458803757,1,99,0.0,2.379611243920082,0.16686213549474532,0.09306205458803757,1,108,0.0,2.379611243920082,0.16686213549474532,0.09306205458803757,1
44c871f95ff8522d,2021.07.24.23.50.16_veh-17_01696_02071,57,pdm_closed,127,127,0.0,4.540933358752784,0.22816688926449277,0.19666000767004913,1,108,0.0,4.540933358752784,0.22816688926449277,0.19666000767004913,1,120,0.0,4.540933358752784,0.22816688926449277,0.19666000767004913,1
44c871f95ff8522d,2021.07.24.23.50.16_veh-17_01696_02071,70,pdm_closed,124,124,0.0,4.436178627839219,0.3363250603977947,0.665010557792531,1,109,0.0,4.436178627839219,0.3363250603977947,0.665010557792531,1,115,0.0,4.436178627839219,0.3363250603977947,0.665010557792531,1
44c871f95ff8522d,2021.07.24.23.50.16_veh-17_01696_02071,83,pdm_closed,125,125,0.0,4.414555593960676,0.4465895369025313,1.308194087443212,1,111,0.0,2.8805812233427663,2.9066162961817494,8.728781377194712,1,119,0.0,4.414555593960676,0.4465895369025313,1.308194087443212,1
44c871f95ff8522d,2021.07.24.23.50.16_veh-17_01696_02071,96,pdm_closed,124,124,0.0,4.413402061450778,0.6718661967108022,1.8981032624175949,1,113,0.0,4.413402061450778,0.6718661967108022,1.8981032624175949,1,118,0.0,4.413402061450778,0.6718661967108022,1.8981032624175949,1
44c871f95ff8522d,2021.07.24.23.50.16_veh-17_01696_02071,110,pdm_closed,127,127,0.0,4.403208397776057,0.9121744740337427,1.9576044999278752,1,113,0.0,3.969345539170189,3.456481672420107,8.330814668741514,1,120,0.0,4.403208397776057,0.9121744740337427,1.9576044999278752,1
44c871f95ff8522d,2021.07.24.23.50.16_veh-17_01696_02071,123,pdm_closed,137,137,0.0,4.382016936562601,1.0714625736410095,1.9947281072607694,1,122,0.0,4.382016936562601,1.0714625736410095,1.9947281072607694,1,129,0.0,4.382016936562601,1.0714625736410095,1.9947281072607694,1
44c871f95ff8522d,2021.07.24.23.50.16_veh-17_01696_02071,136,pdm_closed,135,135,0.0,4.390001240090401,0.9137634510290177,1.3692036243736319,1,121,0.0,4.390001240090401,0.9137634510290177,1.3692036243736319,1,126,0.0,4.390001240090401,0.9137634510290177,1.3692036243736319,1
44c871f95ff8522d,2021.07.24.23.50.16_veh-17_01696_02071,149,pdm_closed,132,132,0.0,4.397241689154347,0.7425947869483207,0.9301551289916687,1,117,0.0,4.397241689154347,0.7425947869483207,0.9301551289916687,1,127,0.0,4.397241689154347,0.7425947869483207,0.9301551289916687,1
44c871f95ff8522d,2021.07.24.23.50.16_veh-17_01696_02071,163,pdm_closed,136,136,0.0,4.376609523419222,0.3540013050080494,0.33937107159006097,1,119,0.0,4.376609523419222,0.3540013050080494,0.33937107159006097,1,128,0.0,4.376609523419222,0.3540013050080494,0.33937107159006097,1
44c871f95ff8522d,2021.07.24.23.50.16_veh-17_01696_02071,176,pdm_closed,132,132,0.0,4.391136907915784,0.18789491758260857,0.31573385245561886,1,118,0.0,4.392833050421105,2.1646525444261804,5.648525894800784,1,126,0.0,4.391136907915784,0.18789491758260857,0.31573385245561886,1
44c871f95ff8522d,2021.07.24.23.50.16_veh-17_01696_02071,189,pdm_closed,136,136,0.0,4.397241688200775,0.16628441999204524,0.29473649082184966,1,126,0.0,4.397241688200775,0.16628441999204524,0.29473649082184966,1,129,0.0,4.397241688200775,0.16628441999204524,0.29473649082184966,1
44c871f95ff8522d,2021.07.24.23.50.16_veh-17_01696_02071,202,pdm_closed,136,136,0.0,4.3949570748749975,0.2355673901043846,0.41700571756434446,1,123,0.0,4.3949570748749975,0.2355673901043846,0.41700571756434446,1,128,0.0,4.3949570748749975,0.2355673901043846,0.41700571756434446,1
44c871f95ff8522d,2021.07.24.23.50.16_veh-17_01696_02071,216,pdm_closed,137,137,0.0,4.42198221931161,0.38181652197916216,0.6319070972731632,1,123,0.0,4.42198221931161,0.38181652197916216,0.6319070972731632,1,133,0.0,4.42198221931161,0.38181652197916216,0.6319070972731632,1
44c871f95ff8522d,2021.07.24.23.50.16_veh-17_01696_02071,229,pdm_closed,143,143,0.0,4.4316542731158055,0.5750756353780577,0.9563186671616631,1,131,0.0,4.4316542731158055,0.5750756353780577,0.9563186671616631,1,141,0.0,4.4316542731158055,0.5750756353780577,0.9563186671616631,1
44c871f95ff8522d,2021.07.24.23.50.16_veh-17_01696_02071,242,pdm_closed,144,144,0.0,4.433414019800501,0.6463971303445677,1.1702331825552537,1,129,0.0,4.433414019800501,0.6463971303445677,1.1702331825552537,1,136,0.0,4.433414019800501,0.6463971303445677,1.1702331825552537,1
44c871f95ff8522d,2021.07.24.23.50.16_veh-17_01696_02071,255,pdm_closed,139,139,0.0,4.360938949663758,0.453731404961659,0.9355663564623096,1,122,0.0,4.360938949663758,0.453731404961659,0.9355663564623096,1,130,0.0,4.360938949663758,0.453731404961659,0.9355663564623096,1
44c871f95ff8522d,2021.07.24.23.50.16_veh-17_01696_02071,269,pdm_closed,148,148,0.0,4.1349148046159785,0.4565791141011838,0.8636516501621327,1,127,0.0,4.1349148046159785,0.4565791141011838,0.8636516501621327,1,134,0.0,4.1349148046159785,0.4565791141011838,0.8636516501621327,1
44c871f95ff8522d,2021.07.24.23.50.16_veh-17_01696_02071,282,pdm_closed,144,144,0.0,4.033967224551204,0.46433586460305454,0.7876876058739873,1,127,0.0,4.033967224551204,0.46433586460305454,0.7876876058739873,1,138,0.0,4.033967224551204,0.46433586460305454,0.7876876058739873,1
44c871f95ff8522d,2021.07.24.23.50.16_veh-17_01696_02071,295,pdm_closed,148,148,0.0,4.056109575258527,0.47069832837200054,0.7679862934656437,1,126,0.0,4.056109575258527,0.47069832837200054,0.7679862934656437,1,132,0.0,4.056109575258527,0.47069832837200054,0.7679862934656437,1
44c871f95ff8522d,2021.07.24.23.50.16_veh-17_01696_02071,309,pdm_closed,147,147,0.0,4.025726902211015,0.5781471427431956,1.0013982496818405,1,121,0.0,4.025726902211015,0.5781471427431956,1.0013982496818405,1,134,0.0,4.025726902211015,0.5781471427431956,1.0013982496818405,1
48f5eb23efa152e4,2021.06.08.16.31.33_veh-38_01589_02072,4,pdm_closed,55,55,0.0,1.4337531909974652,2.524584752583631,6.079476708895172,1,49,0.0,1.427412635115702,3.27799407016818,7.8409211172381355,1,53,0.0,1.4337590786230539,2.5168012518651235,6.068697612605899,1
48f5eb23efa152e4,2021.06.08.16.31.33_veh-38_01589_02072,17,pdm_closed,46,46,0.0,1.4223603472752229,2.7302377778599287,6.225604124061286,1,39,0.0,1.422337073976741,2.733121049243011,6.248670295125946,1,42,0.0,1.4223603472752229,2.7302377778599287,6.225604124061286,1
48f5eb23efa152e4,2021.06.08.16.31.33_veh-38_01589_02072,30,pdm_closed,45,45,0.0,1.4286257647809446,2.783845303696144,6.041481360030482,1,36,0.0,1.4269055632249628,3.407784625174658,7.528749167464506,1,36,0.0,1.4286118837566442,2.79198015022517,6.0607649639737975,1
48f5eb23efa152e4,2021.06.08.16.31.33_veh-38_01589_02072,43,pdm_closed,38,38,0.0,1.3909748263598969,2.628839641681947,5.4717286079391245,1,29,0.0,1.3753152344134416,3.2011917680191733,6.851793731346867,1,34,0.0,1.3753152344134416,3.2011917680191733,6.851793731346867,1
48f5eb23efa152e4,2021.06.08.16.31.33_veh-38_01589_02072,57,pdm_closed,37,37,0.0,1.4595985375073088,2.219165074196387,4.7344669341088,1,30,0.0,1.2928452765144924,2.7236270676057983,5.975246502568633,1,32,0.0,1.4595985375073088,2.219165074196387,4.7344669341088,1
48f5eb23efa152e4,2021.06.08.16.31.33_veh-38_01589_02072,70,pdm_closed,39,39,0.0,1.6641437302796487,1.8277099299159736,4.140005275763743,1,35,0.0,1.6641075869730493,1.8429393755049224,4.182518921190295,1,36,0.0,1.6641075869730493,1.8429393755049224,4.182518921190295,1
48f5eb23efa152e4,2021.06.08.16.31.33_veh-38_01589_02072,83,pdm_closed,46,46,0.0,2.3259420375396065,2.059392320804407,4.400413798631279,1,40,0.0,2.317456972437647,2.4743283432608627,5.607529465106814,1,45,0.0,2.3259420375396065,2.059392320804407,4.400413798631279,1
48f5eb23efa152e4,2021.06.08.16.31.33_veh-38_01589_02072,97,pdm_closed,48,48,0.0,2.845152866620612,3.5118501603758823,5.880687873192454,1,43,0.0,3.71797325348319,1.8401122597792652,4.63395949712354,1,47,0.0,2.845152866620612,3.5118501603758823,5.880687873192454,1
48f5eb23efa152e4,2021.06.08.16.31.33_veh-38_01589_02072,110,pdm_closed,47,47,0.0,4.539912868648038,2.410828375326697,5.4183526476230215,1,41,0.0,4.5246298591960095,3.0877227005015695,7.2113619708109695,1,45,0.0,4.539912868648038,2.410828375326697,5.4183526476230215,1
48f5eb23efa152e4,2021.06.08.16.31.33_veh-38_01589_02072,123,pdm_closed,58,58,0.0,5.098937721204964,3.07768391237488,4.496783115880934,1,52,0.0,5.799348073849891,0.5760013532790194,0.9447131799347551,1,54,0.0,5.079309011474441,3.3060064886012888,4.93143203495289,1
48f5eb23efa152e4,2021.06.08.16.31.33_veh-38_01589_02072,137,pdm_closed,71,71,0.0,5.556650480365739,4.083611869776555,8.015387386838887,1,66,0.0,5.556650480365739,4.083611869776555,8.015387386838887,1,68,0.0,5.556650480365739,4.083611869776555,8.015387386838887,1
48f5eb23efa152e4,2021.06.08.16.31.33_veh-38_01589_02072,150,pdm_closed,74,74,0.0,8.464170984878365,2.1378206864088685,4.527527208839377,1,69,0.0,8.464170984878365,2.1378206864088685,4.527527208839377,1,72,0.0,8.464170984878365,2.1378206864088685,4.527527208839377,1
48f5eb23efa152e4,2021.06.08.16.31.33_veh-38_01589_02072,163,pdm_closed,72,72,0.0,7.586622530413045,2.1584889566256074,4.898629611247487,1,67,0.0,7.586622530413045,2.1584889566256074,4.898629611247487,1,70,0.0,7.586622530413045,2.1584889566256074,4.898629611247487,1
48f5eb23efa152e4,2021.06.08.16.31.33_veh-38_01589_02072,176,pdm_closed,78,78,0.0,6.460497643989573,2.135341506153517,5.336135306493529,1,72,0.0,4.809647583544893,4.043332054064451,9.82307850750895,1,75,0.0,6.460497643989573,2.135341506153517,5.336135306493529,1
48f5eb23efa152e4,2021.06.08.16.31.33_veh-38_01589_02072,190,pdm_closed,76,76,0.0,5.273313889800585,2.24481097561131,5.601009021916264,1,73,0.0,4.327572413047692,2.624801830771105,5.775400385132237,1,73,0.0,4.327572413047692,2.624801830771105,5.775400385132237,1
48f5eb23efa152e4,2021.06.08.16.31.33_veh-38_01589_02072,203,pdm_closed,89,89,0.0,4.790984098802867,2.4873118482816263,6.492500571578353,1,85,0.0,3.7720018176040693,4.018348254565093,9.657015527109156,1,87,0.0,4.790984098802867,2.4873118482816263,6.492500571578353,1
48f5eb23efa152e4,2021.06.08.16.31.33_veh-38_01589_02072,216,pdm_closed,96,96,0.0,4.482045422665163,3.234232021536243,8.891255394186295,1,93,0.0,2.510089086816543,4.4049215669057125,11.009477305816892,1,95,0.0,2.510089086816543,4.4049215669057125,11.009477305816892,1
48f5eb23efa152e4,2021.06.08.16.31.33_veh-38_01589_02072,230,pdm_closed,103,103,0.0,1.2030716342478194,4.0912428511460055,10.864885159006228,1,92,0.0,1.2008178620055079,4.586023829064381,11.673710803056288,1,97,0.0,1.2008178620055079,4.586023829064381,11.673710803056288,1
48f5eb23efa152e4,2021.06.08.16.31.33_veh-38_01589_02072,243,pdm_closed,106,106,0.0,1.1723039988442108,3.6205376148654365,9.092705487519972,1,97,0.0,1.1723039988442108,3.6205376148654365,9.092705487519972,1,102,0.0,1.1723039988442108,3.6205376148654365,9.092705487519972,1
48f5eb23efa152e4,2021.06.08.16.31.33_veh-38_01589_02072,256,pdm_closed,111,111,0.0,1.148743964143437,3.8424550886618682,9.62456850926423,1,99,0.0,1.148743964143437,3.8424550886618682,9.62456850926423,1,104,0.0,1.148743964143437,3.8424550886618682,9.62456850926423,1
48f5eb23efa152e4,2021.06.08.16.31.33_veh-38_01589_02072,270,pdm_closed,118,118,0.0,1.0140891789673379,4.218966067224171,10.335088136684398,1,108,0.0,1.0140891789673379,4.218966067224171,10.335088136684398,1,114,0.0,1.0140891789673379,4.218966067224171,10.335088136684398,1
48f5eb23efa152e4,2021.06.08.16.31.33_veh-38_01589_02072,283,pdm_closed,128,128,0.0,1.0053416199491896,4.5440924769781255,10.895889494783606,1,118,0.0,1.0053416199491896,4.5440924769781255,10.895889494783606,1,125,0.0,1.0053416199491896,4.5440924769781255,10.895889494783606,1
48f5eb23efa152e4,2021.06.08.16.31.33_veh-38_01589_02072,296,pdm_closed,126,126,0.0,0.9806878347529775,2.7916057604811373,5.779256549229902,1,117,0.0,1.0029579836632387,4.647545752652716,11.134355941746024,1,122,0.0,1.0029579836632387,4.647545752652716,11.134355941746024,1
48f5eb23efa152e4,2021.06.08.16.31.33_veh-38_01589_02072,310,pdm_closed,117,117,0.0,0.9828986556811748,2.6383706609390085,5.329193069358843,1,111,0.0,0.9828986445316167,3.748860209758506,8.399858173956597,1,116,0.0,0.9828986556811748,2.6383706609390085,5.329193069358843,1
4d1b8ab237fc55c4,2021.06.03.12.02.06_veh-35_00233_00609,4,pdm_closed,128,128,0.0,0.03472640097552116,2.4826736194290415,3.886080363695248,1,110,0.0,0.03472640097552116,2.4826736194290415,3.886080363695248,1,115,0.0,0.03472640097552116,2.4826736194290415,3.886080363695248,1
4d1b8ab237fc55c4,2021.06.03.12.02.06_veh-35_00233_00609,17,pdm_closed,127,127,0.0,0.575642763916679,2.064852363820767,3.709340550347095,1,111,0.0,0.575642763916679,2.064852363820767,3.709340550347095,1,119,1.0,0.0,3.4309080769198674,7.663754495719607,1
4d1b8ab237fc55c4,2021.06.03.12.02.06_veh-35_00233_00609,30,pdm_closed,127,127,0.0,0.5643689148032417,2.0654134539116846,3.7108593230994145,1,114,0.0,0.5643689148032417,2.0654134539116846,3.7108593230994145,1,117,0.0,0.5643689148032417,2.0654134539116846,3.7108593230994145,1
4d1b8ab237fc55c4,2021.06.03.12.02.06_veh-35_00233_00609,43,pdm_closed,125,125,0.0,0.5811789372589038,2.0652063637610185,3.710464249776387,1,113,0.0,0.5811789372589038,2.0652063637610185,3.710464249776387,1,120,0.0,0.5811789372589038,2.0652063637610185,3.710464249776387,1
4d1b8ab237fc55c4,2021.06.03.12.02.06_veh-35_00233_00609,57,pdm_closed,131,131,0.0,0.5678050959121147,2.0657744809962932,3.711718739220833,1,115,0.0,0.5678050959121147,2.0657744809962932,3.711718739220833,1,124,0.0,0.5678050959121147,2.0657744809962932,3.711718739220833,1
4d1b8ab237fc55c4,2021.06.03.12.02.06_veh-35_00233_00609,70,pdm_closed,127,127,0.0,0.5778066825917098,2.0649318861297306,3.709839154447905,1,110,0.0,0.5778066825917098,2.0649318861297306,3.709839154447905,1,116,0.0,0.5778066825917098,2.0649318861297306,3.709839154447905,1
4d1b8ab237fc55c4,2021.06.03.12.02.06_veh-35_00233_00609,83,pdm_closed,130,130,0.0,0.5984856613177049,2.064570459538318,3.709389248485845,1,111,1.0,0.0,3.4301328163269007,7.662925667837538,1,121,0.0,0.5984856613177049,2.064570459538318,3.709389248485845,1
4d1b8ab237fc55c4,2021.06.03.12.02.06_veh-35_00233_00609,96,pdm_closed,133,133,0.0,0.6077096695443733,2.0643213926839756,3.708464624834198,1,113,0.0,0.6077096695443733,2.0643213926839756,3.708464624834198,1,125,0.0,0.6077096695443733,2.0643213926839756,3.708464624834198,1
4d1b8ab237fc55c4,2021.06.03.12.02.06_veh-35_00233_00609,110,pdm_closed,132,132,0.0,0.5704369236041542,2.0659123827449553,3.712059787222451,1,111,1.0,0.0,3.4306407813517996,7.663428449440848,1,123,1.0,0.0,3.4306407813517996,7.663428449440848,1
4d1b8ab237fc55c4,2021.06.03.12.02.06_veh-35_00233_00609,123,pdm_closed,126,126,0.0,0.5823626709073566,2.0638669262343385,3.707623727394592,1,106,0.0,0.5823626709073566,2.0638669262343385,3.707623727394592,1,113,0.0,0.5823626709073566,2.0638669262343385,3.707623727394592,1
4d1b8ab237fc55c4,2021.06.03.12.02.06_veh-35_00233_00609,136,pdm_closed,128,128,0.0,0.581154202836485,2.062056043832228,3.7035959957864852,1,107,0.0,0.581154202836485,2.062056043832228,3.7035959957864852,1,113,0.0,0.581154202836485,2.062056043832228,3.7035959957864852,1
4d1b8ab237fc55c4,2021.06.03.12.02.06_veh-35_00233_00609,149,pdm_closed,124,124,0.0,0.6005795908471339,2.06346762752591,3.706086025426829,1,105,0.0,0.6005795908471339,2.06346762752591,3.706086025426829,1,111,0.0,0.6005795908471339,2.06346762752591,3.706086025426829,1
4d1b8ab237fc55c4,2021.06.03.12.02.06_veh-35_00233_00609,163,pdm_closed,126,126,0.0,0.6014849904184412,2.0647241804041316,3.7090694376704554,1,106,0.0,0.6014849904184412,2.0647241804041316,3.7090694376704554,1,119,0.0,0.6014849904184412,2.0647241804041316,3.7090694376704554,1
4d1b8ab237fc55c4,2021.06.03.12.02.06_veh-35_00233_00609,176,pdm_closed,127,127,0.0,0.03329276020530326,2.4774802782423615,3.8740029291293725,1,108,0.0,0.03329276020530326,2.4774802782423615,3.8740029291293725,1,120,0.0,0.03329276020530326,2.4774802782423615,3.8740029291293725,1
4d1b8ab237fc55c4,2021.06.03.12.02.06_veh-35_00233_00609,189,pdm_closed,126,126,0.0,0.6035481998010419,2.0656205260460494,3.711156775529447,1,106,0.0,0.6035481998010419,2.0656205260460494,3.711156775529447,1,118,0.0,0.6035481998010419,2.0656205260460494,3.711156775529447,1
4d1b8ab237fc55c4,2021.06.03.12.02.06_veh-35_00233_00609,202,pdm_closed,125,125,0.0,0.610594802333698,2.063254108320193,3.7062295492653523,1,108,0.0,0.610594802333698,2.063254108320193,3.7062295492653523,1,115,0.0,0.610594802333698,2.063254108320193,3.7062295492653523,1
4d1b8ab237fc55c4,2021.06.03.12.02.06_veh-35_00233_00609,216,pdm_closed,122,122,0.0,0.040145664321283955,2.482383895830787,3.885735058177666,1,106,0.0,0.040145664321283955,2.482383895830787,3.885735058177666,1,112,0.0,0.040145664321283955,2.482383895830787,3.885735058177666,1
4d1b8ab237fc55c4,2021.06.03.12.02.06_veh-35_00233_00609,229,pdm_closed,126,126,0.0,0.6049794097235437,2.0648210160893106,3.70976373674216,1,107,1.0,0.0,3.4303902941727547,7.663223962331506,1,118,0.0,0.6049794097235437,2.0648210160893106,3.70976373674216,1
4d1b8ab237fc55c4,2021.06.03.12.02.06_veh-35_00233_00609,242,pdm_closed,123,123,0.0,0.5890493077163245,2.068711166599706,3.7186584801918534,1,107,0.0,0.5890493077163245,2.068711166599706,3.7186584801918534,1,113,0.0,0.5890493077163245,2.068711166599706,3.7186584801918534,1
4d1b8ab237fc55c4,2021.06.03.12.02.06_veh-35_00233_00609,255,pdm_closed,116,116,0.0,0.03905503971600382,2.4817663159332253,3.8838961160011753,1,98,0.0,0.03905503971600382,2.4817663159332253,3.8838961160011753,1,105,0.0,0.03905503971600382,2.4817663159332253,3.8838961160011753,1
4d1b8ab237fc55c4,2021.06.03.12.02.06_veh-35_00233_00609,269,pdm_closed,109,109,0.0,0.04426498155414459,2.4837599616250934,3.8888177486259226,1,97,0.0,0.04426498155414459,2.4837599616250934,3.8888177486259226,1,104,0.0,0.04426498155414459,2.4837599616250934,3.8888177486259226,1
4d1b8ab237fc55c4,2021.06.03.12.02.06_veh-35_00233_00609,282,pdm_closed,106,106,0.0,0.04238734955057016,2.478499807702333,3.8760185079209006,1,91,0.0,0.04238734955057016,2.478499807702333,3.8760185079209006,1,98,0.0,0.04238734955057016,2.478499807702333,3.8760185079209006,1
4d1b8ab237fc55c4,2021.06.03.12.02.06_veh-35_00233_00609,295,pdm_closed,104,104,0.0,0.04253390618938082,2.478568968563626,3.8760981573200493,1,87,0.0,0.04253390618938082,2.478568968563626,3.8760981573200493,1,93,0.0,0.04253390618938082,2.478568968563626,3.8760981573200493,1
4d1b8ab237fc55c4,2021.06.03.12.02.06_veh-35_00233_00609,309,pdm_closed,102,102,0.0,0.047512828621058094,2.4802052363183793,3.8802739081934416,1,88,0.0,0.047512828621058094,2.4802052363183793,3.8802739081934416,1,92,0.0,0.047512828621058094,2.4802052363183793,3.8802739081934416,1
5158c5c1b59a5683,2021.06.03.13.55.17_veh-35_00073_00426,4,pdm_closed,171,171,0.0,0.4134703967737512,1.1930120546077032,1.4169102410725443,1,147,0.0,0.4134703967737512,1.1930120546077032,1.4169102410725443,1,158,0.0,0.4134703967737512,1.1930120546077032,1.4169102410725443,1
5158c5c1b59a5683,2021.06.03.13.55.17_veh-35_00073_00426,17,pdm_closed,173,173,0.0,0.4138451020762866,1.1929698534852553,1.4168681699024743,1,150,0.0,0.4138451020762866,1.1929698534852553,1.4168681699024743,1,162,0.0,0.4138451020762866,1.1929698534852553,1.4168681699024743,1
5158c5c1b59a5683,2021.06.03.13.55.17_veh-35_00073_00426,30,pdm_closed,173,173,0.0,0.41593265620921027,1.1929262952720907,1.4168875188138388,1,150,0.0,0.41593265620921027,1.1929262952720907,1.4168875188138388,1,158,0.0,0.41593265620921027,1.1929262952720907,1.4168875188138388,1
5158c5c1b59a5683,2021.06.03.13.55.17_veh-35_00073_00426,43,pdm_closed,174,174,0.0,0.4206246531946627,1.1929804046568298,1.4169539009083716,1,154,0.0,0.4206246531946627,1.1929804046568298,1.4169539009083716,1,165,0.0,0.4206246531946627,1.1929804046568298,1.4169539009083716,1
5158c5c1b59a5683,2021.06.03.13.55.17_veh-35_00073_00426,57,pdm_closed,171,171,0.0,0.41384510079072495,1.1928729234450617,1.4169141952635291,1,152,0.0,0.41384510079072495,1.1928729234450617,1.4169141952635291,1,161,0.0,0.41384510079072495,1.1928729234450617,1.4169141952635291,1
5158c5c1b59a5683,2021.06.03.13.55.17_veh-35_00073_00426,70,pdm_closed,167,167,0.0,0.4065308773600667,1.1929551702356442,1.4169496915711937,1,149,0.0,0.4065308773600667,1.1929551702356442,1.4169496915711937,1,157,0.0,0.4065308773600667,1.1929551702356442,1.4169496915711937,1
5158c5c1b59a5683,2021.06.03.13.55.17_veh-35_00073_00426,83,pdm_closed,168,168,0.0,0.4145832212160308,1.1929619208574378,1.417036143817725,1,149,0.0,0.4145832212160308,1.1929619208574378,1.417036143817725,1,157,0.0,0.4145832212160308,1.1929619208574378,1.417036143817725,1
5158c5c1b59a5683,2021.06.03.13.55.17_veh-35_00073_00426,96,pdm_closed,167,167,0.0,0.4069502474996145,1.1929992796008597,1.4170326233641413,1,147,0.0,0.4069502474996145,1.1929992796008597,1.4170326233641413,1,153,0.0,0.4069502474996145,1.1929992796008597,1.4170326233641413,1
5158c5c1b59a5683,2021.06.03.13.55.17_veh-35_00073_00426,110,pdm_closed,169,169,0.0,0.4065308764832669,1.1930367107200066,1.4170210623442496,1,148,0.0,0.4065308764832669,1.1930367107200066,1.4170210623442496,1,157,0.0,0.4065308764832669,1.1930367107200066,1.4170210623442496,1
5158c5c1b59a5683,2021.06.03.13.55.17_veh-35_00073_00426,123,pdm_closed,170,170,0.0,0.40955132583985604,1.193039342986821,1.4170354698606071,1,146,0.0,0.40955132583985604,1.193039342986821,1.4170354698606071,1,156,0.0,0.40955132583985604,1.193039342986821,1.4170354698606071,1
5158c5c1b59a5683,2021.06.03.13.55.17_veh-35_00073_00426,136,pdm_closed,169,169,0.0,0.4069502467338059,1.1930525692395373,1.4170705262864838,1,147,0.0,0.4069502467338059,1.1930525692395373,1.4170705262864838,1,159,0.0,0.4069502467338059,1.1930525692395373,1.4170705262864838,1
5158c5c1b59a5683,2021.06.03.13.55.17_veh-35_00073_00426,149,pdm_closed,169,169,0.0,0.41282353959800505,1.19307311413834,1.417037375920012,1,144,0.0,0.41282353959800505,1.19307311413834,1.417037375920012,1,158,0.0,0.41282353959800505,1.19307311413834,1.417037375920012,1
5158c5c1b59a5683,2021.06.03.13.55.17_veh-35_00073_00426,163,pdm_closed,166,166,0.0,0.4095513246263981,1.193062479288543,1.4170165116063715,1,141,0.0,0.4095513246263981,1.193062479288543,1.4170165116063715,1,154,0.0,0.4095513246263981,1.193062479288543,1.4170165116063715,1
5158c5c1b59a5683,2021.06.03.13.55.17_veh-35_00073_00426,176,pdm_closed,166,166,0.0,0.4232284435883944,1.1930291998523426,1.4169977493277088,1,143,0.0,0.4232284435883944,1.1930291998523426,1.4169977493277088,1,151,0.0,0.4232284435883944,1.1930291998523426,1.4169977493277088,1
5158c5c1b59a5683,2021.06.03.13.55.17_veh-35_00073_00426,189,pdm_closed,169,169,0.0,0.4282246012864118,1.1930543756552163,1.4169640533359429,1,142,0.0,0.4282246012864118,1.1930543756552163,1.4169640533359429,1,153,0.0,0.4282246012864118,1.1930543756552163,1.4169640533359429,1
5158c5c1b59a5683,2021.06.03.13.55.17_veh-35_00073_00426,202,pdm_closed,167,167,0.0,0.422411541452685,1.1930203310190979,1.416945682191957,1,141,0.0,0.422411541452685,1.1930203310190979,1.416945682191957,1,157,0.0,0.422411541452685,1.1930203310190979,1.416945682191957,1
5158c5c1b59a5683,2021.06.03.13.55.17_veh-35_00073_00426,216,pdm_closed,169,169,0.0,0.4157934999620765,1.193033191510708,1.4169633877065604,1,147,0.0,0.4157934999620765,1.193033191510708,1.4169633877065604,1,158,0.0,0.4157934999620765,1.193033191510708,1.4169633877065604,1
5158c5c1b59a5683,2021.06.03.13.55.17_veh-35_00073_00426,229,pdm_closed,170,170,0.0,0.4282246000781085,1.1930052006147376,1.416896395608479,1,145,0.0,0.4282246000781085,1.1930052006147376,1.416896395608479,1,154,0.0,0.4282246000781085,1.1930052006147376,1.416896395608479,1
5158c5c1b59a5683,2021.06.03.13.55.17_veh-35_00073_00426,242,pdm_closed,174,174,0.0,1.4317844295709534,0.7247429063599609,1.0632268117275017,1,146,0.0,0.431784429388913,1.1929841127877503,1.4169639142648465,1,158,0.0,1.4317844295709534,0.7247429063599609,1.0632268117275017,1
5158c5c1b59a5683,2021.06.03.13.55.17_veh-35_00073_00426,255,pdm_closed,173,173,0.0,0.41477839381619425,1.1929840032295629,1.4170255557224534,1,146,0.0,0.41477839381619425,1.1929840032295629,1.4170255557224534,1,165,0.0,0.41477839381619425,1.1929840032295629,1.4170255557224534,1
5158c5c1b59a5683,2021.06.03.13.55.17_veh-35_00073_00426,269,pdm_closed,170,170,0.0,0.4281737115541711,1.1929894810502664,1.4169990067289369,1,146,0.0,0.4281737115541711,1.1929894810502664,1.4169990067289369,1,158,0.0,0.4281737115541711,1.1929894810502664,1.4169990067289369,1
5158c5c1b59a5683,2021.06.03.13.55.17_veh-35_00073_00426,282,pdm_closed,171,171,0.0,1.4220472894198446,0.7210476081127657,1.0435186422438474,1,146,0.0,0.42204728961072663,1.1930062934203922,1.4170161090366529,1,157,0.0,0.42204728961072663,1.1930062934203922,1.4170161090366529,1
5158c5c1b59a5683,2021.06.03.13.55.17_veh-35_00073_00426,295,pdm_closed,181,181,0.0,2.4147783933042857,1.3433666448298265,1.5402750672380527,1,153,0.0,2.4147783933042857,1.3433666448298265,1.5402750672380527,1,169,0.0,2.4147783933042857,1.3433666448298265,1.5402750672380527,1
5158c5c1b59a5683,2021.06.03.13.55.17_veh-35_00073_00426,309,pdm_closed,183,183,0.0,0.4281737109513261,1.1930734845742377,1.4169696729644425,1,159,0.0,0.4281737109513261,1.1930734845742377,1.4169696729644425,1,171,0.0,0.4281737109513261,1.1930734845742377,1.4169696729644425,1
558f802539c458f0,2021.07.16.18.06.21_veh-38_04933_05307,4,pdm_closed,275,275,0.0,1.1725280184739262,1.376692363365088,2.259281880279289,1,223,0.0,1.1725280184739262,1.376692363365088,2.259281880279289,1,246,0.0,1.1725280184739262,1.376692363365088,2.259281880279289,1
558f802539c458f0,2021.07.16.18.06.21_veh-38_04933_05307,17,pdm_closed,279,279,0.0,1.1831910872251792,1.367742604317417,2.2418364114808154,1,226,0.0,1.1831910872251792,1.367742604317417,2.2418364114808154,1,247,0.0,1.1831910872251792,1.367742604317417,2.2418364114808154,1
558f802539c458f0,2021.07.16.18.06.21_veh-38_04933_05307,30,pdm_closed,282,282,0.0,1.1962785250036232,1.3742091066637496,2.253955553055198,1,232,0.0,1.1962785250036232,1.3742091066637496,2.253955553055198,1,253,0.0,1.1962785250036232,1.3742091066637496,2.253955553055198,1
558f802539c458f0,2021.07.16.18.06.21_veh-38_04933_05307,43,pdm_closed,282,282,0.0,1.1877480004319518,1.3661502763317954,2.2387164092425604,1,230,0.0,1.1877480004319518,1.3661502763317954,2.2387164092425604,1,248,0.0,1.1877480004319518,1.3661502763317954,2.2387164092425604,1
558f802539c458f0,2021.07.16.18.06.21_veh-38_04933_05307,57,pdm_closed,271,271,0.0,1.1757269293437158,1.3710460677186707,2.248071794581788,1,218,1.0,0.0,2.8839804723526195,4.988233084721183,1,242,0.0,1.1757269293437158,1.3710460677186707,2.248071794581788,1
558f802539c458f0,2021.07.16.18.06.21_veh-38_04933_05307,70,pdm_closed,271,271,0.0,1.1982523432840475,1.3624871171346187,2.231560682308482,1,220,0.0,1.1982523432840475,1.3624871171346187,2.231560682308482,1,243,0.0,1.1982523432840475,1.3624871171346187,2.231560682308482,1
558f802539c458f0,2021.07.16.18.06.21_veh-38_04933_05307,83,pdm_closed,274,274,0.0,1.1774312166762277,1.3649900089129692,2.236781167283537,1,223,0.0,1.1774312166762277,1.3649900089129692,2.236781167283537,1,245,0.0,1.1774312166762277,1.3649900089129692,2.236781167283537,1
558f802539c458f0,2021.07.16.18.06.21_veh-38_04933_05307,97,pdm_closed,272,272,0.0,1.2087394750865992,1.3626738843661914,2.2325160800212336,1,223,0.0,1.2087394750865992,1.3626738843661914,2.2325160800212336,1,246,0.0,1.2087394750865992,1.3626738843661914,2.2325160800212336,1
558f802539c458f0,2021.07.16.18.06.21_veh-38_04933_05307,110,pdm_closed,269,269,0.0,1.1800570085944624,1.3741197910608443,2.2545535689899525,1,221,0.0,1.1800570085944624,1.3741197910608443,2.2545535689899525,1,238,0.0,1.1800570085944624,1.3741197910608443,2.2545535689899525,1
558f802539c458f0,2021.07.16.18.06.21_veh-38_04933_05307,123,pdm_closed,269,269,0.0,1.2188185285303335,1.3632135242026306,2.233266754328109,1,218,0.0,1.2188185285303335,1.3632135242026306,2.233266754328109,1,242,0.0,1.2188185285303335,1.3632135242026306,2.233266754328109,1
558f802539c458f0,2021.07.16.18.06.21_veh-38_04933_05307,137,pdm_closed,275,275,0.0,1.3431895140849592,1.361378888401833,2.2265247281919196,1,224,0.0,1.3431895140849592,1.361378888401833,2.2265247281919196,1,243,0.0,1.3431895140849592,1.361378888401833,2.2265247281919196,1
558f802539c458f0,2021.07.16.18.06.21_veh-38_04933_05307,150,pdm_closed,278,278,0.0,1.4707579642512867,1.3604770253416014,2.21181741071253,1,227,0.0,1.4707579642512867,1.3604770253416014,2.21181741071253,1,244,0.0,1.4707579642512867,1.3604770253416014,2.21181741071253,1
558f802539c458f0,2021.07.16.18.06.21_veh-38_04933_05307,163,pdm_closed,277,277,0.0,1.7311058661570125,1.317349708112145,1.9578508631454496,1,227,0.0,1.7311058661570125,1.317349708112145,1.9578508631454496,1,257,0.0,1.7311058661570125,1.317349708112145,1.9578508631454496,1
558f802539c458f0,2021.07.16.18.06.21_veh-38_04933_05307,176,pdm_closed,277,277,0.0,2.079735280986844,1.1782590042472347,1.21069611058219,1,227,0.0,2.079735280986844,1.1782590042472347,1.21069611058219,1,246,0.0,2.079735280986844,1.1782590042472347,1.21069611058219,1
558f802539c458f0,2021.07.16.18.06.21_veh-38_04933_05307,190,pdm_closed,281,281,0.0,2.4381470454998757,0.8513468691225153,0.30138865406936427,1,231,0.0,2.4381470454998757,0.8513468691225153,0.30138865406936427,1,249,0.0,2.4381470454998757,0.8513468691225153,0.30138865406936427,1
558f802539c458f0,2021.07.16.18.06.21_veh-38_04933_05307,203,pdm_closed,284,284,0.0,2.451991804246716,0.8419629416821719,2.172926178983612,1,234,0.0,2.451991804246716,0.8419629416821719,2.172926178983612,1,260,0.0,2.451991804246716,0.8419629416821719,2.172926178983612,1
558f802539c458f0,2021.07.16.18.06.21_veh-38_04933_05307,216,pdm_closed,286,286,0.0,2.4897864263883065,1.279160864195547,4.577274332406317,1,238,0.0,2.4897864263883065,1.279160864195547,4.577274332406317,1,257,0.0,2.4897864263883065,1.279160864195547,4.577274332406317,1
558f802539c458f0,2021.07.16.18.06.21_veh-38_04933_05307,230,pdm_closed,292,292,0.0,1.7305725996298469,2.0420498059489818,5.2814654623295,1,242,0.0,1.734813383978376,0.942711903115578,1.25225870690111,1,260,0.0,1.7305725996298469,2.0420498059489818,5.2814654623295,1
558f802539c458f0,2021.07.16.18.06.21_veh-38_04933_05307,243,pdm_closed,307,307,0.0,2.070961437885352,2.4950968227052197,5.839038762067792,1,260,0.0,2.070961437885352,2.4950968227052197,5.839038762067792,1,276,0.0,2.070961437885352,2.4950968227052197,5.839038762067792,1
558f802539c458f0,2021.07.16.18.06.21_veh-38_04933_05307,256,pdm_closed,312,312,0.0,2.861164683799955,2.4844149358068255,5.568176821712434,1,263,0.0,2.861164683799955,2.4844149358068255,5.568176821712434,1,286,0.0,2.861164683799955,2.4844149358068255,5.568176821712434,1
558f802539c458f0,2021.07.16.18.06.21_veh-38_04933_05307,270,pdm_closed,325,325,0.0,3.992534119906555,2.4065422367725438,5.251624127312354,1,274,0.0,3.992534119906555,2.4065422367725438,5.251624127312354,1,290,0.0,3.992534119906555,2.4065422367725438,5.251624127312354,1
558f802539c458f0,2021.07.16.18.06.21_veh-38_04933_05307,283,pdm_closed,323,323,0.0,4.420483902990767,2.165076027696693,4.74831036087734,1,271,0.0,4.420483902990767,2.165076027696693,4.74831036087734,1,292,0.0,4.420483902990767,2.165076027696693,4.74831036087734,1
558f802539c458f0,2021.07.16.18.06.21_veh-38_04933_05307,296,pdm_closed,342,342,0.0,4.525335191676519,1.962254042126164,4.52067939287026,1,290,0.0,4.525335191676519,1.962254042126164,4.52067939287026,1,307,0.0,4.525335191676519,1.962254042126164,4.52067939287026,1
558f802539c458f0,2021.07.16.18.06.21_veh-38_04933_05307,310,pdm_closed,351,351,0.0,4.6664933286719625,1.754724975243785,4.073081386172325,1,301,0.0,4.6664933286719625,1.754724975243785,4.073081386172325,1,320,0.0,4.6664933286719625,1.754724975243785,4.073081386172325,1
59c7099bcc5057b7,2021.06.09.14.03.17_veh-12_02584_02970,4,pdm_closed,247,247,1.0,0.0,1.1167004762657422,1.2199421987189942,1,231,1.0,0.0,1.1167004762657422,1.2199421987189942,1,236,1.0,0.0,1.1167004762657422,1.2199421987189942,1
59c7099bcc5057b7,2021.06.09.14.03.17_veh-12_02584_02970,17,pdm_closed,243,243,0.0,0.18694341800540187,1.093467617559027,1.1871311747916018,1,229,0.0,0.18694341800540187,1.093467617559027,1.1871311747916018,1,233,0.0,0.18694341800540187,1.093467617559027,1.1871311747916018,1
59c7099bcc5057b7,2021.06.09.14.03.17_veh-12_02584_02970,30,pdm_closed,248,248,0.0,0.17364882043551097,1.093528263302494,1.1871915342642663,1,234,0.0,0.17364882043551097,1.093528263302494,1.1871915342642663,1,238,0.0,0.17364882043551097,1.093528263302494,1.1871915342642663,1
59c7099bcc5057b7,2021.06.09.14.03.17_veh-12_02584_02970,43,pdm_closed,251,251,0.0,0.1771317848753237,1.0934687679618664,1.1871299704838698,1,240,0.0,0.1771317848753237,1.0934687679618664,1.1871299704838698,1,244,0.0,0.1771317848753237,1.0934687679618664,1.1871299704838698,1
59c7099bcc5057b7,2021.06.09.14.03.17_veh-12_02584_02970,57,pdm_closed,258,258,0.0,0.1750386338184212,1.0935130833214295,1.1871688651086045,1,243,0.0,0.1750386338184212,1.0935130833214295,1.1871688651086045,1,249,0.0,0.1750386338184212,1.0935130833214295,1.1871688651086045,1
59c7099bcc5057b7,2021.06.09.14.03.17_veh-12_02584_02970,70,pdm_closed,260,260,0.0,0.17549882391262733,1.0935247241546855,1.187133189990328,1,246,0.0,0.17549882391262733,1.0935247241546855,1.187133189990328,1,252,0.0,0.17549882391262733,1.0935247241546855,1.187133189990328,1
59c7099bcc5057b7,2021.06.09.14.03.17_veh-12_02584_02970,83,pdm_closed,268,268,0.0,0.1824850260351042,1.0935448177626137,1.1871338667748368,1,255,0.0,0.1824850260351042,1.0935448177626137,1.1871338667748368,1,256,0.0,0.1824850260351042,1.0935448177626137,1.1871338667748368,1
59c7099bcc5057b7,2021.06.09.14.03.17_veh-12_02584_02970,96,pdm_closed,258,258,0.0,0.1790045864638832,1.0935290961971114,1.1871302995689457,1,236,0.0,0.1790045864638832,1.0935290961971114,1.1871302995689457,1,243,0.0,0.1790045864638832,1.0935290961971114,1.1871302995689457,1
59c7099bcc5057b7,2021.06.09.14.03.17_veh-12_02584_02970,110,pdm_closed,262,262,0.0,0.18028222971151953,1.0884908266062183,1.171696433823426,1,242,0.0,0.18028222971151953,1.0884908266062183,1.171696433823426,1,248,0.0,0.18028222971151953,1.0884908266062183,1.171696433823426,1
59c7099bcc5057b7,2021.06.09.14.03.17_veh-12_02584_02970,123,pdm_closed,258,258,0.0,0.42763870624460193,1.0775806396583065,1.161669586809363,1,234,0.0,0.3278332993609833,1.1340148793771498,1.216417130461589,1,245,0.0,0.3278332993609833,1.1340148793771498,1.216417130461589,1
59c7099bcc5057b7,2021.06.09.14.03.17_veh-12_02584_02970,136,pdm_closed,255,255,0.0,0.35938877865437946,1.0981823943412803,1.1997443931138134,1,232,0.0,0.35938877865437946,1.0981823943412803,1.1997443931138134,1,241,0.0,0.35938877865437946,1.0981823943412803,1.1997443931138134,1
59c7099bcc5057b7,2021.06.09.14.03.17_veh-12_02584_02970,149,pdm_closed,255,255,0.0,0.1715429061258671,1.0911252531523525,1.186140138434304,1,228,0.0,0.1715429061258671,1.0911252531523525,1.186140138434304,1,240,0.0,0.1715429061258671,1.0911252531523525,1.186140138434304,1
59c7099bcc5057b7,2021.06.09.14.03.17_veh-12_02584_02970,163,pdm_closed,261,261,0.0,0.17164120021765378,1.0935402319188796,1.187149914689967,1,239,0.0,0.17164120021765378,1.0935402319188796,1.187149914689967,1,244,0.0,0.17164120021765378,1.0935402319188796,1.187149914689967,1
59c7099bcc5057b7,2021.06.09.14.03.17_veh-12_02584_02970,176,pdm_closed,272,272,0.0,0.16619352599687395,1.0935231321652217,1.1871476681020834,1,253,0.0,0.16619352599687395,1.0935231321652217,1.1871476681020834,1,263,0.0,0.16619352599687395,1.0935231321652217,1.1871476681020834,1
59c7099bcc5057b7,2021.06.09.14.03.17_veh-12_02584_02970,189,pdm_closed,270,270,0.0,0.16155425241530869,1.0935199530253976,1.1871293694638765,1,249,0.0,0.16155425241530869,1.0935199530253976,1.1871293694638765,1,254,0.0,0.16155425241530869,1.0935199530253976,1.1871293694638765,1
59c7099bcc5057b7,2021.06.09.14.03.17_veh-12_02584_02970,202,pdm_closed,265,265,0.0,0.17468929320371787,1.0935264781120286,1.1871388719617215,1,242,0.0,0.17468929320371787,1.0935264781120286,1.1871388719617215,1,253,0.0,0.17468929320371787,1.0935264781120286,1.1871388719617215,1
59c7099bcc5057b7,2021.06.09.14.03.17_veh-12_02584_02970,216,pdm_closed,260,260,0.0,0.1692388429005003,1.0935501949578117,1.187133881229316,1,243,0.0,0.1692388429005003,1.0935501949578117,1.187133881229316,1,250,0.0,0.1692388429005003,1.0935501949578117,1.187133881229316,1
59c7099bcc5057b7,2021.06.09.14.03.17_veh-12_02584_02970,229,pdm_closed,258,258,0.0,0.16903270026804978,1.0935168028672582,1.1871546515499622,1,239,0.0,0.16903270026804978,1.0935168028672582,1.1871546515499622,1,243,0.0,0.16903270026804978,1.0935168028672582,1.1871546515499622,1
59c7099bcc5057b7,2021.06.09.14.03.17_veh-12_02584_02970,242,pdm_closed,262,262,0.0,0.1840408815152768,1.0935313272463023,1.1871441311412645,1,243,0.0,0.1840408815152768,1.0935313272463023,1.1871441311412645,1,256,0.0,0.1840408815152768,1.0935313272463023,1.1871441311412645,1
59c7099bcc5057b7,2021.06.09.14.03.17_veh-12_02584_02970,255,pdm_closed,266,266,0.0,0.1891667914728927,1.0935167264443404,1.1871364450207402,1,240,0.0,0.1891667914728927,1.0935167264443404,1.1871364450207402,1,249,0.0,0.1891667914728927,1.0935167264443404,1.1871364450207402,1
59c7099bcc5057b7,2021.06.09.14.03.17_veh-12_02584_02970,269,pdm_closed,263,263,0.0,0.1828797623587698,1.09354829985388,1.1872256348854193,1,244,0.0,0.1828797623587698,1.09354829985388,1.1872256348854193,1,251,0.0,0.1828797623587698,1.09354829985388,1.1872256348854193,1
59c7099bcc5057b7,2021.06.09.14.03.17_veh-12_02584_02970,282,pdm_closed,262,262,0.0,0.18542587271414782,1.0935298535151285,1.1872318448875392,1,237,0.0,0.18542587271414782,1.0935298535151285,1.1872318448875392,1,247,0.0,0.18542587271414782,1.0935298535151285,1.1872318448875392,1
59c7099bcc5057b7,2021.06.09.14.03.17_veh-12_02584_02970,295,pdm_closed,267,267,0.0,0.18109564931968342,1.0935592028163668,1.1871872625565052,1,241,0.0,0.18109564931968342,1.0935592028163668,1.1871872625565052,1,255,0.0,0.18109564931968342,1.0935592028163668,1.1871872625565052,1
59c7099bcc5057b7,2021.06.09.14.03.17_veh-12_02584_02970,309,pdm_closed,259,259,0.0,0.18449057172495403,1.0935594309854646,1.1871531735808478,1,234,0.0,0.18449057172495403,1.0935594309854646,1.1871531735808478,1,243,0.0,0.18449057172495403,1.0935594309854646,1.1871531735808478,1
5e28331a44925e42,2021.05.25.14.16.10_veh-35_01690_02183,4,pdm_closed,167,167,0.0,0.918749131309891,4.290277098700583,11.114438794909846,1,158,0.0,0.918749131309891,4.290277098700583,11.114438794909846,1,162,0.0,0.918749131309891,4.290277098700583,11.114438794909846,1
5e28331a44925e42,2021.05.25.14.16.10_veh-35_01690_02183,17,pdm_closed,165,165,0.0,0.9221776027132348,4.2908933991609,11.115508546551501,1,157,0.0,0.9221776027132348,4.2908933991609,11.115508546551501,1,160,0.0,0.9221776027132348,4.2908933991609,11.115508546551501,1
5e28331a44925e42,2021.05.25.14.16.10_veh-35_01690_02183,30,pdm_closed,165,165,0.0,0.9220981727709568,4.290677626485321,11.11509021089027,1,157,0.0,0.9220981727709568,4.290677626485321,11.11509021089027,1,158,0.0,0.9220981727709568,4.290677626485321,11.11509021089027,1
5e28331a44925e42,2021.05.25.14.16.10_veh-35_01690_02183,43,pdm_closed,159,159,0.0,0.9210913380461847,4.290282346959122,11.114320891975357,1,151,0.0,0.9210913380461847,4.290282346959122,11.114320891975357,1,154,0.0,0.9210913380461847,4.290282346959122,11.114320891975357,1
5e28331a44925e42,2021.05.25.14.16.10_veh-35_01690_02183,57,pdm_closed,166,166,0.0,0.9296283104941011,4.290328152713169,11.114418328538038,1,160,0.0,0.9296283104941011,4.290328152713169,11.114418328538038,1,163,0.0,0.9296283104941011,4.290328152713169,11.114418328538038,1
5e28331a44925e42,2021.05.25.14.16.10_veh-35_01690_02183,70,pdm_closed,164,164,0.0,0.9278909991813522,4.289893242208366,11.113699981207372,1,157,0.0,0.9278909991813522,4.289893242208366,11.113699981207372,1,161,0.0,0.9278909991813522,4.289893242208366,11.113699981207372,1
5e28331a44925e42,2021.05.25.14.16.10_veh-35_01690_02183,83,pdm_closed,164,164,0.0,0.9255106655053885,4.290934199667738,11.11559379827991,1,159,0.0,0.9255106655053885,4.290934199667738,11.11559379827991,1,160,0.0,0.9255106655053885,4.290934199667738,11.11559379827991,1
5e28331a44925e42,2021.05.25.14.16.10_veh-35_01690_02183,97,pdm_closed,158,158,0.0,0.9257737471506726,4.290786335563008,11.11527852702639,1,152,0.0,0.9257737471506726,4.290786335563008,11.11527852702639,1,154,0.0,0.9257737471506726,4.290786335563008,11.11527852702639,1
5e28331a44925e42,2021.05.25.14.16.10_veh-35_01690_02183,110,pdm_closed,158,158,0.0,0.9391929612401515,4.290180900175942,11.11425660238856,1,153,0.0,0.9391929612401515,4.290180900175942,11.11425660238856,1,154,0.0,0.9391929612401515,4.290180900175942,11.11425660238856,1
5e28331a44925e42,2021.05.25.14.16.10_veh-35_01690_02183,123,pdm_closed,157,157,0.0,0.9312281145809159,4.290311678095963,11.114467439309715,1,153,0.0,0.9312281145809159,4.290311678095963,11.114467439309715,1,154,0.0,0.9312281145809159,4.290311678095963,11.114467439309715,1
5e28331a44925e42,2021.05.25.14.16.10_veh-35_01690_02183,137,pdm_closed,154,154,0.0,0.9286941342195469,4.290612544922628,11.115030709056143,1,149,0.0,0.9286941342195469,4.290612544922628,11.115030709056143,1,151,0.0,0.9286941342195469,4.290612544922628,11.115030709056143,1
5e28331a44925e42,2021.05.25.14.16.10_veh-35_01690_02183,150,pdm_closed,151,151,0.0,0.9162988294521792,4.290079501813689,11.113769380454096,1,145,0.0,0.9162988294521792,4.290079501813689,11.113769380454096,1,149,0.0,0.9162988294521792,4.290079501813689,11.113769380454096,1
5e28331a44925e42,2021.05.25.14.16.10_veh-35_01690_02183,163,pdm_closed,153,153,0.0,0.916542153519292,4.2870438700791755,11.093667393351577,1,146,0.0,0.916542153519292,4.2870438700791755,11.093667393351577,1,149,0.0,0.916542153519292,4.2870438700791755,11.093667393351577,1
5e28331a44925e42,2021.05.25.14.16.10_veh-35_01690_02183,176,pdm_closed,155,155,0.0,0.923852024433428,4.2443494866617755,10.797961128601006,1,145,0.0,0.923852024433428,4.2443494866617755,10.797961128601006,1,150,0.0,0.923852024433428,4.2443494866617755,10.797961128601006,1
5e28331a44925e42,2021.05.25.14.16.10_veh-35_01690_02183,190,pdm_closed,154,154,0.0,0.881448634347311,4.04504606005305,9.800646879470492,1,145,0.0,0.881448634347311,4.04504606005305,9.800646879470492,1,149,0.0,0.881448634347311,4.04504606005305,9.800646879470492,1
5e28331a44925e42,2021.05.25.14.16.10_veh-35_01690_02183,203,pdm_closed,151,151,0.0,0.8605159886580458,3.5924839510398274,8.11121310095038,1,142,0.0,0.8605159886580458,3.5924839510398274,8.11121310095038,1,146,0.0,0.8605159886580458,3.5924839510398274,8.11121310095038,1
5e28331a44925e42,2021.05.25.14.16.10_veh-35_01690_02183,216,pdm_closed,147,147,0.0,0.8659728391946929,2.756588512837367,5.660446856260569,1,137,0.0,0.8659728391946929,2.756588512837367,5.660446856260569,1,144,0.0,0.8659728391946929,2.756588512837367,5.660446856260569,1
5e28331a44925e42,2021.05.25.14.16.10_veh-35_01690_02183,230,pdm_closed,146,146,0.0,0.8650089472639262,1.307357766787022,2.222838669770797,1,135,0.0,0.8650089472639262,1.307357766787022,2.222838669770797,1,139,0.0,0.8650089472639262,1.307357766787022,2.222838669770797,1
5e28331a44925e42,2021.05.25.14.16.10_veh-35_01690_02183,243,pdm_closed,146,146,0.0,0.8826923709562181,0.5983621240143004,1.54260742312797,1,133,0.0,0.8826923709562181,0.5983621240143004,1.54260742312797,1,139,0.0,0.8826923709562181,0.5983621240143004,1.54260742312797,1
5e28331a44925e42,2021.05.25.14.16.10_veh-35_01690_02183,256,pdm_closed,151,151,0.0,0.8710478842403071,1.8573073828538962,3.7959414337720467,1,138,0.0,0.8710478842403071,1.8573073828538962,3.7959414337720467,1,144,0.0,0.8710478842403071,1.8573073828538962,3.7959414337720467,1
5e28331a44925e42,2021.05.25.14.16.10_veh-35_01690_02183,270,pdm_closed,156,156,0.0,0.8810172336858065,1.9434128980333187,3.714008182633226,1,145,0.0,0.8810172336858065,1.9434128980333187,3.714008182633226,1,151,0.0,0.8810172336858065,1.9434128980333187,3.714008182633226,1
5e28331a44925e42,2021.05.25.14.16.10_veh-35_01690_02183,283,pdm_closed,165,165,0.0,0.8867314583666889,1.7486340071427553,3.093745056475458,1,151,0.0,0.8867314583666889,1.7486340071427553,3.093745056475458,1,157,0.0,0.8867314583666889,1.7486340071427553,3.093745056475458,1
5e28331a44925e42,2021.05.25.14.16.10_veh-35_01690_02183,296,pdm_closed,169,169,0.0,0.9357999453057039,1.352792695643937,2.1105306938863784,1,159,0.0,0.9357999453057039,1.352792695643937,2.1105306938863784,1,163,0.0,0.9357999453057039,1.352792695643937,2.1105306938863784,1
5e28331a44925e42,2021.05.25.14.16.10_veh-35_01690_02183,310,pdm_closed,175,175,0.0,1.1929402564830769,0.8870416789051149,1.0027917953199068,1,167,0.0,1.1929402564830769,0.8870416789051149,1.0027917953199068,1,170,0.0,1.1929402564830769,0.8870416789051149,1.0027917953199068,1
6273c3a7f99556d7,2021.05.12.23.36.44_veh-35_01133_01535,4,pdm_closed,31,31,0.0,2.4416169140727866,1.0447323067743821,1.7395249083108453,1,29,0.0,2.4416169140727866,1.0447323067743821,1.7395249083108453,1,30,0.0,2.4416169140727866,1.0447323067743821,1.7395249083108453,1
6273c3a7f99556d7,2021.05.12.23.36.44_veh-35_01133_01535,17,pdm_closed,35,35,0.0,2.669876430700112,1.0386189688184584,1.6181523670883857,1,31,0.0,2.669876430700112,1.0386189688184584,1.6181523670883857,1,33,0.0,2.669876430700112,1.0386189688184584,1.6181523670883857,1
6273c3a7f99556d7,2021.05.12.23.36.44_veh-35_01133_01535,30,pdm_closed,34,34,0.0,2.4540255153961055,0.8740888561481311,1.3360278868226945,1,29,0.0,2.4540255153961055,0.8740888561481311,1.3360278868226945,1,32,0.0,2.4540255153961055,0.8740888561481311,1.3360278868226945,1
6273c3a7f99556d7,2021.05.12.23.36.44_veh-35_01133_01535,43,pdm_closed,38,38,0.0,2.6267981906129223,4.50522561392982,8.772658775536065,1,31,0.0,2.6267981906129223,4.50522561392982,8.772658775536065,1,32,0.0,2.6267981906129223,4.50522561392982,8.772658775536065,1
6273c3a7f99556d7,2021.05.12.23.36.44_veh-35_01133_01535,57,pdm_closed,46,46,0.0,2.6571816334995884,4.301443871594534,8.494783023597101,1,36,0.0,2.6571816334995884,4.301443871594534,8.494783023597101,1,43,0.0,2.6571816334995884,4.301443871594534,8.494783023597101,1
6273c3a7f99556d7,2021.05.12.23.36.44_veh-35_01133_01535,70,pdm_closed,52,52,0.0,2.425424771418501,4.26947142617264,8.354607921183414,1,39,0.0,2.425424771418501,4.26947142617264,8.354607921183414,1,40,0.0,2.425424771418501,4.26947142617264,8.354607921183414,1
6273c3a7f99556d7,2021.05.12.23.36.44_veh-35_01133_01535,83,pdm_closed,56,56,0.0,4.292181855399391,4.218146139318716,8.076823659640835,1,46,0.0,4.292181855399391,4.218146139318716,8.076823659640835,1,51,0.0,4.292181855399391,4.218146139318716,8.076823659640835,1
6273c3a7f99556d7,2021.05.12.23.36.44_veh-35_01133_01535,97,pdm_closed,58,58,0.0,4.281627939626111,4.1622198892202595,7.528632404685127,1,46,0.0,4.281627939626111,4.1622198892202595,7.528632404685127,1,49,0.0,4.281627939626111,4.1622198892202595,7.528632404685127,1
6273c3a7f99556d7,2021.05.12.23.36.44_veh-35_01133_01535,110,pdm_closed,57,57,0.0,3.2534256824226935,3.8431459945662056,6.56309147361443,1,48,0.0,3.2534256824226935,3.8431459945662056,6.56309147361443,1,54,0.0,3.2534256824226935,3.8431459945662056,6.56309147361443,1
6273c3a7f99556d7,2021.05.12.23.36.44_veh-35_01133_01535,123,pdm_closed,57,57,0.0,3.1805633403516667,3.2900416858015626,5.484699406596164,1,49,0.0,3.1805633403516667,3.2900416858015626,5.484699406596164,1,52,0.0,3.1805633403516667,3.2900416858015626,5.484699406596164,1
6273c3a7f99556d7,2021.05.12.23.36.44_veh-35_01133_01535,137,pdm_closed,57,57,0.0,2.437364661551428,2.6841048302490713,4.322429127934072,1,50,0.0,2.437364661551428,2.6841048302490713,4.322429127934072,1,55,0.0,2.437364661551428,2.6841048302490713,4.322429127934072,1
6273c3a7f99556d7,2021.05.12.23.36.44_veh-35_01133_01535,150,pdm_closed,57,57,0.0,1.9905531604298843,2.022184339700378,3.0613765318215025,1,51,0.0,1.9905531604298843,2.022184339700378,3.0613765318215025,1,54,0.0,1.9905531604298843,2.022184339700378,3.0613765318215025,1
6273c3a7f99556d7,2021.05.12.23.36.44_veh-35_01133_01535,163,pdm_closed,59,59,0.0,3.7370008210547514,1.4578440156504906,1.7232232726385173,1,55,0.0,3.7370008210547514,1.4578440156504906,1.7232232726385173,1,56,0.0,3.7370008210547514,1.4578440156504906,1.7232232726385173,1
6273c3a7f99556d7,2021.05.12.23.36.44_veh-35_01133_01535,176,pdm_closed,60,60,0.0,3.593256875692236,0.9147959984930385,0.32409979501115316,1,55,0.0,3.593256875692236,0.9147959984930385,0.32409979501115316,1,59,0.0,3.593256875692236,0.9147959984930385,0.32409979501115316,1
6273c3a7f99556d7,2021.05.12.23.36.44_veh-35_01133_01535,190,pdm_closed,60,60,0.0,3.5738139121299537,0.7808489469029424,2.0342020796483182,1,57,0.0,3.5738139121299537,0.7808489469029424,2.0342020796483182,1,59,0.0,3.5738139121299537,0.7808489469029424,2.0342020796483182,1
6273c3a7f99556d7,2021.05.12.23.36.44_veh-35_01133_01535,203,pdm_closed,62,62,0.0,3.587823522374711,1.1549657725202531,3.1004639144176473,1,60,0.0,3.9738254865231144,1.4384083644595593,3.1218168498451466,1,61,0.0,3.587823522374711,1.1549657725202531,3.1004639144176473,1
6273c3a7f99556d7,2021.05.12.23.36.44_veh-35_01133_01535,216,pdm_closed,66,66,0.0,3.239647966334373,1.8408482553312802,3.687196836556138,1,65,0.0,2.5638942737609853,1.9783406659588991,3.6405641100051778,1,65,0.0,2.5638942737609853,1.9783406659588991,3.6405641100051778,1
6273c3a7f99556d7,2021.05.12.23.36.44_veh-35_01133_01535,230,pdm_closed,71,71,0.0,0.9220945484459018,2.8877631178796443,3.4376771248775664,1,68,0.0,2.827315836794023,2.552218015865763,3.642379755657038,1,69,0.0,2.827315836794023,2.552218015865763,3.642379755657038,1
6273c3a7f99556d7,2021.05.12.23.36.44_veh-35_01133_01535,243,pdm_closed,71,71,0.0,0.9781102262700938,2.4799462637279994,2.1996336339902594,1,67,0.0,0.9781102262700938,2.4799462637279994,2.1996336339902594,1,70,0.0,0.9781102262700938,2.4799462637279994,2.1996336339902594,1
6273c3a7f99556d7,2021.05.12.23.36.44_veh-35_01133_01535,256,pdm_closed,70,70,0.0,2.94477561262804,0.6779445429250509,0.9222327970247343,1,67,0.0,1.938757057067295,0.7882361956842284,0.9750663551852791,1,68,0.0,1.938757057067295,0.7882361956842284,0.9750663551852791,1
6273c3a7f99556d7,2021.05.12.23.36.44_veh-35_01133_01535,270,pdm_closed,69,69,0.0,1.223154147330237,2.34054035203165,4.3622247317863785,1,67,0.0,1.223154147330237,2.34054035203165,4.3622247317863785,1,69,0.0,1.223154147330237,2.34054035203165,4.3622247317863785,1
6273c3a7f99556d7,2021.05.12.23.36.44_veh-35_01133_01535,283,pdm_closed,68,68,0.0,2.783693612726875,1.7619112370155854,3.1808230003064146,1,66,0.0,2.783693612726875,1.7619112370155854,3.1808230003064146,1,66,0.0,2.783693612726875,1.7619112370155854,3.1808230003064146,1
6273c3a7f99556d7,2021.05.12.23.36.44_veh-35_01133_01535,296,pdm_closed,70,70,0.0,2.672327283204929,1.9074180513984818,3.2085748447772326,1,69,0.0,2.672327283204929,1.9074180513984818,3.2085748447772326,1,70,0.0,2.672327283204929,1.9074180513984818,3.2085748447772326,1
6273c3a7f99556d7,2021.05.12.23.36.44_veh-35_01133_01535,310,pdm_closed,73,73,0.0,1.2885972694706085,1.9302587485209135,3.101544175300818,1,72,0.0,1.2885972694706085,1.9302587485209135,3.101544175300818,1,73,0.0,1.2885972694706085,1.9302587485209135,3.101544175300818,1
66b50c36b18058ec,2021.06.03.13.55.17_veh-35_00073_00426,4,pdm_closed,39,39,0.0,4.3674980520557485,1.2333190223251673,1.5614990254406915,1,39,0.0,4.3674980520557485,1.2333190223251673,1.5614990254406915,1,39,0.0,4.3674980520557485,1.2333190223251673,1.5614990254406915,1
66b50c36b18058ec,2021.06.03.13.55.17_veh-35_00073_00426,17,pdm_closed,38,38,0.0,3.4407975430658984,1.1837318906258298,1.4022817019267821,1,36,0.0,3.4407975430658984,1.1837318906258298,1.4022817019267821,1,37,0.0,3.4407975430658984,1.1837318906258298,1.4022817019267821,1
66b50c36b18058ec,2021.06.03.13.55.17_veh-35_00073_00426,30,pdm_closed,44,44,0.0,3.7964682886642627,1.7512327655492197,5.98481126805338,1,41,0.0,3.7964682886642627,1.7512327655492197,5.98481126805338,1,43,0.0,3.7964682886642627,1.7512327655492197,5.98481126805338,1
66b50c36b18058ec,2021.06.03.13.55.17_veh-35_00073_00426,43,pdm_closed,49,49,0.0,4.797965163498326,3.649272253683908,6.697174967895022,1,43,0.0,4.797965163498326,3.649272253683908,6.697174967895022,1,45,0.0,4.797965163498326,3.649272253683908,6.697174967895022,1
66b50c36b18058ec,2021.06.03.13.55.17_veh-35_00073_00426,57,pdm_closed,49,49,0.0,1.2827301849190769,1.4923893333788394,2.386526601978538,1,41,0.0,0.28273018470388467,1.0980576117074201,2.3569178353848335,1,42,0.0,1.2827301849190769,1.4923893333788394,2.386526601978538,1
66b50c36b18058ec,2021.06.03.13.55.17_veh-35_00073_00426,70,pdm_closed,54,54,0.0,1.2854625646369557,1.390851141605078,2.316086472227964,1,44,0.0,1.2854625646369557,1.390851141605078,2.316086472227964,1,48,0.0,1.2854625646369557,1.390851141605078,2.316086472227964,1
66b50c36b18058ec,2021.06.03.13.55.17_veh-35_00073_00426,83,pdm_closed,71,71,0.0,1.3207141802447995,1.332424401762547,2.2367947933038153,1,56,0.0,1.3207141802447995,1.332424401762547,2.2367947933038153,1,63,0.0,1.3207141802447995,1.332424401762547,2.2367947933038153,1
66b50c36b18058ec,2021.06.03.13.55.17_veh-35_00073_00426,97,pdm_closed,79,79,0.0,0.3419833607071787,1.011994807112092,1.9857521583354505,1,71,0.0,0.3419833607071787,1.011994807112092,1.9857521583354505,1,74,0.0,0.3419833607071787,1.011994807112092,1.9857521583354505,1
66b50c36b18058ec,2021.06.03.13.55.17_veh-35_00073_00426,110,pdm_closed,84,84,0.0,0.36163973558691737,0.9658552596786729,1.804057836939104,1,74,0.0,0.36163973558691737,0.9658552596786729,1.804057836939104,1,76,0.0,0.36163973558691737,0.9658552596786729,1.804057836939104,1
66b50c36b18058ec,2021.06.03.13.55.17_veh-35_00073_00426,123,pdm_closed,96,96,0.0,0.32071418278542174,0.8772437566497671,1.6157222504753754,1,86,0.0,0.32071418278542174,0.8772437566497671,1.6157222504753754,1,89,0.0,0.32071418278542174,0.8772437566497671,1.6157222504753754,1
66b50c36b18058ec,2021.06.03.13.55.17_veh-35_00073_00426,137,pdm_closed,108,108,0.0,0.2728516248296116,0.7578261088643442,1.475787692891743,1,101,0.0,0.2728516248296116,0.7578261088643442,1.475787692891743,1,102,0.0,0.2728516248296116,0.7578261088643442,1.475787692891743,1
66b50c36b18058ec,2021.06.03.13.55.17_veh-35_00073_00426,150,pdm_closed,125,125,0.0,0.2093630206697268,0.7600753041553143,1.6017958750415693,1,117,0.0,0.2093630206697268,0.7600753041553143,1.6017958750415693,1,121,0.0,0.2093630206697268,0.7600753041553143,1.6017958750415693,1
66b50c36b18058ec,2021.06.03.13.55.17_veh-35_00073_00426,163,pdm_closed,130,130,0.0,1.1596988204526537,1.7110467059126995,5.939613346486962,1,122,0.0,1.1729680473541817,0.9138946590328578,1.888812951554943,1,125,0.0,1.1729680473541817,0.9138946590328578,1.888812951554943,1
66b50c36b18058ec,2021.06.03.13.55.17_veh-35_00073_00426,176,pdm_closed,137,137,0.0,0.18816453386945634,4.070304722161274,9.926569224280998,1,128,0.0,0.19495122709648235,1.1227936321334047,2.336202416257109,1,133,0.0,0.18816453386945634,4.070304722161274,9.926569224280998,1
66b50c36b18058ec,2021.06.03.13.55.17_veh-35_00073_00426,190,pdm_closed,140,140,0.0,0.16943530602817972,8.307793897114987,21.088544404271673,1,133,0.0,0.16943530602817972,8.307793897114987,21.088544404271673,1,137,0.0,0.16943530602817972,8.307793897114987,21.088544404271673,1
66b50c36b18058ec,2021.06.03.13.55.17_veh-35_00073_00426,203,pdm_closed,136,136,0.0,1.166602688563589,2.8375521374706594,8.532146043020505,1,127,0.0,1.1700918521113761,1.3575219655251103,2.5362378394924177,1,129,0.0,1.1700918521113761,1.3575219655251103,2.5362378394924177,1
66b50c36b18058ec,2021.06.03.13.55.17_veh-35_00073_00426,216,pdm_closed,123,123,0.0,1.1951856145695172,1.2438750867394477,1.7725468023172295,1,117,0.0,1.1951856145695172,1.2438750867394477,1.7725468023172295,1,120,0.0,1.1951856145695172,1.2438750867394477,1.7725468023172295,1
66b50c36b18058ec,2021.06.03.13.55.17_veh-35_00073_00426,230,pdm_closed,132,132,0.0,0.16954546154122355,0.7595271617730694,0.6467455654671088,1,123,0.0,0.16954546154122355,0.7595271617730694,0.6467455654671088,1,127,0.0,0.16954546154122355,0.7595271617730694,0.6467455654671088,1
66b50c36b18058ec,2021.06.03.13.55.17_veh-35_00073_00426,243,pdm_closed,143,143,0.0,0.28116469343719513,0.3065609571127096,0.30537809560865603,1,134,0.0,0.28116469343719513,0.3065609571127096,0.30537809560865603,1,139,0.0,0.28116469343719513,0.3065609571127096,0.30537809560865603,1
66b50c36b18058ec,2021.06.03.13.55.17_veh-35_00073_00426,256,pdm_closed,141,141,0.0,3.000598516726765,0.5397695191450753,1.032210149595804,1,128,0.0,3.000598516726765,0.5397695191450753,1.032210149595804,1,131,0.0,3.000598516726765,0.5397695191450753,1.032210149595804,1
66b50c36b18058ec,2021.06.03.13.55.17_veh-35_00073_00426,270,pdm_closed,120,120,0.0,4.505213267994773,2.1966648832411,5.022900993103194,1,108,0.0,4.505213267994773,2.1966648832411,5.022900993103194,1,114,0.0,4.505213267994773,2.1966648832411,5.022900993103194,1
66b50c36b18058ec,2021.06.03.13.55.17_veh-35_00073_00426,283,pdm_closed,124,124,0.0,5.76304203709236,1.1241421097271376,1.1956422136574039,1,109,0.0,5.76304203709236,1.1241421097271376,1.1956422136574039,1,118,0.0,5.76304203709236,1.1241421097271376,1.1956422136574039,1
66b50c36b18058ec,2021.06.03.13.55.17_veh-35_00073_00426,296,pdm_closed,122,122,0.0,5.721847299657929,0.47255129477912866,0.4275007445045965,1,110,0.0,5.721847299657929,0.47255129477912866,0.4275007445045965,1,115,0.0,5.721847299657929,0.47255129477912866,0.4275007445045965,1
66b50c36b18058ec,2021.06.03.13.55.17_veh-35_00073_00426,310,pdm_closed,131,131,0.0,6.635241932216453,0.2704518360958413,0.03189539308797619,1,120,0.0,6.635241932216453,0.2704518360958413,0.03189539308797619,1,123,0.0,6.635241932216453,0.2704518360958413,0.03189539308797619,1
6ae7774541a7520d,2021.07.16.20.45.29_veh-35_01095_01486,4,pdm_closed,91,91,0.0,0.3710552321236035,1.9288008049514476,4.385220105050482,1,76,0.0,0.3710552321236035,1.9288008049514476,4.385220105050482,1,88,0.0,0.3710552321236035,1.9288008049514476,4.385220105050482,1
6ae7774541a7520d,2021.07.16.20.45.29_veh-35_01095_01486,17,pdm_closed,92,92,0.0,1.3395096848650956,1.7890084066758614,4.788332782552713,1,77,0.0,1.3395096848650956,1.7890084066758614,4.788332782552713,1,87,0.0,1.3395096848650956,1.7890084066758614,4.788332782552713,1
6ae7774541a7520d,2021.07.16.20.45.29_veh-35_01095_01486,30,pdm_closed,92,92,0.0,1.341707058776194,2.0944542697593738,5.072418246338314,1,78,0.0,1.341707058776194,2.0944542697593738,5.072418246338314,1,85,0.0,1.341707058776194,2.0944542697593738,5.072418246338314,1
6ae7774541a7520d,2021.07.16.20.45.29_veh-35_01095_01486,43,pdm_closed,91,91,0.0,1.404579743611286,2.3081117915008047,5.253052741513768,1,78,0.0,1.404579743611286,2.3081117915008047,5.253052741513768,1,83,0.0,1.404579743611286,2.3081117915008047,5.253052741513768,1
6ae7774541a7520d,2021.07.16.20.45.29_veh-35_01095_01486,57,pdm_closed,87,87,0.0,1.3500160888534651,2.21581637132415,4.84569517430803,1,73,0.0,1.3500160888534651,2.21581637132415,4.84569517430803,1,83,0.0,1.3500160888534651,2.21581637132415,4.84569517430803,1
6ae7774541a7520d,2021.07.16.20.45.29_veh-35_01095_01486,70,pdm_closed,86,86,0.0,1.3490980943717734,1.9082978354992715,4.030834948944317,1,74,0.0,1.3490980943717734,1.9082978354992715,4.030834948944317,1,79,0.0,1.3490980943717734,1.9082978354992715,4.030834948944317,1
6ae7774541a7520d,2021.07.16.20.45.29_veh-35_01095_01486,83,pdm_closed,84,84,0.0,1.3009188334899653,1.4404183020843413,2.9674554231451165,1,71,0.0,1.2138587102801626,1.1892565683642433,3.739876596020189,1,78,0.0,1.2138587102801626,1.1892565683642433,3.739876596020189,1
6ae7774541a7520d,2021.07.16.20.45.29_veh-35_01095_01486,97,pdm_closed,84,84,0.0,1.2740757251190105,0.9547573389410537,1.8537059854941496,1,70,0.0,1.2740757251190105,0.9547573389410537,1.8537059854941496,1,79,0.0,1.2740757251190105,0.9547573389410537,1.8537059854941496,1
6ae7774541a7520d,2021.07.16.20.45.29_veh-35_01095_01486,110,pdm_closed,87,87,0.0,1.6225119909808747,0.6349680666470636,1.1746614432149358,1,74,0.0,1.6225119909808747,0.6349680666470636,1.1746614432149358,1,84,0.0,1.6225119909808747,0.6349680666470636,1.1746614432149358,1
6ae7774541a7520d,2021.07.16.20.45.29_veh-35_01095_01486,123,pdm_closed,90,90,0.0,1.648335360451143,0.20096764088206348,0.40080438980095473,1,72,0.0,1.648335360451143,0.20096764088206348,0.40080438980095473,1,80,0.0,1.648335360451143,0.20096764088206348,0.40080438980095473,1
6ae7774541a7520d,2021.07.16.20.45.29_veh-35_01095_01486,137,pdm_closed,86,86,0.0,1.55538386621983,0.15914104934638607,0.05245545828412434,1,75,0.0,1.55538386621983,0.15914104934638607,0.05245545828412434,1,81,0.0,1.55538386621983,0.15914104934638607,0.05245545828412434,1
6ae7774541a7520d,2021.07.16.20.45.29_veh-35_01095_01486,150,pdm_closed,85,85,0.0,1.4628082438968217,0.2708102425832114,0.5105662634639783,1,76,0.0,1.4628082438968217,0.2708102425832114,0.5105662634639783,1,79,0.0,1.4628082438968217,0.2708102425832114,0.5105662634639783,1
6ae7774541a7520d,2021.07.16.20.45.29_veh-35_01095_01486,163,pdm_closed,88,88,0.0,0.44219328710430567,1.1287538702050885,1.549519068745422,1,81,0.0,0.44219328710430567,1.1287538702050885,1.549519068745422,1,86,0.0,0.44219328710430567,1.1287538702050885,1.549519068745422,1
6ae7774541a7520d,2021.07.16.20.45.29_veh-35_01095_01486,176,pdm_closed,89,89,0.0,1.4362633879094275,0.6599233558683282,1.6752941310568437,1,83,0.0,1.4362633879094275,0.6599233558683282,1.6752941310568437,1,86,0.0,1.4362633879094275,0.6599233558683282,1.6752941310568437,1
6ae7774541a7520d,2021.07.16.20.45.29_veh-35_01095_01486,190,pdm_closed,90,90,0.0,1.4408020672721813,0.8664685479075073,2.1253323007546703,1,83,0.0,1.4408020672721813,0.8664685479075073,2.1253323007546703,1,84,0.0,1.4408020672721813,0.8664685479075073,2.1253323007546703,1
6ae7774541a7520d,2021.07.16.20.45.29_veh-35_01095_01486,203,pdm_closed,87,87,0.0,1.433336182370912,1.1712014853319492,2.5783402175842722,1,82,0.0,1.433336182370912,1.1712014853319492,2.5783402175842722,1,84,0.0,1.433336182370912,1.1712014853319492,2.5783402175842722,1
6ae7774541a7520d,2021.07.16.20.45.29_veh-35_01095_01486,216,pdm_closed,85,85,0.0,1.4366977770364702,1.3333220963391115,2.881026586791467,1,81,0.0,1.4366977770364702,1.3333220963391115,2.881026586791467,1,83,0.0,1.4366977770364702,1.3333220963391115,2.881026586791467,1
6ae7774541a7520d,2021.07.16.20.45.29_veh-35_01095_01486,230,pdm_closed,81,81,0.0,1.4427917823232448,1.3265894712189579,2.9790940665959873,1,76,0.0,1.2597451921709426,2.3937209222269966,5.8039493337691965,1,78,0.0,1.4427917823232448,1.3265894712189579,2.9790940665959873,1
6ae7774541a7520d,2021.07.16.20.45.29_veh-35_01095_01486,243,pdm_closed,83,83,0.0,1.4553092572565849,1.2853721423270181,3.0536014288925903,1,78,0.0,1.4553092572565849,1.2853721423270181,3.0536014288925903,1,80,0.0,1.4553092572565849,1.2853721423270181,3.0536014288925903,1
6ae7774541a7520d,2021.07.16.20.45.29_veh-35_01095_01486,256,pdm_closed,86,86,0.0,1.469826241219503,1.4136899895884902,3.3871005051982,1,79,0.0,1.46974772111711,2.2358235764004153,5.5106697023184985,1,83,0.0,1.469826241219503,1.4136899895884902,3.3871005051982,1
6ae7774541a7520d,2021.07.16.20.45.29_veh-35_01095_01486,270,pdm_closed,88,88,0.0,2.3774163889332787,1.700709373921109,3.9974471116283774,1,83,0.0,2.3774163889332787,1.700709373921109,3.9974471116283774,1,85,0.0,2.3774163889332787,1.700709373921109,3.9974471116283774,1
6ae7774541a7520d,2021.07.16.20.45.29_veh-35_01095_01486,283,pdm_closed,95,95,0.0,3.8793999395312255,1.9065614963819453,4.341748304681931,1,89,0.0,3.868307588392819,2.5329877297732746,5.888255046104684,1,91,0.0,3.8793999395312255,1.9065614963819453,4.341748304681931,1
6ae7774541a7520d,2021.07.16.20.45.29_veh-35_01095_01486,296,pdm_closed,92,92,0.0,4.495415745766957,1.9760837314737958,4.539526539465847,1,86,0.0,4.495415745642587,2.4824615282905587,5.779686381721585,1,86,0.0,4.495415745642587,2.4824615282905587,5.779686381721585,1
6ae7774541a7520d,2021.07.16.20.45.29_veh-35_01095_01486,310,pdm_closed,89,89,0.0,4.670242484195625,2.073628228513472,4.842768376342008,1,83,0.0,5.180653683349315,1.3899142383424672,1.4167101784445588,1,87,0.0,4.670242484195625,2.073628228513472,4.842768376342008,1
6f39ffbd0bdb54ae,2021.05.12.22.28.35_veh-35_00620_01164,4,pdm_closed,128,128,0.0,0.40143577931286517,2.1117820901074698,3.3883326572401664,1,123,0.0,0.40143577931286517,2.1117820901074698,3.3883326572401664,1,124,0.0,0.40143577931286517,2.1117820901074698,3.3883326572401664,1
6f39ffbd0bdb54ae,2021.05.12.22.28.35_veh-35_00620_01164,17,pdm_closed,125,125,0.0,0.4083154897095163,2.106254936976555,3.3761185529174487,1,118,0.0,0.4083154897095163,2.106254936976555,3.3761185529174487,1,121,0.0,0.4083154897095163,2.106254936976555,3.3761185529174487,1
6f39ffbd0bdb54ae,2021.05.12.22.28.35_veh-35_00620_01164,30,pdm_closed,126,126,0.0,0.41054779058270646,2.108980842581766,3.3822040139525047,1,119,0.0,0.41054779058270646,2.108980842581766,3.3822040139525047,1,120,0.0,0.41054779058270646,2.108980842581766,3.3822040139525047,1
6f39ffbd0bdb54ae,2021.05.12.22.28.35_veh-35_00620_01164,43,pdm_closed,123,123,0.0,0.40832432713078987,2.109987375472708,3.384188893104213,1,119,0.0,0.40832432713078987,2.109987375472708,3.384188893104213,1,120,0.0,0.40832432713078987,2.109987375472708,3.384188893104213,1
6f39ffbd0bdb54ae,2021.05.12.22.28.35_veh-35_00620_01164,57,pdm_closed,123,123,0.0,0.4074723115641621,2.1102775059643477,3.385170897832304,1,118,0.0,0.4074723115641621,2.1102775059643477,3.385170897832304,1,118,1.0,0.0,3.815279900435847,9.0514239402559,1
6f39ffbd0bdb54ae,2021.05.12.22.28.35_veh-35_00620_01164,70,pdm_closed,123,123,0.0,0.4043125500602609,2.108744264892488,3.3818658772401866,1,119,0.0,0.4043125500602609,2.108744264892488,3.3818658772401866,1,119,0.0,0.4043125500602609,2.108744264892488,3.3818658772401866,1
6f39ffbd0bdb54ae,2021.05.12.22.28.35_veh-35_00620_01164,83,pdm_closed,124,124,0.0,0.40859754303090895,2.1106984300437426,3.386475897646536,1,120,0.0,0.40859754303090895,2.1106984300437426,3.386475897646536,1,121,0.0,0.40859754303090895,2.1106984300437426,3.386475897646536,1
6f39ffbd0bdb54ae,2021.05.12.22.28.35_veh-35_00620_01164,96,pdm_closed,124,124,0.0,0.4016012284114244,2.116799775102473,3.399527136414759,1,119,0.0,0.4016012284114244,2.116799775102473,3.399527136414759,1,121,0.0,0.4016012284114244,2.116799775102473,3.399527136414759,1
6f39ffbd0bdb54ae,2021.05.12.22.28.35_veh-35_00620_01164,110,pdm_closed,125,125,0.0,0.40431254833946056,2.1231467877036247,3.4144048202037958,1,120,0.0,0.40431254833946056,2.1231467877036247,3.4144048202037958,1,122,0.0,0.40431254833946056,2.1231467877036247,3.4144048202037958,1
6f39ffbd0bdb54ae,2021.05.12.22.28.35_veh-35_00620_01164,123,pdm_closed,124,124,0.0,0.41009105540720714,2.151208559092638,3.4712154364843606,1,119,0.0,0.41009105540720714,2.151208559092638,3.4712154364843606,1,123,0.0,0.41009105540720714,2.151208559092638,3.4712154364843606,1
6f39ffbd0bdb54ae,2021.05.12.22.28.35_veh-35_00620_01164,136,pdm_closed,121,121,0.0,0.39976701327636177,2.5238898526983746,4.459337508921629,1,115,0.0,0.39976701327636177,2.5238898526983746,4.459337508921629,1,116,0.0,0.39976701327636177,2.5238898526983746,4.459337508921629,1
6f39ffbd0bdb54ae,2021.05.12.22.28.35_veh-35_00620_01164,149,pdm_closed,120,120,0.0,0.40983838185713956,2.60876278725319,4.418179819417986,1,114,0.0,0.40983838185713956,2.60876278725319,4.418179819417986,1,117,0.0,0.40983838185713956,2.60876278725319,4.418179819417986,1
6f39ffbd0bdb54ae,2021.05.12.22.28.35_veh-35_00620_01164,163,pdm_closed,121,121,0.0,0.4085566307101957,2.5317451432840583,3.8896750515434944,1,114,0.0,0.4085566307101957,2.5317451432840583,3.8896750515434944,1,115,0.0,0.4085566307101957,2.5317451432840583,3.8896750515434944,1
6f39ffbd0bdb54ae,2021.05.12.22.28.35_veh-35_00620_01164,176,pdm_closed,123,123,0.0,0.4131111956074841,2.101193377813744,2.54961506799666,1,114,0.0,0.4131111956074841,2.101193377813744,2.54961506799666,1,117,0.0,0.4131111956074841,2.101193377813744,2.54961506799666,1
6f39ffbd0bdb54ae,2021.05.12.22.28.35_veh-35_00620_01164,189,pdm_closed,124,124,0.0,1.4106039130890666,1.408219889551864,1.5658185680968324,1,115,0.0,1.4106039130890666,1.408219889551864,1.5658185680968324,1,116,0.0,1.4106039130890666,1.408219889551864,1.5658185680968324,1
6f39ffbd0bdb54ae,2021.05.12.22.28.35_veh-35_00620_01164,202,pdm_closed,130,130,0.0,1.4249389641737904,0.5521615862068523,0.3682201613346018,1,119,0.0,1.4249389641737904,0.5521615862068523,0.3682201613346018,1,121,0.0,1.4249389641737904,0.5521615862068523,0.3682201613346018,1
6f39ffbd0bdb54ae,2021.05.12.22.28.35_veh-35_00620_01164,216,pdm_closed,133,133,0.0,1.3312626309318596,0.6637520490997628,1.0470296245290502,1,126,0.0,1.3312626309318596,0.6637520490997628,1.0470296245290502,1,129,0.0,1.3312626309318596,0.6637520490997628,1.0470296245290502,1
6f39ffbd0bdb54ae,2021.05.12.22.28.35_veh-35_00620_01164,229,pdm_closed,138,138,0.0,1.2848012659735515,0.6836961873896706,0.9139739024388766,1,128,0.0,1.2848012659735515,0.6836961873896706,0.9139739024388766,1,132,0.0,1.2848012659735515,0.6836961873896706,0.9139739024388766,1
6f39ffbd0bdb54ae,2021.05.12.22.28.35_veh-35_00620_01164,242,pdm_closed,141,141,0.0,1.281601747592726,0.5463029552492908,0.5420915201784079,1,129,0.0,1.281601747592726,0.5463029552492908,0.5420915201784079,1,135,0.0,1.281601747592726,0.5463029552492908,0.5420915201784079,1
6f39ffbd0bdb54ae,2021.05.12.22.28.35_veh-35_00620_01164,255,pdm_closed,140,140,0.0,1.2540090597110647,0.38315095901705126,0.14151270775549515,1,128,0.0,1.2540090597110647,0.38315095901705126,0.14151270775549515,1,135,0.0,1.2540090597110647,0.38315095901705126,0.14151270775549515,1
6f39ffbd0bdb54ae,2021.05.12.22.28.35_veh-35_00620_01164,269,pdm_closed,142,142,0.0,1.2429040814814865,0.30796531013938544,0.2180489488028766,1,130,0.0,1.242671862726412,0.42062007186449446,1.1102818903658802,1,135,0.0,1.2429040814814865,0.30796531013938544,0.2180489488028766,1
6f39ffbd0bdb54ae,2021.05.12.22.28.35_veh-35_00620_01164,282,pdm_closed,140,140,0.0,1.2629154743548066,0.3155770544481812,0.6146120091463931,1,128,0.0,1.2629154743548066,0.3155770544481812,0.6146120091463931,1,132,0.0,1.2629154743548066,0.3155770544481812,0.6146120091463931,1
6f39ffbd0bdb54ae,2021.05.12.22.28.35_veh-35_00620_01164,295,pdm_closed,144,144,0.0,1.2540206322086085,0.4002728646560623,1.179616023422456,1,132,0.0,1.2540206322086085,0.4002728646560623,1.179616023422456,1,137,0.0,1.2540206322086085,0.4002728646560623,1.179616023422456,1
6f39ffbd0bdb54ae,2021.05.12.22.28.35_veh-35_00620_01164,309,pdm_closed,147,147,0.0,1.2429192968182794,0.5473597153229289,1.7153454275095714,1,135,0.0,1.2429044812136631,0.8272872313119435,2.74973460962838,1,142,0.0,1.2429192968182794,0.5473597153229289,1.7153454275095714,1
739078f0599c5895,2021.06.09.12.39.51_veh-26_05620_06003,4,pdm_closed,90,90,0.0,0.8307543938519492,1.6907472760802942,2.73162204759476,1,82,0.0,0.8307543938519492,1.6907472760802942,2.73162204759476,1,86,0.0,0.8307543938519492,1.6907472760802942,2.73162204759476,1
739078f0599c5895,2021.06.09.12.39.51_veh-26_05620_06003,17,pdm_closed,91,91,0.0,0.8189146490303705,1.655473287294627,2.6874806642634446,1,83,0.0,0.8189146490303705,1.655473287294627,2.6874806642634446,1,86,0.0,0.8189146490303705,1.655473287294627,2.6874806642634446,1
739078f0599c5895,2021.06.09.12.39.51_veh-26_05620_06003,30,pdm_closed,92,92,0.0,0.8290451926170549,1.635792601017506,2.6673433060448706,1,84,0.0,0.8290451926170549,1.635792601017506,2.6673433060448706,1,91,0.0,0.8290451926170549,1.635792601017506,2.6673433060448706,1
739078f0599c5895,2021.06.09.12.39.51_veh-26_05620_06003,43,pdm_closed,94,94,0.0,0.8234289517862923,1.6358280171764616,2.6723039528150228,1,85,0.0,0.8234289517862923,1.6358280171764616,2.6723039528150228,1,87,0.0,0.8234289517862923,1.6358280171764616,2.6723039528150228,1
739078f0599c5895,2021.06.09.12.39.51_veh-26_05620_06003,57,pdm_closed,94,94,0.0,0.8242822974012521,1.6394860708011976,2.680127324139763,1,83,0.0,0.8242822974012521,1.6394860708011976,2.680127324139763,1,87,0.0,0.8242822974012521,1.6394860708011976,2.680127324139763,1
739078f0599c5895,2021.06.09.12.39.51_veh-26_05620_06003,70,pdm_closed,92,92,0.0,0.8208354451411682,1.6332762486496475,2.6686293175117637,1,84,0.0,0.8208354451411682,1.6332762486496475,2.6686293175117637,1,86,0.0,0.8208354451411682,1.6332762486496475,2.6686293175117637,1
739078f0599c5895,2021.06.09.12.39.51_veh-26_05620_06003,83,pdm_closed,90,90,0.0,0.8216189990654069,1.6382398429507299,2.6786883736538547,1,83,0.0,0.8216189990654069,1.6382398429507299,2.6786883736538547,1,86,0.0,0.8216189990654069,1.6382398429507299,2.6786883736538547,1
739078f0599c5895,2021.06.09.12.39.51_veh-26_05620_06003,96,pdm_closed,90,90,0.0,0.8225122072930068,1.6339775573083273,2.670447635031799,1,84,0.0,0.8225122072930068,1.6339775573083273,2.670447635031799,1,87,0.0,0.8225122072930068,1.6339775573083273,2.670447635031799,1
739078f0599c5895,2021.06.09.12.39.51_veh-26_05620_06003,110,pdm_closed,92,92,0.0,0.8172191358696439,1.6328234007225237,2.6683796904305233,1,83,0.0,0.8172191358696439,1.6328234007225237,2.6683796904305233,1,87,0.0,0.8172191358696439,1.6328234007225237,2.6683796904305233,1
739078f0599c5895,2021.06.09.12.39.51_veh-26_05620_06003,123,pdm_closed,95,95,0.0,0.8253493295959136,1.6446569037459438,2.6929889482811955,1,88,0.0,0.8253493295959136,1.6446569037459438,2.6929889482811955,1,90,0.0,0.8253493295959136,1.6446569037459438,2.6929889482811955,1
739078f0599c5895,2021.06.09.12.39.51_veh-26_05620_06003,136,pdm_closed,91,91,0.0,0.8191866006647187,1.638738487002998,2.6808670116118742,1,85,1.0,0.0,2.966395262611208,6.2150088769448155,1,86,0.0,0.8191866006647187,1.638738487002998,2.6808670116118742,1
739078f0599c5895,2021.06.09.12.39.51_veh-26_05620_06003,149,pdm_closed,89,89,0.0,0.8167021617126615,1.6240044799052724,2.650021391938995,1,84,0.0,0.8167021617126615,1.6240044799052724,2.650021391938995,1,87,0.0,0.8167021617126615,1.6240044799052724,2.650021391938995,1
739078f0599c5895,2021.06.09.12.39.51_veh-26_05620_06003,163,pdm_closed,89,89,0.0,0.8166697916766462,1.6276264176920106,2.658439380123431,1,82,1.0,0.0,3.2205892317737517,6.865318716066199,1,86,0.0,0.8166697916766462,1.6276264176920106,2.658439380123431,1
739078f0599c5895,2021.06.09.12.39.51_veh-26_05620_06003,176,pdm_closed,89,89,0.0,0.8240279218190932,1.6197358283288537,2.6360566211277354,1,83,0.0,0.8240279218190932,1.6197358283288537,2.6360566211277354,1,85,0.0,0.8240279218190932,1.6197358283288537,2.6360566211277354,1
739078f0599c5895,2021.06.09.12.39.51_veh-26_05620_06003,189,pdm_closed,90,90,1.0,0.0,1.3701056243289154,1.3702082138929712,1,84,1.0,0.0,1.3701056243289154,1.3702082138929712,1,86,1.0,0.0,1.3701056243289154,1.3702082138929712,1
739078f0599c5895,2021.06.09.12.39.51_veh-26_05620_06003,202,pdm_closed,90,90,1.0,0.0,1.3702015207853921,1.3704006696447497,1,81,1.0,0.0,1.3702015207853921,1.3704006696447497,1,85,1.0,0.0,1.3702015207853921,1.3704006696447497,1
739078f0599c5895,2021.06.09.12.39.51_veh-26_05620_06003,216,pdm_closed,91,91,0.0,0.813769309491482,1.6313320502275652,2.6653157786756747,1,84,0.0,0.813769309491482,1.6313320502275652,2.6653157786756747,1,88,0.0,0.813769309491482,1.6313320502275652,2.6653157786756747,1
739078f0599c5895,2021.06.09.12.39.51_veh-26_05620_06003,229,pdm_closed,91,91,0.0,0.44725823155543953,1.636068881653577,2.674561517827535,1,83,0.0,0.44725823155543953,1.636068881653577,2.674561517827535,1,88,0.0,0.44725823155543953,1.636068881653577,2.674561517827535,1
739078f0599c5895,2021.06.09.12.39.51_veh-26_05620_06003,242,pdm_closed,88,88,0.0,0.630650696628352,1.6382958424357947,2.6718988916875106,1,82,0.0,0.630650696628352,1.6382958424357947,2.6718988916875106,1,85,0.0,0.630650696628352,1.6382958424357947,2.6718988916875106,1
739078f0599c5895,2021.06.09.12.39.51_veh-26_05620_06003,255,pdm_closed,91,91,1.0,0.0,1.3725157269415282,1.3853896448327419,1,85,1.0,0.0,2.962779957462005,6.0811687670935015,1,87,1.0,0.0,2.962779957462005,6.0811687670935015,1
739078f0599c5895,2021.06.09.12.39.51_veh-26_05620_06003,269,pdm_closed,91,91,1.0,0.0,1.3896936073364223,1.4904687736908664,1,83,1.0,0.0,1.3896936073364223,1.4904687736908664,1,89,1.0,0.0,1.3896936073364223,1.4904687736908664,1
739078f0599c5895,2021.06.09.12.39.51_veh-26_05620_06003,282,pdm_closed,88,88,0.0,0.9875379634492493,1.0725643680950327,1.195642807196034,1,83,0.0,0.9875379634492493,1.0725643680950327,1.195642807196034,1,85,0.0,0.9875379634492493,1.0725643680950327,1.195642807196034,1
739078f0599c5895,2021.06.09.12.39.51_veh-26_05620_06003,295,pdm_closed,88,88,0.0,1.0643634913857147,0.927137148054922,1.1692908104108843,1,82,0.0,1.0643634913857147,0.927137148054922,1.1692908104108843,1,85,0.0,1.0643634913857147,0.927137148054922,1.1692908104108843,1
739078f0599c5895,2021.06.09.12.39.51_veh-26_05620_06003,309,pdm_closed,90,90,0.0,1.200703103863544,1.0414953993556586,1.5317840121944044,1,80,0.0,0.8689159431035295,1.1244443938726447,1.7377709519410693,1,88,0.0,0.8689159431035295,1.1244443938726447,1.7377709519410693,1
77d6edeb08345aef,2021.08.09.17.55.59_veh-28_00021_00307,4,pdm_closed,34,34,0.0,5.40270972971937,14.648327219037414,17.091839950771085,1,26,0.0,5.40270972971937,14.648327219037414,17.091839950771085,1,30,0.0,5.40270972971937,14.648327219037414,17.091839950771085,1
77d6edeb08345aef,2021.08.09.17.55.59_veh-28_00021_00307,17,pdm_closed,36,36,0.0,5.399082934904051,14.648442749395223,17.0920727490486,1,26,0.0,5.399082934904051,14.648442749395223,17.0920727490486,1,31,0.0,5.399082934904051,14.648442749395223,17.0920727490486,1
77d6edeb08345aef,2021.08.09.17.55.59_veh-28_00021_00307,30,pdm_closed,33,33,0.0,5.379806719073627,14.648274291572902,17.091740659989558,1,25,0.0,5.379806719073627,14.648274291572902,17.091740659989558,1,28,0.0,5.379806719073627,14.648274291572902,17.091740659989558,1
77d6edeb08345aef,2021.08.09.17.55.59_veh-28_00021_00307,43,pdm_closed,35,35,0.0,5.432116653213505,14.648238826915472,17.09163062370789,1,27,0.0,5.432116653213505,14.648238826915472,17.09163062370789,1,32,0.0,5.432116653213505,14.648238826915472,17.09163062370789,1
77d6edeb08345aef,2021.08.09.17.55.59_veh-28_00021_00307,57,pdm_closed,35,35,0.0,5.421493687219884,14.648304979865474,17.091789123222927,1,27,0.0,5.421493687219884,14.648304979865474,17.091789123222927,1,30,0.0,5.421493687219884,14.648304979865474,17.091789123222927,1
77d6edeb08345aef,2021.08.09.17.55.59_veh-28_00021_00307,70,pdm_closed,35,35,0.0,5.4052269322892865,14.648419866679532,17.092047152623422,1,27,0.0,5.4052269322892865,14.648419866679532,17.092047152623422,1,31,0.0,5.4052269322892865,14.648419866679532,17.092047152623422,1
77d6edeb08345aef,2021.08.09.17.55.59_veh-28_00021_00307,83,pdm_closed,35,35,0.0,5.400910206555112,14.648423396722325,17.09199931308025,1,27,0.0,5.400910206555112,14.648423396722325,17.09199931308025,1,31,0.0,5.400910206555112,14.648423396722325,17.09199931308025,1
77d6edeb08345aef,2021.08.09.17.55.59_veh-28_00021_00307,96,pdm_closed,34,34,0.0,5.401592424551919,14.648393599674783,17.091984600069946,1,25,0.0,5.401592424551919,14.648393599674783,17.091984600069946,1,30,0.0,5.401592424551919,14.648393599674783,17.091984600069946,1
77d6edeb08345aef,2021.08.09.17.55.59_veh-28_00021_00307,110,pdm_closed,34,34,0.0,5.4228896071105455,14.648286499621866,17.091724996313896,1,26,0.0,5.4228896071105455,14.648286499621866,17.091724996313896,1,30,0.0,5.4228896071105455,14.648286499621866,17.091724996313896,1
77d6edeb08345aef,2021.08.09.17.55.59_veh-28_00021_00307,123,pdm_closed,33,33,0.0,5.413232622908689,14.648305311430194,17.091744662326146,1,25,0.0,5.413232622908689,14.648305311430194,17.091744662326146,1,28,0.0,5.413232622908689,14.648305311430194,17.091744662326146,1
77d6edeb08345aef,2021.08.09.17.55.59_veh-28_00021_00307,136,pdm_closed,33,33,0.0,5.431880345275083,14.648367556458451,17.091885235500122,1,27,0.0,5.431880345275083,14.648367556458451,17.091885235500122,1,30,0.0,5.431880345275083,14.648367556458451,17.091885235500122,1
77d6edeb08345aef,2021.08.09.17.55.59_veh-28_00021_00307,149,pdm_closed,32,32,0.0,5.413015672545192,14.648325815665206,17.09179774015261,1,25,0.0,5.413015672545192,14.648325815665206,17.09179774015261,1,30,0.0,5.413015672545192,14.648325815665206,17.09179774015261,1
77d6edeb08345aef,2021.08.09.17.55.59_veh-28_00021_00307,163,pdm_closed,32,32,0.0,5.402770196642389,14.648287087538465,17.091751817853968,1,26,0.0,5.402770196642389,14.648287087538465,17.091751817853968,1,28,0.0,5.402770196642389,14.648287087538465,17.091751817853968,1
77d6edeb08345aef,2021.08.09.17.55.59_veh-28_00021_00307,176,pdm_closed,33,33,0.0,5.412890607813582,14.64829113205384,17.091706078193074,1,26,0.0,5.412890607813582,14.64829113205384,17.091706078193074,1,29,0.0,5.412890607813582,14.64829113205384,17.091706078193074,1
77d6edeb08345aef,2021.08.09.17.55.59_veh-28_00021_00307,189,pdm_closed,32,32,0.0,5.424929788332066,14.648290779863167,17.091764313227568,1,25,0.0,5.424929788332066,14.648290779863167,17.091764313227568,1,28,0.0,5.424929788332066,14.648290779863167,17.091764313227568,1
77d6edeb08345aef,2021.08.09.17.55.59_veh-28_00021_00307,202,pdm_closed,33,33,0.0,5.401910451755172,14.64836083623295,17.09189999490977,1,26,0.0,5.401910451755172,14.64836083623295,17.09189999490977,1,28,0.0,5.401910451755172,14.64836083623295,17.09189999490977,1
77d6edeb08345aef,2021.08.09.17.55.59_veh-28_00021_00307,216,pdm_closed,33,33,0.0,5.414466529975755,14.648341007027062,17.09186043160456,1,24,0.0,5.414466529975755,14.648341007027062,17.09186043160456,1,29,0.0,5.414466529975755,14.648341007027062,17.09186043160456,1
77d6edeb08345aef,2021.08.09.17.55.59_veh-28_00021_00307,229,pdm_closed,34,34,0.0,5.403424571209157,14.648171486991615,17.09153708027868,1,26,0.0,5.403424571209157,14.648171486991615,17.09153708027868,1,28,0.0,5.403424571209157,14.648171486991615,17.09153708027868,1
77d6edeb08345aef,2021.08.09.17.55.59_veh-28_00021_00307,242,pdm_closed,34,34,0.0,5.401332247816776,14.648353512473122,17.09195495436304,1,25,0.0,5.401332247816776,14.648353512473122,17.09195495436304,1,28,0.0,5.401332247816776,14.648353512473122,17.09195495436304,1
77d6edeb08345aef,2021.08.09.17.55.59_veh-28_00021_00307,255,pdm_closed,34,34,0.0,5.3982984083473795,14.648396675310945,17.092021275362832,1,26,0.0,5.3982984083473795,14.648396675310945,17.092021275362832,1,30,0.0,5.3982984083473795,14.648396675310945,17.092021275362832,1
77d6edeb08345aef,2021.08.09.17.55.59_veh-28_00021_00307,269,pdm_closed,34,34,0.0,5.404473714191391,14.64830962241997,17.091801390246776,1,28,0.0,5.404473714191391,14.64830962241997,17.091801390246776,1,31,0.0,5.404473714191391,14.64830962241997,17.091801390246776,1
77d6edeb08345aef,2021.08.09.17.55.59_veh-28_00021_00307,282,pdm_closed,34,34,0.0,5.385129758856703,14.648342632171232,17.091906450995637,1,27,0.0,5.385129758856703,14.648342632171232,17.091906450995637,1,30,0.0,5.385129758856703,14.648342632171232,17.091906450995637,1
77d6edeb08345aef,2021.08.09.17.55.59_veh-28_00021_00307,295,pdm_closed,35,35,0.0,5.393163258436878,14.648330959035379,17.091842599641254,1,27,0.0,5.393163258436878,14.648330959035379,17.091842599641254,1,29,0.0,5.393163258436878,14.648330959035379,17.091842599641254,1
77d6edeb08345aef,2021.08.09.17.55.59_veh-28_00021_00307,309,pdm_closed,37,37,0.0,5.414714955146942,14.648325405812308,17.091832882433515,1,27,0.0,5.414714955146942,14.648325405812308,17.091832882433515,1,29,0.0,5.414714955146942,14.648325405812308,17.091832882433515,1
7c05c64aa91a5eb3,2021.08.17.18.54.02_veh-45_00665_01065,4,pdm_closed,19,19,0.0,2.3752308835500395,3.3191345878661123,7.756607285789042,1,18,0.0,2.3752308835500395,3.3191345878661123,7.756607285789042,1,19,0.0,2.3752308835500395,3.3191345878661123,7.756607285789042,1
7c05c64aa91a5eb3,2021.08.17.18.54.02_veh-45_00665_01065,17,pdm_closed,17,17,0.0,2.3845417407538907,3.013682292938254,7.183808655905963,1,17,0.0,2.3845417407538907,3.013682292938254,7.183808655905963,1,17,0.0,2.3845417407538907,3.013682292938254,7.183808655905963,1
7c05c64aa91a5eb3,2021.08.17.18.54.02_veh-45_00665_01065,30,pdm_closed,16,16,0.0,2.439236770166972,2.8383094917715486,6.873452028533194,1,15,0.0,2.439236770166972,2.8383094917715486,6.873452028533194,1,15,0.0,2.439236770166972,2.8383094917715486,6.873452028533194,1
7c05c64aa91a5eb3,2021.08.17.18.54.02_veh-45_00665_01065,43,pdm_closed,13,13,0.0,2.965081033240173,2.7782761438909622,6.781003486770408,1,12,0.0,2.965081033240173,2.7782761438909622,6.781003486770408,1,13,0.0,2.965081033240173,2.7782761438909622,6.781003486770408,1
7c05c64aa91a5eb3,2021.08.17.18.54.02_veh-45_00665_01065,57,pdm_closed,11,11,0.0,3.0052993636592205,2.748415428431065,6.749088646779687,1,10,0.0,3.0052993636592205,2.748415428431065,6.749088646779687,1,11,0.0,3.0052993636592205,2.748415428431065,6.749088646779687,1
7c05c64aa91a5eb3,2021.08.17.18.54.02_veh-45_00665_01065,70,pdm_closed,8,8,0.0,3.3685028722147115,2.782119224023993,6.786123766253057,1,7,0.0,3.3685028722147115,2.782119224023993,6.786123766253057,1,7,0.0,3.3685028722147115,2.782119224023993,6.786123766253057,1
7c05c64aa91a5eb3,2021.08.17.18.54.02_veh-45_00665_01065,83,pdm_closed,8,8,0.0,7.800952426215586,2.842610859641064,6.887122441981073,1,7,0.0,7.800952426215586,2.842610859641064,6.887122441981073,1,8,0.0,7.800952426215586,2.842610859641064,6.887122441981073,1
7c05c64aa91a5eb3,2021.08.17.18.54.02_veh-45_00665_01065,97,pdm_closed,9,9,0.0,4.331712162577515,2.9806156679983475,7.166364650400212,1,8,0.0,4.331712162577515,2.9806156679983475,7.166364650400212,1,8,0.0,4.331712162577515,2.9806156679983475,7.166364650400212,1
7c05c64aa91a5eb3,2021.08.17.18.54.02_veh-45_00665_01065,110,pdm_closed,7,7,0.0,4.216652448541101,3.099142543309468,7.486682672536306,1,6,0.0,4.216652448541101,3.099142543309468,7.486682672536306,1,6,0.0,4.216652448541101,3.099142543309468,7.486682672536306,1
7c05c64aa91a5eb3,2021.08.17.18.54.02_veh-45_00665_01065,123,pdm_closed,6,6,0.0,1.2560660221400366,3.237294435669454,7.8930439750391805,1,5,0.0,1.2560660221400366,3.237294435669454,7.8930439750391805,1,5,0.0,1.2560660221400366,3.237294435669454,7.8930439750391805,1
7c05c64aa91a5eb3,2021.08.17.18.54.02_veh-45_00665_01065,137,pdm_closed,8,8,0.0,1.2572501182342293,3.4623562891950335,8.4475250231436,1,7,0.0,1.2572501182342293,3.4623562891950335,8.4475250231436,1,7,0.0,1.2572501182342293,3.4623562891950335,8.4475250231436,1
7c05c64aa91a5eb3,2021.08.17.18.54.02_veh-45_00665_01065,150,pdm_closed,11,11,0.0,1.3674379347946766,3.7973647540065167,9.142740354153162,1,8,0.0,1.3674379347946766,3.7973647540065167,9.142740354153162,1,9,0.0,1.3674379347946766,3.7973647540065167,9.142740354153162,1
7c05c64aa91a5eb3,2021.08.17.18.54.02_veh-45_00665_01065,163,pdm_closed,15,15,0.0,3.9435028421029443,4.069631019220087,9.742394247988138,1,11,0.0,3.9435028421029443,4.069631019220087,9.742394247988138,1,15,0.0,3.9435028421029443,4.069631019220087,9.742394247988138,1
7c05c64aa91a5eb3,2021.08.17.18.54.02_veh-45_00665_01065,176,pdm_closed,14,14,0.0,3.9173847679670364,4.231098588178097,10.226124170006624,1,10,0.0,3.9173847679670364,4.231098588178097,10.226124170006624,1,12,0.0,3.9173847679670364,4.231098588178097,10.226124170006624,1
7c05c64aa91a5eb3,2021.08.17.18.54.02_veh-45_00665_01065,190,pdm_closed,12,12,0.0,3.826948893805929,4.44534523731537,10.887911309228324,1,9,0.0,3.826948893805929,4.44534523731537,10.887911309228324,1,9,0.0,3.826948893805929,4.44534523731537,10.887911309228324,1
7c05c64aa91a5eb3,2021.08.17.18.54.02_veh-45_00665_01065,203,pdm_closed,12,12,0.0,4.342815301482992,5.03933839020142,11.733231011695379,1,9,0.0,4.342815301482992,5.03933839020142,11.733231011695379,1,10,0.0,4.342815301482992,5.03933839020142,11.733231011695379,1
7c05c64aa91a5eb3,2021.08.17.18.54.02_veh-45_00665_01065,216,pdm_closed,11,11,0.0,5.313366023163281,5.396850461251857,12.787913386221115,1,8,0.0,5.313366023163281,5.396850461251857,12.787913386221115,1,9,0.0,5.313366023163281,5.396850461251857,12.787913386221115,1
7c05c64aa91a5eb3,2021.08.17.18.54.02_veh-45_00665_01065,230,pdm_closed,12,12,0.0,5.295614111322987,4.57201419715882,10.281550526779244,1,9,0.0,5.295614111322987,4.57201419715882,10.281550526779244,1,10,0.0,5.295614111322987,4.57201419715882,10.281550526779244,1
7c05c64aa91a5eb3,2021.08.17.18.54.02_veh-45_00665_01065,243,pdm_closed,9,9,0.0,5.293225484733003,2.566962024205745,5.336012236609597,1,7,0.0,5.293225484733003,2.566962024205745,5.336012236609597,1,8,0.0,5.293225484733003,2.566962024205745,5.336012236609597,1
7c05c64aa91a5eb3,2021.08.17.18.54.02_veh-45_00665_01065,256,pdm_closed,8,8,0.0,5.296126931569876,3.3355978129977144,6.881525166619975,1,6,0.0,5.296126931569876,3.3355978129977144,6.881525166619975,1,7,0.0,5.296126931569876,3.3355978129977144,6.881525166619975,1
7c05c64aa91a5eb3,2021.08.17.18.54.02_veh-45_00665_01065,270,pdm_closed,6,6,0.0,5.296193282419874,1.4309884139576883,0.8345925093424775,1,4,0.0,5.296193282419874,1.4309884139576883,0.8345925093424775,1,4,0.0,5.296193282419874,1.4309884139576883,0.8345925093424775,1
7c05c64aa91a5eb3,2021.08.17.18.54.02_veh-45_00665_01065,283,pdm_closed,6,6,0.0,4.741460157391829,4.366241599574094,8.248931443300954,1,5,0.0,4.741460157391829,4.366241599574094,8.248931443300954,1,6,0.0,4.741460157391829,4.366241599574094,8.248931443300954,1
7c05c64aa91a5eb3,2021.08.17.18.54.02_veh-45_00665_01065,296,pdm_closed,5,5,0.0,5.150836394876543,5.604528896105731,12.280714779601338,1,4,0.0,5.039038623572279,5.883584806080638,13.466984292713695,1,4,0.0,5.039038623572279,5.883584806080638,13.466984292713695,1
7c05c64aa91a5eb3,2021.08.17.18.54.02_veh-45_00665_01065,310,pdm_closed,5,5,0.0,4.424097976968567,5.24727696440358,11.638279640539706,1,4,0.0,4.424097976968567,5.24727696440358,11.638279640539706,1,5,0.0,4.424097976968567,5.24727696440358,11.638279640539706,1
8043e6bb538552bc,2021.07.16.18.06.21_veh-38_04933_05307,4,pdm_closed,245,245,0.0,0.17733216932377246,1.613193100323245,3.9604471771259404,1,232,0.0,0.17733216932377246,1.613193100323245,3.9604471771259404,1,236,0.0,0.17733216932377246,1.613193100323245,3.9604471771259404,1
8043e6bb538552bc,2021.07.16.18.06.21_veh-38_04933_05307,17,pdm_closed,244,244,1.0,0.0,2.485058575666386,6.911537345576805,1,232,1.0,0.0,2.485058575666386,6.911537345576805,1,238,1.0,0.0,2.485058575666386,6.911537345576805,1
8043e6bb538552bc,2021.07.16.18.06.21_veh-38_04933_05307,30,pdm_closed,240,240,1.0,0.0,3.965647537359364,10.219127852500112,1,229,1.0,0.0,3.965647537359364,10.219127852500112,1,230,1.0,0.0,3.965647537359364,10.219127852500112,1
8043e6bb538552bc,2021.07.16.18.06.21_veh-38_04933_05307,43,pdm_closed,233,233,1.0,0.0,6.05092229160285,13.808869813648016,1,221,1.0,0.0,6.05092229160285,13.808869813648016,1,225,1.0,0.0,6.05092229160285,13.808869813648016,1
8043e6bb538552bc,2021.07.16.18.06.21_veh-38_04933_05307,57,pdm_closed,238,238,1.0,0.0,8.41979634913534,17.726813114272847,1,224,1.0,0.0,8.41979634913534,17.726813114272847,1,228,1.0,0.0,8.41979634913534,17.726813114272847,1
8043e6bb538552bc,2021.07.16.18.06.21_veh-38_04933_05307,70,pdm_closed,251,251,0.0,0.13591209221791556,2.136451194826935,4.034536090013114,1,238,0.0,0.13591209221791556,2.136451194826935,4.034536090013114,1,244,0.0,0.13591209221791556,2.136451194826935,4.034536090013114,1
8043e6bb538552bc,2021.07.16.18.06.21_veh-38_04933_05307,83,pdm_closed,264,264,0.0,0.12040393503667916,2.2847243253853784,4.428035087724115,1,251,0.0,0.12040393503667916,2.2847243253853784,4.428035087724115,1,257,0.0,0.12040393503667916,2.2847243253853784,4.428035087724115,1
8043e6bb538552bc,2021.07.16.18.06.21_veh-38_04933_05307,97,pdm_closed,274,274,0.0,0.1503232406665906,1.8250620520162932,4.2036432249133435,1,262,0.0,0.1503232406665906,1.8250620520162932,4.2036432249133435,1,266,0.0,0.1503232406665906,1.8250620520162932,4.2036432249133435,1
8043e6bb538552bc,2021.07.16.18.06.21_veh-38_04933_05307,110,pdm_closed,281,281,0.0,0.896898158972989,1.8563114878553304,4.2003594507067055,1,269,0.0,0.896898158972989,1.8563114878553304,4.2003594507067055,1,274,0.0,0.896898158972989,1.8563114878553304,4.2003594507067055,1
8043e6bb538552bc,2021.07.16.18.06.21_veh-38_04933_05307,123,pdm_closed,297,297,0.0,3.5448140365917893,2.1520608267756316,4.654500064281127,1,284,0.0,3.5448140365917893,2.1520608267756316,4.654500064281127,1,287,0.0,3.5448140365917893,2.1520608267756316,4.654500064281127,1
8043e6bb538552bc,2021.07.16.18.06.21_veh-38_04933_05307,137,pdm_closed,326,326,0.0,7.007984196051235,2.2692118047965275,4.571006483102236,1,316,0.0,7.007984196051235,2.2692118047965275,4.571006483102236,1,319,0.0,7.007984196051235,2.2692118047965275,4.571006483102236,1
8043e6bb538552bc,2021.07.16.18.06.21_veh-38_04933_05307,150,pdm_closed,340,340,0.0,7.746643836234046,2.0661452413579173,3.947731908117893,1,335,0.0,7.746643836234046,2.0661452413579173,3.947731908117893,1,338,0.0,7.746643836234046,2.0661452413579173,3.947731908117893,1
8043e6bb538552bc,2021.07.16.18.06.21_veh-38_04933_05307,163,pdm_closed,337,337,0.0,7.545126001745287,1.8712021994506103,3.3430525614035904,1,331,0.0,7.545126001745287,1.8712021994506103,3.3430525614035904,1,334,0.0,7.545126001745287,1.8712021994506103,3.3430525614035904,1
8043e6bb538552bc,2021.07.16.18.06.21_veh-38_04933_05307,176,pdm_closed,332,332,0.0,7.269239608369918,1.546460156267636,2.6449960813645323,1,324,0.0,7.269239608369918,1.546460156267636,2.6449960813645323,1,329,0.0,7.269239608369918,1.546460156267636,2.6449960813645323,1
8043e6bb538552bc,2021.07.16.18.06.21_veh-38_04933_05307,190,pdm_closed,337,337,0.0,6.021832285065261,1.214242232942896,1.9972859773138727,1,330,0.0,6.021832285065261,1.214242232942896,1.9972859773138727,1,332,0.0,6.021832285065261,1.214242232942896,1.9972859773138727,1
8043e6bb538552bc,2021.07.16.18.06.21_veh-38_04933_05307,203,pdm_closed,338,338,0.0,4.483372532961132,1.0777955068475977,1.6089202717590771,1,325,0.0,2.4760033300430413,1.797174420550964,3.546912712327637,1,326,0.0,2.4760033300430413,1.797174420550964,3.546912712327637,1
8043e6bb538552bc,2021.07.16.18.06.21_veh-38_04933_05307,216,pdm_closed,349,349,0.0,2.7525860409468352,2.588052662355918,2.4667413745387305,1,326,0.0,1.3086421307621443,2.3180129855500424,3.6050927103774457,1,337,0.0,2.7525860409468352,2.588052662355918,2.4667413745387305,1
8043e6bb538552bc,2021.07.16.18.06.21_veh-38_04933_05307,230,pdm_closed,365,365,1.0,0.0,2.4971615786116175,2.195785908099359,1,328,1.0,0.0,2.432617319071297,1.9903758072101134,1,340,1.0,0.0,2.4971615786116175,2.195785908099359,1
8043e6bb538552bc,2021.07.16.18.06.21_veh-38_04933_05307,243,pdm_closed,373,373,0.0,0.021727096036795623,1.7089914679869067,1.0799326269698657,1,332,0.0,0.021727096036795623,1.7089914679869067,1.0799326269698657,1,348,0.0,0.021727096036795623,1.7089914679869067,1.0799326269698657,1
8043e6bb538552bc,2021.07.16.18.06.21_veh-38_04933_05307,256,pdm_closed,362,362,1.0,0.0,2.4505627698783803,2.655741083171689,1,318,1.0,0.0,3.348985966583946,4.9198148909717325,1,333,1.0,0.0,2.4505627698783803,2.655741083171689,1
8043e6bb538552bc,2021.07.16.18.06.21_veh-38_04933_05307,270,pdm_closed,366,366,0.0,0.49864605079886914,1.538640185468406,2.153852341575303,1,317,0.0,0.49864605079886914,1.538640185468406,2.153852341575303,1,338,0.0,0.49864605079886914,1.538640185468406,2.153852341575303,1
8043e6bb538552bc,2021.07.16.18.06.21_veh-38_04933_05307,283,pdm_closed,370,370,1.0,0.0,2.4872793793638404,2.921724574232768,1,318,1.0,0.0,2.4872793793638404,2.921724574232768,1,339,1.0,0.0,2.4872793793638404,2.921724574232768,1
8043e6bb538552bc,2021.07.16.18.06.21_veh-38_04933_05307,296,pdm_closed,375,375,1.0,0.0,2.5675437050545113,3.015851100927478,1,325,1.0,0.0,2.5675437050545113,3.015851100927478,1,347,1.0,0.0,2.5675437050545113,3.015851100927478,1
8043e6bb538552bc,2021.07.16.18.06.21_veh-38_04933_05307,310,pdm_closed,372,372,1.0,0.0,2.534328180064006,3.0239034889411767,1,323,1.0,0.0,2.534328180064006,3.0239034889411767,1,347,1.0,0.0,2.534328180064006,3.0239034889411767,1
848948ed6d5c511b,2021.07.16.18.06.21_veh-38_03231_03712,4,pdm_closed,83,83,0.0,2.4666594020466146,4.326322282089473,10.438032479694225,1,67,0.0,2.4666621495377123,4.416750403074647,10.688011979770492,1,74,0.0,2.4666594020466146,4.413135255468152,10.681000331932562,1
848948ed6d5c511b,2021.07.16.18.06.21_veh-38_03231_03712,17,pdm_closed,82,82,0.0,2.471998129023871,4.326496325039715,10.389112044980145,1,69,0.0,2.471998129023871,4.326496325039715,10.389112044980145,1,76,0.0,2.471998129023871,4.326496325039715,10.389112044980145,1
848948ed6d5c511b,2021.07.16.18.06.21_veh-38_03231_03712,30,pdm_closed,82,82,0.0,2.4696950005672353,4.332396391763755,10.372077903735843,1,70,0.0,2.4696950005672353,4.353250221722521,10.422679140361629,1,76,0.0,2.4696950005672353,4.353250221722521,10.422679140361629,1
848948ed6d5c511b,2021.07.16.18.06.21_veh-38_03231_03712,43,pdm_closed,78,78,0.0,2.4692521350399668,4.374560427074476,10.60615032956638,1,65,0.0,2.4692521350399668,4.383802586992381,10.630512297462682,1,69,0.0,2.4692521350399668,4.383802586992381,10.630512297462682,1
848948ed6d5c511b,2021.07.16.18.06.21_veh-38_03231_03712,57,pdm_closed,82,82,0.0,2.4690376811813133,4.456709554793139,10.920077068447897,1,69,0.0,2.4690376811813133,4.524966616251866,11.11659527029015,1,75,0.0,2.4690376811813133,4.461868002607048,10.931854881116987,1
848948ed6d5c511b,2021.07.16.18.06.21_veh-38_03231_03712,70,pdm_closed,82,82,0.0,1.4693964036630596,4.185618505590937,10.717138790192843,1,68,0.0,1.469400157267804,4.238310768366402,10.842633313711318,1,76,0.0,1.4693966506347433,4.2299837684056225,10.826168143842404,1
848948ed6d5c511b,2021.07.16.18.06.21_veh-38_03231_03712,83,pdm_closed,84,84,0.0,2.470430898319945,4.419587366430022,10.62569870920641,1,72,0.0,1.4704954061887068,4.219386135305584,10.693083648433456,1,79,0.0,2.470430898319945,4.432069106287487,10.665752407620195,1
848948ed6d5c511b,2021.07.16.18.06.21_veh-38_03231_03712,97,pdm_closed,83,83,0.0,1.4751524820224278,4.191198732849684,10.734051696584562,1,70,0.0,1.4751524820224278,4.216168849496633,10.793223619280605,1,75,0.0,1.4751524820224278,4.202356041523382,10.762116497396734,1
848948ed6d5c511b,2021.07.16.18.06.21_veh-38_03231_03712,110,pdm_closed,83,83,0.0,2.47062421553649,4.462270305791829,10.902767785473669,1,71,0.0,2.470626421828116,4.470788766483414,10.92125993612588,1,74,0.0,2.4706260452964064,4.4635336266543515,10.905274219888136,1
848948ed6d5c511b,2021.07.16.18.06.21_veh-38_03231_03712,123,pdm_closed,78,78,0.0,1.4745820516715427,4.239066189049707,10.960678447103811,1,63,0.0,1.4745832605702593,4.27813274688549,11.064510299082857,1,69,0.0,1.4745820516715427,4.270163921605284,11.042243873647042,1
848948ed6d5c511b,2021.07.16.18.06.21_veh-38_03231_03712,137,pdm_closed,79,79,0.0,1.4736556064445148,4.271659475250125,11.059083584421062,1,67,0.0,1.4736556064445148,4.275636079864867,11.068815939116995,1,71,0.0,1.4736556064445148,4.271659475250125,11.059083584421062,1
848948ed6d5c511b,2021.07.16.18.06.21_veh-38_03231_03712,150,pdm_closed,80,80,0.0,0.47432170528144124,4.577974006602948,10.920045318638207,1,67,0.0,0.4743253017434123,4.586348026820795,10.937175474684228,1,73,0.0,0.474323114468669,4.582971922622708,10.9303135957863,1
848948ed6d5c511b,2021.07.16.18.06.21_veh-38_03231_03712,163,pdm_closed,79,79,0.0,1.4706437428779506,4.22820975134579,10.77061935046977,1,68,0.0,1.4706437428779506,4.232456846521441,10.80459611187499,1,70,0.0,1.4706437428779506,4.232456846521441,10.80459611187499,1
848948ed6d5c511b,2021.07.16.18.06.21_veh-38_03231_03712,176,pdm_closed,78,78,0.0,1.465465992064433,4.224729476304791,10.750718561703591,1,66,0.0,1.465465992064433,4.280952571950403,11.067767357712482,1,69,0.0,1.465465992064433,4.280952571950403,11.067767357712482,1
848948ed6d5c511b,2021.07.16.18.06.21_veh-38_03231_03712,190,pdm_closed,78,78,0.0,0.4688501246269661,4.531019051313805,10.562847588688145,1,66,0.0,1.468760569197468,4.239950011279262,10.739429104103944,1,73,0.0,0.4688501246269661,4.531019051313805,10.562847588688145,1
848948ed6d5c511b,2021.07.16.18.06.21_veh-38_03231_03712,203,pdm_closed,79,79,0.0,0.45191906027639484,4.325690750128007,9.470757525679595,1,67,0.0,1.4518569572914588,4.022791487580788,9.584539537873578,1,71,0.0,0.45191906027639484,4.325690750128007,9.470757525679595,1
848948ed6d5c511b,2021.07.16.18.06.21_veh-38_03231_03712,216,pdm_closed,78,78,0.0,0.4481884979242386,3.7988307549977254,7.453927496983197,1,66,0.0,1.4481811171356505,3.4800526218365513,7.4958721730662035,1,71,0.0,1.4481811171356505,3.4800526218365513,7.4958721730662035,1
848948ed6d5c511b,2021.07.16.18.06.21_veh-38_03231_03712,230,pdm_closed,77,77,0.0,1.1869681062327009,2.3667874258597426,4.254056945939908,1,64,0.0,1.1869681062327009,2.3667874258597426,4.254056945939908,1,68,0.0,1.1869681062327009,2.3667874258597426,4.254056945939908,1
848948ed6d5c511b,2021.07.16.18.06.21_veh-38_03231_03712,243,pdm_closed,77,77,0.0,1.1601237947532526,0.7103522404049767,0.41035538189880605,1,65,0.0,1.1601237947532526,0.7103522404049767,0.41035538189880605,1,71,0.0,1.1601237947532526,0.7103522404049767,0.41035538189880605,1
848948ed6d5c511b,2021.07.16.18.06.21_veh-38_03231_03712,256,pdm_closed,71,71,0.0,1.1405080953546833,1.6413710145666098,4.116894810820056,1,58,0.0,1.1405080953546833,1.6413710145666098,4.116894810820056,1,60,0.0,1.1405080953546833,1.6413710145666098,4.116894810820056,1
848948ed6d5c511b,2021.07.16.18.06.21_veh-38_03231_03712,270,pdm_closed,75,75,0.0,2.1439486503142557,3.2760322742282657,6.536588176410998,1,63,0.0,2.1439486503142557,3.2760322742282657,6.536588176410998,1,68,0.0,2.1439486503142557,3.2760322742282657,6.536588176410998,1
848948ed6d5c511b,2021.07.16.18.06.21_veh-38_03231_03712,283,pdm_closed,76,76,0.0,1.155789483939672,3.1567682925100087,7.080857997253678,1,60,0.0,1.155789483939672,3.1567682925100087,7.080857997253678,1,66,0.0,1.155789483939672,3.1567682925100087,7.080857997253678,1
848948ed6d5c511b,2021.07.16.18.06.21_veh-38_03231_03712,296,pdm_closed,75,75,1.0,0.0,7.657776548531402,17.321812340779587,1,60,1.0,0.0,7.657776548531402,17.321812340779587,1,65,1.0,0.0,7.657776548531402,17.321812340779587,1
848948ed6d5c511b,2021.07.16.18.06.21_veh-38_03231_03712,310,pdm_closed,79,79,1.0,0.0,9.484557062950584,20.656352244616446,1,66,1.0,0.0,9.484557062950584,20.656352244616446,1,70,1.0,0.0,9.484557062950584,20.656352244616446,1
88e8cefccbc255ec,2021.08.17.16.57.11_veh-08_01200_01636,4,pdm_closed,25,25,0.0,1.1410851694522188,4.806969714136452,11.396066996654813,1,24,0.0,1.1410851694522188,4.806969714136452,11.396066996654813,1,24,0.0,1.1410851694522188,4.806969714136452,11.396066996654813,1
88e8cefccbc255ec,2021.08.17.16.57.11_veh-08_01200_01636,17,pdm_closed,24,24,1.0,0.0,7.038909247014747,16.907765195273782,1,23,1.0,0.0,7.038909247014747,16.907765195273782,1,23,1.0,0.0,7.038909247014747,16.907765195273782,1
88e8cefccbc255ec,2021.08.17.16.57.11_veh-08_01200_01636,30,pdm_closed,16,16,1.0,0.0,6.734314851016922,15.795586679575194,1,14,1.0,0.0,6.734314851016922,15.795586679575194,1,16,1.0,0.0,6.734314851016922,15.795586679575194,1
88e8cefccbc255ec,2021.08.17.16.57.11_veh-08_01200_01636,43,pdm_closed,15,15,1.0,0.0,6.653752759352507,14.691409132422342,1,13,1.0,0.0,6.653752759352507,14.691409132422342,1,14,1.0,0.0,6.653752759352507,14.691409132422342,1
88e8cefccbc255ec,2021.08.17.16.57.11_veh-08_01200_01636,57,pdm_closed,14,14,0.0,5.7300586403080915,6.737001430880028,13.731401448039984,1,13,0.0,5.7300586403080915,6.737001430880028,13.731401448039984,1,13,0.0,5.7300586403080915,6.737001430880028,13.731401448039984,1
88e8cefccbc255ec,2021.08.17.16.57.11_veh-08_01200_01636,70,pdm_closed,11,11,0.0,5.513654460749005,7.36209202693164,18.074309740198046,1,11,0.0,5.513654460749005,7.36209202693164,18.074309740198046,1,11,0.0,5.513654460749005,7.36209202693164,18.074309740198046,1
88e8cefccbc255ec,2021.08.17.16.57.11_veh-08_01200_01636,83,pdm_closed,15,15,0.0,5.498180483168499,7.77055966950199,18.904700743572608,1,12,0.0,5.498180483168499,7.77055966950199,18.904700743572608,1,13,0.0,5.498180483168499,7.77055966950199,18.904700743572608,1
88e8cefccbc255ec,2021.08.17.16.57.11_veh-08_01200_01636,96,pdm_closed,13,13,0.0,2.5385640853577858,8.233840027055969,19.040096530166434,1,10,0.0,2.5385640853577858,8.233840027055969,19.040096530166434,1,11,0.0,2.5385640853577858,8.233840027055969,19.040096530166434,1
88e8cefccbc255ec,2021.08.17.16.57.11_veh-08_01200_01636,110,pdm_closed,13,13,0.0,0.7747306724199284,7.517132109156818,17.906849873761917,1,8,0.0,0.7747306724199284,7.517132109156818,17.906849873761917,1,10,0.0,0.7747306724199284,7.517132109156818,17.906849873761917,1
88e8cefccbc255ec,2021.08.17.16.57.11_veh-08_01200_01636,123,pdm_closed,14,14,0.0,1.329202402047855,7.432286363546659,17.495185361493466,1,11,0.0,1.329202402047855,7.432286363546659,17.495185361493466,1,12,0.0,1.329202402047855,7.432286363546659,17.495185361493466,1
88e8cefccbc255ec,2021.08.17.16.57.11_veh-08_01200_01636,136,pdm_closed,15,15,0.0,1.9637651891312573,6.790305273887604,15.689872768434121,1,12,0.0,1.9637651891312573,6.790305273887604,15.689872768434121,1,13,0.0,1.9637651891312573,6.790305273887604,15.689872768434121,1
88e8cefccbc255ec,2021.08.17.16.57.11_veh-08_01200_01636,149,pdm_closed,17,17,0.0,1.6624438477391656,5.761744652268778,14.256665529650263,1,13,0.0,1.6624438477391656,5.761744652268778,14.256665529650263,1,14,0.0,1.6624438477391656,5.761744652268778,14.256665529650263,1
88e8cefccbc255ec,2021.08.17.16.57.11_veh-08_01200_01636,163,pdm_closed,15,15,0.0,0.03275657008020907,5.1086168139792125,11.2235899417074,1,12,0.0,0.03275657008020907,5.1086168139792125,11.2235899417074,1,13,0.0,0.03275657008020907,5.1086168139792125,11.2235899417074,1
88e8cefccbc255ec,2021.08.17.16.57.11_veh-08_01200_01636,176,pdm_closed,16,16,0.0,1.0443057655005459,1.9487841354538538,4.930244287071371,1,14,0.0,0.032398813592165135,5.183567427811916,10.945622318709828,1,14,0.0,0.032398813592165135,5.183567427811916,10.945622318709828,1
88e8cefccbc255ec,2021.08.17.16.57.11_veh-08_01200_01636,189,pdm_closed,17,17,0.0,0.02247616139054522,1.7975650830881698,0.9610007032736018,1,14,0.0,0.014363090011020537,5.051361465942659,11.295525622205766,1,16,0.0,0.02247616139054522,1.7975650830881698,0.9610007032736018,1
88e8cefccbc255ec,2021.08.17.16.57.11_veh-08_01200_01636,202,pdm_closed,18,18,0.0,0.0378163278555813,4.2544522742001565,9.676350725925534,1,17,0.0,0.0378163278555813,4.2544522742001565,9.676350725925534,1,18,0.0,0.0378163278555813,4.2544522742001565,9.676350725925534,1
88e8cefccbc255ec,2021.08.17.16.57.11_veh-08_01200_01636,216,pdm_closed,19,19,0.0,4.064237058186218,3.462240740872079,8.377518931638104,1,18,0.0,4.064237058186218,3.462240740872079,8.377518931638104,1,19,0.0,4.064237058186218,3.462240740872079,8.377518931638104,1
88e8cefccbc255ec,2021.08.17.16.57.11_veh-08_01200_01636,229,pdm_closed,19,19,0.0,4.134263929529999,3.1340493962456777,7.322720175851115,1,17,0.0,4.134263929529999,3.1340493962456777,7.322720175851115,1,19,0.0,4.134263929529999,3.1340493962456777,7.322720175851115,1
88e8cefccbc255ec,2021.08.17.16.57.11_veh-08_01200_01636,242,pdm_closed,18,18,0.0,5.5307712519507035,2.5824960218586694,5.386572686281074,1,17,0.0,5.5307712519507035,2.5824960218586694,5.386572686281074,1,17,0.0,5.5307712519507035,2.5824960218586694,5.386572686281074,1
88e8cefccbc255ec,2021.08.17.16.57.11_veh-08_01200_01636,255,pdm_closed,17,17,0.0,4.38450507012844,2.9089398633620456,6.409681388484526,1,16,0.0,4.38450507012844,2.9089398633620456,6.409681388484526,1,16,0.0,4.38450507012844,2.9089398633620456,6.409681388484526,1
88e8cefccbc255ec,2021.08.17.16.57.11_veh-08_01200_01636,269,pdm_closed,17,17,0.0,6.808516879445136,7.093163389162491,15.389919578136887,1,17,0.0,6.808516879445136,7.093163389162491,15.389919578136887,1,17,0.0,6.808516879445136,7.093163389162491,15.389919578136887,1
88e8cefccbc255ec,2021.08.17.16.57.11_veh-08_01200_01636,282,pdm_closed,19,19,0.0,5.1105253261369485,7.666897471165549,16.70895834072943,1,19,0.0,5.1105253261369485,7.666897471165549,16.70895834072943,1,19,0.0,5.1105253261369485,7.666897471165549,16.70895834072943,1
88e8cefccbc255ec,2021.08.17.16.57.11_veh-08_01200_01636,295,pdm_closed,15,15,0.0,3.847639753062455,1.2753023226027749,3.323961217665843,1,14,0.0,3.847639753062455,1.2753023226027749,3.323961217665843,1,14,0.0,3.847639753062455,1.2753023226027749,3.323961217665843,1
88e8cefccbc255ec,2021.08.17.16.57.11_veh-08_01200_01636,309,pdm_closed,14,14,0.0,4.913998840575851,1.526845914090423,3.87351793337449,1,14,0.0,4.913998840575851,1.526845914090423,3.87351793337449,1,14,0.0,4.913998840575851,1.526845914090423,3.87351793337449,1
8d33c13f8e8f5caa,2021.08.17.17.17.01_veh-45_02314_02798,4,pdm_closed,46,46,0.0,4.259496611340476,1.8976608050760697,4.152330155021014,1,37,0.0,1.3602775667318734,3.875558393470739,11.011355188340566,1,40,0.0,1.3602775667318734,3.875558393470739,11.011355188340566,1
8d33c13f8e8f5caa,2021.08.17.17.17.01_veh-45_02314_02798,17,pdm_closed,44,44,0.0,2.588358328956103,4.82082608752242,8.761967163744414,1,38,0.0,2.588358328956103,4.82082608752242,8.761967163744414,1,39,0.0,2.588358328956103,4.82082608752242,8.761967163744414,1
8d33c13f8e8f5caa,2021.08.17.17.17.01_veh-45_02314_02798,30,pdm_closed,41,41,0.0,0.7207174843273173,5.277002311621814,10.922088152908943,1,33,0.0,0.6784334640390806,6.567757399776556,15.408083404348414,1,38,0.0,0.7207174843273173,5.277002311621814,10.922088152908943,1
8d33c13f8e8f5caa,2021.08.17.17.17.01_veh-45_02314_02798,43,pdm_closed,39,39,0.0,1.7257977017892578,6.777301623129836,12.689138443798312,1,31,0.0,0.6946380097804891,7.575616445438582,17.2311197443894,1,36,0.0,1.7257977017892578,6.777301623129836,12.689138443798312,1
8d33c13f8e8f5caa,2021.08.17.17.17.01_veh-45_02314_02798,57,pdm_closed,41,41,0.0,3.513382633108331,3.2294771301076564,3.250192643953162,1,34,0.0,3.513382633713772,3.2270050505826853,3.250323920344613,1,36,0.0,3.513382633713772,3.2270050505826853,3.250323920344613,1
8d33c13f8e8f5caa,2021.08.17.17.17.01_veh-45_02314_02798,70,pdm_closed,40,40,0.0,3.5450159898458984,3.2701192211907246,3.694618166027312,1,32,0.0,3.5450159898458984,3.2701192211907246,3.694618166027312,1,32,0.0,3.5450159898458984,3.2701192211907246,3.694618166027312,1
8d33c13f8e8f5caa,2021.08.17.17.17.01_veh-45_02314_02798,83,pdm_closed,40,40,0.0,3.2922247174155825,3.5656305361668643,4.702572376577971,1,33,0.0,3.2922247174155825,3.5656305361668643,4.702572376577971,1,37,0.0,3.2922247174155825,3.5656305361668643,4.702572376577971,1
8d33c13f8e8f5caa,2021.08.17.17.17.01_veh-45_02314_02798,96,pdm_closed,41,41,0.0,1.7292305734934437,4.054054696498408,5.961061486377509,1,34,0.0,1.7292305734934437,4.054054696498408,5.961061486377509,1,37,0.0,1.7292305734934437,4.054054696498408,5.961061486377509,1
8d33c13f8e8f5caa,2021.08.17.17.17.01_veh-45_02314_02798,110,pdm_closed,39,39,0.0,0.7462183328637134,4.613768666069913,7.1321827997266665,1,33,0.0,0.7462183328637134,4.613768666069913,7.1321827997266665,1,35,0.0,0.7462183328637134,4.613768666069913,7.1321827997266665,1
8d33c13f8e8f5caa,2021.08.17.17.17.01_veh-45_02314_02798,123,pdm_closed,41,41,1.0,0.0,4.9428429811546355,7.751830797329441,1,34,1.0,0.0,4.9428429811546355,7.751830797329441,1,39,1.0,0.0,4.9428429811546355,7.751830797329441,1
8d33c13f8e8f5caa,2021.08.17.17.17.01_veh-45_02314_02798,136,pdm_closed,41,41,1.0,0.0,4.9879604277448415,7.852774157692669,1,34,1.0,0.0,4.9879604277448415,7.852774157692669,1,37,1.0,0.0,4.9879604277448415,7.852774157692669,1
8d33c13f8e8f5caa,2021.08.17.17.17.01_veh-45_02314_02798,149,pdm_closed,39,39,1.0,0.0,4.952570167777012,7.797282251381426,1,32,1.0,0.0,4.952570167777012,7.797282251381426,1,35,1.0,0.0,4.952570167777012,7.797282251381426,1
8d33c13f8e8f5caa,2021.08.17.17.17.01_veh-45_02314_02798,163,pdm_closed,38,38,1.0,0.0,3.620050999991049,5.352528871445872,1,32,1.0,0.0,3.620050999991049,5.352528871445872,1,33,1.0,0.0,3.620050999991049,5.352528871445872,1
8d33c13f8e8f5caa,2021.08.17.17.17.01_veh-45_02314_02798,176,pdm_closed,39,39,1.0,0.0,3.5427072818743017,5.279982366693058,1,32,1.0,0.0,3.5427072818743017,5.279982366693058,1,35,1.0,0.0,3.5427072818743017,5.279982366693058,1
8d33c13f8e8f5caa,2021.08.17.17.17.01_veh-45_02314_02798,189,pdm_closed,38,38,1.0,0.0,3.2965067457225503,5.047340911028256,1,31,1.0,0.0,3.2965067457225503,5.047340911028256,1,34,1.0,0.0,3.2965067457225503,5.047340911028256,1
8d33c13f8e8f5caa,2021.08.17.17.17.01_veh-45_02314_02798,202,pdm_closed,38,38,0.0,1.911099876209476,3.3050856337307275,5.0712661198614235,1,34,0.0,1.911099876209476,3.3050856337307275,5.0712661198614235,1,36,0.0,1.911099876209476,3.3050856337307275,5.0712661198614235,1
8d33c13f8e8f5caa,2021.08.17.17.17.01_veh-45_02314_02798,216,pdm_closed,37,37,0.0,1.7775567173632976,3.567395632939579,5.324001128512191,1,30,0.0,1.7775567173632976,3.567395632939579,5.324001128512191,1,33,0.0,1.7775567173632976,3.567395632939579,5.324001128512191,1
8d33c13f8e8f5caa,2021.08.17.17.17.01_veh-45_02314_02798,229,pdm_closed,37,37,1.0,0.0,3.5609479933484462,5.308269816019283,1,32,1.0,0.0,3.5609479933484462,5.308269816019283,1,34,1.0,0.0,3.5609479933484462,5.308269816019283,1
8d33c13f8e8f5caa,2021.08.17.17.17.01_veh-45_02314_02798,242,pdm_closed,38,38,1.0,0.0,3.5556701518982874,5.293726898246166,1,32,0.0,0.1689797618299439,5.853679144771542,11.566835810616057,1,35,1.0,0.0,3.5556701518982874,5.293726898246166,1
8d33c13f8e8f5caa,2021.08.17.17.17.01_veh-45_02314_02798,255,pdm_closed,37,37,1.0,0.0,3.5643947745332873,5.319577180404674,1,32,1.0,0.0,3.5643947745332873,5.319577180404674,1,35,1.0,0.0,3.5643947745332873,5.319577180404674,1
8d33c13f8e8f5caa,2021.08.17.17.17.01_veh-45_02314_02798,269,pdm_closed,37,37,1.0,0.0,3.56177133022388,5.312543060529689,1,33,1.0,0.0,3.56177133022388,5.312543060529689,1,37,1.0,0.0,3.56177133022388,5.312543060529689,1
8d33c13f8e8f5caa,2021.08.17.17.17.01_veh-45_02314_02798,282,pdm_closed,40,40,1.0,0.0,3.5515982212735575,5.291154919579578,1,33,1.0,0.0,3.5515982212735575,5.291154919579578,1,38,1.0,0.0,3.5515982212735575,5.291154919579578,1
8d33c13f8e8f5caa,2021.08.17.17.17.01_veh-45_02314_02798,295,pdm_closed,41,41,1.0,0.0,3.4626885514592622,5.206977635041922,1,35,1.0,0.0,3.4626885514592622,5.206977635041922,1,37,1.0,0.0,3.4626885514592622,5.206977635041922,1
8d33c13f8e8f5caa,2021.08.17.17.17.01_veh-45_02314_02798,309,pdm_closed,41,41,1.0,0.0,3.084550806322507,4.711350568507236,1,38,1.0,0.0,3.084550806322507,4.711350568507236,1,36,1.0,0.0,3.084550806322507,4.711350568507236,1
9175923fda5c5dda,2021.08.17.17.17.01_veh-45_02314_02798,4,pdm_closed,29,29,0.0,1.8001203582312308,1.1976801762735796,1.3122347760777067,1,24,0.0,1.8001203582312308,1.1976801762735796,1.3122347760777067,1,28,0.0,1.8001203582312308,1.1976801762735796,1.3122347760777067,1
9175923fda5c5dda,2021.08.17.17.17.01_veh-45_02314_02798,17,pdm_closed,29,29,0.0,1.7908666825759574,1.1977075468174863,1.3123183813729191,1,25,0.0,1.7908666825759574,1.1977075468174863,1.3123183813729191,1,26,0.0,1.7908666825759574,1.1977075468174863,1.3123183813729191,1
9175923fda5c5dda,2021.08.17.17.17.01_veh-45_02314_02798,30,pdm_closed,29,29,0.0,1.7972670947214504,1.1977141803545868,1.3123178417425845,1,25,0.0,1.7972670947214504,1.1977141803545868,1.3123178417425845,1,27,0.0,1.7972670947214504,1.1977141803545868,1.3123178417425845,1
9175923fda5c5dda,2021.08.17.17.17.01_veh-45_02314_02798,43,pdm_closed,27,27,0.0,1.8016288600385248,1.1977205438311915,1.3123237178085867,1,25,0.0,1.8016288600385248,1.1977205438311915,1.3123237178085867,1,26,0.0,1.8016288600385248,1.1977205438311915,1.3123237178085867,1
9175923fda5c5dda,2021.08.17.17.17.01_veh-45_02314_02798,57,pdm_closed,27,27,0.0,1.79630852394064,1.197762978916304,1.3123661287203041,1,21,0.0,1.79630852394064,1.197762978916304,1.3123661287203041,1,25,0.0,1.79630852394064,1.197762978916304,1.3123661287203041,1
9175923fda5c5dda,2021.08.17.17.17.01_veh-45_02314_02798,70,pdm_closed,27,27,0.0,1.8013557093783528,1.1977902380403043,1.3123797233076422,1,22,0.0,1.8013557093783528,1.1977902380403043,1.3123797233076422,1,26,0.0,1.8013557093783528,1.1977902380403043,1.3123797233076422,1
9175923fda5c5dda,2021.08.17.17.17.01_veh-45_02314_02798,83,pdm_closed,28,28,0.0,1.8075471835668633,1.1978015156076036,1.312340613034598,1,23,0.0,1.8075471835668633,1.1978015156076036,1.312340613034598,1,23,0.0,1.8075471835668633,1.1978015156076036,1.312340613034598,1
9175923fda5c5dda,2021.08.17.17.17.01_veh-45_02314_02798,96,pdm_closed,27,27,0.0,1.802536911525049,1.1978046393643416,1.3123844799761106,1,23,0.0,1.802536911525049,1.1978046393643416,1.3123844799761106,1,24,0.0,1.802536911525049,1.1978046393643416,1.3123844799761106,1
9175923fda5c5dda,2021.08.17.17.17.01_veh-45_02314_02798,110,pdm_closed,28,28,0.0,1.8000383504446873,1.1978127604541187,1.3123568784716284,1,23,0.0,1.8000383504446873,1.1978127604541187,1.3123568784716284,1,23,0.0,1.8000383504446873,1.1978127604541187,1.3123568784716284,1
9175923fda5c5dda,2021.08.17.17.17.01_veh-45_02314_02798,123,pdm_closed,29,29,0.0,1.8073641422593638,1.1978026213282489,1.3123063883954802,1,23,0.0,1.8073641422593638,1.1978026213282489,1.3123063883954802,1,25,0.0,1.8073641422593638,1.1978026213282489,1.3123063883954802,1
9175923fda5c5dda,2021.08.17.17.17.01_veh-45_02314_02798,136,pdm_closed,28,28,0.0,1.797009048245222,1.1977993050683247,1.312308550036996,1,23,0.0,1.797009048245222,1.1977993050683247,1.312308550036996,1,26,0.0,1.797009048245222,1.1977993050683247,1.312308550036996,1
9175923fda5c5dda,2021.08.17.17.17.01_veh-45_02314_02798,149,pdm_closed,29,29,0.0,1.788370977585176,1.1978031860649676,1.3122772826275737,1,24,0.0,1.788370977585176,1.1978031860649676,1.3122772826275737,1,27,0.0,1.788370977585176,1.1978031860649676,1.3122772826275737,1
9175923fda5c5dda,2021.08.17.17.17.01_veh-45_02314_02798,163,pdm_closed,29,29,0.0,1.7990756314705547,1.1972042576023432,1.3076655063783886,1,23,0.0,1.7990756314705547,1.1972042576023432,1.3076655063783886,1,28,0.0,1.7990756314705547,1.1972042576023432,1.3076655063783886,1
9175923fda5c5dda,2021.08.17.17.17.01_veh-45_02314_02798,176,pdm_closed,31,31,0.0,1.779600882211947,1.1903106302188946,1.25890876418323,1,26,0.0,1.779600882211947,1.1903106302188946,1.25890876418323,1,29,0.0,1.779600882211947,1.1903106302188946,1.25890876418323,1
9175923fda5c5dda,2021.08.17.17.17.01_veh-45_02314_02798,189,pdm_closed,31,31,0.0,1.7798345609947417,1.150027505633263,1.036952839332777,1,23,0.0,1.7798345609947417,1.150027505633263,1.036952839332777,1,28,0.0,1.7798345609947417,1.150027505633263,1.036952839332777,1
9175923fda5c5dda,2021.08.17.17.17.01_veh-45_02314_02798,202,pdm_closed,31,31,0.0,1.716430749834933,1.1800239639210757,1.5838030431244894,1,25,0.0,1.716430749834933,1.1800239639210757,1.5838030431244894,1,28,0.0,1.716430749834933,1.1800239639210757,1.5838030431244894,1
9175923fda5c5dda,2021.08.17.17.17.01_veh-45_02314_02798,216,pdm_closed,32,32,0.0,1.2407988767355393,1.5200463703459812,3.4531970376515546,1,26,0.0,1.2407988767355393,1.5200463703459812,3.4531970376515546,1,29,0.0,1.2407988767355393,1.5200463703459812,3.4531970376515546,1
9175923fda5c5dda,2021.08.17.17.17.01_veh-45_02314_02798,229,pdm_closed,31,31,1.0,0.0,2.237892284573438,5.808222522833301,1,25,1.0,0.0,2.237892284573438,5.808222522833301,1,29,1.0,0.0,2.237892284573438,5.808222522833301,1
9175923fda5c5dda,2021.08.17.17.17.01_veh-45_02314_02798,242,pdm_closed,29,29,1.0,0.0,3.423110158354057,8.477962422596741,1,23,1.0,0.0,3.423110158354057,8.477962422596741,1,27,1.0,0.0,3.423110158354057,8.477962422596741,1
9175923fda5c5dda,2021.08.17.17.17.01_veh-45_02314_02798,255,pdm_closed,29,29,1.0,0.0,5.061264341013107,11.234263030409107,1,23,1.0,0.0,5.061264341013107,11.234263030409107,1,24,1.0,0.0,5.061264341013107,11.234263030409107,1
9175923fda5c5dda,2021.08.17.17.17.01_veh-45_02314_02798,269,pdm_closed,33,33,0.0,1.6303194566608068,1.0157586407223183,0.9995125023966206,1,26,0.0,1.6303194566608068,1.0157586407223183,0.9995125023966206,1,30,0.0,1.6303194566608068,1.0157586407223183,0.9995125023966206,1
9175923fda5c5dda,2021.08.17.17.17.01_veh-45_02314_02798,282,pdm_closed,36,36,0.0,1.6741189596854433,1.2261275455876668,2.781158543346279,1,28,0.0,1.6741189596854433,1.2261275455876668,2.781158543346279,1,33,0.0,1.6741189596854433,1.2261275455876668,2.781158543346279,1
9175923fda5c5dda,2021.08.17.17.17.01_veh-45_02314_02798,295,pdm_closed,36,36,0.0,1.637048032121262,1.7478357602531789,4.250705158696703,1,30,0.0,1.637048032121262,1.7478357602531789,4.250705158696703,1,34,0.0,1.637048032121262,1.7478357602531789,4.250705158696703,1
9175923fda5c5dda,2021.08.17.17.17.01_veh-45_02314_02798,309,pdm_closed,37,37,0.0,1.7273996131613754,2.2315652074373613,4.918919466598815,1,32,0.0,1.7273996131613754,2.2315652074373613,4.918919466598815,1,36,0.0,1.7273996131613754,2.2315652074373613,4.918919466598815,1
95ac533247e851a2,2021.05.12.22.00.38_veh-35_01008_01518,4,pdm_closed,242,242,0.0,4.209009363483681,1.54123226594452,3.689692243662198,1,211,0.0,4.209009363483681,1.54123226594452,3.689692243662198,1,218,0.0,4.209009363483681,1.54123226594452,3.689692243662198,1
95ac533247e851a2,2021.05.12.22.00.38_veh-35_01008_01518,17,pdm_closed,230,230,0.0,2.7865426468013474,1.4904687729436012,3.7194276431369713,1,201,0.0,2.7865426468013474,1.4904687729436012,3.7194276431369713,1,216,0.0,2.7865426468013474,1.4904687729436012,3.7194276431369713,1
95ac533247e851a2,2021.05.12.22.00.38_veh-35_01008_01518,30,pdm_closed,218,218,0.0,1.8657173316246498,1.6879528224435014,3.969985329910128,1,184,0.0,4.633208115364535,3.668109347618909,9.544744795699494,1,203,0.0,3.7624013650623245,3.524891824635175,8.113628392674608,1
95ac533247e851a2,2021.05.12.22.00.38_veh-35_01008_01518,43,pdm_closed,203,203,0.0,1.3931636374991687,2.0967321115592807,4.803906923830666,1,169,0.0,3.1969225254812628,3.831688699016424,9.707931019052701,1,183,0.0,2.9026168291999555,3.2857228754768633,8.043376271675225,1
95ac533247e851a2,2021.05.12.22.00.38_veh-35_01008_01518,57,pdm_closed,193,193,0.0,1.150595585187998,2.183848283267122,5.393755385966638,1,163,0.0,1.150595585187998,2.183848283267122,5.393755385966638,1,176,0.0,1.150595585187998,2.183848283267122,5.393755385966638,1
95ac533247e851a2,2021.05.12.22.00.38_veh-35_01008_01518,70,pdm_closed,184,184,0.0,2.006259520084036,2.5458866406384306,5.598572694193611,1,158,0.0,1.08800666371033,3.053795803940025,8.348738146201711,1,164,0.0,1.08800666371033,3.053795803940025,8.348738146201711,1
95ac533247e851a2,2021.05.12.22.00.38_veh-35_01008_01518,83,pdm_closed,176,176,0.0,1.9469997313317609,2.461961442771047,5.281313047436317,1,162,0.0,1.9469997313317609,2.461961442771047,5.281313047436317,1,168,0.0,1.9469997313317609,2.461961442771047,5.281313047436317,1
95ac533247e851a2,2021.05.12.22.00.38_veh-35_01008_01518,97,pdm_closed,163,163,0.0,1.9348279243455058,2.6637557047044726,5.394958917754944,1,151,0.0,1.9348279243455058,2.6637557047044726,5.394958917754944,1,158,0.0,1.9348279243455058,2.6637557047044726,5.394958917754944,1
95ac533247e851a2,2021.05.12.22.00.38_veh-35_01008_01518,110,pdm_closed,160,160,0.0,1.9276697373632143,2.460805001275452,4.9274271577782205,1,148,0.0,1.9266708033743123,3.2224474509238794,7.134561323524544,1,158,0.0,1.9266708033743123,3.2224474509238794,7.134561323524544,1
95ac533247e851a2,2021.05.12.22.00.38_veh-35_01008_01518,123,pdm_closed,158,158,0.0,0.9373836087067354,1.5753588094555635,4.090188115700827,1,150,0.0,0.9373836087067354,1.5753588094555635,4.090188115700827,1,155,0.0,0.9373836087067354,1.5753588094555635,4.090188115700827,1
95ac533247e851a2,2021.05.12.22.00.38_veh-35_01008_01518,137,pdm_closed,159,159,0.0,0.9373360275523596,1.4018042414698069,3.8356825213448302,1,149,0.0,0.9373360275523596,1.4018042414698069,3.8356825213448302,1,154,0.0,0.9373360275523596,1.4018042414698069,3.8356825213448302,1
95ac533247e851a2,2021.05.12.22.00.38_veh-35_01008_01518,150,pdm_closed,159,159,0.0,0.9360412635365711,1.7467676781943005,4.330918415069058,1,154,0.0,0.9360412635365711,1.7467676781943005,4.330918415069058,1,157,0.0,0.9360412635365711,1.7467676781943005,4.330918415069058,1
95ac533247e851a2,2021.05.12.22.00.38_veh-35_01008_01518,163,pdm_closed,155,155,0.0,0.9395297455835513,2.3503337874452233,5.198635404996361,1,149,0.0,0.9395297455835513,2.3503337874452233,5.198635404996361,1,151,0.0,0.9395297455835513,2.3503337874452233,5.198635404996361,1
95ac533247e851a2,2021.05.12.22.00.38_veh-35_01008_01518,176,pdm_closed,148,148,0.0,1.169081890402971,2.4230539599594225,5.201464730079988,1,139,0.0,1.1588952298047797,3.8579942522511796,9.301338707492958,1,145,0.0,1.169081890402971,2.4230539599594225,5.201464730079988,1
95ac533247e851a2,2021.05.12.22.00.38_veh-35_01008_01518,190,pdm_closed,126,126,0.0,2.4867266116943623,2.0630915688264557,4.602659501065142,1,118,0.0,2.3613337920496638,3.3124173155412593,8.227595448810195,1,121,0.0,2.476629208492879,2.873554546197601,6.912087340073435,1
95ac533247e851a2,2021.05.12.22.00.38_veh-35_01008_01518,203,pdm_closed,111,111,0.0,4.261594441439758,1.6135156890502036,3.6815286028008347,1,104,0.0,4.261594441439758,1.6135156890502036,3.6815286028008347,1,107,0.0,4.261594441439758,1.6135156890502036,3.6815286028008347,1
95ac533247e851a2,2021.05.12.22.00.38_veh-35_01008_01518,216,pdm_closed,97,97,0.0,5.934900231436911,1.4209644848017293,3.0109726982188674,1,93,0.0,5.934900231436911,1.4209644848017293,3.0109726982188674,1,97,0.0,5.934900231436911,1.4209644848017293,3.0109726982188674,1
95ac533247e851a2,2021.05.12.22.00.38_veh-35_01008_01518,230,pdm_closed,88,88,0.0,6.443520107355624,1.3558355358343241,2.729171783122872,1,78,0.0,4.568093745378055,2.6477393718180444,6.44510900471892,1,82,0.0,5.815489741877528,2.213089191665244,5.162624244555043,1
95ac533247e851a2,2021.05.12.22.00.38_veh-35_01008_01518,243,pdm_closed,84,84,0.0,6.434659265292988,1.382806503879417,2.9355295058820863,1,75,0.0,4.143298268394025,2.6450084284083393,6.491502565578197,1,79,0.0,6.434659265292988,1.382806503879417,2.9355295058820863,1
95ac533247e851a2,2021.05.12.22.00.38_veh-35_01008_01518,256,pdm_closed,76,76,0.0,6.757249865735159,0.9780153235116512,2.738833855394767,1,70,0.0,4.183379598650764,2.0446849470241832,5.784155244804158,1,72,0.0,6.757249865735159,0.9780153235116512,2.738833855394767,1
95ac533247e851a2,2021.05.12.22.00.38_veh-35_01008_01518,270,pdm_closed,69,69,0.0,5.684652796890109,1.0350379602630144,3.2716017670240563,1,62,0.0,5.684652796890109,1.0350379602630144,3.2716017670240563,1,66,0.0,5.684652796890109,1.0350379602630144,3.2716017670240563,1
95ac533247e851a2,2021.05.12.22.00.38_veh-35_01008_01518,283,pdm_closed,66,66,0.0,3.4383815755175995,1.5340738627097317,4.224288376010116,1,59,0.0,3.4383815755175995,1.5340738627097317,4.224288376010116,1,61,0.0,3.4383815755175995,1.5340738627097317,4.224288376010116,1
95ac533247e851a2,2021.05.12.22.00.38_veh-35_01008_01518,296,pdm_closed,59,59,0.0,1.9332313585508583,1.9990974456969999,4.747685301339931,1,50,0.0,1.276760874575161,3.5555430034288413,8.853114962883629,1,56,0.0,1.9332313585508583,1.9990974456969999,4.747685301339931,1
95ac533247e851a2,2021.05.12.22.00.38_veh-35_01008_01518,310,pdm_closed,61,61,0.0,2.1525891913476527,2.245871752569494,4.816164325239253,1,51,0.0,2.1525891913476527,2.245871752569494,4.816164325239253,1,55,0.0,2.1525891913476527,2.245871752569494,4.816164325239253,1
9a05535281e759fb,2021.06.28.16.57.59_veh-26_00016_00484,4,pdm_closed,115,115,0.0,1.8238931970063883,1.4554000697874556,2.141495811870984,1,103,0.0,1.8238931970063883,1.4554000697874556,2.141495811870984,1,111,0.0,1.8238931970063883,1.4554000697874556,2.141495811870984,1
9a05535281e759fb,2021.06.28.16.57.59_veh-26_00016_00484,17,pdm_closed,119,119,0.0,0.8350480558065997,1.5001895944953973,1.9725300849363707,1,107,0.0,0.8350480558065997,1.5001895944953973,1.9725300849363707,1,114,0.0,0.8350480558065997,1.5001895944953973,1.9725300849363707,1
9a05535281e759fb,2021.06.28.16.57.59_veh-26_00016_00484,30,pdm_closed,121,121,0.0,2.8562636402259085,1.5480099776292902,1.8941088785987032,1,109,0.0,0.8589064781957773,1.2910389046861306,1.5867417373008863,1,114,0.0,2.8562636402259085,1.5480099776292902,1.8941088785987032,1
9a05535281e759fb,2021.06.28.16.57.59_veh-26_00016_00484,43,pdm_closed,125,125,0.0,3.407174310060125,1.4518400985112412,1.9967170475400389,1,113,0.0,2.4273539281550844,0.6789844116460281,0.9871240989917185,1,118,0.0,2.4273539281550844,0.6789844116460281,0.9871240989917185,1
9a05535281e759fb,2021.06.28.16.57.59_veh-26_00016_00484,57,pdm_closed,127,127,0.0,5.023824973531948,1.4292018296351954,2.113583674425916,1,115,0.0,5.023824973531948,1.4292018296351954,2.113583674425916,1,120,0.0,4.244550921271745,0.5185113727358168,0.83807292028369,1
9a05535281e759fb,2021.06.28.16.57.59_veh-26_00016_00484,70,pdm_closed,127,127,0.0,7.453259605419793,1.4285956527949715,2.2243787261408046,1,115,0.0,6.748373406629553,0.44767286610938306,0.8554177455169716,1,121,0.0,7.453259605419793,1.4285956527949715,2.2243787261408046,1
9a05535281e759fb,2021.06.28.16.57.59_veh-26_00016_00484,83,pdm_closed,127,127,0.0,9.808522212299389,1.4120863274584297,2.2625378208839746,1,114,0.0,9.777681733660032,0.4222167775681355,0.9254226935870762,1,119,0.0,9.777681733660032,0.4222167775681355,0.9254226935870762,1
9a05535281e759fb,2021.06.28.16.57.59_veh-26_00016_00484,97,pdm_closed,126,126,0.0,8.16904266155124,1.3881912574787294,2.2515546723093,1,116,0.0,9.178571933010657,0.41880569340938234,0.9378360011176572,1,119,0.0,8.16904266155124,1.3881912574787294,2.2515546723093,1
9a05535281e759fb,2021.06.28.16.57.59_veh-26_00016_00484,110,pdm_closed,132,132,0.0,9.102966091846978,0.9066533895184907,1.839857609104899,1,124,0.0,9.068220106674936,0.5147009029927143,0.8777342990253585,1,126,0.0,9.102966091846978,0.9066533895184907,1.839857609104899,1
9a05535281e759fb,2021.06.28.16.57.59_veh-26_00016_00484,123,pdm_closed,132,132,0.0,7.93664208080623,0.7346551523568096,1.3001376799264635,1,125,0.0,7.810704889098368,0.5056295616147333,0.6929779310264987,1,127,0.0,7.93664208080623,0.7346551523568096,1.3001376799264635,1
9a05535281e759fb,2021.06.28.16.57.59_veh-26_00016_00484,137,pdm_closed,135,135,0.0,7.713473319707167,0.46017873871697945,0.7015746758790744,1,129,0.0,7.713473319707167,0.46017873871697945,0.7015746758790744,1,131,0.0,7.713473319707167,0.46017873871697945,0.7015746758790744,1
9a05535281e759fb,2021.06.28.16.57.59_veh-26_00016_00484,150,pdm_closed,138,138,0.0,7.7170476882649695,0.539557871683146,0.9511155548252775,1,134,0.0,7.7170476882649695,0.539557871683146,0.9511155548252775,1,138,0.0,7.7170476882649695,0.539557871683146,0.9511155548252775,1
9a05535281e759fb,2021.06.28.16.57.59_veh-26_00016_00484,163,pdm_closed,140,140,0.0,7.732292107540166,0.7647450249907961,1.226407109108368,1,138,0.0,7.732292107540166,0.7647450249907961,1.226407109108368,1,139,0.0,7.732292107540166,0.7647450249907961,1.226407109108368,1
9a05535281e759fb,2021.06.28.16.57.59_veh-26_00016_00484,176,pdm_closed,144,144,0.0,5.555533212023364,0.9963902750794258,1.5612421964573526,1,140,0.0,5.555533212023364,0.9963902750794258,1.5612421964573526,1,142,0.0,5.555533212023364,0.9963902750794258,1.5612421964573526,1
9a05535281e759fb,2021.06.28.16.57.59_veh-26_00016_00484,190,pdm_closed,122,122,0.0,1.8941587027522102,1.0747631626141092,1.8584582979652773,1,118,0.0,1.8941587027522102,1.0747631626141092,1.8584582979652773,1,120,0.0,1.8941587027522102,1.0747631626141092,1.8584582979652773,1
9a05535281e759fb,2021.06.28.16.57.59_veh-26_00016_00484,203,pdm_closed,120,120,0.0,2.771937099549611,0.7709897975500452,1.954711840618819,1,114,0.0,2.771937099549611,0.7709897975500452,1.954711840618819,1,119,0.0,2.771937099549611,0.7709897975500452,1.954711840618819,1
9a05535281e759fb,2021.06.28.16.57.59_veh-26_00016_00484,216,pdm_closed,103,103,0.0,2.6688318527992227,0.9742822606716356,2.662946012241833,1,97,0.0,2.6688318527992227,0.9742822606716356,2.662946012241833,1,99,0.0,2.6688318527992227,0.9742822606716356,2.662946012241833,1
9a05535281e759fb,2021.06.28.16.57.59_veh-26_00016_00484,230,pdm_closed,95,95,0.0,2.197350574291441,1.522920680974093,3.8093588099694897,1,89,0.0,2.197350574291441,1.522920680974093,3.8093588099694897,1,90,0.0,2.197350574291441,1.522920680974093,3.8093588099694897,1
9a05535281e759fb,2021.06.28.16.57.59_veh-26_00016_00484,243,pdm_closed,92,92,0.0,2.651222620866203,2.0831044968158277,4.784998809427113,1,88,0.0,2.651222620866203,2.0831044968158277,4.784998809427113,1,90,0.0,2.651222620866203,2.0831044968158277,4.784998809427113,1
9a05535281e759fb,2021.06.28.16.57.59_veh-26_00016_00484,256,pdm_closed,82,82,0.0,2.305756392523246,1.4354273887840447,2.31100372721939,1,76,0.0,2.305756392523246,1.4354273887840447,2.31100372721939,1,79,0.0,2.305756392523246,1.4354273887840447,2.31100372721939,1
9a05535281e759fb,2021.06.28.16.57.59_veh-26_00016_00484,270,pdm_closed,71,71,0.0,1.765640641378559,1.4971149177090304,1.9908653049486138,1,65,0.0,1.765640641378559,1.4971149177090304,1.9908653049486138,1,67,0.0,1.765640641378559,1.4971149177090304,1.9908653049486138,1
9a05535281e759fb,2021.06.28.16.57.59_veh-26_00016_00484,283,pdm_closed,67,67,0.0,2.7038669161127897,0.9958431248592249,1.955507928319161,1,60,0.0,2.7038669161127897,0.9958431248592249,1.955507928319161,1,64,0.0,2.7038669161127897,0.9958431248592249,1.955507928319161,1
9a05535281e759fb,2021.06.28.16.57.59_veh-26_00016_00484,296,pdm_closed,60,60,0.0,2.825116038378112,0.9730841279409417,2.1206062220949153,1,54,0.0,2.825116038378112,0.9730841279409417,2.1206062220949153,1,58,0.0,2.825116038378112,0.9730841279409417,2.1206062220949153,1
9a05535281e759fb,2021.06.28.16.57.59_veh-26_00016_00484,310,pdm_closed,53,53,0.0,2.908935534859533,1.1169770242989898,2.439785008777339,1,44,0.0,2.9088976059264815,1.0416797184679691,2.3214857919296947,1,50,0.0,2.908935534859533,1.1169770242989898,2.439785008777339,1
9e459adbfed65132,2021.10.01.19.16.42_veh-28_03307_03808,4,pdm_closed,64,64,0.0,2.27827250020439,0.7943382636275333,1.2928583407109207,1,59,0.0,2.27827250020439,0.7943382636275333,1.2928583407109207,1,61,0.0,2.27827250020439,0.7943382636275333,1.2928583407109207,1
9e459adbfed65132,2021.10.01.19.16.42_veh-28_03307_03808,17,pdm_closed,66,66,0.0,1.1480898378673368,0.8486910694486458,1.9993726810071142,1,60,0.0,1.1480898378673368,0.8486910694486458,1.9993726810071142,1,63,0.0,1.1480898378673368,0.8486910694486458,1.9993726810071142,1
9e459adbfed65132,2021.10.01.19.16.42_veh-28_03307_03808,30,pdm_closed,63,63,1.0,0.0,1.1538522874557193,2.698247427578907,1,56,1.0,0.0,1.1538522874557193,2.698247427578907,1,57,1.0,0.0,1.1538522874557193,2.698247427578907,1
9e459adbfed65132,2021.10.01.19.16.42_veh-28_03307_03808,43,pdm_closed,66,66,1.0,0.0,1.8762078334054684,4.277333802525057,1,55,1.0,0.0,1.8762078334054684,4.277333802525057,1,62,1.0,0.0,1.8762078334054684,4.277333802525057,1
9e459adbfed65132,2021.10.01.19.16.42_veh-28_03307_03808,57,pdm_closed,70,70,1.0,0.0,3.077007413341253,6.641317841279979,1,57,1.0,0.0,3.077007413341253,6.641317841279979,1,63,1.0,0.0,3.077007413341253,6.641317841279979,1
9e459adbfed65132,2021.10.01.19.16.42_veh-28_03307_03808,70,pdm_closed,72,72,1.0,0.0,6.838418963101449,14.276874610451696,1,51,1.0,0.0,6.838418963101449,14.276874610451696,1,63,1.0,0.0,6.838418963101449,14.276874610451696,1
9e459adbfed65132,2021.10.01.19.16.42_veh-28_03307_03808,83,pdm_closed,71,71,1.0,0.0,8.560293619166584,18.085556592613536,1,48,1.0,0.0,8.560293619166584,18.085556592613536,1,60,1.0,0.0,8.560293619166584,18.085556592613536,1
9e459adbfed65132,2021.10.01.19.16.42_veh-28_03307_03808,96,pdm_closed,70,70,1.0,0.0,9.068786093943439,18.936398781128545,1,48,1.0,0.0,4.7423085296478735,9.526389839693595,1,58,1.0,0.0,4.7423085296478735,9.526389839693595,1
9e459adbfed65132,2021.10.01.19.16.42_veh-28_03307_03808,110,pdm_closed,72,72,1.0,0.0,5.333231074361152,10.344712010412836,1,49,1.0,0.0,5.333231074361152,10.344712010412836,1,61,1.0,0.0,5.333231074361152,10.344712010412836,1
9e459adbfed65132,2021.10.01.19.16.42_veh-28_03307_03808,123,pdm_closed,66,66,0.0,0.596157185399719,5.268602967077982,10.223578162467087,1,40,0.0,0.596157185399719,5.268602967077982,10.223578162467087,1,50,0.0,0.596157185399719,5.268602967077982,10.223578162467087,1
9e459adbfed65132,2021.10.01.19.16.42_veh-28_03307_03808,136,pdm_closed,67,67,0.0,0.8777536546691856,0.48707753814472604,0.5224281458432184,1,40,0.0,0.8777536546691856,0.48707753814472604,0.5224281458432184,1,51,0.0,0.8777536546691856,0.48707753814472604,0.5224281458432184,1
9e459adbfed65132,2021.10.01.19.16.42_veh-28_03307_03808,149,pdm_closed,60,60,0.0,1.1922924882945825,0.5827768668173228,1.5160817872707475,1,44,0.0,1.1922924882945825,0.5827768668173228,1.5160817872707475,1,52,0.0,1.1922924882945825,0.5827768668173228,1.5160817872707475,1
9e459adbfed65132,2021.10.01.19.16.42_veh-28_03307_03808,163,pdm_closed,63,63,0.0,1.2215615863519846,1.1905481475172568,4.0363534818702185,1,39,0.0,1.2215615863519846,1.1905481475172568,4.0363534818702185,1,46,0.0,1.2215615863519846,1.1905481475172568,4.0363534818702185,1
9e459adbfed65132,2021.10.01.19.16.42_veh-28_03307_03808,176,pdm_closed,66,66,0.0,1.279881457302341,2.306850162441444,7.0397537557384,1,38,0.0,1.279881457302341,2.306850162441444,7.0397537557384,1,53,0.0,1.279881457302341,2.306850162441444,7.0397537557384,1
9e459adbfed65132,2021.10.01.19.16.42_veh-28_03307_03808,189,pdm_closed,71,71,0.0,0.26200341798130816,4.107180283986213,10.617525127034826,1,45,0.0,0.26200341798130816,4.107180283986213,10.617525127034826,1,62,0.0,0.26200341798130816,4.107180283986213,10.617525127034826,1
9e459adbfed65132,2021.10.01.19.16.42_veh-28_03307_03808,202,pdm_closed,67,67,1.0,0.0,6.629236997287936,14.695544092450715,1,41,1.0,0.0,6.629236997287936,14.695544092450715,1,51,1.0,0.0,6.629236997287936,14.695544092450715,1
9e459adbfed65132,2021.10.01.19.16.42_veh-28_03307_03808,216,pdm_closed,67,67,1.0,0.0,8.204333573233281,18.519721869354566,1,44,1.0,0.0,8.204333573233281,18.519721869354566,1,57,1.0,0.0,8.204333573233281,18.519721869354566,1
9e459adbfed65132,2021.10.01.19.16.42_veh-28_03307_03808,229,pdm_closed,72,72,0.0,0.40180013442877016,3.5381982992645837,9.148575382186072,1,48,0.0,0.40180013442877016,3.5381982992645837,9.148575382186072,1,58,0.0,0.40180013442877016,3.5381982992645837,9.148575382186072,1
9e459adbfed65132,2021.10.01.19.16.42_veh-28_03307_03808,242,pdm_closed,79,79,1.0,0.0,8.321259914090787,18.793785931947244,1,50,1.0,0.0,8.321259914090787,18.793785931947244,1,63,1.0,0.0,8.321259914090787,18.793785931947244,1
9e459adbfed65132,2021.10.01.19.16.42_veh-28_03307_03808,255,pdm_closed,79,79,0.0,1.4092405305616305,3.8030427342676263,10.320251608696962,1,58,0.0,1.4092405305616305,3.8030427342676263,10.320251608696962,1,66,0.0,1.4092405305616305,3.8030427342676263,10.320251608696962,1
9e459adbfed65132,2021.10.01.19.16.42_veh-28_03307_03808,269,pdm_closed,81,81,0.0,1.3639735094343242,4.257215249508126,11.4056362900525,1,58,0.0,1.3639735094343242,4.257215249508126,11.4056362900525,1,70,0.0,1.3639735094343242,4.257215249508126,11.4056362900525,1
9e459adbfed65132,2021.10.01.19.16.42_veh-28_03307_03808,282,pdm_closed,77,77,0.0,1.3631702036079174,3.4312705158964443,8.172118631768432,1,56,0.0,1.3631702036079174,3.4312705158964443,8.172118631768432,1,64,0.0,1.3631857804031107,4.704174371660101,12.396869132151206,1
9e459adbfed65132,2021.10.01.19.16.42_veh-28_03307_03808,295,pdm_closed,76,76,0.0,1.3612165123109727,1.94425965693579,3.702988436209287,1,54,0.0,1.3685460263772347,2.5320753213918477,5.406253804234282,1,66,0.0,1.3612165123109727,1.94425965693579,3.702988436209287,1
9e459adbfed65132,2021.10.01.19.16.42_veh-28_03307_03808,309,pdm_closed,78,78,0.0,1.3739383437643486,1.7137336920166708,3.034401005547744,1,57,1.0,0.0,5.374768564153219,14.174233062474949,1,69,0.0,1.389002805375616,2.4514641325092783,5.093330186439443,1
a2a956641a6d5a7f,2021.06.08.16.31.33_veh-38_01589_02072,4,pdm_closed,135,135,0.0,0.17504537511343554,2.277766717849956,3.722794262808584,1,126,0.0,0.17504537511343554,2.277766717849956,3.722794262808584,1,130,0.0,0.17504537511343554,2.277766717849956,3.722794262808584,1
a2a956641a6d5a7f,2021.06.08.16.31.33_veh-38_01589_02072,17,pdm_closed,138,138,0.0,0.763225173841246,2.0392921387113168,3.646297096559238,1,131,0.0,0.763225173841246,2.0392921387113168,3.646297096559238,1,136,0.0,0.763225173841246,2.0392921387113168,3.646297096559238,1
a2a956641a6d5a7f,2021.06.08.16.31.33_veh-38_01589_02072,30,pdm_closed,138,138,0.0,0.1786408377045111,2.2812048286582534,3.731182929344976,1,128,0.0,0.1786408377045111,2.2812048286582534,3.731182929344976,1,131,0.0,0.1786408377045111,2.2812048286582534,3.731182929344976,1
a2a956641a6d5a7f,2021.06.08.16.31.33_veh-38_01589_02072,43,pdm_closed,137,137,0.0,0.17154512245689377,2.2826322740506115,3.7344205209880044,1,126,0.0,0.17154512245689377,2.2826322740506115,3.7344205209880044,1,129,0.0,0.17154512245689377,2.2826322740506115,3.7344205209880044,1
a2a956641a6d5a7f,2021.06.08.16.31.33_veh-38_01589_02072,57,pdm_closed,136,136,0.0,0.18010501461251108,2.2824378641871226,3.733320645577101,1,123,0.0,0.18010501461251108,2.2824378641871226,3.733320645577101,1,129,0.0,0.18010501461251108,2.2824378641871226,3.733320645577101,1
a2a956641a6d5a7f,2021.06.08.16.31.33_veh-38_01589_02072,70,pdm_closed,134,134,0.0,0.17622187628964905,2.2792753557644456,3.726635685865655,1,121,0.0,0.17622187628964905,2.2792753557644456,3.726635685865655,1,127,0.0,0.17622187628964905,2.2792753557644456,3.726635685865655,1
a2a956641a6d5a7f,2021.06.08.16.31.33_veh-38_01589_02072,83,pdm_closed,135,135,0.0,0.18438982861528924,2.280066785933511,3.727836038200623,1,119,0.0,0.18438982861528924,2.280066785933511,3.727836038200623,1,126,0.0,0.18438982861528924,2.280066785933511,3.727836038200623,1
a2a956641a6d5a7f,2021.06.08.16.31.33_veh-38_01589_02072,96,pdm_closed,138,138,0.0,0.7480697205177388,2.0346971039507533,3.6359882054623784,1,121,0.0,0.7480697205177388,2.0346971039507533,3.6359882054623784,1,129,0.0,0.7480697205177388,2.0346971039507533,3.6359882054623784,1
a2a956641a6d5a7f,2021.06.08.16.31.33_veh-38_01589_02072,110,pdm_closed,139,139,0.0,0.18459291179330437,2.2794074070122763,3.726078803014827,1,119,0.0,0.18459291179330437,2.2794074070122763,3.726078803014827,1,130,0.0,0.18459291179330437,2.2794074070122763,3.726078803014827,1
a2a956641a6d5a7f,2021.06.08.16.31.33_veh-38_01589_02072,123,pdm_closed,143,143,1.0,0.0,2.462666056650589,3.8268901262911417,1,125,1.0,0.0,2.462666056650589,3.8268901262911417,1,133,1.0,0.0,2.462666056650589,3.8268901262911417,1
a2a956641a6d5a7f,2021.06.08.16.31.33_veh-38_01589_02072,136,pdm_closed,135,135,0.0,0.1717652937455979,2.281815195396237,3.7319553111782193,1,120,0.0,0.1717652937455979,2.281815195396237,3.7319553111782193,1,126,0.0,0.1717652937455979,2.281815195396237,3.7319553111782193,1
a2a956641a6d5a7f,2021.06.08.16.31.33_veh-38_01589_02072,149,pdm_closed,132,132,0.0,0.7431229831253559,2.039354904846024,3.646718954222738,1,116,0.0,0.7431229831253559,2.039354904846024,3.646718954222738,1,126,0.0,0.7431229831253559,2.039354904846024,3.646718954222738,1
a2a956641a6d5a7f,2021.06.08.16.31.33_veh-38_01589_02072,163,pdm_closed,130,130,0.0,0.17181660820911934,2.2779682239252184,3.7232144102734868,1,114,0.0,0.17181660820911934,2.2779682239252184,3.7232144102734868,1,118,0.0,0.17181660820911934,2.2779682239252184,3.7232144102734868,1
a2a956641a6d5a7f,2021.06.08.16.31.33_veh-38_01589_02072,176,pdm_closed,133,133,0.0,0.7308299635881351,2.0353870183157925,3.6374124962407386,1,116,0.0,0.7308299635881351,2.0353870183157925,3.6374124962407386,1,124,0.0,0.7308299635881351,2.0353870183157925,3.6374124962407386,1
a2a956641a6d5a7f,2021.06.08.16.31.33_veh-38_01589_02072,189,pdm_closed,135,135,0.0,0.1734435610768484,2.2748688765848475,3.7159575709714665,1,118,0.0,0.1734435610768484,2.2748688765848475,3.7159575709714665,1,125,0.0,0.1734435610768484,2.2748688765848475,3.7159575709714665,1
a2a956641a6d5a7f,2021.06.08.16.31.33_veh-38_01589_02072,202,pdm_closed,139,139,0.0,0.1753146597302195,2.282471541668825,3.733916491912181,1,118,0.0,0.1753146597302195,2.282471541668825,3.733916491912181,1,129,0.0,0.1753146597302195,2.282471541668825,3.733916491912181,1
a2a956641a6d5a7f,2021.06.08.16.31.33_veh-38_01589_02072,216,pdm_closed,142,142,0.0,0.1736355036927586,2.278938094643943,3.725622536186939,1,123,0.0,0.1736355036927586,2.278938094643943,3.725622536186939,1,129,0.0,0.1736355036927586,2.278938094643943,3.725622536186939,1
a2a956641a6d5a7f,2021.06.08.16.31.33_veh-38_01589_02072,229,pdm_closed,141,141,0.0,0.1781187602710008,2.2789986176441,3.7254951165012975,1,121,0.0,0.1781187602710008,2.2789986176441,3.7254951165012975,1,129,0.0,0.1781187602710008,2.2789986176441,3.7254951165012975,1
a2a956641a6d5a7f,2021.06.08.16.31.33_veh-38_01589_02072,242,pdm_closed,136,136,0.0,0.17451287416885783,2.2804595616271492,3.7291924151862244,1,121,0.0,0.17451287416885783,2.2804595616271492,3.7291924151862244,1,129,0.0,0.17451287416885783,2.2804595616271492,3.7291924151862244,1
a2a956641a6d5a7f,2021.06.08.16.31.33_veh-38_01589_02072,255,pdm_closed,137,137,0.0,0.1731892948440076,2.278243960994838,3.724033982921879,1,123,0.0,0.1731892948440076,2.278243960994838,3.724033982921879,1,128,0.0,0.1731892948440076,2.278243960994838,3.724033982921879,1
a2a956641a6d5a7f,2021.06.08.16.31.33_veh-38_01589_02072,269,pdm_closed,140,140,0.0,0.16780011552905433,2.278563457814228,3.7247537157770494,1,125,0.0,0.16780011552905433,2.278563457814228,3.7247537157770494,1,130,0.0,0.16780011552905433,2.278563457814228,3.7247537157770494,1
a2a956641a6d5a7f,2021.06.08.16.31.33_veh-38_01589_02072,282,pdm_closed,138,138,0.0,0.17296449902466973,2.281641975909727,3.7320999733565254,1,123,0.0,0.17296449902466973,2.281641975909727,3.7320999733565254,1,130,0.0,0.17296449902466973,2.281641975909727,3.7320999733565254,1
a2a956641a6d5a7f,2021.06.08.16.31.33_veh-38_01589_02072,295,pdm_closed,138,138,0.0,0.1798276963190697,2.2772928128720933,3.7217662670177303,1,120,0.0,0.1798276963190697,2.2772928128720933,3.7217662670177303,1,129,0.0,0.1798276963190697,2.2772928128720933,3.7217662670177303,1
a2a956641a6d5a7f,2021.06.08.16.31.33_veh-38_01589_02072,309,pdm_closed,135,135,0.0,0.15948577465790129,2.2824348348863723,3.7338662316012647,1,116,0.0,0.15948577465790129,2.2824348348863723,3.7338662316012647,1,125,0.0,0.15948577465790129,2.2824348348863723,3.7338662316012647,1
a6dfea6d6da7541a,2021.07.16.18.06.21_veh-38_04933_05307,4,pdm_closed,95,95,0.0,2.160644202098414,1.362560705994011,2.305610026063359,1,93,0.0,2.160644202098414,1.362560705994011,2.305610026063359,1,94,0.0,2.160644202098414,1.362560705994011,2.305610026063359,1
a6dfea6d6da7541a,2021.07.16.18.06.21_veh-38_04933_05307,17,pdm_closed,95,95,0.0,2.4101031065605594,0.6866254299450903,1.283753394099146,1,93,0.0,2.4101031065605594,0.6866254299450903,1.283753394099146,1,94,0.0,2.4101031065605594,0.6866254299450903,1.283753394099146,1
a6dfea6d6da7541a,2021.07.16.18.06.21_veh-38_04933_05307,30,pdm_closed,89,89,0.0,2.1444384157618073,1.1641425566391588,2.346839434374933,1,87,0.0,2.1444384157618073,1.1641425566391588,2.346839434374933,1,88,0.0,2.1444384157618073,1.1641425566391588,2.346839434374933,1
a6dfea6d6da7541a,2021.07.16.18.06.21_veh-38_04933_05307,43,pdm_closed,91,91,0.0,2.022843675699022,1.2838233047682566,2.7059832593443294,1,91,0.0,2.022843675699022,1.2838233047682566,2.7059832593443294,1,91,0.0,2.022843675699022,1.2838233047682566,2.7059832593443294,1
a6dfea6d6da7541a,2021.07.16.18.06.21_veh-38_04933_05307,57,pdm_closed,79,79,0.0,1.7202067291939902,1.5443888238406833,3.2358672420637875,1,78,0.0,1.7202067291939902,1.5443888238406833,3.2358672420637875,1,78,0.0,1.7202067291939902,1.5443888238406833,3.2358672420637875,1
a6dfea6d6da7541a,2021.07.16.18.06.21_veh-38_04933_05307,70,pdm_closed,72,72,1.0,0.0,3.4588954301435972,6.988398305718005,1,69,1.0,0.0,3.4588954301435972,6.988398305718005,1,71,1.0,0.0,3.4588954301435972,6.988398305718005,1
a6dfea6d6da7541a,2021.07.16.18.06.21_veh-38_04933_05307,83,pdm_closed,72,72,0.0,1.3060714681599652,2.201827577028047,4.249535861390661,1,62,0.0,1.3060714681599652,2.201827577028047,4.249535861390661,1,67,0.0,1.3060714681599652,2.201827577028047,4.249535861390661,1
a6dfea6d6da7541a,2021.07.16.18.06.21_veh-38_04933_05307,97,pdm_closed,84,84,0.0,1.1183139631907444,2.389679133195388,4.68396862491273,1,72,0.0,1.1183139631907444,2.389679133195388,4.68396862491273,1,80,0.0,1.1183139631907444,2.389679133195388,4.68396862491273,1
a6dfea6d6da7541a,2021.07.16.18.06.21_veh-38_04933_05307,110,pdm_closed,87,87,0.0,1.344637463069655,2.493534436180643,4.831081630955389,1,74,0.0,1.344637463069655,2.493534436180643,4.831081630955389,1,83,0.0,1.344637463069655,2.493534436180643,4.831081630955389,1
a6dfea6d6da7541a,2021.07.16.18.06.21_veh-38_04933_05307,123,pdm_closed,93,93,0.0,1.797187621006515,2.538919561105141,4.754395729016325,1,74,0.0,1.797187621006515,2.538919561105141,4.754395729016325,1,84,0.0,1.797187621006515,2.538919561105141,4.754395729016325,1
a6dfea6d6da7541a,2021.07.16.18.06.21_veh-38_04933_05307,137,pdm_closed,86,86,0.0,2.3811585083621956,2.4215489600938174,4.346270200179959,1,64,0.0,2.3811585083621956,2.4215489600938174,4.346270200179959,1,76,0.0,2.3811585083621956,2.4215489600938174,4.346270200179959,1
a6dfea6d6da7541a,2021.07.16.18.06.21_veh-38_04933_05307,150,pdm_closed,107,107,0.0,2.5989710987588754,2.2531734350227595,3.754671789357859,1,67,0.0,2.5989710987588754,2.2531734350227595,3.754671789357859,1,87,0.0,2.5989710987588754,2.2531734350227595,3.754671789357859,1
a6dfea6d6da7541a,2021.07.16.18.06.21_veh-38_04933_05307,163,pdm_closed,119,119,0.0,3.6764603811083374,1.9695870137898441,2.8850219801645927,1,82,0.0,3.739823880003614,1.96167572920678,2.8217317035000793,1,100,0.0,3.6764603811083374,1.9695870137898441,2.8850219801645927,1
a6dfea6d6da7541a,2021.07.16.18.06.21_veh-38_04933_05307,176,pdm_closed,131,131,0.0,3.602966773035477,1.4864966963240875,1.8101320547968005,1,95,0.0,3.6047893769517194,1.467085172893126,1.708258856065444,1,115,0.0,3.602966773035477,1.4864966963240875,1.8101320547968005,1
a6dfea6d6da7541a,2021.07.16.18.06.21_veh-38_04933_05307,190,pdm_closed,160,160,0.0,4.026531367019015,0.8314973798554813,0.36358073069037244,1,122,0.0,3.926136925841776,0.7218969828743513,0.6534043844947691,1,138,0.0,4.026541156356244,0.8237168101065966,0.3486637333615911,1
a6dfea6d6da7541a,2021.07.16.18.06.21_veh-38_04933_05307,203,pdm_closed,193,193,0.0,3.0217223229408603,1.1428282568911121,1.2603481862095056,1,162,0.0,2.304526121327942,0.5035502180470973,1.118177117636031,1,175,0.0,3.0217223229408603,1.1428282568911121,1.2603481862095056,1
a6dfea6d6da7541a,2021.07.16.18.06.21_veh-38_04933_05307,216,pdm_closed,228,228,0.0,2.1963573242681997,1.3295716324891529,2.714795662299712,1,191,0.0,1.9863196722549474,1.4382657377791404,3.265785539803831,1,212,0.0,1.9949291935632028,1.435944460201097,3.2541980755096755,1
a6dfea6d6da7541a,2021.07.16.18.06.21_veh-38_04933_05307,230,pdm_closed,240,240,0.0,1.5694448832054417,0.3086496590043735,0.7066668967719429,1,204,0.0,1.5694448832054417,0.3086496590043735,0.7066668967719429,1,226,0.0,1.5694448832054417,0.3086496590043735,0.7066668967719429,1
a6dfea6d6da7541a,2021.07.16.18.06.21_veh-38_04933_05307,243,pdm_closed,251,251,0.0,1.4500472172239816,0.35058392047946063,0.9096316702477575,1,219,0.0,1.4500472172239816,0.35058392047946063,0.9096316702477575,1,235,0.0,1.4500472172239816,0.35058392047946063,0.9096316702477575,1
a6dfea6d6da7541a,2021.07.16.18.06.21_veh-38_04933_05307,256,pdm_closed,264,264,0.0,1.427139181097354,0.4055134925583225,0.939829099666956,1,234,0.0,1.427139181097354,0.4055134925583225,0.939829099666956,1,246,0.0,1.427139181097354,0.4055134925583225,0.939829099666956,1
a6dfea6d6da7541a,2021.07.16.18.06.21_veh-38_04933_05307,270,pdm_closed,272,272,0.0,2.2788524506209944,1.1995381168334691,1.5700416686940257,1,240,0.0,2.2788524506209944,1.1995381168334691,1.5700416686940257,1,252,0.0,2.2788524506209944,1.1995381168334691,1.5700416686940257,1
a6dfea6d6da7541a,2021.07.16.18.06.21_veh-38_04933_05307,283,pdm_closed,275,275,0.0,2.2662833898097268,1.2237683040237832,1.5787186132762094,1,241,0.0,2.2662833898097268,1.2237683040237832,1.5787186132762094,1,254,0.0,2.2662833898097268,1.2237683040237832,1.5787186132762094,1
a6dfea6d6da7541a,2021.07.16.18.06.21_veh-38_04933_05307,296,pdm_closed,281,281,0.0,2.2511894752709636,1.3558048813111543,1.6552137228343626,1,250,0.0,2.2511894752709636,1.3558048813111543,1.6552137228343626,1,260,0.0,2.2511894752709636,1.3558048813111543,1.6552137228343626,1
a6dfea6d6da7541a,2021.07.16.18.06.21_veh-38_04933_05307,310,pdm_closed,287,287,0.0,1.285129673506174,0.8833349602588142,1.319904189557218,1,260,0.0,1.285129673506174,0.8833349602588142,1.319904189557218,1,270,0.0,1.285129673506174,0.8833349602588142,1.319904189557218,1
ab00c659f6b4516d,2021.07.16.20.45.29_veh-35_01095_01486,4,pdm_closed,195,195,0.0,1.024756526207279,2.5690220112979207,6.025879105510411,1,175,0.0,1.0015332417614538,4.293293935507091,10.447120116743248,1,184,0.0,1.0015332417614538,4.293293935507091,10.447120116743248,1
ab00c659f6b4516d,2021.07.16.20.45.29_veh-35_01095_01486,17,pdm_closed,185,185,0.0,1.0514385849831964,2.360409573250158,5.560143350136958,1,157,0.0,0.9960827811739432,4.588229803044624,11.344292032306079,1,171,0.0,0.9960827811739432,4.588229803044624,11.344292032306079,1
ab00c659f6b4516d,2021.07.16.20.45.29_veh-35_01095_01486,30,pdm_closed,176,176,0.0,1.1500914945874126,2.2202534490543577,5.221999063799409,1,151,0.0,0.9859785783604761,4.99448024505766,12.483208584920725,1,160,0.0,1.1500914945874126,2.2202534490543577,5.221999063799409,1
ab00c659f6b4516d,2021.07.16.20.45.29_veh-35_01095_01486,43,pdm_closed,182,182,0.0,1.2023560418632486,2.064646644528711,4.745170362262167,1,160,1.0,0.0,5.591252223192511,13.997945243390634,1,171,0.0,1.2023560418632486,2.064646644528711,4.745170362262167,1
ab00c659f6b4516d,2021.07.16.20.45.29_veh-35_01095_01486,57,pdm_closed,199,199,0.0,0.22032272905347844,2.360743391807069,5.915878593699879,1,178,1.0,0.0,6.279679456693804,15.725554858448278,1,189,0.0,0.22032272905347844,2.360743391807069,5.915878593699879,1
ab00c659f6b4516d,2021.07.16.20.45.29_veh-35_01095_01486,70,pdm_closed,194,194,0.0,2.294681219579809,3.144298892975163,7.22066583471636,1,175,0.0,2.294681219579809,3.144298892975163,7.22066583471636,1,186,0.0,2.294681219579809,3.144298892975163,7.22066583471636,1
ab00c659f6b4516d,2021.07.16.20.45.29_veh-35_01095_01486,83,pdm_closed,193,193,0.0,0.8651326007532164,3.9942815413945714,7.2490036407914005,1,177,1.0,0.0,7.220657071678413,18.279462216158013,1,182,0.0,0.8651326007532164,3.9942815413945714,7.2490036407914005,1
ab00c659f6b4516d,2021.07.16.20.45.29_veh-35_01095_01486,97,pdm_closed,190,190,0.0,0.21764230308273488,4.002771128619717,6.438832110066661,1,175,0.0,0.21764230308273488,4.002771128619717,6.438832110066661,1,184,0.0,0.21764230308273488,4.002771128619717,6.438832110066661,1
ab00c659f6b4516d,2021.07.16.20.45.29_veh-35_01095_01486,110,pdm_closed,206,206,0.0,2.0334213536495724,1.7417434789475235,4.010941076042273,1,188,1.0,0.0,8.035281002781446,20.378147834858957,1,199,0.0,2.0334213536495724,1.7417434789475235,4.010941076042273,1
ab00c659f6b4516d,2021.07.16.20.45.29_veh-35_01095_01486,123,pdm_closed,205,205,0.0,1.459302761707119,1.5473758025486817,3.8172178981876748,1,191,0.0,1.459302761707119,1.5473758025486817,3.8172178981876748,1,198,0.0,1.459302761707119,1.5473758025486817,3.8172178981876748,1
ab00c659f6b4516d,2021.07.16.20.45.29_veh-35_01095_01486,137,pdm_closed,219,219,0.0,1.4370967820592968,1.6848960374780506,4.088328482791298,1,205,0.0,1.4370967820592968,1.6848960374780506,4.088328482791298,1,209,0.0,1.4370967820592968,1.6848960374780506,4.088328482791298,1
ab00c659f6b4516d,2021.07.16.20.45.29_veh-35_01095_01486,150,pdm_closed,219,219,0.0,2.432860637439058,1.841036226954552,3.155699091190848,1,206,0.0,2.432860637439058,1.841036226954552,3.155699091190848,1,214,0.0,2.432860637439058,1.841036226954552,3.155699091190848,1
ab00c659f6b4516d,2021.07.16.20.45.29_veh-35_01095_01486,163,pdm_closed,215,215,0.0,1.1296409025676681,1.6716611118753344,2.8170154588636787,1,202,0.0,1.1296409025676681,1.6716611118753344,2.8170154588636787,1,206,0.0,1.1296409025676681,1.6716611118753344,2.8170154588636787,1
ab00c659f6b4516d,2021.07.16.20.45.29_veh-35_01095_01486,176,pdm_closed,201,201,1.0,0.0,1.6166777527448026,1.9364811974315426,1,190,1.0,0.0,1.6166777527448026,1.9364811974315426,1,197,1.0,0.0,1.6166777527448026,1.9364811974315426,1
ab00c659f6b4516d,2021.07.16.20.45.29_veh-35_01095_01486,190,pdm_closed,191,191,1.0,0.0,1.9069427097230802,1.7539857173622815,1,182,1.0,0.0,1.9069427097230802,1.7539857173622815,1,190,1.0,0.0,1.9069427097230802,1.7539857173622815,1
ab00c659f6b4516d,2021.07.16.20.45.29_veh-35_01095_01486,203,pdm_closed,199,199,0.0,0.9131116794803962,0.8926397084374961,0.4130105203486022,1,187,0.0,0.9131116794803962,0.8926397084374961,0.4130105203486022,1,194,0.0,0.9131116794803962,0.8926397084374961,0.4130105203486022,1
ab00c659f6b4516d,2021.07.16.20.45.29_veh-35_01095_01486,216,pdm_closed,204,204,0.0,0.8361707152668535,0.3315080442420324,0.881041627715827,1,192,0.0,0.8361707152668535,0.3315080442420324,0.881041627715827,1,199,0.0,0.8361707152668535,0.3315080442420324,0.881041627715827,1
ab00c659f6b4516d,2021.07.16.20.45.29_veh-35_01095_01486,230,pdm_closed,202,202,0.0,0.8575180030344246,0.8470960434700128,2.200661255617559,1,193,0.0,0.8575180030344246,0.8470960434700128,2.200661255617559,1,198,0.0,0.8575180030344246,0.8470960434700128,2.200661255617559,1
ab00c659f6b4516d,2021.07.16.20.45.29_veh-35_01095_01486,243,pdm_closed,200,200,0.0,0.9383617905643344,1.2961983717598313,2.829763806337994,1,190,0.0,0.9383617905643344,1.2961983717598313,2.829763806337994,1,191,0.0,0.9383617905643344,1.2961983717598313,2.829763806337994,1
ab00c659f6b4516d,2021.07.16.20.45.29_veh-35_01095_01486,256,pdm_closed,207,207,0.0,1.11493705888623,1.3529803347791796,2.8105742968850653,1,197,0.0,1.1149370580158884,0.4675862491031534,0.26894756400679903,1,203,0.0,1.11493705888623,1.3529803347791796,2.8105742968850653,1
ab00c659f6b4516d,2021.07.16.20.45.29_veh-35_01095_01486,270,pdm_closed,218,218,0.0,1.4571678892287616,1.1725671656378536,2.323599825845205,1,207,0.0,1.4571678892287616,1.1725671656378536,2.323599825845205,1,212,0.0,1.4571678892287616,1.1725671656378536,2.323599825845205,1
ab00c659f6b4516d,2021.07.16.20.45.29_veh-35_01095_01486,283,pdm_closed,223,223,0.0,1.45790416277567,0.9257666852439009,1.6962128161829946,1,212,0.0,1.45790416277567,0.9257666852439009,1.6962128161829946,1,217,0.0,1.45790416277567,0.9257666852439009,1.6962128161829946,1
ab00c659f6b4516d,2021.07.16.20.45.29_veh-35_01095_01486,296,pdm_closed,217,217,0.0,1.4575054427440777,0.6441687880478497,1.0632996157883587,1,206,0.0,1.4575054427440777,0.6441687880478497,1.0632996157883587,1,209,0.0,1.4575054427440777,0.6441687880478497,1.0632996157883587,1
ab00c659f6b4516d,2021.07.16.20.45.29_veh-35_01095_01486,310,pdm_closed,217,217,0.0,1.4697906209546248,0.3872302647982734,0.4824834151412776,1,208,0.0,1.4697906209546248,0.3872302647982734,0.4824834151412776,1,212,0.0,1.4697906209546248,0.3872302647982734,0.4824834151412776,1
af3ee0e93aea5f66,2021.07.16.00.51.05_veh-17_01352_01901,4,pdm_closed,153,153,0.0,0.7797689597867583,0.1721020418036645,0.17181575475591743,1,137,0.0,0.7797689597867583,0.1721020418036645,0.17181575475591743,1,146,0.0,0.7797689597867583,0.1721020418036645,0.17181575475591743,1
af3ee0e93aea5f66,2021.07.16.00.51.05_veh-17_01352_01901,17,pdm_closed,154,154,0.0,0.7834063153924321,0.17200488981487022,0.17179989870668813,1,139,0.0,0.7834063153924321,0.17200488981487022,0.17179989870668813,1,146,0.0,0.7834063153924321,0.17200488981487022,0.17179989870668813,1
af3ee0e93aea5f66,2021.07.16.00.51.05_veh-17_01352_01901,30,pdm_closed,151,151,0.0,0.7791215468987636,0.1719143378562346,0.17174327319238758,1,136,0.0,0.7791215468987636,0.1719143378562346,0.17174327319238758,1,142,0.0,0.7791215468987636,0.1719143378562346,0.17174327319238758,1
af3ee0e93aea5f66,2021.07.16.00.51.05_veh-17_01352_01901,43,pdm_closed,144,144,0.0,0.7808292697791649,0.17183019563033775,0.17169120567702187,1,130,0.0,0.7808292697791649,0.17183019563033775,0.17169120567702187,1,139,0.0,0.7808292697791649,0.17183019563033775,0.17169120567702187,1
af3ee0e93aea5f66,2021.07.16.00.51.05_veh-17_01352_01901,57,pdm_closed,146,146,0.0,0.7774415881281347,0.17178779604250266,0.17173406662005233,1,131,0.0,0.7774415881281347,0.17178779604250266,0.17173406662005233,1,138,0.0,0.7774415881281347,0.17178779604250266,0.17173406662005233,1
af3ee0e93aea5f66,2021.07.16.00.51.05_veh-17_01352_01901,70,pdm_closed,146,146,0.0,0.7791041724971137,0.17175354114157348,0.17167990916092948,1,132,0.0,0.7791041724971137,0.17175354114157348,0.17167990916092948,1,138,0.0,0.7791041724971137,0.17175354114157348,0.17167990916092948,1
af3ee0e93aea5f66,2021.07.16.00.51.05_veh-17_01352_01901,83,pdm_closed,143,143,0.0,0.7806635438573226,0.17172919734112982,0.17167681335889792,1,127,0.0,0.7806635438573226,0.17172919734112982,0.17167681335889792,1,132,0.0,0.7806635438573226,0.17172919734112982,0.17167681335889792,1
af3ee0e93aea5f66,2021.07.16.00.51.05_veh-17_01352_01901,96,pdm_closed,144,144,0.0,0.7822405161891264,0.1717029384421272,0.17158508131776534,1,128,0.0,0.7822405161891264,0.1717029384421272,0.17158508131776534,1,132,0.0,0.7822405161891264,0.1717029384421272,0.17158508131776534,1
af3ee0e93aea5f66,2021.07.16.00.51.05_veh-17_01352_01901,110,pdm_closed,145,145,0.0,0.7808240174498738,0.1716582281325063,0.17155202994962016,1,128,0.0,0.7808240174498738,0.1716582281325063,0.17155202994962016,1,134,0.0,0.7808240174498738,0.1716582281325063,0.17155202994962016,1
af3ee0e93aea5f66,2021.07.16.00.51.05_veh-17_01352_01901,123,pdm_closed,143,143,0.0,0.780660139008642,0.17164769389343754,0.1715824359832436,1,124,0.0,0.780660139008642,0.17164769389343754,0.1715824359832436,1,132,0.0,0.780660139008642,0.17164769389343754,0.1715824359832436,1
af3ee0e93aea5f66,2021.07.16.00.51.05_veh-17_01352_01901,136,pdm_closed,149,149,0.0,0.7822363327093181,0.1716146075766256,0.17155642721752046,1,129,0.0,0.7822363327093181,0.1716146075766256,0.17155642721752046,1,135,0.0,0.7822363327093181,0.1716146075766256,0.17155642721752046,1
af3ee0e93aea5f66,2021.07.16.00.51.05_veh-17_01352_01901,149,pdm_closed,152,152,0.0,0.782523626603703,0.17157101216279091,0.17152806507030804,1,131,0.0,0.782523626603703,0.17157101216279091,0.17152806507030804,1,135,0.0,0.782523626603703,0.17157101216279091,0.17152806507030804,1
af3ee0e93aea5f66,2021.07.16.00.51.05_veh-17_01352_01901,163,pdm_closed,152,152,0.0,0.7816798218169142,0.17157378671148568,0.1715805741533968,1,132,0.0,0.7816798218169142,0.17157378671148568,0.1715805741533968,1,140,0.0,0.7816798218169142,0.17157378671148568,0.1715805741533968,1
af3ee0e93aea5f66,2021.07.16.00.51.05_veh-17_01352_01901,176,pdm_closed,143,143,0.0,0.7800524144856652,0.17156964688782006,0.171652084559632,1,122,0.0,0.7800524144856652,0.17156964688782006,0.171652084559632,1,135,0.0,0.7800524144856652,0.17156964688782006,0.171652084559632,1
af3ee0e93aea5f66,2021.07.16.00.51.05_veh-17_01352_01901,189,pdm_closed,140,140,0.0,0.7632279166035458,0.17156761390436875,0.17158760459540773,1,120,0.0,0.7632279166035458,0.17156761390436875,0.17158760459540773,1,127,0.0,0.7632279166035458,0.17156761390436875,0.17158760459540773,1
af3ee0e93aea5f66,2021.07.16.00.51.05_veh-17_01352_01901,202,pdm_closed,142,142,0.0,0.7560961410572694,0.17156307755550265,0.17150698287194677,1,121,0.0,0.7560961410572694,0.17156307755550265,0.17150698287194677,1,127,0.0,0.7560961410572694,0.17156307755550265,0.17150698287194677,1
af3ee0e93aea5f66,2021.07.16.00.51.05_veh-17_01352_01901,216,pdm_closed,139,139,0.0,0.7502969013551604,0.17156145170984977,0.1714984900137967,1,119,0.0,0.7502969013551604,0.17156145170984977,0.1714984900137967,1,129,0.0,0.7502969013551604,0.17156145170984977,0.1714984900137967,1
af3ee0e93aea5f66,2021.07.16.00.51.05_veh-17_01352_01901,229,pdm_closed,132,132,0.0,0.7385492839161312,0.17155996367793375,0.17154605478411047,1,112,0.0,0.7385492839161312,0.17155996367793375,0.17154605478411047,1,116,0.0,0.7385492839161312,0.17155996367793375,0.17154605478411047,1
af3ee0e93aea5f66,2021.07.16.00.51.05_veh-17_01352_01901,242,pdm_closed,131,131,0.0,0.7396608553838442,0.17154447574452708,0.17153506123047987,1,111,0.0,0.7396608553838442,0.17154447574452708,0.17153506123047987,1,122,0.0,0.7396608553838442,0.17154447574452708,0.17153506123047987,1
af3ee0e93aea5f66,2021.07.16.00.51.05_veh-17_01352_01901,255,pdm_closed,127,127,0.0,0.7510692406433648,0.17153600993578955,0.17150498994114902,1,108,0.0,0.7510692406433648,0.17153600993578955,0.17150498994114902,1,115,0.0,0.7510692406433648,0.17153600993578955,0.17150498994114902,1
af3ee0e93aea5f66,2021.07.16.00.51.05_veh-17_01352_01901,269,pdm_closed,129,129,0.0,0.7385468548640288,0.1715205234847258,0.1715073704161254,1,108,0.0,0.7385468548640288,0.1715205234847258,0.1715073704161254,1,116,0.0,0.7385468548640288,0.1715205234847258,0.1715073704161254,1
af3ee0e93aea5f66,2021.07.16.00.51.05_veh-17_01352_01901,282,pdm_closed,132,132,0.0,0.7396592757624826,0.17150638322002376,0.1715219823582192,1,115,0.0,0.7396592757624826,0.17150638322002376,0.1715219823582192,1,124,0.0,0.7396592757624826,0.17150638322002376,0.1715219823582192,1
af3ee0e93aea5f66,2021.07.16.00.51.05_veh-17_01352_01901,295,pdm_closed,133,133,0.0,0.7510693201564203,0.17153177106102868,0.17153077377030662,1,116,0.0,0.7510693201564203,0.17153177106102868,0.17153077377030662,1,123,0.0,0.7510693201564203,0.17153177106102868,0.17153077377030662,1
af3ee0e93aea5f66,2021.07.16.00.51.05_veh-17_01352_01901,309,pdm_closed,126,126,0.0,0.7599285725594433,0.1715352493537817,0.1715476855220161,1,108,0.0,0.7599285725594433,0.1715352493537817,0.1715476855220161,1,118,0.0,0.7599285725594433,0.1715352493537817,0.1715476855220161,1
b36903c077285e20,2021.05.12.23.36.44_veh-35_00152_00504,4,pdm_closed,297,297,0.0,0.6584278333055205,0.889667195818499,2.1566932112849075,1,259,0.0,0.6563419527227469,2.800126234203184,7.5368249171125985,1,281,0.0,0.6563419527227469,2.800126234203184,7.5368249171125985,1
b36903c077285e20,2021.05.12.23.36.44_veh-35_00152_00504,17,pdm_closed,295,295,0.0,0.6344921400558536,1.12385989558893,2.775149995533132,1,258,0.0,0.6344921400558536,1.12385989558893,2.775149995533132,1,276,0.0,0.6344921400558536,1.12385989558893,2.775149995533132,1
b36903c077285e20,2021.05.12.23.36.44_veh-35_00152_00504,30,pdm_closed,288,288,0.0,1.583570317106258,1.7045447737551203,3.76952453040468,1,251,0.0,1.5639216579724577,3.9038066011203925,9.643686639310193,1,269,0.0,1.5639216579724577,3.9038066011203925,9.643686639310193,1
b36903c077285e20,2021.05.12.23.36.44_veh-35_00152_00504,43,pdm_closed,281,281,0.0,1.509251774976439,1.963922994294899,4.048553191383423,1,253,0.0,1.4810178129780476,4.145383008401919,9.821394816186832,1,273,0.0,1.509251774976439,1.963922994294899,4.048553191383423,1
b36903c077285e20,2021.05.12.23.36.44_veh-35_00152_00504,57,pdm_closed,265,265,0.0,1.466569860347802,2.0544817735123875,4.025580537682405,1,238,0.0,1.4537331106147586,4.099068384883658,9.463402572766778,1,250,0.0,1.466569860347802,2.0544817735123875,4.025580537682405,1
b36903c077285e20,2021.05.12.23.36.44_veh-35_00152_00504,70,pdm_closed,271,271,0.0,1.491519530211503,1.9428412326747646,3.7976245522740286,1,243,0.0,1.4580045933918955,3.8794190241321784,8.99651417709201,1,257,0.0,1.491519530211503,1.9428412326747646,3.7976245522740286,1
b36903c077285e20,2021.05.12.23.36.44_veh-35_00152_00504,83,pdm_closed,277,277,0.0,0.634940405921946,1.5206804437707524,3.132474567718278,1,250,0.0,0.634940405921946,1.5206804437707524,3.132474567718278,1,262,0.0,0.634940405921946,1.5206804437707524,3.132474567718278,1
b36903c077285e20,2021.05.12.23.36.44_veh-35_00152_00504,97,pdm_closed,258,258,0.0,0.7648433680564203,1.142270558330653,2.485369687640948,1,233,0.0,0.7490782228746379,2.834388243030771,7.172037205386348,1,244,0.0,0.7648433680564203,1.142270558330653,2.485369687640948,1
b36903c077285e20,2021.05.12.23.36.44_veh-35_00152_00504,110,pdm_closed,283,283,0.0,1.8697434052480775,1.1053783146087535,2.352728299104443,1,259,0.0,1.8412154672002257,2.8946964722814656,7.290022158265151,1,273,0.0,1.8412154672002257,2.8946964722814656,7.290022158265151,1
b36903c077285e20,2021.05.12.23.36.44_veh-35_00152_00504,123,pdm_closed,269,269,0.0,2.76190904323426,1.3555405710341266,2.7186617035058367,1,248,0.0,2.76190904323426,1.3555405710341266,2.7186617035058367,1,257,0.0,2.76190904323426,1.3555405710341266,2.7186617035058367,1
b36903c077285e20,2021.05.12.23.36.44_veh-35_00152_00504,137,pdm_closed,274,274,0.0,4.505473036600758,1.189036325640365,2.5339078587029236,1,255,0.0,4.505473036600758,1.189036325640365,2.5339078587029236,1,261,0.0,4.505473036600758,1.189036325640365,2.5339078587029236,1
b36903c077285e20,2021.05.12.23.36.44_veh-35_00152_00504,150,pdm_closed,263,263,0.0,5.507029514078177,1.6154643859688984,2.5441536274203362,1,246,0.0,5.507029514078177,1.6154643859688984,2.5441536274203362,1,257,0.0,5.507029514078177,1.6154643859688984,2.5441536274203362,1
b36903c077285e20,2021.05.12.23.36.44_veh-35_00152_00504,163,pdm_closed,254,254,0.0,5.472231127966102,2.8099214689661216,5.224681051374874,1,236,0.0,4.482975948573783,3.345117273671454,8.233564122748945,1,243,0.0,4.472231124329808,1.1801079327490482,2.5643526471918183,1
b36903c077285e20,2021.05.12.23.36.44_veh-35_00152_00504,176,pdm_closed,249,249,0.0,5.465048662890361,2.5744267275977233,4.251752635623979,1,230,0.0,4.472384135122953,3.28789025062982,8.226648363702527,1,238,0.0,4.472384135122953,3.28789025062982,8.226648363702527,1
b36903c077285e20,2021.05.12.23.36.44_veh-35_00152_00504,190,pdm_closed,262,262,0.0,5.439485677832845,2.1952457798103957,3.5461422424506375,1,236,0.0,4.435706298921586,3.5029192986025866,8.672374405010919,1,250,0.0,4.435706298921586,3.5029192986025866,8.672374405010919,1
b36903c077285e20,2021.05.12.23.36.44_veh-35_00152_00504,203,pdm_closed,265,265,0.0,5.378725716434131,1.7195913447059987,2.771524439548474,1,241,0.0,4.378827709861068,0.9963697914932427,2.345948388241151,1,251,0.0,5.378725716434131,1.7195913447059987,2.771524439548474,1
b36903c077285e20,2021.05.12.23.36.44_veh-35_00152_00504,216,pdm_closed,272,272,0.0,4.383638483835584,1.090659505979303,2.4704602366964528,1,246,0.0,4.383638483835584,1.090659505979303,2.4704602366964528,1,253,0.0,4.383638483835584,1.090659505979303,2.4704602366964528,1
b36903c077285e20,2021.05.12.23.36.44_veh-35_00152_00504,230,pdm_closed,268,268,0.0,4.3972911225299,1.231274741521716,3.066670266453923,1,238,0.0,4.3972911225299,1.231274741521716,3.066670266453923,1,249,0.0,4.3972911225299,1.231274741521716,3.066670266453923,1
b36903c077285e20,2021.05.12.23.36.44_veh-35_00152_00504,243,pdm_closed,268,268,0.0,4.380909897701644,1.3185140644711844,3.742382443818372,1,234,0.0,4.380909897701644,1.3185140644711844,3.742382443818372,1,252,0.0,4.380909897701644,1.3185140644711844,3.742382443818372,1
b36903c077285e20,2021.05.12.23.36.44_veh-35_00152_00504,256,pdm_closed,272,272,0.0,4.384208756665441,1.705727212072328,4.894603152922125,1,234,0.0,4.384208756665441,1.705727212072328,4.894603152922125,1,252,0.0,4.384208756665441,1.705727212072328,4.894603152922125,1
b36903c077285e20,2021.05.12.23.36.44_veh-35_00152_00504,270,pdm_closed,268,268,0.0,4.3865988747998355,1.9824674977962407,5.7396520735082115,1,229,0.0,4.3865988747998355,1.9824674977962407,5.7396520735082115,1,245,0.0,4.3865988747998355,1.9824674977962407,5.7396520735082115,1
b36903c077285e20,2021.05.12.23.36.44_veh-35_00152_00504,283,pdm_closed,273,273,0.0,4.382479760630094,2.007224223309566,5.436120586543236,1,229,0.0,4.382479760630094,2.007224223309566,5.436120586543236,1,243,0.0,4.382479760630094,2.007224223309566,5.436120586543236,1
b36903c077285e20,2021.05.12.23.36.44_veh-35_00152_00504,296,pdm_closed,273,273,0.0,2.023741713867673,1.5391450682161996,3.5852317668207534,1,227,0.0,2.023741713867673,1.5391450682161996,3.5852317668207534,1,245,0.0,2.023741713867673,1.5391450682161996,3.5852317668207534,1
b36903c077285e20,2021.05.12.23.36.44_veh-35_00152_00504,310,pdm_closed,278,278,0.0,1.4884680311052483,0.9688486473305078,1.681258997880886,1,232,0.0,1.4884680311052483,0.9688486473305078,1.681258997880886,1,254,0.0,1.4884680311052483,0.9688486473305078,1.681258997880886,1
b79740f1b23b5d7c,2021.08.17.16.57.11_veh-08_01200_01636,4,pdm_closed,20,20,0.0,1.0045112115268227,0.2074983338005918,0.2099993063999339,1,20,0.0,1.0045112115268227,0.2074983338005918,0.2099993063999339,1,20,0.0,1.0045112115268227,0.2074983338005918,0.2099993063999339,1
b79740f1b23b5d7c,2021.08.17.16.57.11_veh-08_01200_01636,17,pdm_closed,19,19,0.0,1.0005462013427082,0.2075056994907641,0.21000004896108262,1,19,0.0,1.0005462013427082,0.2075056994907641,0.21000004896108262,1,19,0.0,1.0005462013427082,0.2075056994907641,0.21000004896108262,1
b79740f1b23b5d7c,2021.08.17.16.57.11_veh-08_01200_01636,30,pdm_closed,19,19,0.0,1.0012691541329577,0.20751480253985508,0.21001291198690455,1,19,0.0,1.0012691541329577,0.20751480253985508,0.21001291198690455,1,19,0.0,1.0012691541329577,0.20751480253985508,0.21001291198690455,1
b79740f1b23b5d7c,2021.08.17.16.57.11_veh-08_01200_01636,43,pdm_closed,19,19,0.0,1.0065923046903242,0.20750617250356176,0.21005246096368815,1,19,0.0,1.0065923046903242,0.20750617250356176,0.21005246096368815,1,19,0.0,1.0065923046903242,0.20750617250356176,0.21005246096368815,1
b79740f1b23b5d7c,2021.08.17.16.57.11_veh-08_01200_01636,57,pdm_closed,19,19,0.0,1.0005462014843098,0.20753140223573174,0.21011879207852088,1,19,0.0,1.0005462014843098,0.20753140223573174,0.21011879207852088,1,19,0.0,1.0005462014843098,0.20753140223573174,0.21011879207852088,1
b79740f1b23b5d7c,2021.08.17.16.57.11_veh-08_01200_01636,70,pdm_closed,19,19,0.0,1.0012691538714067,0.2075339743601674,0.21006719518045447,1,19,0.0,1.0012691538714067,0.2075339743601674,0.21006719518045447,1,19,0.0,1.0012691538714067,0.2075339743601674,0.21006719518045447,1
b79740f1b23b5d7c,2021.08.17.16.57.11_veh-08_01200_01636,83,pdm_closed,19,19,0.0,0.9993447040126651,0.20753254241097546,0.21005416992708004,1,19,0.0,0.9993447040126651,0.20753254241097546,0.21005416992708004,1,19,0.0,0.9993447040126651,0.20753254241097546,0.21005416992708004,1
b79740f1b23b5d7c,2021.08.17.16.57.11_veh-08_01200_01636,96,pdm_closed,18,18,0.0,1.0011030399771783,0.20752740420881688,0.2099859228920171,1,17,0.0,1.0011030399771783,0.20752740420881688,0.2099859228920171,1,17,0.0,1.0011030399771783,0.20752740420881688,0.2099859228920171,1
b79740f1b23b5d7c,2021.08.17.16.57.11_veh-08_01200_01636,110,pdm_closed,19,19,0.0,1.0053605422788514,0.2075172822976722,0.20995125024452466,1,19,0.0,1.0053605422788514,0.2075172822976722,0.20995125024452466,1,19,0.0,1.0053605422788514,0.2075172822976722,0.20995125024452466,1
b79740f1b23b5d7c,2021.08.17.16.57.11_veh-08_01200_01636,123,pdm_closed,19,19,0.0,0.9993447036790241,0.20749462225006987,0.209977190678843,1,19,0.0,0.9993447036790241,0.20749462225006987,0.209977190678843,1,19,0.0,0.9993447036790241,0.20749462225006987,0.209977190678843,1
b79740f1b23b5d7c,2021.08.17.16.57.11_veh-08_01200_01636,136,pdm_closed,19,19,0.0,0.9970927610650673,0.20747942784117376,0.2099769319028204,1,19,0.0,0.9970927610650673,0.20747942784117376,0.2099769319028204,1,19,0.0,0.9970927610650673,0.20747942784117376,0.2099769319028204,1
b79740f1b23b5d7c,2021.08.17.16.57.11_veh-08_01200_01636,149,pdm_closed,20,20,0.0,0.9948917378953493,0.207475136699529,0.21001160377251546,1,20,0.0,0.9948917378953493,0.207475136699529,0.21001160377251546,1,20,0.0,0.9948917378953493,0.207475136699529,0.21001160377251546,1
b79740f1b23b5d7c,2021.08.17.16.57.11_veh-08_01200_01636,163,pdm_closed,20,20,0.0,1.0050746853437147,0.20746568117491998,0.2099945595346698,1,20,0.0,1.0050746853437147,0.20746568117491998,0.2099945595346698,1,20,0.0,1.0050746853437147,0.20746568117491998,0.2099945595346698,1
b79740f1b23b5d7c,2021.08.17.16.57.11_veh-08_01200_01636,176,pdm_closed,20,20,0.0,0.9970927611205995,0.2074893000210957,0.2100467811976372,1,20,0.0,0.9970927611205995,0.2074893000210957,0.2100467811976372,1,20,0.0,0.9970927611205995,0.2074893000210957,0.2100467811976372,1
b79740f1b23b5d7c,2021.08.17.16.57.11_veh-08_01200_01636,189,pdm_closed,20,20,0.0,0.9948917374930623,0.2075016354734859,0.2100881183412235,1,20,0.0,0.9948917374930623,0.2075016354734859,0.2100881183412235,1,20,0.0,0.9948917374930623,0.2075016354734859,0.2100881183412235,1
b79740f1b23b5d7c,2021.08.17.16.57.11_veh-08_01200_01636,202,pdm_closed,20,20,0.0,0.999787976762014,0.20751354234276145,0.21003060701493564,1,20,0.0,0.999787976762014,0.20751354234276145,0.21003060701493564,1,20,0.0,0.999787976762014,0.20751354234276145,0.21003060701493564,1
b79740f1b23b5d7c,2021.08.17.16.57.11_veh-08_01200_01636,216,pdm_closed,19,19,0.0,0.9972046478287171,0.20752596143768348,0.21000476156533102,1,19,0.0,0.9972046478287171,0.20752596143768348,0.21000476156533102,1,19,0.0,0.9972046478287171,0.20752596143768348,0.21000476156533102,1
b79740f1b23b5d7c,2021.08.17.16.57.11_veh-08_01200_01636,229,pdm_closed,19,19,0.0,0.9989409308685935,0.20751440319366277,0.20998576529922447,1,19,0.0,0.9989409308685935,0.20751440319366277,0.20998576529922447,1,19,0.0,0.9989409308685935,0.20751440319366277,0.20998576529922447,1
b79740f1b23b5d7c,2021.08.17.16.57.11_veh-08_01200_01636,242,pdm_closed,19,19,0.0,0.9801782783404747,0.2075127604603129,0.21005855862379008,1,19,0.0,0.9801782783404747,0.2075127604603129,0.21005855862379008,1,19,0.0,0.9801782783404747,0.2075127604603129,0.21005855862379008,1
b79740f1b23b5d7c,2021.08.17.16.57.11_veh-08_01200_01636,255,pdm_closed,20,20,0.0,0.9729205641732439,0.20751604611510477,0.2100964714081608,1,20,0.0,0.9729205641732439,0.20751604611510477,0.2100964714081608,1,20,0.0,0.9729205641732439,0.20751604611510477,0.2100964714081608,1
b79740f1b23b5d7c,2021.08.17.16.57.11_veh-08_01200_01636,269,pdm_closed,21,21,0.0,0.9818793953541296,0.20753580835548507,0.21012007818184303,1,21,0.0,0.9818793953541296,0.20753580835548507,0.21012007818184303,1,21,0.0,0.9818793953541296,0.20753580835548507,0.21012007818184303,1
b79740f1b23b5d7c,2021.08.17.16.57.11_veh-08_01200_01636,282,pdm_closed,21,21,0.0,0.9603924032258434,0.20753445944419463,0.21009475854679718,1,21,0.0,0.9603924032258434,0.20753445944419463,0.21009475854679718,1,21,0.0,0.9603924032258434,0.20753445944419463,0.21009475854679718,1
b79740f1b23b5d7c,2021.08.17.16.57.11_veh-08_01200_01636,295,pdm_closed,21,21,0.0,0.9458398926420543,0.20755253294827786,0.21012472893987877,1,21,0.0,0.9458398926420543,0.20755253294827786,0.21012472893987877,1,21,0.0,0.9458398926420543,0.20755253294827786,0.21012472893987877,1
b79740f1b23b5d7c,2021.08.17.16.57.11_veh-08_01200_01636,309,pdm_closed,20,20,0.0,0.9388034911601948,0.20758189982407302,0.2100530085747194,1,20,0.0,0.9388034911601948,0.20758189982407302,0.2100530085747194,1,20,0.0,0.9388034911601948,0.20758189982407302,0.2100530085747194,1
bbe382d6d2b152a5,2021.06.09.17.23.18_veh-38_02526_03027,4,pdm_closed,222,222,0.0,1.2174080540551433,1.8322657488635494,2.610529716936417,1,194,0.0,1.2174080540551433,1.8322657488635494,2.610529716936417,1,205,0.0,1.2174080540551433,1.8322657488635494,2.610529716936417,1
bbe382d6d2b152a5,2021.06.09.17.23.18_veh-38_02526_03027,17,pdm_closed,225,225,0.0,1.2081948129395408,1.8372332472374455,2.620869588939584,1,198,0.0,1.2081948129395408,1.8372332472374455,2.620869588939584,1,207,0.0,1.2081948129395408,1.8372332472374455,2.620869588939584,1
bbe382d6d2b152a5,2021.06.09.17.23.18_veh-38_02526_03027,30,pdm_closed,221,221,0.0,1.2125432609938829,1.8362343314664666,2.6191741272767457,1,195,0.0,1.2125432609938829,1.8362343314664666,2.6191741272767457,1,204,0.0,1.2125432609938829,1.8362343314664666,2.6191741272767457,1
bbe382d6d2b152a5,2021.06.09.17.23.18_veh-38_02526_03027,43,pdm_closed,221,221,0.0,1.204627462670281,1.8371252017447297,2.620900073172289,1,197,0.0,1.204627462670281,1.8371252017447297,2.620900073172289,1,204,0.0,1.204627462670281,1.8371252017447297,2.620900073172289,1
bbe382d6d2b152a5,2021.06.09.17.23.18_veh-38_02526_03027,57,pdm_closed,222,222,0.0,1.2196837672079928,1.8312442435758811,2.6085891180917673,1,193,0.0,1.2196837672079928,1.8312442435758811,2.6085891180917673,1,204,0.0,1.2196837672079928,1.8312442435758811,2.6085891180917673,1
bbe382d6d2b152a5,2021.06.09.17.23.18_veh-38_02526_03027,70,pdm_closed,219,219,0.0,1.2361098874768106,1.8229508039503441,2.5915560486694957,1,191,0.0,1.2361098874768106,1.8229508039503441,2.5915560486694957,1,202,0.0,1.2361098874768106,1.8229508039503441,2.5915560486694957,1
bbe382d6d2b152a5,2021.06.09.17.23.18_veh-38_02526_03027,83,pdm_closed,215,215,0.0,1.222960835043886,1.8288764759123681,2.6037436693398703,1,189,0.0,1.222960835043886,1.8288764759123681,2.6037436693398703,1,197,0.0,1.222960835043886,1.8288764759123681,2.6037436693398703,1
bbe382d6d2b152a5,2021.06.09.17.23.18_veh-38_02526_03027,96,pdm_closed,212,212,0.0,1.2047716863924913,1.8344652204190552,2.6155936451536763,1,188,0.0,1.2047716863924913,1.8344652204190552,2.6155936451536763,1,199,0.0,1.2047716863924913,1.8344652204190552,2.6155936451536763,1
bbe382d6d2b152a5,2021.06.09.17.23.18_veh-38_02526_03027,110,pdm_closed,203,203,0.0,1.203722016590723,1.8334974629273249,2.6132067937476413,1,183,0.0,1.203722016590723,1.8334974629273249,2.6132067937476413,1,193,0.0,1.203722016590723,1.8334974629273249,2.6132067937476413,1
bbe382d6d2b152a5,2021.06.09.17.23.18_veh-38_02526_03027,123,pdm_closed,204,204,0.0,1.2252590126354985,1.8307102591222661,2.607980869336632,1,182,0.0,1.2252590126354985,1.8307102591222661,2.607980869336632,1,187,0.0,1.2252590126354985,1.8307102591222661,2.607980869336632,1
bbe382d6d2b152a5,2021.06.09.17.23.18_veh-38_02526_03027,136,pdm_closed,203,203,0.0,1.2136442351475856,1.8311255450470596,2.6083564108627066,1,179,0.0,1.2136442351475856,1.8311255450470596,2.6083564108627066,1,190,0.0,1.2136442351475856,1.8311255450470596,2.6083564108627066,1
bbe382d6d2b152a5,2021.06.09.17.23.18_veh-38_02526_03027,149,pdm_closed,205,205,0.0,1.223563956895567,1.8279384035193922,2.601951905533129,1,179,1.0,0.0,3.582655585707926,8.274372076832226,1,191,1.0,0.0,3.582655585707926,8.274372076832226,1
bbe382d6d2b152a5,2021.06.09.17.23.18_veh-38_02526_03027,163,pdm_closed,198,198,0.0,1.21953875116801,1.8307869080956105,2.6077797453718663,1,176,0.0,1.21953875116801,1.8307869080956105,2.6077797453718663,1,183,0.0,1.21953875116801,1.8307869080956105,2.6077797453718663,1
bbe382d6d2b152a5,2021.06.09.17.23.18_veh-38_02526_03027,176,pdm_closed,204,204,0.0,1.2299522392375568,1.828787267345179,2.6033967648756464,1,178,0.0,1.2299522392375568,1.828787267345179,2.6033967648756464,1,190,0.0,1.2299522392375568,1.828787267345179,2.6033967648756464,1
bbe382d6d2b152a5,2021.06.09.17.23.18_veh-38_02526_03027,189,pdm_closed,208,208,0.0,1.2207576396172293,1.8275030915943367,2.600996571583672,1,182,0.0,1.2207576396172293,1.8275030915943367,2.600996571583672,1,194,0.0,1.2207576396172293,1.8275030915943367,2.600996571583672,1
bbe382d6d2b152a5,2021.06.09.17.23.18_veh-38_02526_03027,202,pdm_closed,206,206,0.0,1.2266609354494915,1.8269891842873411,2.599880003091428,1,182,0.0,1.2266609354494915,1.8269891842873411,2.599880003091428,1,189,0.0,1.2266609354494915,1.8269891842873411,2.599880003091428,1
bbe382d6d2b152a5,2021.06.09.17.23.18_veh-38_02526_03027,216,pdm_closed,199,199,0.0,1.217364895200535,1.8290206908539246,2.60406206226977,1,173,0.0,1.217364895200535,1.8290206908539246,2.60406206226977,1,183,0.0,1.217364895200535,1.8290206908539246,2.60406206226977,1
bbe382d6d2b152a5,2021.06.09.17.23.18_veh-38_02526_03027,229,pdm_closed,201,201,0.0,1.2038654782301474,1.8301002781555176,2.606548239849944,1,178,0.0,1.2038654782301474,1.8301002781555176,2.606548239849944,1,187,0.0,1.2038654782301474,1.8301002781555176,2.606548239849944,1
bbe382d6d2b152a5,2021.06.09.17.23.18_veh-38_02526_03027,242,pdm_closed,199,199,0.0,1.2107969975370312,1.8308337256886924,2.607914364585117,1,171,0.0,1.2107969975370312,1.8308337256886924,2.607914364585117,1,182,0.0,1.2107969975370312,1.8308337256886924,2.607914364585117,1
bbe382d6d2b152a5,2021.06.09.17.23.18_veh-38_02526_03027,255,pdm_closed,200,200,0.0,1.210590180163014,1.8338881561457367,2.614291177906309,1,174,0.0,1.210590180163014,1.8338881561457367,2.614291177906309,1,184,0.0,1.210590180163014,1.8338881561457367,2.614291177906309,1
bbe382d6d2b152a5,2021.06.09.17.23.18_veh-38_02526_03027,269,pdm_closed,198,198,0.0,1.218521933319627,1.8287309718273892,2.6033690385047463,1,171,0.0,1.218521933319627,1.8287309718273892,2.6033690385047463,1,184,0.0,1.218521933319627,1.8287309718273892,2.6033690385047463,1
bbe382d6d2b152a5,2021.06.09.17.23.18_veh-38_02526_03027,282,pdm_closed,196,196,0.0,1.2239204871955298,1.830316457178954,2.607077543362565,1,171,0.0,1.2239204871955298,1.830316457178954,2.607077543362565,1,181,0.0,1.2239204871955298,1.830316457178954,2.607077543362565,1
bbe382d6d2b152a5,2021.06.09.17.23.18_veh-38_02526_03027,295,pdm_closed,196,196,0.0,1.2090506969706025,1.831355862969029,2.6089425960332755,1,170,0.0,1.2090506969706025,1.831355862969029,2.6089425960332755,1,185,0.0,1.2090506969706025,1.831355862969029,2.6089425960332755,1
bbe382d6d2b152a5,2021.06.09.17.23.18_veh-38_02526_03027,309,pdm_closed,199,199,0.0,1.235682596281951,1.824420173224826,2.594465206849811,1,178,0.0,1.235682596281951,1.824420173224826,2.594465206849811,1,190,0.0,1.235682596281951,1.824420173224826,2.594465206849811,1
c0223195d5ca583a,2021.05.25.14.16.10_veh-35_01690_02183,4,pdm_closed,175,175,0.0,0.924694901045664,4.290208354686867,11.114366127420972,1,159,0.0,0.924694901045664,4.290208354686867,11.114366127420972,1,166,0.0,0.924694901045664,4.290208354686867,11.114366127420972,1
c0223195d5ca583a,2021.05.25.14.16.10_veh-35_01690_02183,17,pdm_closed,174,174,0.0,0.9208309452167541,4.290425181877876,11.114709081156867,1,159,0.0,0.9208309452167541,4.290425181877876,11.114709081156867,1,165,0.0,0.9208309452167541,4.290425181877876,11.114709081156867,1
c0223195d5ca583a,2021.05.25.14.16.10_veh-35_01690_02183,30,pdm_closed,173,173,0.0,0.9420147185612058,4.290486991648992,11.114816956949994,1,159,0.0,0.9420147185612058,4.290486991648992,11.114816956949994,1,163,0.0,0.9420147185612058,4.290486991648992,11.114816956949994,1
c0223195d5ca583a,2021.05.25.14.16.10_veh-35_01690_02183,43,pdm_closed,168,168,0.0,0.9384429987404219,4.290525682549311,11.11478441670789,1,155,0.0,0.9384429987404219,4.290525682549311,11.11478441670789,1,163,0.0,0.9384429987404219,4.290525682549311,11.11478441670789,1
c0223195d5ca583a,2021.05.25.14.16.10_veh-35_01690_02183,57,pdm_closed,167,167,0.0,0.9323939812904033,4.28939524168957,11.1128521139098,1,156,0.0,0.9323939812904033,4.28939524168957,11.1128521139098,1,162,0.0,0.9323939812904033,4.28939524168957,11.1128521139098,1
c0223195d5ca583a,2021.05.25.14.16.10_veh-35_01690_02183,70,pdm_closed,163,163,0.0,0.9330956684840432,4.290927833985283,11.115490726131972,1,153,0.0,0.9330956684840432,4.290927833985283,11.115490726131972,1,156,0.0,0.9330956684840432,4.290927833985283,11.115490726131972,1
c0223195d5ca583a,2021.05.25.14.16.10_veh-35_01690_02183,83,pdm_closed,162,162,0.0,0.9286023333085907,4.289898395741305,11.113737210625478,1,150,0.0,0.9286023333085907,4.289898395741305,11.113737210625478,1,154,0.0,0.9286023333085907,4.289898395741305,11.113737210625478,1
c0223195d5ca583a,2021.05.25.14.16.10_veh-35_01690_02183,97,pdm_closed,170,170,0.0,0.9242236430228241,4.290126073391759,11.114112042763411,1,156,0.0,0.9242236430228241,4.290126073391759,11.114112042763411,1,162,0.0,0.9242236430228241,4.290126073391759,11.114112042763411,1
c0223195d5ca583a,2021.05.25.14.16.10_veh-35_01690_02183,110,pdm_closed,166,166,0.0,0.9243513944234963,4.290530121667122,11.114797731180794,1,154,0.0,0.9243513944234963,4.290530121667122,11.114797731180794,1,158,0.0,0.9243513944234963,4.290530121667122,11.114797731180794,1
c0223195d5ca583a,2021.05.25.14.16.10_veh-35_01690_02183,123,pdm_closed,165,165,0.0,0.9287566193482283,3.501647115857175,7.88243733063603,1,150,0.0,0.9332648367968941,4.290117056509603,11.114139567769117,1,158,0.0,0.9332648367968941,4.290117056509603,11.114139567769117,1
c0223195d5ca583a,2021.05.25.14.16.10_veh-35_01690_02183,137,pdm_closed,162,162,0.0,0.9197539724691292,3.727017947411391,8.318884028028004,1,149,0.0,0.9348625026910119,4.28974192575115,11.113489803477206,1,153,0.0,0.9348625026910119,4.28974192575115,11.113489803477206,1
c0223195d5ca583a,2021.05.25.14.16.10_veh-35_01690_02183,150,pdm_closed,163,163,0.0,0.921922836385035,3.914963281355306,9.854354013275737,1,150,0.0,0.9219228414905719,4.290401150024529,11.114573745502174,1,152,0.0,0.9219228414905719,4.290401150024529,11.114573745502174,1
c0223195d5ca583a,2021.05.25.14.16.10_veh-35_01690_02183,163,pdm_closed,164,164,0.0,0.9297551931683794,4.110783814307262,10.61971293892245,1,151,0.0,0.9297551877252912,4.290113898805746,11.11407167292527,1,158,0.0,0.9297551877252912,4.290113898805746,11.11407167292527,1
c0223195d5ca583a,2021.05.25.14.16.10_veh-35_01690_02183,176,pdm_closed,163,163,0.0,0.9358006965081019,4.144891573286225,10.716322325527633,1,154,0.0,0.9358006965081019,4.144891573286225,10.716322325527633,1,154,0.0,0.9358006965081019,4.144891573286225,10.716322325527633,1
c0223195d5ca583a,2021.05.25.14.16.10_veh-35_01690_02183,190,pdm_closed,161,161,0.0,0.932447867496318,4.185581173750824,10.842748855626967,1,151,0.0,0.932447867496318,4.185581173750824,10.842748855626967,1,155,0.0,0.932447867496318,4.185581173750824,10.842748855626967,1
c0223195d5ca583a,2021.05.25.14.16.10_veh-35_01690_02183,203,pdm_closed,158,158,0.0,0.9308896623626455,4.250513641452695,11.02448258383695,1,148,0.0,0.9308896623626455,4.250513641452695,11.02448258383695,1,151,0.0,0.9308896623626455,4.250513641452695,11.02448258383695,1
c0223195d5ca583a,2021.05.25.14.16.10_veh-35_01690_02183,216,pdm_closed,159,159,0.0,0.9058631676128477,4.284992777093523,11.10425459607547,1,146,0.0,0.905863167459443,4.289411547694742,11.11284372992424,1,154,0.0,0.9058631676128477,4.284992777093523,11.10425459607547,1
c0223195d5ca583a,2021.05.25.14.16.10_veh-35_01690_02183,230,pdm_closed,166,166,0.0,0.9173409910831831,3.4790980025832416,7.71551514291625,1,154,0.0,0.9173409873312623,4.289926483553504,11.113806813945905,1,158,0.0,0.9173409873312623,4.289926483553504,11.113806813945905,1
c0223195d5ca583a,2021.05.25.14.16.10_veh-35_01690_02183,243,pdm_closed,167,167,0.0,0.9255011194325021,3.88313116228042,9.021490475965964,1,154,0.0,0.9333722304842628,4.291174983728928,11.115919015591382,1,160,0.0,0.9255011194325021,3.88313116228042,9.021490475965964,1
c0223195d5ca583a,2021.05.25.14.16.10_veh-35_01690_02183,256,pdm_closed,166,166,0.0,0.9330945825913542,3.84322474275566,9.236813453430107,1,152,0.0,0.9330945844110002,4.2895427733423155,11.11310590853266,1,159,0.0,0.9330945844110002,4.2895427733423155,11.11310590853266,1
c0223195d5ca583a,2021.05.25.14.16.10_veh-35_01690_02183,270,pdm_closed,167,167,0.0,0.9413041592595718,4.08547344657317,10.520629624039866,1,154,0.0,0.9265228519906594,4.2896129686238265,11.113266056893666,1,159,0.0,0.9265228519906594,4.2896129686238265,11.113266056893666,1
c0223195d5ca583a,2021.05.25.14.16.10_veh-35_01690_02183,283,pdm_closed,166,166,0.0,0.9122125811695587,3.4728509493807023,7.839712318014399,1,154,0.0,0.9142311612702545,4.225616076985311,10.960796139492203,1,156,0.0,0.9142311612702545,4.225616076985311,10.960796139492203,1
c0223195d5ca583a,2021.05.25.14.16.10_veh-35_01690_02183,296,pdm_closed,165,165,0.0,0.9184060015274478,4.01085702118021,9.362306717450345,1,154,0.0,0.9184060015274478,4.01085702118021,9.362306717450345,1,161,0.0,0.9184060015274478,4.01085702118021,9.362306717450345,1
c0223195d5ca583a,2021.05.25.14.16.10_veh-35_01690_02183,310,pdm_closed,166,166,0.0,0.9247166022967966,3.803559838455053,8.790931971278782,1,155,0.0,0.9214931243331334,4.290045717821968,11.11399236524841,1,161,0.0,0.9247166022967966,3.803559838455053,8.790931971278782,1
c447cf02ded15310,2021.06.28.16.57.59_veh-26_00016_00484,4,pdm_closed,109,109,0.0,0.7856266471652599,0.7109164138397461,2.0338555874727415,1,101,0.0,0.7858917958329135,0.5724564955100742,0.6970967452689016,1,105,0.0,0.7856266471652599,0.7109164138397461,2.0338555874727415,1
c447cf02ded15310,2021.06.28.16.57.59_veh-26_00016_00484,17,pdm_closed,115,115,0.0,0.8506240958587155,1.2159444108594943,3.1976947250471155,1,106,0.0,0.8506041458369178,0.6857011929410625,1.916843457905907,1,108,0.0,0.8506240958587155,1.2159444108594943,3.1976947250471155,1
c447cf02ded15310,2021.06.28.16.57.59_veh-26_00016_00484,30,pdm_closed,126,126,0.0,1.8984409625029457,2.2680489542912525,4.260196379428371,1,119,0.0,0.8984515065483972,1.215730961575676,2.90085575992391,1,124,0.0,1.8984409625029457,2.2680489542912525,4.260196379428371,1
c447cf02ded15310,2021.06.28.16.57.59_veh-26_00016_00484,43,pdm_closed,137,137,0.0,1.8049745751492738,2.5150765694618777,4.416169074033135,1,129,0.0,1.8049745751492738,2.5150765694618777,4.416169074033135,1,132,0.0,1.8049745751492738,2.5150765694618777,4.416169074033135,1
c447cf02ded15310,2021.06.28.16.57.59_veh-26_00016_00484,57,pdm_closed,159,159,0.0,1.685579135364198,2.6365372981752424,4.160998241409156,1,151,0.0,1.688200277946214,2.248162367854991,3.427175350227526,1,154,0.0,1.685579135364198,2.6365372981752424,4.160998241409156,1
c447cf02ded15310,2021.06.28.16.57.59_veh-26_00016_00484,70,pdm_closed,163,163,0.0,0.7587702926796561,9.22661762445031,23.17551822312693,1,155,0.0,0.7587702926796561,9.22661762445031,23.17551822312693,1,157,0.0,0.7587702926796561,9.22661762445031,23.17551822312693,1
c447cf02ded15310,2021.06.28.16.57.59_veh-26_00016_00484,83,pdm_closed,178,178,0.0,0.5790932043879802,8.379852166771997,21.410797028269933,1,170,0.0,0.5790932043879802,8.379852166771997,21.410797028269933,1,174,0.0,0.5790932043879802,8.379852166771997,21.410797028269933,1
c447cf02ded15310,2021.06.28.16.57.59_veh-26_00016_00484,97,pdm_closed,177,177,0.0,1.5640702568375573,1.954923903405059,3.1129754530050247,1,167,0.0,1.5640702568375573,1.954923903405059,3.1129754530050247,1,170,0.0,1.5640702568375573,1.954923903405059,3.1129754530050247,1
c447cf02ded15310,2021.06.28.16.57.59_veh-26_00016_00484,110,pdm_closed,174,174,0.0,1.7033716101147802,1.7113122199101878,2.8082074694568324,1,163,0.0,0.7665721370543306,0.9843689430327289,1.9575658353471492,1,169,0.0,1.7033716101147802,1.7113122199101878,2.8082074694568324,1
c447cf02ded15310,2021.06.28.16.57.59_veh-26_00016_00484,123,pdm_closed,165,165,0.0,1.7804214873672841,1.4943858383941033,2.5801304955156614,1,156,0.0,0.860579785675548,0.8520408800951567,1.8185619108061504,1,161,0.0,1.7804214873672841,1.4943858383941033,2.5801304955156614,1
c447cf02ded15310,2021.06.28.16.57.59_veh-26_00016_00484,137,pdm_closed,169,169,0.0,2.458023408471716,1.5095346478543512,2.8417884930526323,1,159,0.0,2.477801794585366,1.1923699901510332,2.1304390055361146,1,160,0.0,2.477801794585366,1.1923699901510332,2.1304390055361146,1
c447cf02ded15310,2021.06.28.16.57.59_veh-26_00016_00484,150,pdm_closed,166,166,0.0,3.8881017750822497,1.522037397483485,2.988780072387763,1,158,0.0,3.9094983219931145,1.2336545062221975,2.3379225373474495,1,164,0.0,3.8881017750822497,1.522037397483485,2.988780072387763,1
c447cf02ded15310,2021.06.28.16.57.59_veh-26_00016_00484,163,pdm_closed,164,164,0.0,5.241673635076781,1.63780059442341,3.2801844298414453,1,158,0.0,5.241673635076781,1.63780059442341,3.2801844298414453,1,159,0.0,5.241673635076781,1.63780059442341,3.2801844298414453,1
c447cf02ded15310,2021.06.28.16.57.59_veh-26_00016_00484,176,pdm_closed,171,171,0.0,5.651879045827775,1.8280582408750439,3.722973041531582,1,163,0.0,5.650665620077773,1.5707260079166057,3.1988936490869104,1,165,0.0,5.650665620077773,1.5707260079166057,3.1988936490869104,1
c447cf02ded15310,2021.06.28.16.57.59_veh-26_00016_00484,190,pdm_closed,168,168,0.0,5.631835390420269,2.1577386679598707,4.254864966574037,1,161,0.0,5.63193106306531,1.8818128218261063,3.6883661298753627,1,163,0.0,5.631835390420269,2.1577386679598707,4.254864966574037,1
c447cf02ded15310,2021.06.28.16.57.59_veh-26_00016_00484,203,pdm_closed,168,168,0.0,5.568053635973936,2.326456239029139,4.486873418339768,1,165,0.0,5.569846817775313,2.036189007287784,3.8694065968844207,1,165,0.0,5.569846817775313,2.036189007287784,3.8694065968844207,1
c447cf02ded15310,2021.06.28.16.57.59_veh-26_00016_00484,216,pdm_closed,155,155,0.0,5.5479753627981365,2.3734038406420677,4.4519878850526196,1,150,0.0,5.548594113613283,2.0843223654802747,3.835701318554978,1,152,0.0,5.548594113613283,2.0843223654802747,3.835701318554978,1
c447cf02ded15310,2021.06.28.16.57.59_veh-26_00016_00484,230,pdm_closed,154,154,0.0,4.565434687328116,2.1613481911162262,4.365749934246104,1,150,0.0,4.564825162143143,1.860805796719927,3.774353989114497,1,152,0.0,4.565434687328116,2.1613481911162262,4.365749934246104,1
c447cf02ded15310,2021.06.28.16.57.59_veh-26_00016_00484,243,pdm_closed,153,153,0.0,4.5525924320202495,2.089756618523437,4.1881066863502,1,150,0.0,4.553044521362254,1.7814535202251458,3.584801605700759,1,152,0.0,4.5525924320202495,2.089756618523437,4.1881066863502,1
c447cf02ded15310,2021.06.28.16.57.59_veh-26_00016_00484,256,pdm_closed,141,141,0.0,4.552657343706503,1.9701341308453666,4.045531064297477,1,137,0.0,4.567051999051623,1.6536817170608604,3.4232290407081156,1,140,0.0,4.552657343706503,1.9701341308453666,4.045531064297477,1
c447cf02ded15310,2021.06.28.16.57.59_veh-26_00016_00484,270,pdm_closed,132,132,0.0,4.551403391565365,1.911876148743622,4.003490520409274,1,129,0.0,4.54906870963658,1.5817422575907023,3.343954957396632,1,131,0.0,4.551403391565365,1.911876148743622,4.003490520409274,1
c447cf02ded15310,2021.06.28.16.57.59_veh-26_00016_00484,283,pdm_closed,128,128,0.0,4.438280446643164,1.8613989380527818,3.943067501154336,1,125,0.0,4.412957696072313,1.5327589594413933,3.2876469310771723,1,127,0.0,4.438280446643164,1.8613989380527818,3.943067501154336,1
c447cf02ded15310,2021.06.28.16.57.59_veh-26_00016_00484,296,pdm_closed,132,132,0.0,4.404928699902434,1.8468465142637585,3.850856166335619,1,128,0.0,4.404928699902434,1.8468465142637585,3.850856166335619,1,130,0.0,4.404928699902434,1.8468465142637585,3.850856166335619,1
c447cf02ded15310,2021.06.28.16.57.59_veh-26_00016_00484,310,pdm_closed,146,146,0.0,4.414026605646864,1.8543860718651313,3.750760910495318,1,135,0.0,4.413890353247131,1.5522994399687162,3.147471791410418,1,136,0.0,4.413890353247131,1.5522994399687162,3.147471791410418,1
c8a1829556a75435,2021.06.07.12.54.00_veh-35_01843_02314,4,pdm_closed,42,42,0.0,0.1578340757907763,1.7245501716347444,2.416481280066312,1,34,0.0,0.1578340757907763,1.7245501716347444,2.416481280066312,1,39,0.0,0.1578340757907763,1.7245501716347444,2.416481280066312,1
c8a1829556a75435,2021.06.07.12.54.00_veh-35_01843_02314,17,pdm_closed,42,42,0.0,0.21428264128135802,1.7174660899570497,2.402190942906436,1,32,0.0,0.21428264128135802,1.7174660899570497,2.402190942906436,1,36,0.0,0.21428264128135802,1.7174660899570497,2.402190942906436,1
c8a1829556a75435,2021.06.07.12.54.00_veh-35_01843_02314,30,pdm_closed,40,40,0.0,1.1820832390264235,1.7223229677748078,2.4120450633432218,1,32,1.0,0.0,4.190673213504781,10.689899263264307,1,36,1.0,0.0,4.190673213504781,10.689899263264307,1
c8a1829556a75435,2021.06.07.12.54.00_veh-35_01843_02314,43,pdm_closed,45,45,0.0,1.1856791965416986,1.7206750836335325,2.408656886861421,1,35,0.0,1.1856791965416986,1.7206750836335325,2.408656886861421,1,40,0.0,1.1856791965416986,1.7206750836335325,2.408656886861421,1
c8a1829556a75435,2021.06.07.12.54.00_veh-35_01843_02314,57,pdm_closed,46,46,0.0,1.1982008432821771,1.7213015611225735,2.409965864642653,1,35,0.0,1.1982008432821771,1.7213015611225735,2.409965864642653,1,40,0.0,1.1982008432821771,1.7213015611225735,2.409965864642653,1
c8a1829556a75435,2021.06.07.12.54.00_veh-35_01843_02314,70,pdm_closed,44,44,0.0,1.2017267887956709,1.7221315427872068,2.411410212026156,1,35,0.0,1.2017267887956709,1.7221315427872068,2.411410212026156,1,41,0.0,1.2017267887956709,1.7221315427872068,2.411410212026156,1
c8a1829556a75435,2021.06.07.12.54.00_veh-35_01843_02314,83,pdm_closed,43,43,0.0,1.1883114117695812,1.720602831185226,2.4086129698111938,1,34,0.0,1.1883114117695812,1.720602831185226,2.4086129698111938,1,40,0.0,1.1883114117695812,1.720602831185226,2.4086129698111938,1
c8a1829556a75435,2021.06.07.12.54.00_veh-35_01843_02314,97,pdm_closed,42,42,0.0,1.186545590459144,1.7201956570965782,2.4078448234986825,1,34,0.0,1.186545590459144,1.7201956570965782,2.4078448234986825,1,39,0.0,1.186545590459144,1.7201956570965782,2.4078448234986825,1
c8a1829556a75435,2021.06.07.12.54.00_veh-35_01843_02314,110,pdm_closed,43,43,0.0,1.198458223534602,1.7183165067594173,2.4038567423073416,1,37,0.0,1.198458223534602,1.7183165067594173,2.4038567423073416,1,38,1.0,0.0,4.190900420330792,10.690344377523555,1
c8a1829556a75435,2021.06.07.12.54.00_veh-35_01843_02314,123,pdm_closed,41,41,0.0,1.185838820749846,1.7181396575763053,2.4037019054347395,1,33,0.0,1.185838820749846,1.7181396575763053,2.4037019054347395,1,39,0.0,1.185838820749846,1.7181396575763053,2.4037019054347395,1
c8a1829556a75435,2021.06.07.12.54.00_veh-35_01843_02314,137,pdm_closed,40,40,0.0,1.1799486109318442,1.7238973969852327,2.4151732143001006,1,33,0.0,1.1799486109318442,1.7238973969852327,2.4151732143001006,1,35,0.0,1.1799486109318442,1.7238973969852327,2.4151732143001006,1
c8a1829556a75435,2021.06.07.12.54.00_veh-35_01843_02314,150,pdm_closed,42,42,0.0,1.1800794624898274,1.725982945315197,2.4192986045577882,1,37,0.0,1.1800794624898274,1.725982945315197,2.4192986045577882,1,38,0.0,1.1800794624898274,1.725982945315197,2.4192986045577882,1
c8a1829556a75435,2021.06.07.12.54.00_veh-35_01843_02314,163,pdm_closed,40,40,0.0,1.1895168908892246,1.7193286398357914,2.4059683211333804,1,30,0.0,1.1895168908892246,1.7193286398357914,2.4059683211333804,1,34,0.0,1.1895168908892246,1.7193286398357914,2.4059683211333804,1
c8a1829556a75435,2021.06.07.12.54.00_veh-35_01843_02314,176,pdm_closed,38,38,0.0,1.1929664827192743,1.7224374378280194,2.4124436923651924,1,31,0.0,1.1929664827192743,1.7224374378280194,2.4124436923651924,1,34,0.0,1.1929664827192743,1.7224374378280194,2.4124436923651924,1
c8a1829556a75435,2021.06.07.12.54.00_veh-35_01843_02314,190,pdm_closed,38,38,0.0,1.1882619766247324,1.7213037804388334,2.4099705641749924,1,32,0.0,1.1882619766247324,1.7213037804388334,2.4099705641749924,1,35,0.0,1.1882619766247324,1.7213037804388334,2.4099705641749924,1
c8a1829556a75435,2021.06.07.12.54.00_veh-35_01843_02314,203,pdm_closed,39,39,0.0,1.1957481697603662,1.716231436893814,2.399607907802733,1,29,0.0,1.1957481697603662,1.716231436893814,2.399607907802733,1,36,0.0,1.1957481697603662,1.716231436893814,2.399607907802733,1
c8a1829556a75435,2021.06.07.12.54.00_veh-35_01843_02314,216,pdm_closed,41,41,0.0,1.1807339051254584,1.7259483625500573,2.4193584812641085,1,33,0.0,1.1807339051254584,1.7259483625500573,2.4193584812641085,1,33,0.0,1.1807339051254584,1.7259483625500573,2.4193584812641085,1
c8a1829556a75435,2021.06.07.12.54.00_veh-35_01843_02314,230,pdm_closed,41,41,0.0,1.1790340734200284,1.7206722261519216,2.408666954948357,1,35,0.0,1.1790340734200284,1.7206722261519216,2.408666954948357,1,37,0.0,1.1790340734200284,1.7206722261519216,2.408666954948357,1
c8a1829556a75435,2021.06.07.12.54.00_veh-35_01843_02314,243,pdm_closed,41,41,0.0,1.1997452333770355,1.7186648309584385,2.404584583361696,1,36,0.0,1.1997452333770355,1.7186648309584385,2.404584583361696,1,39,0.0,1.1997452333770355,1.7186648309584385,2.404584583361696,1
c8a1829556a75435,2021.06.07.12.54.00_veh-35_01843_02314,256,pdm_closed,42,42,0.0,1.1864728650167542,1.722844268301727,2.4130439046775227,1,37,0.0,1.1864728650167542,1.722844268301727,2.4130439046775227,1,39,0.0,1.1864728650167542,1.722844268301727,2.4130439046775227,1
c8a1829556a75435,2021.06.07.12.54.00_veh-35_01843_02314,270,pdm_closed,44,44,0.0,1.2054140216540572,1.7198571005962426,2.4070352599641884,1,37,1.0,0.0,4.190443596639092,10.689540845697213,1,41,1.0,0.0,4.190443596639092,10.689540845697213,1
c8a1829556a75435,2021.06.07.12.54.00_veh-35_01843_02314,283,pdm_closed,45,45,0.0,1.2019231858591977,1.7182625619419731,2.4039363310525306,1,39,0.0,1.2019231858591977,1.7182625619419731,2.4039363310525306,1,43,0.0,1.2019231858591977,1.7182625619419731,2.4039363310525306,1
c8a1829556a75435,2021.06.07.12.54.00_veh-35_01843_02314,296,pdm_closed,45,45,0.0,1.1897357179717196,1.7210813450239604,2.4092879826423643,1,37,1.0,0.0,4.1912155134247495,10.690810685882214,1,42,1.0,0.0,4.1912155134247495,10.690810685882214,1
c8a1829556a75435,2021.06.07.12.54.00_veh-35_01843_02314,310,pdm_closed,45,45,0.0,1.1978352585381282,1.715724035110442,2.39838217222593,1,40,0.0,1.1978352585381282,1.715724035110442,2.39838217222593,1,41,0.0,1.1978352585381282,1.715724035110442,2.39838217222593,1
ccd895fd3f845df1,2021.10.01.19.16.42_veh-28_03307_03808,4,pdm_closed,42,42,0.0,1.838321414626643,3.487700430112173,8.948502164148321,1,32,0.0,1.838321414626643,3.487700430112173,8.948502164148321,1,35,0.0,1.838321414626643,3.487700430112173,8.948502164148321,1
ccd895fd3f845df1,2021.10.01.19.16.42_veh-28_03307_03808,17,pdm_closed,49,49,0.0,1.8295379151966114,3.6000893492484876,9.158942144466327,1,39,0.0,1.8295379151966114,3.6000893492484876,9.158942144466327,1,45,0.0,1.8295379151966114,3.6000893492484876,9.158942144466327,1
ccd895fd3f845df1,2021.10.01.19.16.42_veh-28_03307_03808,30,pdm_closed,54,54,0.0,1.827207437910533,3.6704879666750454,9.224531566472246,1,45,0.0,1.827207437910533,3.6704879666750454,9.224531566472246,1,49,0.0,1.827207437910533,3.6704879666750454,9.224531566472246,1
ccd895fd3f845df1,2021.10.01.19.16.42_veh-28_03307_03808,43,pdm_closed,46,46,0.0,1.7991529815860614,4.3909224760881145,8.62108796933401,1,39,0.0,1.7991529815860614,4.3909224760881145,8.62108796933401,1,43,0.0,1.7991529815860614,4.3909224760881145,8.62108796933401,1
ccd895fd3f845df1,2021.10.01.19.16.42_veh-28_03307_03808,57,pdm_closed,40,40,0.0,1.8134271581395567,7.525544771118295,16.580089597314405,1,33,0.0,1.8134271581395567,7.525544771118295,16.580089597314405,1,36,0.0,1.8134271581395567,7.525544771118295,16.580089597314405,1
ccd895fd3f845df1,2021.10.01.19.16.42_veh-28_03307_03808,70,pdm_closed,39,39,0.0,1.7627437071381615,7.350637414429789,16.424089407926193,1,30,0.0,1.7627437071381615,7.350637414429789,16.424089407926193,1,33,0.0,1.7627437071381615,7.350637414429789,16.424089407926193,1
ccd895fd3f845df1,2021.10.01.19.16.42_veh-28_03307_03808,83,pdm_closed,36,36,0.0,1.3105936075365907,7.351784395646657,16.314647677292022,1,28,0.0,1.3105936075365907,7.351784395646657,16.314647677292022,1,30,0.0,1.3105936075365907,7.351784395646657,16.314647677292022,1
ccd895fd3f845df1,2021.10.01.19.16.42_veh-28_03307_03808,97,pdm_closed,38,38,0.0,1.3122961565821314,7.319011214118698,15.950251704183218,1,29,0.0,1.3122961565821314,7.319011214118698,15.950251704183218,1,33,0.0,1.3122961565821314,7.319011214118698,15.950251704183218,1
ccd895fd3f845df1,2021.10.01.19.16.42_veh-28_03307_03808,110,pdm_closed,39,39,0.0,1.312581678919011,6.8887587175167475,13.87668216448604,1,28,0.0,1.312581678919011,6.8887587175167475,13.87668216448604,1,33,0.0,1.312581678919011,6.8887587175167475,13.87668216448604,1
ccd895fd3f845df1,2021.10.01.19.16.42_veh-28_03307_03808,123,pdm_closed,38,38,0.0,1.2821146156681853,4.713493113004328,12.040244546941894,1,26,0.0,1.2821146156681853,4.713493113004328,12.040244546941894,1,32,0.0,1.2821146156681853,4.713493113004328,12.040244546941894,1
ccd895fd3f845df1,2021.10.01.19.16.42_veh-28_03307_03808,137,pdm_closed,39,39,0.0,1.2870270442575669,5.1862436343698795,12.922160201186761,1,29,0.0,1.2870270442575669,5.1862436343698795,12.922160201186761,1,31,0.0,1.2870270442575669,5.1862436343698795,12.922160201186761,1
ccd895fd3f845df1,2021.10.01.19.16.42_veh-28_03307_03808,150,pdm_closed,39,39,0.0,0.9309966808135126,5.267369303588861,13.103088274161015,1,29,0.0,0.9309966808135126,5.267369303588861,13.103088274161015,1,34,0.0,0.9309966808135126,5.267369303588861,13.103088274161015,1
ccd895fd3f845df1,2021.10.01.19.16.42_veh-28_03307_03808,163,pdm_closed,40,40,0.0,0.4299928727534015,5.219011528117578,12.84099921896638,1,30,0.0,0.4299928727534015,5.219011528117578,12.84099921896638,1,35,0.0,0.4299928727534015,5.219011528117578,12.84099921896638,1
ccd895fd3f845df1,2021.10.01.19.16.42_veh-28_03307_03808,176,pdm_closed,43,43,0.0,0.41360531088276514,5.0884172737977105,12.41812863585083,1,29,0.0,0.41360531088276514,5.0884172737977105,12.41812863585083,1,36,0.0,0.41360531088276514,5.0884172737977105,12.41812863585083,1
ccd895fd3f845df1,2021.10.01.19.16.42_veh-28_03307_03808,190,pdm_closed,48,48,0.0,0.5358128866124446,4.879043802541205,11.874062694833214,1,33,0.0,0.5358128866124446,4.879043802541205,11.874062694833214,1,39,0.0,0.5358128866124446,4.879043802541205,11.874062694833214,1
ccd895fd3f845df1,2021.10.01.19.16.42_veh-28_03307_03808,203,pdm_closed,49,49,0.0,0.5220374071310891,4.616750657890156,11.331048321083353,1,39,0.0,0.5220374071310891,4.616750657890156,11.331048321083353,1,46,0.0,0.5220374071310891,4.616750657890156,11.331048321083353,1
ccd895fd3f845df1,2021.10.01.19.16.42_veh-28_03307_03808,216,pdm_closed,51,51,0.0,1.808041988187732,4.254013548816633,10.681650323714011,1,40,0.0,1.808041988187732,4.254013548816633,10.681650323714011,1,46,0.0,1.808041988187732,4.254013548816633,10.681650323714011,1
ccd895fd3f845df1,2021.10.01.19.16.42_veh-28_03307_03808,230,pdm_closed,51,51,0.0,1.5696674162192206,3.9172938381198543,10.251734256644045,1,39,0.0,1.5696674162192206,3.9172938381198543,10.251734256644045,1,43,0.0,1.5696674162192206,3.9172938381198543,10.251734256644045,1
ccd895fd3f845df1,2021.10.01.19.16.42_veh-28_03307_03808,243,pdm_closed,54,54,0.0,1.466926760188336,3.949282373086294,10.449636176328802,1,41,0.0,1.466926760188336,3.949282373086294,10.449636176328802,1,47,0.0,1.466926760188336,3.949282373086294,10.449636176328802,1
ccd895fd3f845df1,2021.10.01.19.16.42_veh-28_03307_03808,256,pdm_closed,52,52,1.0,0.0,6.134550909889203,9.736847580725398,1,39,0.0,1.4788899105574784,9.24809169000805,16.04014292249104,1,45,1.0,0.0,6.134550909889203,9.736847580725398,1
ccd895fd3f845df1,2021.10.01.19.16.42_veh-28_03307_03808,270,pdm_closed,50,50,1.0,0.0,2.522296694932499,5.237036806292148,1,36,0.0,1.4696569103273167,4.376149639517222,11.415523236339597,1,43,1.0,0.0,2.522296694932499,5.237036806292148,1
ccd895fd3f845df1,2021.10.01.19.16.42_veh-28_03307_03808,283,pdm_closed,51,51,0.0,3.456291910414922,3.1908493235333326,5.748862402350914,1,39,0.0,3.456291910414922,3.1908493235333326,5.748862402350914,1,42,0.0,3.456291910414922,3.1908493235333326,5.748862402350914,1
ccd895fd3f845df1,2021.10.01.19.16.42_veh-28_03307_03808,296,pdm_closed,61,61,0.0,2.400027077174632,1.1655291957200717,1.1798176489536982,1,42,0.0,2.429523459247749,4.732087492037587,11.82044386540266,1,50,0.0,2.400027077174632,1.1655291957200717,1.1798176489536982,1
ccd895fd3f845df1,2021.10.01.19.16.42_veh-28_03307_03808,310,pdm_closed,67,67,0.0,1.6476967606728625,3.3411542199784705,6.137097047545664,1,48,0.0,1.443743210851155,4.725120173900747,11.719152191256462,1,54,0.0,1.6476967606728625,3.3411542199784705,6.137097047545664,1
d11ee7ab0fce5b62,2021.05.12.23.36.44_veh-35_02035_02387,4,pdm_closed,199,199,0.0,1.676560063895487,1.8922636291980828,3.8618221108222155,1,169,0.0,1.676560063895487,1.8922636291980828,3.8618221108222155,1,179,0.0,1.676560063895487,1.8922636291980828,3.8618221108222155,1
d11ee7ab0fce5b62,2021.05.12.23.36.44_veh-35_02035_02387,17,pdm_closed,214,214,0.0,1.620413814334013,1.9481836864431628,3.9258254256343292,1,172,0.0,1.620413814334013,1.9481836864431628,3.9258254256343292,1,183,0.0,1.620413814334013,1.9481836864431628,3.9258254256343292,1
d11ee7ab0fce5b62,2021.05.12.23.36.44_veh-35_02035_02387,30,pdm_closed,212,212,0.0,1.6021925955382046,1.8294839031813392,3.706577450277445,1,174,0.0,1.6021925955382046,1.8294839031813392,3.706577450277445,1,189,0.0,1.6021925955382046,1.8294839031813392,3.706577450277445,1
d11ee7ab0fce5b62,2021.05.12.23.36.44_veh-35_02035_02387,43,pdm_closed,214,214,0.0,1.6250960983947424,1.5596200115924694,3.257897494872869,1,181,0.0,1.6250960983947424,1.5596200115924694,3.257897494872869,1,191,0.0,1.6250960983947424,1.5596200115924694,3.257897494872869,1
d11ee7ab0fce5b62,2021.05.12.23.36.44_veh-35_02035_02387,57,pdm_closed,215,215,0.0,1.60668152026727,1.407429821524004,2.984817011956725,1,192,0.0,1.60668152026727,1.407429821524004,2.984817011956725,1,201,0.0,1.60668152026727,1.407429821524004,2.984817011956725,1
d11ee7ab0fce5b62,2021.05.12.23.36.44_veh-35_02035_02387,70,pdm_closed,212,212,0.0,1.4881049419337706,1.4529290835854989,2.884781518753703,1,189,0.0,1.4881049419337706,1.4529290835854989,2.884781518753703,1,203,0.0,1.4881049419337706,1.4529290835854989,2.884781518753703,1
d11ee7ab0fce5b62,2021.05.12.23.36.44_veh-35_02035_02387,83,pdm_closed,213,213,0.0,1.5005600170350821,1.3468666440859791,2.5939666275692215,1,190,0.0,1.5005600170350821,1.3468666440859791,2.5939666275692215,1,196,0.0,1.5005600170350821,1.3468666440859791,2.5939666275692215,1
d11ee7ab0fce5b62,2021.05.12.23.36.44_veh-35_02035_02387,96,pdm_closed,206,206,0.0,0.8980933373372378,1.1831135364192482,2.2311563243988664,1,185,0.0,0.8980933373372378,1.1831135364192482,2.2311563243988664,1,195,0.0,0.8980933373372378,1.1831135364192482,2.2311563243988664,1
d11ee7ab0fce5b62,2021.05.12.23.36.44_veh-35_02035_02387,110,pdm_closed,197,197,1.0,0.0,5.0122580556203165,8.45501467825826,1,183,1.0,0.0,5.0122580556203165,8.45501467825826,1,187,1.0,0.0,5.0122580556203165,8.45501467825826,1
d11ee7ab0fce5b62,2021.05.12.23.36.44_veh-35_02035_02387,123,pdm_closed,215,215,0.0,0.8518322258441954,3.088113401379181,5.8646515251178455,1,199,0.0,0.8518322258441954,3.088113401379181,5.8646515251178455,1,205,0.0,0.8518322258441954,3.088113401379181,5.8646515251178455,1
d11ee7ab0fce5b62,2021.05.12.23.36.44_veh-35_02035_02387,136,pdm_closed,208,208,0.0,1.543927857133696,3.830235415193264,5.760336445294416,1,194,0.0,1.543927857133696,3.830235415193264,5.760336445294416,1,200,0.0,1.543927857133696,3.830235415193264,5.760336445294416,1
d11ee7ab0fce5b62,2021.05.12.23.36.44_veh-35_02035_02387,149,pdm_closed,202,202,0.0,1.6185154425873878,1.1144098701932132,2.0563370132748693,1,189,0.0,1.6185154425873878,1.1144098701932132,2.0563370132748693,1,194,0.0,1.6185154425873878,1.1144098701932132,2.0563370132748693,1
d11ee7ab0fce5b62,2021.05.12.23.36.44_veh-35_02035_02387,163,pdm_closed,193,193,0.0,1.6240932941326078,1.4215739993067618,2.7722926405920933,1,181,0.0,1.6240932941326078,1.4215739993067618,2.7722926405920933,1,184,0.0,1.6240932941326078,1.4215739993067618,2.7722926405920933,1
d11ee7ab0fce5b62,2021.05.12.23.36.44_veh-35_02035_02387,176,pdm_closed,186,186,0.0,1.6158256989222852,1.2796303307984995,2.4637905515156144,1,176,0.0,1.6158256989222852,1.2796303307984995,2.4637905515156144,1,180,0.0,1.6158256989222852,1.2796303307984995,2.4637905515156144,1
d11ee7ab0fce5b62,2021.05.12.23.36.44_veh-35_02035_02387,189,pdm_closed,164,164,0.0,1.6148689157712144,0.9514910987108258,2.161953429610367,1,155,0.0,1.6148689157712144,0.9514910987108258,2.161953429610367,1,158,0.0,1.6148689157712144,0.9514910987108258,2.161953429610367,1
d11ee7ab0fce5b62,2021.05.12.23.36.44_veh-35_02035_02387,202,pdm_closed,148,148,0.0,2.2287041033022197,0.8125712970732439,2.337940058531696,1,139,0.0,2.2287041033022197,0.8125712970732439,2.337940058531696,1,141,0.0,2.2287041033022197,0.8125712970732439,2.337940058531696,1
d11ee7ab0fce5b62,2021.05.12.23.36.44_veh-35_02035_02387,216,pdm_closed,141,141,0.0,4.4510992064253285,1.2144786497381563,3.1385049296319254,1,135,0.0,4.4510992064253285,1.2144786497381563,3.1385049296319254,1,138,0.0,4.4510992064253285,1.2144786497381563,3.1385049296319254,1
d11ee7ab0fce5b62,2021.05.12.23.36.44_veh-35_02035_02387,229,pdm_closed,115,115,0.0,3.618906552089765,1.567032080267055,3.769701914698544,1,111,0.0,3.618906552089765,1.567032080267055,3.769701914698544,1,113,0.0,3.618906552089765,1.567032080267055,3.769701914698544,1
d11ee7ab0fce5b62,2021.05.12.23.36.44_veh-35_02035_02387,242,pdm_closed,126,126,0.0,2.6902200706187247,1.6853970163604242,3.296135579657649,1,119,0.0,3.139788524584035,2.215487974545724,4.309894228950231,1,121,0.0,3.139788524584035,2.215487974545724,4.309894228950231,1
d11ee7ab0fce5b62,2021.05.12.23.36.44_veh-35_02035_02387,255,pdm_closed,126,126,0.0,2.5668943502852697,1.8333413136923036,3.6825081159798305,1,117,0.0,2.5668943502852697,1.8333413136923036,3.6825081159798305,1,118,0.0,2.5668943502852697,1.8333413136923036,3.6825081159798305,1
d11ee7ab0fce5b62,2021.05.12.23.36.44_veh-35_02035_02387,269,pdm_closed,117,117,0.0,2.4328356408708935,2.1961414589683512,3.3329735873438846,1,101,0.0,2.4328356408708935,2.1961414589683512,3.3329735873438846,1,104,0.0,2.4328356408708935,2.1961414589683512,3.3329735873438846,1
d11ee7ab0fce5b62,2021.05.12.23.36.44_veh-35_02035_02387,282,pdm_closed,119,119,0.0,2.4210164219744525,2.1903106988190513,3.0268887453734985,1,94,0.0,2.4179509504096286,1.9831768474854552,2.6752810178862414,1,102,0.0,2.4179509504096286,1.9831768474854552,2.6752810178862414,1
d11ee7ab0fce5b62,2021.05.12.23.36.44_veh-35_02035_02387,295,pdm_closed,117,117,0.0,1.282308848842454,1.1018377645846786,1.5586268165191661,1,99,0.0,1.282308848842454,1.1018377645846786,1.5586268165191661,1,106,0.0,1.282308848842454,1.1018377645846786,1.5586268165191661,1
d11ee7ab0fce5b62,2021.05.12.23.36.44_veh-35_02035_02387,309,pdm_closed,129,129,0.0,2.2029969017601543,2.162714093541189,4.2812683487150105,1,105,0.0,2.2029969017601543,2.162714093541189,4.2812683487150105,1,114,0.0,2.2029969017601543,2.162714093541189,4.2812683487150105,1
d55d5f01e7815651,2021.06.09.14.58.55_veh-35_01894_02311,4,pdm_closed,156,156,0.0,1.2127300103670418,0.42554451090203543,0.42553159698552667,1,149,0.0,1.2127300103670418,0.42554451090203543,0.42553159698552667,1,150,0.0,1.2127300103670418,0.42554451090203543,0.42553159698552667,1
d55d5f01e7815651,2021.06.09.14.58.55_veh-35_01894_02311,17,pdm_closed,156,156,0.0,1.2141792389023751,0.4255304588737139,0.42553483983833323,1,149,0.0,1.2141792389023751,0.4255304588737139,0.42553483983833323,1,150,0.0,1.2141792389023751,0.4255304588737139,0.42553483983833323,1
d55d5f01e7815651,2021.06.09.14.58.55_veh-35_01894_02311,30,pdm_closed,154,154,0.0,1.2190851043698157,0.4255293850459863,0.4254383871319546,1,148,0.0,1.2190851043698157,0.4255293850459863,0.4254383871319546,1,149,0.0,1.2190851043698157,0.4255293850459863,0.4254383871319546,1
d55d5f01e7815651,2021.06.09.14.58.55_veh-35_01894_02311,43,pdm_closed,154,154,0.0,1.215689029616346,0.425490804964723,0.4254327687985373,1,149,0.0,1.215689029616346,0.425490804964723,0.4254327687985373,1,150,0.0,1.215689029616346,0.425490804964723,0.4254327687985373,1
d55d5f01e7815651,2021.06.09.14.58.55_veh-35_01894_02311,57,pdm_closed,155,155,0.0,1.2181423943246432,0.4255096294213349,0.4255339331699825,1,150,0.0,1.2181423943246432,0.4255096294213349,0.4255339331699825,1,151,0.0,1.2181423943246432,0.4255096294213349,0.4255339331699825,1
d55d5f01e7815651,2021.06.09.14.58.55_veh-35_01894_02311,70,pdm_closed,156,156,0.0,1.2221586574183796,0.425481049326591,0.4255127913207394,1,151,0.0,1.2221586574183796,0.425481049326591,0.4255127913207394,1,152,0.0,1.2221586574183796,0.425481049326591,0.4255127913207394,1
d55d5f01e7815651,2021.06.09.14.58.55_veh-35_01894_02311,83,pdm_closed,157,157,0.0,1.2140863795086794,0.42544373560441046,0.4254306256562491,1,152,0.0,1.2140863795086794,0.42544373560441046,0.4254306256562491,1,154,0.0,1.2140863795086794,0.42544373560441046,0.4254306256562491,1
d55d5f01e7815651,2021.06.09.14.58.55_veh-35_01894_02311,97,pdm_closed,159,159,0.0,1.2148254311508577,0.42550003385386287,0.42553969307079453,1,154,0.0,1.2148254311508577,0.42550003385386287,0.42553969307079453,1,155,0.0,1.2148254311508577,0.42550003385386287,0.42553969307079453,1
d55d5f01e7815651,2021.06.09.14.58.55_veh-35_01894_02311,110,pdm_closed,159,159,0.0,1.2189326675101981,0.4254893949524666,0.42560975546279484,1,154,0.0,1.2189326675101981,0.4254893949524666,0.42560975546279484,1,157,0.0,1.2189326675101981,0.4254893949524666,0.42560975546279484,1
d55d5f01e7815651,2021.06.09.14.58.55_veh-35_01894_02311,123,pdm_closed,160,160,0.0,1.2132291453726411,0.4254857921966818,0.4255118046612571,1,155,0.0,1.2132291453726411,0.4254857921966818,0.4255118046612571,1,158,0.0,1.2132291453726411,0.4254857921966818,0.4255118046612571,1
d55d5f01e7815651,2021.06.09.14.58.55_veh-35_01894_02311,137,pdm_closed,158,158,0.0,1.2148293434603927,0.4255166134815762,0.4254516231449999,1,153,0.0,1.2148293434603927,0.4255166134815762,0.4254516231449999,1,155,0.0,1.2148293434603927,0.4255166134815762,0.4254516231449999,1
d55d5f01e7815651,2021.06.09.14.58.55_veh-35_01894_02311,150,pdm_closed,157,157,0.0,1.2189284362361117,0.4255190373379418,0.42552350602716166,1,152,0.0,1.2189284362361117,0.4255190373379418,0.42552350602716166,1,154,0.0,1.2189284362361117,0.4255190373379418,0.42552350602716166,1
d55d5f01e7815651,2021.06.09.14.58.55_veh-35_01894_02311,163,pdm_closed,158,158,0.0,1.213241613909869,0.4255203544607302,0.4255798839604291,1,153,0.0,1.213241613909869,0.4255203544607302,0.4255798839604291,1,156,0.0,1.213241613909869,0.4255203544607302,0.4255798839604291,1
d55d5f01e7815651,2021.06.09.14.58.55_veh-35_01894_02311,176,pdm_closed,157,157,0.0,1.2124899063259722,0.4254942360610067,0.42547937527943575,1,152,0.0,1.2124899063259722,0.4254942360610067,0.42547937527943575,1,153,0.0,1.2124899063259722,0.4254942360610067,0.42547937527943575,1
d55d5f01e7815651,2021.06.09.14.58.55_veh-35_01894_02311,190,pdm_closed,158,158,0.0,1.219553564798197,0.4255397653715284,0.4255013429890071,1,153,0.0,1.219553564798197,0.4255397653715284,0.4255013429890071,1,154,0.0,1.219553564798197,0.4255397653715284,0.4255013429890071,1
d55d5f01e7815651,2021.06.09.14.58.55_veh-35_01894_02311,203,pdm_closed,158,158,0.0,1.2128290645126463,0.42552628074802484,0.4254528949224471,1,153,0.0,1.2128290645126463,0.42552628074802484,0.4254528949224471,1,157,0.0,1.2128290645126463,0.42552628074802484,0.4254528949224471,1
d55d5f01e7815651,2021.06.09.14.58.55_veh-35_01894_02311,216,pdm_closed,157,157,0.0,1.211814670456361,0.42549699661771634,0.42548310446699633,1,152,0.0,1.211814670456361,0.42549699661771634,0.42548310446699633,1,155,0.0,1.211814670456361,0.42549699661771634,0.42548310446699633,1
d55d5f01e7815651,2021.06.09.14.58.55_veh-35_01894_02311,230,pdm_closed,157,157,0.0,1.2102392642279498,0.42553917693335197,0.42552253688999614,1,152,0.0,1.2102392642279498,0.42553917693335197,0.42552253688999614,1,154,0.0,1.2102392642279498,0.42553917693335197,0.42552253688999614,1
d55d5f01e7815651,2021.06.09.14.58.55_veh-35_01894_02311,243,pdm_closed,157,157,0.0,1.212831128153996,0.42550423000958115,0.42552793783557624,1,152,0.0,1.212831128153996,0.42550423000958115,0.42552793783557624,1,154,0.0,1.212831128153996,0.42550423000958115,0.42552793783557624,1
d55d5f01e7815651,2021.06.09.14.58.55_veh-35_01894_02311,256,pdm_closed,157,157,0.0,1.2071936474294587,0.4255358696685958,0.42555610100235636,1,153,0.0,1.2071936474294587,0.4255358696685958,0.42555610100235636,1,153,0.0,1.2071936474294587,0.4255358696685958,0.42555610100235636,1
d55d5f01e7815651,2021.06.09.14.58.55_veh-35_01894_02311,270,pdm_closed,156,156,0.0,1.21024228729141,0.42764752239262904,0.44236103403889887,1,151,0.0,1.21024228729141,0.42764752239262904,0.44236103403889887,1,154,0.0,1.21024228729141,0.42764752239262904,0.44236103403889887,1
d55d5f01e7815651,2021.06.09.14.58.55_veh-35_01894_02311,283,pdm_closed,157,157,0.0,1.2116776110031309,0.5007780979028906,0.9738458926649235,1,153,0.0,1.2116776110031309,0.5007780979028906,0.9738458926649235,1,154,0.0,1.2116776110031309,0.5007780979028906,0.9738458926649235,1
d55d5f01e7815651,2021.06.09.14.58.55_veh-35_01894_02311,296,pdm_closed,156,156,0.0,1.2071945471436991,0.8021185502302246,2.4869740772654914,1,151,0.0,1.2071945471436991,0.8021185502302246,2.4869740772654914,1,154,0.0,1.2071945471436991,0.8021185502302246,2.4869740772654914,1
d55d5f01e7815651,2021.06.09.14.58.55_veh-35_01894_02311,310,pdm_closed,158,158,0.0,0.45578591552488923,1.5248431516592462,4.934844094019551,1,153,0.0,0.45578591552488923,1.5248431516592462,4.934844094019551,1,155,0.0,0.45578591552488923,1.5248431516592462,4.934844094019551,1
d9a184ce519d5a51,2021.06.23.15.56.12_veh-16_00839_01285,4,pdm_closed,53,53,0.0,1.3275978804456257,2.176931985649035,3.2106975989471875,1,42,0.0,1.3275978804456257,2.176931985649035,3.2106975989471875,1,47,0.0,1.3275978804456257,2.176931985649035,3.2106975989471875,1
d9a184ce519d5a51,2021.06.23.15.56.12_veh-16_00839_01285,17,pdm_closed,54,54,0.0,1.3153804760908516,2.1753401389530325,3.206670254429317,1,44,0.0,1.3153804760908516,2.1753401389530325,3.206670254429317,1,50,0.0,1.3153804760908516,2.1753401389530325,3.206670254429317,1
d9a184ce519d5a51,2021.06.23.15.56.12_veh-16_00839_01285,30,pdm_closed,57,57,0.0,1.314808563652749,2.1789705554380867,3.215452544879801,1,48,0.0,1.314808563652749,2.1789705554380867,3.215452544879801,1,55,0.0,1.314808563652749,2.1789705554380867,3.215452544879801,1
d9a184ce519d5a51,2021.06.23.15.56.12_veh-16_00839_01285,43,pdm_closed,60,60,0.0,1.3114109745349212,2.176777050037498,3.2099493473302574,1,50,1.0,0.0,3.560324352892938,8.156004305737826,1,56,1.0,0.0,3.560324352892938,8.156004305737826,1
d9a184ce519d5a51,2021.06.23.15.56.12_veh-16_00839_01285,57,pdm_closed,61,61,0.0,1.3032262112123651,2.1781304813389504,3.2131181697065823,1,51,1.0,0.0,3.5616507814005507,8.161750673989712,1,58,0.0,1.3032262112123651,2.1781304813389504,3.2131181697065823,1
d9a184ce519d5a51,2021.06.23.15.56.12_veh-16_00839_01285,70,pdm_closed,60,60,0.0,1.290083857667746,2.1772189338875765,3.211311174971118,1,52,0.0,1.290083857667746,2.1772189338875765,3.211311174971118,1,53,1.0,0.0,3.562614434700043,8.166237721112388,1
d9a184ce519d5a51,2021.06.23.15.56.12_veh-16_00839_01285,83,pdm_closed,59,59,0.0,1.2228210121151313,2.177473904347461,3.2116723709349877,1,48,0.0,1.2228210121151313,2.177473904347461,3.2116723709349877,1,51,0.0,1.2228210121151313,2.177473904347461,3.2116723709349877,1
d9a184ce519d5a51,2021.06.23.15.56.12_veh-16_00839_01285,97,pdm_closed,60,60,0.0,1.059920210860722,2.1756431445474496,3.2076390670907045,1,47,0.0,1.059920210860722,2.1756431445474496,3.2076390670907045,1,55,0.0,1.059920210860722,2.1756431445474496,3.2076390670907045,1
d9a184ce519d5a51,2021.06.23.15.56.12_veh-16_00839_01285,110,pdm_closed,57,57,0.0,0.9673973751921192,2.178877067195094,3.214614407752652,1,47,0.0,0.9673973751921192,2.178877067195094,3.214614407752652,1,49,0.0,0.9673973751921192,2.178877067195094,3.214614407752652,1
d9a184ce519d5a51,2021.06.23.15.56.12_veh-16_00839_01285,123,pdm_closed,54,54,0.0,0.9424760434645761,2.1752175160304152,3.2071198941522376,1,45,0.0,0.9424760434645761,2.1752175160304152,3.2071198941522376,1,49,0.0,0.9424760434645761,2.1752175160304152,3.2071198941522376,1
d9a184ce519d5a51,2021.06.23.15.56.12_veh-16_00839_01285,137,pdm_closed,53,53,0.0,0.9526817664474696,2.173853430822431,3.203373601669463,1,47,1.0,0.0,3.549786967042477,8.117292878861072,1,51,1.0,0.0,3.549786967042477,8.117292878861072,1
d9a184ce519d5a51,2021.06.23.15.56.12_veh-16_00839_01285,150,pdm_closed,55,55,0.0,0.9565270452966664,2.1683358180539845,3.191392304786905,1,48,1.0,0.0,3.5517875412102096,8.12616430888695,1,52,1.0,0.0,3.5517875412102096,8.12616430888695,1
d9a184ce519d5a51,2021.06.23.15.56.12_veh-16_00839_01285,163,pdm_closed,56,56,0.0,0.9490279452527806,2.168291277073119,3.1915747285663407,1,49,0.0,0.9490279452527806,2.168291277073119,3.1915747285663407,1,51,0.0,0.9490279452527806,2.168291277073119,3.1915747285663407,1
d9a184ce519d5a51,2021.06.23.15.56.12_veh-16_00839_01285,176,pdm_closed,58,58,0.0,0.9527582636716904,2.177629422213447,3.211595103351207,1,50,0.0,0.9527582636716904,2.177629422213447,3.211595103351207,1,55,0.0,0.9527582636716904,2.177629422213447,3.211595103351207,1
d9a184ce519d5a51,2021.06.23.15.56.12_veh-16_00839_01285,190,pdm_closed,58,58,0.0,0.9465787596848,2.175406273182311,3.2064630374407512,1,49,0.0,0.9465787596848,2.175406273182311,3.2064630374407512,1,55,0.0,0.9465787596848,2.175406273182311,3.2064630374407512,1
d9a184ce519d5a51,2021.06.23.15.56.12_veh-16_00839_01285,203,pdm_closed,58,58,0.0,0.9360885191051626,2.174630500862392,3.2056907746582897,1,49,0.0,0.9360885191051626,2.174630500862392,3.2056907746582897,1,55,0.0,0.9360885191051626,2.174630500862392,3.2056907746582897,1
d9a184ce519d5a51,2021.06.23.15.56.12_veh-16_00839_01285,216,pdm_closed,61,61,0.0,0.9259811150387212,2.1792300994046143,3.2158827311130858,1,51,0.0,0.9259811150387212,2.1792300994046143,3.2158827311130858,1,60,0.0,0.9259811150387212,2.1792300994046143,3.2158827311130858,1
d9a184ce519d5a51,2021.06.23.15.56.12_veh-16_00839_01285,230,pdm_closed,60,60,0.0,0.9253793735594987,2.1766566344882645,3.20942775001925,1,51,0.0,0.9253793735594987,2.1766566344882645,3.20942775001925,1,54,0.0,0.9253793735594987,2.1766566344882645,3.20942775001925,1
d9a184ce519d5a51,2021.06.23.15.56.12_veh-16_00839_01285,243,pdm_closed,59,59,0.0,0.9125375537468329,2.1797682501568674,3.216882176655216,1,49,0.0,0.9125375537468329,2.1797682501568674,3.216882176655216,1,53,0.0,0.9125375537468329,2.1797682501568674,3.216882176655216,1
d9a184ce519d5a51,2021.06.23.15.56.12_veh-16_00839_01285,256,pdm_closed,60,60,0.0,0.9256723163140895,2.177526561397266,3.211978930333123,1,53,0.0,0.9256723163140895,2.177526561397266,3.211978930333123,1,57,0.0,0.9256723163140895,2.177526561397266,3.211978930333123,1
d9a184ce519d5a51,2021.06.23.15.56.12_veh-16_00839_01285,270,pdm_closed,61,61,0.0,0.9083747048949339,2.1821203152077318,3.2219223295009507,1,50,0.0,0.9083747048949339,2.1821203152077318,3.2219223295009507,1,56,0.0,0.9083747048949339,2.1821203152077318,3.2219223295009507,1
d9a184ce519d5a51,2021.06.23.15.56.12_veh-16_00839_01285,283,pdm_closed,66,66,0.0,0.9112452524810598,2.178832876072592,3.2146425537631638,1,55,1.0,0.0,3.568902577281701,8.188211159515975,1,62,0.0,0.9112452524810598,2.178832876072592,3.2146425537631638,1
d9a184ce519d5a51,2021.06.23.15.56.12_veh-16_00839_01285,296,pdm_closed,65,65,0.0,0.9028006745953975,2.178129692614383,3.2131801746297106,1,55,0.0,0.9028006745953975,2.178129692614383,3.2131801746297106,1,62,0.0,0.9028006745953975,2.178129692614383,3.2131801746297106,1
d9a184ce519d5a51,2021.06.23.15.56.12_veh-16_00839_01285,310,pdm_closed,64,64,0.0,0.8745033926908826,2.1814328819199265,3.2204299942221364,1,54,0.0,0.8745033926908826,2.1814328819199265,3.2204299942221364,1,61,0.0,0.8745033926908826,2.1814328819199265,3.2204299942221364,1
ddddb24df7625690,2021.05.12.22.00.38_veh-35_01008_01518,4,pdm_closed,140,140,0.0,1.5820184471715253,1.7855128238704179,3.832684889796744,1,129,0.0,1.5820184471715253,1.7855128238704179,3.832684889796744,1,135,0.0,1.5820184471715253,1.7855128238704179,3.832684889796744,1
ddddb24df7625690,2021.05.12.22.00.38_veh-35_01008_01518,17,pdm_closed,140,140,0.0,1.5870842849555917,1.275469706588352,2.623270963436485,1,131,0.0,1.2915901440345305,3.5768833457851517,9.262815586741572,1,134,0.0,1.5870842849555917,1.275469706588352,2.623270963436485,1
ddddb24df7625690,2021.05.12.22.00.38_veh-35_01008_01518,30,pdm_closed,144,144,0.0,1.32762788135258,1.1718075100284908,2.414552491614101,1,130,1.0,0.0,3.9748313693182302,10.269689386312749,1,133,0.0,1.32762788135258,1.1718075100284908,2.414552491614101,1
ddddb24df7625690,2021.05.12.22.00.38_veh-35_01008_01518,43,pdm_closed,136,136,0.0,1.3216236641369508,1.1991248397865015,2.204910342740132,1,120,0.0,1.3216236641369508,1.1991248397865015,2.204910342740132,1,123,0.0,1.3216236641369508,1.1991248397865015,2.204910342740132,1
ddddb24df7625690,2021.05.12.22.00.38_veh-35_01008_01518,57,pdm_closed,131,131,0.0,1.3343061210527112,1.1870191203079625,1.699065062248898,1,113,1.0,0.0,7.54175149842709,19.38229335014203,1,124,0.0,1.3343061210527112,1.1870191203079625,1.699065062248898,1
ddddb24df7625690,2021.05.12.22.00.38_veh-35_01008_01518,70,pdm_closed,138,138,0.0,1.3151080042659729,0.5821700592649215,0.9686193426173398,1,121,0.0,1.3151080042659729,0.5821700592649215,0.9686193426173398,1,130,0.0,1.3151080042659729,0.5821700592649215,0.9686193426173398,1
ddddb24df7625690,2021.05.12.22.00.38_veh-35_01008_01518,83,pdm_closed,140,140,0.0,1.336486724678232,0.7856900687600791,1.0942342655203168,1,123,0.0,1.336486724678232,0.7856900687600791,1.0942342655203168,1,130,0.0,1.336486724678232,0.7856900687600791,1.0942342655203168,1
ddddb24df7625690,2021.05.12.22.00.38_veh-35_01008_01518,97,pdm_closed,140,140,0.0,1.3226057156885782,0.45300333004842064,0.7540162905397424,1,117,1.0,0.0,5.748577425361244,13.593562805103096,1,127,1.0,0.0,5.748577425361244,13.593562805103096,1
ddddb24df7625690,2021.05.12.22.00.38_veh-35_01008_01518,110,pdm_closed,133,133,0.0,1.3151080075522381,0.5238072456765452,1.3431996019613266,1,115,0.0,1.3151080075522381,0.5238072456765452,1.3431996019613266,1,121,0.0,1.3151080075522381,0.5238072456765452,1.3431996019613266,1
ddddb24df7625690,2021.05.12.22.00.38_veh-35_01008_01518,123,pdm_closed,120,120,0.0,0.33648672666808777,1.435148530376416,1.969784815005001,1,107,0.0,0.33648672666808777,1.435148530376416,1.969784815005001,1,114,0.0,0.33648672666808777,1.435148530376416,1.969784815005001,1
ddddb24df7625690,2021.05.12.22.00.38_veh-35_01008_01518,137,pdm_closed,114,114,0.0,0.3226057163583018,1.613292208187214,2.11365640216387,1,97,0.0,0.3226057163583018,1.613292208187214,2.11365640216387,1,104,0.0,0.3226057163583018,1.613292208187214,2.11365640216387,1
ddddb24df7625690,2021.05.12.22.00.38_veh-35_01008_01518,150,pdm_closed,116,116,0.0,0.3415008848999555,1.719081085308584,2.210549077937642,1,102,0.0,0.3415008848999555,1.719081085308584,2.210549077937642,1,108,0.0,0.3415008848999555,1.719081085308584,2.210549077937642,1
ddddb24df7625690,2021.05.12.22.00.38_veh-35_01008_01518,163,pdm_closed,112,112,0.0,0.33773054381864687,1.7286360086447896,2.2126121921187996,1,99,0.0,0.33773054381864687,1.7286360086447896,2.2126121921187996,1,106,0.0,0.33773054381864687,1.7286360086447896,2.2126121921187996,1
ddddb24df7625690,2021.05.12.22.00.38_veh-35_01008_01518,176,pdm_closed,117,117,0.0,0.36969138664434253,1.7310102809627548,2.2454341849912005,1,102,1.0,0.0,3.8921187024378514,8.929386651826775,1,111,0.0,0.36969138664434253,1.7310102809627548,2.2454341849912005,1
ddddb24df7625690,2021.05.12.22.00.38_veh-35_01008_01518,190,pdm_closed,112,112,0.0,0.47184923345700686,1.6060917187952761,2.1751942322607616,1,97,0.0,0.47184923345700686,1.6060917187952761,2.1751942322607616,1,104,0.0,0.47184923345700686,1.6060917187952761,2.1751942322607616,1
ddddb24df7625690,2021.05.12.22.00.38_veh-35_01008_01518,203,pdm_closed,110,110,0.0,0.40942707052270133,1.7252074235507695,2.277873019983592,1,96,0.0,0.40942707052270133,1.7252074235507695,2.277873019983592,1,103,0.0,0.40942707052270133,1.7252074235507695,2.277873019983592,1
ddddb24df7625690,2021.05.12.22.00.38_veh-35_01008_01518,216,pdm_closed,104,104,0.0,0.4178085550746669,1.7037402673793063,2.238531700168945,1,89,0.0,0.4178085550746669,1.7037402673793063,2.238531700168945,1,95,0.0,0.4178085550746669,1.7037402673793063,2.238531700168945,1
ddddb24df7625690,2021.05.12.22.00.38_veh-35_01008_01518,230,pdm_closed,105,105,0.0,0.41828456991554996,1.7050267535163555,2.24231245031192,1,89,0.0,0.41828456991554996,1.7050267535163555,2.24231245031192,1,94,0.0,0.41828456991554996,1.7050267535163555,2.24231245031192,1
ddddb24df7625690,2021.05.12.22.00.38_veh-35_01008_01518,243,pdm_closed,106,106,0.0,0.4102526986155225,1.7137019836756766,2.260605668251789,1,92,0.0,0.4102526986155225,1.7137019836756766,2.260605668251789,1,98,0.0,0.4102526986155225,1.7137019836756766,2.260605668251789,1
ddddb24df7625690,2021.05.12.22.00.38_veh-35_01008_01518,256,pdm_closed,102,102,0.0,0.4101203037226545,1.7099958494246952,2.2534474934469926,1,86,0.0,0.4101203037226545,1.7099958494246952,2.2534474934469926,1,92,0.0,0.4101203037226545,1.7099958494246952,2.2534474934469926,1
ddddb24df7625690,2021.05.12.22.00.38_veh-35_01008_01518,270,pdm_closed,99,99,0.0,0.41366556148424444,1.7133572711076777,2.2606820345568557,1,85,0.0,0.41366556148424444,1.7133572711076777,2.2606820345568557,1,95,0.0,0.41366556148424444,1.7133572711076777,2.2606820345568557,1
ddddb24df7625690,2021.05.12.22.00.38_veh-35_01008_01518,283,pdm_closed,104,104,0.0,0.4071324859829898,1.712657768001971,2.259727384370987,1,91,0.0,0.4071324859829898,1.712657768001971,2.259727384370987,1,97,0.0,0.4071324859829898,1.712657768001971,2.259727384370987,1
ddddb24df7625690,2021.05.12.22.00.38_veh-35_01008_01518,296,pdm_closed,106,106,0.0,0.4060490513755684,1.7128060784351347,2.259749122707297,1,92,0.0,0.4060490513755684,1.7128060784351347,2.259749122707297,1,97,0.0,0.4060490513755684,1.7128060784351347,2.259749122707297,1
ddddb24df7625690,2021.05.12.22.00.38_veh-35_01008_01518,310,pdm_closed,109,109,0.0,0.41309411383834727,1.70579291153819,2.2464466840531374,1,94,0.0,0.41309411383834727,1.70579291153819,2.2464466840531374,1,99,0.0,0.41309411383834727,1.70579291153819,2.2464466840531374,1
e2477d146d995e99,2021.06.09.14.03.17_veh-12_02584_02970,4,pdm_closed,85,85,0.0,2.2668294966695326,1.087613831451956,1.1939986927356057,1,82,0.0,2.2668294966695326,1.087613831451956,1.1939986927356057,1,83,0.0,2.2668294966695326,1.087613831451956,1.1939986927356057,1
e2477d146d995e99,2021.06.09.14.03.17_veh-12_02584_02970,17,pdm_closed,83,83,0.0,2.27356599571362,0.8314494528817377,0.7838026359315643,1,80,0.0,2.27356599571362,0.8314494528817377,0.7838026359315643,1,83,0.0,2.27356599571362,0.8314494528817377,0.7838026359315643,1
e2477d146d995e99,2021.06.09.14.03.17_veh-12_02584_02970,30,pdm_closed,92,92,0.0,1.9544768475069025,5.9637058398148195,12.705387725346938,1,91,0.0,1.9544768475069025,5.9637058398148195,12.705387725346938,1,91,0.0,1.9544768475069025,5.9637058398148195,12.705387725346938,1
e2477d146d995e99,2021.06.09.14.03.17_veh-12_02584_02970,43,pdm_closed,104,104,0.0,2.0743616382779693,6.199386688333379,13.320349497391982,1,101,0.0,2.0743616382779693,6.199386688333379,13.320349497391982,1,103,0.0,2.0743616382779693,6.199386688333379,13.320349497391982,1
e2477d146d995e99,2021.06.09.14.03.17_veh-12_02584_02970,57,pdm_closed,108,108,0.0,2.241029289572841,6.647857442005496,14.176795546075383,1,100,0.0,2.241029289572841,6.647857442005496,14.176795546075383,1,102,0.0,2.241029289572841,6.647857442005496,14.176795546075383,1
e2477d146d995e99,2021.06.09.14.03.17_veh-12_02584_02970,70,pdm_closed,106,106,0.0,2.4041890653143447,6.945878094492475,14.617685788956512,1,74,0.0,2.4041890653143447,6.945878094492475,14.617685788956512,1,85,0.0,2.4041890653143447,6.945878094492475,14.617685788956512,1
e2477d146d995e99,2021.06.09.14.03.17_veh-12_02584_02970,83,pdm_closed,104,104,0.0,4.693569611339729,1.6309146668531458,3.1574598666860187,1,65,0.0,4.693569611339729,1.6309146668531458,3.1574598666860187,1,79,0.0,4.693569611339729,1.6309146668531458,3.1574598666860187,1
e2477d146d995e99,2021.06.09.14.03.17_veh-12_02584_02970,97,pdm_closed,105,105,0.0,4.675500515641901,1.7695461020977743,3.330192914890736,1,67,0.0,4.675500515641901,1.7695461020977743,3.330192914890736,1,84,0.0,4.675500515641901,1.7695461020977743,3.330192914890736,1
e2477d146d995e99,2021.06.09.14.03.17_veh-12_02584_02970,110,pdm_closed,100,100,0.0,1.0515659190093982,1.8422939831152405,3.335420041725062,1,64,0.0,1.0515659190093982,1.8422939831152405,3.335420041725062,1,80,0.0,1.0515659190093982,1.8422939831152405,3.335420041725062,1
e2477d146d995e99,2021.06.09.14.03.17_veh-12_02584_02970,123,pdm_closed,107,107,0.0,5.573209398715226,1.7652013705226768,2.9876090383189102,1,67,0.0,5.573209398715226,1.7652013705226768,2.9876090383189102,1,82,0.0,5.573209398715226,1.7652013705226768,2.9876090383189102,1
e2477d146d995e99,2021.06.09.14.03.17_veh-12_02584_02970,137,pdm_closed,114,114,0.0,7.057135247111713,1.4848809995640837,2.3097406651566277,1,68,0.0,7.057135247111713,1.4848809995640837,2.3097406651566277,1,84,0.0,7.057135247111713,1.4848809995640837,2.3097406651566277,1
e2477d146d995e99,2021.06.09.14.03.17_veh-12_02584_02970,150,pdm_closed,132,132,0.0,5.971156303956443,1.2419543937875877,1.64287428755737,1,70,0.0,5.971156303956443,1.2419543937875877,1.64287428755737,1,102,0.0,5.971156303956443,1.2419543937875877,1.64287428755737,1
e2477d146d995e99,2021.06.09.14.03.17_veh-12_02584_02970,163,pdm_closed,140,140,0.0,6.396809754395954,1.4168753754141472,1.3794607600353608,1,76,0.0,6.367206215785604,0.9249888941704514,0.8370705475323166,1,102,0.0,6.396809968886582,1.4168129593297918,1.379395857581977,1
e2477d146d995e99,2021.06.09.14.03.17_veh-12_02584_02970,176,pdm_closed,148,148,0.0,6.41281150975708,1.0787843678859081,1.037789844411457,1,86,0.0,6.412811509655641,1.048989246973957,1.0644938818465726,1,117,0.0,6.81634246548661,0.5891174812517275,0.29562923481657627,1
e2477d146d995e99,2021.06.09.14.03.17_veh-12_02584_02970,190,pdm_closed,161,161,0.0,5.44916488056886,0.29807755439394557,0.7257779363617395,1,106,0.0,5.42874931549364,0.28696507271954824,0.7612414135004545,1,130,0.0,5.42874931549364,0.28696507271954824,0.7612414135004545,1
e2477d146d995e99,2021.06.09.14.03.17_veh-12_02584_02970,203,pdm_closed,178,178,0.0,2.8964922775009168,1.4766082613856102,3.0302805175302012,1,129,0.0,3.0500676194292136,1.38493174911334,2.80615514959622,1,149,0.0,3.0500676194292136,1.38493174911334,2.80615514959622,1
e2477d146d995e99,2021.06.09.14.03.17_veh-12_02584_02970,216,pdm_closed,200,200,0.0,2.255215929731065,2.016762356929784,4.400714669640428,1,150,0.0,1.2552159351139613,1.6312428456586878,4.376511180021996,1,176,0.0,2.2552159292812175,1.8305528593565863,4.046489199503834,1
e2477d146d995e99,2021.06.09.14.03.17_veh-12_02584_02970,230,pdm_closed,209,209,0.0,2.1189032448314853,2.5779444066899835,5.8322503833254915,1,167,0.0,1.1188334609350847,2.331116301550008,5.960905244928468,1,188,0.0,2.1189032448314853,2.5779444066899835,5.8322503833254915,1
e2477d146d995e99,2021.06.09.14.03.17_veh-12_02584_02970,243,pdm_closed,212,212,0.0,1.6526997862213062,0.08008328840669397,0.09815312166465373,1,177,0.0,1.6526997862213062,0.08008328840669397,0.09815312166465373,1,192,0.0,1.6526997862213062,0.08008328840669397,0.09815312166465373,1
e2477d146d995e99,2021.06.09.14.03.17_veh-12_02584_02970,256,pdm_closed,209,209,0.0,1.5264577427839778,0.29538691646228254,0.05435124467076716,1,175,0.0,1.5264577427839778,0.29538691646228254,0.05435124467076716,1,194,0.0,1.5264577427839778,0.29538691646228254,0.05435124467076716,1
e2477d146d995e99,2021.06.09.14.03.17_veh-12_02584_02970,270,pdm_closed,215,215,0.0,1.4039076675968643,0.4786532909307367,0.05382595073018786,1,188,0.0,1.4039076675968643,0.4786532909307367,0.05382595073018786,1,199,0.0,1.4039076675968643,0.4786532909307367,0.05382595073018786,1
e2477d146d995e99,2021.06.09.14.03.17_veh-12_02584_02970,283,pdm_closed,213,213,0.0,2.1653337510778257,1.020335670409858,1.058219059569201,1,186,0.0,2.1653337510778257,1.020335670409858,1.058219059569201,1,200,0.0,2.1653337510778257,1.020335670409858,1.058219059569201,1
e2477d146d995e99,2021.06.09.14.03.17_veh-12_02584_02970,296,pdm_closed,221,221,0.0,2.176282161670015,1.0328572705114425,1.0844013364724479,1,201,0.0,2.176282161670015,1.0328572705114425,1.0844013364724479,1,213,0.0,2.176282161670015,1.0328572705114425,1.0844013364724479,1
e2477d146d995e99,2021.06.09.14.03.17_veh-12_02584_02970,310,pdm_closed,204,204,0.0,2.131178613058472,1.0429961679497628,1.1548642394354607,1,188,0.0,2.131178613058472,1.0429961679497628,1.1548642394354607,1,196,0.0,2.131178613058472,1.0429961679497628,1.1548642394354607,1
e678935a15825e5a,2021.10.06.17.43.07_veh-28_00508_00877,4,pdm_closed,16,16,0.0,10.393645830177787,0.7327962263294263,1.0842092751480152,1,13,0.0,10.393645830177787,0.7327962263294263,1.0842092751480152,1,15,0.0,10.393645830177787,0.7327962263294263,1.0842092751480152,1
e678935a15825e5a,2021.10.06.17.43.07_veh-28_00508_00877,17,pdm_closed,16,16,0.0,10.391359596824014,0.732866553854414,1.084304884401022,1,14,0.0,10.391359596824014,0.732866553854414,1.084304884401022,1,15,0.0,10.391359596824014,0.732866553854414,1.084304884401022,1
e678935a15825e5a,2021.10.06.17.43.07_veh-28_00508_00877,30,pdm_closed,17,17,0.0,10.391202145860488,0.7328373376617157,1.0843241936207155,1,15,0.0,10.391202145860488,0.7328373376617157,1.0843241936207155,1,16,0.0,10.391202145860488,0.7328373376617157,1.0843241936207155,1
e678935a15825e5a,2021.10.06.17.43.07_veh-28_00508_00877,43,pdm_closed,18,18,0.0,10.396476742069567,0.7328248770366643,1.0842886657402717,1,15,0.0,10.396476742069567,0.7328248770366643,1.0842886657402717,1,17,0.0,10.396476742069567,0.7328248770366643,1.0842886657402717,1
e678935a15825e5a,2021.10.06.17.43.07_veh-28_00508_00877,57,pdm_closed,18,18,0.0,10.398065437431681,0.7328746094133233,1.0843099449570741,1,16,0.0,10.398065437431681,0.7328746094133233,1.0843099449570741,1,18,0.0,10.398065437431681,0.7328746094133233,1.0843099449570741,1
e678935a15825e5a,2021.10.06.17.43.07_veh-28_00508_00877,70,pdm_closed,19,19,0.0,10.39820280771507,0.7328798461517972,1.0843551844758688,1,18,0.0,10.39820280771507,0.7328798461517972,1.0843551844758688,1,18,0.0,10.39820280771507,0.7328798461517972,1.0843551844758688,1
e678935a15825e5a,2021.10.06.17.43.07_veh-28_00508_00877,83,pdm_closed,18,18,0.0,7.278408543585835,0.732818198482998,1.0843458578140324,1,15,0.0,7.278408543585835,0.732818198482998,1.0843458578140324,1,16,0.0,7.278408543585835,0.732818198482998,1.0843458578140324,1
e678935a15825e5a,2021.10.06.17.43.07_veh-28_00508_00877,96,pdm_closed,19,19,0.0,3.562289003824538,0.7328248222202756,1.0843042054465153,1,17,0.0,3.562289003824538,0.7328248222202756,1.0843042054465153,1,17,0.0,3.562289003824538,0.7328248222202756,1.0843042054465153,1
e678935a15825e5a,2021.10.06.17.43.07_veh-28_00508_00877,110,pdm_closed,19,19,0.0,2.2876835440053087,0.7327644171981363,1.0843009212354577,1,17,0.0,2.2876835440053087,0.7327644171981363,1.0843009212354577,1,18,0.0,2.2876835440053087,0.7327644171981363,1.0843009212354577,1
e678935a15825e5a,2021.10.06.17.43.07_veh-28_00508_00877,123,pdm_closed,19,19,0.0,2.277136965926261,0.7329207290754169,1.0843705435186848,1,16,0.0,2.277136965926261,0.7329207290754169,1.0843705435186848,1,18,0.0,2.277136965926261,0.7329207290754169,1.0843705435186848,1
e678935a15825e5a,2021.10.06.17.43.07_veh-28_00508_00877,136,pdm_closed,18,18,0.0,2.3333115529132185,0.7328060990915446,1.0843442255237357,1,16,0.0,2.3333115529132185,0.7328060990915446,1.0843442255237357,1,16,0.0,2.3333115529132185,0.7328060990915446,1.0843442255237357,1
e678935a15825e5a,2021.10.06.17.43.07_veh-28_00508_00877,149,pdm_closed,18,18,0.0,2.4271854453624715,0.7328033081489287,1.0843725621929676,1,14,0.0,2.4271854453624715,0.7328033081489287,1.0843725621929676,1,15,0.0,2.4271854453624715,0.7328033081489287,1.0843725621929676,1
e678935a15825e5a,2021.10.06.17.43.07_veh-28_00508_00877,163,pdm_closed,18,18,0.0,2.438181088038999,0.7328522049390925,1.084334151728364,1,16,0.0,2.438181088038999,0.7328522049390925,1.084334151728364,1,18,0.0,2.438181088038999,0.7328522049390925,1.084334151728364,1
e678935a15825e5a,2021.10.06.17.43.07_veh-28_00508_00877,176,pdm_closed,19,19,0.0,2.5234402484339875,0.7328482212090381,1.0843352084199385,1,15,0.0,2.5234402484339875,0.7328482212090381,1.0843352084199385,1,17,0.0,2.5234402484339875,0.7328482212090381,1.0843352084199385,1
e678935a15825e5a,2021.10.06.17.43.07_veh-28_00508_00877,189,pdm_closed,20,20,0.0,2.613886206372125,0.7328841735966162,1.0843898046414542,1,16,0.0,2.613886206372125,0.7328841735966162,1.0843898046414542,1,19,0.0,2.613886206372125,0.7328841735966162,1.0843898046414542,1
e678935a15825e5a,2021.10.06.17.43.07_veh-28_00508_00877,202,pdm_closed,19,19,0.0,3.435938078208123,0.7328775744606426,1.0843507593287038,1,13,0.0,3.435938078208123,0.7328775744606426,1.0843507593287038,1,17,0.0,3.435938078208123,0.7328775744606426,1.0843507593287038,1
e678935a15825e5a,2021.10.06.17.43.07_veh-28_00508_00877,216,pdm_closed,20,20,0.0,5.941020719593246,0.7328019603276418,1.0843223515116436,1,16,0.0,5.941020719593246,0.7328019603276418,1.0843223515116436,1,17,0.0,5.941020719593246,0.7328019603276418,1.0843223515116436,1
e678935a15825e5a,2021.10.06.17.43.07_veh-28_00508_00877,229,pdm_closed,19,19,0.0,10.383847799746608,0.7328836373501676,1.0843642524362962,1,17,0.0,10.383847799746608,0.7328836373501676,1.0843642524362962,1,19,0.0,10.383847799746608,0.7328836373501676,1.0843642524362962,1
e678935a15825e5a,2021.10.06.17.43.07_veh-28_00508_00877,242,pdm_closed,19,19,0.0,10.381289334204611,0.7328990942466022,1.0843200402703193,1,14,0.0,10.381289334204611,0.7328990942466022,1.0843200402703193,1,16,0.0,10.381289334204611,0.7328990942466022,1.0843200402703193,1
e678935a15825e5a,2021.10.06.17.43.07_veh-28_00508_00877,255,pdm_closed,19,19,0.0,10.379551728659859,0.7328651911358981,1.0843227406395817,1,16,0.0,10.379551728659859,0.7328651911358981,1.0843227406395817,1,16,0.0,10.379551728659859,0.7328651911358981,1.0843227406395817,1
e678935a15825e5a,2021.10.06.17.43.07_veh-28_00508_00877,269,pdm_closed,23,23,0.0,10.384071572368978,0.7328685448640143,1.0843036676512485,1,19,0.0,10.384071572368978,0.7328685448640143,1.0843036676512485,1,21,0.0,10.384071572368978,0.7328685448640143,1.0843036676512485,1
e678935a15825e5a,2021.10.06.17.43.07_veh-28_00508_00877,282,pdm_closed,21,21,0.0,10.387360819658854,0.7327496965033719,1.0843338715134923,1,16,0.0,10.387360819658854,0.7327496965033719,1.0843338715134923,1,18,0.0,10.387360819658854,0.7327496965033719,1.0843338715134923,1
e678935a15825e5a,2021.10.06.17.43.07_veh-28_00508_00877,295,pdm_closed,21,21,0.0,10.381924851901564,0.732889225101265,1.0843632710607385,1,17,0.0,10.381924851901564,0.732889225101265,1.0843632710607385,1,18,0.0,10.381924851901564,0.732889225101265,1.0843632710607385,1
e678935a15825e5a,2021.10.06.17.43.07_veh-28_00508_00877,309,pdm_closed,21,21,0.0,10.38309550442956,0.7328446992073014,1.0843814682063087,1,17,0.0,10.38309550442956,0.7328446992073014,1.0843814682063087,1,18,0.0,10.38309550442956,0.7328446992073014,1.0843814682063087,1
eaa4a95139f65c30,2021.06.08.16.31.33_veh-38_01589_02072,4,pdm_closed,180,180,0.0,0.07016346981812738,1.4257557279397821,1.5458373349603338,1,159,0.0,0.07016346981812738,1.4257557279397821,1.5458373349603338,1,171,0.0,0.07016346981812738,1.4257557279397821,1.5458373349603338,1
eaa4a95139f65c30,2021.06.08.16.31.33_veh-38_01589_02072,17,pdm_closed,184,184,0.0,0.0431111262372526,1.327288968235853,1.504202139860371,1,165,0.0,0.0431111262372526,1.327288968235853,1.504202139860371,1,171,0.0,0.0431111262372526,1.327288968235853,1.504202139860371,1
eaa4a95139f65c30,2021.06.08.16.31.33_veh-38_01589_02072,30,pdm_closed,183,183,0.0,1.4970401608788437,1.3130820318582455,1.532958028326174,1,159,1.0,0.0,3.2812616450638554,8.192168687738011,1,169,1.0,0.0,3.2812616450638554,8.192168687738011,1
eaa4a95139f65c30,2021.06.08.16.31.33_veh-38_01589_02072,43,pdm_closed,181,181,0.0,0.039564506718270734,1.2698305232326528,1.711927727238361,1,162,0.0,0.039564506718270734,1.2698305232326528,1.711927727238361,1,171,0.0,0.039564506718270734,1.2698305232326528,1.711927727238361,1
eaa4a95139f65c30,2021.06.08.16.31.33_veh-38_01589_02072,57,pdm_closed,188,188,0.0,1.517370544640284,1.3389382558701763,1.692254787986825,1,168,0.0,1.517370544640284,1.3389382558701763,1.692254787986825,1,176,0.0,1.517370544640284,1.3389382558701763,1.692254787986825,1
eaa4a95139f65c30,2021.06.08.16.31.33_veh-38_01589_02072,70,pdm_closed,191,191,0.0,1.5864512525872512,1.3769155334149987,1.5926355820589093,1,172,0.0,1.5864512525872512,1.3769155334149987,1.5926355820589093,1,180,0.0,1.5864512525872512,1.3769155334149987,1.5926355820589093,1
eaa4a95139f65c30,2021.06.08.16.31.33_veh-38_01589_02072,83,pdm_closed,196,196,0.0,0.4578039649269395,1.282357824183404,1.1598535605170373,1,177,0.0,0.4578039649269395,1.282357824183404,1.1598535605170373,1,183,0.0,0.4578039649269395,1.282357824183404,1.1598535605170373,1
eaa4a95139f65c30,2021.06.08.16.31.33_veh-38_01589_02072,96,pdm_closed,204,204,0.0,1.7952077086601688,1.1875403863799905,0.9991069043068213,1,183,0.0,1.7952077086601688,1.1875403863799905,0.9991069043068213,1,192,0.0,1.7952077086601688,1.1875403863799905,0.9991069043068213,1
eaa4a95139f65c30,2021.06.08.16.31.33_veh-38_01589_02072,110,pdm_closed,218,218,0.0,2.5956116298114553,1.2295783961037379,2.1107534423374976,1,201,0.0,2.5956116298114553,1.2295783961037379,2.1107534423374976,1,210,0.0,2.5956116298114553,1.2295783961037379,2.1107534423374976,1
eaa4a95139f65c30,2021.06.08.16.31.33_veh-38_01589_02072,123,pdm_closed,224,224,0.0,2.2244297723953466,1.4160491910829387,3.2205529671033095,1,208,0.0,2.874776896869755,1.8409799684147357,3.2160707596074323,1,216,0.0,2.2244297723953466,1.4160491910829387,3.2205529671033095,1
eaa4a95139f65c30,2021.06.08.16.31.33_veh-38_01589_02072,136,pdm_closed,217,217,0.0,1.699916240084381,1.5920027311171256,3.883015381516155,1,198,0.0,1.699916240084381,1.5920027311171256,3.883015381516155,1,203,0.0,1.699916240084381,1.5920027311171256,3.883015381516155,1
eaa4a95139f65c30,2021.06.08.16.31.33_veh-38_01589_02072,149,pdm_closed,222,222,0.0,1.2282551879520254,1.9659944036678159,4.301600598433582,1,207,0.0,1.2282551879520254,1.9659944036678159,4.301600598433582,1,211,0.0,1.2282551879520254,1.9659944036678159,4.301600598433582,1
eaa4a95139f65c30,2021.06.08.16.31.33_veh-38_01589_02072,163,pdm_closed,233,233,0.0,1.944587643594946,1.421171544566642,3.1415863799660544,1,214,0.0,1.944587643594946,1.421171544566642,3.1415863799660544,1,220,0.0,1.944587643594946,1.421171544566642,3.1415863799660544,1
eaa4a95139f65c30,2021.06.08.16.31.33_veh-38_01589_02072,176,pdm_closed,235,235,0.0,1.2837296178123536,1.4138039560245743,3.2046111739255405,1,218,0.0,1.1863067263436033,1.3296223798540399,2.5623230267214527,1,227,0.0,1.2674135763529322,1.4082576110912126,3.160240414458647,1
eaa4a95139f65c30,2021.06.08.16.31.33_veh-38_01589_02072,189,pdm_closed,236,236,1.0,0.0,3.5243125269711935,7.033346131808614,1,222,1.0,0.0,3.5243125269711935,7.033346131808614,1,226,1.0,0.0,3.5243125269711935,7.033346131808614,1
eaa4a95139f65c30,2021.06.08.16.31.33_veh-38_01589_02072,202,pdm_closed,237,237,0.0,0.26151951699052345,2.7001704930996198,5.211587549282342,1,222,0.0,1.1506739410541922,1.1676150550933628,2.530498920469249,1,228,0.0,0.26151951699052345,2.7001704930996198,5.211587549282342,1
eaa4a95139f65c30,2021.06.08.16.31.33_veh-38_01589_02072,216,pdm_closed,240,240,0.0,1.149547947642131,1.259455584321852,3.1808869195241947,1,226,0.0,1.149547947642131,1.259455584321852,3.1808869195241947,1,231,0.0,1.149547947642131,1.259455584321852,3.1808869195241947,1
eaa4a95139f65c30,2021.06.08.16.31.33_veh-38_01589_02072,229,pdm_closed,246,246,0.0,1.1328369624326002,1.6832857425597363,4.146098241461815,1,234,0.0,1.1328369624326002,1.6832857425597363,4.146098241461815,1,237,0.0,1.1328369624326002,1.6832857425597363,4.146098241461815,1
eaa4a95139f65c30,2021.06.08.16.31.33_veh-38_01589_02072,242,pdm_closed,257,257,0.0,0.15067391569889643,2.395771953111069,4.9907415313915084,1,242,0.0,0.15067391569889643,2.395771953111069,4.9907415313915084,1,247,0.0,0.15067391569889643,2.395771953111069,4.9907415313915084,1
eaa4a95139f65c30,2021.06.08.16.31.33_veh-38_01589_02072,255,pdm_closed,268,268,0.0,0.14456914648075628,2.9061928024636208,5.731408991046362,1,253,0.0,0.14456914648075628,2.9061928024636208,5.731408991046362,1,260,0.0,0.14456914648075628,2.9061928024636208,5.731408991046362,1
eaa4a95139f65c30,2021.06.08.16.31.33_veh-38_01589_02072,269,pdm_closed,289,289,0.0,0.1328369668346073,1.2193400754544574,4.01490761305933,1,278,0.0,0.1328369668346073,1.2193400754544574,4.01490761305933,1,283,0.0,0.1328369668346073,1.2193400754544574,4.01490761305933,1
eaa4a95139f65c30,2021.06.08.16.31.33_veh-38_01589_02072,282,pdm_closed,299,299,0.0,0.809132970027847,1.6546016841224604,5.64463542533744,1,288,0.0,0.8190118295222906,2.023481436066829,6.549937948035242,1,291,0.0,0.809132970027847,1.6546016841224604,5.64463542533744,1
eaa4a95139f65c30,2021.06.08.16.31.33_veh-38_01589_02072,295,pdm_closed,316,316,0.0,3.5553649217096437,2.209001111808586,7.1737312526164185,1,308,0.0,3.566730725198785,2.7146322835740335,8.30462300734623,1,310,0.0,3.566730725198785,2.7146322835740335,8.30462300734623,1
eaa4a95139f65c30,2021.06.08.16.31.33_veh-38_01589_02072,309,pdm_closed,345,345,0.0,2.1061190775125462,2.883784700238105,8.647312239831761,1,337,0.0,1.8446411221235557,2.9731247710303066,8.918223859457457,1,338,1.0,0.0,5.117593887780535,13.696592288021906,1
eedf395db7ee57f0,2021.06.09.14.58.55_veh-35_01894_02311,4,pdm_closed,113,113,0.0,1.0975609646157662,0.42477511461045275,0.42602108080083995,1,109,0.0,1.0975609646157662,0.42477511461045275,0.42602108080083995,1,110,0.0,1.0975609646157662,0.42477511461045275,0.42602108080083995,1
eedf395db7ee57f0,2021.06.09.14.58.55_veh-35_01894_02311,17,pdm_closed,111,111,0.0,1.1103133652541215,0.4247181574025437,0.42551047840821044,1,108,0.0,1.1103133652541215,0.4247181574025437,0.42551047840821044,1,109,0.0,1.1103133652541215,0.4247181574025437,0.42551047840821044,1
eedf395db7ee57f0,2021.06.09.14.58.55_veh-35_01894_02311,30,pdm_closed,110,110,0.0,1.1170071137650535,0.42484919927580717,0.4254041855547403,1,107,0.0,1.1170071137650535,0.42484919927580717,0.4254041855547403,1,109,0.0,1.1170071137650535,0.42484919927580717,0.4254041855547403,1
eedf395db7ee57f0,2021.06.09.14.58.55_veh-35_01894_02311,43,pdm_closed,108,108,0.0,1.1218472090263014,0.4249774206812962,0.42537943481691026,1,105,0.0,1.1218472090263014,0.4249774206812962,0.42537943481691026,1,106,0.0,1.1218472090263014,0.4249774206812962,0.42537943481691026,1
eedf395db7ee57f0,2021.06.09.14.58.55_veh-35_01894_02311,57,pdm_closed,110,110,0.0,1.120884921341139,0.42509232550130605,0.42543366690079254,1,108,0.0,1.120884921341139,0.42509232550130605,0.42543366690079254,1,110,0.0,1.120884921341139,0.42509232550130605,0.42543366690079254,1
eedf395db7ee57f0,2021.06.09.14.58.55_veh-35_01894_02311,70,pdm_closed,108,108,0.0,1.120935369308435,0.4251974546919289,0.4253678633908606,1,106,0.0,1.120935369308435,0.4251974546919289,0.4253678633908606,1,107,0.0,1.120935369308435,0.4251974546919289,0.4253678633908606,1
eedf395db7ee57f0,2021.06.09.14.58.55_veh-35_01894_02311,83,pdm_closed,109,109,0.0,1.1282475436017376,0.4252463324865339,0.4254128093414164,1,106,0.0,1.1282475436017376,0.4252463324865339,0.4254128093414164,1,106,0.0,1.1282475436017376,0.4252463324865339,0.4254128093414164,1
eedf395db7ee57f0,2021.06.09.14.58.55_veh-35_01894_02311,97,pdm_closed,109,109,0.0,1.1326911622166607,0.42534925791972844,0.42547705373336603,1,104,0.0,1.1326911622166607,0.42534925791972844,0.42547705373336603,1,107,0.0,1.1326911622166607,0.42534925791972844,0.42547705373336603,1
eedf395db7ee57f0,2021.06.09.14.58.55_veh-35_01894_02311,110,pdm_closed,113,113,0.0,1.1323590671759192,0.4253956274292895,0.42548055739422314,1,106,0.0,1.1323590671759192,0.4253956274292895,0.42548055739422314,1,112,0.0,1.1323590671759192,0.4253956274292895,0.42548055739422314,1
eedf395db7ee57f0,2021.06.09.14.58.55_veh-35_01894_02311,123,pdm_closed,113,113,0.0,1.1362232404120998,0.4253944408815597,0.425432840473044,1,107,0.0,1.1362232404120998,0.4253944408815597,0.425432840473044,1,110,0.0,1.1362232404120998,0.4253944408815597,0.425432840473044,1
eedf395db7ee57f0,2021.06.09.14.58.55_veh-35_01894_02311,137,pdm_closed,113,113,0.0,1.1362500903705157,0.42543975950511626,0.4255137969809139,1,106,0.0,1.1362500903705157,0.42543975950511626,0.4255137969809139,1,110,0.0,1.1362500903705157,0.42543975950511626,0.4255137969809139,1
eedf395db7ee57f0,2021.06.09.14.58.55_veh-35_01894_02311,150,pdm_closed,113,113,0.0,1.1323584562833866,0.4254769336860915,0.42552674414020125,1,107,0.0,1.1323584562833866,0.4254769336860915,0.42552674414020125,1,109,0.0,1.1323584562833866,0.4254769336860915,0.42552674414020125,1
eedf395db7ee57f0,2021.06.09.14.58.55_veh-35_01894_02311,163,pdm_closed,112,112,0.0,1.1320727801085229,0.42546894312259237,0.425451587490113,1,107,0.0,1.1320727801085229,0.42546894312259237,0.425451587490113,1,110,0.0,1.1320727801085229,0.42546894312259237,0.425451587490113,1
eedf395db7ee57f0,2021.06.09.14.58.55_veh-35_01894_02311,176,pdm_closed,113,113,0.0,1.134155768266893,0.42546993954857454,0.42549629244751336,1,109,0.0,1.134155768266893,0.42546993954857454,0.42549629244751336,1,110,0.0,1.134155768266893,0.42546993954857454,0.42549629244751336,1
eedf395db7ee57f0,2021.06.09.14.58.55_veh-35_01894_02311,190,pdm_closed,112,112,0.0,1.1312571184470883,0.42551152299525163,0.42559257970797976,1,108,0.0,1.1312571184470883,0.42551152299525163,0.42559257970797976,1,108,0.0,1.1312571184470883,0.42551152299525163,0.42559257970797976,1
eedf395db7ee57f0,2021.06.09.14.58.55_veh-35_01894_02311,203,pdm_closed,111,111,0.0,1.1283958835102461,0.4255070002563459,0.4255072651340651,1,109,0.0,1.1283958835102461,0.4255070002563459,0.4255072651340651,1,109,0.0,1.1283958835102461,0.4255070002563459,0.4255072651340651,1
eedf395db7ee57f0,2021.06.09.14.58.55_veh-35_01894_02311,216,pdm_closed,114,114,0.0,1.12603400331394,0.4254941992659588,0.4254883444609541,1,110,0.0,1.12603400331394,0.4254941992659588,0.4254883444609541,1,114,0.0,1.12603400331394,0.4254941992659588,0.4254883444609541,1
eedf395db7ee57f0,2021.06.09.14.58.55_veh-35_01894_02311,230,pdm_closed,113,113,0.0,1.1312569846809204,0.4255155516685977,0.42555091191367594,1,109,0.0,1.1312569846809204,0.4255155516685977,0.42555091191367594,1,111,0.0,1.1312569846809204,0.4255155516685977,0.42555091191367594,1
eedf395db7ee57f0,2021.06.09.14.58.55_veh-35_01894_02311,243,pdm_closed,119,119,0.0,1.1266780626405883,0.4255104221930048,0.42547418476765775,1,115,0.0,1.1266780626405883,0.4255104221930048,0.42547418476765775,1,117,0.0,1.1266780626405883,0.4255104221930048,0.42547418476765775,1
eedf395db7ee57f0,2021.06.09.14.58.55_veh-35_01894_02311,256,pdm_closed,113,113,0.0,1.126033947350943,0.42550312180236566,0.42549504568636476,1,108,0.0,1.126033947350943,0.42550312180236566,0.42549504568636476,1,110,0.0,1.126033947350943,0.42550312180236566,0.42549504568636476,1
eedf395db7ee57f0,2021.06.09.14.58.55_veh-35_01894_02311,270,pdm_closed,108,108,0.0,1.1249130236091303,0.4254996140463366,0.42552506300807247,1,103,0.0,1.1249130236091303,0.4254996140463366,0.42552506300807247,1,104,0.0,1.1249130236091303,0.4254996140463366,0.42552506300807247,1
eedf395db7ee57f0,2021.06.09.14.58.55_veh-35_01894_02311,283,pdm_closed,108,108,0.0,1.1266779272466432,0.4255091922307176,0.4255553907056668,1,104,0.0,1.1266779272466432,0.4255091922307176,0.4255553907056668,1,107,0.0,1.1266779272466432,0.4255091922307176,0.4255553907056668,1
eedf395db7ee57f0,2021.06.09.14.58.55_veh-35_01894_02311,296,pdm_closed,108,108,0.0,1.1274285128009207,0.4255093357103216,0.42552123817958243,1,102,0.0,1.1274285128009207,0.4255093357103216,0.42552123817958243,1,105,0.0,1.1274285128009207,0.4255093357103216,0.42552123817958243,1
eedf395db7ee57f0,2021.06.09.14.58.55_veh-35_01894_02311,310,pdm_closed,140,140,0.0,1.1249129240958744,0.4254949919744321,0.4254653769449468,1,134,0.0,1.1249129240958744,0.4254949919744321,0.4254653769449468,1,136,0.0,1.1249129240958744,0.4254949919744321,0.4254653769449468,1
f3175db319a15a85,2021.08.17.17.17.01_veh-45_02314_02798,4,pdm_closed,37,37,1.0,0.0,1.7094913656346358,3.169820068654537,1,31,1.0,0.0,1.7094913656346358,3.169820068654537,1,33,1.0,0.0,1.7094913656346358,3.169820068654537,1
f3175db319a15a85,2021.08.17.17.17.01_veh-45_02314_02798,17,pdm_closed,36,36,0.0,1.8615956309198618,1.5920172515734234,4.438698829304067,1,31,0.0,1.8615956309198618,1.5920172515734234,4.438698829304067,1,32,0.0,1.8615956309198618,1.5920172515734234,4.438698829304067,1
f3175db319a15a85,2021.08.17.17.17.01_veh-45_02314_02798,30,pdm_closed,37,37,1.0,0.0,7.092416611316629,15.390471816909946,1,34,1.0,0.0,7.092416611316629,15.390471816909946,1,35,1.0,0.0,7.092416611316629,15.390471816909946,1
f3175db319a15a85,2021.08.17.17.17.01_veh-45_02314_02798,43,pdm_closed,37,37,1.0,0.0,7.868214453869724,17.043088787189635,1,36,1.0,0.0,7.868214453869724,17.043088787189635,1,37,1.0,0.0,7.868214453869724,17.043088787189635,1
f3175db319a15a85,2021.08.17.17.17.01_veh-45_02314_02798,57,pdm_closed,41,41,1.0,0.0,8.54453369707019,18.64723377462126,1,38,1.0,0.0,8.54453369707019,18.64723377462126,1,40,1.0,0.0,8.54453369707019,18.64723377462126,1
f3175db319a15a85,2021.08.17.17.17.01_veh-45_02314_02798,70,pdm_closed,36,36,0.0,6.3091567003987645,1.4828521218245858,3.2738717686880117,1,34,0.0,6.3091567003987645,1.4828521218245858,3.2738717686880117,1,35,0.0,6.3091567003987645,1.4828521218245858,3.2738717686880117,1
f3175db319a15a85,2021.08.17.17.17.01_veh-45_02314_02798,83,pdm_closed,36,36,0.0,6.277013972220783,1.6082636414137628,3.4605048527579134,1,34,0.0,6.277013972220783,1.6082636414137628,3.4605048527579134,1,36,0.0,6.277013972220783,1.6082636414137628,3.4605048527579134,1
f3175db319a15a85,2021.08.17.17.17.01_veh-45_02314_02798,97,pdm_closed,30,30,0.0,6.295009577372848,1.9264510766603524,4.107952317076628,1,28,0.0,6.295009577372848,1.9264510766603524,4.107952317076628,1,29,0.0,6.295009577372848,1.9264510766603524,4.107952317076628,1
f3175db319a15a85,2021.08.17.17.17.01_veh-45_02314_02798,110,pdm_closed,33,33,0.0,3.799881995617437,1.3684339824779967,3.658056446986428,1,31,0.0,3.799881995617437,1.3684339824779967,3.658056446986428,1,32,0.0,3.799881995617437,1.3684339824779967,3.658056446986428,1
f3175db319a15a85,2021.08.17.17.17.01_veh-45_02314_02798,123,pdm_closed,32,32,0.0,3.8356268345414173,1.7293978456514996,4.489207049244709,1,30,0.0,3.8356268345414173,1.7293978456514996,4.489207049244709,1,30,0.0,3.8356268345414173,1.7293978456514996,4.489207049244709,1
f3175db319a15a85,2021.08.17.17.17.01_veh-45_02314_02798,137,pdm_closed,32,32,0.0,3.8747251249060897,2.315775081909242,5.520268800813111,1,29,0.0,3.8747251249060897,2.315775081909242,5.520268800813111,1,32,0.0,3.8747251249060897,2.315775081909242,5.520268800813111,1
f3175db319a15a85,2021.08.17.17.17.01_veh-45_02314_02798,150,pdm_closed,31,31,0.0,3.7606584711536923,2.8926757338916214,6.31253427050224,1,27,0.0,3.7606584711536923,2.8926757338916214,6.31253427050224,1,30,0.0,3.7606584711536923,2.8926757338916214,6.31253427050224,1
f3175db319a15a85,2021.08.17.17.17.01_veh-45_02314_02798,163,pdm_closed,30,30,0.0,2.7272441107419434,2.8772809822656753,6.423942373672651,1,27,0.0,2.7272441107419434,2.8772809822656753,6.423942373672651,1,29,0.0,2.7272441107419434,2.8772809822656753,6.423942373672651,1
f3175db319a15a85,2021.08.17.17.17.01_veh-45_02314_02798,176,pdm_closed,28,28,0.0,2.7639583916294135,3.0894094041779505,6.761008220319534,1,25,0.0,2.7639583916294135,3.0894094041779505,6.761008220319534,1,28,0.0,2.7639583916294135,3.0894094041779505,6.761008220319534,1
f3175db319a15a85,2021.08.17.17.17.01_veh-45_02314_02798,190,pdm_closed,24,24,0.0,3.5534136229436366,3.326972508289365,7.117882091228137,1,22,0.0,3.5534136229436366,3.326972508289365,7.117882091228137,1,23,0.0,3.5534136229436366,3.326972508289365,7.117882091228137,1
f3175db319a15a85,2021.08.17.17.17.01_veh-45_02314_02798,203,pdm_closed,23,23,0.0,3.503297415586644,3.640003475609071,7.458047153050183,1,20,0.0,3.503297415586644,3.640003475609071,7.458047153050183,1,22,0.0,3.503297415586644,3.640003475609071,7.458047153050183,1
f3175db319a15a85,2021.08.17.17.17.01_veh-45_02314_02798,216,pdm_closed,21,21,0.0,2.1317981486786546,3.047160942390804,6.397608726682201,1,19,0.0,2.17742636010475,5.904214567572271,14.475700030879816,1,20,0.0,2.1317981486786546,3.047160942390804,6.397608726682201,1
f3175db319a15a85,2021.08.17.17.17.01_veh-45_02314_02798,230,pdm_closed,20,20,0.0,2.139551455308991,3.1215070550687747,6.138014040342306,1,17,0.0,2.139551455308991,3.1215070550687747,6.138014040342306,1,19,0.0,2.139551455308991,3.1215070550687747,6.138014040342306,1
f3175db319a15a85,2021.08.17.17.17.01_veh-45_02314_02798,243,pdm_closed,20,20,0.0,2.1470483697690272,3.1398931304991113,5.73428064327438,1,17,1.0,0.0,6.795418057481042,16.467584425082208,1,20,0.0,2.1470483697690272,3.1398931304991113,5.73428064327438,1
f3175db319a15a85,2021.08.17.17.17.01_veh-45_02314_02798,256,pdm_closed,21,21,0.0,2.2384597636312042,3.028584564805448,5.196088900065883,1,18,1.0,0.0,6.88800056634429,16.855294696216976,1,20,0.0,2.2384597636312042,3.028584564805448,5.196088900065883,1
f3175db319a15a85,2021.08.17.17.17.01_veh-45_02314_02798,270,pdm_closed,21,21,0.0,2.2026959038053655,2.7783537196321912,4.576338057397775,1,18,0.0,2.2026959038053655,2.7783537196321912,4.576338057397775,1,20,0.0,2.2026959038053655,2.7783537196321912,4.576338057397775,1
f3175db319a15a85,2021.08.17.17.17.01_veh-45_02314_02798,283,pdm_closed,20,20,0.0,2.186305013995899,2.550831141058267,4.106451891239028,1,18,0.0,2.186305013995899,2.550831141058267,4.106451891239028,1,19,0.0,2.186305013995899,2.550831141058267,4.106451891239028,1
f3175db319a15a85,2021.08.17.17.17.01_veh-45_02314_02798,296,pdm_closed,20,20,0.0,2.12204069239502,2.4248083051869376,3.9962148956982637,1,19,0.0,2.12204069239502,2.4248083051869376,3.9962148956982637,1,19,0.0,2.12204069239502,2.4248083051869376,3.9962148956982637,1
f3175db319a15a85,2021.08.17.17.17.01_veh-45_02314_02798,310,pdm_closed,18,18,0.0,2.1038984787992567,2.4105190916761425,4.226576030826403,1,16,1.0,0.0,6.90437512589412,17.597191010056136,1,18,0.0,2.1038984787992567,2.4105190916761425,4.226576030826403,1
f76b305f024a5bc1,2021.10.01.19.16.42_veh-28_03307_03808,4,pdm_closed,35,35,0.0,1.3744494232673787,1.9578741845431478,2.5894237406298357,1,27,0.0,1.3744494232673787,1.9578741845431478,2.5894237406298357,1,29,0.0,1.3744494232673787,1.9578741845431478,2.5894237406298357,1
f76b305f024a5bc1,2021.10.01.19.16.42_veh-28_03307_03808,17,pdm_closed,36,36,0.0,1.4223962398865144,1.9585672435751942,2.5908617405000856,1,26,0.0,1.4223962398865144,1.9585672435751942,2.5908617405000856,1,30,0.0,1.4223962398865144,1.9585672435751942,2.5908617405000856,1
f76b305f024a5bc1,2021.10.01.19.16.42_veh-28_03307_03808,30,pdm_closed,34,34,0.0,1.4621914775806564,1.9535092969615637,2.5803508496179863,1,25,0.0,1.4621914775806564,1.9535092969615637,2.5803508496179863,1,30,0.0,1.4621914775806564,1.9535092969615637,2.5803508496179863,1
f76b305f024a5bc1,2021.10.01.19.16.42_veh-28_03307_03808,43,pdm_closed,35,35,0.0,1.4552489430064484,1.9820940559395113,2.6399208536439907,1,25,0.0,1.4552489430064484,1.9820940559395113,2.6399208536439907,1,31,0.0,1.4552489430064484,1.9820940559395113,2.6399208536439907,1
f76b305f024a5bc1,2021.10.01.19.16.42_veh-28_03307_03808,57,pdm_closed,37,37,0.0,1.5263517525955579,2.015691568174487,2.710566655928595,1,27,1.0,0.0,3.372112927061922,7.377288152626004,1,31,1.0,0.0,3.372112927061922,7.377288152626004,1
f76b305f024a5bc1,2021.10.01.19.16.42_veh-28_03307_03808,70,pdm_closed,35,35,0.0,1.8175222521615482,2.013614180273855,2.7064166076253597,1,24,0.0,1.8175222521615482,2.013614180273855,2.7064166076253597,1,28,0.0,1.8175222521615482,2.013614180273855,2.7064166076253597,1
f76b305f024a5bc1,2021.10.01.19.16.42_veh-28_03307_03808,83,pdm_closed,38,38,0.0,2.1554571537829497,2.025365868893593,2.731253998646392,1,26,0.0,2.1554571537829497,2.025365868893593,2.731253998646392,1,32,0.0,2.1554571537829497,2.025365868893593,2.731253998646392,1
f76b305f024a5bc1,2021.10.01.19.16.42_veh-28_03307_03808,96,pdm_closed,38,38,0.0,2.5036262844466646,2.034250273097664,2.750150132955853,1,26,0.0,2.5036262844466646,2.034250273097664,2.750150132955853,1,33,0.0,2.5036262844466646,2.034250273097664,2.750150132955853,1
f76b305f024a5bc1,2021.10.01.19.16.42_veh-28_03307_03808,110,pdm_closed,39,39,0.0,3.0652505720776855,2.0504609447081563,2.779920744375422,1,27,0.0,3.0652505720776855,2.0504609447081563,2.779920744375422,1,32,0.0,3.0652505720776855,2.0504609447081563,2.779920744375422,1
f76b305f024a5bc1,2021.10.01.19.16.42_veh-28_03307_03808,123,pdm_closed,41,41,0.0,3.251859977964878,2.060495236442393,2.7392657852075377,1,30,0.0,3.251859977964878,2.060495236442393,2.7392657852075377,1,35,0.0,3.251859977964878,2.060495236442393,2.7392657852075377,1
f76b305f024a5bc1,2021.10.01.19.16.42_veh-28_03307_03808,136,pdm_closed,44,44,0.0,2.528143945657746,2.533448507650597,3.6763110670594084,1,31,0.0,2.528143945657746,2.533448507650597,3.6763110670594084,1,37,0.0,2.528143945657746,2.533448507650597,3.6763110670594084,1
f76b305f024a5bc1,2021.10.01.19.16.42_veh-28_03307_03808,149,pdm_closed,40,40,0.0,1.6129907129066885,2.115108159628817,3.0550121795129956,1,27,0.0,1.6129907129066885,2.115108159628817,3.0550121795129956,1,36,0.0,1.6129907129066885,2.115108159628817,3.0550121795129956,1
f76b305f024a5bc1,2021.10.01.19.16.42_veh-28_03307_03808,163,pdm_closed,38,38,0.0,0.5687724992680422,1.9042392170129543,2.28764605980138,1,25,0.0,0.5687724992680422,1.9042392170129543,2.28764605980138,1,29,0.0,0.5687724992680422,1.9042392170129543,2.28764605980138,1
f76b305f024a5bc1,2021.10.01.19.16.42_veh-28_03307_03808,176,pdm_closed,37,37,0.0,0.5025706349559144,1.1917779046657841,0.8698833138721292,1,22,0.0,0.5025706367308245,2.0366454668935785,3.8785886757074053,1,27,0.0,0.5025706349559144,1.1917779046657841,0.8698833138721292,1
f76b305f024a5bc1,2021.10.01.19.16.42_veh-28_03307_03808,189,pdm_closed,40,40,0.0,0.44286377587770975,0.5214184344213117,1.3449036574444282,1,28,0.0,0.44286377587770975,0.5214184344213117,1.3449036574444282,1,33,0.0,0.44286377587770975,0.5214184344213117,1.3449036574444282,1
f76b305f024a5bc1,2021.10.01.19.16.42_veh-28_03307_03808,202,pdm_closed,43,43,0.0,0.42590288133518506,1.8423634738290695,3.796179329138352,1,29,0.0,0.42590288133518506,1.8423634738290695,3.796179329138352,1,36,0.0,0.42590288133518506,1.8423634738290695,3.796179329138352,1
f76b305f024a5bc1,2021.10.01.19.16.42_veh-28_03307_03808,216,pdm_closed,43,43,0.0,0.4415940725588922,1.9047791273272496,3.752386853130638,1,28,0.0,0.4415940725588922,1.9047791273272496,3.752386853130638,1,38,0.0,0.4415940725588922,1.9047791273272496,3.752386853130638,1
f76b305f024a5bc1,2021.10.01.19.16.42_veh-28_03307_03808,229,pdm_closed,40,40,0.0,0.383421755903687,1.6390443950142761,3.1413872676173837,1,25,0.0,0.383421755903687,1.6390443950142761,3.1413872676173837,1,35,0.0,0.383421755903687,1.6390443950142761,3.1413872676173837,1
f76b305f024a5bc1,2021.10.01.19.16.42_veh-28_03307_03808,242,pdm_closed,37,37,0.0,0.3983277811793706,1.380321992121941,2.5603809310906054,1,23,0.0,0.3983277777494958,0.7910301387689918,0.7775942626022885,1,30,0.0,0.3983277777494958,0.7910301387689918,0.7775942626022885,1
f76b305f024a5bc1,2021.10.01.19.16.42_veh-28_03307_03808,255,pdm_closed,40,40,0.0,0.3864244143519817,1.254738048245179,2.1950750735847784,1,25,0.0,0.3864244143519817,1.254738048245179,2.1950750735847784,1,34,0.0,0.3864244143519817,1.254738048245179,2.1950750735847784,1
f76b305f024a5bc1,2021.10.01.19.16.42_veh-28_03307_03808,269,pdm_closed,42,42,0.0,0.335696227070062,1.1248976534025694,1.859891263876926,1,27,0.0,0.32470878597239106,1.316171940474153,3.837615608580134,1,34,0.0,0.32470878597239106,1.316171940474153,3.837615608580134,1
f76b305f024a5bc1,2021.10.01.19.16.42_veh-28_03307_03808,282,pdm_closed,41,41,0.0,0.3347293839492172,0.9272447695966556,1.3592915972333959,1,26,0.0,0.3347293839492172,0.9272447695966556,1.3592915972333959,1,34,0.0,0.3347293839492172,0.9272447695966556,1.3592915972333959,1
f76b305f024a5bc1,2021.10.01.19.16.42_veh-28_03307_03808,295,pdm_closed,43,43,0.0,1.2939175908186389,0.5214891044654555,0.5879169035309538,1,26,0.0,1.2939175908186389,0.5214891044654555,0.5879169035309538,1,34,0.0,1.2939175908186389,0.5214891044654555,0.5879169035309538,1
f76b305f024a5bc1,2021.10.01.19.16.42_veh-28_03307_03808,309,pdm_closed,49,49,0.0,0.2977003346781067,0.605848042773862,0.4332083128548407,1,33,0.0,0.2977003346781067,0.605848042773862,0.4332083128548407,1,42,0.0,0.2977003346781067,0.605848042773862,0.4332083128548407,1
fb8f996179695e0f,2021.08.17.16.57.11_veh-08_01200_01636,4,pdm_closed,6,6,0.0,2.6247008188497576,3.929783169821364,10.187751320673183,1,1,0.0,2.6247008188497576,3.929783169821364,10.187751320673183,1,2,0.0,2.6247008188497576,3.929783169821364,10.187751320673183,1
fb8f996179695e0f,2021.08.17.16.57.11_veh-08_01200_01636,17,pdm_closed,6,6,0.0,2.5562454597720192,4.90150086294194,12.655368798243318,1,2,0.0,2.5562454597720192,4.90150086294194,12.655368798243318,1,2,0.0,2.5562454597720192,4.90150086294194,12.655368798243318,1
fb8f996179695e0f,2021.08.17.16.57.11_veh-08_01200_01636,30,pdm_closed,8,8,0.0,1.5504678202463074,6.339025496060318,15.301372633501098,1,4,0.0,1.5504678202463074,6.339025496060318,15.301372633501098,1,5,0.0,1.5504678202463074,6.339025496060318,15.301372633501098,1
fb8f996179695e0f,2021.08.17.16.57.11_veh-08_01200_01636,43,pdm_closed,10,10,0.0,1.588166662903544,5.3343513378818255,12.52698596055302,1,8,0.0,1.588166662903544,5.3343513378818255,12.52698596055302,1,8,0.0,1.588166662903544,5.3343513378818255,12.52698596055302,1
fb8f996179695e0f,2021.08.17.16.57.11_veh-08_01200_01636,57,pdm_closed,11,11,0.0,3.7806413152037783,6.73832253431924,15.314988269170897,1,9,0.0,3.7806413152037783,6.73832253431924,15.314988269170897,1,9,0.0,3.7806413152037783,6.73832253431924,15.314988269170897,1
fb8f996179695e0f,2021.08.17.16.57.11_veh-08_01200_01636,70,pdm_closed,9,9,0.0,5.490210881534457,5.026749163345593,11.691411761958937,1,7,0.0,5.490210881534457,5.026749163345593,11.691411761958937,1,8,0.0,5.490210881534457,5.026749163345593,11.691411761958937,1
fb8f996179695e0f,2021.08.17.16.57.11_veh-08_01200_01636,83,pdm_closed,10,10,0.0,11.668979785635486,0.9992670695298378,0.9674954308574668,1,8,0.0,11.668979785635486,0.9992670695298378,0.9674954308574668,1,8,0.0,11.668979785635486,0.9992670695298378,0.9674954308574668,1
fb8f996179695e0f,2021.08.17.16.57.11_veh-08_01200_01636,96,pdm_closed,14,14,0.0,12.477557291829836,1.2035259654831254,0.9820908778278489,1,11,0.0,12.477557291829836,1.2035259654831254,0.9820908778278489,1,11,0.0,12.477557291829836,1.2035259654831254,0.9820908778278489,1
fb8f996179695e0f,2021.08.17.16.57.11_veh-08_01200_01636,110,pdm_closed,13,13,0.0,8.535753959091819,0.9883445141401956,0.9417185870957296,1,11,0.0,8.535753959091819,0.9883445141401956,0.9417185870957296,1,11,0.0,8.535753959091819,0.9883445141401956,0.9417185870957296,1
fb8f996179695e0f,2021.08.17.16.57.11_veh-08_01200_01636,123,pdm_closed,13,13,0.0,4.992917269160818,0.9492378898255894,0.9624539065311549,1,10,0.0,4.992917269160818,0.9492378898255894,0.9624539065311549,1,11,0.0,4.992917269160818,0.9492378898255894,0.9624539065311549,1
fb8f996179695e0f,2021.08.17.16.57.11_veh-08_01200_01636,136,pdm_closed,12,12,0.0,2.3041220712523205,0.957718625740944,1.0085206010196943,1,9,0.0,2.3041220712523205,0.957718625740944,1.0085206010196943,1,9,0.0,2.3041220712523205,0.957718625740944,1.0085206010196943,1
fb8f996179695e0f,2021.08.17.16.57.11_veh-08_01200_01636,149,pdm_closed,12,12,0.0,0.010202076953155247,0.96874495698666,1.033373076671751,1,9,0.0,0.010202076953155247,0.96874495698666,1.033373076671751,1,10,0.0,0.010202076953155247,0.96874495698666,1.033373076671751,1
fb8f996179695e0f,2021.08.17.16.57.11_veh-08_01200_01636,163,pdm_closed,13,13,1.0,0.0,0.9730434001896688,1.0209937559788742,1,11,1.0,0.0,0.9730434001896688,1.0209937559788742,1,13,1.0,0.0,0.9730434001896688,1.0209937559788742,1
fb8f996179695e0f,2021.08.17.16.57.11_veh-08_01200_01636,176,pdm_closed,12,12,1.0,0.0,0.9761066799595062,1.0133472710170326,1,10,1.0,0.0,0.9761066799595062,1.0133472710170326,1,12,1.0,0.0,0.9761066799595062,1.0133472710170326,1
fb8f996179695e0f,2021.08.17.16.57.11_veh-08_01200_01636,189,pdm_closed,15,15,1.0,0.0,0.9755094652623449,1.0023481949983744,1,13,1.0,0.0,0.9755094652623449,1.0023481949983744,1,15,1.0,0.0,0.9755094652623449,1.0023481949983744,1
fb8f996179695e0f,2021.08.17.16.57.11_veh-08_01200_01636,202,pdm_closed,19,19,1.0,0.0,0.9689823484555729,0.990529104246576,1,16,1.0,0.0,0.9689823484555729,0.990529104246576,1,17,1.0,0.0,0.9689823484555729,0.990529104246576,1
fb8f996179695e0f,2021.08.17.16.57.11_veh-08_01200_01636,216,pdm_closed,19,19,1.0,0.0,0.9630188773155711,0.9796869935782414,1,16,1.0,0.0,0.9630188773155711,0.9796869935782414,1,17,1.0,0.0,0.9630188773155711,0.9796869935782414,1
fb8f996179695e0f,2021.08.17.16.57.11_veh-08_01200_01636,229,pdm_closed,20,20,0.0,0.9301115449471423,0.19009478447397746,0.2567499292682083,1,17,0.0,0.9301115449471423,0.19009478447397746,0.2567499292682083,1,19,0.0,0.9301115449471423,0.19009478447397746,0.2567499292682083,1
fb8f996179695e0f,2021.08.17.16.57.11_veh-08_01200_01636,242,pdm_closed,20,20,0.0,0.9516997764657849,0.18998478908553246,0.2566912611402697,1,17,0.0,0.9516997764657849,0.18998478908553246,0.2566912611402697,1,18,0.0,0.9516997764657849,0.18998478908553246,0.2566912611402697,1
fb8f996179695e0f,2021.08.17.16.57.11_veh-08_01200_01636,255,pdm_closed,17,17,1.0,0.0,0.9482297106047708,0.976468750555793,1,13,1.0,0.0,0.9482297106047708,0.976468750555793,1,14,1.0,0.0,0.9482297106047708,0.976468750555793,1
fb8f996179695e0f,2021.08.17.16.57.11_veh-08_01200_01636,269,pdm_closed,17,17,1.0,0.0,0.955289160470745,0.984541592837375,1,14,1.0,0.0,0.955289160470745,0.984541592837375,1,15,1.0,0.0,0.955289160470745,0.984541592837375,1
fb8f996179695e0f,2021.08.17.16.57.11_veh-08_01200_01636,282,pdm_closed,17,17,1.0,0.0,0.9552412983473353,0.9845358943476435,1,13,1.0,0.0,0.9552412983473353,0.9845358943476435,1,14,1.0,0.0,0.9552412983473353,0.9845358943476435,1
fb8f996179695e0f,2021.08.17.16.57.11_veh-08_01200_01636,295,pdm_closed,16,16,0.0,0.950951756483032,0.19036654007047954,0.25748872332416967,1,10,0.0,0.950951756483032,0.19036654007047954,0.25748872332416967,1,11,0.0,0.950951756483032,0.19036654007047954,0.25748872332416967,1
fb8f996179695e0f,2021.08.17.16.57.11_veh-08_01200_01636,309,pdm_closed,17,17,0.0,0.9394390476165437,0.19037529916143003,0.257264429921422,1,12,0.0,0.9394390476165437,0.19037529916143003,0.257264429921422,1,14,0.0,0.9394390476165437,0.19037529916143003,0.257264429921422,1
