sample_token,JC_mean_m_cheap,JC_max_m_cheap,JC_final_m_cheap,JC_lat_mean_m_cheap,JC_soft_mean_m_cheap,JC_soft_max_m_cheap,JC_soft_final_m_cheap,JC_soft_lat_mean_m_cheap,JC_mean_m_full,JC_max_m_full,JC_final_m_full,JC_lat_mean_m_full,JC_soft_mean_m_full,JC_soft_max_m_full,JC_soft_final_m_full,JC_soft_lat_mean_m_full,JC_cheap,JC_full,dJC,dJC_soft
001899e5cdf548fba1e27741e0d172a5,0.07500000000000018,1.2000000000000028,0.0,0.0,0.10349662726518938,0.17564929737693963,0.12052798373093135,0.016912651062010564,0.07500000000000018,1.2000000000000028,0.0,0.0,0.10349662726518938,0.17564929737693963,0.12052798373093135,0.016912651062010564,0.07500000000000018,0.07500000000000018,0.0,0.0
00972ce25a2142b2867ccf11fb8bffeb,0.5249999999999997,1.1999999999999993,0.0,0.0,0.21511131559694582,0.4350576602860739,0.14903784609937212,0.011021804809569602,0.5249999999999997,1.1999999999999993,0.0,0.0,0.16507627574443884,0.34092761949920536,0.13024196167878815,0.0100622177124019,0.5249999999999997,0.5249999999999997,0.0,0.050035039852506985
020154f4d8cd4e8582c4a02f10d70d7a,1.8124143795447332,7.299315036357866,7.299315036357866,0.14999999999999947,0.1984318314833874,0.2687230693035712,0.13814680240712227,0.01087975502014027,1.8124143795447332,7.299315036357866,7.299315036357866,0.14999999999999947,0.1984318314833874,0.2687230693035712,0.13814680240712227,0.01087975502014027,1.8124143795447332,1.8124143795447332,0.0,0.0
027520592f994e3887e4f8b4ba4fc099,0.7500000000000002,3.6000000000000014,3.6000000000000014,0.0,0.04849064415180279,0.07813820207701401,0.03454328504354908,0.002769756317137162,0.44999999999999996,2.3999999999999986,1.2000000000000028,0.0,0.02214900955254593,0.04245386924871498,0.010062189321770996,0.003102636337279918,0.7500000000000002,0.44999999999999996,0.30000000000000027,0.026341634599256862
029a6b83ae1a42cbbf775fd77415745f,0.0,0.0,0.0,0.0,0.0,0.0,0.0,0.0,0.0,0.0,0.0,0.0,0.0,0.0,0.0,0.0,0.0,0.0,0.0,0.0
02b68afcd7504587a003bffe899e4986,0.1499999999999999,1.2000000000000028,0.0,0.0,0.012727956704959404,0.02522963730033938,0.014877695401647009,0.0015370845794664412,0.3749999999999998,3.6000000000000014,3.6000000000000014,0.0,0.04624335594806654,0.07139502787552525,0.031712100720933216,0.0018553733825679153,0.1499999999999999,0.3749999999999998,-0.22499999999999987,-0.03351539924310714
02c072c88359462ba2d87a8a673be1ad,2.6249999999999996,4.800000000000001,2.3999999999999986,0.0,0.3683531517594284,0.6080375338513075,0.2280802108061561,0.015751504898070312,2.6249999999999996,4.800000000000001,2.3999999999999986,0.0,0.3663339699746805,0.6162827089808651,0.2202359764126143,0.015139532089233132,2.6249999999999996,2.6249999999999996,0.0,0.0020191817847479143
038e74a5fb5f467cb0ff08036b938dae,0.2999999999999998,1.1999999999999993,0.0,0.0,0.06279350744277198,0.13918222992653695,0.0823934321690151,0.0052033424377446735,0.2999999999999998,1.1999999999999993,0.0,0.0,0.06279350744277198,0.13918222992653695,0.0823934321690151,0.0052033424377446735,0.2999999999999998,0.2999999999999998,0.0,0.0
03b1880912dc4590b00679eb1d363841,0.0,0.0,0.0,0.0,0.023981814130090307,0.04942752870565425,0.008887257402466955,0.0022025585174567652,0.0,0.0,0.0,0.0,0.023981814130090307,0.04942752870565425,0.008887257402466955,0.0022025585174567652,0.0,0.0,0.0,0.0
03f54952344b4fd29253e26557b6d56f,0.0,0.0,0.0,0.0,0.0,0.0,0.0,0.0,0.0,0.0,0.0,0.0,0.0,0.0,0.0,0.0,0.0,0.0,0.0,0.0
053ccfde42e04975969c107a59b4c305,0.8312071897723663,7.29931503635786,7.29931503635786,0.07500000000000018,0.04108521396031376,0.08932915205244199,0.023070710606355408,0.006282663345337447,0.906207189772366,7.29931503635786,7.29931503635786,0.07500000000000018,0.05187993722538338,0.0844644754126638,0.01258834387941586,0.0025890827178951525,0.8312071897723663,0.906207189772366,-0.07499999999999973,-0.010794723265069618
05a38d819af84ccd8a76291422820369,1.95,4.800000000000004,1.2000000000000028,0.0,0.246662356017398,0.37554309921660955,0.09235786491529799,0.006007862091064631,1.95,4.800000000000004,1.2000000000000028,0.0,0.246662356017398,0.37554309921660955,0.09235786491529799,0.006007862091064631,1.95,1.95,0.0,0.0
05fee16065df4a869ed5e1ace1ff0fd5,6.849723022888346,16.842802617141835,7.200000000000003,0.45000000000000107,0.9494246982173524,1.600034421920358,0.33074286083384163,0.034689903259277344,6.849723022888346,16.842802617141835,7.200000000000003,0.45000000000000107,0.9494246982173524,1.600034421920358,0.33074286083384163,0.034689903259277344,6.849723022888346,6.849723022888346,0.0,0.0
063e9501cfd046d5a4902dad5b17f8f5,0.2250000000000001,1.2000000000000028,0.0,0.0,0.04247853154355177,0.0809751965531623,0.01948057449157738,0.006409835815429421,0.2250000000000001,1.2000000000000028,0.0,0.0,0.04247853154355177,0.0809751965531623,0.01948057449157738,0.006409835815429421,0.2250000000000001,0.2250000000000001,0.0,0.0
0659d7e9140d4c8790ef46003e30f514,0.9749999999999999,9.600000000000001,9.600000000000001,0.0,0.043788142298216565,0.0699079038238473,0.03143156452476224,0.008690786361693625,0.9749999999999999,9.600000000000001,9.600000000000001,0.0,0.043788142298216565,0.0699079038238473,0.03143156452476224,0.008690786361693625,0.9749999999999999,0.9749999999999999,0.0,0.0
07030fd431244721b416f1ad898ffeb3,0.07500000000000018,1.2000000000000028,0.0,0.0,0.010341319005933571,0.019397140763876494,0.010747250859162555,0.004836702346801225,0.07500000000000018,1.2000000000000028,0.0,0.0,0.012204341848697151,0.02020904131209686,0.018751646273207592,0.004855728149413707,0.07500000000000018,0.07500000000000018,0.0,-0.00186302284276358
076fcc0d55aa452f949f4d92e074d50d,6.15,14.400000000000002,14.400000000000002,0.0,0.38108897524494645,0.5900917396436627,0.2203917593338954,0.00873756408691495,6.15,14.400000000000002,14.400000000000002,0.0,0.38108897524494645,0.5900917396436627,0.2203917593338954,0.00873756408691495,6.15,6.15,0.0,0.0
07a6e4ffcd6f4d4caad66fb043435c4f,0.5249999999999999,2.3999999999999986,0.0,0.0,0.08432831477112429,0.14937513708664474,0.03931586888780499,0.0014019012451180757,0.5249999999999999,2.3999999999999986,0.0,0.0,0.08432831477112429,0.14937513708664474,0.03931586888780499,0.0014019012451180757,0.5249999999999999,0.5249999999999999,0.0,0.0
07ac4f2a277e4d68823954e788e4be8c,0.9749999999999999,1.2000000000000028,0.0,0.0,0.33858981028072166,0.618466237435098,0.21929517404570548,0.012673902511596058,1.3499999999999999,3.599999999999998,0.0,0.0,0.3413687929768772,0.6804971509452686,0.21371714580113746,0.01447234153747523,0.9749999999999999,1.3499999999999999,-0.375,-0.002778982696155563
07eba9ddc28840d489afd0c222b0f056,1.4999999999999996,8.399999999999999,0.0,0.0,0.2679747428286098,0.5100743475638122,0.03195717175193984,0.006695938110352184,1.4999999999999996,8.399999999999999,0.0,0.0,0.2679747428286098,0.5100743475638122,0.03195717175193984,0.006695938110352184,1.4999999999999996,1.4999999999999996,0.0,0.0
08078980e5564ecd80cdab0d0c71f2ac,0.22499999999999964,2.3999999999999986,0.0,0.0,0.0399074964262008,0.051843755063778627,0.028087176281023057,0.0007674694061274856,0.4499999999999995,2.3999999999999986,0.0,0.0,0.06287797895913114,0.07925655188023223,0.04585603525755816,0.0010243892669676846,0.22499999999999964,0.4499999999999995,-0.22499999999999987,-0.02297048253293034
08642b2f02cf46adab1598b0ef664549,1.1054076662032393,3.7947331922020573,2.3999999999999986,0.3750000000000009,0.20507053517866192,0.3028499806462533,0.09488123715371073,0.03506155014038148,1.1054076662032393,3.7947331922020573,2.3999999999999986,0.3750000000000009,0.20507053517866192,0.3028499806462533,0.09488123715371073,0.03506155014038148,1.1054076662032393,1.1054076662032393,0.0,0.0
087066c62df340bba2e4a12936375a4e,0.0,0.0,0.0,0.0,0.0,0.0,0.0,0.0,0.0,0.0,0.0,0.0,0.0,0.0,0.0,0.0,0.0,0.0,0.0,0.0
08d37299402f4598b2ff735a48743cd3,0.45620718977236624,7.29931503635786,0.0,0.07500000000000018,0.02204555461777153,0.04825474661504025,0.006979742111143907,0.0014363765716556287,0.45620718977236624,7.29931503635786,0.0,0.07500000000000018,0.02204555461777153,0.04825474661504025,0.006979742111143907,0.0014363765716556287,0.45620718977236624,0.45620718977236624,0.0,0.0
08d9dfe15f544635b3cc72c742cd85ad,0.8324264635194591,6.118823416311343,0.0,0.07500000000000018,0.026159731631793293,0.10153898343129567,0.029100728263038955,0.0048962116241471065,0.8324264635194591,6.118823416311343,0.0,0.07500000000000018,0.026159731631793293,0.10153898343129567,0.029100728263038955,0.0048962116241471065,0.8324264635194591,0.8324264635194591,0.0,0.0
09b70515d2e9431ab772ee60b3029d0a,0.30000000000000004,1.2000000000000028,1.2000000000000028,0.0,0.05674617474758285,0.10549860938906558,0.020139517069371882,0.003022527694701793,0.30000000000000004,1.2000000000000028,1.2000000000000028,0.0,0.05674617474758285,0.10549860938906558,0.020139517069371882,0.003022527694701793,0.30000000000000004,0.30000000000000004,0.0,0.0
09f3a3ce512a442db7dd47f9ed39e64f,0.0,0.0,0.0,0.0,0.04664319037811063,0.07807298227919683,0.03315668448613694,0.01104326248168963,0.0,0.0,0.0,0.0,0.04664319037811063,0.07807298227919683,0.03315668448613694,0.01104326248168963,0.0,0.0,0.0,0.0
0b1755bf21ba4417b5a5c63cf620d36e,0.5249999999999999,2.3999999999999986,0.0,0.0,0.04835343648548839,0.07064179869809893,0.03173157060728023,0.005759811401366388,0.5249999999999999,2.3999999999999986,0.0,0.0,0.04835343648548839,0.07064179869809893,0.03173157060728023,0.005759811401366388,0.5249999999999999,0.5249999999999999,0.0,0.0
0b3a5293539a4cd5933ef42edc7200d2,0.0,0.0,0.0,0.0,0.0,0.0,0.0,0.0,0.0,0.0,0.0,0.0,0.0,0.0,0.0,0.0,0.0,0.0,0.0,0.0
0b505a6c6c9c4e09ae50716f9581ed29,0.6749999999999996,1.1999999999999993,1.1999999999999993,0.0,0.199812058972347,0.34115781051966476,0.16815851109239785,0.004561185836791992,1.0499999999999994,2.3999999999999986,1.1999999999999993,0.0,0.3562912584457478,0.5311253082986149,0.2986624534752691,0.008225154876707386,0.6749999999999996,1.0499999999999994,-0.3749999999999998,-0.15647919947340083
0bc8de2e16054030862df31f52fd1f00,0.0,0.0,0.0,0.0,0.053631981667625235,0.10442174517981348,0.07142504409858454,0.0059553623199475325,0.0,0.0,0.0,0.0,0.04482096251372764,0.0846286304455325,0.05589700482589337,0.005040836334229137,0.0,0.0,0.0,0.008811019153897592
0bc8f639dc95404ebd8195e45f72adf9,0.0,0.0,0.0,0.0,0.0,0.0,0.0,0.0,0.0,0.0,0.0,0.0,0.0,0.0,0.0,0.0,0.0,0.0,0.0,0.0
0c45e7984f2f453fa8650c20bf9a3fa6,2.7803300858899105,8.48528137423857,8.48528137423857,0.07500000000000018,0.39539983733132134,0.5713008845142297,0.18790426047419412,0.007917594909667702,2.93033008588991,8.48528137423857,8.48528137423857,0.07500000000000018,0.4232185223115539,0.609318390522764,0.205791577316823,0.00854430198669398,2.7803300858899105,2.93033008588991,-0.14999999999999947,-0.027818684980232544
0ca68b053a8b4a2c8d3e0393262ee49d,1.2074264635194591,6.118823416311341,6.118823416311341,0.07499999999999973,0.11448546077409405,0.19638206582767634,0.029642296411164337,0.014877176284789684,1.2074264635194591,6.118823416311341,6.118823416311341,0.07499999999999973,0.11448546077409405,0.19638206582767634,0.029642296411164337,0.014877176284789684,1.2074264635194591,1.2074264635194591,0.0,0.0
0cd37221c4724bfc8e1c369278c49d03,0.0,0.0,0.0,0.0,0.0,0.0,0.0,0.0,0.0,0.0,0.0,0.0,0.0,0.0,0.0,0.0,0.0,0.0,0.0,0.0
0d4ff8b9b8da4d75b84e61a6392743ed,0.07499999999999996,1.1999999999999993,0.0,0.0,0.008392178242339548,0.017374471876168425,0.005765016872619302,0.0009891986846910505,0.07499999999999996,1.1999999999999993,0.0,0.0,0.008392178242339548,0.017374471876168425,0.005765016872619302,0.0009891986846910505,0.07499999999999996,0.07499999999999996,0.0,0.0
0da044f464b44e5d8c782a13903d6e50,0.825,3.6000000000000014,1.2000000000000028,0.0,0.16086642018375794,0.3167795929822499,0.07747776172463634,0.006758594512939808,0.825,3.6000000000000014,1.2000000000000028,0.0,0.16086642018375794,0.3167795929822499,0.07747776172463634,0.006758594512939808,0.825,0.825,0.0,0.0
0df15d68b83a49e9aa4a7474a823c61f,0.0,0.0,0.0,0.0,0.009259313291067441,0.024081190944722046,0.007755825738394151,0.002697801589965465,0.0,0.0,0.0,0.0,0.009259313291067441,0.024081190944722046,0.007755825738394151,0.002697801589965465,0.0,0.0,0.0,0.0
0e4aea0d177c480a9ae050a01368ebde,2.3837513796191736,11.818629362155324,0.0,0.7499999999999991,0.22518816435722053,0.3595997461102283,0.18482491361734824,0.013971233367918057,2.3837513796191736,11.818629362155324,0.0,0.7499999999999991,0.22518816435722053,0.3595997461102283,0.18482491361734824,0.013971233367918057,2.3837513796191736,2.3837513796191736,0.0,0.0
0e8c8fdb2076484dbeae81024c49cc08,0.1499999999999999,1.1999999999999993,0.0,0.0,0.09754691243998617,0.19615599183631335,0.028387014223279466,0.008661460876465021,0.07499999999999996,1.1999999999999993,0.0,0.0,0.10038744055385901,0.19496315990604712,0.027187315158179418,0.008708095550536754,0.1499999999999999,0.07499999999999996,0.07499999999999996,-0.0028405281138728367
0f34a8e8f3a04b4f9928d12fd57a5f2d,0.2999999999999998,3.5999999999999943,3.5999999999999943,0.0,0.025931103793652786,0.04409210483785802,0.04296461697771576,0.0014861583709722126,0.375,3.5999999999999943,3.5999999999999943,0.0,0.05815710804593506,0.09906806418986482,0.09906806418986482,0.002416849136352539,0.2999999999999998,0.375,-0.07500000000000018,-0.032226004252282274
0f39f34febc84a6689f08599105d1421,0.3354101966249683,2.6832815729997477,0.0,0.14999999999999947,0.03995179968029418,0.08735916941736288,0.026683349136446245,0.014287662506102361,0.3354101966249683,2.6832815729997477,0.0,0.14999999999999947,0.03995179968029418,0.08735916941736288,0.026683349136446245,0.014287662506102361,0.3354101966249683,0.3354101966249683,0.0,0.0
0f8910c8005d43029efa7de74e59ab44,0.33541019662496846,2.683281572999751,0.0,0.1499999999999999,0.06824673222044418,0.11925469078066887,0.08139308543050698,0.03217420578002894,0.33541019662496846,2.683281572999751,0.0,0.1499999999999999,0.06824673222044418,0.11925469078066887,0.08139308543050698,0.03217420578002894,0.33541019662496846,0.33541019662496846,0.0,0.0
0f96fbf018914f72874dd2ee2c91e8fb,0.31217082451262856,3.7947331922020573,0.0,0.07500000000000018,0.058050902253542584,0.10722018138862524,0.049202425838185314,0.019268560409546165,0.31217082451262856,3.7947331922020573,0.0,0.07500000000000018,0.058050902253542584,0.10722018138862524,0.049202425838185314,0.019268560409546165,0.31217082451262856,0.31217082451262856,0.0,0.0
0fac00de343d4c5d85109bb7b4dd4bae,0.3750000000000002,2.4000000000000057,0.0,0.0,0.05306567491181198,0.08579918709030833,0.04137787082546392,0.0025609016418455255,0.5250000000000001,2.4000000000000057,0.0,0.0,0.0742221211856379,0.10280536454603752,0.07086983217693565,0.0024260044097887956,0.3750000000000002,0.5250000000000001,-0.1499999999999999,-0.021156446273825916
0fbd36207be943fa874684ffb22bf256,1.66978682661148,4.3266615305567875,4.3266615305567875,0.9750000000000001,0.4004577679004969,0.5724061632014316,0.19495687025468683,0.06427631378173837,2.2889742877617456,4.3266615305567875,4.3266615305567875,1.35,0.4355066300158792,0.6036802033209913,0.21787113269739522,0.0757103919982911,1.66978682661148,2.2889742877617456,-0.6191874611502657,-0.03504886211538227
104e1393ff1d4d7d8d56603527a77080,3.3,8.399999999999999,2.3999999999999986,0.0,0.5969717883639408,0.9191208805014186,0.3487297730290731,0.004893636703490856,3.3,8.399999999999999,2.3999999999999986,0.0,0.5969717883639408,0.9191208805014186,0.3487297730290731,0.004893636703490856,3.3,3.3,0.0,0.0
10ec5f51c91d43d98b7bfc1f3c65183f,0.0,0.0,0.0,0.0,0.011464050321869703,0.02003056258598815,0.016800725642446116,0.002258920669555131,0.30000000000000004,1.2000000000000028,0.0,0.0,0.05024250281398384,0.07812564947931,0.028318526945467923,0.003009796142578569,0.0,0.30000000000000004,-0.30000000000000004,-0.03877845249211414
11c869e882034b69b67b121c9deabd9e,0.8999999999999999,3.6000000000000014,0.0,0.0,0.15581164615482992,0.20085811858771718,0.11721657100342046,0.0018816947936999284,0.8999999999999999,3.6000000000000014,0.0,0.0,0.15581164615482992,0.20085811858771718,0.11721657100342046,0.0018816947936999284,0.8999999999999999,0.8999999999999999,0.0,0.0
124b2bf95a634996811d0043c9fb7b89,0.0,0.0,0.0,0.0,0.0,0.0,0.0,0.0,0.0,0.0,0.0,0.0,0.0,0.0,0.0,0.0,0.0,0.0,0.0,0.0
1259716cd6dd4e9c8506624cbb91b9f6,0.2250000000000001,1.2000000000000028,0.0,0.0,0.1147281784326083,0.196394165878689,0.05323368459147322,0.00973477363586328,1.9500000000000002,3.6000000000000014,2.400000000000002,0.0,0.5223626157789201,0.8823682010265023,0.2939447781418907,0.015522336959838068,0.2250000000000001,1.9500000000000002,-1.725,-0.4076344373463118
125a63c9e5b14ebfb5839143c88e3a44,4.5041538853603065,10.866462165764897,10.866462165764897,0.07500000000000018,0.6554620158143888,1.057863353356284,0.4537673950714846,0.009114933013916193,4.579153885360306,10.866462165764897,10.866462165764897,0.07500000000000018,0.6780907251211999,1.0869193428578352,0.4729378679104,0.010175371170043412,4.5041538853603065,4.579153885360306,-0.07499999999999929,-0.022628709306811157
12bff9ace37e47bea1dd609ca4b9a672,1.0499999999999998,9.600000000000001,9.600000000000001,0.0,0.06372936792087402,0.11098406742865248,0.035442156817322094,0.005493164062500888,1.0499999999999998,9.600000000000001,9.600000000000001,0.0,0.06372936792087402,0.11098406742865248,0.035442156817322094,0.005493164062500888,1.0499999999999998,1.0499999999999998,0.0,0.0
1315ebfd98fd43f4894a95eea2a41761,0.0,0.0,0.0,0.0,0.0,0.0,0.0,0.0,0.0,0.0,0.0,0.0,0.0,0.0,0.0,0.0,0.0,0.0,0.0,0.0
139bce92199440ea8929d1a1bd10dbda,0.5250000000000004,3.6000000000000014,0.0,0.0,0.047022130517270624,0.07917060805640283,0.013280714248622195,0.0012489795684822447,0.5250000000000004,3.6000000000000014,0.0,0.0,0.047022130517270624,0.07917060805640283,0.013280714248622195,0.0012489795684822447,0.5250000000000004,0.5250000000000004,0.0,0.0
13a40491dcbf420c9fd9b9ff3e44595d,1.3621708245126283,6.0,6.0,0.07500000000000018,0.14238783925584297,0.2290968799051551,0.07165578309094418,0.006772184371947265,0.675,6.0,6.0,0.0,0.06730765441633751,0.10933979402594887,0.037066133929911094,0.003052568435669034,1.3621708245126283,0.675,0.6871708245126282,0.07508018483950546
13b659ff8b004f8b9285cefeb975af49,0.0,0.0,0.0,0.0,0.0,0.0,0.0,0.0,0.0,0.0,0.0,0.0,0.0,0.0,0.0,0.0,0.0,0.0,0.0,0.0
13d8ba3229ab42afa91ca78380266b25,0.07499999999999996,1.1999999999999993,0.0,0.0,0.005810045197607779,0.010745854727123328,0.0025731296668479397,0.0011178016662598544,0.07499999999999996,1.1999999999999993,0.0,0.0,0.005810045197607779,0.010745854727123328,0.0025731296668479397,0.0011178016662598544,0.07499999999999996,0.07499999999999996,0.0,0.0
13da317bc2a547f89ee12cdf67c6ce4c,0.15000000000000013,1.2000000000000028,0.0,0.0,0.024154318557293174,0.08973539753579983,0.01096530070272214,0.009589719772339134,0.15000000000000013,1.2000000000000028,0.0,0.0,0.024154318557293174,0.08973539753579983,0.01096530070272214,0.009589719772339134,0.15000000000000013,0.15000000000000013,0.0,0.0
148323f4736143f691d6927540f328ba,0.0,0.0,0.0,0.0,0.12447284254146904,0.16933820433815341,0.15246996600590204,0.0065028190612794745,0.0,0.0,0.0,0.0,0.09987736309431261,0.13626148801329052,0.11989600996888126,0.006894493103027255,0.0,0.0,0.0,0.024595479447156426
14c42b6999fc44b68f0322c882cb8b31,0.6053300858899104,3.3941125496954263,0.0,0.375,0.16716251183237368,0.2711829706838683,0.09526034207099295,0.05778665542602601,0.6053300858899104,3.3941125496954263,0.0,0.375,0.16716251183237368,0.2711829706838683,0.09526034207099295,0.05778665542602601,0.6053300858899104,0.6053300858899104,0.0,0.0
14f665de1fa34d0a9d12838a5b77d687,0.22499999999999987,2.3999999999999986,0.0,0.0,0.013091991797684617,0.022256555521780286,0.0035320850330294046,0.0007794857025138491,0.22499999999999987,2.3999999999999986,0.0,0.0,0.013091991797684617,0.022256555521780286,0.0035320850330294046,0.0007794857025138491,0.22499999999999987,0.22499999999999987,0.0,0.0
1573c3aca0f54db0bd9b84450f879b68,0.1499999999999999,1.1999999999999993,0.0,0.0,0.06687717869992754,0.13919408422271892,0.01122201479560473,0.005658674240113459,0.1499999999999999,1.1999999999999993,0.0,0.0,0.06687717869992754,0.13919408422271892,0.01122201479560473,0.005658674240113459,0.1499999999999999,0.1499999999999999,0.0,0.0
15c59626df6b4f96bb7ef7c5c1797159,1.1999999999999997,7.200000000000003,7.200000000000003,0.0,0.14959164284708282,0.21882330594311117,0.12328970570623218,0.002218151092529652,1.1999999999999997,7.200000000000003,7.200000000000003,0.0,0.15072871262406978,0.224301370326515,0.12119779063743938,0.00219483375549423,1.1999999999999997,1.1999999999999997,0.0,-0.0011370697769869653
164353442084444991643f97a148df91,0.0,0.0,0.0,0.0,0.10832673803684409,0.15906808914557216,0.12754807398405005,0.006507682800293679,0.0,0.0,0.0,0.0,0.1091095379109422,0.15942429474745362,0.1271190608481667,0.006517696380615057,0.0,0.0,0.0,-0.000782799874098114
16b9470fc196483ea76a2a02b0144c05,0.4500000000000002,2.400000000000002,0.0,0.0,0.1271933156432105,0.3559250260316836,0.018033113992330034,0.01584992408752406,3.825,15.600000000000001,15.600000000000001,0.0,0.6595061551226742,1.0213094395961761,0.4009376475088047,0.013870239257812056,0.4500000000000002,3.825,-3.375,-0.5323128394794636
17a9d3f4cf624ab38bee0b73ccb77e2e,0.18106601717798218,1.6970562748477156,0.0,0.07500000000000018,0.0352592465841758,0.07434349021204213,0.03461308167356571,0.01866445541381756,0.18106601717798218,1.6970562748477156,0.0,0.07500000000000018,0.0352592465841758,0.07434349021204213,0.03461308167356571,0.01866445541381756,0.18106601717798218,0.18106601717798218,0.0,0.0
17d6152bed1f4d97928dedad04c0d7b8,0.6989122880848511,7.299315036357866,1.2000000000000028,0.1499999999999999,0.09659768955886178,0.18764823220676144,0.09234665467775885,0.024541425704955877,0.6989122880848511,7.299315036357866,1.2000000000000028,0.1499999999999999,0.09659768955886178,0.18764823220676144,0.09234665467775885,0.024541425704955877,0.6989122880848511,0.6989122880848511,0.0,0.0
17dd14b176364a539463dbe99d96918a,0.3749999999999998,1.2000000000000028,0.0,0.0,0.14834197524046183,0.28663269923290824,0.06514919097614597,0.007188034057616921,0.3749999999999998,1.2000000000000028,0.0,0.0,0.14834197524046183,0.28663269923290824,0.06514919097614597,0.007188034057616921,0.3749999999999998,0.3749999999999998,0.0,0.0
17f302aa135e441bae78b53af27fbc0b,0.0,0.0,0.0,0.0,0.011571435908709508,0.01944156158705939,0.007260751276902749,0.0015860080719001246,0.0,0.0,0.0,0.0,0.011571435908709508,0.01944156158705939,0.007260751276902749,0.0015860080719001246,0.0,0.0,0.0,0.0
18c337ec8b5340f5bcc01530bfcea2d5,0.07499999999999996,1.1999999999999993,0.0,0.0,0.11327563710650292,0.33027780615054386,0.08592278628209352,0.015619611740112838,0.07499999999999996,1.1999999999999993,0.0,0.0,0.11327563710650292,0.33027780615054386,0.08592278628209352,0.015619611740112838,0.07499999999999996,0.07499999999999996,0.0,0.0
194a2ed1ada14516bddf15a1e7cb407c,1.5749999999999997,3.6000000000000014,3.6000000000000014,0.0,0.19919340544566963,0.3325619398787964,0.14221347419963692,0.01577382087707413,1.2000000000000002,3.6000000000000014,3.6000000000000014,0.0,0.16673495868313085,0.2811143044208544,0.0998873936816009,0.015668821334837713,1.5749999999999997,1.2000000000000002,0.37499999999999956,0.032458446762538784
1abc4343ba1543eaa63223c81ae8531e,3.1499999999999995,7.199999999999999,1.2000000000000028,0.0,0.42117733911739336,0.803874600356511,0.1060343753791759,0.01467533111572239,3.4499999999999993,7.199999999999999,7.199999999999999,0.0,0.41053386249428503,0.8131380432768437,0.0943983779865715,0.0184611797332761,3.1499999999999995,3.4499999999999993,-0.2999999999999998,0.010643476623108328
1ba83cad37be40a98e3d6a04ef36e1aa,2.4749999999999996,14.399999999999999,0.0,0.0,0.2536331639232149,0.4652459834828137,0.023276382924025184,0.00944838523864755,1.7250000000000005,10.799999999999997,0.0,0.0,0.21287179651545587,0.4253818946094728,0.10463857757556869,0.009582996368408647,2.4749999999999996,1.7250000000000005,0.7499999999999991,0.040761367407759014
1bce8b98bc384b38aa81257803a88eb6,1.9500000000000004,4.799999999999997,4.799999999999997,0.0,0.24479072254476444,0.3230381913523269,0.2673917937154944,0.0061885356903079725,1.8000000000000003,4.799999999999997,4.799999999999997,0.0,0.2059630022639829,0.2998198532134641,0.19775096738803655,0.006561326980591531,1.9500000000000004,1.8000000000000003,0.15000000000000013,0.03882772028078155
1c75075b05f3428b9475cdb9302833e6,2.925,6.0,4.799999999999997,0.0,0.31855934702477073,0.5038345125818914,0.16951951523157083,0.005503177642823598,2.925,6.0,4.799999999999997,0.0,0.31855934702477073,0.5038345125818914,0.16951951523157083,0.005503177642823598,2.925,2.925,0.0,0.0
1dda3d57404f4057af294145ba7332f6,0.15000000000000013,1.2000000000000028,0.0,0.0,0.013994927582782368,0.01882194090586495,0.0057702944770675274,0.0016161918640142936,0.15000000000000013,1.2000000000000028,0.0,0.0,0.013994927582782368,0.01882194090586495,0.0057702944770675274,0.0016161918640142936,0.15000000000000013,0.15000000000000013,0.0,0.0
1de8245a7c92454a81b13883ae1a5eca,0.7109031498464307,2.6832815729997526,1.6970562748477107,0.375,0.09460636084841076,0.16550118497060182,0.03069324809105062,0.04980096817016744,0.7109031498464307,2.6832815729997526,1.6970562748477107,0.375,0.09460636084841076,0.16550118497060182,0.03069324809105062,0.04980096817016744,0.7109031498464307,0.7109031498464307,0.0,0.0
1ec3cc62101d4a12afed1218ed07515a,0.45742646351945854,6.118823416311341,6.118823416311341,0.07499999999999973,0.012959049755302618,0.03740761177597679,0.012565815408042275,0.005239677429198952,0.375,1.2000000000000028,0.0,0.0,0.029046984833002318,0.047854108170995724,0.018285002437942365,0.004147624969482511,0.45742646351945854,0.375,0.08242646351945854,-0.0160879350776997
1f849b9356d54294b0ad4a9045fe244c,0.22499999999999987,2.3999999999999986,0.0,0.0,0.01635050682063946,0.027035590668103206,0.013390107756067736,0.0072041988372792964,0.2999999999999998,1.2000000000000028,1.2000000000000028,0.0,0.059218280032628315,0.10698258910520682,0.039592672521256055,0.004670619964599165,0.22499999999999987,0.2999999999999998,-0.07499999999999996,-0.042867773211988855
1fbc55886e8a4919a7de916b2194f850,2.0999999999999996,4.800000000000004,4.800000000000004,0.0,0.35204258637862607,0.6405577635848821,0.12570797510344872,0.009614181518554865,1.5749999999999995,4.800000000000004,4.800000000000004,0.0,0.22582185987398756,0.40206242900155853,0.08891888935710207,0.0029175281524653762,2.0999999999999996,1.5749999999999995,0.5250000000000001,0.1262207265046385
204501d4011845d98914a30fea25dffe,0.0,0.0,0.0,0.0,0.004909103314719448,0.011763009593277633,0.011763009593277633,0.003351116180419389,0.0,0.0,0.0,0.0,0.004909103314719448,0.011763009593277633,0.011763009593277633,0.003351116180419389,0.0,0.0,0.0,0.0
2073ebd27d7844d2a0379ec496b0e9fd,0.2999999999999998,1.2000000000000028,1.2000000000000028,0.0,0.022573685301707246,0.03291094298653403,0.03291094298653403,0.0032371044158940876,0.2999999999999998,1.2000000000000028,1.2000000000000028,0.0,0.008376418410846813,0.01903514829857079,0.01903514829857079,0.0026743412017826707,0.2999999999999998,0.2999999999999998,0.0,0.014197266890860432
20c8eae6cfaf4ccc9642a7a1cd9cd9e1,0.7499999999999996,1.2000000000000028,0.0,0.0,0.12025721495967061,0.22670620027796579,0.03845340835686995,0.0029813289642333096,0.14999999999999947,1.1999999999999957,0.0,0.0,0.02750196905131447,0.05250354723330385,0.02457436088730885,0.002118015289306996,0.7499999999999996,0.14999999999999947,0.6000000000000001,0.09275524590835614
20f83156211f49fe984de945bad0450f,0.5999999999999999,2.400000000000002,0.0,0.0,0.07032947785608305,0.13333272942796867,0.038975051814586575,0.010087537765502308,0.5999999999999999,2.400000000000002,0.0,0.0,0.07032947785608305,0.13333272942796867,0.038975051814586575,0.010087537765502308,0.5999999999999999,0.5999999999999999,0.0,0.0
213ee1a50ed245eaab655babec4f15d3,2.7083077707206122,10.8664621657649,1.2000000000000028,0.1499999999999999,0.3093180000890927,0.5241447006607669,0.15014032992682447,0.01679077148437491,2.7083077707206122,10.8664621657649,1.2000000000000028,0.1499999999999999,0.3093180000890927,0.5241447006607669,0.15014032992682447,0.01679077148437491,2.7083077707206122,2.7083077707206122,0.0,0.0
23407e5a4e854b06bda7c43a2c6aab45,0.0,0.0,0.0,0.0,0.10578046260164517,0.15182446470326738,0.1028843940224751,0.008692932128905984,0.0,0.0,0.0,0.0,0.10918586066847417,0.15431168099821038,0.11228042964588292,0.008301401138304687,0.0,0.0,0.0,-0.0034053980668290046
23937bb1598e4f7a8954d4e070524f7b,0.07499999999999996,1.1999999999999993,0.0,0.0,0.06495669259683423,0.1230379735971165,0.04600259004566907,0.010476207733153498,0.22499999999999987,2.3999999999999986,0.0,0.0,0.08038201098918932,0.15010286203987172,0.06319583734765825,0.010876035690306374,0.07499999999999996,0.22499999999999987,-0.1499999999999999,-0.015425318392355086
23cd0004606a4127acc8505a8de5c282,0.22499999999999964,3.5999999999999943,3.5999999999999943,0.0,0.009280813832406434,0.01743130463188325,0.0017587003849696692,0.0006573200225825637,0.07500000000000018,1.2000000000000028,1.2000000000000028,0.0,0.008105139560501075,0.01646873965743436,0.0009623603463305813,0.00041399002075204194,0.22499999999999964,0.07500000000000018,0.14999999999999947,0.0011756742719053592
253071304afe4ae993141c9198e117ac,0.0,0.0,0.0,0.0,0.0,0.0,0.0,0.0,0.0,0.0,0.0,0.0,0.0,0.0,0.0,0.0,0.0,0.0,0.0,0.0
255fe8730d224dcf851a872231130ca2,1.1249999999999996,3.5999999999999943,3.5999999999999943,0.0,0.17529792027619112,0.30116729165784795,0.07169766912306273,0.0036954402923594643,1.1999999999999997,3.5999999999999943,3.5999999999999943,0.0,0.11792514994294667,0.18642389782894045,0.07391673632172882,0.007127523422240767,1.1249999999999996,1.1999999999999997,-0.07500000000000018,0.05737277033324445
25a5a54ce55347fe877f2d72b0231a37,0.617705098312484,2.6832815729997477,0.0,0.07500000000000018,0.10800909192021224,0.19301766672073187,0.052359345167040806,0.014573764801025124,0.8427050983124841,2.6832815729997477,0.0,0.07500000000000018,0.09692677074752244,0.15028163111807635,0.06580884324871994,0.014670753479004262,0.617705098312484,0.8427050983124841,-0.2250000000000001,0.011082321172689799
25ace73eef48498889357c0f13315932,1.725,3.6000000000000014,1.1999999999999993,0.0,0.382395154114368,0.6646221963361953,0.15743727878764893,0.011692714691161843,1.2000000000000002,2.400000000000002,1.1999999999999993,0.0,0.32077648467536496,0.5178466282708668,0.15414720029349463,0.007519340515135919,1.725,1.2000000000000002,0.5249999999999999,0.061618669439003015
25cc5360f643439ebd7f0e6ca1571f23,0.1499999999999999,2.3999999999999986,0.0,0.0,0.006846566817420808,0.022052146653524392,0.0007611585813142842,0.002450180053709783,0.1499999999999999,2.3999999999999986,0.0,0.0,0.006846566817420808,0.022052146653524392,0.0007611585813142842,0.002450180053709783,0.1499999999999999,0.1499999999999999,0.0,0.0
261f6d2b5d25457690fd40372ed01e2f,0.0,0.0,0.0,0.0,0.00891662157424975,0.018486303578449645,0.008806993551664036,0.002072238922119496,0.0,0.0,0.0,0.0,0.00891662157424975,0.018486303578449645,0.008806993551664036,0.002072238922119496,0.0,0.0,0.0,0.0
27291258b1f343c887e72e69617d8ff8,1.8,4.800000000000001,3.6000000000000014,0.0,0.3631368247804371,0.48662938051033416,0.204213322000391,0.020762443542480913,0.0,0.0,0.0,0.0,0.09462602495899966,0.16158480957591564,0.022958737539962422,0.008319711685180753,1.8,0.0,1.8,0.26851079982143744
27463499352b4c1291346bf9ba3839fb,0.0,0.0,0.0,0.0,0.08957299053081899,0.13887068353248186,0.11686028009208896,0.00753850936889533,0.0,0.0,0.0,0.0,0.0898912580880479,0.13523152465725297,0.11220654917499953,0.006913805007933593,0.0,0.0,0.0,-0.00031826755722891287
274efd8b53b44ed59141097b10701786,1.1999999999999995,4.799999999999997,4.799999999999997,0.0,0.07126469678331708,0.11380332017556016,0.07098131177189006,0.004697656631469815,0.0,0.0,0.0,0.0,0.008921868428408457,0.021437247848040006,0.004348229627508231,0.0006631851196301497,1.1999999999999995,0.0,1.1999999999999995,0.06234282835490862
2845ebeeef274d59862d9f5384368db9,1.8750000000000004,4.800000000000001,1.2000000000000028,0.0,0.2285103113554026,0.3374541638725954,0.1992795766987068,0.003605604171753818,1.6500000000000001,4.800000000000001,1.2000000000000028,0.0,0.2128204559526897,0.3219218105118471,0.18183818615614822,0.0032308101654052734,1.8750000000000004,1.6500000000000001,0.2250000000000003,0.015689855402712893
28b65b60537d4f70be13fae042ecace9,2.1824264635194592,6.118823416311343,1.2000000000000028,0.07500000000000018,0.3444594557331354,0.5445929811437445,0.18859200169192197,0.012277507781982777,2.1824264635194592,6.118823416311343,1.2000000000000028,0.07500000000000018,0.3444594557331354,0.5445929811437445,0.18859200169192197,0.012277507781982777,2.1824264635194592,2.1824264635194592,0.0,0.0
2931313f6b2248b0829694d3acafbd37,0.0,0.0,0.0,0.0,0.10596074135962272,0.1561014157450205,0.12059164468257907,0.006285238265990589,0.0,0.0,0.0,0.0,0.10477113393179806,0.1530995285830028,0.11909588891649486,0.006615972518920987,0.0,0.0,0.0,0.0011896074278246599
29560e3766b241d281b8b85cdcd790e8,1.235410196624969,2.683281572999754,0.0,0.15000000000000036,0.18301507477561313,0.23988623850553056,0.16904025428929612,0.038506793975829456,2.0585745709465817,4.947726750741191,4.947726750741191,0.22500000000000053,0.3496867354131621,0.44534927639026417,0.2836790377765295,0.04647946357726962,1.235410196624969,2.0585745709465817,-0.8231643743216126,-0.16667166063754896
29a181d7191048c48e1b4b55bbdfa1e0,0.0,0.0,0.0,0.0,0.09196990289214263,0.1296206688907555,0.10458663216236268,0.0029643058776858133,0.0,0.0,0.0,0.0,0.09145253694764548,0.1367949852866114,0.1037641235333981,0.004575634002686346,0.0,0.0,0.0,0.0005173659444971529
2b946a3f99fc479aac0f470b284199a0,4.124999999999999,7.199999999999996,4.800000000000004,0.0,0.6364305678009714,1.094775503448733,0.1865182644753331,0.0036543846130361324,3.5999999999999988,7.199999999999996,4.800000000000004,0.0,0.5416237842326457,1.0346812600728583,0.09385167694373393,0.003877115249634411,4.124999999999999,3.5999999999999988,0.5250000000000004,0.09480678356832573
2c1cc66b06774c42ba1fdfb169a67edd,0.0,0.0,0.0,0.0,0.0,0.0,0.0,0.0,0.0,0.0,0.0,0.0,0.0,0.0,0.0,0.0,0.0,0.0,0.0,0.0
2c5a6350ebcf46cba99dc6c37cfd3e23,0.3750000000000002,2.4000000000000057,0.0,0.0,0.05427993637378459,0.12924292743042495,0.01981917990223396,0.002352046966553001,0.3750000000000002,2.4000000000000057,0.0,0.0,0.05427993637378459,0.12924292743042495,0.01981917990223396,0.002352046966553001,0.3750000000000002,0.3750000000000002,0.0,0.0
2c73c6cba15844adac243045434eff88,3.0749999999999993,6.0,4.799999999999997,0.0,0.7051445944217631,1.151395824327403,0.3734833851517972,0.010469055175782671,2.6249999999999996,4.799999999999997,4.799999999999997,0.0,0.6582902719732813,1.099952416080175,0.33166383411808015,0.010115289688112039,3.0749999999999993,2.6249999999999996,0.44999999999999973,0.04685432244848187
2c974b12b5ad4dd8906396b705a91a1d,2.053830209953413,6.118823416311343,0.0,0.22500000000000053,0.47367471895605795,0.8116849400992837,0.1918953585561404,0.03313622474670419,1.9085745709465824,4.9477267507411975,0.0,0.22500000000000053,0.46928821501171103,0.8078714760065593,0.1883105123823841,0.03336338996887145,2.053830209953413,1.9085745709465824,0.14525563900683047,0.00438650394434692
2c9c230704cb4870b5dfae8b435dd0fe,1.5,3.6000000000000014,1.2000000000000028,0.0,0.35369025592736103,0.7109672242362535,0.11181688043127286,0.02717084884643617,1.9499999999999997,7.200000000000003,7.200000000000003,0.0,0.389684098568568,0.7788802994047292,0.13747517415992272,0.026894330978394,1.5,1.9499999999999997,-0.44999999999999973,-0.035993842641206975
2d19c619a4f44cd0b50e85250a2c7f07,0.5250000000000006,2.4000000000000057,0.0,0.0,0.021255030522486694,0.06289120383340617,0.006933004226606268,0.0028777599334728343,0.5250000000000006,2.4000000000000057,0.0,0.0,0.021255030522486694,0.06289120383340617,0.006933004226606268,0.0028777599334728343,0.5250000000000006,0.5250000000000006,0.0,0.0
2e62af9882e144f8adc3d60bbd68804b,0.07500000000000018,1.2000000000000028,0.0,0.0,0.009601108835430189,0.015081424334404833,0.008663792758395468,0.0002238750457759231,0.22500000000000053,1.2000000000000028,0.0,0.0,0.05497133954707611,0.07826787804730415,0.044731089204655454,0.0016438007354726558,0.07500000000000018,0.22500000000000053,-0.15000000000000036,-0.04537023071164592
2f598ed435a94ed1a58f8523592cefb4,1.125,3.6000000000000014,1.1999999999999957,0.0,0.04591499376550141,0.07399050068599064,0.020796739158642708,0.005912160873413619,1.125,3.6000000000000014,1.1999999999999957,0.0,0.04591499376550141,0.07399050068599064,0.020796739158642708,0.005912160873413619,1.125,1.125,0.0,0.0
302f341c35eb4bd1bcb0ea39a543b1c3,0.07499999999999996,1.1999999999999993,0.0,0.0,0.24658697490450696,0.40685162503989986,0.09948879059752581,0.013796281814574485,1.1999999999999993,2.3999999999999986,2.3999999999999986,0.0,0.0469335336666733,0.1248062832152748,0.06363537320232629,0.004762029647826793,0.07499999999999996,1.1999999999999993,-1.1249999999999993,0.19965344123783366
302fa5e1a4394b158800a0bd289e54b3,0.0,0.0,0.0,0.0,0.022053055668920275,0.06385260150745974,0.005004795876186201,0.0035990238189693713,0.0,0.0,0.0,0.0,0.022053055668920275,0.06385260150745974,0.005004795876186201,0.0035990238189693713,0.0,0.0,0.0,0.0
30941de4be51439f89ed7ea9a0ae0674,0.3750000000000002,2.4000000000000057,0.0,0.0,0.04455457312475736,0.05918038327686218,0.028274698766496947,0.0016922950744637788,1.2750000000000004,3.6000000000000014,1.2000000000000028,0.07500000000000018,0.13279317480760447,0.18241246481119983,0.07795877499778256,0.006473922729491655,0.3750000000000002,1.2750000000000004,-0.9000000000000001,-0.08823860168284711
313a983dcd2d47909a0f5c14334bcf11,1.4434658438426495,4.947726750741191,2.3999999999999986,0.15000000000000036,0.18281273475550255,0.3503224424513807,0.05658034833381156,0.025627613067626953,1.368465843842649,4.947726750741191,2.3999999999999986,0.15000000000000036,0.20122122172989726,0.35567420711495956,0.044993010076775815,0.022341585159302735,1.4434658438426495,1.368465843842649,0.07500000000000062,-0.018408486974394705
31f06bd961cc4b3495cd5c01539cf55d,0.5249999999999995,2.4000000000000057,1.1999999999999957,0.0,0.07478211722659296,0.11891756200877329,0.09893106900270274,0.00418624877929652,0.5249999999999995,2.4000000000000057,1.1999999999999957,0.0,0.07478211722659296,0.11891756200877329,0.09893106900270274,0.00418624877929652,0.5249999999999995,0.5249999999999995,0.0,0.0
3219230d0e14480c9089c7c49e339a83,0.825,2.3999999999999986,0.0,0.0,0.10334004442627732,0.1730409268806433,0.028279231145376987,0.0065081119537353516,1.0499999999999996,2.3999999999999986,0.0,0.0,0.14937632352999858,0.25003830983141473,0.053211905504786786,0.0051046371459957385,0.825,1.0499999999999996,-0.22499999999999964,-0.04603627910372125
329a77b6c5494dda9a8bb0f50e5d240f,1.1249999999999991,2.3999999999999986,1.1999999999999957,0.0,0.22313442329074262,0.3865978715286202,0.05597957711111164,0.0039320468902590555,1.1249999999999991,2.3999999999999986,1.1999999999999957,0.0,0.21720854712266008,0.3693920493565998,0.0668787561040303,0.005014085769653676,1.1249999999999991,1.1249999999999991,0.0,0.0059258761680825445
32b75adabfb341c787960cb0216f6cb5,0.44999999999999973,1.2000000000000028,1.1999999999999957,0.0,0.0857746582701425,0.15876962859097485,0.056741656111323646,0.010187244415282848,0.5999999999999994,1.2000000000000028,1.1999999999999957,0.0,0.07609352464859659,0.14631397773993393,0.03326480169290078,0.00972118377685538,0.44999999999999973,0.5999999999999994,-0.1499999999999997,0.009681133621545907
3357eff74258482c87f90cf0749ee153,0.1499999999999997,1.1999999999999993,0.0,0.0,0.013114021872789672,0.02308260379087596,0.010366459352534838,0.0011949062347400563,0.1499999999999997,1.1999999999999993,0.0,0.0,0.013114021872789672,0.02308260379087596,0.010366459352534838,0.0011949062347400563,0.1499999999999997,0.1499999999999997,0.0,0.0
339df3b19d8d4127b2a96b6480f672a8,0.07499999999999996,1.1999999999999993,0.0,0.0,0.20736539445292412,0.29240995748855975,0.12341552992305173,0.004513549804687322,0.07499999999999996,1.1999999999999993,0.0,0.0,0.20736539445292412,0.29240995748855975,0.12341552992305173,0.004513549804687322,0.07499999999999996,0.07499999999999996,0.0,0.0
33d8b84c68164bbfbfb6e04e4e2c6931,1.35,3.6000000000000014,2.3999999999999986,0.0,0.2111582372415771,0.35488237070448636,0.07705671264704188,0.004116868972777965,1.35,3.6000000000000014,2.3999999999999986,0.0,0.2111582372415771,0.35488237070448636,0.07705671264704188,0.004116868972777965,1.35,1.35,0.0,0.0
34205d9fa2f1422a8aba9869139c29af,1.6574264635194584,6.118823416311343,1.1999999999999957,0.07500000000000018,0.19726971023233889,0.26585733297823544,0.08897371627352252,0.006599664688110796,1.6574264635194584,6.118823416311343,1.1999999999999957,0.07500000000000018,0.19726971023233889,0.26585733297823544,0.08897371627352252,0.006599664688110796,1.6574264635194584,1.6574264635194584,0.0,0.0
3435cdd71e3d4e9185ae6b514ae7651c,0.3750000000000002,2.3999999999999986,0.0,0.0,0.07127898977223604,0.11905759570156997,0.0662616373161853,0.003271436691282048,0.3750000000000002,2.3999999999999986,0.0,0.0,0.07358883765958557,0.1232381242311389,0.06582810252527045,0.0031956195831295275,0.3750000000000002,0.3750000000000002,0.0,-0.002309847887349531
35c8ba8efcf343d79a8fd837be0317c3,0.22499999999999987,1.1999999999999993,0.0,0.0,0.004863081483585231,0.011991633145545346,0.0025919460738421515,0.0005883693695070136,0.22499999999999987,1.1999999999999993,0.0,0.0,0.004863081483585231,0.011991633145545346,0.0025919460738421515,0.0005883693695070136,0.22499999999999987,0.22499999999999987,0.0,0.0
35c8f56cc49b42dba3d867ba004657ad,1.1371708245126282,3.7947331922020573,0.0,0.07500000000000018,0.2374904366562508,0.4338047832380862,0.09743953672753894,0.00543265342712429,1.1371708245126282,3.7947331922020573,0.0,0.07500000000000018,0.2374904366562508,0.4338047832380862,0.09743953672753894,0.00543265342712429,1.1371708245126282,1.1371708245126282,0.0,0.0
35eb563d061a4703a23306c6e6728e61,0.38717082451262874,3.7947331922020573,0.0,0.07500000000000018,0.026918192735309654,0.05405961652881871,0.03981430134733669,0.0105837821960435,0.38717082451262874,3.7947331922020573,0.0,0.07500000000000018,0.026918192735309654,0.05405961652881871,0.03981430134733669,0.0105837821960435,0.38717082451262874,0.38717082451262874,0.0,0.0
36d2a0cab7c14a829342a9129ae73cf2,5.324999999999999,12.0,7.199999999999996,0.0,0.9267349235859743,1.227451809533939,0.5302005870974196,0.009333944320677912,5.324999999999999,13.199999999999996,8.399999999999999,0.0,0.9034378407399225,1.2390840062658741,0.5628108112308313,0.015733337402343395,5.324999999999999,5.324999999999999,0.0,0.02329708284605181
36f5ac247d5b4ac8acd4fb86a7231d99,0.0,0.0,0.0,0.0,0.09136814112977681,0.13757026005705342,0.0696601951903695,0.008512544631958274,0.0,0.0,0.0,0.0,0.07519920863419113,0.11780463995669332,0.05636440151005012,0.006854009628295632,0.0,0.0,0.0,0.01616893249558568
3708a82f41124672a849354b0eacbe98,0.6871708245126288,3.7947331922020573,0.0,0.07500000000000018,0.08917786159903328,0.1641436299186751,0.04612744514631981,0.0017669677734377665,0.6871708245126288,3.7947331922020573,0.0,0.07500000000000018,0.08917786159903328,0.1641436299186751,0.04612744514631981,0.0017669677734377665,0.6871708245126288,0.6871708245126288,0.0,0.0
37817c9bac4e4147a1060364a32a1e75,1.8874143795447333,7.299315036357867,7.299315036357867,0.15000000000000036,0.1622741335142823,0.3593105945693144,0.04196716409260665,0.013293170928955877,1.212414379544734,7.299315036357867,7.299315036357867,0.15000000000000036,0.04402724126212713,0.16897884116126208,0.03485625187648696,0.009437370300292347,1.8874143795447333,1.212414379544734,0.6749999999999994,0.11824689225215518
378dd1889800438d8851571359dbfc22,0.16770509831248442,2.683281572999751,0.0,0.07500000000000018,0.0845743213686954,0.13388452683319388,0.05483583144034446,0.010369062423706055,0.16770509831248442,2.683281572999751,0.0,0.07500000000000018,0.08640274001944814,0.13568175566689855,0.05618593364501568,0.010429286956785688,0.16770509831248442,0.16770509831248442,0.0,-0.0018284186507527417
37ee0263ec47496fbc7ed2555b6d7003,0.0,0.0,0.0,0.0,0.05984033716019057,0.07949621420068033,0.0621092206462709,0.0036646842956535863,0.0,0.0,0.0,0.0,0.032654138437099536,0.05243769897644411,0.034995328847470225,0.0050389766693119675,0.0,0.0,0.0,0.027186198723091033
386e57ff5f244019a1b9bf94c82149c2,0.07500000000000018,1.2000000000000028,0.0,0.0,0.011961893836781916,0.0231541666363487,0.01353417003587353,0.0019025802612309128,0.07500000000000018,1.2000000000000028,0.0,0.0,0.011961893836781916,0.0231541666363487,0.01353417003587353,0.0019025802612309128,0.07500000000000018,0.07500000000000018,0.0,0.0
38cf99c5df334164838d887d0a9db0b6,0.0,0.0,0.0,0.0,0.027909220885716898,0.04550546056912309,0.001958378045712179,0.003053569793701083,0.07500000000000018,1.2000000000000028,0.0,0.0,0.02495790680782021,0.04297236525569237,0.0015785895766749231,0.003399753570556552,0.0,0.07500000000000018,-0.07500000000000018,0.002951314077896689
38efae75b92f467ab990b9d143ad9089,0.8999999999999997,2.3999999999999986,0.0,0.0,0.12911462810168742,0.26185216645353715,0.047745957254186774,0.005098342895508701,0.8999999999999997,2.3999999999999986,0.0,0.0,0.12911462810168742,0.26185216645353715,0.047745957254186774,0.005098342895508701,0.8999999999999997,0.8999999999999997,0.0,0.0
3931c57a894c44169285a8cf0e61d829,1.0048759228251127,3.794733192202054,0.0,0.15000000000000036,0.18166200917894187,0.3833520621244769,0.08984995846443754,0.02618865966796813,1.004875922825113,3.794733192202054,0.0,0.15000000000000036,0.11168096332046627,0.2627763449672074,0.04977073309661719,0.019285011291503285,1.0048759228251127,1.004875922825113,-2.220446049250313e-16,0.0699810458584756
398ab5422d3047dcb56b36a8f7d7ebeb,0.37499999999999956,1.2000000000000028,1.1999999999999957,0.0,0.09121879818983078,0.17106404495713295,0.043276204989388126,0.013419771194457919,1.3750507847495326,4.947726750741191,4.947726750741191,0.5250000000000012,0.10948523011874334,0.2765719509883962,0.0547987285545027,0.038213682174682795,0.37499999999999956,1.3750507847495326,-1.000050784749533,-0.018266431928912558
39dd189d44664d2bba4dccab40ce3fb9,0.5999999999999994,3.5999999999999943,0.0,0.0,0.03449819038011992,0.08180517428793409,0.00990208955585088,0.002577781677246538,0.5999999999999994,3.5999999999999943,0.0,0.0,0.03449819038011992,0.08180517428793409,0.00990208955585088,0.002577781677246538,0.5999999999999994,0.5999999999999994,0.0,0.0
3a6637b4d76e4008b8d6ddd19be2a833,1.1662332357363405,6.788225099390853,6.788225099390853,0.6749999999999994,0.32482475855320825,0.45297157280837724,0.1502714018935494,0.018286371231079013,1.5904973044482689,6.788225099390853,6.788225099390853,0.9749999999999992,0.3358476208413258,0.4801986778393003,0.15355603852287092,0.015585851669312145,1.1662332357363405,1.5904973044482689,-0.42426406871192834,-0.011022862288117552
3a77c8c2fa724db784cf3513d1a29cac,0.07499999999999996,1.1999999999999993,0.0,0.0,0.04390694147453218,0.12151485332808962,0.03789742230772491,0.0032908916473393113,0.22499999999999987,2.3999999999999986,0.0,0.0,0.03982305983176386,0.09257908527111575,0.05395689318806225,0.01023502349853489,0.07499999999999996,0.22499999999999987,-0.1499999999999999,0.004083881642768322
3a91df4f75bc48b893369bdcb4030984,3.525,10.799999999999997,1.2000000000000028,0.0,0.5619420680666323,0.7989837096975381,0.2777893739371735,0.007385015487670454,3.525,10.799999999999997,1.2000000000000028,0.0,0.5619420680666323,0.7989837096975381,0.2777893739371735,0.007385015487670454,3.525,3.525,0.0,0.0
3aa496efde274e618d01c4460eeee7c9,1.9499999999999995,7.199999999999996,1.2000000000000028,0.0,0.2942605931706606,0.4598148872057306,0.05160187406958904,0.004237174987792525,1.3975810211375967,3.7947331922020506,1.2000000000000028,0.22500000000000053,0.23277760789313776,0.4116075623717283,0.052086722882682394,0.005641078948974698,1.9499999999999995,1.3975810211375967,0.5524189788624028,0.061482985277522856
3b72b448d4834d31a94fdba6247b11fa,1.95,6.0,2.3999999999999986,0.0,0.2807305058796815,0.33659538168977515,0.21210287852112017,0.004128313064575284,1.95,6.0,2.3999999999999986,0.0,0.2807305058796815,0.33659538168977515,0.21210287852112017,0.004128313064575284,1.95,1.95,0.0,0.0
3bae34beb13648d6822fd39c94da2749,0.0,0.0,0.0,0.0,0.011839966040572976,0.03328777129712337,0.0033260145732592595,0.004996204376221058,0.0,0.0,0.0,0.0,0.011839966040572976,0.03328777129712337,0.0033260145732592595,0.004996204376221058,0.0,0.0,0.0,0.0
3bafc04e6882499da9f2fb01883adeb8,0.5298371326684488,2.6832815729997477,2.6832815729997477,0.30000000000000027,0.09296671632447984,0.1944905407949453,0.03830355598309121,0.03776693344116255,0.5298371326684488,2.6832815729997477,2.6832815729997477,0.30000000000000027,0.09296671632447984,0.1944905407949453,0.03830355598309121,0.03776693344116255,0.5298371326684488,0.5298371326684488,0.0,0.0
3bd84dfa58ea46469a3c79466eae4110,1.3677050983124848,3.6000000000000014,1.2000000000000028,0.07500000000000018,0.2650964854751886,0.3945284201767192,0.12868673520513585,0.01839752197265687,2.4465353082658976,6.118823416311343,2.4000000000000057,0.3000000000000007,0.40790173926225737,0.6209909676131662,0.2012993727580383,0.031181430816649147,1.3677050983124848,2.4465353082658976,-1.0788302099534128,-0.14280525378706876
3be888f815ab42dcac53815f09b5b244,0.6214037464339528,4.947726750741191,0.0,0.1499999999999999,0.0348097642409818,0.04873519420168488,0.04873519420168488,0.00842442512512287,0.6934658438426491,4.947726750741196,0.0,0.1499999999999999,0.051721887369598346,0.082358374702927,0.047906620600420564,0.013124084472655895,0.6214037464339528,0.6934658438426491,-0.07206209740869629,-0.01691212312861655
3c0321e992564ff19f927d0cde5b1669,0.0,0.0,0.0,0.0,0.05316604960201732,0.07827812960922166,0.05127282709358904,0.005933046340942383,0.0,0.0,0.0,0.0,0.09974580980979011,0.14188031408952895,0.0837001092753663,0.006282091140747514,0.0,0.0,0.0,-0.0465797602077728
3c4a042965874822affa98f7449566b6,0.375,1.2000000000000028,0.0,0.0,0.09656045850526822,0.15264849209523892,0.0463462444710114,0.010753297805786044,0.375,1.2000000000000028,0.0,0.0,0.09656045850526822,0.15264849209523892,0.0463462444710114,0.010753297805786044,0.375,0.375,0.0,0.0
3c693de822714eeaae9695ae7ddb013c,0.0,0.0,0.0,0.0,0.007234675263171906,0.013188228587193863,0.005988060203209526,0.0007132530212397015,0.0,0.0,0.0,0.0,0.007234675263171906,0.013188228587193863,0.005988060203209526,0.0007132530212397015,0.0,0.0,0.0,0.0
3ca333e072cb48bbb5e34e6ec9191faa,0.5249999999999999,4.799999999999997,4.799999999999997,0.0,0.10221405109182363,0.12405669149498688,0.09056142832570258,0.0023094177246085756,0.375,3.6000000000000014,3.6000000000000014,0.0,0.07665837858489669,0.09948629853845756,0.06387465250447757,0.0031112194061280185,0.5249999999999999,0.375,0.1499999999999999,0.025555672506926946
3ce024d9c73e406a910d688504e765e1,0.0,0.0,0.0,0.0,0.10499405977498029,0.1328110274503229,0.07905378024367936,0.006866025924681551,0.0,0.0,0.0,0.0,0.10499405977498029,0.1328110274503229,0.07905378024367936,0.006866025924681551,0.0,0.0,0.0,0.0
3d1eb3da8dfc4059b703484a83330a07,1.5000000000000002,3.6000000000000014,3.6000000000000014,0.0,0.19791598748748662,0.29133162158588366,0.18103055343201183,0.009511327743529474,1.425,3.6000000000000014,3.6000000000000014,0.0,0.15144689056357574,0.22974415458701544,0.1274116169708789,0.010308980941772017,1.5000000000000002,1.425,0.07500000000000018,0.04646909692391088
3d2a44c419fb482da87bf1c5864c03ce,0.8615124735378856,3.7947331922020573,0.0,0.2250000000000001,0.13147238773618874,0.22100421349839747,0.059998812230653516,0.007148265838622159,0.8615124735378856,3.7947331922020573,0.0,0.2250000000000001,0.13147238773618874,0.22100421349839747,0.059998812230653516,0.007148265838622159,0.8615124735378856,0.8615124735378856,0.0,0.0
3e1d40ecbb3142689ba1b8e4d8d955d4,2.012745176018613,27.209189624095753,27.209189624095753,1.4812499999999997,0.10578173090805487,0.17864940204361177,0.06296411926910868,0.014219570159911932,2.012745176018613,27.209189624095753,27.209189624095753,1.4812499999999997,0.10578173090805487,0.17864940204361177,0.06296411926910868,0.014219570159911932,2.012745176018613,2.012745176018613,0.0,0.0
3e2583bef9e849a192c3c4ea21768237,0.9824264635194588,6.118823416311343,1.1999999999999957,0.07500000000000018,0.17750348843863334,0.25669470165884994,0.11386838887230462,0.014244031906128107,0.9824264635194588,6.118823416311343,1.1999999999999957,0.07500000000000018,0.17750348843863334,0.25669470165884994,0.11386838887230462,0.014244031906128107,0.9824264635194588,0.9824264635194588,0.0,0.0
3e2926beda084f788675fb82964d17b7,0.0,0.0,0.0,0.0,0.006110155487077832,0.018758324734579484,0.002234116526804253,0.0006548881530759054,0.0,0.0,0.0,0.0,0.006110155487077832,0.018758324734579484,0.002234116526804253,0.0006548881530759054,0.0,0.0,0.0,0.0
3f649706222f4d83aa0a8a1b687f29fa,7.278740671584067,15.600000000000001,15.600000000000001,0.07500000000000018,1.0432116594306624,1.356093110458492,0.684909546822175,0.010737419128417525,2.8666593854407827,6.118823416311343,4.947726750741191,0.15000000000000036,0.44324839971899244,0.7364336609928647,0.20058469284436461,0.014700222015380238,7.278740671584067,2.8666593854407827,4.412081286143284,0.59996325971167
3f96a29d46084f43aca1dfdd3840a98b,4.35733592239704,19.237463450257675,0.0,0.22500000000000053,0.0644841066986229,0.18386954707034356,0.010468223482027502,0.008178806304931285,4.35733592239704,19.237463450257675,0.0,0.22500000000000053,0.0644841066986229,0.18386954707034356,0.010468223482027502,0.008178806304931285,4.35733592239704,4.35733592239704,0.0,0.0
401897a3cda547d983c51b5eb588597e,0.16770509831248442,2.683281572999751,0.0,0.07500000000000018,0.0022688391387329556,0.004166574899336549,0.002402013183160869,0.0010578632354736328,0.16770509831248442,2.683281572999751,0.0,0.07500000000000018,0.0022688391387329556,0.004166574899336549,0.002402013183160869,0.0010578632354736328,0.16770509831248442,0.16770509831248442,0.0,0.0
402f14fef086441eb0379b62ef63a9a6,0.0,0.0,0.0,0.0,0.0,0.0,0.0,0.0,0.0,0.0,0.0,0.0,0.0,0.0,0.0,0.0,0.0,0.0,0.0,0.0
40896e93312649f6a858080df01ff723,2.4750000000000005,7.200000000000003,7.200000000000003,0.0,0.3431253165892538,0.5908817793052836,0.16179018446485133,0.007468700408935991,2.4750000000000005,7.200000000000003,7.200000000000003,0.0,0.3431253165892538,0.5908817793052836,0.16179018446485133,0.007468700408935991,2.4750000000000005,2.4750000000000005,0.0,0.0
40ead2f47c8146c581917c05cfda04ea,0.0,0.0,0.0,0.0,0.020182595703737635,0.04851874667988548,0.04787612133986659,0.008474493026733754,0.9842329219213246,4.947726750741196,3.6000000000000014,0.07499999999999973,0.09647872774411637,0.16367065049694152,0.03968641996908486,0.012425136566161843,0.0,0.9842329219213246,-0.9842329219213246,-0.07629613204037873
416b49a68dbc431d9afee16b5c8e58ae,0.0,0.0,0.0,0.0,0.089468362997388,0.13316281892554763,0.10341315679560562,0.005944490432738814,0.0,0.0,0.0,0.0,0.08545232741187074,0.13233578972706742,0.10424179493083018,0.005253839492798562,0.0,0.0,0.0,0.004016035585517261
4244054d0eff430b811b4e6e9b9b8ddb,0.0,0.0,0.0,0.0,0.11296484087886088,0.16502011502146938,0.1264954228809398,0.00715556144714391,0.0,0.0,0.0,0.0,0.11370253183133053,0.16625081107522632,0.1265370446838845,0.007049417495727628,0.0,0.0,0.0,-0.000737690952469644
42b565bc38af4342b79b8697ab0a45b0,1.0051315688243536,13.682105101189656,0.0,0.22499999999999964,0.05567562712672507,0.14746178767294216,0.033512362874946855,0.009700584411620916,1.0051315688243536,13.682105101189656,0.0,0.22499999999999964,0.05567562712672507,0.14746178767294216,0.033512362874946855,0.009700584411620916,1.0051315688243536,1.0051315688243536,0.0,0.0
42bb00324869498faffe17be9b403f04,4.874999999999999,23.999999999999993,23.999999999999993,0.0,0.5522330912168958,0.8823719678900911,0.24906581920167353,0.012750720977783736,4.874999999999999,23.999999999999993,23.999999999999993,0.0,0.5522330912168958,0.8823719678900911,0.24906581920167353,0.012750720977783736,4.874999999999999,4.874999999999999,0.0,0.0
42ceca0b2ec64051a8485456b53f389d,5.174999999999999,7.199999999999999,7.199999999999999,0.0,0.5661332164346604,1.1636863191168618,0.13488334355304066,0.010513114929198597,5.174999999999999,7.199999999999999,7.199999999999999,0.0,0.6061433525316372,1.2779487504748224,0.1273147430396132,0.011705160140991655,5.174999999999999,5.174999999999999,0.0,-0.04001013609697679
433a50cb27ce4f0086bcba8ace34ce18,0.0,0.0,0.0,0.0,0.0,0.0,0.0,0.0,0.0,0.0,0.0,0.0,0.0,0.0,0.0,0.0,0.0,0.0,0.0,0.0
43ab85b86bd5454cb613a51cb42274e8,1.4249999999999996,3.6000000000000014,1.2000000000000028,0.0,0.2618811216479904,0.490882440023357,0.07332634681407156,0.003607749938965288,1.4249999999999996,3.6000000000000014,1.2000000000000028,0.0,0.2618811216479904,0.490882440023357,0.07332634681407156,0.003607749938965288,1.4249999999999996,1.4249999999999996,0.0,0.0
43b561989a684685b0751975e3c22d50,0.30000000000000027,2.3999999999999986,0.0,0.0,0.0226757629612046,0.030433107439555337,0.021941568913706248,0.002072668075561168,0.30000000000000027,2.3999999999999986,0.0,0.0,0.0226757629612046,0.030433107439555337,0.021941568913706248,0.002072668075561168,0.30000000000000027,0.30000000000000027,0.0,0.0
43d1a2820cca4cb08012305d1cc341e8,0.0,0.0,0.0,0.0,0.0,0.0,0.0,0.0,0.0,0.0,0.0,0.0,0.0,0.0,0.0,0.0,0.0,0.0,0.0,0.0
43d5d31802ee447e9c25966c45e7b698,0.07499999999999973,1.1999999999999957,0.0,0.0,0.025982059498892214,0.06934647213548438,0.007771015630117372,0.004034328460693626,0.0,0.0,0.0,0.0,0.0,0.0,0.0,0.0,0.07499999999999973,0.0,0.07499999999999973,0.025982059498892214
4438be4ee81b40a18b8a60492bd5ec19,1.5750000000000002,3.6000000000000014,1.2000000000000028,0.0,0.2420709148191379,0.3236246760552534,0.13849466083516035,0.007255697250365678,1.5750000000000002,3.6000000000000014,1.2000000000000028,0.0,0.2420709148191379,0.3236246760552534,0.13849466083516035,0.007255697250365678,1.5750000000000002,1.5750000000000002,0.0,0.0
4460a42bf5764b038a1c605e03a6688f,0.22499999999999987,1.1999999999999993,0.0,0.0,0.2115714718102,0.4520818906288191,0.08096834053489362,0.02058091163635334,0.44999999999999996,3.6000000000000014,3.6000000000000014,0.0,0.1732597151842335,0.3703973620821863,0.07929661041953308,0.01574549674987802,0.22499999999999987,0.44999999999999996,-0.2250000000000001,0.0383117566259665
448e4984d23448638fdbea8f21941ad1,0.2250000000000003,2.4000000000000057,0.0,0.0,0.018295426461372978,0.025292904047807114,0.023532253300032748,0.0120524883270261,0.15000000000000036,2.4000000000000057,0.0,0.0,0.01926774584987721,0.02983715631484817,0.02983715631484817,0.011323642730713068,0.2250000000000003,0.15000000000000036,0.07499999999999996,-0.0009723193885042315
44f607ad840c47ba90a40507de670a3e,0.07500000000000018,1.2000000000000028,0.0,0.0,0.010183623990659335,0.02386260870657388,0.007102008636193762,0.004040765762328036,0.07500000000000018,1.2000000000000028,0.0,0.0,0.010183623990659335,0.02386260870657388,0.007102008636193762,0.004040765762328036,0.07500000000000018,0.07500000000000018,0.0,0.0
4503beca23ce47bf9e5d079f6604249b,0.6750000000000007,3.6000000000000014,1.2000000000000028,0.22500000000000053,0.1517728550268052,0.27209939750818457,0.06830030345139565,0.04071435928344691,0.6750000000000007,3.6000000000000014,1.2000000000000028,0.22500000000000053,0.1517728550268052,0.27209939750818457,0.06830030345139565,0.04071435928344691,0.6750000000000007,0.6750000000000007,0.0,0.0
4651004ed5cc422990eb121b953552c0,0.0,0.0,0.0,0.0,0.04979538676103211,0.08138123189441258,0.03475692525818779,0.001588582992554155,0.0,0.0,0.0,0.0,0.04293669708049536,0.07068179621658276,0.033060052484682786,0.003969383239746271,0.0,0.0,0.0,0.006858689680536746
46c0110fc70e483ea7f1ea2eb4f238e8,0.0,0.0,0.0,0.0,0.0,0.0,0.0,0.0,0.0,0.0,0.0,0.0,0.0,0.0,0.0,0.0,0.0,0.0,0.0,0.0
4735f59f08ee4bff93c237f4df39453a,0.5250000000000004,3.6000000000000014,3.6000000000000014,0.0,0.08647805207845885,0.1199176010790822,0.08322203207904146,0.01697130203247177,2.073839662006849,8.48528137423857,8.48528137423857,0.3750000000000009,0.08458683661299664,0.15918634074588547,0.057559899125256386,0.011812877655029919,0.5250000000000004,2.073839662006849,-1.5488396620068485,0.001891215465462212
476e42c0306a4629a3952a55ac57f08e,0.4500000000000004,1.2000000000000028,1.2000000000000028,0.0,0.042395964934405075,0.060976860268383955,0.03751859678771102,0.0058959960937512434,0.4500000000000004,1.2000000000000028,1.2000000000000028,0.0,0.050467441479891725,0.07403685635992611,0.04002111311728192,0.0057919979095468754,0.4500000000000004,0.4500000000000004,0.0,-0.00807147654548665
4776e574db1f4261a470d33983716cca,0.44999999999999996,1.2000000000000028,1.1999999999999957,0.0,0.0747508009750911,0.12648390750774227,0.11390707505775458,0.004426431655884855,0.44999999999999996,1.2000000000000028,1.1999999999999957,0.0,0.0747508009750911,0.12648390750774227,0.11390707505775458,0.004426431655884855,0.44999999999999996,0.44999999999999996,0.0,0.0
47f3f556bd304afba0b1eb139d42c2ce,0.0,0.0,0.0,0.0,0.05297785514093017,0.07974366449876394,0.07335762292244243,0.005222511291503196,0.0,0.0,0.0,0.0,0.05398897459666516,0.08259599812149246,0.07579008249805885,0.005050134658812766,0.0,0.0,0.0,-0.0010111194557349892
485ea9c73565406a88e42daa237dcb76,2.78033008588991,8.48528137423857,1.1999999999999957,0.07500000000000018,0.536378843872098,0.7564210313802989,0.2990159827074874,0.004565906524657937,2.78033008588991,8.48528137423857,1.1999999999999957,0.07500000000000018,0.536378843872098,0.7564210313802989,0.2990159827074874,0.004565906524657937,2.78033008588991,2.78033008588991,0.0,0.0
48cea2dc7c3249b0b2b685eb32660a8e,1.3499999999999992,3.599999999999998,3.599999999999998,0.0,0.04598944858285243,0.12778520783873448,0.019026917285815577,0.0051900386810297405,1.3499999999999992,3.599999999999998,3.599999999999998,0.0,0.04854209062057509,0.1331864680872892,0.021955904296831325,0.0054821491241461295,1.3499999999999992,1.3499999999999992,0.0,-0.002552642037722659
48dc3129d88c47b2a528da662ff2d8d2,0.0,0.0,0.0,0.0,0.00867895714411274,0.014940464466929882,0.007762674838948496,0.0011371135711657487,0.0,0.0,0.0,0.0,0.00867895714411274,0.014940464466929882,0.007762674838948496,0.0011371135711657487,0.0,0.0,0.0,0.0
493235f2dc58472392fb0d7816eb7d64,0.07500000000000018,1.2000000000000028,0.0,0.0,0.009559061318340188,0.021668933282422434,0.005019795600079453,0.0009308338165281427,0.07500000000000018,1.2000000000000028,0.0,0.0,0.009559061318340188,0.021668933282422434,0.005019795600079453,0.0009308338165281427,0.07500000000000018,0.07500000000000018,0.0,0.0
49a0f1ea18b44fe8826d4f5492ab3638,0.0,0.0,0.0,0.0,0.06300118547135539,0.08679802019577086,0.03011537099135352,0.001869535446167525,0.0,0.0,0.0,0.0,0.06300118547135539,0.08679802019577086,0.03011537099135352,0.001869535446167525,0.0,0.0,0.0,0.0
49fadbef173a4828a266905a3212760d,0.5999999999999996,2.3999999999999986,1.2000000000000028,0.0,0.1090549309181272,0.186851122234551,0.0312639515716582,0.004961585998536133,0.5999999999999996,2.3999999999999986,1.2000000000000028,0.0,0.1090549309181272,0.186851122234551,0.0312639515716582,0.004961585998536133,0.5999999999999996,0.5999999999999996,0.0,0.0
4a3d678f3bf94cafae60a6c509327bf9,0.2999999999999998,1.1999999999999993,0.0,0.0,0.06151882703259487,0.10507772680310691,0.07199145690052985,0.002427434921263849,0.2999999999999998,1.1999999999999993,0.0,0.0,0.06151882703259487,0.10507772680310691,0.07199145690052985,0.002427434921263849,0.2999999999999998,0.2999999999999998,0.0,0.0
4afb1a21cfd44947b98f9d2f778657d6,6.074999999999999,12.0,12.0,0.0,0.9406295004601759,1.4324172154281667,0.4573895495164243,0.012063074111938743,1.2749999999999995,4.799999999999997,1.2000000000000028,0.0,0.18724551305225845,0.31183495961404645,0.08361206925240033,0.004794073104858132,6.074999999999999,1.2749999999999995,4.8,0.7533839874079175
4b247d4da9d44628818024275c07be5a,0.5342329219213247,4.9477267507411975,0.0,0.07500000000000018,0.0476911340744655,0.08309065233406421,0.05727259191275265,0.010535144805908558,0.07499999999999996,1.1999999999999993,0.0,0.0,0.024609125238421937,0.05017448398558064,0.05017448398558064,0.003787136077880948,0.5342329219213247,0.07499999999999996,0.4592329219213247,0.023082008836043562
4b57dce76aaa48fe82ae6268a90f70a0,0.9749999999999999,3.6000000000000014,0.0,0.0,0.243084341572467,0.44755458243502333,0.009172817586530413,0.008232307434083097,1.4249999999999998,4.799999999999997,4.799999999999997,0.0,0.2745852326141558,0.5027228755746567,0.010932055170732402,0.008394670486450373,0.9749999999999999,1.4249999999999998,-0.44999999999999996,-0.031500891041688794
4bd2d2bbe28349119c7026fd465af4c4,0.0,0.0,0.0,0.0,0.09901465270687802,0.14893308545398393,0.12132609035833428,0.006862020492554688,0.0,0.0,0.0,0.0,0.09845511452894265,0.14898780453809915,0.11928027272395476,0.006876611709594638,0.0,0.0,0.0,0.0005595381779353731
4c4556946f884a32a94f5507a45e9eef,1.437170824512629,6.0,3.7947331922020573,0.07500000000000018,0.1963807181029195,0.2681965167553255,0.1273280067750977,0.004395532608032049,1.437170824512629,6.0,3.7947331922020573,0.07500000000000018,0.1963807181029195,0.2681965167553255,0.1273280067750977,0.004395532608032049,1.437170824512629,1.437170824512629,0.0,0.0
4e3c858a371b43d99e4f0ee4b76dc8a1,0.0,0.0,0.0,0.0,0.08397526867228568,0.13469068547933144,0.10619807385990013,0.005983686447143199,0.0,0.0,0.0,0.0,0.08048446540527104,0.1300495457828199,0.10120066686497547,0.005147552490234908,0.0,0.0,0.0,0.0034908032670146333
4e85f6c822fe4c32bc411c89d0e2026c,1.2062071897723663,7.299315036357859,7.299315036357859,0.07499999999999973,0.14391070324386893,0.2455367543259259,0.05381705573262455,0.009611892700195135,1.2062071897723663,7.299315036357859,7.299315036357859,0.07499999999999973,0.14391070324386893,0.2455367543259259,0.05381705573262455,0.009611892700195135,1.2062071897723663,1.2062071897723663,0.0,0.0
4ea2156b82df43cb8e80a3cb344b20a3,0.15000000000000013,1.2000000000000028,1.2000000000000028,0.0,0.01418965559656533,0.035236388377133415,0.0036227042172340524,0.001225662231445046,0.15000000000000013,1.2000000000000028,1.2000000000000028,0.0,0.01418965559656533,0.035236388377133415,0.0036227042172340524,0.001225662231445046,0.15000000000000013,0.15000000000000013,0.0,0.0
4eedf7c1cd0d49349d2c2450edd1989d,6.370461992806202,18.039955654047485,18.039955654047485,1.1250000000000009,0.11596211958784954,0.21013625902095914,0.09742816981775237,0.017791700363158913,6.370461992806202,18.039955654047485,18.039955654047485,1.1250000000000009,0.11596211958784954,0.21013625902095914,0.09742816981775237,0.017791700363158913,6.370461992806202,6.370461992806202,0.0,0.0
4f26f58e358741069b137e90cdede275,0.2250000000000001,2.3999999999999986,0.0,0.0,0.015281289603668823,0.02723532510033751,0.02723532510033751,0.0023690700531013853,0.2250000000000001,2.3999999999999986,0.0,0.0,0.015281289603668823,0.02723532510033751,0.02723532510033751,0.0023690700531013853,0.2250000000000001,0.2250000000000001,0.0,0.0
4f6eb8cab70342a7840c8e5f095ba871,0.15000000000000036,1.2000000000000028,0.0,0.0,0.037394372676706755,0.05090205943995589,0.040595470475805494,0.0018630981445308947,0.15000000000000036,1.2000000000000028,0.0,0.0,0.037394372676706755,0.05090205943995589,0.040595470475805494,0.0018630981445308947,0.15000000000000036,0.15000000000000036,0.0,0.0
4fdb16ccaba44fb2861894e7d2857369,0.0,0.0,0.0,0.0,0.11327276695511228,0.1640776522006464,0.12976943428340096,0.007227659225464755,0.0,0.0,0.0,0.0,0.11589064302057175,0.1701668532041651,0.13119479683144497,0.007128667831420188,0.0,0.0,0.0,-0.0026178760654594763
50072598887e4ca0bd79e56f933a7d24,4.800000000000001,12.0,9.600000000000001,0.0,0.8249885833932853,1.1890348656137373,0.39509585937775643,0.009800004959105824,4.575,12.0,9.600000000000001,0.0,0.8023997680403676,1.1576811654103145,0.46929054684246274,0.011309623718262607,4.800000000000001,4.575,0.22500000000000053,0.02258881535291768
50082a94da544d22b00110cc1bfa100f,0.07499999999999996,1.1999999999999993,0.0,0.0,0.041419012077503314,0.07240352505779511,0.015329849431884795,0.001628065109253729,0.07499999999999996,1.1999999999999993,0.0,0.0,0.041419012077503314,0.07240352505779511,0.015329849431884795,0.001628065109253729,0.07499999999999996,0.07499999999999996,0.0,0.0
50a05815453843d59bc3a77910df455d,0.2250000000000003,1.2000000000000028,1.2000000000000028,0.0,0.020417297815307243,0.032799019929029234,0.01649478282449344,0.003647518157958718,0.15000000000000013,1.2000000000000028,0.0,0.0,0.008718447130788,0.020833695788896548,0.005569420801329669,0.0036898612976070666,0.2250000000000003,0.15000000000000013,0.07500000000000018,0.011698850684519244
50d37bbac9f84f70bc2221d28bf7fee3,0.0,0.0,0.0,0.0,0.0,0.0,0.0,0.0,0.0,0.0,0.0,0.0,0.0,0.0,0.0,0.0,0.0,0.0,0.0,0.0
51a40e69d2b7418abed3e6dd6e3b78ce,0.9092329219213249,4.9477267507411895,0.0,0.07499999999999973,0.09056825358750625,0.1131147756998868,0.08063997325779541,0.009701585769652965,0.9092329219213249,4.9477267507411895,0.0,0.07499999999999973,0.09056825358750625,0.1131147756998868,0.08063997325779541,0.009701585769652965,0.9092329219213249,0.9092329219213249,0.0,0.0
538100c6eb164041b51302a0bd140187,2.4,6.0,6.0,0.0,0.4423518365165158,0.8623832573003373,0.16886486103155046,0.019992542266844993,2.4,6.0,6.0,0.0,0.4423518365165158,0.8623832573003373,0.16886486103155046,0.019992542266844993,2.4,2.4,0.0,0.0
53a9dd587380402ab51fb929f7eeb18d,0.0,0.0,0.0,0.0,0.06046891589143792,0.1027772469165248,0.0348073979036433,0.007480859756470171,0.0,0.0,0.0,0.0,0.06992588922703849,0.11646606834302659,0.06538419410528273,0.0068221092224125535,0.0,0.0,0.0,-0.009456973335600569
53adf8a1d9254baebf4e70c437551f52,0.8041012013803768,3.3941125496954263,0.0,0.5249999999999995,0.16820710906349834,0.3233105285867587,0.04421323286577679,0.02696914672851669,0.8041012013803768,3.3941125496954263,0.0,0.5249999999999995,0.16820710906349834,0.3233105285867587,0.04421323286577679,0.02696914672851669,0.8041012013803768,0.8041012013803768,0.0,0.0
53b7ed3ff487465f82d3bc490ec3e5f4,0.15000000000000036,1.2000000000000028,0.0,0.0,0.033325388004906496,0.06340092764005796,0.007723867746091969,0.0010206699371342332,0.15000000000000036,1.2000000000000028,0.0,0.0,0.033325388004906496,0.06340092764005796,0.007723867746091969,0.0010206699371342332,0.15000000000000036,0.15000000000000036,0.0,0.0
55a0c64f17c94cd1b1876db5caf0d58c,0.0,0.0,0.0,0.0,0.27928574467613854,0.38616279013007426,0.33040613960641246,0.00832600593566779,0.0,0.0,0.0,0.0,0.21706311277291845,0.3334101025089136,0.26522107361786346,0.00483942031860396,0.0,0.0,0.0,0.06222263190322008
5611e2565ede4f48bb4c8c5d6bc9fe2f,1.9499999999999997,6.0,3.6000000000000014,0.0,0.2651547112689358,0.3815579375549576,0.09942265309031627,0.00418639183044478,1.9499999999999997,6.0,3.6000000000000014,0.0,0.2651547112689358,0.3815579375549576,0.09942265309031627,0.00418639183044478,1.9499999999999997,1.9499999999999997,0.0,0.0
568a082ce58a4b4e81df3974e7ff34de,2.6999999999999993,4.800000000000004,1.2000000000000028,0.0,0.6035620252091214,0.964631557207086,0.2782270115611928,0.007283735275267045,2.6999999999999993,4.800000000000004,1.2000000000000028,0.0,0.6035620252091214,0.964631557207086,0.2782270115611928,0.007283735275267045,2.6999999999999993,2.6999999999999993,0.0,0.0
5717e8d589fc4836a349875746fa8247,0.0,0.0,0.0,0.0,0.11683401266793292,0.1672631556161842,0.1371791830768439,0.007175302505493253,0.0,0.0,0.0,0.0,0.11533758837136414,0.166455772139124,0.13641911642605614,0.007514476776122603,0.0,0.0,0.0,0.0014964242965687796
57267f4d074b42568f79cd015d5c1a4c,1.0769380202338086,4.947726750741196,1.2000000000000028,0.1499999999999999,0.13398125449220433,0.21714814306765215,0.041765044165356396,0.012893056869506037,1.9905716735256338,7.299315036357867,7.299315036357867,0.2999999999999998,0.2336112915511634,0.37289724913792044,0.08696556215718322,0.016283082962035067,1.0769380202338086,1.9905716735256338,-0.9136336532918252,-0.09963003705895906
5747b9d1d0f64f7a9fa2be5106bf3b0f,3.075,10.799999999999997,0.0,0.0,0.5922459746819841,0.7801813641764102,0.3303217887346315,0.012921237945556108,3.3,10.799999999999997,0.0,0.0,0.6127665959210089,0.8172601474381591,0.35273326745088524,0.008724832534789506,3.075,3.3,-0.22499999999999964,-0.02052062123902476
574868cbb9a14387b34c782533dc24ec,3.11355083068887,9.13892772703669,9.13892772703669,1.2750000000000004,0.4912305550628626,0.7680999547566724,0.25301443825383546,0.06373615264892507,3.11355083068887,9.13892772703669,9.13892772703669,1.2750000000000004,0.5129043643046914,0.791965871584565,0.26718519191779744,0.06402397155761719,3.11355083068887,3.11355083068887,0.0,-0.021673809241828823
57a80885dce842049aa03cd95ccca916,0.0,0.0,0.0,0.0,0.00269286550760536,0.004195905365158258,0.003213472447713316,0.001330804824827947,0.0,0.0,0.0,0.0,0.008052137432827412,0.015445147933050142,0.003320427850515318,0.004520702362060369,0.0,0.0,0.0,-0.005359271925222052
57eff8c75c0b415496e47d9084888fc4,1.2886336532918254,7.299315036357866,7.299315036357866,0.1499999999999999,0.14232192794073992,0.2388031892624843,0.061182173877320736,0.010722112655639826,1.2886336532918254,7.299315036357866,7.299315036357866,0.1499999999999999,0.14232192794073992,0.2388031892624843,0.061182173877320736,0.010722112655639826,1.2886336532918254,1.2886336532918254,0.0,0.0
57f8bc23b08740bab795cc7cf5e4b25d,0.3749999999999998,1.1999999999999993,0.0,0.0,0.10772492820098595,0.20252965459360292,0.08005837023823101,0.007178163528442916,0.7499999999999996,1.1999999999999993,1.1999999999999993,0.0,0.07950474919436576,0.23235767859479559,0.02648046083769563,0.006362485885620828,0.3749999999999998,0.7499999999999996,-0.3749999999999998,0.02822017900662019
5841c653b5584a9da83e9bce04634736,2.8087471109381923,4.3266615305567875,4.3266615305567875,1.5749999999999997,0.44877098369836077,0.7338134275033386,0.19956721996936966,0.08916578292846733,2.6033246162435626,4.3266615305567875,4.3266615305567875,1.4250000000000003,0.4407120573133088,0.7184418215926713,0.19371665382345357,0.0928696632385253,2.8087471109381923,2.6033246162435626,0.2054224946946297,0.008058926385051957
5894789560e1417cbc67d82c99464527,0.8999999999999997,3.6000000000000014,3.6000000000000014,0.0,0.08588911443188205,0.13924745910599867,0.04895475723051428,0.003473854064941051,0.8999999999999997,3.6000000000000014,3.6000000000000014,0.0,0.08588911443188205,0.13924745910599867,0.04895475723051428,0.003473854064941051,0.8999999999999997,0.8999999999999997,0.0,0.0
5b1778c14dce4541a5430e3555668ec0,1.4999999999999998,3.6000000000000014,1.1999999999999993,0.0,0.47851857081716387,0.9652586411403955,0.1518858274628053,0.006606245040892578,1.6499999999999997,3.6000000000000014,1.1999999999999993,0.0,0.5384065533735107,1.0873463684882911,0.18887643237328391,0.007544231414794655,1.4999999999999998,1.6499999999999997,-0.1499999999999999,-0.059887982556346864
5bb77a2ff3d44094b691ba239cbab83a,0.0,0.0,0.0,0.0,0.0,0.0,0.0,0.0,0.0,0.0,0.0,0.0,0.0,0.0,0.0,0.0,0.0,0.0,0.0,0.0
5bfd9c26f8364a578faf16bdb96049ea,7.200000000000001,16.800000000000004,16.800000000000004,0.0,1.1094618440444148,1.49281304368414,0.6252254869542245,0.009417343139649592,7.049999999999999,16.800000000000004,16.800000000000004,0.0,1.039587366323104,1.4530001293042576,0.5888093426791823,0.011288881301880327,7.200000000000001,7.049999999999999,0.15000000000000213,0.06987447772131095
5d90283c43c64ae2a2bfba49ee8cda5d,0.710410196624969,2.683281572999751,2.3999999999999986,0.15000000000000036,0.09678383822080004,0.2758297600582275,0.01760428225910181,0.020143747329711914,0.710410196624969,2.683281572999751,2.3999999999999986,0.15000000000000036,0.09678383822080004,0.2758297600582275,0.01760428225910181,0.020143747329711914,0.710410196624969,0.710410196624969,0.0,0.0
5dda1ef89d98493aa39a470b21fa4ebe,0.8342329219213247,4.947726750741196,0.0,0.07499999999999973,0.08918451039682503,0.1318070154453408,0.033276327795057487,0.0072986125946052915,0.6092329219213244,4.947726750741196,0.0,0.07499999999999973,0.04834552733521173,0.08086886246624835,0.02411236553202422,0.004164505004882635,0.8342329219213247,0.6092329219213244,0.2250000000000003,0.04083898306161329
5de23d331d424f1eb29d587e53158589,0.4500000000000002,2.3999999999999986,0.0,0.0,0.06522537466397035,0.09924507322269778,0.05526582180273445,0.0038842678070065695,0.07499999999999973,1.1999999999999957,0.0,0.0,0.03731924759038389,0.06807840832304397,0.032211424783524116,0.0034495353698726916,0.4500000000000002,0.07499999999999973,0.37500000000000044,0.027906127073586466
5df6081fa8114b12b0a8c7ecb83f6d4d,0.07499999999999973,1.1999999999999957,0.0,0.0,0.021163076004631014,0.053786383358374726,0.012138169153354679,0.0005152702331545633,0.07499999999999973,1.1999999999999957,0.0,0.0,0.021163076004631014,0.053786383358374726,0.012138169153354679,0.0005152702331545633,0.07499999999999973,0.07499999999999973,0.0,0.0
5e573e0e3d2b41ecbe0061f352ef7f8c,0.0,0.0,0.0,0.0,0.1195126148635832,0.1721031160199813,0.1391331494878433,0.0072009086608888495,0.0,0.0,0.0,0.0,0.11957080165204095,0.17296427740650105,0.13944549597279687,0.007100629806518821,0.0,0.0,0.0,-5.818678845775915e-05
5ec52a5436e34d23a36295880d892f83,0.0,0.0,0.0,0.0,0.0,0.0,0.0,0.0,0.0,0.0,0.0,0.0,0.0,0.0,0.0,0.0,0.0,0.0,0.0,0.0
5f15115414584a23bdc0d0982c46e264,1.1249999999999996,3.6000000000000014,1.2000000000000028,0.0,0.0892270731574493,0.1244592268683464,0.07553523936111085,0.0029162406921399153,1.1249999999999996,3.6000000000000014,1.2000000000000028,0.0,0.09522311944310972,0.13377654667293218,0.07020762922775259,0.0030243873596202953,1.1249999999999996,1.1249999999999996,0.0,-0.005996046285660431
5f1decb5ab4f4691960becd0ddb6d454,0.1499999999999999,1.1999999999999993,0.0,0.0,0.009346681403949491,0.014620811160548221,0.010569625645433782,0.0015747070312501776,0.30000000000000004,2.400000000000002,0.0,0.0,0.025912199534926357,0.04965988494970494,0.02050464073415248,0.004744577407837625,0.1499999999999999,0.30000000000000004,-0.15000000000000013,-0.016565518130976866
5f9a36e5a0d14a16b801101567d1ff12,0.6092329219213244,4.9477267507411975,0.0,0.07500000000000018,0.07803258436840009,0.12409371232337592,0.05352059784659458,0.0028975009918221772,0.6092329219213244,4.9477267507411975,0.0,0.07500000000000018,0.07803258436840009,0.12409371232337592,0.05352059784659458,0.0028975009918221772,0.6092329219213244,0.6092329219213244,0.0,0.0
60019549bfe64e2cbaec3d3f8f480d05,0.0,0.0,0.0,0.0,0.09344289287795211,0.13383087859743908,0.09045342429676015,0.005539941787719993,0.0,0.0,0.0,0.0,0.08009994831337836,0.11982662895397285,0.07372050448927145,0.004952430725097212,0.0,0.0,0.0,0.013342944564573758
60341918a107414c9c44a9bfe169c9e4,0.8622732069503487,7.299315036357866,1.1999999999999957,0.1499999999999999,0.132051617090516,0.21581125769294293,0.12009711995637679,0.029569816589354314,0.8622732069503487,7.299315036357866,1.1999999999999957,0.1499999999999999,0.132051617090516,0.21581125769294293,0.12009711995637679,0.029569816589354314,0.8622732069503487,0.8622732069503487,0.0,0.0
6046f7a0b2fe436189a5ffb62d9d042c,0.30000000000000004,2.3999999999999986,0.0,0.0,0.1292292934555406,0.286233749097539,0.038849639345709945,0.01214461326599059,0.1499999999999999,2.3999999999999986,0.0,0.0,0.04806111182535221,0.07887492468371174,0.07312668347369056,0.014080810546874378,0.30000000000000004,0.1499999999999999,0.15000000000000013,0.0811681816301884
6060fa4c3b1e443994967da28e86132b,0.0,0.0,0.0,0.0,0.0,0.0,0.0,0.0,0.0,0.0,0.0,0.0,0.0,0.0,0.0,0.0,0.0,0.0,0.0,0.0
60c08f0abd214a1c853e3ad73ec1927e,0.30000000000000027,2.400000000000002,2.400000000000002,0.0,0.06926472163789943,0.1427961791680519,0.04738645095016465,0.008873319625854581,0.9000000000000004,2.400000000000002,2.400000000000002,0.0,0.1279341126476226,0.35574101546409537,0.033865693748874826,0.009309768676757368,0.30000000000000027,0.9000000000000004,-0.6000000000000001,-0.05866939100972318
625922c76a1744f290b1d1eb004d9385,0.0,0.0,0.0,0.0,0.05725546324378247,0.08840348540783244,0.08840348540783244,0.00580773353576669,0.0,0.0,0.0,0.0,0.062386146069051227,0.09127003315774082,0.09127003315774082,0.005074024200439009,0.0,0.0,0.0,-0.005130682825268754
6273110addf149bd844f0d15f1e95aab,1.5794077838457445,4.9477267507411975,0.0,0.3750000000000009,0.3904757636815579,0.6489528889892787,0.20269354513497032,0.03899531364440856,1.5794077838457445,4.9477267507411975,0.0,0.3750000000000009,0.3904757636815579,0.6489528889892787,0.20269354513497032,0.03899531364440856,1.5794077838457445,1.5794077838457445,0.0,0.0
62bb79e748c346cf887b1168dfa827df,0.7714037464339529,4.947726750741191,0.0,0.15000000000000036,0.06464004801982487,0.23243254477288938,0.013724265811158494,0.02046160697936905,0.7714037464339529,4.947726750741191,0.0,0.15000000000000036,0.06464004801982487,0.23243254477288938,0.013724265811158494,0.02046160697936905,0.7714037464339529,0.7714037464339529,0.0,0.0
62c44445ebc942628daa5b2f4170e114,0.2999999999999998,1.2000000000000028,0.0,0.0,0.06952995289239813,0.1523853309445755,0.03687861513147291,0.0034764289855955255,0.2999999999999998,1.2000000000000028,0.0,0.0,0.06952995289239813,0.1523853309445755,0.03687861513147291,0.0034764289855955255,0.2999999999999998,0.2999999999999998,0.0,0.0
62eb6bfefeea4322aa74aec9c0a239c7,0.0,0.0,0.0,0.0,0.0,0.0,0.0,0.0,0.0,0.0,0.0,0.0,0.0,0.0,0.0,0.0,0.0,0.0,0.0,0.0
63da0bd557fe4de0bd2b76c77e9f7fa3,1.1250000000000002,2.3999999999999986,2.3999999999999986,0.0,0.17796420672377014,0.27637988251018475,0.09604131137168911,0.0030125141143799716,0.3000000000000005,1.2000000000000028,1.2000000000000028,0.0,0.07559437910163458,0.14435841758294637,0.0441696631919262,0.0030628681182847117,1.1250000000000002,0.3000000000000005,0.8249999999999997,0.10236982762213556
65a7540025114ef8a6c25c8bd8fe39a5,0.0,0.0,0.0,0.0,0.02908241648251301,0.04879951938512151,0.03065784602606321,0.002680778503418413,0.0,0.0,0.0,0.0,0.02908241648251301,0.04879951938512151,0.03065784602606321,0.002680778503418413,0.0,0.0,0.0,0.0
670bae1076e64d4e89252f2a3e1ba6d4,0.15000000000000036,1.2000000000000028,1.2000000000000028,0.0,0.023862089280968522,0.055723629923791984,0.012628066360695257,0.0031870365142823154,0.15000000000000036,1.2000000000000028,1.2000000000000028,0.0,0.023862089280968522,0.055723629923791984,0.012628066360695257,0.0031870365142823154,0.15000000000000036,0.15000000000000036,0.0,0.0
671dea66d87b4cbfa7fd2e2221ce71e9,0.16770509831248423,2.6832815729997477,0.0,0.07500000000000018,0.015657896989998452,0.02868657051244682,0.011051018989956569,0.004634571075439187,0.16770509831248423,2.6832815729997477,0.0,0.07500000000000018,0.015657896989998452,0.02868657051244682,0.011051018989956569,0.004634571075439187,0.16770509831248423,0.16770509831248423,0.0,0.0
672b12bead7d47d2a5cb8dc566a114a2,0.0,0.0,0.0,0.0,0.0,0.0,0.0,0.0,0.0,0.0,0.0,0.0,0.0,0.0,0.0,0.0,0.0,0.0,0.0,0.0
67dc968ea21b4644b7d3fefeb440f9e6,0.0,0.0,0.0,0.0,0.011591596727733963,0.0305082949156524,0.0007174633290411713,0.00032100677490332075,0.0,0.0,0.0,0.0,0.011591596727733963,0.0305082949156524,0.0007174633290411713,0.00032100677490332075,0.0,0.0,0.0,0.0
6807555039a64e45be594ca35deebdeb,6.524999999999999,16.799999999999997,14.399999999999999,0.0,1.0162997801172,1.353540402273103,0.6577500071556427,0.009049844741821467,6.674999999999999,16.799999999999997,14.399999999999999,0.0,1.0530859122393696,1.4651358904204081,0.6582353600514053,0.010660314559936879,6.524999999999999,6.674999999999999,-0.15000000000000036,-0.036786132122169635
680c3298b4f746fa921261a21c929fa2,6.15,14.399999999999999,14.399999999999999,0.0,1.0676399441331113,1.5993433583583128,0.5367267241686613,0.014585065841674183,7.950000000000001,15.600000000000001,14.399999999999999,0.0,1.2798173071763683,1.877875199554029,0.6183068931333674,0.011358404159544921,6.15,7.950000000000001,-1.8000000000000007,-0.21217736304325707
688f86c9082242edaa9f4b19d759e3e0,0.0,0.0,0.0,0.0,0.0021025323440057144,0.004894058865768696,0.0010977359926065116,0.00021014213562109418,0.0,0.0,0.0,0.0,0.0021025323440057144,0.004894058865768696,0.0010977359926065116,0.00021014213562109418,0.0,0.0,0.0,0.0
689730a361924e31b626ca9725499213,0.0,0.0,0.0,0.0,0.037268757341591706,0.06858604219232627,0.06712499904124794,0.011175298690794921,0.0,0.0,0.0,0.0,0.04490910477764467,0.0724917192832481,0.0688309916659532,0.011135673522947975,0.0,0.0,0.0,-0.007640347436052963
68ea2a21eac4431085a5196153fa5244,1.425,3.6000000000000014,3.6000000000000014,0.0,0.1395446771242153,0.1918226110521024,0.1273902825053313,0.01459922790527246,1.425,3.6000000000000014,3.6000000000000014,0.0,0.12569803138979346,0.1860718422671715,0.09847105949092821,0.015120363235473278,1.425,1.425,0.0,0.013846645734421847
6922639651844c2fab3b0038b206deef,0.3750000000000002,1.2000000000000028,0.0,0.0,0.06487656410403041,0.1301725681242678,0.05701274749789982,0.009501171112059836,0.6750000000000005,1.2000000000000028,1.2000000000000028,0.0,0.07688925493211922,0.17996033260538025,0.048171045622014796,0.011674547195433593,0.3750000000000002,0.6750000000000005,-0.30000000000000027,-0.012012690828088812
69a89860542c4e2f9ade7ff0fc99d427,5.1,15.600000000000001,15.600000000000001,0.0,0.7137877798597595,1.0915677716167635,0.2651873134153573,0.01281967163085973,4.65,15.600000000000001,15.600000000000001,0.0,0.6838771058094453,1.0464645610295649,0.257473832565735,0.012007141113280717,5.1,4.65,0.4499999999999993,0.029910674050314223
69fac31e981e4e06b9cc397b25d8ba56,1.1999999999999997,3.5999999999999943,0.0,0.0,0.2871320955755218,0.453433511896704,0.15047872180795294,0.005403614044189098,1.1999999999999997,3.5999999999999943,0.0,0.0,0.2871320955755218,0.453433511896704,0.15047872180795294,0.005403614044189098,1.1999999999999997,1.1999999999999997,0.0,0.0
6a81b3fb8c9c4c3ca64cf708e6c94e40,0.3750000000000002,1.2000000000000028,1.2000000000000028,0.0,0.0717067367397069,0.10901360129513048,0.02197953652903138,0.007075166702269264,0.30000000000000027,1.2000000000000028,1.2000000000000028,0.0,0.05764867935505345,0.10581271768580372,0.01672278610925827,0.007719612121580344,0.3750000000000002,0.30000000000000027,0.07499999999999996,0.014058057384653447
6b9ef02e777d46c3aa2ab5f562b16ff5,2.4749999999999996,7.199999999999996,3.6000000000000014,0.0,0.3347925488900829,0.5692192086021903,0.10173092060491162,0.004842567443848367,2.4749999999999996,7.199999999999996,3.6000000000000014,0.0,0.3347925488900829,0.5692192086021903,0.10173092060491162,0.004842567443848367,2.4749999999999996,2.4749999999999996,0.0,0.0
6bbd9ea66b1544479ac212c19aa22010,1.7250000000000003,4.800000000000004,1.2000000000000028,0.0,0.2737992742000417,0.5394376304621317,0.1077424795027594,0.010360908508301403,1.2,4.799999999999997,1.2000000000000028,0.0,0.19879669978723302,0.4271452171752262,0.06310958492913114,0.009196901321411932,1.7250000000000003,1.2,0.5250000000000004,0.07500257441280866
6bd37fede9ce4b9a956b8ccea50fc874,0.5781152949374525,5.366563145999493,5.366563145999493,0.22499999999999964,0.039387174359406335,0.0994517423603349,0.01638648889824585,0.012273788452147993,0.5781152949374525,5.366563145999493,5.366563145999493,0.22499999999999964,0.039387174359406335,0.0994517423603349,0.01638648889824585,0.012273788452147993,0.5781152949374525,0.5781152949374525,0.0,0.0
6bf37d430d1742b282e71a0ff3304c33,1.0499999999999998,3.599999999999998,0.0,0.0,0.08395856346044522,0.12344518498750384,0.08017121225680815,0.007990264892579368,1.0499999999999998,3.599999999999998,0.0,0.0,0.08395856346044522,0.12344518498750384,0.08017121225680815,0.007990264892579368,1.0499999999999998,1.0499999999999998,0.0,0.0
6cc55ef2e7e84c668c209a5be46c0584,2.034232921921325,4.9477267507411975,0.0,0.07500000000000018,0.25806958792692636,0.416586512992192,0.04837137082848103,0.005070877075194158,2.034232921921325,4.9477267507411975,0.0,0.07500000000000018,0.2675469782968324,0.4201054251754527,0.05300306256917616,0.0051036357879636896,2.034232921921325,2.034232921921325,0.0,-0.009477390369906025
6d41d5fffdda46e18c805e9fc9b4d356,1.4312071897723657,7.29931503635786,7.29931503635786,0.07500000000000018,0.1655534366950098,0.2524818060937566,0.09498043814534564,0.004154062271118697,1.4312071897723657,7.29931503635786,7.29931503635786,0.07500000000000018,0.1655534366950098,0.2524818060937566,0.09498043814534564,0.004154062271118697,1.4312071897723657,1.4312071897723657,0.0,0.0
6d78a78c771f4ba4b1edf393f68d265c,0.1499999999999999,1.1999999999999993,0.0,0.0,0.03332984527946448,0.0684208652343398,0.00364302023040356,0.0023594856262194597,0.1499999999999999,1.1999999999999993,0.0,0.0,0.03332984527946448,0.0684208652343398,0.00364302023040356,0.0023594856262194597,0.1499999999999999,0.1499999999999999,0.0,0.0
6e04634c38d24707b0105042eed605ec,2.55,6.0,6.0,0.0,0.37245344494681387,0.5743443766938845,0.07104999558529891,0.00891580581665119,2.625,6.0,6.0,0.0,0.3813334110500037,0.5844906435839178,0.08188682154358605,0.009237527847290039,2.55,2.625,-0.07500000000000018,-0.008879966103189807
6f88910ce826420fb9739c7da9d2e54e,0.15000000000000013,1.2000000000000028,0.0,0.0,0.03360082416273237,0.06907238638746103,0.04536472632220931,0.004421710968017134,0.30000000000000004,2.3999999999999986,0.0,0.0,0.04807983334663812,0.09521489315765132,0.06059274155190772,0.003962659835815341,0.15000000000000013,0.30000000000000004,-0.1499999999999999,-0.014479009183905753
6f8d7a927c524cb8b3526b9b798a5a53,3.2250000000000005,8.400000000000002,8.400000000000002,0.0,0.6492683059968944,0.9530881861733723,0.3820717473995752,0.004921960830687855,0.9749999999999999,2.3999999999999986,0.0,0.0,0.5614176495292705,0.8411426324722016,0.30382421721148295,0.005081033706665128,3.2250000000000005,0.9749999999999999,2.250000000000001,0.08785065646762391
6fc17590228f432eba7699ef0989336f,16.28727127060963,32.4222146066551,32.4222146066551,0.5250000000000012,0.21120866573769667,0.3227529385288176,0.14254381150867687,0.008784914016723988,15.463189994362615,30.023990407672326,30.023990407672326,0.5250000000000012,0.16188342366889905,0.24340198404278615,0.12551225951958303,0.007407474517822088,16.28727127060963,15.463189994362615,0.8240812762470142,0.049325242068797626
70b93dd31d724e7fbab2d20ade9bb4c1,8.328740671584066,20.4,20.4,0.07500000000000018,1.1106300433410472,1.4174454370416425,0.7361378806722986,0.006685495376587802,2.5695222581613093,9.67470929795826,6.118823416311343,0.22500000000000053,0.31963685469429004,0.5635282654967212,0.14991522803718754,0.011581850051879172,8.328740671584066,2.5695222581613093,5.759218413422757,0.7909931886467572
723739bbe19f49cfb531585eecea1dc5,2.032426463519459,6.118823416311343,6.118823416311343,0.07500000000000018,0.34332377444909146,0.6969747535185743,0.03483447279078292,0.006648159027098366,2.032426463519459,6.118823416311343,6.118823416311343,0.07500000000000018,0.35010035205756157,0.7043514849381673,0.030028070099125285,0.006716966629027876,2.032426463519459,2.032426463519459,0.0,-0.0067765776084701135
723c9e9528d545dda0355d3cb8fc7d38,0.0,0.0,0.0,0.0,0.013948515389452808,0.03037338681319101,0.004508331369476334,0.0006916522979723005,0.0,0.0,0.0,0.0,0.013948515389452808,0.03037338681319101,0.004508331369476334,0.0006916522979723005,0.0,0.0,0.0,0.0
730372a7b9724bcc8a58fef54aef6d33,0.07499999999999973,1.1999999999999957,0.0,0.0,0.0014775944208450516,0.002801887636841186,0.0008022887879642182,0.0002703666687002837,0.07499999999999973,1.1999999999999957,0.0,0.0,0.0014775944208450516,0.002801887636841186,0.0008022887879642182,0.0002703666687002837,0.07499999999999973,0.07499999999999973,0.0,0.0
73b363c5332a423797a2c0728cc1a75d,0.0,0.0,0.0,0.0,0.008628462297955946,0.023551647862870853,0.001302279318525948,0.0012190818786623758,0.0,0.0,0.0,0.0,0.008628462297955946,0.023551647862870853,0.001302279318525948,0.0012190818786623758,0.0,0.0,0.0,0.0
73e7a058423243e49848fd0b9b259ce9,0.5250000000000001,3.599999999999998,0.0,0.0,0.05258164792928642,0.174641830628028,0.03409046465664334,0.01847791671752752,0.5250000000000001,3.599999999999998,0.0,0.0,0.05258164792928642,0.174641830628028,0.03409046465664334,0.01847791671752752,0.5250000000000001,0.5250000000000001,0.0,0.0
7400f2eec9564eaba38830ece5868820,0.2560660171779823,1.697056274847718,0.0,0.07500000000000018,0.06000169156368533,0.09148758278086506,0.08050687579194302,0.01589584350585893,0.2560660171779823,1.697056274847718,0.0,0.07500000000000018,0.06000169156368533,0.09148758278086506,0.08050687579194302,0.01589584350585893,0.2560660171779823,0.2560660171779823,0.0,0.0
740e48ba5a5a45afbc1a56b16f586054,0.0,0.0,0.0,0.0,0.0,0.0,0.0,0.0,0.0,0.0,0.0,0.0,0.0,0.0,0.0,0.0,0.0,0.0,0.0,0.0
74188da251e34b25804604c1780de55f,1.1249999999999996,3.599999999999998,2.3999999999999986,0.0,0.1435672501044403,0.18570031461152212,0.13974402234203273,0.007695579528808061,1.1249999999999996,3.599999999999998,2.3999999999999986,0.0,0.15522496171450928,0.20838590475360796,0.16092253174033375,0.008532714843750178,1.1249999999999996,1.1249999999999996,0.0,-0.011657711610068983
7422ecacc5c2448db49b6708c136a8c0,0.22499999999999987,1.2000000000000028,0.0,0.0,0.039638263274957064,0.06744496851632739,0.01933493719981647,0.0011611461639406961,0.22499999999999987,1.2000000000000028,0.0,0.0,0.039638263274957064,0.06744496851632739,0.01933493719981647,0.0011611461639406961,0.22499999999999987,0.22499999999999987,0.0,0.0
742ce1b2603c404fa2c6b499c1027ad3,1.5000000000000002,3.6000000000000014,2.400000000000002,0.0,0.4278716645996248,0.6711018051455726,0.27742631040285176,0.01616148948669416,0.0,0.0,0.0,0.0,0.18872552018296165,0.3174178243197364,0.08032371532731716,0.013226079940796165,1.5000000000000002,0.0,1.5000000000000002,0.23914614441666313
749244be19d64becb2d2a9c065a5be0a,1.6085745709465813,4.9477267507411975,2.3999999999999986,0.22500000000000053,0.3070175723787389,0.5148453115002635,0.15780940289603626,0.02692208290100062,0.9786470383155795,3.7947331922020573,1.1999999999999957,0.3000000000000007,0.1823117265048369,0.3381907169205714,0.049074886006518915,0.025779533386228515,1.6085745709465813,0.9786470383155795,0.6299275326310018,0.12470584587390199
74f1506fb3f348a28783f117d9e50ff7,0.07500000000000018,1.2000000000000028,0.0,0.0,0.021799351427922393,0.040909574103904646,0.014843455757964787,0.00043258666992151973,0.9000000000000001,4.800000000000004,4.800000000000004,0.0,0.17687611803304382,0.2975225487858241,0.10400959391387936,0.010663604736329102,0.07500000000000018,0.9000000000000001,-0.825,-0.15507676660512143
75d9b7ca576b4f6883622198c6349992,0.825,2.3999999999999986,1.2000000000000028,0.0,0.24408297457187184,0.36656788995313855,0.20231920142098944,0.009071445465087535,0.825,2.3999999999999986,1.2000000000000028,0.0,0.26083957939743646,0.39603109782777773,0.20572609724914215,0.011378431320190785,0.825,0.825,0.0,-0.016756604825564625
75e82936af3341b98f6aac627e82b3ce,3.019893093701146,8.48528137423857,3.6000000000000014,0.22500000000000053,0.4582566772531668,0.7070624418797522,0.0966804249692056,0.014207839965820757,3.2448930937011458,8.48528137423857,3.6000000000000014,0.22500000000000053,0.46585971174984697,0.7157682064938338,0.09783668332665983,0.014856863021850852,3.019893093701146,3.2448930937011458,-0.22499999999999964,-0.00760303449668015
76143fdc216840bf8e2c7b08b0dea88f,0.867046747337741,3.7947331922020573,1.1999999999999957,0.22500000000000053,0.060985232896742486,0.09191704610367576,0.07075341812536261,0.013095474243164151,1.7028303275959173,6.118823416311343,4.947726750741191,0.3750000000000009,0.08007332614538501,0.1386069801113216,0.11148130287747605,0.01958041191101012,0.867046747337741,1.7028303275959173,-0.8357835802581763,-0.019088093248642524
78ba8faa832d4a4197d5bd3128943327,0.30000000000000027,1.2000000000000028,0.0,0.0,0.06506676848201011,0.11599936626489635,0.053166724205343484,0.008708381652831942,1.1250000000000004,3.6000000000000014,3.6000000000000014,0.0,0.14243362573500307,0.2009889276114678,0.14699549932524483,0.004386091232300604,0.30000000000000027,1.1250000000000004,-0.8250000000000002,-0.07736685725299296
793bebc8b4ec41bb973b791e463213da,0.07499999999999996,1.1999999999999993,0.0,0.0,0.032899825339456054,0.05141545340238866,0.04752888782298499,0.013369846343995295,0.0,0.0,0.0,0.0,0.021538244474101076,0.04642902501076823,0.03699697084930642,0.005783271789551403,0.07499999999999996,0.0,0.07499999999999996,0.011361580865354978
7ac789bdd09e42bfaed9a5507762c888,1.7409937608431265,4.326661530556785,1.6970562748477156,0.9750000000000001,0.30469727668021473,0.4950136841121094,0.15159808114823606,0.1129812240600585,1.7409937608431265,4.326661530556785,1.6970562748477156,0.9750000000000001,0.30469727668021473,0.4950136841121094,0.15159808114823606,0.1129812240600585,1.7409937608431265,1.7409937608431265,0.0,0.0
7b86bda4144e46b08b5c8aea57bfa969,0.30000000000000004,1.2000000000000028,0.0,0.0,0.06740866999882918,0.13109844120690398,0.02488518684862515,0.006334304809569868,0.30000000000000004,1.2000000000000028,0.0,0.0,0.06740866999882918,0.13109844120690398,0.02488518684862515,0.006334304809569868,0.30000000000000004,0.30000000000000004,0.0,0.0
7b8f2d0d1c124c4a9b9d9d3b7509b0b7,1.1312071897723661,7.299315036357866,1.1999999999999957,0.07499999999999973,0.20935992849821639,0.32192602312071755,0.10126150877930055,0.014635133743286843,1.1312071897723661,7.299315036357866,1.1999999999999957,0.07499999999999973,0.20935992849821639,0.32192602312071755,0.10126150877930055,0.014635133743286843,1.1312071897723661,1.1312071897723661,0.0,0.0
7bd9965f22864e9dbff830ced43a66da,4.8,10.799999999999997,10.799999999999997,0.0,0.6255680860770595,0.9317519352765261,0.3248298976161668,0.012250041961670455,4.725,9.600000000000001,9.600000000000001,0.0,0.6135316102173174,0.9057349193691004,0.32339355702146694,0.0146856307983394,4.8,4.725,0.07500000000000018,0.012036475859742102
7c3270faff8a4f2aa72273142d71389c,2.1,7.199999999999996,7.199999999999996,0.0,0.2301585524478531,0.37625811587619823,0.13144741426873655,0.007064437866211026,2.025,7.199999999999996,7.199999999999996,0.0,0.2179080633422426,0.33040279217822793,0.1233954935524203,0.0065757751464841085,2.1,2.025,0.07500000000000018,0.012250489105610496
7c8ce823cc374a8f9376df6d8f0fed89,0.931066017177982,2.3999999999999986,1.697056274847713,0.07500000000000018,0.15870386472619846,0.2837090422391641,0.03370290474490582,0.004763603210449663,0.6749999999999998,2.3999999999999986,0.0,0.0,0.13210238468214022,0.24012547105618343,0.05985119725000052,0.0045405864715584165,0.931066017177982,0.6749999999999998,0.25606601717798216,0.02660148004405824
7d9b577aee054da5aad6f693d64e0171,0.07499999999999996,1.1999999999999993,0.0,0.0,0.0077482246288656615,0.020666378626974156,0.002554063886576802,0.0036988735198986156,0.07499999999999996,1.1999999999999993,0.0,0.0,0.0077482246288656615,0.020666378626974156,0.002554063886576802,0.0036988735198986156,0.07499999999999996,0.07499999999999996,0.0,0.0
7ddee23fa24f4d36b251c3d3fcd0a230,0.9135254915624214,5.366563145999495,5.366563145999495,0.375,0.04731678781743763,0.08427819743889897,0.016914278631529257,0.012158203125000266,0.9135254915624214,5.366563145999495,5.366563145999495,0.375,0.04731678781743763,0.08427819743889897,0.016914278631529257,0.012158203125000266,0.9135254915624214,0.9135254915624214,0.0,0.0
7ec5350531b74c35a02877ce8314a8d5,0.8250000000000004,3.6000000000000014,0.0,0.0,0.07225647463492824,0.12886905948500318,0.02829920973175634,0.002505397796630504,0.8250000000000004,3.6000000000000014,0.0,0.0,0.07225647463492824,0.12886905948500318,0.02829920973175634,0.002505397796630504,0.8250000000000004,0.8250000000000004,0.0,0.0
7ec94e16250a42f6bc6f8cdd939ba1f4,0.0,0.0,0.0,0.0,0.0,0.0,0.0,0.0,0.0,0.0,0.0,0.0,0.0,0.0,0.0,0.0,0.0,0.0,0.0,0.0
7f703ec9c5c64500a687651e026bae6d,0.1499999999999999,1.1999999999999993,0.0,0.0,0.029751512537212775,0.05859677120704678,0.013396906490688367,0.00638422966003338,0.22499999999999987,1.1999999999999993,1.1999999999999993,0.0,0.029742722227726476,0.06525172346250041,0.010083266086365153,0.007269144058227095,0.1499999999999999,0.22499999999999987,-0.07499999999999996,8.790309486299275e-06
7f73470d1234487996a0f254b1e6c610,0.07500000000000018,1.2000000000000028,1.2000000000000028,0.0,0.036641328149675315,0.1136013259651488,0.00863708133385704,0.0073787212371829725,0.07500000000000018,1.2000000000000028,1.2000000000000028,0.0,0.036641328149675315,0.1136013259651488,0.00863708133385704,0.0073787212371829725,0.07500000000000018,0.07500000000000018,0.0,0.0
7f768fc8681d448db27638d18914d991,0.0,0.0,0.0,0.0,0.0,0.0,0.0,0.0,0.0,0.0,0.0,0.0,0.0,0.0,0.0,0.0,0.0,0.0,0.0,0.0
801946a4e42c4408beba883e12f349c0,0.0,0.0,0.0,0.0,0.0,0.0,0.0,0.0,0.0,0.0,0.0,0.0,0.0,0.0,0.0,0.0,0.0,0.0,0.0,0.0
803b00748c204b13a2a4cef2d017c5e4,0.15000000000000013,1.2000000000000028,0.0,0.0,0.04127090372727879,0.0609160846868431,0.0609160846868431,0.003030967712401633,0.1499999999999999,1.1999999999999993,0.0,0.0,0.030300278961520374,0.05160730613783101,0.014347400149420902,0.0012717247009272903,0.15000000000000013,0.1499999999999999,2.220446049250313e-16,0.010970624765758417
803e05d7ad2d4db5b7f5f0e1039bd322,0.15000000000000013,1.2000000000000028,0.0,0.0,0.057905992593018846,0.09278874577472414,0.010462944539239663,0.00268149375915705,0.15000000000000013,1.2000000000000028,0.0,0.0,0.057905992593018846,0.09278874577472414,0.010462944539239663,0.00268149375915705,0.15000000000000013,0.15000000000000013,0.0,0.0
8043cb6882a84dab8e4f124d31954892,0.0,0.0,0.0,0.0,0.09436473997955092,0.13848854759479443,0.09594916534727574,0.007706165313722035,0.0,0.0,0.0,0.0,0.09152032948340037,0.13637677536731713,0.08893805738118707,0.0077480792999273795,0.0,0.0,0.0,0.002844410496150543
814720ee91d54e408e6fd0dd1b356e9c,0.45923292192132426,4.9477267507411895,0.0,0.07499999999999973,0.044672388984227054,0.11597274925867006,0.004767375140028284,0.006367206573487216,0.5342329219213242,4.9477267507411895,0.0,0.07499999999999973,0.08275252774304055,0.16107387005984758,0.017796434092890775,0.009701013565063477,0.45923292192132426,0.5342329219213242,-0.07499999999999996,-0.0380801387588135
81917e9b83284a4a8ce0d7945215abe8,0.2999999999999998,2.400000000000002,0.0,0.0,0.07459259172353126,0.12286388945112028,0.02129400287839757,0.001856803894043857,0.2999999999999998,2.400000000000002,0.0,0.0,0.07459259172353126,0.12286388945112028,0.02129400287839757,0.001856803894043857,0.2999999999999998,0.2999999999999998,0.0,0.0
81d0dd84c7e54c61a8a259f7d1e7bb89,0.5999999999999996,2.3999999999999986,1.1999999999999957,0.0,0.09901629898080143,0.18523875528129852,0.035977974450025235,0.0017098903656012077,0.2999999999999998,1.2000000000000028,1.1999999999999957,0.0,0.09156625131286991,0.15416028781241356,0.04771768784957035,0.0025680541992185724,0.5999999999999996,0.2999999999999998,0.2999999999999998,0.007450047667931517
81e2df0d68144fc1bca59c11e4f1c3ff,1.0773793636493814,2.6832815729997526,0.0,0.6750000000000003,0.14294999423379773,0.24566022358442913,0.049728678596851136,0.08097095489501971,0.9096742653368973,2.6832815729997526,0.0,0.5250000000000004,0.10625606914919931,0.18578360744588643,0.06231937870525974,0.06300344467163077,1.0773793636493814,0.9096742653368973,0.16770509831248404,0.036693925084598414
821df5bcd0744d7280b23e6284fb8396,0.37499999999999956,2.3999999999999986,0.0,0.0,0.0666814642938659,0.09395633906534487,0.03458235882345894,0.002651023864745472,0.37499999999999956,2.3999999999999986,0.0,0.0,0.0666814642938659,0.09395633906534487,0.03458235882345894,0.002651023864745472,0.37499999999999956,0.37499999999999956,0.0,0.0
825d52c255ca46fc9ae7a7fc43d44816,1.5750000000000008,2.400000000000002,2.400000000000002,0.0,0.5274995038280003,0.7909971601264938,0.29883277889442506,0.017725753784181286,1.0500000000000007,2.400000000000002,1.1999999999999993,0.0,0.25531211483999033,0.45528747813564086,0.08690120950571968,0.01323938369751021,1.5750000000000008,1.0500000000000007,0.5250000000000001,0.2721873889880099
829ca2190efe4aa88f260bffb1d0697a,0.0,0.0,0.0,0.0,0.04233549399941651,0.07352146780227682,0.0601996562510757,0.006999635696411932,0.0,0.0,0.0,0.0,0.03983750791847806,0.0687409404792034,0.05433486447381769,0.006815671920776367,0.0,0.0,0.0,0.002497986080938451
82e2c7a48a4640ce8475d8b6930f8a1b,1.5,4.799999999999997,1.2000000000000028,0.0,0.1728780250986885,0.25682413619477396,0.1431631338700441,0.0033285140991217155,1.65,7.199999999999996,1.2000000000000028,0.0,0.20384877627749176,0.3080019664610243,0.1601559430866662,0.003926610946654918,1.5,1.65,-0.1499999999999999,-0.03097075117880327
856ccc626a4a4c0aaac1e62335050ac0,2.032426463519459,6.118823416311343,2.3999999999999986,0.07500000000000018,0.3542533950885168,0.5703470290869281,0.16362928524927148,0.016927528381348367,2.113633653291825,7.29931503635786,2.3999999999999986,0.15000000000000036,0.33775514515348104,0.5432912202402419,0.1745917659199329,0.01966209411621156,2.032426463519459,2.113633653291825,-0.0812071897723663,0.016498249935035736
85aa2dedde914b3b8498aa9e297db375,0.8999999999999999,2.3999999999999986,1.1999999999999993,0.0,0.24715599508799346,0.36276333587521137,0.07250417413248837,0.004753732681275213,0.8999999999999999,4.800000000000001,4.800000000000001,0.0,0.11661547140136477,0.22848866642976795,0.12712106335189907,0.006673192977905806,0.8999999999999999,0.8999999999999999,0.0,0.1305405236866287
868c93c6935944fab6366fcc5de80dfb,1.0621708245126276,3.7947331922020573,0.0,0.07500000000000018,0.1398368368432083,0.19612373469150887,0.1565998528293374,0.009626340866089489,0.8427050983124836,3.5999999999999943,0.0,0.07500000000000018,0.1181400689524927,0.16985341124888137,0.1408104075316786,0.008941841125488459,1.0621708245126276,0.8427050983124836,0.21946572620014393,0.021696767890715604
86958f43ae42452badc0ca07c865b890,0.45923292192132437,4.947726750741191,0.0,0.07500000000000018,0.01807254601193767,0.0499880813757999,0.010188042416349454,0.004839849472045632,0.45923292192132437,4.947726750741191,0.0,0.07500000000000018,0.01807254601193767,0.0499880813757999,0.010188042416349454,0.004839849472045632,0.45923292192132437,0.45923292192132437,0.0,0.0
870a31d3032a4a4ca166c2212d245532,0.0,0.0,0.0,0.0,0.0,0.0,0.0,0.0,0.0,0.0,0.0,0.0,0.0,0.0,0.0,0.0,0.0,0.0,0.0,0.0
88209e3d4c4f456da1b7165c6ead41ff,0.6000000000000005,2.4000000000000057,1.1999999999999957,0.0,0.08700715831470698,0.14966386809214005,0.04774180049319922,0.0044899463653553795,0.2999999999999998,1.2000000000000028,0.0,0.0,0.024134976273726114,0.04257404470250679,0.0360056044340218,0.005193185806274148,0.6000000000000005,0.2999999999999998,0.3000000000000007,0.06287218204098087
8a6c52baf6e14950a7d845d6c6b9656d,0.2999999999999998,1.1999999999999993,0.0,0.0,0.1292112714397018,0.2645555358064233,0.04718429974276957,0.014242315292358754,0.2999999999999998,1.1999999999999993,0.0,0.0,0.1292112714397018,0.2645555358064233,0.04718429974276957,0.014242315292358754,0.2999999999999998,0.2999999999999998,0.0,0.0
8bb6c96a85c64cd6be8d5d9002ed12a0,0.0,0.0,0.0,0.0,0.09420881290116652,0.13676371631299455,0.08577473676785395,0.008435440063475408,0.0,0.0,0.0,0.0,0.09017301659409407,0.13232957850445573,0.08841868364261257,0.007421350479125621,0.0,0.0,0.0,0.004035796307072445
8d0763a5e11745c5ac84469982ea6e11,0.2250000000000001,2.400000000000002,0.0,0.0,0.20563812315958,0.42883115061733323,0.04355811367008964,0.024500513076782138,0.2250000000000001,2.400000000000002,0.0,0.0,0.20563812315958,0.42883115061733323,0.04355811367008964,0.024500513076782138,0.2250000000000001,0.2250000000000001,0.0,0.0
8d7ed8e903b5408e964a7c4e066bdf2a,0.0,0.0,0.0,0.0,0.0,0.0,0.0,0.0,0.0,0.0,0.0,0.0,0.0,0.0,0.0,0.0,0.0,0.0,0.0,0.0
8ddfde23694a4dec815f8aaaf8125d5a,0.0,0.0,0.0,0.0,0.0,0.0,0.0,0.0,0.0,0.0,0.0,0.0,0.0,0.0,0.0,0.0,0.0,0.0,0.0,0.0
8e177aee749c47d8853227f6c33914c5,1.8000000000000005,3.6000000000000014,2.400000000000002,0.0,0.28768348339156047,0.543044120313807,0.04270397900720036,0.007977247238158736,1.3500000000000003,2.400000000000002,1.1999999999999993,0.0,0.22490761391392086,0.4546565038983715,0.03497191172319573,0.008751869201660156,1.8000000000000005,1.3500000000000003,0.4500000000000002,0.0627758694776396
9085428a301e468cbb8235791d47f051,0.0,0.0,0.0,0.0,0.043596024016335416,0.06705834511358566,0.020780471167818535,0.002780055999755504,0.0,0.0,0.0,0.0,0.05418638470965679,0.0837346815716357,0.02670703345571548,0.0023989677429185896,0.0,0.0,0.0,-0.010590360693321373
914964ef6ce649c5a783014a417d3a69,2.1865803488797653,10.866462165764897,0.0,0.15000000000000036,0.27437863666479,0.454238599150314,0.0996825777722242,0.006875753402708629,3.765734234240071,10.866462165764897,10.866462165764897,0.22500000000000053,0.4341119187391494,0.6255283815438326,0.196829910362289,0.01762232780456552,2.1865803488797653,3.765734234240071,-1.5791538853603058,-0.15973328207435938
91a1b5b5ac1b4862b6b5a7e556ca0227,0.16770509831248415,2.6832815729997463,0.0,0.1499999999999999,0.014147051574243712,0.05157840629718623,0.005434632313831136,0.006690502166747603,0.0,0.0,0.0,0.0,0.016731085005587523,0.05466070905278377,0.003933415427331059,0.006140613555908558,0.16770509831248415,0.0,0.16770509831248415,-0.002584033431343811
926dde8427454373a0f4b61b1b3c6e2f,0.4499999999999995,2.3999999999999986,0.0,0.0,0.021779442645008355,0.05178805126953469,0.024511338274686396,0.0062125682830811435,2.325,6.0,6.0,0.0,0.2522970081980942,0.35383641267104243,0.1641950533331619,0.00849766731262136,0.4499999999999995,2.325,-1.8750000000000007,-0.23051756555308583
92887f8ce86e45a2ab8d417c5c39aef2,0.7499999999999993,2.3999999999999986,2.3999999999999986,0.0,0.12264687653177705,0.22781684967365595,0.06422843239703119,0.00537471771240261,0.8249999999999995,2.3999999999999986,2.3999999999999986,0.0,0.12582420689103493,0.22835340913660906,0.07052294783003665,0.005282306671142933,0.7499999999999993,0.8249999999999995,-0.07500000000000018,-0.0031773303592578794
92f7cfd3805042238eebd1fbff915f30,0.44999999999999973,4.799999999999997,4.799999999999997,0.0,0.040810021161587676,0.07089872360171624,0.007512030173262896,0.0028859138488761538,0.5249999999999999,4.799999999999997,4.799999999999997,0.0,0.04479637771011324,0.07798691454203152,0.01009023282832714,0.003326082229613281,0.44999999999999973,0.5249999999999999,-0.07500000000000018,-0.003986356548525562
92fd53d745444023a73c0dd24c1edec7,0.0,0.0,0.0,0.0,0.0,0.0,0.0,0.0,0.0,0.0,0.0,0.0,0.0,0.0,0.0,0.0,0.0,0.0,0.0,0.0
9370804fdd1740b7aa20f8ebe98a1121,0.0,0.0,0.0,0.0,0.2690905312833989,0.3532516947227437,0.18947593878507837,0.003807878494261452,0.8999999999999997,8.399999999999999,0.0,0.0,1.360747969205474,2.1703106264271916,0.7572419037149897,0.025931310653688477,0.0,0.8999999999999997,-0.8999999999999997,-1.0916574379220751
9397c89e75ff4f49882869f914d7ddd4,0.3750000000000002,2.3999999999999986,1.2000000000000028,0.0,0.07665752285324193,0.11127197502866863,0.01452457008144843,0.005717182159423739,0.3750000000000002,2.3999999999999986,1.2000000000000028,0.0,0.07665752285324193,0.11127197502866863,0.01452457008144843,0.005717182159423739,0.3750000000000002,0.3750000000000002,0.0,0.0
943c8fb105a5408c805b9e023d2bdcb5,0.07499999999999996,1.1999999999999993,0.0,0.0,0.010746299610498427,0.01771897273642991,0.006475390752833467,0.001191473007201349,0.07499999999999996,1.1999999999999993,0.0,0.0,0.010746299610498427,0.01771897273642991,0.006475390752833467,0.001191473007201349,0.07499999999999996,0.07499999999999996,0.0,0.0
94e8fd7330684407b1aad99692e7e5ff,0.07500000000000018,1.2000000000000028,0.0,0.0,0.02116745930602445,0.04187607483699142,0.015343048076852833,0.00633816719055158,0.15000000000000036,1.2000000000000028,0.0,0.0,0.032369667328221614,0.06337948916513235,0.014245850381982308,0.004991197586059926,0.07500000000000018,0.15000000000000036,-0.07500000000000018,-0.011202208022197166
95602fd0ecff446398008115dfbe1feb,1.0562071897723664,7.299315036357867,0.0,0.07500000000000018,0.1261219489079547,0.20103009075172149,0.07794531749716299,0.010723543167113991,2.2615372756622776,8.48528137423857,0.0,0.15000000000000036,0.28003596149740806,0.49493257163004745,0.12485556069326788,0.017704439163208185,1.0562071897723664,2.2615372756622776,-1.2053300858899112,-0.15391401258945336
95b0c6a3602544ffb3c3e014b2cdfda6,0.987170824512629,3.7947331922020573,1.2000000000000028,0.07500000000000018,0.16162972088478067,0.2701425166832091,0.06426593359976807,0.006030607223512341,1.2183780142849954,7.299315036357867,1.2000000000000028,0.15000000000000036,0.15421649213651392,0.27894282605808224,0.03587259165912046,0.011694431304931197,0.987170824512629,1.2183780142849954,-0.23120718977236632,0.007413228748266748
96d66c41d3dc42b193bf1a091ac103a3,1.3499999999999999,2.400000000000002,0.0,0.0,0.40868776394015244,0.5440976759377198,0.3024301028926217,0.0072999000549311965,1.1999999999999995,2.400000000000002,0.0,0.0,0.4394407094931437,0.600419711676681,0.34314685875788253,0.008498096466064364,1.3499999999999999,1.1999999999999995,0.15000000000000036,-0.03075294555299124
96dbf7debf4f42589d08185c32c3d67b,0.6432368416906106,3.7947331922020506,1.697056274847718,0.15000000000000036,0.04640355589126876,0.07981338760241767,0.07981338760241767,0.007946920394896306,0.3749999999999998,1.2000000000000028,1.2000000000000028,0.0,0.0719976345690472,0.12744930984801012,0.03349039568689234,0.005033254623412642,0.6432368416906106,0.3749999999999998,0.2682368416906108,-0.025594078677778444
96ee33f7aa5e48bbab4b36f7ceead005,0.07499999999999973,1.1999999999999957,0.0,0.0,0.009298441006424666,0.015382018897082888,0.005656807050751994,0.00023431777954163735,0.07499999999999973,1.1999999999999957,0.0,0.0,0.009298441006424666,0.015382018897082888,0.005656807050751994,0.00023431777954163735,0.07499999999999973,0.07499999999999973,0.0,0.0
977ca44b5bfb4762a08c9db618c0595f,0.0,0.0,0.0,0.0,0.08868805784010342,0.13331885581434166,0.08441881418093994,0.008178520202635653,0.0,0.0,0.0,0.0,0.08742919765139073,0.13076149989082259,0.08494376817846745,0.007926321029662287,0.0,0.0,0.0,0.001258860188712685
978a078289b64db3a6a318e8547076ba,5.625,13.2,13.2,0.0,0.788694758186371,1.0839932917883794,0.5069270190618569,0.014062499999999645,5.550000000000001,17.999999999999996,17.999999999999996,0.0,0.7059233979799258,0.9795795400073656,0.463654657191367,0.01625604629516486,5.625,5.550000000000001,0.07499999999999929,0.08277136020644527
97f1dba070874a2996ca717b112be788,0.0,0.0,0.0,0.0,0.03142290389052262,0.05993704444538443,0.015373869397520161,0.01142120361328125,0.0,0.0,0.0,0.0,0.03142290389052262,0.05993704444538443,0.015373869397520161,0.01142120361328125,0.0,0.0,0.0,0.0
989191ea92524bc39ae8ee546e00282c,1.7249999999999996,8.399999999999999,0.0,0.0,0.20286618816963162,0.3435875361172058,0.10754178070980977,0.0034616947174073154,1.4249999999999994,8.399999999999999,0.0,0.0,0.10546122908197766,0.1662921720748584,0.05737547556829071,0.002487373352050959,1.7249999999999996,1.4249999999999994,0.30000000000000027,0.09740495908765395
98c9250426904b328447522d5fa7fe5e,1.0663247098729352,10.866462165764904,0.0,0.1499999999999999,0.07520593522059338,0.11269387914121659,0.06914549599275491,0.04347109794616655,1.0663247098729352,10.866462165764904,0.0,0.1499999999999999,0.07520593522059338,0.11269387914121659,0.06914549599275491,0.04347109794616655,1.0663247098729352,1.0663247098729352,0.0,0.0
990dc612e3554626b3f13c0811208e5c,0.0,0.0,0.0,0.0,0.02391575716698973,0.044862511175512855,0.012932582259090934,0.004666042327880593,0.0,0.0,0.0,0.0,0.07150702355947364,0.12251538675093814,0.07645005971804224,0.004144048690796431,0.0,0.0,0.0,-0.04759126639248391
99229622df014659a9bd93276b77e719,0.1499999999999999,1.1999999999999993,0.0,0.0,0.08694566542733534,0.1893369821279145,0.015088285920141938,0.012343311309814808,0.1499999999999999,1.1999999999999993,0.0,0.0,0.08694566542733534,0.1893369821279145,0.015088285920141938,0.012343311309814808,0.1499999999999999,0.1499999999999999,0.0,0.0
993b4f1ea18c408b8f02fb87a1eedc0c,2.4924258805317603,9.67470929795826,3.5999999999999943,0.22500000000000053,0.15953420320342265,0.32010240399936446,0.02382436087701138,0.007767963409424539,0.9871708245126284,3.7947331922020573,3.5999999999999943,0.07500000000000018,0.08713504091231616,0.22304624629145936,0.04539678361324112,0.007044696807861683,2.4924258805317603,0.9871708245126284,1.505255056019132,0.07239916229110649
995f6a2b2c5f4b2b92c999a2edd00032,3.3000000000000007,18.0,18.0,0.0,0.5713583386091169,0.9417260042047123,0.2808579199434321,0.008584642410278676,3.6750000000000007,12.0,12.0,0.0,0.6341317399656611,0.9869773593941563,0.321461679510409,0.008962583541870739,3.3000000000000007,3.6750000000000007,-0.375,-0.06277340135654419
997e5e6c149d4bbcb3c210335f901c3d,0.15000000000000013,1.2000000000000028,0.0,0.0,0.01566972375063436,0.028062119916940274,0.028062119916940274,0.007749795913695845,0.2250000000000001,1.2000000000000028,0.0,0.0,0.01739430342368205,0.025091745393941912,0.02276684251082768,0.0059672355651847475,0.15000000000000013,0.2250000000000001,-0.07499999999999996,-0.0017245796730476909
9a7de05eb42a4e5bb26f4a387711b93e,0.0,0.0,0.0,0.0,0.20035035784880031,0.36633220994437243,0.1446606474058896,0.007864952087403232,0.0,0.0,0.0,0.0,0.24217497438174218,0.41485952927823727,0.16268845724362593,0.007244968414306996,0.0,0.0,0.0,-0.041824616532941866
9aaa0c5d15694673871772c685fbfae5,1.2749999999999997,8.399999999999999,8.399999999999999,0.0,0.12501552459092707,0.22653309430858554,0.04895175334420487,0.004900932312010831,1.2749999999999997,8.399999999999999,8.399999999999999,0.0,0.12501552459092707,0.22653309430858554,0.04895175334420487,0.004900932312010831,1.2749999999999997,1.2749999999999997,0.0,0.0
9b53aede69f34d4f835533f641d9d733,5.746089940078649,10.866462165764897,6.0,0.6000000000000014,0.8202738084645824,1.277416802427974,0.3626829764397464,0.06706151962280238,5.746089940078649,10.866462165764897,6.0,0.6000000000000014,0.8202738084645824,1.277416802427974,0.3626829764397464,0.06706151962280238,5.746089940078649,5.746089940078649,0.0,0.0
9be73d55ff7348c6aee1035ec6e427af,0.0,0.0,0.0,0.0,0.020926852950763224,0.04262499657299356,0.018884134137948295,0.0031411170959478873,0.6000000000000005,2.4000000000000057,1.2000000000000028,0.0,0.07415861430621369,0.09895368364483384,0.08442406283390941,0.002144193649291193,0.0,0.6000000000000005,-0.6000000000000005,-0.05323176135545046
9c55787baeef4b4f944ff829e6a23860,0.15000000000000013,1.2000000000000028,0.0,0.0,0.04565659704343808,0.08285291931991694,0.022313233778902153,0.002233600616454723,0.15000000000000013,1.2000000000000028,0.0,0.0,0.04565659704343808,0.08285291931991694,0.022313233778902153,0.002233600616454723,0.15000000000000013,0.15000000000000013,0.0,0.0
9ca3ae3c6a8b4776b8543bb94f76ce5f,1.125,3.6000000000000014,1.2000000000000028,0.0,0.12692370903944075,0.19394349415364442,0.059627498162768494,0.003519487380981179,1.125,3.6000000000000014,1.2000000000000028,0.0,0.1387714833909504,0.219573303525163,0.053616308543068474,0.005201053619384943,1.125,1.125,0.0,-0.01184777435150966
9cd7ace836724f68b0fb6ecf42caf46e,0.22499999999999987,1.2000000000000028,0.0,0.0,0.010780851669502526,0.01517158731803342,0.01134289701216805,0.0008756160736091978,0.22499999999999987,1.2000000000000028,0.0,0.0,0.010780851669502526,0.01517158731803342,0.01134289701216805,0.0008756160736091978,0.22499999999999987,0.22499999999999987,0.0,0.0
9e20e9bcdf4d4c9baf52d7cd3baf2fc3,0.1499999999999999,1.2000000000000028,0.0,0.0,0.006161184087199676,0.010070005905686139,0.007727465686233563,0.0016314983367928804,0.0,0.0,0.0,0.0,0.0,0.0,0.0,0.0,0.1499999999999999,0.0,0.1499999999999999,0.006161184087199676
9f03829b02694c17a98fbcb20a9d66cc,0.0,0.0,0.0,0.0,0.0,0.0,0.0,0.0,0.7500000000000004,3.6000000000000014,0.0,0.0,0.043170634470827446,0.09852899812981482,0.01512013434364817,0.002827405929566318,0.0,0.7500000000000004,-0.7500000000000004,-0.043170634470827446
a08e592f196d4f8680f63a46ad777b88,0.22499999999999987,2.3999999999999986,0.0,0.0,0.0718531225651798,0.14286470672102689,0.05409086169790868,0.01268191337585467,0.675,2.400000000000002,1.1999999999999957,0.0,0.3372061413294688,0.7160371086012255,0.11082546987735836,0.025011634826660245,0.22499999999999987,0.675,-0.4500000000000002,-0.265353018764289
a1a01ae0cc9f428f8ba4c545e20ee88d,0.5342329219213247,4.947726750741194,0.0,0.07500000000000018,0.08785321699876118,0.1597572697040836,0.0460116303985733,0.008530426025390003,0.5342329219213247,4.947726750741194,0.0,0.07500000000000018,0.08785321699876118,0.1597572697040836,0.0460116303985733,0.008530426025390003,0.5342329219213247,0.5342329219213247,0.0,0.0
a278b141b8c64962954fb6240c1a1617,0.22499999999999987,1.1999999999999993,0.0,0.0,0.34399569679177233,0.6792016085505335,0.2231222115788422,0.024526262283324662,0.3749999999999998,1.1999999999999993,1.1999999999999993,0.0,0.1174144334077813,0.15836117055577958,0.07305787522889341,0.007266569137573509,0.22499999999999987,0.3749999999999998,-0.1499999999999999,0.22658126338399104
a372206e09a446739e6379248264a665,0.8342329219213246,4.947726750741191,0.0,0.07500000000000018,0.09451902424780403,0.13070804695316987,0.05486741717605055,0.005278873443603782,0.8342329219213246,4.947726750741191,0.0,0.07500000000000018,0.09451902424780403,0.13070804695316987,0.05486741717605055,0.005278873443603782,0.8342329219213246,0.8342329219213246,0.0,0.0
a3d2c3ca40b3455396e7ae776f523ea0,0.5999999999999996,3.5999999999999943,0.0,0.0,0.06544640748224809,0.10496041074412796,0.03204873371274743,0.00578255653381321,0.5999999999999996,3.5999999999999943,0.0,0.0,0.06544640748224809,0.10496041074412796,0.03204873371274743,0.00578255653381321,0.5999999999999996,0.5999999999999996,0.0,0.0
a3ef62f6ceda43f0993ae7908788f623,0.0,0.0,0.0,0.0,0.11899546032134047,0.19288508009900218,0.08989135296114693,0.011919021606445757,0.0,0.0,0.0,0.0,0.08863535161785627,0.14677585676719318,0.06452761972534747,0.007690715789795188,0.0,0.0,0.0,0.030360108703484198
a3fd031b3ec64e0b8173317e88927729,0.0,0.0,0.0,0.0,0.0036341993084477112,0.008995121671714654,0.0013679783100788798,0.00047221183776846587,0.0,0.0,0.0,0.0,0.0036341993084477112,0.008995121671714654,0.0013679783100788798,0.00047221183776846587,0.0,0.0,0.0,0.0
a43d2cd8447b41858887bf536628b0b9,1.6805488387976233,7.29931503635786,0.0,0.2250000000000001,0.16946755107732536,0.41227947413939187,0.007531318467367038,0.008382797241211382,0.5312071897723665,7.29931503635786,7.29931503635786,0.07500000000000018,0.026543691627649586,0.04162303962442911,0.035134649868196435,0.010389804840088335,1.6805488387976233,0.5312071897723665,1.1493416490252568,0.14292385944967578
a5961ac3bd524a66b31c14de1a95129d,0.0,0.0,0.0,0.0,0.07036692681640087,0.11114367564361408,0.07296529285445184,0.006323432922362926,0.0,0.0,0.0,0.0,0.06671816085306342,0.10757480097778607,0.0675799899450325,0.006751155853272461,0.0,0.0,0.0,0.0036487659633374497
a62a525907c149bcb9a877131aedbfe9,0.0,0.0,0.0,0.0,0.0,0.0,0.0,0.0,0.0,0.0,0.0,0.0,0.0,0.0,0.0,0.0,0.0,0.0,0.0,0.0
a630d170512444e6a61344987b26e7f7,0.75,2.400000000000002,1.1999999999999993,0.0,0.2049003021774043,0.32699923578716955,0.1631359486596186,0.005420637130737038,0.75,2.400000000000002,1.1999999999999993,0.0,0.2049003021774043,0.32699923578716955,0.1631359486596186,0.005420637130737038,0.75,0.75,0.0,0.0
a80c1da226c043b9a343f9336516540e,0.0,0.0,0.0,0.0,0.10418987289777953,0.154041354625088,0.1270221654522251,0.006357908248901811,0.0,0.0,0.0,0.0,0.1031203192741916,0.15161747258284544,0.12448655544585789,0.006542015075684748,0.0,0.0,0.0,0.0010695536235879322
a85e915244be4644ba830af4cf4aaf45,2.109232921921324,4.947726750741191,4.947726750741191,0.07500000000000018,0.39454017791645823,0.736959584990901,0.10656917848253841,0.009867525100707653,2.109232921921324,4.947726750741191,4.947726750741191,0.07500000000000018,0.39454017791645823,0.736959584990901,0.10656917848253841,0.009867525100707653,2.109232921921324,2.109232921921324,0.0,0.0
a87df67c031042d1bbd4e7f75f246064,0.33541019662496835,5.366563145999494,0.0,0.2999999999999998,0.04529463346215867,0.08978978545097176,0.03220727896291314,0.0068161010742180395,0.33541019662496835,5.366563145999494,0.0,0.2999999999999998,0.04529463346215867,0.08978978545097176,0.03220727896291314,0.0068161010742180395,0.33541019662496835,0.33541019662496835,0.0,0.0
a8b145c416944ea29d18a4fe18ad0a77,0.07499999999999996,1.1999999999999993,0.0,0.0,0.039951742840133815,0.0846757837338538,0.008988004060346088,0.01033372879028338,0.27041634565979933,4.326661530556789,0.0,0.2250000000000001,0.02053319967078454,0.05255623058002839,0.005217817160682754,0.0037487983703616834,0.07499999999999996,0.27041634565979933,-0.19541634565979937,0.019418543169349274
a956b4d52a9e40ac922d19d292c8b2d9,1.3893643319168507,4.326661530556792,0.0,0.6750000000000003,0.10341193329353066,0.19687615486654167,0.05040021267323765,0.045926570892333984,1.3893643319168507,4.326661530556792,0.0,0.6750000000000003,0.10341193329353066,0.19687615486654167,0.05040021267323765,0.045926570892333984,1.3893643319168507,1.3893643319168507,0.0,0.0
aa3fe6533db6493a97c60cf5d1de16e8,0.4902989390993068,4.9477267507411895,0.0,0.1499999999999999,0.10173312279857996,0.20970345092181042,0.0700470925373959,0.02776107788085902,0.0,0.0,0.0,0.0,0.0,0.0,0.0,0.0,0.4902989390993068,0.0,0.4902989390993068,0.10173312279857996
aa7d1414139344a49ba47723de8d8d3b,3.4596092660614124,13.254433220624716,7.299315036357867,0.15000000000000036,0.5512098255763425,0.8303793118306397,0.18147614703912762,0.01126213073730531,2.325,6.0,3.6000000000000014,0.0,0.3804758233529903,0.5903434778974999,0.08416434966164242,0.003059720993042081,3.4596092660614124,2.325,1.1346092660614122,0.17073400222335217
ab16639a93da45dca4bfb3b421843704,0.3750000000000002,1.2000000000000028,0.0,0.0,0.06290462628519022,0.10233083764777187,0.03884501630564038,0.006408262252807884,0.0,0.0,0.0,0.0,0.0,0.0,0.0,0.0,0.3750000000000002,0.0,0.3750000000000002,0.06290462628519022
ab51516d2c3b4a0991c04f1528c7bc74,0.0,0.0,0.0,0.0,0.12823514372540035,0.19164864959199596,0.1098023120743172,0.00314211845397816,0.0,0.0,0.0,0.0,0.12595790522072645,0.18745467140507643,0.10690766591753179,0.003169155120849254,0.0,0.0,0.0,0.0022772385046739008
ab792d241daa4a409033564c3c732e67,0.22499999999999987,1.1999999999999993,0.0,0.0,0.1053150970011589,0.27612757545964317,0.0216648400135055,0.007589864730834783,0.2999999999999998,1.1999999999999993,0.0,0.0,0.13820414683042986,0.25009419511745645,0.06876529539459965,0.009106922149658025,0.22499999999999987,0.2999999999999998,-0.07499999999999996,-0.03288904982927096
aba081efe8354fba8ec315962f56b885,0.0,0.0,0.0,0.0,0.10724055583504677,0.15778690677744223,0.12481737007339888,0.006745004653932352,0.0,0.0,0.0,0.0,0.1081978585349805,0.15846019979542872,0.12324843453424746,0.00663957595825293,0.0,0.0,0.0,-0.0009573026999337292
abe76951d0a0458d84d59e689d8ecfab,1.6499999999999997,4.799999999999997,0.0,0.0,0.22606905240198355,0.3728246972222831,0.09470538268794741,0.0054136276245113635,3.375,7.199999999999996,4.799999999999997,0.0,0.5235928299042044,0.8599080838605836,0.21340978297150612,0.01150202751159668,1.6499999999999997,3.375,-1.7250000000000003,-0.29752377750222087
ac086f3a640847fc8579368c4e42ee6f,0.9000000000000001,6.0,2.3999999999999986,0.0,0.0879089957215365,0.142164965636313,0.040009964605669524,0.006519985198973899,0.6871708245126281,3.7947331922020506,0.0,0.07500000000000018,0.09764375269440845,0.17572241066597494,0.03416759768462531,0.0044626235961917615,0.9000000000000001,0.6871708245126281,0.212829175487372,-0.009734756972871947
ad0eebd1fb5a43a3869d0eb92a2bf210,0.4500000000000002,2.400000000000002,0.0,0.0,0.16187004868432742,0.29858698463745503,0.05387942142806293,0.004908943176270775,0.4500000000000002,2.400000000000002,0.0,0.0,0.16187004868432742,0.29858698463745503,0.05387942142806293,0.004908943176270775,0.4500000000000002,0.4500000000000002,0.0,0.0
adc8378353104d2ca3333131b32037d3,0.375,1.2000000000000028,0.0,0.0,0.07535427504651442,0.18212754651915897,0.13976784079935065,0.017821311950682706,0.375,1.2000000000000028,0.0,0.0,0.07535427504651442,0.18212754651915897,0.13976784079935065,0.017821311950682706,0.375,0.375,0.0,0.0
ae334a760ecd45d8a88a69014d8290ab,6.0820342461407035,15.646085772486355,10.866462165764897,0.15000000000000036,0.8023909713706432,1.1925701272210176,0.43114695612067455,0.009531211853027521,6.685153839550125,15.646085772486355,10.866462165764897,0.22500000000000053,0.8493133750993727,1.2678375355777751,0.44742605639795624,0.012903070449829634,6.0820342461407035,6.685153839550125,-0.6031195934094216,-0.04692240372872947
ae48b4eb1df54a149d78d15286793610,0.0,0.0,0.0,0.0,0.0,0.0,0.0,0.0,0.0,0.0,0.0,0.0,0.0,0.0,0.0,0.0,0.0,0.0,0.0,0.0
af15c54e76b04b77a7f6c6aa793e7013,0.3121708245126284,3.794733192202055,3.794733192202055,0.07499999999999973,0.04680703666523888,0.0926241942277845,0.028460519312770733,0.01983962059021005,0.3121708245126284,3.794733192202055,3.794733192202055,0.07499999999999973,0.041113763127142385,0.08377845165950491,0.023201841008177963,0.018289947509764648,0.3121708245126284,0.3121708245126284,0.0,0.005693273538096497
af571c22d255499db27ca444d6b9cef9,0.15000000000000036,1.2000000000000028,0.0,0.0,0.061355071615752654,0.13240725338438933,0.02162376126159384,0.009817743301391957,0.6000000000000001,2.3999999999999986,1.1999999999999957,0.0,0.10865986617238654,0.23908786218409317,0.014303864630438038,0.007390737533569336,0.15000000000000036,0.6000000000000001,-0.44999999999999973,-0.04730479455663389
afc0243a7c1c4be0aec8effe25fd8e05,0.6177050983124835,3.5999999999999943,3.5999999999999943,0.07500000000000018,0.08365846059723236,0.19516356440326227,0.053038320455776077,0.011802005767822532,0.6177050983124835,3.5999999999999943,3.5999999999999943,0.07500000000000018,0.08365846059723236,0.19516356440326227,0.053038320455776077,0.011802005767822532,0.6177050983124835,0.6177050983124835,0.0,0.0
affcd42d9f3041e7a8e739825fe126c3,2.225948632887426,6.4621977685614045,3.794733192202055,0.8999999999999995,0.18705054785027553,0.2828309705572449,0.0888449017548067,0.07363343238830611,2.225948632887426,6.4621977685614045,3.794733192202055,0.8999999999999995,0.18705054785027553,0.2828309705572449,0.0888449017548067,0.07363343238830611,2.225948632887426,2.225948632887426,0.0,0.0
b024c29991134caf93eec0576496374b,0.7500000000000007,3.6000000000000014,0.0,0.0,0.10801803502975502,0.18577651592624334,0.12636460530274807,0.008794212341306284,0.30000000000000027,3.6000000000000014,0.0,0.0,0.03712824823692913,0.05915828349633866,0.051393167399384695,0.0021812438964845526,0.7500000000000007,0.30000000000000027,0.4500000000000004,0.07088978679282588
b0dd4347abd74b6aa1b33e813b4e2d44,0.15000000000000013,1.2000000000000028,0.0,0.0,0.021118510624449513,0.04079833517810172,0.0009797639821493855,0.0010168075561520773,0.44999999999999996,2.3999999999999986,1.2000000000000028,0.0,0.05635370053592194,0.11585198074445917,0.06090483586662451,0.006066370010376243,0.15000000000000013,0.44999999999999996,-0.2999999999999998,-0.035235189911472425
b2024b635e624a719d16d85b395447d3,0.37500000000000067,2.400000000000002,0.0,0.0,0.0560842084456456,0.08850548370986261,0.03132133983564771,0.006538581848143377,0.37500000000000067,2.400000000000002,0.0,0.0,0.0560842084456456,0.08850548370986261,0.03132133983564771,0.006538581848143377,0.37500000000000067,0.37500000000000067,0.0,0.0
b215c97ce8c845689e51aa44236bab37,0.0,0.0,0.0,0.0,0.0,0.0,0.0,0.0,0.0,0.0,0.0,0.0,0.0,0.0,0.0,0.0,0.0,0.0,0.0,0.0
b28331aae3044004959ebbd7026201b1,1.9499999999999997,4.799999999999997,4.799999999999997,0.0,0.23564660096558918,0.39679583843338667,0.12206834396920573,0.009047842025756925,1.9499999999999997,4.799999999999997,4.799999999999997,0.0,0.23564660096558918,0.39679583843338667,0.12206834396920573,0.009047842025756925,1.9499999999999997,1.9499999999999997,0.0,0.0
b2d77fbfe24e4cdb988949cc2565652b,0.2999999999999998,1.2000000000000028,0.0,0.0,0.1342843079837759,0.29575280363689077,0.06092057174923587,0.03605961799621715,0.2999999999999998,1.2000000000000028,0.0,0.0,0.1342843079837759,0.29575280363689077,0.06092057174923587,0.03605961799621715,0.2999999999999998,0.2999999999999998,0.0,0.0
b2ec277710fd4cefbf8bdbbe870f142c,0.3749999999999998,3.599999999999998,3.599999999999998,0.0,0.006488275647127621,0.01515030992902555,0.005120759867724399,0.002187824249267223,0.3749999999999998,3.599999999999998,3.599999999999998,0.0,0.006488275647127621,0.01515030992902555,0.005120759867724399,0.002187824249267223,0.3749999999999998,0.3749999999999998,0.0,0.0
b3537c4657784727934760188904dde8,1.7249999999999994,4.799999999999997,3.5999999999999943,0.0,0.2984032318290315,0.5673738923762741,0.1372578161236534,0.023171138763427912,1.7249999999999994,4.799999999999997,4.799999999999997,0.0,0.32519424526675655,0.6303943333900721,0.14482077859471465,0.023600006103516424,1.7249999999999994,1.7249999999999994,0.0,-0.026791013437725053
b3784e8b52d640fdb06df83b69ea17a0,0.07499999999999996,1.1999999999999993,0.0,0.0,0.010222608861506234,0.025295668443182685,0.005712012076682346,0.0010408401489248043,0.07499999999999996,1.1999999999999993,0.0,0.0,0.010222608861506234,0.025295668443182685,0.005712012076682346,0.0010408401489248043,0.07499999999999996,0.07499999999999996,0.0,0.0
b3d12b24168345f48dc98620ad893552,0.22500000000000053,1.2000000000000028,0.0,0.0,0.03887251446875439,0.0574787653461383,0.03034016566323995,0.006267213821411488,0.22500000000000053,1.2000000000000028,0.0,0.0,0.03887251446875439,0.0574787653461383,0.03034016566323995,0.006267213821411488,0.22500000000000053,0.22500000000000053,0.0,0.0
b415966455a34227b2f316fdfa7fa51b,0.1499999999999999,1.2000000000000028,0.0,0.0,0.08092006119399314,0.1286345829055949,0.06916442210012813,0.004171657562255238,0.3871708245126288,3.794733192202055,0.0,0.07499999999999973,0.10397807092006316,0.16659333538149018,0.07500572140857162,0.004006004333496183,0.1499999999999999,0.3871708245126288,-0.23717082451262889,-0.023058009726070014
b43fbf39e2264a6cb080081092f7a036,0.5249999999999997,1.1999999999999993,1.1999999999999993,0.0,0.06531394890408285,0.20458634319047858,0.028237947247325014,0.0032984733581549186,0.5249999999999997,1.1999999999999993,1.1999999999999993,0.0,0.06531394890408285,0.20458634319047858,0.028237947247325014,0.0032984733581549186,0.5249999999999997,0.5249999999999997,0.0,0.0
b47912e8abba4a70944e901ea8efecfa,0.6749999999999996,2.400000000000002,1.1999999999999957,0.0,0.15160952454759413,0.2578646458510053,0.049723700565006385,0.014182233810425604,0.6749999999999996,2.400000000000002,1.1999999999999957,0.0,0.15160952454759413,0.2578646458510053,0.049723700565006385,0.014182233810425604,0.6749999999999996,0.6749999999999996,0.0,0.0
b529d120a9644b77ae4219636563c20d,4.8,9.600000000000001,3.5999999999999943,0.0,0.9619080095701437,1.4501803654872143,0.38317582171649633,0.017623758316040128,4.875,9.600000000000001,3.5999999999999943,0.0,0.986872569722153,1.4783992591271373,0.38231323253807453,0.016100692749023704,4.8,4.875,-0.07500000000000018,-0.02496456015200932
b55fae3bbf8e40c7810f46e7ebc202e0,0.848035184202395,2.6832815729997477,2.6832815729997477,0.5250000000000004,0.1344003015906613,0.25964847241251926,0.08466619123421479,0.04449777603149441,0.848035184202395,2.6832815729997477,2.6832815729997477,0.5250000000000004,0.1344003015906613,0.25964847241251926,0.08466619123421479,0.04449777603149441,0.848035184202395,0.848035184202395,0.0,0.0
b5b3ab1fcada4eb2a9b9d522ba2c7f44,0.0,0.0,0.0,0.0,0.0,0.0,0.0,0.0,0.0,0.0,0.0,0.0,0.0,0.0,0.0,0.0,0.0,0.0,0.0,0.0
b731e3bfd7b64247b9d9708e67847933,0.38717082451262835,3.7947331922020515,0.0,0.1499999999999999,0.11778683375785684,0.17919325301669037,0.06236632560173884,0.017658376693726385,0.585941940003095,3.7947331922020515,0.0,0.2250000000000001,0.10353072940859923,0.15282320079528208,0.053895125264825296,0.01581602096557555,0.38717082451262835,0.585941940003095,-0.1987711154904666,0.014256104349257614
b79ad95c2bca4049bdfef8b479dddcc3,2.25,7.199999999999996,7.199999999999996,0.0,0.2670157966619283,0.40775280346091175,0.1868174843026707,0.004036617279053356,0.7499999999999996,3.6000000000000014,3.5999999999999943,0.0,0.08338460833311041,0.12376711612646353,0.07716473312617002,0.0031339645385743964,2.25,0.7499999999999996,1.5000000000000004,0.18363118832881792
b7f8c5c6a5554286b4a4fae650a7b799,0.2999999999999998,2.3999999999999986,0.0,0.0,0.15727614199930706,0.32870682373379684,0.061788639319963985,0.012973880767821466,0.6749999999999998,3.599999999999998,0.0,0.0,0.20314919748616075,0.43355944594440526,0.030456343374956795,0.010626983642577859,0.2999999999999998,0.6749999999999998,-0.375,-0.04587305548685369
b8aea4184f244ea1a9c9d1ed01ddcf21,0.0,0.0,0.0,0.0,0.0,0.0,0.0,0.0,0.0,0.0,0.0,0.0,0.0,0.0,0.0,0.0,0.0,0.0,0.0,0.0
b8e04b4ef02a4cbf832bd4d486215035,0.8999999999999995,2.3999999999999986,1.1999999999999993,0.0,0.4296275926508317,0.706951076556783,0.1649935063870657,0.03084583282470721,0.22500000000000053,1.2000000000000028,0.0,0.0,0.2014469757702535,0.4660592732165357,0.03475839719386092,0.024496507644654386,0.8999999999999995,0.22500000000000053,0.6749999999999989,0.22818061688057822
b909e2457fcb4f448e088c5c5e4c6ebf,0.24270509831248396,2.6832815729997477,1.1999999999999957,0.07500000000000018,0.008055149140796455,0.012722541741001417,0.00426662816674497,0.00025234222412162666,0.24270509831248396,2.6832815729997477,1.1999999999999957,0.07500000000000018,0.008055149140796455,0.012722541741001417,0.00426662816674497,0.00025234222412162666,0.24270509831248396,0.24270509831248396,0.0,0.0
b963a2497ecb4093b5031a9d029f97fa,0.0,0.0,0.0,0.0,0.0,0.0,0.0,0.0,0.0,0.0,0.0,0.0,0.0,0.0,0.0,0.0,0.0,0.0,0.0,0.0
b9ee9454a4c146dfab5195ec66fd99b4,0.1499999999999997,1.1999999999999993,0.0,0.0,0.006782424378226586,0.01901647154793283,0.001225185034247997,0.0010075092315666723,0.0,0.0,0.0,0.0,0.0,0.0,0.0,0.0,0.1499999999999997,0.0,0.1499999999999997,0.006782424378226586
ba20a7743bae4d2dabc6be640c66ccc7,0.0,0.0,0.0,0.0,0.0,0.0,0.0,0.0,0.0,0.0,0.0,0.0,0.0,0.0,0.0,0.0,0.0,0.0,0.0,0.0
ba5d4c21f9d1441a80355fb2b2bd5908,3.375,8.399999999999999,6.0,0.0,0.4251402465608458,0.649321912279446,0.21217198315200872,0.006762886047363192,3.6,8.399999999999999,6.0,0.0,0.4539850604076041,0.6890774027524434,0.22809768756269536,0.006877756118774503,3.375,3.6,-0.2250000000000001,-0.0288448138467583
ba7ce3cfc56b4ca9ad22c58da034fb22,0.0,0.0,0.0,0.0,0.0,0.0,0.0,0.0,0.0,0.0,0.0,0.0,0.0,0.0,0.0,0.0,0.0,0.0,0.0,0.0
bbae0774a59a476f9ad1445911570c5f,0.0,0.0,0.0,0.0,0.12350211321825044,0.18536455794848966,0.16873986696824111,0.0045667648315426135,0.0,0.0,0.0,0.0,0.0687049459085203,0.09141726739789072,0.07707883510870309,0.0032516956329331492,0.0,0.0,0.0,0.05479716730973014
bd2a92cb8ae14c30832994f0681b667d,1.130330085889911,8.48528137423857,0.0,0.07500000000000018,0.14465733834224398,0.23527052177550944,0.01622307348989532,0.005438661575317472,0.7562071897723668,7.29931503635786,0.0,0.07500000000000018,0.04740326209079541,0.09494061519595741,0.009691279658419713,0.0022529125213623935,1.130330085889911,0.7562071897723668,0.37412289611754423,0.09725407625144858
bd6df9c463cd432fbdd6ede57f89107d,1.575,7.199999999999996,7.199999999999996,0.0,0.1394687688854207,0.23548546518109567,0.0638992819508107,0.009874391555785955,1.575,7.199999999999996,7.199999999999996,0.0,0.1394687688854207,0.23548546518109567,0.0638992819508107,0.009874391555785955,1.575,1.575,0.0,0.0
bf0bf249247141a4b9bc968d821830bd,0.0,0.0,0.0,0.0,0.10940127843332387,0.16088765611457556,0.16088765611457556,0.00762548446655309,0.0,0.0,0.0,0.0,0.0317809567024736,0.06586342859986694,0.06586342859986694,0.005912017822266691,0.0,0.0,0.0,0.07762032173085026
bf8ce5c20e0945069903f474652ce37a,0.30923292192132446,4.947726750741191,0.0,0.07500000000000018,0.030286149256976345,0.04738382614058212,0.04738382614058212,0.004852008819579812,0.30923292192132446,4.947726750741191,0.0,0.07500000000000018,0.030286149256976345,0.04738382614058212,0.04738382614058212,0.004852008819579812,0.30923292192132446,0.30923292192132446,0.0,0.0
bfd4da581aef4e4aacdc94e11e9a1911,5.3862440931280435,39.98899848708392,6.0,1.4625000000000006,0.47939920440468564,0.7989085155322044,0.21757458326211113,0.022402524948120117,5.3862440931280435,39.98899848708392,6.0,1.4625000000000006,0.47939920440468564,0.7989085155322044,0.21757458326211113,0.022402524948120117,5.3862440931280435,5.3862440931280435,0.0,0.0
c040a969ea194be38ab9d25d97c9d9fc,0.5250000000000004,3.6000000000000014,1.1999999999999957,0.0,0.052446950541297714,0.12939558231178608,0.022942547589436847,0.004362773895264738,0.2250000000000001,1.2000000000000028,1.1999999999999957,0.0,0.05937708071666017,0.12691599278091734,0.013787605465993771,0.002941274642944691,0.5250000000000004,0.2250000000000001,0.30000000000000027,-0.006930130175362453
c084d4295ac74f82951f9f943c5e4540,0.418236841690611,3.794733192202055,0.0,0.1499999999999999,0.06919604767175366,0.08702358615868734,0.07776249000928032,0.006559753417968661,0.418236841690611,3.794733192202055,0.0,0.1499999999999999,0.06619361764820438,0.08456262069044682,0.07826571689070354,0.006653594970702059,0.418236841690611,0.418236841690611,0.0,0.003002430023549288
c086d9cc8404494f9aa74864fa7a6a46,0.1499999999999999,1.1999999999999993,0.0,0.0,0.1268271192338124,0.29306450308995846,0.055725833098288706,0.005377435684204013,0.1499999999999999,1.1999999999999993,0.0,0.0,0.1268271192338124,0.29306450308995846,0.055725833098288706,0.005377435684204013,0.1499999999999999,0.1499999999999999,0.0,0.0
c090b86c7b9c4e97a3e145a70c98c631,2.036537275662277,8.485281374238568,7.299315036357866,0.14999999999999947,0.2600345133245875,0.33894176289175904,0.22038970978874756,0.013150978088379617,0.0,0.0,0.0,0.0,0.020025472981544855,0.028219627191835205,0.02199707819803693,0.006555747985839577,2.036537275662277,0.0,2.036537275662277,0.24000904034304263
c0e4b1016c09468c9b1ce496462eb1ad,9.763593947423548,22.83155710852854,22.83155710852854,0.45000000000000107,0.3826908095858786,0.5776178295327279,0.27336886556989615,0.00669980049133212,5.333755253404478,22.83155710852854,22.83155710852854,0.3000000000000007,0.22793854556737758,0.33399761096080904,0.1687176350045715,0.003441381454468484,9.763593947423548,5.333755253404478,4.42983869401907,0.154752264018501
c162262f72994dbbab45c8fbb9bca442,0.0,0.0,0.0,0.0,0.01737469823164354,0.02385863906497371,0.014791523842982822,0.007599735260008789,0.0,0.0,0.0,0.0,0.01737469823164354,0.02385863906497371,0.014791523842982822,0.007599735260008789,0.0,0.0,0.0,0.0
c1b68aa96280460c85bff795ce202a86,0.7019380202338085,4.9477267507411895,0.0,0.1499999999999999,0.06050860880104708,0.13242216814375826,0.009490539443033751,0.011177444458008612,0.7019380202338085,4.9477267507411895,0.0,0.1499999999999999,0.06050860880104708,0.13242216814375826,0.009490539443033751,0.011177444458008612,0.7019380202338085,0.7019380202338085,0.0,0.0
c1f344cadf354fe0b12446935e54247e,0.30000000000000027,3.6000000000000014,0.0,0.0,0.020885870137378373,0.03645648139570765,0.0025208858796159366,0.0004978179931645066,0.30000000000000027,3.6000000000000014,0.0,0.0,0.020885870137378373,0.03645648139570765,0.0025208858796159366,0.0004978179931645066,0.30000000000000027,0.30000000000000027,0.0,0.0
c2102371cbcf4d8f9eb66069a3d5b350,2.4000000000000004,4.800000000000004,4.800000000000004,0.0,0.39881880470047204,0.7688993333774921,0.18911130906628845,0.023974514007568892,1.425,3.6000000000000014,1.2000000000000028,0.0,0.2574944824762161,0.4589216561837679,0.14058372733809293,0.011148548126220348,2.4000000000000004,1.425,0.9750000000000003,0.14132432222425595
c23d31d8582d48839ebee9a14f348184,0.0,0.0,0.0,0.0,0.01389049579166565,0.039230419590635196,0.007173684008902067,0.0026006698608385115,0.0,0.0,0.0,0.0,0.01389049579166565,0.039230419590635196,0.007173684008902067,0.0026006698608385115,0.0,0.0,0.0,0.0
c261faeb1eb0442e98d78100827ede0b,0.0,0.0,0.0,0.0,0.01257465646961,0.020477264293420443,0.0025661971777835675,0.0007644653320326711,0.0,0.0,0.0,0.0,0.003640251314242166,0.010255019178621597,0.010255019178621597,0.0005338668823244852,0.0,0.0,0.0,0.008934405155367834
c2632199264b4c1d8b1227e44070e48d,0.0,0.0,0.0,0.0,0.03039536343341244,0.04363014747760218,0.01350426883806297,0.0011788845062254971,0.0,0.0,0.0,0.0,0.03039536343341244,0.04363014747760218,0.01350426883806297,0.0011788845062254971,0.0,0.0,0.0,0.0
c2fb158b3f7147d5a2fa2df9e58ab8c8,0.0,0.0,0.0,0.0,0.05459540881296385,0.0903830865229297,0.04049616432942895,0.0067713260650634766,0.0,0.0,0.0,0.0,0.08486677495246446,0.13145245849747572,0.10191263266204201,0.0060876846313480115,0.0,0.0,0.0,-0.030271366139500613
c43f484292584b2d8837d673c30a075e,7.724999999999999,14.399999999999999,14.399999999999999,0.0,1.1803544150611023,1.692748069859369,0.4635911535359779,0.011267709732057263,6.9750000000000005,14.399999999999999,14.399999999999999,0.0,1.0296751060737037,1.5193630857037215,0.41297298993087933,0.013745069503785068,7.724999999999999,6.9750000000000005,0.7499999999999982,0.15067930898739856
c4bd1994696342e386e28a05135b09ad,0.4499999999999995,2.3999999999999986,0.0,0.0,0.09915899458772369,0.20091919039692965,0.012427576371608675,0.007683277130126953,1.5053300858899106,8.485281374238573,6.0,0.07500000000000018,0.15623647352584802,0.2956761214151403,0.0652839119394065,0.004536008834837624,0.4499999999999995,1.5053300858899106,-1.055330085889911,-0.05707747893812433
c58ee2cbaaf240f4a5bf26b4511f0c17,0.1499999999999997,1.1999999999999993,0.0,0.0,0.05962763451982504,0.1288200336644172,0.010743236490532038,0.005917024612426491,0.1499999999999997,1.1999999999999993,0.0,0.0,0.05962763451982504,0.1288200336644172,0.010743236490532038,0.005917024612426491,0.1499999999999997,0.1499999999999997,0.0,0.0
c631973ced6f42e0950a16d00036fe8a,2.2499999999999996,17.999999999999993,17.999999999999993,0.0,0.1631834971720465,0.23909038419868095,0.06462589202848378,0.006789922714232954,2.3999999999999995,17.999999999999993,17.999999999999993,0.0,0.04460440924591594,0.10163971202557966,0.005426888724384478,0.007861518859863192,2.2499999999999996,2.3999999999999995,-0.1499999999999999,0.11857908792613056
c691715ac1dd41dfb4ef848b6e722fdb,2.9349994170123015,9.67470929795826,8.48528137423857,0.15000000000000036,0.3616012164966119,0.6323774753976158,0.06417404605806584,0.008669757843018822,2.9349994170123015,9.67470929795826,8.48528137423857,0.15000000000000036,0.3616012164966119,0.6323774753976158,0.06417404605806584,0.008669757843018822,2.9349994170123015,2.9349994170123015,0.0,0.0
c76efd09fff94c32b9a77b0c634856af,0.7987711154904666,2.6832815729997477,0.0,0.15000000000000036,0.105624524658798,0.1498665992871675,0.07848982631773506,0.017816019058227273,0.2427050983124844,2.6832815729997477,1.2000000000000028,0.07500000000000018,0.03297149103688751,0.05663722653408505,0.008331712880174001,0.004895210266112393,0.7987711154904666,0.2427050983124844,0.5560660171779822,0.07265303362191049
c7bc941606594eed8f7fa4b691a45f8e,0.7636531873504098,4.3266615305567875,4.3266615305567875,0.2999999999999998,0.09640560313876728,0.2243338597947731,0.014176351333588997,0.027654933929442738,0.7636531873504098,4.3266615305567875,4.3266615305567875,0.2999999999999998,0.09640560313876728,0.2243338597947731,0.014176351333588997,0.027654933929442738,0.7636531873504098,0.7636531873504098,0.0,0.0
c7ef305389fd4fa2b19ab0f7447d9206,0.4992640687119282,1.6970562748477156,0.0,0.37499999999999956,0.08475375485794404,0.11973345995888783,0.019255186791410465,0.04134421348571715,0.4992640687119282,1.6970562748477156,0.0,0.37499999999999956,0.08475375485794404,0.11973345995888783,0.019255186791410465,0.04134421348571715,0.4992640687119282,0.4992640687119282,0.0,0.0
c901e00f77d84b79a8d7d6fc5b2f83af,0.0,0.0,0.0,0.0,0.0,0.0,0.0,0.0,0.0,0.0,0.0,0.0,0.0,0.0,0.0,0.0,0.0,0.0,0.0,0.0
c904117aac1d4b239aa6a3f703fcc295,3.769232338933627,9.67470929795826,4.799999999999997,0.22500000000000053,0.5235202960133312,0.8120649044760614,0.26418318184616707,0.030933666229248757,1.3891088447464384,4.9477267507411975,3.6000000000000014,0.22500000000000053,0.18957169448341016,0.33844956664233694,0.10396549899189035,0.024976301193238015,3.769232338933627,1.3891088447464384,2.3801234941871887,0.333948601529921
c93a7e7a083848b9bf26b8438c052426,1.001938020233809,4.947726750741196,0.0,0.1499999999999999,0.16204042577214786,0.26340762833790876,0.08130100724160834,0.014756870269776012,1.216659385440783,6.118823416311341,0.0,0.14999999999999947,0.1450912372203249,0.20526531825814412,0.13959569950572231,0.01443915367126447,1.001938020233809,1.216659385440783,-0.21472136520697394,0.016949188551822952
c9d7e10a54e44e1fa6bb73350362d108,1.6592329219213247,8.399999999999999,0.0,0.07500000000000018,0.28554579877859587,0.4314231083167983,0.13754426002915157,0.011729335784912642,1.6592329219213247,8.399999999999999,0.0,0.07500000000000018,0.28201265463984226,0.43593880841612576,0.12967121814874713,0.01162261962890554,1.6592329219213247,1.6592329219213247,0.0,0.0035331441387536078
ca08ecf430ce4eceaea30a6a2a8eef95,7.264619733230447,32.1840022371364,32.1840022371364,2.0437500000000006,0.9306345937373114,1.3455968998347907,0.5328653315408829,0.004487228393554865,7.264619733230447,32.1840022371364,32.1840022371364,2.0437500000000006,0.9306345937373114,1.3455968998347907,0.5328653315408829,0.004487228393554865,7.264619733230447,7.264619733230447,0.0,0.0
cad8d994d6b14ffe963e9dc7768d0a0e,0.7562071897723663,7.29931503635786,7.29931503635786,0.07500000000000018,0.05600943060757753,0.1347850355067929,0.02226341324411633,0.008946990966795632,0.1499999999999999,1.2000000000000028,0.0,0.0,0.025945814301828192,0.07751415740631008,0.0335908764220813,0.006887483596802024,0.7562071897723663,0.1499999999999999,0.6062071897723664,0.030063616305749337
cb8fbf228afd41fcb6e81ae7fe18ba61,0.0,0.0,0.0,0.0,0.0,0.0,0.0,0.0,0.0,0.0,0.0,0.0,0.0,0.0,0.0,0.0,0.0,0.0,0.0,0.0
cc0b614fd61441c4aeab282556d6d827,1.7250000000000003,6.0,0.0,0.0,0.2972848794133929,0.39899826312396786,0.1200229881265399,0.0025650501251210933,2.337170824512629,7.199999999999996,0.0,0.07500000000000018,0.38374924960642043,0.5101135029000812,0.2727236948941449,0.004432582855224965,1.7250000000000003,2.337170824512629,-0.6121708245126285,-0.08646437019302755
cc6624264d1f44de9aa4bd0ebfef2d17,0.0,0.0,0.0,0.0,0.0,0.0,0.0,0.0,0.0,0.0,0.0,0.0,0.0,0.0,0.0,0.0,0.0,0.0,0.0,0.0
cc71e504f560478ba9686b0ba983f1e6,0.768378014284995,7.29931503635786,7.29931503635786,0.1499999999999999,0.12484719924239901,0.20670359029720703,0.0635304432532031,0.01579957008361843,0.6933780142849947,7.29931503635786,7.29931503635786,0.1499999999999999,0.09035164558041393,0.15278700415106442,0.04137941868229003,0.015288305282593395,0.768378014284995,0.6933780142849947,0.07500000000000029,0.034495553661985076
ccb13c286a894d1a9b9a200c89df5657,0.0,0.0,0.0,0.0,0.0,0.0,0.0,0.0,0.0,0.0,0.0,0.0,0.0,0.0,0.0,0.0,0.0,0.0,0.0,0.0
cd02458f6b5e4da88265f2a07c3fd3b3,0.2250000000000001,1.2000000000000028,1.1999999999999993,0.0,0.046939433076917204,0.08164403353382037,0.05785681586236122,0.002195262908935014,0.30000000000000004,1.2000000000000028,0.0,0.0,0.04145618956979453,0.07332742570986867,0.0643800292810879,0.003290462493896751,0.2250000000000001,0.30000000000000004,-0.07499999999999996,0.005483243507122676
cd7b7f9917364acc9e25e8d21e4dc297,6.825000000000001,12.000000000000004,8.400000000000002,0.0,0.7023121854709267,1.0789325313609899,0.34887444222963676,0.008023166656494496,6.375,10.8,8.400000000000002,0.0,0.6642984692309274,1.0263643130463853,0.3265228448688904,0.007147550582886186,6.825000000000001,6.375,0.45000000000000107,0.03801371623999927
cdb3834353f14888a0ff07af5a9cf749,0.07500000000000018,1.2000000000000028,0.0,0.0,0.013289673489204314,0.020534568090654293,0.01122220409055513,0.0012368202209471768,0.0,0.0,0.0,0.0,0.0,0.0,0.0,0.0,0.07500000000000018,0.0,0.07500000000000018,0.013289673489204314
d10b140e450541f9b32f8be701f3ba37,0.0,0.0,0.0,0.0,0.0,0.0,0.0,0.0,0.0,0.0,0.0,0.0,0.0,0.0,0.0,0.0,0.0,0.0,0.0,0.0
d38dc13e1d5b4293862ac935d0477b5f,0.474341649025257,7.589466384404112,7.589466384404112,0.1499999999999999,0.020547686632442837,0.031176860162418215,0.027439144531728746,0.01272354125976527,0.474341649025257,7.589466384404112,7.589466384404112,0.1499999999999999,0.020547686632442837,0.031176860162418215,0.027439144531728746,0.01272354125976527,0.474341649025257,0.474341649025257,0.0,0.0
d3ab0416f5ee4f4c9a4f4d73e57923f9,1.8871708245126284,6.0,1.2000000000000028,0.07500000000000018,0.3843669497210884,0.5838418534131778,0.18064723115725345,0.016925525665282937,1.8871708245126284,6.0,1.2000000000000028,0.07500000000000018,0.3843669497210884,0.5838418534131778,0.18064723115725345,0.016925525665282937,1.8871708245126284,1.8871708245126284,0.0,0.0
d42de3cbf3624687902c660d3980c7e0,5.2056305129739044,13.254433220624712,4.799999999999997,0.45000000000000107,0.7493267784643637,1.1981133090825158,0.3005890788226491,0.05507597923278862,5.2056305129739044,13.254433220624712,4.799999999999997,0.45000000000000107,0.7396005424151708,1.1852193260202801,0.28966584920558136,0.053639602661133434,5.2056305129739044,5.2056305129739044,0.0,0.009726236049192871
d4437f7299da465a9115120375104a24,0.5604101966249684,2.6832815729997477,2.6832815729997477,0.15000000000000036,0.017718060057556124,0.041004340607749754,0.016547093812357052,0.004016876220704457,0.5604101966249684,2.6832815729997477,2.6832815729997477,0.15000000000000036,0.017718060057556124,0.041004340607749754,0.016547093812357052,0.004016876220704457,0.5604101966249684,0.5604101966249684,0.0,0.0
d4e1900fe6c64112afc5d777d858f467,4.384403850875428,8.48528137423857,4.799999999999997,0.3750000000000009,0.8032110298543341,1.1861086896378643,0.35613842913260196,0.05261578559875524,4.384403850875428,8.48528137423857,4.799999999999997,0.3750000000000009,0.8032110298543341,1.1861086896378643,0.35613842913260196,0.05261578559875524,4.384403850875428,4.384403850875428,0.0,0.0
d4f97f43798a4c989b318ea1ec60b5e8,0.44999999999999996,2.3999999999999986,1.1999999999999957,0.0,0.07301300331248538,0.12477283356709587,0.02977716690538021,0.008864593505859109,0.5999999999999999,2.3999999999999986,1.1999999999999957,0.0,0.08672971449867387,0.15037144520842752,0.029900399810771493,0.007530927658081055,0.44999999999999996,0.5999999999999999,-0.1499999999999999,-0.013716711186188488
d538bb728f8f40698d8147a0361a6e92,0.28713203435596446,1.6970562748477156,0.0,0.2250000000000001,0.03000510862750619,0.06654241528506989,0.04770240310091589,0.012769603729247958,0.28713203435596446,1.6970562748477156,0.0,0.2250000000000001,0.03000510862750619,0.06654241528506989,0.04770240310091589,0.012769603729247958,0.28713203435596446,0.28713203435596446,0.0,0.0
d56db49e196c448ea29ea2bdb54ca811,0.5249999999999999,1.2000000000000028,0.0,0.0,0.17035317354986335,0.31782250113972005,0.11211197374277557,0.018940258026121537,0.5249999999999999,1.2000000000000028,0.0,0.0,0.17035317354986335,0.31782250113972005,0.11211197374277557,0.018940258026121537,0.5249999999999999,0.5249999999999999,0.0,0.0
d5ad6fac138744c0b7cadc62843cb9be,0.0,0.0,0.0,0.0,0.0,0.0,0.0,0.0,0.07499999999999996,1.1999999999999993,0.0,0.0,0.007322903363972178,0.01931296156641781,0.004638210072866387,0.001663541793822887,0.0,0.07499999999999996,-0.07499999999999996,-0.007322903363972178
d62b0f9db06440c695781c52ed71909a,1.4611709421551329,4.9477267507411895,1.2000000000000028,0.22499999999999964,0.17494664236914292,0.29680283124917545,0.11626352444692152,0.016990184783935103,1.4611709421551329,4.9477267507411895,1.2000000000000028,0.22499999999999964,0.17494664236914292,0.29680283124917545,0.11626352444692152,0.016990184783935103,1.4611709421551329,1.4611709421551329,0.0,0.0
d65e5cddfa574daeb9ea9252d66dfa97,2.85,4.800000000000004,3.6000000000000014,0.0,0.49313896833602133,0.7819678243826017,0.2326427530195605,0.007549953460692649,2.775,4.800000000000004,3.6000000000000014,0.0,0.5198203155044205,0.8202362765242198,0.2575721926516912,0.006477499008177734,2.85,2.775,0.07500000000000018,-0.026681347168399205
d6abf91b7d764a44bd62b271c9f6dca0,0.0,0.0,0.0,0.0,0.06864290613006088,0.09795530741292785,0.0766105402797477,0.003956508636474787,0.0,0.0,0.0,0.0,0.032660598378599165,0.052406032915274056,0.038690272474214665,0.006812524795532848,0.0,0.0,0.0,0.03598230775146172
d6ef27c153e5401f995466d8f3081536,0.15000000000000013,1.2000000000000028,0.0,0.0,0.062429382743319446,0.09698598969371447,0.018850130653153642,0.002642583847044744,0.6749999999999998,2.3999999999999986,0.0,0.0,0.10976942013162666,0.1473930429971351,0.059352382415389,0.00279836654663157,0.15000000000000013,0.6749999999999998,-0.5249999999999997,-0.047340037388307214
d6f4d5fde42542a7a4e35fc6624ba66c,0.07499999999999996,1.1999999999999993,0.0,0.0,0.022681144862769932,0.036007673043857304,0.01593682314859545,0.0017968654632571912,0.07499999999999996,1.1999999999999993,0.0,0.0,0.022681144862769932,0.036007673043857304,0.01593682314859545,0.0017968654632571912,0.07499999999999996,0.07499999999999996,0.0,0.0
d7188ab6f6494e3e900f16efa4c4a7fa,1.0624844554989885,8.73613186713662,8.73613186713662,0.37499999999999956,0.0901908321985948,0.16456029471818998,0.040143320748394815,0.02318630218505824,1.0624844554989885,8.73613186713662,8.73613186713662,0.37499999999999956,0.0901908321985948,0.16456029471818998,0.040143320748394815,0.02318630218505824,1.0624844554989885,1.0624844554989885,0.0,0.0
d7def99b5e86415bad6ee2484a7bc8b3,0.0,0.0,0.0,0.0,0.16256164000302542,0.22167681091522848,0.17795674887055007,0.00809655189514169,0.0,0.0,0.0,0.0,0.1291434832651726,0.18506761043607242,0.13460834613479628,0.005715322494505681,0.0,0.0,0.0,0.03341815673785281
d7f3a1ff633c493a87a94ab0b39a14a7,0.15000000000000036,1.2000000000000028,0.0,0.0,0.030845724894632984,0.052430768089448056,0.045521317043060665,0.009170293807982954,0.4500000000000002,2.3999999999999986,0.0,0.0,0.05386819482227895,0.08126329792591647,0.06889170560225315,0.00873327255248979,0.15000000000000036,0.4500000000000002,-0.2999999999999998,-0.023022469927645964
d9d546a04a9a41d8984c39e7c53689b6,0.6000000000000003,2.3999999999999986,0.0,0.0,0.13504754481368803,0.23967935505806212,0.06461455458538112,0.00982146263122452,0.6750000000000003,2.3999999999999986,0.0,0.0,0.16364863162770305,0.27991535534827267,0.08370736012425085,0.010654020309447176,0.6000000000000003,0.6750000000000003,-0.07499999999999996,-0.02860108681401502
da92f5205b004fb1ba6a75138324284e,0.0,0.0,0.0,0.0,0.005312164478996815,0.008915529244361146,0.004760418660829293,0.0009787559509280008,0.0,0.0,0.0,0.0,0.005312164478996815,0.008915529244361146,0.004760418660829293,0.0009787559509280008,0.0,0.0,0.0,0.0
dabb28a18e6c4a668f15511d7d77dc5b,0.5250000000000001,1.2000000000000028,1.1999999999999957,0.0,0.04511246687956785,0.07688108233478609,0.025470207646550436,0.0023955345153803265,0.9062071897723667,7.29931503635786,7.29931503635786,0.07500000000000018,0.057923952598524425,0.09763412486317276,0.03421735841043562,0.0030571460723876065,0.5250000000000001,0.9062071897723667,-0.38120718977236656,-0.012811485718956572
db0b62b89f3c4d52ac5564a67a03aa68,0.0,0.0,0.0,0.0,0.0,0.0,0.0,0.0,0.0,0.0,0.0,0.0,0.0,0.0,0.0,0.0,0.0,0.0,0.0,0.0
dcaeb3722f1e4df2b9b8b2eca3bc54fc,4.199999999999998,7.199999999999999,7.199999999999999,0.0,0.21755560538826546,0.3650103698370573,0.11710577447826696,0.012312698364258967,4.124999999999998,7.199999999999999,7.199999999999999,0.0,0.1777078659417481,0.2995117966120788,0.11018534463011996,0.009794998168946911,4.199999999999998,4.124999999999998,0.07500000000000018,0.03984773944651737
dda4bdc12deb4c70be456b483d1b57bc,0.6092329219213245,4.947726750741191,0.0,0.07500000000000018,0.09664851480267622,0.1712832660099359,0.048756222003324926,0.0038055896759026098,0.6092329219213245,4.947726750741191,0.0,0.07500000000000018,0.09664851480267622,0.1712832660099359,0.048756222003324926,0.0038055896759026098,0.6092329219213245,0.6092329219213245,0.0,0.0
de3ae114ba884c4c9c123f827a0b8d9b,0.6000000000000003,1.2000000000000028,1.2000000000000028,0.0,0.12166344511178565,0.25508719456858,0.02532271386083368,0.009527492523193182,1.0500000000000005,3.6000000000000014,1.2000000000000028,0.0,0.2874893119124883,0.49681756681117994,0.08245813618503103,0.012209701538086648,0.6000000000000003,1.0500000000000005,-0.4500000000000002,-0.16582586680070263
de550f4c35284f90844c07a64253639b,0.75,2.3999999999999986,0.0,0.0,0.10354783512093435,0.15613826655042606,0.07505407804026043,0.00236792564392152,0.3750000000000002,1.2000000000000028,0.0,0.0,0.06398262323281237,0.08581102451139029,0.046268945182425074,0.002479505538939275,0.75,0.3750000000000002,0.3749999999999998,0.03956521188812198
de5b7c0be0764013867c5e741856fce2,0.0,0.0,0.0,0.0,0.0,0.0,0.0,0.0,0.0,0.0,0.0,0.0,0.0,0.0,0.0,0.0,0.0,0.0,0.0,0.0
de78abb899bf4429a2e1a4cfe8709cc2,0.30000000000000004,1.2000000000000028,0.0,0.0,0.07068473285187418,0.13130721373643534,0.014888721205042772,0.00748214721679652,0.30000000000000004,1.2000000000000028,0.0,0.0,0.07068473285187418,0.13130721373643534,0.014888721205042772,0.00748214721679652,0.30000000000000004,0.30000000000000004,0.0,0.0
df84fac05e4d491ba69afc00231f65c3,0.9750000000000001,2.400000000000002,1.1999999999999993,0.0,0.16990139858304437,0.22808534806090033,0.15063910489076437,0.006542730331421165,1.125,2.400000000000002,1.1999999999999993,0.0,0.20655476190765365,0.2840860893250881,0.14387327709464878,0.008008432388304065,0.9750000000000001,1.125,-0.1499999999999999,-0.03665336332460928
e0a3a55de20f4c09893141067ef17319,0.0,0.0,0.0,0.0,0.024778571546044664,0.05278353490844274,0.015345895570736847,0.0033226490020745736,0.0,0.0,0.0,0.0,0.024778571546044664,0.05278353490844274,0.015345895570736847,0.0033226490020745736,0.0,0.0,0.0,0.0
e150a41fdffa41a68eec30dfda96bb2f,0.9361709421551333,9.895453501482386,0.0,0.2250000000000001,0.0362999344395717,0.0496199490570611,0.03961350474117526,0.006355476379395153,0.9361709421551333,9.895453501482386,0.0,0.2250000000000001,0.0362999344395717,0.0496199490570611,0.03961350474117526,0.006355476379395153,0.9361709421551333,0.9361709421551333,0.0,0.0
e15862d8a89d4250947cad3d1eff3dfc,0.5249999999999999,3.6000000000000014,0.0,0.0,0.043374946687302504,0.06240592009410491,0.05044350917627814,0.010753154754638672,0.5249999999999999,3.6000000000000014,0.0,0.0,0.043374946687302504,0.06240592009410491,0.05044350917627814,0.010753154754638672,0.5249999999999999,0.5249999999999999,0.0,0.0
e161fe6b9dfb4740b79775873c1f7ec6,0.07499999999999996,1.1999999999999993,1.1999999999999993,0.0,0.02733297645845599,0.04678511105245683,0.04095175862652545,0.006182670593262163,0.07499999999999996,1.1999999999999993,1.1999999999999993,0.0,0.02733297645845599,0.04678511105245683,0.04095175862652545,0.006182670593262163,0.07499999999999996,0.07499999999999996,0.0,0.0
e1b5c775be134db696ce22413d195c72,6.449999999999999,9.600000000000001,8.399999999999999,0.0,0.9288747674486963,1.9945485807246088,0.16244978192528609,0.029509162902831232,6.449999999999999,9.600000000000001,8.399999999999999,0.0,0.9288747674486963,1.9945485807246088,0.16244978192528609,0.029509162902831232,6.449999999999999,6.449999999999999,0.0,0.0
e1ef13d0bc334c9eb9a2c2660df1dda8,1.7249999999999999,4.800000000000001,3.5999999999999943,0.0,0.20959179855171298,0.2843836852680983,0.24661578170857937,0.0036553859710695136,1.5,4.800000000000001,2.3999999999999986,0.0,0.18659151111788227,0.26686489478692155,0.2087761892673789,0.003766965866089933,1.7249999999999999,1.5,0.22499999999999987,0.0230002874338307
e38d5d604f1341f2af40a1e40c5e99f2,3.7499999999999996,10.799999999999997,10.799999999999997,0.0,0.4478157096075201,0.7527986015404253,0.20135948766408274,0.009429502487182884,3.7499999999999996,10.799999999999997,10.799999999999997,0.0,0.4478157096075201,0.7527986015404253,0.20135948766408274,0.009429502487182884,3.7499999999999996,3.7499999999999996,0.0,0.0
e3957ced101f436190df1a9003cad35c,0.24270509831248419,2.6832815729997477,0.0,0.07500000000000018,0.037210108955962065,0.08879712169979256,0.017508646029811014,0.015603733062744318,0.24270509831248419,2.6832815729997477,0.0,0.07500000000000018,0.037210108955962065,0.08879712169979256,0.017508646029811014,0.015603733062744318,0.24270509831248419,0.24270509831248419,0.0,0.0
e46803a34fa744ad9372b5227798e00a,0.44999999999999996,2.400000000000002,1.1999999999999957,0.0,0.04241740415069556,0.08009415873790149,0.02045446678303549,0.005163717269896395,1.2,3.6000000000000014,1.1999999999999957,0.0,0.17960950089557776,0.2534525122658632,0.09577493417354793,0.005660533905027965,0.44999999999999996,1.2,-0.75,-0.1371920967448822
e49a824bb658481ca88daba8650fc68d,0.0,0.0,0.0,0.0,0.0,0.0,0.0,0.0,0.0,0.0,0.0,0.0,0.0,0.0,0.0,0.0,0.0,0.0,0.0,0.0
e4ecabf5848d4f2ca011ccbbe5cfbcc8,9.009548686410453,32.4222146066551,32.4222146066551,0.3000000000000007,0.17904789586273975,0.35144700240060356,0.04975307483012847,0.01209568977355957,8.710034103082066,32.4222146066551,32.4222146066551,0.3000000000000007,0.19094647358951836,0.3018200772909346,0.052418832925393115,0.012652730941771662,9.009548686410453,8.710034103082066,0.29951458332838676,-0.011898577726778603
e52c90b152364accade195a6c538abf2,1.6499999999999997,6.0,6.0,0.0,0.2603308440824024,0.5317086696261223,0.060691311880153816,0.005896282196045544,1.4249999999999996,6.0,6.0,0.0,0.23510759835859124,0.4593490877844257,0.07441257790713673,0.006116008758545011,1.6499999999999997,1.4249999999999996,0.2250000000000001,0.025223245723811183
e55b8c84665741fdae87c6e2b6215726,1.2750000000000001,8.399999999999999,8.399999999999999,0.0,0.07640143721946469,0.19944719273376516,0.02259811057449748,0.008289957046508256,1.2000000000000004,8.399999999999999,8.399999999999999,0.0,0.12050913751901113,0.29220723322827996,0.018118926418142656,0.008468484878539684,1.2750000000000001,1.2000000000000004,0.07499999999999973,-0.04410770029954644
e63b580425fc45b5a585a45523bac035,1.875,7.200000000000003,1.2000000000000028,0.0,0.293396553017131,0.5259787991014406,0.08102479452765284,0.01866860389709446,1.9500000000000002,7.200000000000003,1.2000000000000028,0.0,0.30493475340247345,0.5414719320760427,0.09280701025099183,0.01852540969848615,1.875,1.9500000000000002,-0.07500000000000018,-0.011538200385342423
e73a59216865449ab48d31a0880664aa,0.75,3.6000000000000014,3.6000000000000014,0.0,0.052872215084728495,0.117139563233109,0.04732337017298427,0.02434043884277326,0.44999999999999996,3.6000000000000014,3.6000000000000014,0.0,0.1089952674301693,0.22105749799064575,0.017193735749831972,0.02442870140075648,0.75,0.44999999999999996,0.30000000000000004,-0.0561230523454408
e911f9e43fdc4d449b8ffa68913bb81f,0.2250000000000001,1.2000000000000028,0.0,0.0,0.04360984068893557,0.07096757020656325,0.009363379951190009,0.003362274169922408,0.2250000000000001,1.2000000000000028,0.0,0.0,0.04360984068893557,0.07096757020656325,0.009363379951190009,0.003362274169922408,0.2250000000000001,0.2250000000000001,0.0,0.0
e912d5da843f420c8c4cff156b085376,0.6487711154904665,3.6000000000000014,0.0,0.1499999999999999,0.0727799117348427,0.17430009382420808,0.005120548607729298,0.011947774887086204,0.6487711154904665,3.6000000000000014,0.0,0.1499999999999999,0.0727799117348427,0.17430009382420808,0.005120548607729298,0.011947774887086204,0.6487711154904665,0.6487711154904665,0.0,0.0
e991a1ce3020467da93fbc5947bd21e6,0.0,0.0,0.0,0.0,0.0,0.0,0.0,0.0,0.0,0.0,0.0,0.0,0.0,0.0,0.0,0.0,0.0,0.0,0.0,0.0
ead06ddfed704c82bdb77a1da54ca79e,1.0048759228251134,3.794733192202054,0.0,0.15000000000000036,0.17301788723564485,0.2317156039564667,0.14120523657781564,0.007159852981567738,1.0048759228251134,3.794733192202054,0.0,0.15000000000000036,0.17301788723564485,0.2317156039564667,0.14120523657781564,0.007159852981567738,1.0048759228251134,1.0048759228251134,0.0,0.0
eb0676ccc9bd45149ae65119cb8d5e7b,0.3750000000000002,2.3999999999999986,1.2000000000000028,0.0,0.02494767687856056,0.05693081887145983,0.05693081887145983,0.0030342578887938565,0.37500000000000044,2.3999999999999986,1.2000000000000028,0.0,0.032097549626587396,0.07116644920040405,0.004450065666147951,0.0009771823883060193,0.3750000000000002,0.37500000000000044,-2.220446049250313e-16,-0.0071498727480268365
eb5ea93bd45246329e50a6d7a93e3832,0.0,0.0,0.0,0.0,0.0,0.0,0.0,0.0,0.0,0.0,0.0,0.0,0.0,0.0,0.0,0.0,0.0,0.0,0.0,0.0
ebbc6ace4b3d439193e79261c5401366,5.999999999999998,9.599999999999998,9.599999999999998,0.0,0.5269021752877766,1.1213671561906509,0.15056448003854134,0.008130598068237571,5.999999999999998,9.599999999999998,9.599999999999998,0.0,0.5269021752877766,1.1213671561906509,0.15056448003854134,0.008130598068237571,5.999999999999998,5.999999999999998,0.0,0.0
ed5cb55854d54b9aa4aad5507b2efaf1,0.0,0.0,0.0,0.0,0.01042565212671272,0.017781901129249652,0.00658438464499276,0.0009339809417725498,0.0,0.0,0.0,0.0,0.01042565212671272,0.017781901129249652,0.00658438464499276,0.0009339809417725498,0.0,0.0,0.0,0.0
ed8368b711934a1b86f5a4ce354c39b0,0.9920088045073714,6.462197768561401,4.3266615305567875,0.375,0.13226611993069123,0.21684344596547953,0.12741354218421555,0.008118438720702947,0.9920088045073714,6.462197768561401,4.3266615305567875,0.375,0.13226611993069123,0.21684344596547953,0.12741354218421555,0.008118438720702947,0.9920088045073714,0.9920088045073714,0.0,0.0
edc5f9bd039342cb9403a18d2cee773d,0.6000000000000005,1.2000000000000028,1.2000000000000028,0.0,0.11386269357957302,0.1843689191162556,0.14043665255073104,0.006026887893678001,0.22499999999999964,1.1999999999999993,0.0,0.0,0.0519486598869746,0.09675022047633426,0.027037921331457326,0.002271795272828392,0.6000000000000005,0.22499999999999964,0.3750000000000009,0.061914033692598416
edc9b93f9eb14d26951a0dae6f59e0a5,0.0,0.0,0.0,0.0,0.0,0.0,0.0,0.0,0.0,0.0,0.0,0.0,0.0,0.0,0.0,0.0,0.0,0.0,0.0,0.0
ee2408a3d247402faf8d56ac1c7b964b,0.9749999999999994,4.799999999999997,4.799999999999997,0.0,0.11112132163394706,0.16032841079846014,0.0659881866700906,0.0020683765411391164,0.9749999999999994,4.799999999999997,4.799999999999997,0.0,0.11112132163394706,0.16032841079846014,0.0659881866700906,0.0020683765411391164,0.9749999999999994,0.9749999999999994,0.0,0.0
ee4ed5937b704e428d539892d66275f9,1.1999999999999997,3.599999999999998,3.599999999999998,0.0,0.2625337788182239,0.42078444785010855,0.1495388463610955,0.013527345657347034,1.1999999999999997,3.599999999999998,3.599999999999998,0.0,0.2625337788182239,0.42078444785010855,0.1495388463610955,0.013527345657347034,1.1999999999999997,1.1999999999999997,0.0,0.0
ef26b90eba594df2ace0759e843427ac,0.0,0.0,0.0,0.0,0.17885175558803273,0.24720418003329406,0.2252135211740956,0.003964948654174183,0.0,0.0,0.0,0.0,0.047681482827342775,0.10383241479994923,0.0874318053795893,0.005394315719604581,0.0,0.0,0.0,0.13117027276068996
ef9b3594550a4e8a9e6442aa7b5c6be1,5.854669331122391,9.67470929795826,9.67470929795826,0.07500000000000018,0.9383406832702222,1.616364153198277,0.2719722475993913,0.028995752334595615,5.779669331122391,9.67470929795826,9.67470929795826,0.07500000000000018,0.9183384076691774,1.5784425647163194,0.2677058722889528,0.029615306854248402,5.854669331122391,5.779669331122391,0.07500000000000018,0.02000227560104484
f05c77e8fb4e4aa69654c8174c2a9a42,0.6092329219213246,4.9477267507411975,0.0,0.07500000000000018,0.09194062117944193,0.14361145548392268,0.046878102598478744,0.00474414825439462,0.15000000000000013,1.2000000000000028,0.0,0.0,0.028089310696643863,0.04187086667009951,0.02847803624558008,0.0006737709045410156,0.6092329219213246,0.15000000000000013,0.4592329219213245,0.06385131048279807
f069f4c2bb91479db96f8702eeaf5f85,0.10606601717798222,1.6970562748477156,0.0,0.07500000000000018,0.06061928374415478,0.11855877754534619,0.10757625360824866,0.0225960731506345,0.28713203435596446,3.3941125496954285,0.0,0.2250000000000001,0.044684471202513835,0.10669090191449185,0.10417327709879999,0.023419761657714755,0.10606601717798222,0.28713203435596446,-0.18106601717798224,0.015934812541640947
f19a3c65dc7d4affbac8454665ace826,0.0,0.0,0.0,0.0,0.09506834817197826,0.14274886689952812,0.11092307442587568,0.0060958385467539955,0.0,0.0,0.0,0.0,0.09787197214407453,0.15165932477827557,0.11313702248336316,0.005839204788208097,0.0,0.0,0.0,-0.0028036239720962697
f20177ef6307471083339ad1a6766e2a,1.2803300858899103,8.48528137423857,0.0,0.07500000000000018,0.0330039515092565,0.07219048434432898,0.017133529209419414,0.020542860031127486,1.2803300858899103,8.48528137423857,0.0,0.07500000000000018,0.0330039515092565,0.07219048434432898,0.017133529209419414,0.020542860031127486,1.2803300858899103,1.2803300858899103,0.0,0.0
f3041fef2be544f28baf5606eb9698af,0.0,0.0,0.0,0.0,0.0,0.0,0.0,0.0,0.0,0.0,0.0,0.0,0.0,0.0,0.0,0.0,0.0,0.0,0.0,0.0
f31932ce754b408db390251167423dcc,0.44999999999999996,2.400000000000002,1.1999999999999957,0.0,0.05223096656218555,0.09675834587900603,0.08309714427828414,0.00342264175415119,0.44999999999999996,2.400000000000002,1.1999999999999957,0.0,0.05223096656218555,0.09675834587900603,0.08309714427828414,0.00342264175415119,0.44999999999999996,0.44999999999999996,0.0,0.0
f3599aace98a4c0890a8ea374dfd58ff,2.871060116811284,7.299315036357867,3.6000000000000014,0.22500000000000053,0.4868102752078597,0.8268591709416341,0.18392022069401626,0.019829607009887784,2.7972793905583764,6.118823416311343,3.6000000000000014,0.22500000000000053,0.4801575384984434,0.8152724048194472,0.18876693880325227,0.01887416839599565,2.871060116811284,2.7972793905583764,0.07378072625290777,0.006652736709416296
f3a4d70109df4c7ab94f41474dc359cf,0.16770509831248423,2.6832815729997477,0.0,0.07500000000000018,0.009091129369530682,0.018775084924430696,0.01135358098078758,0.0037030220031737393,0.16770509831248423,2.6832815729997477,0.0,0.07500000000000018,0.009091129369530682,0.018775084924430696,0.01135358098078758,0.0037030220031737393,0.16770509831248423,0.16770509831248423,0.0,0.0
f3e3f5d995984303a0e32bee909dd2f6,0.0,0.0,0.0,0.0,0.0,0.0,0.0,0.0,0.0,0.0,0.0,0.0,0.0,0.0,0.0,0.0,0.0,0.0,0.0,0.0
f48a2f3579984916b433c86bd1ed849d,0.375,2.3999999999999986,0.0,0.0,0.018880314156346258,0.041774553868554797,0.0037636220029976792,0.0009424209594728339,0.375,2.3999999999999986,0.0,0.0,0.018880314156346258,0.041774553868554797,0.0037636220029976792,0.0009424209594728339,0.375,0.375,0.0,0.0
f69afa3eed11447eb559f49c325f02d7,0.38717082451262813,3.794733192202055,3.794733192202055,0.07499999999999973,0.04783923408415139,0.08977998403912545,0.06578603543189541,0.0116599559783932,0.38717082451262835,3.794733192202055,3.794733192202055,0.07499999999999973,0.02912571265563544,0.06284764040107717,0.06241554956664488,0.008720970153806906,0.38717082451262813,0.38717082451262835,-2.220446049250313e-16,0.01871352142851595
f6be08a0884649a1962595e505946c80,0.0,0.0,0.0,0.0,0.0,0.0,0.0,0.0,0.0,0.0,0.0,0.0,0.0,0.0,0.0,0.0,0.0,0.0,0.0,0.0
f75d70a9a0074c3ea84d4c5a221fcaf4,0.682426463519459,6.118823416311343,0.0,0.07500000000000018,0.07273196902231757,0.139461447732621,0.04036485849114691,0.011629915237426403,0.682426463519459,6.118823416311343,0.0,0.07500000000000018,0.07273196902231757,0.139461447732621,0.04036485849114691,0.011629915237426403,0.682426463519459,0.682426463519459,0.0,0.0
f82e1e7cf87b4ef1a4d6227b6851441d,7.949999999999999,16.8,14.399999999999999,0.0,1.030495951716845,1.5543903821987277,0.6480145904393744,0.01116957664489604,7.949999999999999,16.8,14.399999999999999,0.0,1.030495951716845,1.5543903821987277,0.6480145904393744,0.01116957664489604,7.949999999999999,7.949999999999999,0.0,0.0
f83a988f1f05475ca70bffb832a8574c,0.8999999999999997,2.3999999999999986,0.0,0.0,0.10669367864169474,0.13269646948445055,0.11778393545619709,0.0053094863891605115,0.0,0.0,0.0,0.0,0.026987709222431974,0.044006506334938265,0.044006506334938265,0.003919172286987127,0.8999999999999997,0.0,0.8999999999999997,0.07970596941926276
f8d77275b248436794a049c74b69e9f1,3.6000000000000005,6.0,4.800000000000004,0.0,0.6908916464700593,1.1861576208363913,0.3266378227407202,0.008314275741576171,3.9,8.399999999999999,8.399999999999999,0.0,0.7187996916240225,1.1961987107725345,0.36874323086124694,0.007811594009398792,3.6000000000000005,3.9,-0.2999999999999994,-0.027908045153963168
f9b805aa15aa4061bd0de652ad2e67a9,0.07499999999999996,1.1999999999999993,0.0,0.0,0.16955551234175598,0.24970448720380617,0.08884993186841207,0.022825098037718927,0.22499999999999987,1.1999999999999993,0.0,0.0,0.04871196920266525,0.10500840264545017,0.014221338181288627,0.010780763626097922,0.07499999999999996,0.22499999999999987,-0.1499999999999999,0.12084354313909072
fa705f3462f4473b82ad8c86f1bdf90a,0.0,0.0,0.0,0.0,0.0,0.0,0.0,0.0,0.0,0.0,0.0,0.0,0.0,0.0,0.0,0.0,0.0,0.0,0.0,0.0
faae4d51453c4a8e9b3fe404724ddfa8,0.4500000000000002,1.2000000000000028,0.0,0.0,0.11954846129864496,0.2373217184966625,0.018731703436615576,0.0029746055603032673,0.4500000000000002,1.2000000000000028,0.0,0.0,0.10377107669653104,0.20595966038307711,0.022160119502996768,0.0030728816986087537,0.4500000000000002,0.4500000000000002,0.0,0.01577738460211392
fac5a8ceb81b45999571cf96a3562853,0.07500000000000018,1.2000000000000028,0.0,0.0,0.016309994901453725,0.019887150626586667,0.011291663091409575,0.0008946418762207919,0.07500000000000018,1.2000000000000028,0.0,0.0,0.016309994901453725,0.019887150626586667,0.011291663091409575,0.0008946418762207919,0.07500000000000018,0.07500000000000018,0.0,0.0
fb04d801ac16498388430bf66d8ec48f,0.0,0.0,0.0,0.0,0.03331059466665537,0.052364787746508316,0.04994270827725742,0.007428073883056996,0.0,0.0,0.0,0.0,0.03170548492899973,0.047373485572001515,0.044603764946177266,0.00719060897827184,0.0,0.0,0.0,0.0016051097376556384
fb254b29ff3e4d2a884e605d79d5f33b,1.0499999999999994,8.399999999999999,8.399999999999999,0.0,0.066199104000927,0.09641249592441312,0.08723535063550869,0.0031270980834960938,1.0499999999999994,8.399999999999999,8.399999999999999,0.0,0.066199104000927,0.09641249592441312,0.08723535063550869,0.0031270980834960938,1.0499999999999994,1.0499999999999994,0.0,0.0
fb907b8b05644df28d64d6e25e9a956c,0.0,0.0,0.0,0.0,0.0014136442948560527,0.003767779482463609,0.00255463300874359,0.00041413307189941406,0.0,0.0,0.0,0.0,0.0014136442948560527,0.003767779482463609,0.00255463300874359,0.00041413307189941406,0.0,0.0,0.0,0.0
fb9345e0cbf14c77bf67d30ed537df10,0.3177050983124841,2.683281572999751,0.0,0.07500000000000018,0.033188550590165795,0.05155228327662777,0.02483716217789789,0.005864381790162021,0.3177050983124841,2.683281572999751,0.0,0.07500000000000018,0.033188550590165795,0.05155228327662777,0.02483716217789789,0.005864381790162021,0.3177050983124841,0.3177050983124841,0.0,0.0
fcc1ead7c8f44d5a959fe6a08e25532a,0.07499999999999996,1.1999999999999993,0.0,0.0,0.006440656728389943,0.014366348921600741,0.002368307723772927,0.0006613254547120917,0.07499999999999996,1.1999999999999993,0.0,0.0,0.006440656728389943,0.014366348921600741,0.002368307723772927,0.0006613254547120917,0.07499999999999996,0.07499999999999996,0.0,0.0
fd9fd51be8a94204b37937f67853c055,0.0,0.0,0.0,0.0,0.0,0.0,0.0,0.0,0.0,0.0,0.0,0.0,0.0,0.0,0.0,0.0,0.0,0.0,0.0,0.0
fdd2da37faa44428ba9ce4a760f53276,0.6000000000000001,3.599999999999998,1.2000000000000028,0.0,0.1277888300534854,0.28602141770674167,0.013130818473221286,0.005303478240966886,1.3499999999999999,19.200000000000003,19.200000000000003,0.0,0.10460015349029116,0.2580449171570186,0.037618078562172585,0.0066693305969236505,0.6000000000000001,1.3499999999999999,-0.7499999999999998,0.023188676563194247
fe4ad01f0ee044a6abb9f33cc1b6709d,8.175,12.0,10.799999999999997,0.0,1.229530171844297,1.8968675365719536,0.6205190717827902,0.005954217910767223,7.2749999999999995,12.0,10.799999999999997,0.0,1.1786905046273746,1.8299013761321747,0.5814198467278007,0.006420421600342507,8.175,7.2749999999999995,0.9000000000000012,0.05083966721692246
fe87516995a947d285cd5d815f479eaf,0.9561975790099255,6.118823416311341,6.118823416311341,0.2250000000000001,0.0646209991591156,0.11371028751307172,0.0646006008318635,0.026731252670288974,0.4810660171779825,1.6970562748477156,0.0,0.07500000000000018,0.03229762016485991,0.07234324045508905,0.025237762618045032,0.022993612289428977,0.9561975790099255,0.4810660171779825,0.47513156183194305,0.032323378994255685
ff412638fb85442d8d8c4841a5adda2d,1.1249999999999991,3.6000000000000014,2.3999999999999986,0.0,0.17245490867073543,0.24687478470760058,0.1296348369362515,0.008898925781250622,1.1249999999999991,3.6000000000000014,2.3999999999999986,0.0,0.18535155213468332,0.26500087674360195,0.14168465590298956,0.009396743774414684,1.1249999999999991,1.1249999999999991,0.0,-0.012896643463947893
ff701e8d5743462ba9f6bc60eff70ab9,0.0,0.0,0.0,0.0,0.0,0.0,0.0,0.0,0.0,0.0,0.0,0.0,0.0,0.0,0.0,0.0,0.0,0.0,0.0,0.0
ffb196e9479445ffb0de654fe62200f4,0.37499999999999956,2.3999999999999986,0.0,0.0,0.03874348818013086,0.0605844890223754,0.012549049008129622,0.0021449089050289416,0.37499999999999956,2.3999999999999986,0.0,0.0,0.03874348818013086,0.0605844890223754,0.012549049008129622,0.0021449089050289416,0.37499999999999956,0.37499999999999956,0.0,0.0
ffb6606ab731406797655acb2024a502,0.0,0.0,0.0,0.0,0.0,0.0,0.0,0.0,0.0,0.0,0.0,0.0,0.0,0.0,0.0,0.0,0.0,0.0,0.0,0.0
ffbe9a1ca3a54a6a8988edb7bf1ff759,0.22499999999999987,2.3999999999999986,0.0,0.0,0.06249973958461712,0.1378643959255926,0.014062241648747196,0.004959011077881215,0.22499999999999987,2.3999999999999986,0.0,0.0,0.05954196920622168,0.10482712309784112,0.01730279300528681,0.008569765090942205,0.22499999999999987,0.22499999999999987,0.0,0.0029577703783954384
