sample_token,scene,JC_ade_gt,JC_fde_gt,JC_self_gt,JC_ade_cheap,JC_fde_cheap,JC_self_cheap,JC_ade_full,JC_fde_full,JC_self_full,dJC_ade,dJC_self
9cd981bf4a4547bc97c62058f5291d92,scene-0062,1.1689105429262123,1.4466928738678142,0.0,0.878133775240471,1.4466928738678142,0.30000000000000027,0.878133775240471,1.4466928738678142,0.30000000000000027,0.0,0.0
ee6c72d8922a47efbe27d93d826009a8,scene-0062,1.2888191298601568,1.2786695035709534,0.0,0.7827192614861116,1.2786695035709534,0.5249999999999999,0.7827192614861116,1.2786695035709534,0.5249999999999999,0.0,0.0
cc1567e902724f82898f405601923c3c,scene-0062,1.232156904007913,1.3996002055534764,0.0,0.7083917307539527,1.3996002055534764,0.6000000000000001,0.9108684933861307,1.3996002055534764,0.3749999999999998,-0.20247676263217806,0.2250000000000003
95cf14e1ffd3417cb9a742227a575164,scene-0062,0.8019719953677171,1.3771654542737388,0.0,0.5836278877652274,0.20608177554215493,0.5250000000000004,0.6075611494746909,0.20608177554215493,0.37500000000000044,-0.023933261709463416,0.1499999999999999
e3ed49fbeb5f4c55a43d511366a00a48,scene-0062,0.7222045330982452,1.0962164609179037,0.0,0.519981381781488,0.13875220609120778,0.30000000000000027,0.519981381781488,0.13875220609120778,0.30000000000000027,0.0,0.0
9fb44c7c030a4827bf0c8491348a0445,scene-0062,0.5512841399334307,0.11195890214305586,0.0,0.49208956638765533,0.11195890214305586,0.44999999999999973,0.5123749480915551,0.11195890214305586,0.44999999999999973,-0.02028538170389982,0.0
aa938d311fab4b7a884fc88a1ceb6df9,scene-0062,0.5483342740239555,0.1506712040692722,0.0,0.5108538956104522,0.1506712040692722,0.07499999999999996,0.7333413964332187,1.0501614832192505,0.37500000000000044,-0.22248750082276647,-0.3000000000000005
6426aa95c5da4dccaa6f5ac1e179cfae,scene-0062,0.7349630775045923,0.07136163187491718,0.0,0.760952924871356,1.26106323028828,0.9750000000000003,0.5577977361501356,0.07136163187491718,0.7499999999999998,0.2031551887212204,0.22500000000000053
5ac8509410e14e0ea5423aff1584a723,scene-0062,0.6591669484035683,1.3254357673224422,0.0,0.6072497475229681,0.15839602100272412,0.2999999999999998,0.6072497475229681,0.15839602100272412,0.2999999999999998,0.0,0.0
c9c16c6da913418584e88113e4fb0bb7,scene-0062,0.5281888809584353,0.1509697322322097,0.0,2.588063455010785,6.149334441778814,2.2500000000000004,2.1381067201581105,1.3494800122305077,1.8000000000000003,0.4499567348526745,0.4500000000000002
993a62212975460eb987c56b7488c31b,scene-0062,1.220586370034979,1.3289204847461698,0.0,2.77784587480801,6.101858136763281,1.5749999999999993,1.8938038274178557,3.7066630799117863,0.6749999999999996,0.8840420473901545,0.8999999999999997
070378543a5f42f4a0f527bf5dd2366e,scene-0062,1.1707121016299826,1.5056762782674113,0.0,2.638402020564321,6.140418294887345,1.4999999999999993,1.0236490851473294,1.5056762782674113,0.1499999999999999,1.6147529354169916,1.3499999999999994
b6398bf31aa945c185c3fe2e0313f5ae,scene-0062,1.9657210613134788,1.8660500339719213,0.0,1.739327679994887,1.8660500339719213,0.3749999999999998,1.3806048498265189,1.8660500339719213,0.6000000000000001,0.35872283016836803,-0.2250000000000003
4f602020f2cd477eb8c1111dd1b35eec,scene-0062,2.0244494728995863,3.078371188381191,0.0,1.40110871884117,2.2613799473394276,0.6749999999999996,1.40110871884117,2.2613799473394276,0.6749999999999996,0.0,0.0
de9b8cb7b73f4c3185810cbfa709b581,scene-0062,2.0184407009060825,3.374499398962004,0.0,1.513079609165992,2.640468417554497,0.5999999999999994,2.182699242885855,4.322316383964406,0.3750000000000002,-0.669619633719863,0.2249999999999992
025c656847f94b09baa7648ca5d70cc8,scene-0062,1.674166660939198,2.76880423739259,0.0,1.4468515371378254,2.5581059984946677,0.6000000000000008,1.641607407168503,2.76880423739259,0.07500000000000018,-0.1947558700306775,0.5250000000000006
df0dbb5594c645ccb22a78c8a4fb01c3,scene-0062,3.018549827321565,6.51922612610214,0.0,2.806329957243328,4.527505775902538,0.5121320343559644,2.728696363101415,4.527505775902538,0.48106601717798214,0.07763359414191306,0.031066017177982297
bdb6983a1de646f7b99519c7b4d496b1,scene-0062,3.4615895030088515,4.699483059113894,0.0,2.4846430320362223,3.542606277275129,1.1249999999999996,2.4846430320362223,3.542606277275129,1.1249999999999996,0.0,0.0
e691aa5350704584803ae3b3aebcd6e9,scene-0062,3.662597867597287,9.127345952018128,0.0,4.261842639561127,10.324290515352605,0.5999999999999996,4.265787331472534,10.324290515352605,0.6177050983124842,-0.003944691911407006,-0.01770509831248457
ba088aff2a6647eca02ffd893cec79f9,scene-0062,5.693495800501747,13.844764384781797,0.0,4.798997963183991,12.661908057834115,0.9121708245126284,5.0218964208221095,15.030338854304008,0.8371708245126285,-0.22289845763811833,0.07499999999999996
57b1193e6b284ac8bbc41cc6a81255f9,scene-0062,5.2404097928521445,10.254131839120836,0.0,4.7718510941984995,10.254131839120836,0.49877111549046654,4.772272525190388,10.254131839120836,0.49877111549046677,-0.0004214309918886272,-2.220446049250313e-16
69185c833aa44a17b7e7e84560559285,scene-0062,1.7181007960367503,5.37271969724405,0.0,1.7250096645782695,5.37271969724405,0.2250000000000001,1.7250096645782695,5.37271969724405,0.2250000000000001,0.0,0.0
fda3c86c05e34414b89fabb0fd612eab,scene-0062,0.6985934553223592,0.8671240180362062,0.0,0.9806332460598804,0.8671240180362062,0.6000000000000003,0.9806332460598804,0.8671240180362062,0.6000000000000003,0.0,0.0
e12fcf96194e4bf9beaf357beb424d02,scene-0062,0.6142159611455319,0.5611963454932336,0.0,0.5966847198398637,0.5611963454932336,0.1499999999999999,1.5339953280647443,0.5611963454932336,1.7249999999999996,-0.9373106082248805,-1.5749999999999997
da3c26d4d7c44efc83d854be98efb5d7,scene-0062,0.5899870831339218,0.88269253466467,0.0,1.1070442364220634,0.512984472241176,1.575,0.958035415644401,0.512984472241176,1.4250000000000003,0.14900882077766242,0.1499999999999997
d3b3b874ae6c44088e3b41ba0c9c0460,scene-0062,0.47684300487902775,0.5221102163136694,0.0,0.5405587661815542,0.5221102163136694,0.30000000000000004,0.5798385335821885,0.5221102163136694,0.3750000000000002,-0.039279767400634324,-0.07500000000000018
f28577f482674846a1c861009c1e17b3,scene-0062,0.6459551635315051,0.6540905920730226,0.0,0.5731229246841749,0.6540905920730226,0.07499999999999973,0.5731229246841749,0.6540905920730226,0.07499999999999973,0.0,0.0
d3d4393a9bfb4441b7fb9aedd3330c29,scene-0062,0.5646522564341139,0.7873637350554906,0.0,0.6851602368835852,0.7873637350554906,0.5249999999999999,0.6851602368835852,0.7873637350554906,0.5249999999999999,0.0,0.0
0de5e9971456420cafc5f3bd7970bfd3,scene-0062,0.5453460697465959,0.26522473097318194,0.0,0.47688861765688945,0.26522473097318194,0.1499999999999997,0.47688861765688945,0.26522473097318194,0.1499999999999997,0.0,0.0
dfb307a2f651452396d6636774d07bf3,scene-0062,1.5055135632697976,0.14946471464920077,0.0,1.5055135632697976,0.14946471464920077,0.0,1.5055135632697976,0.14946471464920077,0.0,0.0,0.0
76d8b30f25c64ee4a85b5ee7a2ce55b6,scene-0062,0.9760311601674846,0.34047043144394995,0.0,1.646756041523399,3.313428941450109,0.7500000000000004,1.240932679446211,0.34047043144394995,0.375,0.40582336207718805,0.37500000000000044
dc53f0d721694157832cc9fc73daa275,scene-0063,1.1433525036810823,1.1690967343390466,0.0,1.648846810573286,2.3682667076696147,0.6749999999999996,1.648846810573286,2.3682667076696147,0.6749999999999996,0.0,0.0
38049f6b32124cb3b7e5dda85e03a280,scene-0063,1.625438590521485,0.9848201220574626,0.0,0.8388277963329843,0.9848201220574626,0.8250000000000002,0.8914930242967888,0.9848201220574626,0.7500000000000002,-0.05266522796380446,0.07499999999999996
0729893238404ab4855b6180ea85aa1e,scene-0063,1.6611202789107498,0.704650318582123,0.0,1.677320843014354,0.704650318582123,0.44999999999999996,1.377441191963425,0.704650318582123,0.4500000000000002,0.29987965105092895,-2.220446049250313e-16
4f33efc0e9724dc8bfcade6c6394c46b,scene-0063,0.9948261405755366,0.8896298003328829,0.0,0.5796114720902682,0.8896298003328829,0.4500000000000002,0.7889969270505321,0.8896298003328829,0.9750000000000001,-0.20938545496026395,-0.5249999999999999
900bef6496fd4df5a3c9a639e8d9750d,scene-0063,0.9269613790083756,0.18435524153320898,0.0,0.8058510856205412,1.327862350721481,1.35,0.8058510856205412,1.327862350721481,1.35,0.0,0.0
a03bd30fe2b04037a95510ca2d88fda8,scene-0063,0.5996866265115081,0.5070625832937881,0.0,0.6635906882208662,0.5070625832937881,0.1499999999999999,0.6635906882208662,0.5070625832937881,0.1499999999999999,0.0,0.0
381d9dfde64041cbac749fd66627e3aa,scene-0063,0.7576946880112763,0.8953587695068096,0.0,0.80866061125456,0.8953587695068096,0.4500000000000002,1.2927091228540146,3.922166771014256,0.8250000000000002,-0.4840485115994546,-0.375
b3c35a96810b4a00aec8a2c1a4de2ee1,scene-0063,0.822987007985966,2.315230694590254,0.0,0.7956785484174322,3.5125513324392204,0.7500000000000002,0.7956785484174322,3.5125513324392204,0.7500000000000002,0.0,0.0
a01c0f0b80a94bb29471a91a80008631,scene-0063,0.9293593549593743,3.056687542855407,0.0,0.6340867256449851,1.7806242361021256,1.2749999999999997,0.6340867256449851,1.7806242361021256,1.2749999999999997,0.0,0.0
caf1afbc89944f168ac7caad1256a98d,scene-0063,0.7183271667619474,2.2900864887592984,0.0,0.7957530127362956,2.2900864887592984,0.2250000000000001,0.7957530127362956,2.2900864887592984,0.2250000000000001,0.0,0.0
4fde06ca966a4410ae9779d3f895da66,scene-0063,2.603693976055633,5.4392066157777865,0.0,1.0082170629386238,1.8489033630078955,1.65,1.0082170629386238,1.8489033630078955,1.65,0.0,0.0
15e6bf56b7aa4eb28b410a8c2e146563,scene-0063,2.447733018697285,4.511756950548405,0.0,0.9196014700149683,0.9265144971026394,1.6500000000000001,1.149766219873544,0.9265144971026394,1.35,-0.23016474985857582,0.30000000000000004
5169b072b8b849f385fc16a8aa1756d0,scene-0063,2.6874301645817162,3.3098918176421326,0.0,1.2701683401248038,3.3098918176421326,1.4249999999999998,1.3451167552300853,3.3098918176421326,1.35,-0.0749484151052815,0.07499999999999973
3f7ba6582ba94d6cb62c292aec382dc1,scene-0063,2.1526513876328077,1.7851476039574996,0.0,0.6758341094170386,0.5858898023462404,1.5,0.8163075111725706,0.5858898023462404,1.35,-0.14047340175553202,0.1499999999999999
eb6b65bba724437482ea88a0ddf75fe3,scene-0063,1.0619968730360538,0.08528807813178464,0.0,0.709956336124395,1.282021326942831,1.0500000000000003,0.6055956032276701,0.08528807813178464,0.825,0.10436073289672487,0.2250000000000003
0e24f2eadada44e7872e9f08b65d3681,scene-0063,0.826302453563891,2.2178666373920306,0.0,1.3295376651094024,3.4178140928391305,1.0500000000000005,1.5545324305347603,5.817774031114993,1.2750000000000001,-0.2249947654253579,-0.22499999999999964
9e85663c69444a30b5a9fdff3476f772,scene-0063,0.5894456405526518,0.8935675817915888,0.0,1.7783061048372957,4.4894167281910535,1.575,1.7783061048372957,4.4894167281910535,1.575,0.0,0.0
292cb1a71ae648d69b6341950ddac12a,scene-0063,0.5488277931361627,0.9257586641987338,0.0,0.8936903176665191,2.1226816231560357,0.9000000000000001,0.9685933098017014,2.1226816231560357,0.9750000000000003,-0.07490299213518237,-0.07500000000000018
e9917b5c818042fd9de5ba5789024f4c,scene-0063,1.3891086331406046,4.581620219036604,0.0,2.240739497327568,4.581620219036604,0.9750000000000003,4.403492518323227,12.980167499596027,3.2249999999999996,-2.162753020995659,-2.249999999999999
b2ccc848be7a4d4ab7bf42914b50a82b,scene-0063,0.65472276310872,1.067235044301437,0.0,1.187589008217968,2.264892225817874,0.6000000000000001,2.2570183869461444,7.063477996972233,1.725,-1.0694293787281763,-1.125
e66e2be809cc463384cdee4c86f66430,scene-0063,3.793845515798363,8.82002480075817,0.0,4.62325766472161,10.011760820576013,0.842705098312484,5.831708803652247,13.595694408735282,2.061512473537886,-1.208451138930637,-1.2188073752254018
23b92f80a49847e2ac9583221a1b8071,scene-0063,3.076193177111647,7.424339867019765,0.0,3.6275241115571184,7.424339867019765,3.3957764011649374,5.5044744867170845,12.197216792589739,5.282629389520039,-1.876950375159966,-1.886852988355102
c8c86914e28a450894834889bfe81f53,scene-0063,2.67472106589849,8.017072749649545,0.0,7.512947625582866,15.181069510703065,5.056378118726469,7.512947625582866,15.181069510703065,5.056378118726469,0.0,0.0
81f25e25111a4b1aaa4771846c96e99f,scene-0063,2.4719042639935616,6.8399505799021645,0.0,9.512949529740547,18.839948806627213,7.425,10.412931018598163,27.239948494938737,8.325,-0.8999814888576161,-0.8999999999999995
7b37b37119f54b08ba9131dd4e79c617,scene-0063,2.1403548621651343,3.249217063165913,0.0,7.08926354365712,14.750923261866102,9.224999999999998,8.211957813842314,15.950921356284997,10.349999999999998,-1.1226942701851943,-1.125
4a6f5c560b644d57b37c456e5b814674,scene-0063,1.5846417109842812,3.169874611992028,0.0,10.794023118119826,25.63044552375517,12.374999999999998,10.794023118119826,25.63044552375517,12.374999999999998,0.0,0.0
65d1f31faea54d63b0095267afbda101,scene-0063,1.3652216926640028,3.5998061581723957,0.0,9.813388128305679,15.600247413635794,11.174999999999997,9.663410080842915,15.600247413635794,11.024999999999999,0.14997804746276344,0.14999999999999858
da2afef1b0fa4340abfe23843d6cc4f8,scene-0063,1.5744522358557438,4.691430423411276,0.0,9.60544788279659,18.10860037286078,11.174999999999999,9.380467774989572,14.508601945192273,10.95,0.22498010780701705,0.22499999999999964
41eb1111d010400c8a56491982171b47,scene-0063,2.1382165194358986,6.098946075909575,0.0,5.6021627652652715,6.098946075909575,5.249999999999998,10.542113250267398,22.701831000729456,12.674999999999997,-4.939950485002127,-7.424999999999999
9b8e07663a974d0981dca1ba80361d29,scene-0063,2.962743292261753,7.735912693474406,0.0,3.9808321748279174,7.735912693474406,1.6499999999999995,4.906797906453328,7.735912693474406,4.199999999999998,-0.9259657316254102,-2.549999999999999
31e890702ba847fe973eac8852110ed8,scene-0063,3.9715356587596737,9.503339204243689,0.0,4.809981698086376,22.906695112477124,8.774999999999999,3.579107245626788,4.917474555755323,7.499999999999998,1.230874452459588,1.2750000000000004
5718fa033dad4893bd1f6e6720e5dd5a,scene-0064,1.3403760019744726,1.8301389982487828,0.0,2.146330491115991,5.466419768960066,0.849341649025257,0.4982651546977483,0.6880776163585951,0.9749999999999996,1.6480653364182425,-0.12565835097474265
c9391a7a19e648a5a97fb66b44301771,scene-0064,0.5557882166162873,0.7704440064798028,0.0,0.9093330148243788,0.7704440064798028,0.7499999999999998,0.688424164354955,0.7704440064798028,0.3750000000000002,0.22090885046942377,0.37499999999999956
3621246382a54d6d91ea2f03958f3c21,scene-0064,0.8728471056885034,2.641272959763186,0.0,0.8442387082956118,0.24769734739372912,0.4499999999999995,0.9451553852529718,0.24769734739372912,0.7499999999999998,-0.10091667695736006,-0.30000000000000027
a5e17bb0b01045199ae4a868f5ba0721,scene-0064,0.8159823568086206,1.6391236895074095,0.0,1.0952507421450466,0.6103468550498419,0.5250000000000001,1.026654772144061,0.6103468550498419,0.6749999999999996,0.0685959700009855,-0.14999999999999947
86b70d00d4eb420d859c3c6024e256d6,scene-0064,0.9296364181662826,2.187056203602142,0.0,0.945302973852737,2.187056203602142,0.8371708245126287,0.8174358083778588,2.187056203602142,0.8371708245126287,0.1278671654748782,0.0
c370568cda2d4161acd15ace5fcb1822,scene-0064,1.295906572089475,2.7720509504801556,0.0,1.2184830022177218,1.6846985006154418,0.5249999999999997,1.1598941453190599,1.6846985006154418,0.5999999999999999,0.05858885689866189,-0.07500000000000018
02f64cc49e0640f99b3f54903224c610,scene-0064,1.032678528936463,2.2217605756973335,0.0,1.4993380995431533,1.4997545045071,1.8749999999999998,1.2297273473873713,1.4997545045071,1.584232921921324,0.269610752155782,0.29076707807867574
9165015b97254c078758133676e17804,scene-0064,1.4922668177684013,4.084697066855528,0.0,0.8699671437982673,2.943906029163394,0.9000000000000001,0.8704392373530693,1.3755291528149378,1.425,-0.0004720935548019334,-0.5249999999999999
5c15c019742a4c4197a45081e90fbce4,scene-0064,1.3781729376443683,3.336778538485154,0.0,0.9957758839764438,5.077057112403789,2.0250000000000004,0.47831660076234533,0.3597401497530116,1.4250000000000003,0.5174592832140985,0.6000000000000001
bd074621e1ec42e29f7ce05d9d856b9f,scene-0064,1.4850139807273135,3.780960906583829,0.0,0.7694580335893152,1.019064534537776,2.025000000000001,0.43313617346371935,0.18106832534520448,1.65,0.33632186012559584,0.3750000000000009
96d512f13a6d42fba86f8e06add70b66,scene-0064,1.9746465680457592,1.9758725789142617,0.0,0.4492660276849373,0.4499776239600991,1.9810660171779824,0.5338033356550523,0.7667812562114943,1.8177050983124847,-0.08453730797011505,0.16336091886549764
292c5f9071dc4ac4a7e43c9c334ba195,scene-0064,2.2483786402785944,4.254509057248304,0.0,0.47319368780564647,0.5519621765622053,2.349341649025257,0.428606512186619,0.5519621765622053,2.274341649025257,0.044587175619027475,0.07500000000000018
98f8cf08a4ab42838847589a6e75ee8b,scene-0064,2.5147328147879344,4.246292881587863,0.0,1.3904729587268168,5.524099572580695,3.759232921921324,0.7455305706708608,1.0548722934837529,2.162132034355964,0.6449423880559559,1.59710088756536
8cfd3e3b15bf419eb8a6bd0e06e787ff,scene-0064,2.3812365211044955,4.049726580518288,0.0,0.4323917414021469,0.46606363148925384,2.0999999999999996,0.6150134684471269,1.652746803975155,2.25,-0.18262172704497998,-0.15000000000000036
6803758a06ba45538e211682698d8f8a,scene-0064,2.35570881687571,3.958261329791755,0.0,0.803358216854057,2.7583935278589506,2.5500000000000007,0.9328200064542688,2.7583935278589506,2.775000000000001,-0.12946178960021182,-0.2250000000000001
e28f9cf0b4364265b27bd8be6ce5b0dd,scene-0064,1.982664840625101,3.8405309693301715,0.0,2.1169139486101654,5.908938628991075,4.0640079933671736,1.2364984367778278,5.908938628991075,3.0796693311223913,0.8804155118323376,0.9843386622447823
9880929359634fd4a974a1057ba3eca1,scene-0064,2.6698204769265343,4.761581047297398,0.0,1.189847039692181,4.839579128425761,3.609232921921324,1.673580260742602,6.172052648041613,4.150482601923481,-0.48373322105042105,-0.5412496800021569
eb199c31a7d04065950832a70c52b03d,scene-0064,2.180358481665801,3.1827426109771477,0.0,1.8312030219625313,8.896078137336689,3.8620594424656343,1.4684390401667353,5.3493506708862855,3.4874295830243858,0.36276398179579594,0.3746298594412485
be3ed10bdcc1453682ad6b2e801bb769,scene-0064,3.306553332635964,7.547311938212055,0.0,1.4418318572229,5.784344246517435,4.531888656619787,1.6196872473650474,4.6186656298231865,4.760161863528024,-0.17785539014214735,-0.22827320690823694
500b79cf7b2f48ea81cb2df23bb20f3a,scene-0064,2.011181922400236,3.491295769877638,0.0,2.5099580589864834,7.418812705430238,4.507894556944373,2.2034580808754916,7.418812705430238,4.204153885360307,0.30649997811099183,0.30374067158406604
9657675e78c24c19b409ee9c04a135c3,scene-0064,2.0421945993187527,1.7793236450116348,0.0,2.9333882492862373,7.922535135652108,4.962563888066764,3.008382920563778,7.922535135652108,5.037563888066765,-0.07499467127754089,-0.07500000000000018
af1fe4ae71c441d1a4744097f622c449,scene-0064,1.8039559751509378,1.7231474469299792,0.0,1.5064060556644514,7.172259789502821,3.0886336532918257,1.5077479813053074,7.172259789502821,3.163633653291826,-0.001341925640856001,-0.07500000000000018
81938c27da814c1eb2b293acc618ab2c,scene-0064,2.168502498437655,2.0823206981775018,0.0,1.8148805441503846,3.0908475444112105,3.688633653291826,1.8148805441503846,3.0908475444112105,3.688633653291826,0.0,0.0
475c6d4fb63c401bb1c9d9ddc11b22f2,scene-0064,0.7828973698579924,1.0311194042152965,0.0,2.6259866247161083,4.870742376477629,2.7288302099534123,2.540875490495503,4.870742376477629,2.646403746433953,0.08511113422060523,0.08242646351945915
7659f125cc914b9b8be91ec5618e4cb2,scene-0064,0.9403035803939701,1.3442901614883056,0.0,2.975567091663105,4.036605342198426,3.238633653291825,2.975567091663105,4.036605342198426,3.238633653291825,0.0,0.0
eb4f3452518141a688b3243baa2f2f5f,scene-0064,0.8389557420772777,1.1015079762569888,0.0,2.589156001058406,1.953032684688327,2.0493416490252567,3.386819909919515,4.235015172719456,2.868465843842649,-0.797663908861109,-0.8191241948173924
1e96cd8b79134cb5ae0e0f62943b5c00,scene-0064,0.7891927173325675,1.1960926080102312,0.0,2.2693001501720502,1.6622133439377884,2.201938020233809,2.8466356258482692,3.951615982682649,2.7934658438426494,-0.577335475676219,-0.5915278236088404
a1068ed0c1804cf8b21edff9e0074037,scene-0064,1.0222392794015338,2.687681316262551,0.0,2.36181173972183,2.290876094349446,2.8743416490252565,2.88657836276853,2.290876094349446,3.474341649025256,-0.5247666230467001,-0.5999999999999996
9e0cf145e19242288dab24a14650be5f,scene-0064,1.7041655309869168,4.571959583709605,0.0,0.9773819176575261,1.0512933436255585,1.985410196624969,1.0444667090286561,1.0512933436255585,2.2104101966249687,-0.06708479137112999,-0.22499999999999964
807d3467e0b843d489586bdbe93530cb,scene-0064,0.9444731619852234,2.922249775129052,0.0,1.4084938715700044,1.8801781488169336,2.0250000000000004,1.4084938715700044,1.8801781488169336,2.0250000000000004,0.0,0.0
c43075940579430e8957f0be230b61e8,scene-0064,0.8083768812767338,1.013121425829171,0.0,1.6496570739764278,1.013121425829171,0.9749999999999994,1.6496570739764278,1.013121425829171,0.9749999999999994,0.0,0.0
997be81e2d73480f80fcf242cf152dcd,scene-0064,1.4868881057910694,4.979844536181047,0.0,0.7641986967366899,0.5260304647496618,1.4999999999999991,1.9512330058174396,6.1748997962075585,0.6000000000000005,-1.1870343090807496,0.8999999999999986
a805936597f243a38745c2e8bcadf378,scene-0065,0.8040786753251297,1.083960338372124,0.0,3.2110042113416952,10.313582902572096,2.6338232164826962,3.2110042113416952,10.313582902572096,2.6338232164826962,0.0,0.0
eecfebabb58247e1aff3d8771928d4f9,scene-0065,0.7276762859476729,1.0652201957523662,0.0,1.0210070720350521,1.0652201957523662,0.4987711154904665,1.0210070720350521,1.0652201957523662,0.4987711154904665,0.0,0.0
7fe54162bbf24e33950af4742c636f20,scene-0065,1.998701907035571,3.4635864842310906,0.0,4.5300074307108975,11.715923919576923,2.568621569317099,4.5300074307108975,11.715923919576923,2.568621569317099,0.0,0.0
a5c0f872d11f4769bc642acef8c49e83,scene-0065,1.1001988764007824,3.689908705387902,0.0,5.431295725548769,14.107094712622583,4.574999999999999,5.214632859132683,14.107094712622583,4.604875922825112,0.2166628664160859,-0.029875922825112866
3a93f9e26ae3486abd368c41cc0fa82e,scene-0065,1.3283733888492009,4.980989977668054,0.0,6.555445724807893,15.262269511927114,5.699999999999999,6.555445724807893,15.262269511927114,5.699999999999999,0.0,0.0
7fc95c470aa74e908ac33c495cf86574,scene-0065,7.524236176075718,16.659938706068186,0.0,6.889968363860096,16.659938706068186,0.6749999999999996,7.7114920069195545,16.659938706068186,0.44999999999999973,-0.8215236430594581,0.22499999999999987
1d432835d5b343b3ba9f8c6f0c89bc9a,scene-0065,8.751140545415822,18.097442550921567,0.0,4.841045579566316,18.097442550921567,4.895533063492353,7.290643884428202,18.097442550921567,1.4999999999999991,-2.449598304861886,3.395533063492354
cddd0ebad86a4a84b34f77e3b5640831,scene-0065,9.383324302491477,19.470333619162542,0.0,4.244140652297313,22.62129037915399,10.497547596811248,4.27526008811796,22.62129037915399,10.572369661617852,-0.031119435820647467,-0.0748220648066038
79025431db8a4c8083c4e381d9704e62,scene-0065,10.113012144236507,20.526819671561114,0.0,8.373797940678822,20.526819671561114,3.158307770720612,3.1863625949593555,7.228023789666415,12.0901119232987,5.187435345719466,-8.931804152578088
606a2c4b5e3c4dfd80601959be5e4cc1,scene-0065,10.796020656836951,21.673584271876237,0.0,4.650725936689104,23.248496528543605,10.68821452687683,4.76142653394202,23.248496528543605,10.388214526876832,-0.11070059725291603,0.29999999999999893
b47e31481532444bb0b543a0ec192959,scene-0065,11.581313573648771,22.9897026776789,0.0,4.311673319095849,23.79935802413907,11.258079995023497,4.772179146473297,23.79935802413907,10.30316968292572,-0.46050582737744783,0.9549103120977769
b0ece04a2172427bbc77c800c5ec5416,scene-0065,12.33923176221925,24.367738553359196,0.0,1.121561141277261,2.8930099562088687,12.192552939882727,2.9833755181173087,2.8930099562088687,13.286276947785847,-1.8618143768400477,-1.0937240079031199
ea623fca2159452e95764488d0198e01,scene-0065,1.2053658054163379,4.33377631084202,0.0,1.142278697152765,4.33377631084202,0.3750000000000002,1.059638666751817,4.33377631084202,0.675,0.08264003040094803,-0.2999999999999998
fddc64f6dee74c7ab09d12c855bbcfcc,scene-0065,1.2832013997496667,1.6523685493944595,0.0,1.1089076611185043,1.8154908269272163,0.7681980515339463,1.287299160794153,1.8154908269272163,0.999024593818714,-0.17839149967564882,-0.23082654228476773
9027c52e22a64eb38ad6ab68a5c2ffc3,scene-0065,1.311801134061684,1.8630721981472682,0.0,2.6947029496247303,7.184965848460011,2.6836484294913743,2.386194659720715,3.413720970707932,2.392665168909886,0.30850828990401524,0.29098326058148816
ea18c2675c464907a0328f7018e3f09b,scene-0065,1.5924813310865773,0.7806036988323825,0.0,1.9536288057301525,3.0740668917364267,1.5305850585493876,2.3307326458989595,3.0740668917364267,1.5567623332530316,-0.37710384016880694,-0.02617727470364395
f96be3e8469543f88b3b1b71d31d559c,scene-0065,2.6239331529513237,5.392945143089969,0.0,3.2706431263629634,8.007445221270707,1.1372635961879078,4.739159822727039,11.097362550758595,2.381178906744516,-1.468516696364076,-1.2439153105566083
805679273e9d4b6c8db969928e9b2587,scene-0065,3.818380069476288,9.421819741859448,0.0,4.051590003939445,9.421819741859448,0.2427050983124842,3.9037193550264853,9.421819741859448,0.3927050983124841,0.14787064891295998,-0.1499999999999999
af6f5cce3b714c65a7fab7e20f66b056,scene-0065,4.817657425950642,10.657149904374181,0.0,4.290780690951286,10.657149904374181,0.6000000000000005,4.585834019352221,10.657149904374181,0.30000000000000004,-0.2950533284009351,0.3000000000000005
42ea07c090a949ba871e0235d816bcb8,scene-0065,2.943266928645395,5.43538331924661,0.0,4.9031608153252195,11.506677632196118,2.1628341297226976,5.052717478107348,11.506677632196118,2.309896227131394,-0.1495566627821283,-0.14706209740869625
14347c7a5b7644b382b37500b8d9a3f2,scene-0065,3.8758468330713534,9.897959562123047,0.0,4.986757727924033,11.093079022502176,1.1560660171779822,5.510531507635449,11.093079022502176,1.681066017177982,-0.5237737797114157,-0.5249999999999999
1009885e2a774e04856df7a471c0b826,scene-0065,4.7962339902156454,10.564989289403384,0.0,5.984392455978863,11.763535345376706,1.2310660171779828,6.655386234771245,15.360535772950218,1.9104101966249687,-0.6709937787923819,-0.6793441794469859
4f26e6dac5f947a4ab722596b9cb9cef,scene-0065,3.7878227609930804,8.687935650284468,0.0,4.438915073267175,8.687935650284468,0.8871320343559644,4.288915151881691,8.687935650284468,0.887132034355964,0.14999992138548457,4.440892098500626e-16
201241eaa9494e4291e00c9f3ef60337,scene-0065,3.7058206824687527,4.3036142935575485,0.0,5.036483663005653,11.49704067907845,1.434181312115435,5.336056521924352,11.49704067907845,1.7341813121154357,-0.2995728589186992,-0.3000000000000007
81458d7c63ee40afba6d143188cebaa2,scene-0065,2.987622761656701,3.391898286905479,0.0,4.474175134607645,5.779258809497098,1.5121708245126277,4.100155834665714,5.779258809497098,1.1371708245126282,0.3740192999419305,0.37499999999999956
eda4d0b31b36438f8cd882456a27b698,scene-0065,3.6286487090693424,4.744604937093157,0.0,5.4937675472360095,9.527918302597046,1.8871708245126282,4.371123348917276,8.330290474406937,0.7677050983124837,1.1226441983187332,1.1194657262001444
e92a9c1aa6bd4d449ae6a6ab99b4fb3c,scene-0065,3.5902777224036564,4.885525905382028,0.0,4.624695686776022,9.656256148515977,1.067705098312484,4.476558489282413,9.656256148515977,0.9177050983124843,0.1481371974936092,0.1499999999999998
653b2b59f1e3486b96dc1a5845b32046,scene-0065,4.648300004073018,8.68087586835447,0.0,4.279584098746899,8.68087586835447,0.3871708245126285,4.216108353218799,8.68087586835447,0.5164762138029503,0.06347574552810009,-0.12930538929032176
44bc933d7cfb43a485802e98e0e12495,scene-0065,3.219024404131683,3.8633328126279594,0.0,3.4600458028169383,4.074650506978086,0.7677050983124848,1.8866101281310121,4.074650506978086,1.5554076662032397,1.5734356746859262,-0.7877025678907549
85259150adbf4cdfab72f9cc07c0702e,scene-0065,4.726686518255727,8.546196490448288,0.0,5.115317895471527,4.949101292531938,0.912170824512628,3.587231428370683,4.017358612594078,1.4172369593331158,1.5280864671008443,-0.5050661348204878
7c876ea78f93425dbda4043635da911f,scene-0065,5.409709007923876,9.465897976145826,0.0,2.415225789429308,3.468485439330613,3.0,2.2618093597206803,3.7248043089368537,3.246060116811284,0.1534164297086278,-0.24606011681128415
a03dedbff28247ff8d8479ff8cdcf8cd,scene-0065,6.174688835622748,11.494730308981582,0.0,18.699777274487307,36.69467638930303,12.974999999999998,2.982754894623424,3.334762278811418,3.372810612372832,15.717022379863883,9.602189387627167
a262ad95f9e44fad8a369c707fe75dec,scene-0066,0.22358609131866333,0.2235328732094213,0.0,0.22358609131866333,0.2235328732094213,0.0,0.22358609131866333,0.2235328732094213,0.0,0.0,0.0
20b9be45c2bc498380517053a3116611,scene-0066,0.22356936582140993,0.22356136732739115,0.0,0.22356936582140993,0.22356136732739115,0.0,0.22356936582140993,0.22356136732739115,0.0,0.0,0.0
3142d6f4518b4f6d8b8cd712215d367e,scene-0066,0.2235761153269764,0.2235873077499118,0.0,0.2235761153269764,0.2235873077499118,0.0,0.2235761153269764,0.2235873077499118,0.0,0.0,0.0
cdb3180a9d704611af1cbd96c972ddf6,scene-0066,0.22355494369047302,0.2235574799395996,0.0,0.22355494369047302,0.2235574799395996,0.0,0.22355494369047302,0.2235574799395996,0.0,0.0,0.0
56e47a0e044d4dd1857f569ff4561ffd,scene-0066,0.22360106488268272,0.22345326633903145,0.0,0.22360106488268272,0.22345326633903145,0.0,0.22360106488268272,0.22345326633903145,0.0,0.0,0.0
cd6a683d2b52441fb2b14310cda45403,scene-0066,0.23313073100029422,0.32600728317047234,0.0,0.23313073100029422,0.32600728317047234,0.0,0.23313073100029422,0.32600728317047234,0.0,0.0,0.0
82fb5760e07b475d8294cc3799470b2b,scene-0066,0.27175665342714994,0.6023200379849727,0.0,0.27175665342714994,0.6023200379849727,0.0,0.27175665342714994,0.6023200379849727,0.0,0.0,0.0
166d5519f9f04aa981b7c44d15abaae3,scene-0066,0.3745271406198528,1.1937179642240756,0.0,0.3745271406198528,1.1937179642240756,0.0,0.3745271406198528,1.1937179642240756,0.0,0.0,0.0
ca3857e4430f428fbced795ba949edd3,scene-0066,0.5700537312645925,1.9842744510349926,0.0,0.5700537312645925,1.9842744510349926,0.0,0.5700537312645925,1.9842744510349926,0.0,0.0,0.0
db2f0c648d724b38b97e4be53c30c14c,scene-0066,0.9273256283384745,2.9280450617850797,0.0,0.8784898475640566,2.9280450617850797,0.07499999999999996,0.8784898475640566,2.9280450617850797,0.07499999999999996,0.0,0.0
08064c1d5ec84bd08fcf9b3acebd8e36,scene-0066,1.8261516422423656,3.8783625052826705,0.0,1.3050896202893791,3.8783625052826705,0.5999999999999996,1.3050896202893791,3.8783625052826705,0.5999999999999996,0.0,0.0
ba920082c1ba4200a914eafd1a542bda,scene-0066,2.091529139907859,4.746422445300491,0.0,1.8440440674627618,4.746422445300491,0.2999999999999998,1.8440440674627618,4.746422445300491,0.2999999999999998,0.0,0.0
cf8fc521689c4a48811a9d9439cc9016,scene-0066,4.2922970085057095,5.4961484013608395,0.0,2.480738001692723,5.4961484013608395,2.4749999999999996,2.480738001692723,5.4961484013608395,2.4749999999999996,0.0,0.0
d252db5e41664c1f86b57d33439d51c4,scene-0066,4.116221394073907,5.940412245724215,0.0,3.071813251788077,5.940412245724215,1.7999999999999996,3.071813251788077,5.940412245724215,1.7999999999999996,0.0,0.0
aa9594327b8c4668923c0334bb4ff0e0,scene-0066,4.5280330951860766,6.023082190595387,0.0,3.511976129288926,6.023082190595387,2.4749999999999996,3.511976129288926,6.023082190595387,2.4749999999999996,0.0,0.0
63200db0d9f945fa899f191256269eca,scene-0066,3.704705530952378,5.590746725314809,0.0,6.11447228838702,5.590746725314809,8.024999999999999,3.8217032764816246,5.590746725314809,0.2999999999999998,2.2927690119053956,7.724999999999999
be71c94f123e4583878a8ff57618507c,scene-0066,3.41028138397897,4.785261699587494,0.0,3.41028138397897,4.785261699587494,0.0,3.41028138397897,4.785261699587494,0.0,0.0,0.0
3d477bc2b7e7409197b5b87053b6a8a7,scene-0066,2.895547504684116,3.7376157992917074,0.0,2.895547504684116,3.7376157992917074,0.0,2.895547504684116,3.7376157992917074,0.0,0.0,0.0
b72f2f5db001422aad91c243b2cbb716,scene-0066,2.296705795718368,2.7866275757496606,0.0,2.296705795718368,2.7866275757496606,0.0,2.296705795718368,2.7866275757496606,0.0,0.0,0.0
dc716f0a1f43461882972185183fc59a,scene-0066,1.6812233098151599,1.928671727482861,0.0,1.6812233098151599,1.928671727482861,0.0,1.6812233098151599,1.928671727482861,0.0,0.0,0.0
6f6cd9a49cf54406ae7dd95ca05f863b,scene-0066,1.157402489966193,1.267306551865404,0.0,1.2798902683147304,1.267306551865404,0.2999999999999998,1.157402489966193,1.267306551865404,0.0,0.12248777834853741,0.2999999999999998
8ebc4595468e47979c938ff9b24e5ca3,scene-0066,0.6856479716969046,0.7154519550627833,0.0,0.6856479716969046,0.7154519550627833,0.0,0.6856479716969046,0.7154519550627833,0.0,0.0,0.0
48f50eb479f040a493500dc889c0d43e,scene-0066,0.35704267115236926,0.3592825884211172,0.0,0.35704267115236926,0.3592825884211172,0.0,0.39607491106023074,0.3592825884211172,0.07499999999999996,-0.03903223990786148,-0.07499999999999996
c3859300cfef4d4286db5a6d0c40a68d,scene-0066,0.20945361756184339,0.21072591624510098,0.0,0.459872544159763,0.21072591624510098,0.2999999999999998,0.8613027207311681,0.21072591624510098,0.7499999999999996,-0.4014301765714051,-0.44999999999999973
e471aaf2fed44636b543e9aebd427664,scene-0066,0.22111978913149288,0.2231532023251309,0.0,0.22111978913149288,0.2231532023251309,0.0,1.6420505041890974,0.2231532023251309,1.5749999999999995,-1.4209307150576045,-1.5749999999999995
1681047a76884176a92f828dd7479e6d,scene-0066,0.2267060191649199,0.22852492050464468,0.0,0.27552117564421175,0.22852492050464468,0.07499999999999996,0.5976754239823592,0.22852492050464468,0.44999999999999973,-0.32215424833814743,-0.3749999999999998
a18f6a3866e643e6bbf08564b801c754,scene-0066,0.2293498277786145,0.26170386391908934,0.0,0.2293498277786145,0.26170386391908934,0.0,0.27816402735979723,0.26170386391908934,0.07499999999999996,-0.048814199581182716,-0.07499999999999996
d68e378d210a42e4a1340f034140e8cc,scene-0066,0.23794316423680567,0.3118372142926728,0.0,0.23794316423680567,0.3118372142926728,0.0,0.23794316423680567,0.3118372142926728,0.0,0.0,0.0
34b99bee7dee49cab8975cc71aa1f207,scene-0066,0.24929833814696745,0.31852771266331836,0.0,0.24929833814696745,0.31852771266331836,0.0,0.24929833814696745,0.31852771266331836,0.0,0.0,0.0
7efe61368c96401e9cba997bddcdc71a,scene-0066,0.26043355320518274,0.3167281397115154,0.0,0.26043355320518274,0.3167281397115154,0.0,0.26043355320518274,0.3167281397115154,0.0,0.0,0.0
67eb4a6b67c04fadae51b6425cc939b1,scene-0066,0.2716413415570227,0.31673880450648195,0.0,0.2716413415570227,0.31673880450648195,0.0,0.2716413415570227,0.31673880450648195,0.0,0.0,0.0
0a71cd9e2ee94dfda79f9d87df741bba,scene-0067,5.04167823025968,11.872559364053508,0.0,5.0523973112485265,11.872559364053508,0.07499999999999996,5.0523973112485265,11.872559364053508,0.07499999999999996,0.0,0.0
2f11637660c6491c9cf31dfbd0f7afb0,scene-0067,1.56412880454017,4.385958571464213,0.0,6.212297076679421,13.872217856020617,5.999999999999998,6.212297076679421,13.872217856020617,5.999999999999998,0.0,0.0
8d3c79e6f9b047c88cf4109f75c9f6c6,scene-0067,1.3826750448921974,3.421483082372268,0.0,1.684802928554148,5.744599561564769,0.49877111549046677,1.757436550638659,5.744599561564769,0.573771115490467,-0.07263362208451096,-0.07500000000000023
10599379ae6b4a9da77f68b4a73794e2,scene-0067,1.2850099684048772,5.212037869757221,0.0,5.553259493980828,17.148688723066826,4.373683670833118,6.2225492258418225,17.148688723066826,5.128353001955508,-0.669289731860994,-0.7546693311223907
922349daf3cf48ada31bbe98830a08a2,scene-0067,2.3096969748077925,4.058522855618044,0.0,5.40583554197342,19.056695668249496,3.5398342983929463,6.916340120556217,19.056695668249496,5.055824556062678,-1.5105045785827977,-1.5159902576697317
7f5f3e618b814a31b6256c102ddf201e,scene-0067,4.557014517533637,12.340977318548628,0.0,5.153790537800597,12.340977318548628,0.6121708245126284,5.225184571924396,12.340977318548628,0.6871708245126283,-0.07139403412379952,-0.07499999999999996
cddc1dedd5274979ac1a4648b7d33c17,scene-0067,4.699912625090061,11.578276753224728,0.0,5.438155064299927,13.886109766747019,0.767705098312484,5.438155064299927,13.886109766747019,0.767705098312484,0.0,0.0
518587efbd6d482b9ebeaee84ebbdce5,scene-0067,4.833449855559192,10.49633218426507,0.0,6.598722863169916,15.215906708413979,1.8243416490252566,6.144772539227185,15.215906708413979,1.362170824512628,0.45395032394273116,0.4621708245126286
52780b1edf5d40f09611958e96aa9422,scene-0067,3.4182066611941173,6.7926504200069235,0.0,12.157368228347778,24.81753826988092,8.783736415196811,12.457147524615124,24.81753826988092,9.08373641519681,-0.2997792962673458,-0.29999999999999893
8c995fe75e4b40898d4926d01156db02,scene-0067,1.7931497142715478,1.5833788485151261,0.0,1.2901142020859235,3.095500266403749,1.2310660171779824,1.4165560682850125,3.095500266403749,0.7810660171779823,-0.12644186619908893,0.45000000000000007
cf64f28355014134bb2e6be6169f22d6,scene-0067,2.0712145922426206,2.8333986954864323,0.0,0.7579651356739474,1.9786253991896985,1.8750000000000007,0.8209149290097125,1.9786253991896985,1.8000000000000007,-0.06294979333576511,0.07499999999999996
cf82c314f3d64450ba6dcbff2adb1e50,scene-0067,1.1976232220146354,1.2143184012737709,0.0,0.7255615407139293,0.5725691888835788,0.7621708245126285,0.6734040379730108,1.2143184012737709,0.8371708245126283,0.05215750274091846,-0.07499999999999973
eade13bbfa434509ba0de2bc6f1f80f7,scene-0067,0.9478736837532262,3.596473879931227,0.0,0.8085406376611755,3.596473879931227,0.5250000000000001,0.934608659809375,3.596473879931227,0.15000000000000013,-0.12606802214819957,0.375
f3b260af549742c59e9434b8c7267b0c,scene-0067,0.7814928110626971,1.1918709055075773,0.0,0.8706650094336669,1.1918709055075773,0.4499999999999995,0.9378493883401969,1.1918709055075773,0.5999999999999996,-0.06718437890653006,-0.15000000000000013
319817461b974bdd904360356a5186de,scene-0067,1.0096323815090564,1.7671767680085488,0.0,1.5710599224582014,2.966665474401572,1.4249999999999996,1.4480171638629582,5.366328787191542,1.1249999999999996,0.12304275859524316,0.30000000000000004
236a1b4b400e4fc194c6d9791fe44b75,scene-0067,1.3760160591158423,3.020726896495412,0.0,2.427146244927584,7.8207226083031,2.3999999999999995,2.3782236719889402,9.02072224931166,2.2499999999999996,0.04892257293864377,0.1499999999999999
1d76822a4f374fb0ba82bbdd388fecf4,scene-0067,2.2289890578385894,8.028400089756955,0.0,3.4379388237116553,9.228380266506715,1.4250000000000003,3.2129494530464235,8.028400089756955,1.2000000000000002,0.22498937066523172,0.2250000000000001
33d4e7ba18304d05973bf95ae6b23100,scene-0067,2.4849262820911813,7.179414495508366,0.0,3.5739681486174244,9.579411739668616,1.425,3.424035051481003,8.379412920259286,1.275,0.14993309713642144,0.15000000000000013
1a2fa42ebe374ca4bdb234d8b9bc0ad7,scene-0067,3.383931084701592,9.706371205604018,0.0,6.666217358927964,20.50637035512085,3.3750000000000004,5.812214689809897,13.306370768712467,2.475,0.8540026691180671,0.9000000000000004
5f56bd648377499c9f14edee6999a854,scene-0067,5.584457056312873,14.624194077463438,0.0,8.131165640149383,20.624189685820113,2.55,7.756169778562182,20.624189685820113,2.175,0.3749958615872018,0.375
8dba119ee80b45f4ad16df7fc75ee472,scene-0067,8.42509646831001,18.1951462706047,0.0,8.87468641783602,21.79513518166709,0.75,9.549679330009564,21.79513518166709,1.1250000000000002,-0.6749929121735434,-0.3750000000000002
a92a15053117459b8f4c9df4fd3c6e86,scene-0067,10.260054974356898,21.086419831702347,0.0,12.584777747221645,28.28639142746266,2.3249999999999993,11.534820288946241,22.286413823155737,1.2749999999999997,1.0499574582754043,1.0499999999999996
9071d11218e746edbab4006a7bd7322b,scene-0067,11.423953616418057,24.62594065813459,0.0,13.675992962857572,28.225927557986832,2.267705098312484,13.148785308976114,27.025931536923366,1.7249999999999992,0.5272076538814581,0.5427050983124846
1be47ac2307f4fefafd4a6679574ca74,scene-0067,11.49057136157181,21.588159996447065,0.0,14.428164277291083,29.988122221923202,2.9939847675715496,14.34044126380605,28.78812626864025,2.8499999999999996,0.08772301348503397,0.14398476757155
56285ad5b65d46748442bbb0a756350a,scene-0067,1.129407283405698,2.4376773292984684,0.0,15.22545707070273,28.763888596297836,16.349999999999998,13.800697801111063,27.563893920983205,14.924999999999999,1.4247592695916662,1.424999999999999
d7f023cebff64a64956e486bc608383d,scene-0067,1.0344460447236272,3.0037314041493404,0.0,16.44813925002322,29.397530398880562,17.474999999999998,15.32315285324816,29.397530398880562,16.349999999999998,1.1249863967750606,1.125
c16a2a4f17dd4c98bc946950c16a481e,scene-0067,1.2474603412378236,4.076143220403863,0.0,1.2474603412378236,4.076143220403863,0.0,1.2474603412378236,4.076143220403863,0.0,0.0,0.0
575b55e43b014b17850144a75d9b0424,scene-0067,1.8247072030699392,5.58881853874131,0.0,1.8247072030699392,5.58881853874131,0.0,1.8247072030699392,5.58881853874131,0.0,0.0,0.0
653b3d6168cb4dd096cb5c32624fb697,scene-0067,2.679823245256218,7.431472049732385,0.0,2.679823245256218,7.431472049732385,0.0,2.679823245256218,7.431472049732385,0.0,0.0,0.0
e0359b8fff1b4dcd80b4c42b427017b0,scene-0067,3.6915046636287157,9.387101605124535,0.0,3.6915046636287157,9.387101605124535,0.0,3.8617578591785118,9.387101605124535,0.22499999999999987,-0.17025319554979612,-0.22499999999999987
68ca352ad1c0437fb72ba8797d119287,scene-0067,6.538401385282673,12.575875505384438,0.0,12.83255804053679,20.975388782639648,11.399999999999999,12.30757041146001,18.575482929189537,10.875,0.5249876290767812,0.5249999999999986
5e758b05fbff4f39b7c1df92cbc118d9,scene-0067,6.949105959098004,10.404899386400084,0.0,11.148376538270576,18.80343390243099,4.199999999999999,10.473425525235662,15.203863699804788,3.525,0.6749510130349137,0.6749999999999994
db655797a4be45e69c6d0c11b07012c9,scene-0068,1.2653298124157915,2.7721735657612507,0.0,0.8794644016805283,2.7721735657612507,0.6298759228251127,0.6775394108983844,1.4527049088314359,1.0714037464339532,0.20192499078214388,-0.44152782360884046
298b2154bbb24bc4a922795f5c095258,scene-0068,1.3202850119914538,4.277734237759359,0.0,1.0387740100694751,1.2966505656372607,0.8249999999999997,0.8189472876078657,1.2966505656372607,0.8427050983124841,0.2198267224616094,-0.017705098312484346
a5f9e7f71ee141739fc437448f2936bd,scene-0068,1.067123160457996,4.78811162671516,0.0,0.8296859673095748,1.5838883037857552,0.9749999999999994,1.0483836104590867,1.209517215750747,1.0371320343559636,-0.2186976431495119,-0.06213203435596415
e256cf1605074ced9afc24d78efd5449,scene-0068,0.7989237479521705,0.4623117755978188,0.0,0.6303325697794075,0.4623117755978188,0.4500000000000002,0.6002185224289357,0.4623117755978188,0.5249999999999995,0.03011404735047185,-0.07499999999999929
d4e73890aaaa4518b868109ee8d22da3,scene-0068,1.0365281302158824,3.944388257887477,0.0,0.9240287342009728,3.944388257887477,0.375,1.0282402880200407,3.944388257887477,0.5999999999999996,-0.10421155381906799,-0.22499999999999964
1caf1fcf71f54a8590f0f9af64cf5148,scene-0068,1.206813047166688,2.3997348925803053,0.0,0.7072192962935906,2.3997348925803053,0.6842329219213247,0.7062461935444113,2.3997348925803053,0.8342329219213246,0.0009731027491792776,-0.1499999999999999
e772ba54f9514da4810e513149ce6fe3,scene-0068,1.2984128228261316,2.8970981428219145,0.0,0.7287390528469105,2.8970981428219145,0.7798759228251131,0.9465749148700598,2.8970981428219145,0.4621708245126287,-0.2178358620231493,0.3177050983124844
f2385b67dc0d4a9bb04f64287913a2c5,scene-0068,0.5531146661422706,1.1381637476152773,0.0,0.9669717110092737,1.2780447111773756,0.8249999999999997,0.8097014949165865,1.1381637476152773,0.5249999999999999,0.1572702160926872,0.2999999999999998
09932477b0e94956add44cb573924a07,scene-0068,0.9110990106699873,1.7329138615347417,0.0,1.3879391044017948,1.7329138615347417,0.5249999999999997,1.0881087061900319,1.7329138615347417,0.22499999999999987,0.29983039821176294,0.2999999999999998
bfb2693692614652bb63879232fb971a,scene-0068,0.7026746260086371,2.682298940613225,0.0,1.373390472280323,2.1197671828644817,1.8,1.1086641920766085,1.483037063764225,1.3500000000000003,0.26472628020371447,0.44999999999999973
5408876a7e6b40f48511768b3bd28b55,scene-0068,0.7212793894862978,0.22214646681099753,0.0,1.7911993473174164,1.0993329853495513,1.35,0.6701208211462075,0.22214646681099753,0.22499999999999964,1.1210785261712088,1.1250000000000004
bee0d4cacf74408fb40d47e10dff4a89,scene-0068,1.2108903806184985,3.6701801312910742,0.0,2.0200082201156597,3.544793928142901,3.1499999999999995,0.9076706940162875,1.1606535776767277,0.6749999999999998,1.1123375260993722,2.4749999999999996
a6026282a41e45a9b089491bd459cb4f,scene-0068,0.572097060539998,0.7724351041172576,0.0,1.5038106210246118,7.760653810452773,1.661537275662276,2.1759926296264287,7.643777954315343,2.6249999999999996,-0.6721820086018169,-0.9634627243377236
d54cb423c33a4b57b26f62ce37a99cfa,scene-0068,3.9454194521677994,8.430803138224173,0.0,3.045841121947981,4.831093826088161,0.8999999999999995,2.206949851190002,9.654957920959653,5.784770707147695,0.838891270757979,-4.884770707147696
6e2711e1505c4acfaa5bb1d79ace05ed,scene-0068,2.1632085773536303,5.031751961815171,0.0,1.4019673902229992,4.718922217872873,2.7912066067846686,2.130315818968824,9.442652675218895,3.693449096311635,-0.7283484287458246,-0.9022424895269663
0073c1a820274b22b954dca66b35d7e5,scene-0068,1.0668600317557995,1.9303920574479299,0.0,2.4705519537025182,6.839984012904603,2.4428074928679067,3.21953921662243,17.5726945121514,3.1566210323644635,-0.7489872629199117,-0.7138135394965568
8c055f196cfb432caa9b35fa1bae56d7,scene-0068,0.9061178329058734,1.7366413590958445,0.0,1.491724947365682,2.936151212063633,1.7999999999999996,2.6947548668013575,16.184916703957388,3.003119593409422,-1.2030299194356755,-1.2031195934094223
e961b547d4514eb3bab9debf6191bff0,scene-0068,0.8892350425123934,1.1933523028073585,0.0,4.1324571403972215,13.30219988289523,4.953119593409422,3.902891741244513,8.429314699927422,4.725,0.22956539915270824,0.22811959340942245
4a423faa3dc14d5f89f34836c938a776,scene-0068,0.4769812102461735,0.5201361182361394,0.0,2.273628014501421,6.367271032193598,1.8749999999999998,2.198792050710617,5.16989561154073,1.7999999999999996,0.07483596379080382,0.07500000000000018
2be2d60f75414d76b022da0b4003a634,scene-0068,1.5338363896309328,3.7745528030899127,0.0,6.7532340402526,16.70558591676875,8.25,6.0239294305072155,13.228072727246916,7.505555524351762,0.7293046097453848,0.7444444756482378
8872619e5c784e15a0daf988306fb19f,scene-0068,1.9902875471441872,3.983451289417514,0.0,7.825468664006868,16.740793151661954,9.757376369393812,8.273138270571375,19.12044621318147,10.20696677603897,-0.4476696065645065,-0.44959040664515726
7b06c6bd641e4060a607f3db4d3c3109,scene-0068,4.644102782864287,9.537749604844379,0.0,8.156962192040389,14.721190682902156,12.749999999999998,8.156962192040389,14.721190682902156,12.749999999999998,0.0,0.0
53a3b6ba49af484d9d0bab0ffb9dea01,scene-0068,4.936901806632932,9.72878800843352,0.0,4.901865161897224,9.72878800843352,6.8249999999999975,7.861048626432372,18.409153552546705,12.449999999999998,-2.9591834645351476,-5.625
d35ed5d740c44d1fa3560e3edc511939,scene-0068,5.042763988078308,10.47798100064344,0.0,8.614462023431248,15.078146377725007,13.29735207439892,8.541577244969563,15.078146377725007,13.222474323544404,0.07288477846168462,0.07487775085451709
c9fa03983eff4a22b39756bdc3cb9e73,scene-0068,5.406066211499756,11.52296547177054,0.0,7.960816543740548,13.713615252875492,12.77784031819322,7.507465174681306,13.713615252875492,12.383584251616472,0.45335136905924234,0.39425606657674805
0d93136f6245485a81c9069422e99122,scene-0068,4.3629080163690785,12.895685261310623,0.0,6.886064489359072,11.394227229779023,9.938052111161491,7.013702741284012,12.356689266651799,10.087774099279144,-0.1276382519249406,-0.14972198811765303
550eea84a6cd45f999241c3a168758b7,scene-0068,9.2134818501954,17.410493038174977,0.0,10.835433677581296,20.38519502172131,8.577777830223674,11.044494880368742,20.38519502172131,8.173890469688587,-0.20906120278744567,0.4038873605350872
ac2e706a974d4d239ec616b2d73b46f7,scene-0068,8.597055854963909,20.33359341604319,0.0,10.587004331503756,20.33359341604319,6.346300926035131,10.035956593704267,20.33359341604319,4.0178133443753055,0.5510477377994896,2.328487581659825
5496fdeb89f04174a9eee1beeccc133e,scene-0068,4.197642267012979,20.953659997172657,0.0,2.7463138426785623,2.7535463746269233,2.669210920567043,2.7463138426785623,2.7535463746269233,2.669210920567043,0.0,0.0
9f9b1ef876ad4d6eae300231ec0fdf08,scene-0068,2.1107798751155733,4.585783180457394,0.0,2.660103124251045,4.585783180457394,1.4370337320571338,2.660103124251045,4.585783180457394,1.4370337320571338,0.0,0.0
bff9e8fdca6f45949ed1a6fa1fb6957a,scene-0068,1.496237761803593,2.881294109527046,0.0,1.249705233281659,2.881294109527046,0.3927050983124841,1.3107925507173668,2.881294109527046,0.4677050983124843,-0.06108731743570783,-0.07500000000000018
ff3e47f0101749cb995e64f97d237305,scene-0069,6.376525202484776,12.547241613168719,0.0,6.431012651290883,14.624890483371981,12.088064718597963,6.431012651290883,14.624890483371981,12.088064718597963,0.0,0.0
b659437b962e460faf0126bf16fa96be,scene-0069,6.4085811961229355,12.906515938318993,0.0,5.115288944424863,12.906515938318993,5.854994456755937,5.115288944424863,12.906515938318993,5.854994456755937,0.0,0.0
56325f91831d44f9b6a6122b08178ae7,scene-0069,6.292798459404336,14.230884187890934,0.0,4.731354328873802,14.230884187890934,4.727203977444481,4.731354328873802,14.230884187890934,4.727203977444481,0.0,0.0
db28b78ad54d4ec1a5959e285a0a726c,scene-0069,4.939803420640682,32.463701341171316,0.0,5.600893008051251,32.463701341171316,1.0252534783282476,1.5412106046535272,0.9427194057731177,4.647645991706144,4.059682403397725,-3.6223925133778963
c66f9382a2b84b0683a0244e4193bcd4,scene-0069,3.196835184949908,5.14271648702648,0.0,2.3589521432397165,1.9065861396042003,0.8757464315497099,2.3589521432397165,1.9065861396042003,0.8757464315497099,0.0,0.0
2e55334cd46a498d8bf05d801a795191,scene-0069,1.3845929098597158,6.76200048012692,0.0,1.3073309392347476,5.725850050972777,0.36213203435596464,1.5282233843984554,5.725850050972777,0.8575485849042453,-0.22089244516370776,-0.4954165505482807
69bc35440f5545169c6c29a713a138ce,scene-0069,0.794614152877571,1.0926427697231258,0.0,1.4419188968916585,3.7153008841778066,1.4784040602489692,1.3547739373275467,3.7153008841778066,1.3106989619364848,0.08714495956411183,0.16770509831248437
b203d6cccc1e436ca967c6bb9f7a98b4,scene-0069,1.9904518919951841,4.299869019208192,0.0,1.7813112559759174,3.5272390607142694,1.3718350569386004,1.919962943504176,3.5272390607142694,1.5581154902364152,-0.13865168752825863,-0.18628043329781474
ad6535e0ac204f018bad5da2164cafcb,scene-0069,2.3189461994286127,5.88765262280211,0.0,4.67584170954512,23.879365617663552,2.552774262304266,7.340800104551949,23.879365617663552,5.6131051267697405,-2.6649583950068294,-3.0603308644654743
5634a399a72341d8bb4bbc19f395eeaf,scene-0069,1.2082892889280532,0.9899020430013452,0.0,3.96285253974114,25.402218904430484,4.085207247610617,0.9512847455041689,0.9899020430013452,0.9664762138029509,3.011567794236971,3.118731033807666
0ba0c2a1f13e415b8462704e5d5748d3,scene-0069,1.227108760573746,3.9162686450422943,0.0,1.3405878133516234,1.2370898825902845,1.2664762138029504,1.7192540342303255,3.984797081126434,1.574395630543872,-0.37866622087870216,-0.3079194167409216
589cc3949362468b92173dbf93e3d369,scene-0069,2.0627977073112147,4.448252126295356,0.0,2.1837979876310722,4.843200210925342,0.44999999999999973,2.0540481989070773,4.843200210925342,0.2999999999999998,0.1297497887239949,0.1499999999999999
451f8a8a0bf348899e06016cce8d550a,scene-0069,3.1582234580894983,4.426890140208779,0.0,3.020878226502589,4.426890140208779,0.33106601717798245,2.7119796224362247,4.426890140208779,0.44999999999999973,0.30889860406636416,-0.11893398282201728
d1b8d295905640f8a777f8f5fa8af227,scene-0069,0.9827657892829444,1.9697483338918957,0.0,1.6996346366622195,3.1250761792031616,1.187132034355965,1.4958450517732793,1.9697483338918957,1.0060660171779827,0.20378958488894017,0.18106601717798232
57715cd92803407da7dcf8374cd9d2ca,scene-0069,0.6493602443345077,1.1396890582127153,0.0,1.458473379411043,2.234278879487485,1.2487711154904666,1.701986503723858,2.234278879487485,1.4371708245126285,-0.24351312431281502,-0.18839970902216185
5486abfaea0f40d68576ad5c3fff76c1,scene-0069,1.1123241792975698,1.3313567785268172,0.0,1.188694742628821,1.3313567785268172,0.22499999999999987,1.052151716760323,1.3313567785268172,0.07499999999999996,0.1365430258684981,0.1499999999999999
f8749c3120c641758221875b0e3b806d,scene-0069,1.4816587707468842,3.7618739587113814,0.0,2.230389225737321,3.7618739587113814,0.7677050983124832,1.9774221974580986,3.7618739587113814,0.7237711154904667,0.25296702827922246,0.04393398282201655
4c4f5bde9d574cab9813c9ff33ea9aca,scene-0069,1.1310345587066817,2.9399111954625217,0.0,2.955835000523094,5.283856185288849,2.1487711154904665,2.22410598356341,2.9399111954625217,1.3500000000000003,0.731729016959684,0.7987711154904662
ce22b1605a1c476796cb557856d72955,scene-0069,1.2785150760877197,2.3185333178474568,0.0,1.98487461814794,3.4513723730839962,0.9310660171779828,1.3493175170400034,3.4513723730839962,0.07499999999999973,0.6355571011079366,0.856066017177983
0dca4eeb674d410e8d34356df2767c22,scene-0069,1.0787267870807282,1.9609768964763516,0.0,1.4224078451385904,3.0146674269568483,0.3871708245126285,1.0695902674023383,3.0146674269568483,0.1499999999999997,0.3528175777362521,0.23717082451262883
f097fef323a943e9b4c681e8ac9639d4,scene-0069,0.6515553456073422,1.2184790587983128,0.0,0.8224914288694849,2.414603384173644,0.22499999999999964,1.0567457919669008,3.6132987406240904,0.5249999999999997,-0.23425436309741587,-0.30000000000000004
59205838f45c438ba19dd90af9198b7a,scene-0069,0.6792128432316727,1.2976679520615404,0.0,1.042918227852561,2.49762604074219,0.44999999999999996,0.9464942414587086,2.49762604074219,0.4500000000000002,0.09642398639385241,-2.220446049250313e-16
24c6e0108b5844778df82c055c62cece,scene-0069,1.5958738813576927,3.7277719850722812,0.0,0.8962875831241899,2.5277728167537945,1.0499999999999998,0.6715066708707407,2.5277728167537945,1.125,0.2247809122534492,-0.07500000000000018
0c0d457506954f9ca28799e126b9cc1f,scene-0069,0.7417661980585952,2.377668593419056,0.0,0.8843406209796929,2.0989958898039642,0.5737711154904669,0.8843406209796929,2.0989958898039642,0.5737711154904669,0.0,0.0
087dfdeef74b4ad0adf297d750097c42,scene-0069,0.5406815079145043,0.6250223572674464,0.0,0.4469401661969314,1.8130304296083188,0.5250000000000001,0.5251174399874303,0.6250223572674464,0.22500000000000053,-0.07817727379049894,0.2999999999999996
904fca52c0b141378d27a76c5e19b613,scene-0069,0.6448494364754644,1.432732314698275,0.0,0.5422335084851595,1.432732314698275,0.1499999999999999,0.47958616905588974,1.432732314698275,0.375,0.06264733942926975,-0.2250000000000001
2a82c27a29b4439c9dacc509b3fbcb9b,scene-0069,1.0188133295017419,1.050145770691672,0.0,0.849590525142476,1.050145770691672,0.30000000000000027,0.849590525142476,1.050145770691672,0.30000000000000027,0.0,0.0
86fa742785964db9b2368e490597a22f,scene-0069,0.7567500668516214,0.7289888490495112,0.0,0.7566116345610743,0.7289888490495112,0.1499999999999999,0.7566116345610743,0.7289888490495112,0.1499999999999999,0.0,0.0
67966957238a437cb19455a6fa2e4066,scene-0069,1.2293237196493547,6.608892192560592,0.0,0.8303043701563979,3.2230467013365214,0.7182368416906107,0.9666861415353758,3.2230467013365214,0.4932368416906109,-0.1363817713789779,0.22499999999999987
2d333672e0f14c9885e27a8d59fcf30c,scene-0069,0.7695901179568807,2.773078355264022,0.0,1.12984792669246,2.773078355264022,0.37499999999999956,1.12984792669246,2.773078355264022,0.37499999999999956,0.0,0.0
f2a3f3ce4dff4e92aa9fef20f0ca96a6,scene-0069,0.9606894802629056,2.602633388852247,0.0,1.0356720516493814,2.602633388852247,0.07500000000000018,1.0356720516493814,2.602633388852247,0.07500000000000018,0.0,0.0
36d80427cbe047428458c076311428ec,scene-0069,1.0038417257647725,1.3425573286975756,0.0,1.559884162164194,0.25679339332465506,0.8250000000000004,1.559884162164194,0.25679339332465506,0.8250000000000004,0.0,0.0
79caf3784b924bcfb74d2676c3b5dcdb,scene-0070,3.5464951156301194,5.243526242680226,0.0,5.205641178740649,11.349967387085341,1.711644035369829,4.832685218038,10.16587182663238,1.3495190413714062,0.37295596070264914,0.3621249939984228
95d853ec1941473981346f04a47fd6e2,scene-0070,2.692672177205544,5.388153702914486,0.0,3.658375633929568,8.881038672882745,0.9749999999999999,4.2565719283868155,8.881038672882745,1.5842329219213247,-0.5981962944572476,-0.6092329219213248
0b09ec030a654aa687bcbd62daf030fa,scene-0070,4.435421488194036,10.322993106978611,0.0,5.183277831700457,11.474437624180986,0.8243028588685932,5.183277831700457,11.474437624180986,0.8243028588685932,0.0,0.0
596345aa123b44a8a3df8078e1d98569,scene-0070,4.3387717014196205,8.212214016716416,0.0,5.229097379678692,13.104402728112138,0.9092329219213242,5.229097379678692,13.104402728112138,0.9092329219213242,0.0,0.0
2a9951938c554f56884ec7a32e11448c,scene-0070,4.758316008814608,10.08249372199326,0.0,4.760621951709705,1.2407990398057418,1.3682700445107505,5.092057401861261,5.394652018254001,0.9617026855332602,-0.33143545015155595,0.4065673589774903
dd2a7d0d03ae41d8b253063ac65b352b,scene-0070,2.6071351790548327,2.8988006382060183,0.0,11.448946721831168,34.37790683872047,8.992181198483847,4.182606662187095,7.220616648432342,1.6350441141351368,7.266340059644073,7.35713708434871
68316c596bf8486589c60a6663bfb55d,scene-0070,2.359338300094305,2.0467297768523136,0.0,15.302043939168835,35.227804614001656,13.068294517882144,15.302043939168835,35.227804614001656,13.068294517882144,0.0,0.0
ae6d24f1fa4f495da1d07b8c25b8f06f,scene-0070,6.88502065113883,36.922504531207515,0.0,6.128649867127754,13.350816431351689,2.6531167709214065,6.198552082117685,13.350816431351689,2.722582497121551,-0.06990221498993154,-0.06946572620014457
044272282fe147918ba8422210de35bd,scene-0070,4.792921970841072,3.9329647302871655,0.0,5.411947724372423,7.718897608215398,0.629875922825112,5.555761996680846,7.718897608215398,0.7798759228251121,-0.1438142723084228,-0.15000000000000013
df1322915fd545e391a31d837f092a21,scene-0070,5.7495945980265795,9.523245091908159,0.0,5.803581927181499,10.684985561099484,0.5371708245126283,5.803581927181499,10.684985561099484,0.5371708245126283,0.0,0.0
689abe75535442ed8273862cbd602132,scene-0070,9.286008300806941,40.30976549577306,0.0,4.79702189298623,7.454055104675351,4.7677702648838025,4.79702189298623,7.454055104675351,4.7677702648838025,0.0,0.0
0967f8b7910c426ca134ec87b1d9cb0c,scene-0070,4.684383811436573,5.296732925848757,0.0,3.195613368763993,4.109248162286463,1.4999999999999996,3.047669208558988,4.109248162286463,1.65,0.14794416020500512,-0.15000000000000036
72fd091c31f045af91479e7fdb6c0488,scene-0070,3.3318860640883785,3.839438165916371,0.0,1.5474031705765723,0.2717953461130129,1.812170824512629,2.1609112270632345,3.839438165916371,1.243236841690611,-0.6135080564866622,0.5689339828220179
bc6f82d1a9c5435c991b9a2e807c2feb,scene-0070,3.0684756811153227,3.1604810835829316,0.0,1.5856512199805421,0.7733988491947615,1.6621708245126285,1.586505186911324,0.7870623200872695,1.65,-0.0008539669307818798,0.01217082451262863
f313df432d9a4ed39d2f0e4bd9d1231d,scene-0070,1.3968397697106179,1.533243377466451,0.0,1.028535236981849,1.533243377466451,0.5249999999999999,1.028535236981849,1.533243377466451,0.5249999999999999,0.0,0.0
8dd94dc47c0249abb3430ea2da1358cd,scene-0070,1.3563476741404665,0.8959305610517982,0.0,0.9773772387768845,2.7101793190341366,0.7500000000000002,0.9773772387768845,2.7101793190341366,0.7500000000000002,0.0,0.0
ba884c09172a4e0782df8313cfbdb15a,scene-0070,1.3317603050076703,0.639565392699652,0.0,1.0716100325706854,0.639565392699652,0.2999999999999994,0.9761453807332224,0.639565392699652,0.5999999999999999,0.095464651837463,-0.3000000000000005
7d18f7f2cb6a4fd0b4930d81d1f89103,scene-0070,1.0796072014740037,2.3086476785325933,0.0,1.4285755240428388,2.3086476785325933,0.675,1.1666305648310527,2.3086476785325933,0.1499999999999999,0.2619449592117862,0.5250000000000001
4f2792661fd1407ba91f983551275338,scene-0070,1.2394314413348235,3.8041443947048172,0.0,1.4132373798344557,3.8041443947048172,0.6000000000000008,0.8972156907403883,2.6041444442852186,0.75,0.5160216890940674,-0.14999999999999925
03f676f5fd424934a8e3fc22604dc3c7,scene-0070,0.9825414925664119,4.414732531395706,0.0,1.6238625492813088,5.614574489468191,1.6499999999999995,1.797489336567513,5.614574489468191,1.8749999999999996,-0.1736267872862043,-0.2250000000000001
5a6bd62f71a543bbb0b54ccd2f3db710,scene-0070,0.8501555573214532,1.5556425667691296,0.0,1.452384815872876,7.621823035258856,1.057426463519459,1.1703978771324266,6.350399118288521,0.5999999999999999,0.28198693874044944,0.45742646351945915
0a3de46504504b028132df207871842a,scene-0070,1.4664125140682878,6.979790013390846,0.0,2.5472917242421955,8.165378056575934,1.5000000000000004,1.5653751352348948,8.165378056575934,0.6310660171779822,0.9819165890073007,0.8689339828220183
5643ff5934fd47a8b2624fea0c5669bc,scene-0070,1.3631849230024915,5.206662045954174,0.0,2.454658164660012,8.712303677068615,1.5749999999999997,2.233620805291568,7.533874620311168,1.3499999999999996,0.22103735936844426,0.2250000000000001
9e3e8ffb3fdc4087b98ce895d200ccd5,scene-0070,1.5135652630587275,3.7088677400241115,0.0,3.409291799881868,9.27096215506607,2.1750000000000003,3.261798461178348,9.27096215506607,2.0250000000000004,0.14749333870351977,0.1499999999999999
af03c15257554d638d91c1b5a121aaa3,scene-0070,2.5220513473991337,5.557464785871775,0.0,5.346071643754407,13.372436019485313,3.154837132668448,5.807690934488026,13.372436019485313,3.5548759228251123,-0.4616192907336183,-0.40003879015666444
de8939d47a33454c93802e48984dfd0c,scene-0070,3.5310589698365433,7.920181395839151,0.0,7.281142429081672,16.662659440559274,3.9749999999999996,7.429493937265285,16.662659440559274,4.125,-0.14835150818361242,-0.15000000000000036
da5d7b805cdc4258b39673c199ef4408,scene-0070,3.8657596983122358,10.085081014158316,0.0,7.062711485561111,17.458430541986942,3.5324264635194584,6.551098202413359,13.094523540214894,3.0,0.511613283147752,0.5324264635194584
ca7b70df065847fab0179df83eeb9cfa,scene-0070,4.829851458155385,12.423818152074064,0.0,8.517186136268673,17.425019251867514,4.074085848960242,7.862567846783977,17.425019251867514,3.391659385440783,0.6546182894846968,0.6824264635194588
44a646442f5445a389120987762ee8b9,scene-0070,2.159592893605994,8.418662319306328,0.0,3.0707035847665054,8.782183895230887,1.4434658438426484,2.993965391747936,14.395448361724704,1.3337647829419552,0.07673819301856932,0.1097010609006932
fa35b6e5af684e9faecbaf321adb103f,scene-0070,2.217174037824912,4.076334585104173,0.0,4.85672344564618,10.717900715138208,3.9315523204329246,4.85672344564618,10.717900715138208,3.9315523204329246,0.0,0.0
209bb44a1a3f4263b9ae14162fba800d,scene-0070,1.3454784147074137,2.7462416783803887,0.0,0.8198192466763363,0.7301186304101198,1.4705774151833277,0.8198192466763363,0.7301186304101198,1.4705774151833277,0.0,0.0
606d5e292a0043c388c4d81b7f71d84b,scene-0070,1.1491515259088714,3.390359316018914,0.0,0.9450967973720924,1.6955787629953694,1.077379363649381,0.9559219986641629,2.719443917410118,0.9359031498464299,-0.010825201292070541,0.14147621380295106
f76dc79b39874904994b30384c70275f,scene-0071,1.0520143458878715,2.3096520524099935,0.0,2.3156373537890778,5.96569496428644,3.1225810211375964,1.0041218250590358,4.831874629957557,1.6499999999999997,1.311515528730042,1.4725810211375967
f55f3938b032475586499859d93c0d5b,scene-0071,1.8961158973456689,2.191578955091544,0.0,1.6428162865761688,7.492233836559574,3.0170837106671247,1.0437755228301715,1.6383480450643992,1.0621708245126285,0.5990407637459974,1.9549128861544962
2b44e9076b0542129f278cf4139cf701,scene-0071,1.5530854087469494,2.8361970757894017,0.0,1.185466169687437,1.9756733264765034,2.4184658438426485,1.2600368963728508,1.639765734114165,0.5342329219213244,-0.07457072668541387,1.884232921921324
1b7f2f3f47104f6b93d0a07022a0de23,scene-0071,1.4569306764667869,1.256789666158076,0.0,0.9778659256534958,1.256789666158076,1.5121708245126282,0.9838806953436852,1.256789666158076,1.2750000000000001,-0.0060147696901893255,0.23717082451262805
d4a4b3808e7944ea930fad2b9f3226a6,scene-0071,0.9482450336483695,1.009206727251678,0.0,0.9943809642949473,1.009206727251678,0.30000000000000004,1.0656692853924665,1.009206727251678,0.33106601717798223,-0.07128832109751926,-0.031066017177982186
f90f165889ba405ca8eb2482263383e7,scene-0071,1.022272833507513,1.990638420960196,0.0,0.9418964663522996,0.8773209813135162,0.6000000000000005,1.1399734848392575,0.8773209813135162,0.9092329219213245,-0.1980770184869579,-0.309232921921324
f645a666e16b432da89e0e53788a5cd0,scene-0071,1.2770512157606106,4.264082441622578,0.0,0.8351674601821961,3.106606575611663,0.7592329219213252,0.9139428657948353,1.999902438198748,0.9842329219213253,-0.07877540561263918,-0.2250000000000001
f6ffc3dd4a2c4c0f8d750e385f1b899f,scene-0071,0.9455736408296813,0.5617546346934232,0.0,0.8266245671654877,0.5617546346934232,0.2250000000000001,0.7648232784138412,0.5617546346934232,0.4500000000000002,0.06180128875164648,-0.2250000000000001
5c27d9133c86499fb9251624c0107207,scene-0071,0.9997504456421145,1.8476710421785887,0.0,0.9894667487625946,2.021213268071227,0.46217082451262825,1.0146888516275063,2.021213268071227,0.6964037464339532,-0.025222102864911777,-0.23423292192132494
f6822c3263db4253ae673e5855fd3adf,scene-0071,1.7418821958702304,3.055420375182932,0.0,1.4949539057914443,4.138720166765333,0.46217082451262914,0.9637492409041659,0.4088874384626002,1.1792175718503697,0.5312046648872784,-0.7170467473377405
b43556da7d084de3b4ea1638ddeaa5d4,scene-0071,2.5018847332991467,5.127991625189342,0.0,2.2276572487948894,5.127991625189342,0.6298759228251127,2.0475866406167547,5.127991625189342,0.5371708245126283,0.1800706081781347,0.09270509831248441
c5214b606e8f4808b702fc0341a9590c,scene-0071,2.651122956573563,4.853112779857895,0.0,3.1544446732455604,8.643804990311766,0.9365124735378851,3.221645841040387,8.643804990311766,0.8615124735378852,-0.06720116779482677,0.07499999999999996
3e9462eb95f942d5b42b46a0c05c7215,scene-0071,1.4062660403253642,1.8946296869416899,0.0,1.1085624366009754,1.8946296869416899,0.40487592282511287,1.4062660403253642,1.8946296869416899,0.0,-0.29770360372438875,0.40487592282511287
cd3039e0c2fb47d58e0b35ed4752afa2,scene-0071,1.7079660479867376,0.8907004941219382,0.0,1.491746751665107,0.8907004941219382,0.45742646351945876,2.645317989342713,7.557078079782734,1.1433780142849954,-1.153571237677606,-0.6859515507655367
489dab84f27d4a988ad7b7775d6ace83,scene-0071,1.287752597754619,1.3719254191792691,0.0,1.0516417204893957,2.263282686901769,0.8914762138029512,1.3427354927205948,5.868875102876258,1.1641088447464374,-0.29109377223119903,-0.2726326309434862
5d549f7113254e009216c95d9e09f27f,scene-0071,1.2898385415617784,1.2858995648570684,0.0,1.241274991029315,1.9625773075142585,1.125,1.8302098332410934,7.904059078199238,2.106207189772367,-0.5889348422117784,-0.9812071897723671
2b9d2986eaea4ce685767de9e3188632,scene-0071,1.2944576831548762,1.3440926461141267,0.0,1.217267329486272,2.007923746268832,0.2250000000000003,1.402490498688949,1.5688888781063783,0.3871708245126283,-0.18522316920267712,-0.162170824512628
280d77fa6cdf45f6916229c8c9f8779f,scene-0071,1.070023467235755,3.3054274012091964,0.0,1.1696706187845307,3.3054274012091964,0.6177050983124842,1.20604564640588,3.3054274012091964,0.3927050983124841,-0.036375027621349254,0.2250000000000001
dbf325464bcb4f5da8b523e5d5b70571,scene-0071,1.0520416945668418,1.6285477076750996,0.0,1.0471224934333834,1.6285477076750996,0.5604101966249679,1.0471224934333834,1.6285477076750996,0.5604101966249679,0.0,0.0
4f721a0a8d8c4159b60bcdd6513ffc80,scene-0071,1.060518165585286,0.9696177857581734,0.0,1.6278486736927273,0.9696177857581734,0.8249999999999997,0.9735962746251943,0.9696177857581734,0.7281152949374525,0.6542523990675331,0.0968847050625472
c0d03923f3cc4a2f8955cbf16513d5d2,scene-0071,0.8552577675975432,0.7052468890150417,0.0,1.3515132047528722,3.082337962899561,0.7621708245126286,2.7305717547409,29.291567730931604,2.6441782896171557,-1.3790585499880277,-1.882007465104527
55a857582dd4413a8d6fa6a7e46cf9c9,scene-0071,0.7696613936772662,0.9732848976867737,0.0,2.0873654965227275,6.6137328237157105,2.088165514312456,2.91042900081119,20.422123510924735,2.654902743208453,-0.8230635042884624,-0.5667372288959971
c347f1d1d7634931bc36445810a3a8e7,scene-0071,0.9029654913390893,0.7858949687886188,0.0,1.164360032086381,2.3339443908915793,0.34877111549046613,2.397994941024049,6.525541201298044,1.6499999999999997,-1.2336349089376681,-1.3012288845095337
5e2be0b7e8c740f88bb7feac868b07e5,scene-0071,1.1449873072618826,2.451479468622249,0.0,7.610455836607219,21.902965765566467,7.474356780123704,1.3783897837532115,2.451479468622249,0.8737711154904664,6.232066052854007,6.600585664633237
bbce11090c6d46c6b037412f0992c437,scene-0071,1.5178551851513005,2.512370356819859,0.0,5.948058859403366,13.214138035407817,5.187170824512629,5.216501832891011,10.851875605195968,4.442705098312484,0.7315570265123545,0.7444657262001453
474ea34a88284e259620b40e1503faad,scene-0071,2.945408589604207,7.137774309604991,0.0,6.122257147619218,14.08120663533979,8.857164388412752,5.318994898706704,10.288206746004443,8.079504443196488,0.8032622489125139,0.7776599452162642
3ea1703a835142869f32bbc4b3575eae,scene-0071,3.1288681491117853,7.258952649715939,0.0,8.42962128881668,19.79631357460424,11.204648117957452,3.958839821009991,12.226861405627146,6.545461050321428,4.470781467806689,4.659187067636024
352858ea6da64bfb888adecab41a8452,scene-0071,4.024417129135287,8.82903071245282,0.0,2.4400117127222787,7.729330654358366,2.3693581512047572,2.30393801155172,5.636172602116983,2.211931687685298,0.13607370117055861,0.15742646351945933
2a4282ef0f934f348105d77d6f7f3a8d,scene-0071,2.4267931069160484,7.10599918618786,0.0,2.329234448111339,4.783403539041821,4.4212376569997485,7.103350658690214,14.618311313220415,8.50252239654457,-4.774116210578875,-4.081284739544822
1f523efa8bda4156830b8aaa94a23b85,scene-0071,5.499573117515685,11.106520801927129,0.0,3.0202959200241364,4.018846394815856,8.415923583091862,3.8979523749168052,4.018846394815856,9.21088349555881,-0.8776564548926689,-0.7949599124669486
b8f8a7e278f04035abf83b57fde78fb8,scene-0071,5.056564504174288,11.921644742624803,0.0,3.29426794500674,5.631695556320508,8.242658373205273,3.362282061886029,5.631695556320508,8.2950792474384,-0.06801411687928915,-0.05242087423312647
1100b838ee544231a494089ce390f503,scene-0072,1.753750380256542,4.088492888708886,0.0,1.753750380256542,4.088492888708886,0.0,1.753750380256542,4.088492888708886,0.0,0.0,0.0
cacbc816033d4ad08c20cebb3fe84cc7,scene-0072,1.9396946063688956,4.332982492585959,0.0,1.9396946063688956,4.332982492585959,0.0,1.9396946063688956,4.332982492585959,0.0,0.0,0.0
47e6b3fa70cc4649a4d88c5a13e9c20a,scene-0072,2.3378885494860966,4.601680276030234,0.0,2.3378885494860966,4.601680276030234,0.0,2.3378885494860966,4.601680276030234,0.0,0.0,0.0
4bbbf943032d41bcb5a3bf7b958684f8,scene-0072,2.7018151189962873,4.649734872822963,0.0,2.7018151189962873,4.649734872822963,0.0,2.7018151189962873,4.649734872822963,0.0,0.0,0.0
010e6fcca00f4e94ba530ce141c7bf24,scene-0072,2.9195528407860376,4.452172742867604,0.0,2.9195528407860376,4.452172742867604,0.0,2.9195528407860376,4.452172742867604,0.0,0.0,0.0
1e623dd41bf44230b77ee28f8d1c0e83,scene-0072,2.8361398563236935,3.927480829225177,0.0,2.8361398563236935,3.927480829225177,0.0,2.8361398563236935,3.927480829225177,0.0,0.0,0.0
58957a5e92194fe4b5aff9d2d1f92b4a,scene-0072,2.4343273661294047,3.12553303663988,0.0,2.4343273661294047,3.12553303663988,0.0,2.4343273661294047,3.12553303663988,0.0,0.0,0.0
17be5f3012e741e98740c6520191b076,scene-0072,2.0004050276929757,2.4485112569783825,0.0,1.8504222247622484,1.2486612891473783,0.1499999999999999,1.775428593065682,1.2486612891473783,0.22499999999999987,0.07499363169656648,-0.07499999999999996
ba342f07fc704ffb9f868efce879a9c1,scene-0072,1.4533059240191373,1.6902532777571968,0.0,1.4533059240191373,1.6902532777571968,0.0,1.4533059240191373,1.6902532777571968,0.0,0.0,0.0
62eb73669a3044359c48fb42fd21a694,scene-0072,0.9862356329161877,1.092072335627551,0.0,0.9862356329161877,1.092072335627551,0.0,0.9862356329161877,1.092072335627551,0.0,0.0,0.0
e9790d775ba34509ba79d97344f11bfc,scene-0072,0.6098476014544945,0.6461213514455825,0.0,0.6098476014544945,0.6461213514455825,0.0,0.6098476014544945,0.6461213514455825,0.0,0.0,0.0
99c3a7061764434d916a43a06c28a5e3,scene-0072,0.3802061400363508,0.3851457274585732,0.0,0.3802061400363508,0.3851457274585732,0.0,0.3802061400363508,0.3851457274585732,0.0,0.0,0.0
71d2344c7c5148b2b92dcead750eaaa2,scene-0072,0.25416164536152613,0.24907101450608773,0.0,0.25416164536152613,0.24907101450608773,0.0,0.25416164536152613,0.24907101450608773,0.0,0.0,0.0
69b813061efe46729c2e9535ab8ab9c2,scene-0072,0.20368614693445453,0.19831217619051283,0.0,0.20368614693445453,0.19831217619051283,0.0,0.20368614693445453,0.19831217619051283,0.0,0.0,0.0
953a43eeac5743aa9f214b97cbb29c11,scene-0072,0.2135780587924635,0.20968715130370613,0.0,0.2135780587924635,0.20968715130370613,0.0,0.2135780587924635,0.20968715130370613,0.0,0.0,0.0
563cde34c60b4b2b99e1bc558ebcad2d,scene-0072,0.21669888841353568,0.21340987314602256,0.0,0.21669888841353568,0.21340987314602256,0.0,0.21669888841353568,0.21340987314602256,0.0,0.0,0.0
b23f28ea6e5445b998355b3739b1cc1a,scene-0072,0.21826396401291864,0.21548836546949585,0.0,0.21826396401291864,0.21548836546949585,0.0,0.21826396401291864,0.21548836546949585,0.0,0.0,0.0
17ed207024df442faa0b330ffdddc4fe,scene-0072,0.21924808468514312,0.21679726516935485,0.0,0.21924808468514312,0.21679726516935485,0.0,0.21924808468514312,0.21679726516935485,0.0,0.0,0.0
117da90271d34d1ab98031124f507819,scene-0072,0.21983404971562465,0.2176561020677618,0.0,0.21983404971562465,0.2176561020677618,0.0,0.21983404971562465,0.2176561020677618,0.0,0.0,0.0
c77dc6c7300546d5b06e7a003715de6b,scene-0072,0.22034760768031433,0.21842061371855526,0.0,0.22034760768031433,0.21842061371855526,0.0,0.22034760768031433,0.21842061371855526,0.0,0.0,0.0
89b1255f0e1d4cf9ad275736c8c38865,scene-0072,0.22076770718108302,0.21805820250809652,0.0,0.22076770718108302,0.21805820250809652,0.0,0.22076770718108302,0.21805820250809652,0.0,0.0,0.0
900b25becd3a440fb4760059f0bc236e,scene-0072,0.22288670654246986,0.25021713134342627,0.0,0.22288670654246986,0.25021713134342627,0.0,0.22288670654246986,0.25021713134342627,0.0,0.0,0.0
42afc545277242218898b3252e5d8f97,scene-0072,0.23847793681332105,0.3932894442612997,0.0,0.23847793681332105,0.3932894442612997,0.0,0.23847793681332105,0.3932894442612997,0.0,0.0,0.0
516a9ea8a3fd4251937640cb1b414914,scene-0072,0.28764149503109177,0.7143372900977282,0.0,0.28764149503109177,0.7143372900977282,0.0,0.28764149503109177,0.7143372900977282,0.0,0.0,0.0
302d513bec6946b6ac5be859ba3ed95a,scene-0072,0.3731814782095849,1.1758925437570171,0.0,0.3731814782095849,1.1758925437570171,0.0,0.3731814782095849,1.1758925437570171,0.0,0.0,0.0
55e17afe991c4b6191fcbd8f1171f2c5,scene-0072,0.5707604406980012,2.038345090247299,0.0,0.5707604406980012,2.038345090247299,0.0,0.5707604406980012,2.038345090247299,0.0,0.0,0.0
7a9d91fd79b2443fbba1de438a03af4f,scene-0072,0.9013101828575648,3.1663393139454485,0.0,0.9013101828575648,3.1663393139454485,0.0,0.9013101828575648,3.1663393139454485,0.0,0.0,0.0
09742d648cdb48e880ddeb123f33a529,scene-0072,1.3945413660504336,4.517478359161829,0.0,1.3945413660504336,4.517478359161829,0.0,1.3945413660504336,4.517478359161829,0.0,0.0,0.0
a4b254bc408c4e5d9c221fb78c188f8f,scene-0072,2.07676569238636,6.063863586284285,0.0,2.5600405702387534,6.063863586284285,0.9749999999999994,2.5600405702387534,6.063863586284285,0.9749999999999994,0.0,0.0
a943ce88b1eb48e08770699332f89b18,scene-0072,2.7681980301167757,7.400909109114903,0.0,1.1350456240750886,4.242835495789822,2.2499999999999987,1.252733605604699,4.242835495789822,2.4749999999999988,-0.11768798152961035,-0.2250000000000001
7dddea6427974dd9bc7ba2e000ea3983,scene-0072,3.7423408536644533,9.167655316967204,0.0,3.7423408536644533,9.167655316967204,0.0,3.7423408536644533,9.167655316967204,0.0,0.0,0.0
5193a1bb5d334e09965d96d68f9c0573,scene-0072,4.799665589560053,10.969676450547158,0.0,4.799665589560053,10.969676450547158,0.0,4.799665589560053,10.969676450547158,0.0,0.0,0.0
ee43cd05608e4e9e9f741d38397c2131,scene-0073,1.8049541622370315,1.216392776851732,0.0,3.4514611038942054,7.196298550505445,1.6500000000000004,3.9761106978742067,7.196298550505445,2.175,-0.5246495939800013,-0.5249999999999995
09e74cd39b204772a30a985e3a1cba94,scene-0073,2.598569877026891,3.121931139147328,0.0,4.397830971760578,6.719195992427075,1.7999999999999996,4.172862333005944,6.719195992427075,1.5749999999999997,0.2249686387546337,0.22499999999999987
a6345d0a7d9d454ca735feb8639aaf08,scene-0073,2.8423086197065346,2.515068522918338,0.0,3.7416267933300134,6.110040192940604,0.9000000000000004,4.416321889125346,6.110040192940604,1.5750000000000006,-0.6746950957953324,-0.6750000000000003
d3bb2a6ce8624b858a8ef27e0f2b058b,scene-0073,2.743847036040571,5.317345547454168,0.0,2.4451199699785118,1.7332319147331094,0.2999999999999998,3.118560270790182,5.317345547454168,0.375,-0.6734403008116701,-0.07500000000000018
e8047e5dbf074f9cb981164c9d2d1f1f,scene-0073,2.2802227534897757,4.335507954337767,0.0,2.9544015133972445,4.335507954337767,0.675,2.879732482483866,4.335507954337767,0.5999999999999999,0.07466903091337862,0.07500000000000018
a4dcda5d370e4b60b58f581c28903984,scene-0073,1.1393294829173468,0.3641006484616489,0.0,2.001292465350541,3.4002388824892074,0.8999999999999997,2.5249177347432226,3.4002388824892074,1.4249999999999998,-0.5236252693926815,-0.5250000000000001
935186d00f4a45b895de58d8bea7d882,scene-0073,1.190772945423404,2.4498881223837805,0.0,2.004042492101827,2.4498881223837805,0.8250000000000002,2.1535224737365564,2.4498881223837805,0.9750000000000003,-0.14947998163472942,-0.15000000000000013
b1940961344f40d394a866ccc71d4a0d,scene-0073,1.197360900167311,1.3819032047158235,0.0,2.696026731341809,1.3819032047158235,1.6500000000000001,2.5450698627080195,2.55484197209145,1.5000000000000004,0.15095686863378965,0.1499999999999997
28d7133e98e649a8aab88fe13d284d20,scene-0073,1.0075696302438482,3.548329842328567,0.0,0.9529928892767482,0.2955162442633844,0.5249999999999995,1.1097565846788866,0.2955162442633844,1.05,-0.15676369540213841,-0.5250000000000006
6cded1f1cbeb44b88d76f3dd85c06fbd,scene-0073,1.2389284918619343,4.982193290862316,0.0,0.8860382118830785,1.3841499930765389,0.9750000000000003,1.1681475948177469,0.2010263878380713,1.8000000000000003,-0.28210938293466836,-0.825
81033e9ff91d4df08078bf3566a8157b,scene-0073,2.1317879520550314,3.062325421286762,0.0,2.2067849248650733,3.062325421286762,0.07499999999999973,2.4317849100291893,3.062325421286762,0.2999999999999994,-0.224999985164116,-0.22499999999999964
f2404554d134460bb96f8e0496cd5e7e,scene-0073,0.7101905086880249,4.596689475225964,0.0,2.7579155781897944,5.0068771972529875,3.1499999999999995,2.9078244443363483,5.0068771972529875,3.299999999999999,-0.14990886614655397,-0.14999999999999947
6f05e39206eb464899af5b062d2902ec,scene-0073,0.5400289886699998,0.35120981178003813,0.0,1.5627567625938636,3.27753588223409,1.3499999999999999,2.3858732858109475,4.476814995263087,2.175,-0.8231165232170838,-0.825
740d2cd12a3645fba72ced34b29f22fa,scene-0073,0.7133761935398084,0.11214197182074358,0.0,0.6413632803509403,2.297449336477254,0.9749999999999999,0.6413632803509403,2.297449336477254,0.9749999999999999,0.0,0.0
cbf9f6f096d54c669702cbbc288ed271,scene-0073,1.148836548705275,0.34252390261057614,0.0,1.8976478856094263,2.7301092157483904,0.7500000000000002,0.6749989170751515,0.877060870653931,1.0500000000000003,1.222648968534275,-0.30000000000000004
a3834ec955d04dfb87e47120e30239df,scene-0073,0.6828161681900342,2.034613482688043,0.0,1.1468764499215456,1.5804934416356022,1.125,1.0080911707257916,2.034613482688043,0.8250000000000004,0.138785279195754,0.2999999999999996
e4f5831c844f4ee38d09837b0dc62f93,scene-0073,0.7924746750068792,0.35803988973841966,0.0,1.2640014320178543,2.108083472470123,1.8749999999999996,2.134394726339668,4.503314256318288,2.7750000000000004,-0.8703932943218136,-0.9000000000000008
3eba487aadc34c6483b807d3891943c4,scene-0073,0.568317962459024,2.0309600189757115,0.0,1.9013328091015733,3.228237853302664,1.95,1.7646892531921878,3.228237853302664,1.8000000000000003,0.13664355590938548,0.1499999999999997
38190c630bc5440488cbb5197a4728fe,scene-0073,0.6149655648065178,0.19673220898774732,0.0,2.1171308607553736,2.2321918169500266,2.625,2.0421317017130804,2.2321918169500266,2.55,0.07499915904229315,0.07500000000000018
247deed882af48169d896393dcd33b3f,scene-0073,0.3202358710217602,0.08509569616741423,0.0,3.2826549506171414,4.741119056239349,3.1500000000000004,2.982661406045734,2.341522067261178,2.85,0.29999354457140726,0.30000000000000027
9e930f35e9b4483ebe079466b2633920,scene-0073,6.179875436905533,8.58189743088253,0.0,3.3661487495302733,4.61832467169875,9.524999999999999,3.44114845250658,4.61832467169875,9.599999999999998,-0.07499970297630654,-0.07499999999999929
fb0ade0d8184482b825934ec2f92fe7b,scene-0073,4.859855270052723,6.780657931969835,0.0,4.443508540776405,6.419458692507817,9.299999999999999,2.568612976683604,2.8195351842856144,7.424999999999997,1.8748955640928004,1.8750000000000018
4c64d0232a8e4ef9bc13a969d731dfff,scene-0073,3.7073563359024293,5.509662907215606,0.0,2.2199924670894684,1.6903984005301016,5.924999999999999,1.379200022045536,1.6903984005301016,5.024999999999999,0.8407924450439324,0.9000000000000004
82df337a49274400944eaea41669daa3,scene-0073,2.849032396694288,4.8878543344574545,0.0,3.378043102418115,2.312181440474204,6.224999999999998,1.6644263174174136,1.1122076442254665,4.499999999999999,1.7136167850007011,1.7249999999999988
ffac6939b6c14a75b8ee45ff5f0cbf5f,scene-0073,2.3576308203339718,4.827050178851905,0.0,6.344690940577035,8.372953231534252,8.699999999999998,6.422673858331563,15.619469332702685,8.777203977444477,-0.07798291775452793,-0.07720397744447993
599a3e9956b74abd9a05ca4c84e61a11,scene-0073,2.260633268436667,5.283810641527241,0.0,2.5132644953872245,5.283810641527241,1.0499999999999994,2.658438850806716,5.283810641527241,1.649999999999999,-0.14517435541949153,-0.5999999999999996
3c313f517d6b4d5bafb8929ddd7b46fe,scene-0073,2.242636995950088,6.162439842807551,0.0,2.498694146016832,6.162439842807551,0.5999999999999996,2.498694146016832,6.162439842807551,0.5999999999999996,0.0,0.0
7b17bccd20f74011b8a87be053c2ce3b,scene-0073,1.0291860923023557,3.86229221355006,0.0,3.1099087116136106,7.427573498719791,2.4749999999999988,3.1099087116136106,7.427573498719791,2.4749999999999988,0.0,0.0
4affbe8ae6c747a686adea8b18949a86,scene-0073,3.656778029556281,8.575829071384247,0.0,3.760667475680437,8.575829071384247,0.1499999999999999,3.760667475680437,8.575829071384247,0.1499999999999999,0.0,0.0
8bc4d49b04884b7e86491abb0cbee618,scene-0073,3.6176609041977965,9.868761508916478,0.0,4.5319213821127065,9.868761508916478,1.4249999999999992,4.5319213821127065,9.868761508916478,1.4249999999999992,0.0,0.0
dd5ee2902c8f4fbda194166b113fa1d5,scene-0073,5.276912815489444,11.122307199261089,0.0,5.202289086007578,11.122307199261089,0.07499999999999996,5.202289086007578,11.122307199261089,0.07499999999999996,0.0,0.0
307ba1f86fd14cd18b118ac823a43f9e,scene-0074,1.358970666169813,3.621045652913368,0.0,1.2706381908312043,3.621045652913368,0.5999999999999996,1.3567356794323349,3.621045652913368,0.44999999999999973,-0.08609748860113053,0.1499999999999999
e203a50f5a2441aebd2104ae235e26d9,scene-0074,1.592841941187441,4.144976398172014,0.0,0.669630197277538,0.6120465741130511,2.0249999999999986,0.669630197277538,0.6120465741130511,2.0249999999999986,0.0,0.0
5ace0e45b44745db9dfe173a93266845,scene-0074,0.6312705725629966,1.1607055490354372,0.0,0.5695060666332772,1.1607055490354372,0.1499999999999999,0.7595675764646985,1.1607055490354372,0.5249999999999997,-0.19006150983142134,-0.3749999999999998
f3cbcf06a5b6444eb882e36f9dfc92f6,scene-0074,2.578643768493324,5.44288194244273,0.0,2.4299951416676717,5.44288194244273,0.1499999999999999,2.578643768493324,5.44288194244273,0.0,-0.14864862682565239,0.1499999999999999
f317c59ec4654c46afde74c81d0ca7ff,scene-0074,2.2416983953590357,6.059876899638216,0.0,3.1342878675435673,6.059876899638216,0.8999999999999995,3.1342878675435673,6.059876899638216,0.8999999999999995,0.0,0.0
dc7a30c214b74b4c9e66aff9c031e650,scene-0074,2.240698421860251,6.3476140858282815,0.0,3.577617760709799,6.3476140858282815,1.3499999999999992,3.577617760709799,6.3476140858282815,1.3499999999999992,0.0,0.0
a40fa2994a4b4570b5693527558e8471,scene-0074,1.6915014641683208,2.6545870870472466,0.0,3.468528307900094,6.1866800110313385,1.799999999999999,3.61715376860671,6.1866800110313385,1.9499999999999988,-0.14862546070661597,-0.1499999999999999
21dfddc08b1f42ef935d343d063177b3,scene-0074,3.1555777961273215,5.817304367894021,0.0,3.4522549865174996,5.817304367894021,0.2999999999999998,3.4522549865174996,5.817304367894021,0.2999999999999998,0.0,0.0
07c67a2d418948a48107dc568b370824,scene-0074,2.595989148954358,5.586963466826419,0.0,2.4479501168370192,5.586963466826419,0.1499999999999999,2.300128716623581,5.586963466826419,0.2999999999999998,0.14782140021343837,-0.1499999999999999
76ed31da2e6b4a60986764cb6dd79c0f,scene-0074,3.1731024211633345,5.622374997674157,0.0,0.5743897082295719,1.24113623625771,2.924999999999998,0.6172044037472999,1.24113623625771,2.7749999999999986,-0.042814695517727985,0.14999999999999947
563f366e40784e9ea1b0a0bea1c57127,scene-0074,3.0377508173796155,5.918789287234478,0.0,0.8453900326461451,1.6627004330898754,3.1499999999999986,0.9603443694969844,1.3775700548705905,3.5249999999999995,-0.11495433685083933,-0.3750000000000009
9a8cb8b2be404b2dacef6c7ed42bfca1,scene-0074,1.5474278885002701,5.265883719036049,0.0,1.128764522758477,3.180297075840919,0.5999999999999996,1.128764522758477,3.180297075840919,0.5999999999999996,0.0,0.0
31ba992e248d435e95360a20b03f9289,scene-0074,3.160834635657313,6.995405955224515,0.0,2.4787542274159913,6.995405955224515,0.7499999999999996,2.7596815812388527,6.995405955224515,0.44999999999999973,-0.2809273538228614,0.2999999999999998
0a19b2644364427b987a754a6159be58,scene-0074,3.437174680025693,7.9141989674103135,0.0,3.437174680025693,7.9141989674103135,0.0,3.437174680025693,7.9141989674103135,0.0,0.0,0.0
76f8c42e97c743c69bcbf8971e48277d,scene-0074,3.6110802495242322,11.959740148398412,0.0,3.7759427186276278,11.959740148398412,1.0604733341275037,3.89274618086717,11.959740148398412,0.521364956277289,-0.11680346223954219,0.5391083778502147
e116c259bf3c453cbcc6c76e9ca6042f,scene-0074,4.586349813894258,10.686881936154977,0.0,3.459875001911266,10.686881936154977,4.6173101245893315,3.459875001911266,10.686881936154977,4.6173101245893315,0.0,0.0
2605d37e56124453b43a73a44d5e1705,scene-0074,1.4788935168573367,4.426191464516125,0.0,1.8553453970365363,4.426191464516125,0.9636143971937453,1.8553453970365363,4.426191464516125,0.9636143971937453,0.0,0.0
a2f01e547e7b46a0837dee21b1929ab5,scene-0074,2.346107711084848,7.032923549444858,0.0,2.428429650668214,7.032923549444858,0.4104101966249684,2.2904261513316193,6.009559666400323,0.9507464315497087,0.13800349933659461,-0.5403362349247403
9f8adff0f7c144b3abef8053bac90252,scene-0074,7.111908847775851,16.093037367405817,0.0,7.189387015833054,16.093037367405817,0.24270509831248419,7.189387015833054,16.093037367405817,0.24270509831248419,0.0,0.0
ff51126a1fa84958a5b8a76981393186,scene-0074,3.8132314740099087,13.172499211459261,0.0,3.739335530895664,10.262965629058618,2.4926407987529307,3.1044934156797774,1.958205400910367,3.5117188186898427,0.6348421152158865,-1.019078019936912
d0eed45f8dea47aba7ab2d12ff39a2e7,scene-0074,1.6440132664285332,3.8072782243346763,0.0,1.2988287306587665,2.1943675088995755,1.3673663521634274,1.353759576904242,2.1943675088995755,1.4742640687119277,-0.05493084624547562,-0.10689771654850033
23889d359ddd48b2be32c287c50cf7bb,scene-0074,1.110243916933598,1.428401320509891,0.0,1.7307020403992732,1.428401320509891,0.8002534783282471,1.5080963749157343,1.428401320509891,0.6941874611502653,0.22260566548353888,0.10606601717798181
21f50dbd1f5849da834f60e1113ede64,scene-0074,1.501520536261237,3.7754122508966597,0.0,1.3792926167466713,3.7754122508966597,0.6487711154904661,2.0341637113862396,3.7754122508966597,1.0429585766407323,-0.6548710946395684,-0.39418746115026626
94ca04ede35c491bb8f1ae3800bf39d9,scene-0074,3.3632104600327413,10.978146366676688,0.0,1.6857429300080249,4.531719003662632,2.825517784482966,2.0927301118507757,4.531719003662632,1.8713002126325966,-0.40698718184275084,0.9542175718503696
ca3a8f16cd794eb8979bb4a6b61c77f7,scene-0074,2.4174756367811616,7.203963088635643,0.0,1.8409334741887122,6.090549801942702,1.7057682301872208,1.7548947886267068,7.203963088635643,1.0288760404676174,0.08603868556200545,0.6768921897196034
4c4e1e94e1364ef5a3c390d97be19ee1,scene-0074,2.1517778770950864,2.8529085980352273,0.0,1.4378395202856313,2.8529085980352273,2.152916058913654,1.3630760198202716,2.8529085980352273,2.0797225173155196,0.07476350046535973,0.07319354159813418
a75d3ddadc4540e994f674edc8de70cc,scene-0074,1.790335344203513,5.094626767692954,0.0,1.84457971157099,3.950462724793662,2.5574264635194597,1.5759008620224926,3.950462724793662,2.1148529270389185,0.2686788495484975,0.4425735364805412
89440fe76105478cba552b4a40f0c3b7,scene-0074,1.1222413139505323,2.5172801527625746,0.0,1.1479080825473922,2.5172801527625746,0.375,1.1930735896971425,2.5172801527625746,0.30000000000000004,-0.04516550714975032,0.07499999999999996
30f10cde38cf4347a3ad801bc36c9b69,scene-0074,1.2517340731804156,2.7805789266536274,0.0,2.11767324364371,3.90801810326862,1.0500000000000003,2.2642824971391953,3.90801810326862,1.2000000000000002,-0.14660925349548526,-0.1499999999999999
5a882c92021848a8b9527a0b96ebbc4f,scene-0074,2.4257718269395836,5.526438172219662,0.0,1.4226002398797113,4.331302950983977,1.2000000000000002,1.570092110283726,4.331302950983977,1.0500000000000003,-0.14749187040401468,0.1499999999999999
45d2c8494861443cb432acd639319b97,scene-0074,2.8066635638403232,6.821115035928351,0.0,2.3568422298927425,5.621118439953473,0.6000000000000001,2.3568422298927425,5.621118439953473,0.6000000000000001,0.0,0.0
03b428b824ef4fa5a2616198036c35c6,scene-0075,2.2317329965307597,2.8788192915277047,0.0,2.072704085664554,0.772338107903853,0.6000000000000001,2.699285388616439,0.772338107903853,0.8250000000000002,-0.6265813029518852,-0.2250000000000001
30f8cd6e28cf4400a4cab3603134f0da,scene-0075,2.141589784160214,2.027046376434404,0.0,2.428929157812285,2.027046376434404,0.30000000000000027,2.503473595131164,3.2197573735364644,0.37500000000000044,-0.07454443731887883,-0.07500000000000018
e3b3a7a870574ce096721f8d7d149e0b,scene-0075,1.4490562553622466,1.2630107865458722,0.0,1.4932289667797747,2.560658657647398,0.8433780142849956,1.5604812601284876,2.560658657647398,0.7683780142849954,-0.06725229334871297,0.07500000000000018
b8bab23ef9bc4398a5ab0385e0710a1a,scene-0075,1.6690083401315414,1.227071400747561,0.0,1.012085761866978,3.2537075830518547,1.734232921921325,1.0910354709330656,1.2855636223169855,1.741659385440784,-0.07894970906608756,-0.00742646351945897
f9f0c4a87903406f9c10bf7550c67e98,scene-0075,3.6898836640553525,6.081389606487465,0.0,0.6247163030380644,0.11242395431191445,3.8250000000000006,1.0694181934116043,3.693623564456819,4.354669331122391,-0.4447018903735399,-0.5296693311223906
4c8b3add6f994bfebbf8585f725506b1,scene-0075,2.0061147128495307,1.086720474348408,0.0,0.6058528289136352,1.0966133761266443,2.2884924806974416,0.6058528289136352,1.0966133761266443,2.2884924806974416,0.0,0.0
d5e1396d445b449e87aaf389182c5aa3,scene-0075,2.9516933966014043,6.025541799654288,0.0,1.7495282781658243,3.577297348995609,4.65,1.5245926573825976,3.577297348995609,4.425000000000001,0.2249356207832267,0.22499999999999964
66c7080bb66c4ea0ab4b2f20978af34b,scene-0075,0.8976288424592862,0.4986120742302381,0.0,1.288196657830337,3.2961250817993224,1.2214037464339538,1.2323795467248317,3.2961250817993224,1.049302858868593,0.055817111105505246,0.17210088756536068
792657eb1818482e9f4a1271eccbf16c,scene-0075,3.7678653849202304,7.138361846119331,0.0,1.3268013624746309,1.5235872089456897,2.714852927038918,1.291606132133001,1.5235872089456897,2.6416593854407835,0.03519523034162986,0.07319354159813463
deda9a86f9b6415f87902aeede40297f,scene-0075,5.489723633791449,11.628116451614854,0.0,1.9678185191623707,2.288089861590149,3.6903295029022125,1.6704784217392694,2.288089861590149,3.909999417012302,0.2973400974231013,-0.21966991411008951
3c70f9519bdb4b15adda25c432fc32d0,scene-0075,5.340305958966852,7.737511546736711,0.0,2.04163413833186,4.188473589519544,3.3927444654346433,3.4045660086067313,6.548319908746841,1.9648529270389175,-1.3629318702748714,1.4278915383957258
856fbf13b0cf44c7a8d7e6ec97893845,scene-0075,2.7833100912213373,3.9394721504677257,0.0,1.1400288218258097,1.7306378385488554,1.734232921921325,1.63397624146358,3.9394721504677257,1.209232921921325,-0.4939474196377702,0.5250000000000001
f0dcde0d23b04fbfae1df5d715b367c3,scene-0075,3.70758857947568,1.3976390743082983,0.0,2.4324641818757575,4.59226441078438,1.8934658438426493,3.840011753849553,4.59226441078438,1.1737711154904669,-1.4075475719737955,0.7196947283521824
8039177444ce4a1c9c2998c8268f5237,scene-0075,2.2807691275615234,1.7635637838024303,0.0,3.672169068840991,5.088039335548265,1.4250000000000005,5.090321716593566,11.020501624139646,2.8592329219213255,-1.4181526477525752,-1.434232921921325
4f432ee8aca449beb7a111a783c6028f,scene-0075,2.9506608531508793,5.303291068871022,0.0,4.980872758156921,10.056383096590238,2.1170079571810767,5.932749610062661,11.250881173998799,3.009232921921324,-0.9518768519057401,-0.8922249647402474
e3e8620024894ed6aa6f9a5cc1d8768e,scene-0075,3.593503759801429,5.387073954353503,0.0,4.926560583121028,5.387073954353503,1.3654401116936907,5.3040058329681194,6.569928458873277,1.7324264635194588,-0.37744524984709127,-0.3669863518257681
f7fb64937ce245a889126f85be998feb,scene-0075,3.043107011455941,5.4292894021630085,0.0,3.6270936298155165,5.34481521107542,0.7060660171779825,4.825934649809163,6.543978752785679,1.838492480697441,-1.1988410199936466,-1.1324264635194585
cf684326b2c043ab95af3a90386aa5eb,scene-0075,3.268913634616094,5.259946363392452,0.0,2.898594010378003,4.085849467701739,0.37500000000000044,3.5718159382178802,5.259946363392452,0.4500000000000002,-0.6732219278398772,-0.07499999999999973
8655e2cb43214558b53abba4842f3115,scene-0075,2.479013986228302,4.993033527079581,0.0,3.1366935181520073,4.902812248659657,0.8250000000000006,3.8109857471788415,4.902812248659657,1.5000000000000004,-0.6742922290268343,-0.6749999999999998
19cafb9a132e4860b422828a8ecaf2f2,scene-0075,2.363947900456593,4.672701601097075,0.0,3.6125839409190577,4.587258735862949,1.375131561831944,3.0887028906271157,2.195989293981686,1.1604101966249691,0.523881050291942,0.21472136520697482
244ddb48c04649909772fdf7bc0b6716,scene-0075,1.917280608397939,4.378329148955467,0.0,1.4716002467016123,0.8287515459257662,0.44999999999999973,1.396648839631949,0.8287515459257662,0.5249999999999997,0.0749514070696633,-0.07499999999999996
010612c3b6aa4aa4ae152fc3d819e021,scene-0075,2.470286136808954,4.227760853312658,0.0,2.394930676643736,4.227760853312658,0.375,3.219259334879287,4.227760853312658,0.7499999999999991,-0.8243286582355509,-0.3749999999999991
c086b130313346ffabc85727d0eeb883,scene-0075,1.992584927073019,4.296656637376441,0.0,2.5172886265628804,4.296656637376441,0.5249999999999999,3.191097158048053,4.296656637376441,1.2,-0.6738085314851725,-0.675
349280b046da462e9d439c3b1e0b7e0c,scene-0075,2.370054171066091,5.634612697370461,0.0,3.2689446325255425,5.634612697370461,0.9000000000000001,4.243796305530567,9.23428298232248,1.875,-0.9748516730050243,-0.9749999999999999
11e6bfe3a1a3478da2d66d2c85720f6f,scene-0075,2.2045239031221255,4.589571326689356,0.0,3.178458082208055,5.78933555545942,0.9750000000000003,4.827217117815853,10.588926811412788,2.625,-1.6487590356077981,-1.6499999999999997
626e422f75ae4134b463f1dea455a492,scene-0075,5.393284551904421,10.82982119534089,0.0,5.243292023924546,13.229775350851286,0.4500000000000002,6.293227381894917,14.4297581472962,0.8999999999999999,-1.0499353579703712,-0.44999999999999973
5a1c98e09a394ea39475d9fbd1d2d145,scene-0075,3.993792206213498,6.419444750263399,0.0,5.267574912978317,11.219392974407498,1.2749999999999997,4.967578148969311,6.419444750263399,0.9749999999999999,0.29999676400900555,0.2999999999999998
0f9fe6a1aec74049bd0650ee80bd73c7,scene-0075,6.701391253358468,11.700524883909184,0.0,7.976333535994263,15.300474625642028,1.2749999999999997,7.676377395680359,15.300474625642028,0.9749999999999999,0.2999561403139035,0.2999999999999998
6ec86a533070404ca326ec81bac56bbc,scene-0075,5.241874370911604,9.75387299054261,0.0,5.397153392402737,9.75387299054261,0.4677050983124843,5.558002868654534,12.137237853406674,0.8737711154904668,-0.1608494762517969,-0.4060660171779825
169a008501f54295a0eeb017eaf433b8,scene-0075,6.175369894983197,11.380489841822605,0.0,7.302734150823812,15.025726196635228,1.137170824512629,7.452524328425629,16.222376505742393,1.2842329219213249,-0.14979017760181712,-0.1470620974086958
f4c4a1d61cd14f16b3e95c43aee83d5a,scene-0076,2.8289415046168527,3.4622317643522655,0.0,10.13800390822897,26.613797525766262,7.625024326541784,8.132577384988702,18.131271711337597,5.989041479321169,2.005426523240269,1.6359828472206148
ad0ad8832615459c818d212bdaf1e641,scene-0076,2.2547717429580887,3.932860500688666,0.0,3.0806316133998606,3.932860500688666,1.1528723168708435,3.15529156759856,3.932860500688666,1.2145113980053457,-0.07465995419869964,-0.06163908113450223
b9cf9c6bd43643dbb57f96b022b92e2f,scene-0076,4.845107592212705,3.445509241188792,0.0,3.089869408012678,4.9627472672589015,2.6696516132754753,3.089869408012678,4.9627472672589015,2.6696516132754753,0.0,0.0
e41404a0197e46d8bdb654ba93627cdb,scene-0076,2.2372026212245752,4.363288268902189,0.0,3.078213692173957,4.363288268902189,1.01189255946275,3.078213692173957,4.363288268902189,1.01189255946275,0.0,0.0
d68a77aecb344f8daece8b4f49952309,scene-0076,2.177728589997201,3.8730922543607447,0.0,3.00379832845052,3.8730922543607447,1.0274181538060456,3.00379832845052,3.8730922543607447,1.0274181538060456,0.0,0.0
635c71b91aaa4a5b9dd9b1ac32a1ac6f,scene-0076,1.6967075015342206,1.815269609004034,0.0,2.839191443650681,7.177535502326876,1.5465668247996462,2.839191443650681,7.177535502326876,1.5465668247996462,0.0,0.0
42a363d665034f31a1b0918abc4b58ff,scene-0076,1.4588723041018052,2.443428021870294,0.0,2.330611778846999,2.443428021870294,1.2694409394785136,2.330611778846999,2.443428021870294,1.2694409394785136,0.0,0.0
ac90c831ef434eba8f42ba25ff3e08e7,scene-0076,1.1505336776671644,1.996836916566445,0.0,2.9400002805119616,22.953473482702314,2.431624989435835,2.9400002805119616,22.953473482702314,2.431624989435835,0.0,0.0
e0b36d5176c148a3b5d3433b660efbf1,scene-0076,1.0397184696295119,1.2113423641732606,0.0,0.8478986871034524,0.4931810529856836,0.6492640687119291,0.8478986871034524,0.4931810529856836,0.6492640687119291,0.0,0.0
12e3abab10ce43bd96ef1fbff23bbe6f,scene-0076,1.7360282174631734,1.9324315126079308,0.0,1.4394745118446317,1.9324315126079308,1.1740633839753785,1.4394745118446317,1.9324315126079308,1.1740633839753785,0.0,0.0
803f08d2e3d74ba7ac19b4d91b6c7e53,scene-0076,1.7407968311096793,2.0299530458207378,0.0,1.5486321017885458,2.0299530458207378,0.8652473292934166,1.5486321017885458,2.0299530458207378,0.8652473292934166,0.0,0.0
a6a717f3a117418b90e3dd5643ff3633,scene-0076,1.9217240353444807,1.2421929970928562,0.0,2.0817325075425845,2.1622161679554472,0.4060660171779824,2.0817325075425845,2.1622161679554472,0.4060660171779824,0.0,0.0
600a692c948d45fb8f1a4706c3222eed,scene-0076,1.6799891573318144,5.391914004412001,0.0,2.0213894701548396,5.391914004412001,0.34877111549046624,2.0213894701548396,5.391914004412001,0.34877111549046624,0.0,0.0
f98d701431f44330838caaba88d7f56e,scene-0076,2.0024846737897897,5.337262921466136,0.0,2.239614093537225,5.337262921466136,0.23717082451262844,2.381832534747593,5.337262921466136,0.3842329219213245,-0.14221844121036797,-0.14706209740869608
d9bc9c46b0d44cb09757ff9dbb6bb1dc,scene-0076,0.8319543314423337,0.6650301586530203,0.0,1.177292064611961,0.6650301586530203,0.4987711154904665,1.177292064611961,0.6650301586530203,0.4987711154904665,0.0,0.0
52161d1ba85140958bfb2fdedec3dd88,scene-0076,0.6763146869622491,0.6319253781695267,0.0,0.6231386347064352,0.6319253781695267,0.3177050983124844,0.6231386347064352,0.6319253781695267,0.3177050983124844,0.0,0.0
85849bb757314a45996d41fce0f11fc6,scene-0076,2.2618358300594754,3.9542526898044326,0.0,1.6413750307372366,5.14796248793718,0.8121320343559644,1.9290653503902249,5.14796248793718,0.5121320343559645,-0.2876903196529883,0.2999999999999998
fc8f06d5219f4981be14903fd461b8d2,scene-0076,2.294769846118123,4.6062747659708245,0.0,2.066972964637551,4.6062747659708245,0.2560660171779823,2.066972964637551,4.6062747659708245,0.2560660171779823,0.0,0.0
96457c28e7cb4cfeab3b1d912d8c4cf7,scene-0076,0.8276726826116717,1.1283956210918957,0.0,0.5450639141979754,1.1283956210918957,0.36213203435596475,0.5450639141979754,1.1283956210918957,0.36213203435596475,0.0,0.0
dff1f7b7bb5740e7afbacd0532234892,scene-0076,1.079068974691312,2.048114151237173,0.0,0.6440220500366705,1.7526325480983496,1.0670079571810775,0.934232622375123,2.048114151237173,0.5298371326684491,-0.2902105723384525,0.5371708245126284
8d2452eac7554346a408ab1a938ce31e,scene-0076,1.8330787038710223,2.457060191488759,0.0,1.9156413395326726,2.457060191488759,0.10606601717798206,1.8330787038710223,2.457060191488759,0.0,0.08256263566165023,0.10606601717798206
149e7777a08340ebb30e45aa8f5e5173,scene-0076,0.6792426826759161,1.77475216449081,0.0,0.9556023121858361,2.9685512484873913,0.44999999999999973,0.9556023121858361,2.9685512484873913,0.44999999999999973,0.0,0.0
cdeb0825ebd5485583bac9499ad36dc2,scene-0076,0.6987034429828181,1.931326261187149,0.0,0.7720977729321564,1.931326261187149,0.2250000000000001,0.7720977729321564,1.931326261187149,0.2250000000000001,0.0,0.0
d2a4585e7ca845a5a2b7449545529e31,scene-0076,0.8089469729602887,1.8750547460274067,0.0,0.9585227210945662,3.068651930923167,0.1499999999999997,0.6678028396560298,1.8750547460274067,0.6749999999999998,0.29071988143853633,-0.5250000000000001
3f9fedbeb860405cb3be60280a04021e,scene-0076,0.5031128409083574,0.9487108344423137,0.0,0.6572197533603251,2.079605485052979,0.22499999999999942,0.6572197533603251,2.079605485052979,0.22499999999999942,0.0,0.0
5b44d3f063874f36a3b8ee5201957f93,scene-0076,2.0332548119267906,3.7320661656626037,0.0,2.705322502607893,6.096172845158479,0.6749999999999998,2.705322502607893,6.096172845158479,0.6749999999999998,0.0,0.0
e6c7984c3dab4aed84fcd62f209a5086,scene-0076,1.2285330253692932,3.4018949136689978,0.0,1.5891545490495096,3.4018949136689978,0.3750000000000002,1.5891545490495096,3.4018949136689978,0.3750000000000002,0.0,0.0
931093cc64d6445e8a8612ef3e308039,scene-0076,0.8531893663043923,2.9549013804201687,0.0,0.8531893663043923,2.9549013804201687,0.0,0.8531893663043923,2.9549013804201687,0.0,0.0,0.0
991b236621be49e693d045589fdc3ee1,scene-0076,1.8258531848800885,5.531857728367979,0.0,2.2291868669464363,6.333170493416539,0.5249999999999999,2.2291868669464363,6.333170493416539,0.5249999999999999,0.0,0.0
9c19818b654d463cad7b7430c803e8c4,scene-0076,2.125244813112574,7.144143127826959,0.0,2.6951272916925273,7.765023038516349,0.9750000000000001,2.6951272916925273,7.765023038516349,0.9750000000000001,0.0,0.0
007eef047a064d9ca8b7671d85ea3609,scene-0076,2.794972678849989,8.651471952426167,0.0,3.0780436368207367,8.969332917087657,0.5999999999999999,3.0780436368207367,8.969332917087657,0.5999999999999999,0.0,0.0
57e9d6ebb02a463b8b55456d6c6eb3f5,scene-0076,3.744206222063017,11.588545479318588,0.0,8.1552508902606,18.01905397168473,8.174999999999999,3.744206222063017,11.588545479318588,0.0,4.411044668197583,8.174999999999999
8e46878ced734164aae0e83567aa02a5,scene-0092,0.5902482788971294,1.3810981804406042,0.0,1.5263857711769013,2.5775724893633107,1.1999999999999997,1.5263857711769013,2.5775724893633107,1.1999999999999997,0.0,0.0
6f5b556ef64b47f596df0314f6db9f99,scene-0092,0.7094833309781425,2.528570657062661,0.0,1.4227269828667881,2.528570657062661,0.9000000000000001,1.4227269828667881,2.528570657062661,0.9000000000000001,0.0,0.0
4f0f533c84c4493599f2eb3a60882b16,scene-0092,0.904407932066104,2.551733133926891,0.0,1.7289007456714733,3.7516852667546985,0.8250000000000002,0.7986578102445998,2.551733133926891,0.2999999999999998,0.9302429354268735,0.5250000000000004
76ffdcc4676f4b75b7adf32b0ff47c4a,scene-0092,1.249005365696531,3.633582112563654,0.0,1.9668236433890378,3.633582112563654,0.75,1.099003016586579,2.4335955605916935,0.30000000000000027,0.8678206268024589,0.44999999999999973
774f588fe35f46338735d6c72c94de28,scene-0092,1.0085464521682683,2.3111552911468407,0.0,1.3833075717978498,2.3111552911468407,0.3750000000000002,1.0835289343272674,2.3111552911468407,0.07500000000000018,0.2997786374705824,0.30000000000000004
8d966583bc7c4627a2437be13761529c,scene-0092,1.1133250897825264,3.381695432278349,0.0,0.888338829065673,2.181711310149183,0.2250000000000001,1.3382905327392232,3.381695432278349,0.22500000000000053,-0.4499517036735502,-4.440892098500626e-16
2d30b6e4f3094fcca0fe91fb288a6a0f,scene-0092,0.6704260531013266,2.215415006468593,0.0,0.964251239460779,2.215415006468593,0.29999999999999916,0.5459463475777662,1.3871708078333396,0.7499999999999998,0.4183048918830128,-0.4500000000000006
1525755f9f8948f1a2f056039971fd70,scene-0092,0.651728363062525,2.2091637259537173,0.0,0.6747982198877087,2.2091637259537173,0.5999999999999999,0.6807106101691422,2.2091637259537173,0.6000000000000001,-0.005912390281433533,-2.220446049250313e-16
6b10154e2b3146ab85b43f3cfe053d6d,scene-0092,0.6461173545205796,2.0176325705723936,0.0,0.4768327053081708,2.0176325705723936,0.30000000000000027,0.6720925762281393,2.0176325705723936,0.1499999999999999,-0.19525987091996855,0.15000000000000036
1259283ec9f549d4b26c98ee76c654a6,scene-0092,0.7840181938721638,1.5849709615632852,0.0,0.853388134013915,2.0245412987842966,1.574999999999999,0.5145220554376448,2.0245412987842966,0.8249999999999995,0.33886607857627016,0.7499999999999996
38bde80644fd47f4b08d8de873a8be1b,scene-0092,0.7318634997526441,2.082161242921308,0.0,0.5412823926524253,2.082161242921308,0.22499999999999964,1.2485949301030166,5.126001824921812,1.8749999999999996,-0.7073125374505913,-1.65
0b47858110f442afa33226467f596df7,scene-0092,0.58614611973996,2.1016307050928504,0.0,0.8794538969986417,2.1016307050928504,0.8999999999999999,1.0751426861214048,2.1016307050928504,1.125,-0.1956887891227631,-0.2250000000000001
b11dc3efe66e4cf4b316b6c11b9b0158,scene-0092,0.613125733779775,1.9112400006574566,0.0,0.7709924173249059,0.5374326222993645,0.5250000000000001,0.7709924173249059,0.5374326222993645,0.5250000000000001,0.0,0.0
7ac61a641ce14bbdab9e8af6aaa6081e,scene-0092,0.7611477490891506,3.094165823255721,0.0,0.5097682272441829,1.7376074419363197,0.8250000000000002,0.5917311737703883,1.9013722707352516,0.5250000000000006,-0.0819629465262054,0.2999999999999996
9c2cb01fe74e49e1b9d3b8ae3fa72299,scene-0092,1.448164545125494,3.242596551759018,0.0,0.742796902482543,1.5876180366485988,1.0499999999999998,0.6612543205085822,1.5876180366485988,1.2749999999999997,0.0815425819739608,-0.22499999999999987
1ecb668fec5d4f27bdcd6832ac687dce,scene-0092,0.9666880165136694,2.041989851248409,0.0,0.6362945507112119,1.6035949242310108,0.825,0.6991273488114921,1.6035949242310108,1.05,-0.0628327981002802,-0.2250000000000001
ad61033aa6e44659966bb4065f50abbc,scene-0092,1.109141832042272,3.306837227399007,0.0,0.6185530157516211,1.5280675913539643,0.8250000000000004,1.3317893683992483,3.306837227399007,0.22499999999999964,-0.7132363526476272,0.6000000000000008
f9e3162f45db4bf5bc7f9360a831d2e4,scene-0092,0.8578294891758989,2.1826086662015287,0.0,0.6341095010301737,1.4457162903624683,1.049999999999999,0.6405831765220626,1.4457162903624683,1.049999999999999,-0.0064736754918889305,0.0
b660b9573c9e46b086245e5c23ccf7fe,scene-0092,0.9499595375045554,1.0232245783801943,0.0,0.44174976530388294,1.319677902578293,1.081066017177982,0.44174976530388294,1.319677902578293,1.081066017177982,0.0,0.0
75023dda46de40c3953a0a67a31de816,scene-0092,0.8403949126488717,1.1790388815754425,0.0,0.6091877914692639,1.561498757432285,1.0681980515339466,0.49344395986811773,1.561498757432285,0.9181980515339465,0.11574383160114621,0.15000000000000013
38c0c7b30e1142e4bc0833c2d489c493,scene-0092,0.7933559057965731,2.32153486247874,0.0,0.47982574245662224,1.9977315149302415,0.7060660171779819,0.44232983168192674,1.9977315149302415,0.6310660171779822,0.037495910774695496,0.07499999999999973
47f40eb09dcb40b9888d81fb4b872ac4,scene-0092,0.8958388079975916,1.1149053965716882,0.0,0.5141261954736447,2.31432541295193,1.0499999999999998,0.5141261954736447,2.31432541295193,1.0499999999999998,0.0,0.0
47d74378d3e04fa6bb3132928c0f9fa4,scene-0092,0.6237843726228318,2.7336477394555825,0.0,0.6980683010550981,2.7336477394555825,0.675,0.5852151509569798,2.7336477394555825,0.4500000000000002,0.11285315009811825,0.22499999999999987
5fe961cfd2b444b0898c3abb7c969e77,scene-0092,0.8062555781126006,2.9148140815982693,0.0,1.4319463263177048,4.11430317521549,0.6749999999999996,1.4319463263177048,4.11430317521549,0.6749999999999996,0.0,0.0
c3ab884d58ff4822b6debfdbae4ef0a5,scene-0092,0.6151418611964834,0.4849621959506422,0.0,1.8450280954814398,4.32669500310117,2.25,1.995002146965514,6.72627982684636,2.3999999999999995,-0.14997405148407417,-0.14999999999999947
e568b88df00a4c19960ff2b83ca5630d,scene-0092,0.7402595936097334,1.4810583270422717,0.0,2.0656223654583097,4.520778122194558,2.5499999999999994,1.9914066940478177,4.520778122194558,2.4749999999999996,0.07421567141049201,0.07499999999999973
d617daef46b24ba39fcc80e8f767b082,scene-0092,0.4952622608868597,1.3187449060301617,0.0,2.8870149311998823,4.682717579090194,3.075,2.9620108986813727,4.682717579090194,3.1500000000000004,-0.0749959674814904,-0.07500000000000018
5a85db16e41543e5bcfe5341d3c85787,scene-0092,0.505736796542446,0.33201022553903947,0.0,2.5452826542157663,4.479598673563358,2.3249999999999997,1.213941206331151,3.279887331084492,0.8999999999999997,1.3313414478846153,1.425
3d4112671b8c4d8393a0b32d6d75287a,scene-0092,1.0496493292755993,2.8654740731803803,0.0,2.2429205136311716,4.06415755115281,1.2000000000000002,1.5684783728769505,2.8654740731803803,0.5249999999999997,0.6744421407542212,0.6750000000000005
c10dfcf73ed84179b8915990fa6464a5,scene-0092,0.7480709570466539,2.3848390586884034,0.0,1.9235256826435565,3.579764149237504,1.8750000000000004,1.549440454667123,2.3848390586884034,1.4999999999999996,0.3740852279764335,0.3750000000000009
e6c7e16f831d4807befccae91f7df830,scene-0092,0.5750677612134003,0.7859115003755421,0.0,0.9170715285435831,1.7051931684977124,1.0499999999999994,0.9909578057967896,1.7051931684977124,1.1249999999999991,-0.07388627725320651,-0.07499999999999973
6e0955c28ecb405b98d91b089761dbbb,scene-0093,10.014795205771318,18.382070852015218,0.0,11.981430067466052,21.71623686982933,2.0249999999999986,11.90645563039623,21.71623686982933,1.9499999999999988,0.07497443706982132,0.07499999999999973
59e6f43c31be472393ee5c8dcc45f9cf,scene-0093,11.319951718673709,21.312073247105566,0.0,11.618748200945472,21.312073247105566,0.2999999999999998,11.618748200945472,21.312073247105566,0.2999999999999998,0.0,0.0
b5fd72c8c35c4b7bb656f4e9d5b8fe52,scene-0093,11.599993041123287,21.461972210472688,0.0,11.599993041123287,21.461972210472688,0.0,11.599993041123287,21.461972210472688,0.0,0.0,0.0
e19007f8d28a4590b249b6025bd8f4d1,scene-0093,4.677533187928312,6.626242265392513,0.0,2.690906020857889,6.626242265392513,2.1069735182512206,4.258593035774535,21.994810385184746,2.462311648050685,-1.5676870149166455,-0.3553381297994642
88c4bf6c96624c9baf7ca0f98c790034,scene-0093,1.6484585729649004,2.5679127054833644,0.0,2.1635120601574047,4.355629930189677,0.6664762138029503,2.1635120601574047,4.355629930189677,0.6664762138029503,0.0,0.0
6dab8a84451a4f01aca9352708196964,scene-0093,1.6021770613479176,4.622710483323498,0.0,1.7890440733198023,4.622710483323498,0.25606601717798216,2.0269641331680877,4.622710483323498,0.5264823628377814,-0.23792005984828535,-0.2704163456597992
4d1040b4e7804bc395186572f5ee281c,scene-0093,2.475264012521077,4.208472054565272,0.0,2.2333177935429047,5.118608954327196,0.6191874611502651,2.5946915728215716,5.118608954327196,0.5164762138029504,-0.3613737792786669,0.10271124734731474
8ffab42b57d14c6cb0486620d8675a74,scene-0093,3.0502513592397587,7.044932519461792,0.0,3.0227364002193156,7.044932519461792,0.5871320343559635,3.325354873709795,7.044932519461792,0.6798371326684485,-0.30261847349047954,-0.09270509831248497
c086941272e24fefad3e65d65760aed4,scene-0093,1.3653219844926885,2.7069148488541797,0.0,1.9930628107670578,4.823763832136122,1.025253478328248,2.1960515568863888,4.215765183793414,1.0563194955062298,-0.20298874611933093,-0.031066017177981742
5c27958677604dc5ad254f69f31aaf85,scene-0093,1.5600168505244292,4.2811681959487045,0.0,1.471391800915665,4.2811681959487045,0.2427050983124846,1.579877949946882,4.2811681959487045,0.18106601717798254,-0.108486149031217,0.06163908113450206
561cf9acfda645b79bc52ec82537970c,scene-0093,1.5686568707143955,3.075830678950748,0.0,1.8602819668024846,3.075830678950748,1.0154366870508498,2.304659707887356,7.602557151032491,1.6954631774767317,-0.44437774108487127,-0.6800264904258819
7a903ae4cbb0466093fc117258a31efc,scene-0093,2.6614252017482896,10.352224116642205,0.0,3.1903076501268752,6.752278702181269,2.2260238691940506,2.7326146027175495,5.55231262708115,1.9910010344660396,0.4576930474093257,0.235022834728011
e35b8b29c8b742ecbff086c39c87875a,scene-0093,1.3051066685028188,0.6488399657802981,0.0,3.13365549555726,6.566340739219786,2.1927050983124836,2.8013765731664857,5.366643066493885,1.8927050983124842,0.3322789223907745,0.2999999999999994
d0b2eb773b2a4f9c8a25c655d5deffbd,scene-0093,1.7810200188076821,1.9191796208810574,0.0,1.2085071029143035,1.9191796208810574,0.6749999999999998,1.1259611238057197,3.1007304145521286,1.0500000000000003,0.08254597910858386,-0.37500000000000044
852490943ea64291ae0f85dc0d49825a,scene-0093,1.0005028698697165,0.9074119488915531,0.0,0.9391425740921466,1.890977455440265,0.5427050983124844,1.0510702801975162,0.9074119488915531,0.33106601717798256,-0.11192770610536962,0.2116390811345018
938d0ee9763d44b6a01b7dbbe2240c85,scene-0093,0.9163793351677083,0.5031776363037246,0.0,1.7094301273830723,5.418346085593979,1.407306896280385,1.5365175008873337,4.252261095622172,1.111434893224558,0.17291262649573858,0.29587200305582706
3a2c3d1efcea439cba29f425cdf5fbe0,scene-0093,1.7148271539974311,1.5380251896204804,0.0,2.6733349823765242,5.1267440820022046,1.2306366683552779,2.7278641628393503,6.479859982677615,1.099531861020632,-0.054529180462826066,0.1311048073346459
05699704028c40708d98ab16374fd748,scene-0093,3.4584085471127803,5.974621737119496,0.0,3.608399380247718,5.974621737119496,0.2999999999999996,3.758333553857316,5.974621737119496,0.2999999999999998,-0.14993417360959782,-2.220446049250313e-16
c83fb640e909437d80981a7c4338265d,scene-0093,4.040237740650175,6.646153364183087,0.0,2.918099283281508,6.646153364183087,1.125,3.292635276134019,6.646153364183087,0.75,-0.37453599285251116,0.375
636c9024749e46ee8a9987b58e2cf802,scene-0093,4.0869791502782356,7.0783791280221,0.0,3.4870877538703016,7.0783791280221,0.6000000000000003,3.4870877538703016,7.0783791280221,0.6000000000000003,0.0,0.0
f9438d42bb944364b5a75d6c5d0bc758,scene-0093,5.436184852605503,8.659827075662562,0.0,3.941174170375167,7.465216868285515,1.5074264635194592,4.016124377476682,7.465216868285515,1.4324264635194595,-0.07495020710151534,0.07499999999999973
349fc724f9d84aeca8afe4af49d05986,scene-0093,5.9540926693525185,8.901441975273894,0.0,4.611416196764124,8.901441975273894,1.368465843842649,4.832547331341464,8.901441975273894,1.1342329219213245,-0.22113113457734013,0.2342329219213244
5b58b84c5f28465e83690772812e8b3d,scene-0093,6.148028874091176,9.018479513161102,0.0,3.9159365071593712,7.822242188233292,2.268465843842649,3.915988901184184,7.822242188233292,2.2684658438426495,-5.239402481294064e-05,-4.440892098500626e-16
71be7481176747a7aff4ef5143b18e2a,scene-0093,4.84853510329095,9.084482969464409,0.0,3.6677457295355733,7.888756973326507,1.2177050983124844,3.6677457295355733,7.888756973326507,1.2177050983124844,0.0,0.0
4a4ea75ecf81469988905e6bd73bf49d,scene-0093,6.981183130523222,15.105036286045964,0.0,3.7774621321223716,7.921274685195055,3.2249999999999996,3.7989647161559077,7.921274685195055,3.2342329219213246,-0.02150258403353611,-0.009232921921324966
08303db5860e4e67b5b4ab7c30d41902,scene-0093,6.820930510030095,13.899815728870477,0.0,2.549175600447009,4.357613818937215,4.356207189772367,3.4147384289854337,7.919585081181876,3.4714037464339533,-0.8655628285384247,0.8848034433384138
7f06772548b74f3a912afe867ba70a6d,scene-0093,6.740622166132558,13.919686422720018,0.0,5.230825604689805,7.944780959630317,1.5786470383155784,5.316307864964287,7.944780959630317,1.4999999999999996,-0.0854822602744818,0.07864703831557884
bcdcc52ce4614abea760880e5645eefc,scene-0093,5.43945297266856,9.278241324230777,0.0,4.807386389982161,9.278241324230777,0.9798371326684493,5.272539296657434,9.278241324230777,0.6487711154904664,-0.4651529066752724,0.3310660171779829
995b3a75250b4fc5a5b785f90b5e739e,scene-0093,8.806426131208273,20.126384183244554,0.0,5.956959577307421,11.726817169476215,2.8499999999999996,6.256956614053253,9.327084123698087,2.55,-0.29999703674583245,0.2999999999999998
267340cfbeb4415f9f74090750e237ab,scene-0093,8.900073002739278,21.408134954832416,0.0,10.325004092120025,22.608057015147867,1.4249999999999994,10.250011568782497,22.608057015147867,1.3499999999999994,0.07499252333752793,0.07499999999999996
9c3458157e3641dead10c9d1bfa06c5b,scene-0093,11.00699503109656,26.341272412697897,0.0,9.732088782919993,21.541672867203598,1.2749999999999995,10.557035897135705,22.741556906205904,0.5999999999999994,-0.8249471142157123,0.675
19ffc60b7e9f429cbca0dbd5e2fc2e03,scene-0094,3.6570848330728856,6.4514482643818285,0.0,2.4066619996628744,2.8598258935797185,1.2749999999999997,2.289067757229655,1.0104243921115859,1.4727254026187657,0.11759424243321925,-0.19772540261876603
a442b57b3e044dbcbe729bf3db01af36,scene-0094,2.0991098607999,2.3456678340384163,0.0,0.9604796766991817,0.8204683600419792,1.3592329219213248,1.0963747536933708,0.8204683600419792,1.617807492867906,-0.13589507699418912,-0.2585745709465812
8ddac045b61a412fb54f4d5870e0516f,scene-0094,2.1213449501047186,3.288275175670938,0.0,3.689929008889318,4.466825795088513,1.593465843842649,3.3190174906235654,4.466825795088513,1.2214037464339533,0.3709115182657525,0.37206209740869567
f216d7a4ff5345dbbbb8b27dce4f0953,scene-0094,1.6810946676796608,1.4332306778888024,0.0,4.959438205335952,13.269580343052635,3.3228665752131494,2.945908465153206,3.717482029140031,1.296403746433953,2.0135297401827463,2.0264628287791964
16c4a3eac2a54160a30b559855584cd8,scene-0094,1.6520225143210858,1.759376833188767,0.0,2.791250704838331,5.234672949108673,1.4250000000000003,3.7489464065371667,5.234672949108673,2.400000000000001,-0.9576957016988357,-0.9750000000000005
442d1845be554fc49b9ee04c70492b29,scene-0094,1.055686762675606,2.0128416781520047,0.0,2.217514231057313,3.027376187663649,2.1310660171779823,1.4043325810313763,3.027376187663649,1.081066017177982,0.8131816500259366,1.0500000000000003
a92511954d004ec9922e75be59fbb109,scene-0094,1.0039459259242003,2.0935247679401416,0.0,2.924297488638331,4.486517944735308,2.325,2.8495013021547946,4.486517944735308,2.25,0.07479618648353625,0.07500000000000018
665e155d1c3c4abdb5129b35b80c3b1b,scene-0094,1.2719620856058373,3.642856243864841,0.0,1.2625500213932679,2.3658813180961977,1.9499999999999988,1.106760143610988,2.3658813180961977,1.4999999999999993,0.15578987778227993,0.4499999999999995
abccb4eda68e441d893861429fdd5605,scene-0094,1.0348489985532132,3.3025741866728966,0.0,1.1014971907526254,3.3025741866728966,0.5999999999999999,1.3250597153006622,3.3025741866728966,0.5249999999999997,-0.22356252454803682,0.07500000000000018
ac83bf9a407f40ec8182fb5d2ba88444,scene-0094,0.9976283105116908,3.252506814475153,0.0,1.1490900353826405,3.252506814475153,0.2999999999999996,1.1939345860145478,3.252506814475153,0.22499999999999987,-0.04484455063190729,0.07499999999999973
6a85b1377e5c42dfb6e125b2cb0a4ec8,scene-0094,0.8881242623836334,4.026694971814941,0.0,1.7746551081219692,4.026694971814941,0.9749999999999994,1.3996821557594017,4.026694971814941,0.5999999999999996,0.37497295236256756,0.3749999999999998
ac22e12d11f84b6a98faa260bdaa64ff,scene-0094,1.244366625462689,2.4610510237905796,0.0,3.1883778249997454,4.8608932689547295,1.95,3.188406993373024,6.060861241391666,1.9499999999999995,-2.9168373278487536e-05,4.440892098500626e-16
733e12b439b846169b3f8214a89ed8c4,scene-0094,2.1544523139523277,5.753198411242431,0.0,4.025347176586812,5.753198411242431,1.8750000000000002,4.477471696567147,17.785836056319297,2.3287406715840664,-0.45212451998033476,-0.45374067158406617
d11f2c7391984c91b68ebd8efaef6f30,scene-0094,1.6799819577399422,2.046386681353175,0.0,3.3319037986815045,8.125460771964692,1.657426463519458,2.127438400510611,2.046386681353175,0.44999999999999973,1.2044653981708935,1.2074264635194583
a27511294c014c34bea679aae0d35735,scene-0094,4.721720558385567,10.446770180216133,0.0,4.871089989639322,9.252727169819304,0.6000000000000003,4.347797953883928,8.060453644800136,0.5249999999999999,0.5232920357553938,0.0750000000000004
7dfa2547d5ff46aeb0229c166234dabf,scene-0094,5.414741434514106,10.46295104915256,0.0,6.054871313847537,10.41249122033175,1.380368876046576,4.854953899551935,9.212653553588499,1.276202088945738,1.1999174142956015,0.10416678710083804
cbde405b33b946bd9e1796cb78c12731,scene-0094,4.731945062925341,11.651341563613025,0.0,6.081637395918682,11.651341563613025,1.35,5.332024288140728,10.456195780037433,0.7499999999999998,0.7496131077779538,0.6000000000000003
b83e2b71e78244dea5693836ca0a8ccc,scene-0094,7.074682026207153,12.984120685699905,0.0,6.768363748164294,12.984120685699905,0.640298939099307,6.693575712866364,12.984120685699905,0.5652989390993073,0.07478803529792977,0.07499999999999973
3097b27c66c448d58aee1c54958466ad,scene-0094,10.228776689548765,25.109306933976494,0.0,8.734136028077657,16.72055057739962,1.6810660171779812,8.659137756123535,16.72055057739962,1.7560660171779814,0.07499827195412223,-0.07500000000000018
9e527ac110c84d6daa076e018aeb7a53,scene-0094,8.535261322549747,18.011224539733504,0.0,8.608139580022026,18.011224539733504,0.9812071897723664,8.533141283954908,18.011224539733504,1.0562071897723666,0.07499829606711828,-0.07500000000000018
15222be375f74f0d843a4289d18c746a,scene-0094,5.680305023781024,9.708652568888068,0.0,12.925336133716918,23.892092701120255,17.174999999999997,13.194559641520648,23.892092701120255,18.0,-0.26922350780372994,-0.8250000000000028
b2a10e8a03c843f69a00bc872fc18170,scene-0094,5.4063734385736275,9.907689883010356,0.0,6.162247498513752,15.948710949650742,0.9251315618319427,4.6591791769165205,14.752060476561994,1.359232921921325,1.5030683215972314,-0.4341013600893824
894616d89edf41b8bbfd542a150e8fbd,scene-0094,4.312228091527011,10.063574349845164,0.0,6.337098500270254,11.263566776637651,2.0249999999999995,5.587190940815854,11.263566776637651,1.2750000000000001,0.7499075594543996,0.7499999999999993
c2e56200cb7d46b6a93fb4ec389f4ba9,scene-0094,2.051378795872357,4.2580791525619075,0.0,2.7372651039519065,4.2580791525619075,0.7500000000000002,1.8263938172322889,4.2580791525619075,0.2250000000000001,0.9108712867196176,0.5250000000000001
7604c6ea363c4a4a8fcf574281a7ac86,scene-0094,0.5409058114423708,1.0227767004388766,0.0,0.5434712636775356,0.18408454679001787,0.4500000000000004,0.5631147497983037,0.18408454679001787,0.5250000000000004,-0.01964348612076805,-0.07499999999999996
d00b9230860e4f4199bcbf9678438447,scene-0094,0.4816461628475126,1.237719030546087,0.0,0.5572766077926862,1.237719030546087,0.3749999999999998,0.6527351921602002,2.437445005918438,0.30000000000000004,-0.09545858436751398,0.07499999999999973
9568f067471847f3b10432b4e53a43ba,scene-0094,0.6318916940200092,2.653670489469352,0.0,0.5974417253315106,2.653670489469352,0.07499999999999996,0.3794088750427772,0.9464615118115912,0.75,0.21803285028873343,-0.675
c8b6a861ef0445cd8bef18eb2b7f9e89,scene-0094,0.8956361668844157,2.9280460789555827,0.0,0.5206530273269089,0.5280558110732679,0.3750000000000002,0.5206530273269089,0.5280558110732679,0.3750000000000002,0.0,0.0
046d4e3b185a4b15b5784331d7633565,scene-0094,1.6095466812926076,2.0151548970552673,0.0,0.7847627123034677,0.8152305103495164,0.8250000000000002,1.234555678825835,2.0151548970552673,0.375,-0.4497929665223672,0.4500000000000002
8b17a8d9c23a4a849ec471da90fec39e,scene-0094,1.7813959998171,2.1317592931906337,0.0,1.4814123134301642,2.1317592931906337,0.30000000000000027,1.556411686156463,2.1317592931906337,0.2250000000000001,-0.07499937272629875,0.07500000000000018
723ad93330684af28bd8f329092efa7b,scene-0094,2.5484654798728883,3.5110890497755842,0.0,1.7235163396563622,3.5110890497755842,0.825,1.7985399416115753,3.5110890497755842,0.7499999999999998,-0.07502360195521307,0.07500000000000018
16a2b81fe8554e7cb545a6df0b594977,scene-0094,2.0650562701548187,2.5647820008415523,0.0,2.128413060803421,2.5647820008415523,0.22499999999999987,1.3870040685058753,2.5647820008415523,0.7499999999999998,0.7414089922975458,-0.5249999999999999
78be3bd5f1f146cdb1b7120bbf8a218c,scene-0095,0.2236042021055113,0.22360318943519114,0.0,0.4937801875589806,0.22360318943519114,0.3749999999999998,1.1644601814505755,0.22360318943519114,1.1249999999999993,-0.6706799938915948,-0.7499999999999996
fd534bf0c87d4d4cb891f0fc6f41a6a9,scene-0095,0.22360525728309902,0.22360396981637912,0.0,0.22360525728309902,0.22360396981637912,0.0,0.22360525728309902,0.22360396981637912,0.0,0.0,0.0
5369488db9e94abcaacb56ed00a0def6,scene-0095,0.2236057859981571,0.223605636612951,0.0,0.2236057859981571,0.223605636612951,0.0,0.2236057859981571,0.223605636612951,0.0,0.0,0.0
77b3e8a94b22491a97efb1e8f2b742b7,scene-0095,0.2236059176767696,0.2236062672718421,0.0,0.2236059176767696,0.2236062672718421,0.0,0.44494508099314867,0.2236062672718421,0.2999999999999998,-0.22133916331637907,-0.2999999999999998
d773c946a192406c83ed0980f776d1a8,scene-0095,0.2236058564430599,0.2236059467754732,0.0,0.2236058564430599,0.2236059467754732,0.0,0.2236058564430599,0.2236059467754732,0.0,0.0,0.0
71b80d6861c44bc69bc468d54625bd73,scene-0095,0.22360579839441935,0.22360405966606933,0.0,0.22360579839441935,0.22360405966606933,0.0,0.22360579839441935,0.22360405966606933,0.0,0.0,0.0
7c8b7e6b9a5c46df898321470c81c8e8,scene-0095,0.22360630786629526,0.2236046114100616,0.0,0.22360630786629526,0.2236046114100616,0.0,0.22360630786629526,0.2236046114100616,0.0,0.0,0.0
0963783c3e71478fbba311287a1a5b42,scene-0095,0.22360622978415715,0.22360490276905282,0.0,0.22360622978415715,0.22360490276905282,0.0,0.22360622978415715,0.22360490276905282,0.0,0.0,0.0
22141d99bca241658083cbbf3c7dcaf2,scene-0095,0.3701153596933383,1.0049883658108019,0.0,0.22360595391208943,0.22360445331496173,0.22499999999999987,0.22360595391208943,0.22360445331496173,0.22499999999999987,0.0,0.0
da3ef456918149c5a22ff069dd97b7d7,scene-0095,0.3701157502205248,1.0049888640969038,0.0,0.22360629473898724,0.2236042431589931,0.22499999999999987,0.22360629473898724,0.2236042431589931,0.22499999999999987,0.0,0.0
98592cf269d34c80bdb23c6fa2708db8,scene-0095,0.22360491189295756,0.2236030251164499,0.0,0.22360491189295756,0.2236030251164499,0.0,0.22360491189295756,0.2236030251164499,0.0,0.0,0.0
ff98be19bcf9436cad14f28ff63cb501,scene-0095,0.22360411869509944,0.22360392628330053,0.0,0.22360411869509944,0.22360392628330053,0.0,0.272440582525282,0.22360392628330053,0.07499999999999996,-0.048836463830182586,-0.07499999999999996
c818a482aa4b41128c8b3bd773ae6504,scene-0095,0.2236042290098912,0.22360517606377942,0.0,0.2236042290098912,0.22360517606377942,0.0,0.2236042290098912,0.22360517606377942,0.0,0.0,0.0
2a8c82989fcc4edca9772cd20bf34b07,scene-0095,0.2236062847454356,0.2236066284009679,0.0,0.2236062847454356,0.2236066284009679,0.0,0.2236062847454356,0.2236066284009679,0.0,0.0,0.0
e6bf9e3dc50149ba8cdce44e52f82fb9,scene-0095,0.2236065417466953,0.22360697212360878,0.0,0.2236065417466953,0.22360697212360878,0.0,0.6662853884532896,0.22360697212360878,0.5999999999999996,-0.44267884670659424,-0.5999999999999996
18b3ef8c389240f39196a55621eb1930,scene-0095,0.22360638800582766,0.22360640210364133,0.0,0.22360638800582766,0.22360640210364133,0.0,2.0303670741569526,3.4014701505018214,2.174999999999999,-1.806760686151125,-2.174999999999999
62f92bfdea694388b2f13c5d04cc7148,scene-0095,0.2236068300484591,0.22360684081548135,0.0,0.2236068300484591,0.22360684081548135,0.0,3.154806400684384,5.800861479441947,3.299999999999999,-2.931199570635925,-3.299999999999999
a79c34821835458ca58d97b687602ab1,scene-0095,0.22360778211987042,0.22360772581307417,0.0,0.22360778211987042,0.22360772581307417,0.0,0.22360778211987042,0.22360772581307417,0.0,0.0,0.0
aaac0015dd724fbfa7c52edc33a64dc1,scene-0095,0.2236082538429639,0.22360856613112992,0.0,0.2236082538429639,0.22360856613112992,0.0,0.3212803345152956,0.22360856613112992,0.1499999999999999,-0.09767208067233168,-0.1499999999999999
2d800e7c6d03460e8532daba3641f5d2,scene-0095,0.2236070243866239,0.2236070672859552,0.0,0.2236070243866239,0.2236070672859552,0.0,0.2236070243866239,0.2236070672859552,0.0,0.0,0.0
99ccc70f143b41bf87ef7be9dc4d850a,scene-0095,0.32127874759092345,1.0049883615775028,0.0,0.22360593513040275,0.2236058160536683,0.1499999999999999,0.22360593513040275,0.2236058160536683,0.1499999999999999,0.0,0.0
4b6fcdc1549847c395d07fefcbdc16eb,scene-0095,0.3701156352614374,1.004987345732264,0.0,0.22360675313699444,0.22360676489803372,0.22499999999999987,0.22360675313699444,0.22360676489803372,0.22499999999999987,0.0,0.0
cb7c92011a4c48a2a201cd2dc9fb7488,scene-0095,0.22360656878904528,0.22360700822516644,0.0,0.22360656878904528,0.22360700822516644,0.0,0.22360656878904528,0.22360700822516644,0.0,0.0,0.0
1c99c1f837fa457085f86e4afab500ed,scene-0095,0.22360721202649309,0.2236080828286572,0.0,0.22360721202649309,0.2236080828286572,0.0,0.22360721202649309,0.2236080828286572,0.0,0.0,0.0
cac56fc7411b4bfca61e56d4244faecc,scene-0095,0.22360723610982072,0.223607070965556,0.0,0.22360723610982072,0.223607070965556,0.0,0.22360723610982072,0.223607070965556,0.0,0.0,0.0
1f40bab191dd4d6c94cb3cbde8a474f0,scene-0095,0.22360727269132571,0.22360729806371007,0.0,0.22360727269132571,0.22360729806371007,0.0,0.22360727269132571,0.22360729806371007,0.0,0.0,0.0
0637df67b6fe4c5087e9139089ba1b49,scene-0095,0.22360650819642253,0.22360682380800734,0.0,0.22360650819642253,0.22360682380800734,0.0,0.22360650819642253,0.22360682380800734,0.0,0.0,0.0
57d5c2256bc947459903ce56c91e9b78,scene-0095,0.22365507445233568,0.22437427807263197,0.0,0.22365507445233568,0.22437427807263197,0.0,0.22365507445233568,0.22437427807263197,0.0,0.0,0.0
2ab5ae2167d94c37987a69ef23b3cb6b,scene-0095,0.22602931581747465,0.25890642220120724,0.0,0.22602931581747465,0.25890642220120724,0.0,0.22602931581747465,0.25890642220120724,0.0,0.0,0.0
b90fba92889749a69ec4235b8edec06f,scene-0095,0.24831522091083014,0.46386442816057616,0.0,0.24831522091083014,0.46386442816057616,0.0,0.24831522091083014,0.46386442816057616,0.0,0.0,0.0
f9475d1f1f96401c81ce511a93578a96,scene-0096,1.445691520836447,0.35478186344836543,0.0,2.5410224859027286,8.667125800028666,3.7499999999999996,2.4576540181762963,8.667125800028666,3.5250000000000004,0.08336846772643236,0.2249999999999992
d96de08343d248809556faa746c70968,scene-0096,1.5953296646615747,3.866801913912032,0.0,3.2760478283379393,10.543517466057464,4.65,3.5468836043676806,10.543517466057464,4.949999999999999,-0.2708357760297413,-0.29999999999999893
05cf2a68a2cf4ff1838034f8ecae0c82,scene-0096,0.9351116802981753,1.2580976957949819,0.0,3.482932298753595,10.761397329485755,3.9750000000000005,3.9948912329312165,10.761397329485755,4.5,-0.5119589341776214,-0.5249999999999995
93d437c833f24dd9b14a406d199113ff,scene-0096,1.3594402439435223,0.8283488406616464,0.0,3.57422714650835,11.177531552472265,4.725,4.306574734584808,12.377492338393177,5.475,-0.7323475880764585,-0.75
73a3e6b8189f445baf70c080117d3bf6,scene-0096,0.9564647135451176,3.030024686542988,0.0,1.4429908206245807,2.978572531872012,1.7249999999999999,3.0339547877038964,5.376637631294064,3.4499999999999997,-1.5909639670793156,-1.7249999999999999
67cc592aa2b94371a450ca2c7f4397ce,scene-0096,1.8458779562829999,3.2275767030826006,0.0,3.1182884270524447,4.400766039080796,1.5750000000000002,2.5921108449895502,5.58535872502136,0.9000000000000004,0.5261775820628944,0.6749999999999998
421215a3574d445db2bac0574bb34b67,scene-0096,5.2316519275547435,33.91792623693667,0.0,4.142333317276481,6.930854817702659,2.7872864077347757,4.217137175974369,6.930854817702659,2.8622864077347754,-0.07480385869788808,-0.07499999999999973
3d905993341a42da8a4a951fb439682b,scene-0096,14.369590489788122,28.354598373569072,0.0,14.444171209502585,28.354598373569072,0.07499999999999996,14.444171209502585,28.354598373569072,0.07499999999999996,0.0,0.0
d66a316ffd914123b6324efc5b30c15b,scene-0096,14.992484691215708,29.401496449298204,0.0,14.992484691215708,29.401496449298204,0.0,14.428998498101823,29.401496449298204,0.5999999999999996,0.563486193113885,-0.5999999999999996
fd27366f4f1c4df3ae73e27f8d469db1,scene-0096,1.1777636812373737,1.7802143983332739,0.0,1.4086371982671424,5.748821696807907,0.9749999999999999,1.1663091727081398,2.513784040733641,0.9749999999999999,0.24232802555900257,0.0
3ba93f957fe54c8c891a2cd5992e65a9,scene-0096,1.7800947468671438,3.351179634698804,0.0,1.5536248057775275,3.351179634698804,0.5249999999999995,1.8155418442786861,3.351179634698804,0.5249999999999995,-0.26191703850115866,0.0
d8ff67e7cda741f0ac2d7525dd26d208,scene-0096,1.1372369681059735,1.3544140007211078,0.0,1.3551216675326232,4.252260216453748,0.5249999999999995,1.500078870992414,5.409018102773425,0.6749999999999996,-0.1449572034597908,-0.15000000000000013
4a4426ac48d54f9590573ea48b1e76fc,scene-0096,3.2917198756261365,6.363792399948477,0.0,2.4150240778100716,6.363792399948477,1.1999999999999995,2.56294969815801,6.363792399948477,1.2,-0.14792562034793866,-4.440892098500626e-16
1f1982e0b2a64ec2b2aba3a41175ab6e,scene-0096,3.530191165314377,9.65410208133669,0.0,3.8273764645094928,7.256519747273657,0.7499999999999993,3.4543956287856816,7.256519747273657,0.5249999999999997,0.37298083572381113,0.22499999999999964
112aa7a7edfc4df6b8e9775b14f74e12,scene-0096,3.1728653508721303,3.6198150150525095,0.0,2.605841403244008,3.6198150150525095,0.6177050983124842,2.394359173965105,3.6198150150525095,0.8371708245126285,0.2114822292789027,-0.21946572620014426
5edf36a058ce4849bc6371629bea8a69,scene-0096,5.099265974390957,40.98156789876446,0.0,4.067604388507924,6.771740924748795,3.295550405427157,4.511874733074514,7.965014132285237,3.6067692238353963,-0.44427034456658987,-0.3112188184082392
b7d899dbb6264d7bada8daff326556ce,scene-0096,4.334975085933502,8.478565898046797,0.0,4.577783808408288,9.677262041010037,0.6310660171779822,4.7275070022697685,9.677262041010037,0.48106601717798225,-0.14972319386148047,0.1499999999999999
2b4441336efa4a649510d33c96ca53aa,scene-0096,4.985492338704215,9.950389063364579,0.0,4.624937003230662,5.152405842842417,1.0499999999999994,4.995002274347403,5.152405842842417,0.9749999999999992,-0.3700652711167409,0.07500000000000018
1906aa07e1914059914e62ee02ccb50f,scene-0096,5.676587148953953,12.459632178861707,0.0,3.0417856902092453,5.265424462919742,2.7487711154904653,3.264202062583429,5.265424462919742,2.523771115490465,-0.22241637237418388,0.2250000000000001
7c7ce7a97984492b9a5c76327bc90610,scene-0096,5.6880278468342125,11.215401505678987,0.0,2.7609684284530154,4.037203419591901,3.053115294937453,2.7609684284530154,4.037203419591901,3.053115294937453,0.0,0.0
9a2209d8b19045f4a0d52af5d5c23a78,scene-0096,6.434055550982374,10.986548179330045,0.0,2.4097341045979337,3.8163551753570606,4.177040414789232,2.6699700695435933,3.8163551753570606,3.8707453954592106,-0.2602359649456596,0.30629501933002157
9be682790a634b91b334b633fa43010a,scene-0096,5.553298478483216,9.657610086810239,0.0,2.2112717067008845,4.876549129967201,3.5338963447738987,1.0335868282945866,0.609942821179845,5.077538310128317,1.1776848784062979,-1.5436419653544187
78b6b787491441fa864d6bd9382d5701,scene-0096,3.251541098988432,3.3823328680956086,0.0,1.3535057246233757,0.4796957973613693,2.0371708245126285,0.7411152634654304,1.7453544214230798,3.6053300858899116,0.6123904611579453,-1.568159261377283
1175f341a78a4877bc5257cbc763aef5,scene-0096,3.790848971623682,6.378752570212942,0.0,0.6572051781013797,2.02374933684124,4.125,0.5588150724170065,0.8265118288143629,3.45,0.09839010568437323,0.6749999999999998
296e524f77ca4fad9d95e3dfe54c1259,scene-0096,4.365010631229581,10.59124859323257,0.0,0.62484299371857,2.193795547065133,3.8999999999999995,0.62484299371857,2.193795547065133,3.8999999999999995,0.0,0.0
e8038e0f57c445f0a91111dd2c9052a3,scene-0096,4.6920292199028575,9.959799157870906,0.0,1.5559254162804228,2.7678842550766176,3.1499999999999995,5.666843078172102,11.15946542631248,0.9750000000000001,-4.110917661891679,2.1749999999999994
53a80b41beee4a1eb751e3dc89af5765,scene-0096,5.355861316640569,10.371713581057813,0.0,1.477661421220148,2.0008596431535586,3.9,3.1846928855962062,9.172615260005456,2.175,-1.7070314643760582,1.725
b687fc34af774f64a1d3f91aa486b740,scene-0096,4.930021114285566,5.778879335122148,0.0,2.5417789929773766,1.0434737577836044,2.4,1.3830768453757076,1.0434737577836044,3.5999999999999996,1.158702147601669,-1.1999999999999997
f91ec82037fb47ccbac160cb5de453bf,scene-0096,4.172407127856937,8.317860406962858,0.0,1.4268407439832562,0.25018424209709483,2.775,1.5760849717145875,0.25018424209709483,2.625,-0.14924422773133128,0.1499999999999999
d6e16562bd2a4778b4789b3b66431e74,scene-0096,3.0528123345802722,5.769510408273427,0.0,0.8297087260767969,2.6304900359443946,3.449999999999999,0.5809814002212745,2.6304900359443946,2.999999999999999,0.24872732585552237,0.44999999999999973
1c81b06c812b47788462c31f58b6c1d0,scene-0097,0.22360589271672499,0.2236051360587253,0.0,0.22360589271672499,0.2236051360587253,0.0,0.22360589271672499,0.2236051360587253,0.0,0.0,0.0
f73dfd9690d74d3a9af2667bf3dd9481,scene-0097,0.22360580865474217,0.22360530400014964,0.0,0.22360580865474217,0.22360530400014964,0.0,0.22360580865474217,0.22360530400014964,0.0,0.0,0.0
eb4b6de953e247bcafe77dffd79bc8ed,scene-0097,0.22360540977423385,0.22360534152489,0.0,0.22360540977423385,0.22360534152489,0.0,0.22360540977423385,0.22360534152489,0.0,0.0,0.0
b04b95006e24460bacaaf80e299dff01,scene-0097,0.2236039997154236,0.22360473587455107,0.0,0.2236039997154236,0.22360473587455107,0.0,0.2236039997154236,0.22360473587455107,0.0,0.0,0.0
1dd5d04e621f4fe791bff994708af69b,scene-0097,0.22360470239961416,0.22360582028787637,0.0,0.22360470239961416,0.22360582028787637,0.0,0.22360470239961416,0.22360582028787637,0.0,0.0,0.0
9577cf1a1f31414d90358bd7b104b615,scene-0097,0.22360821383744214,0.22360956834648593,0.0,0.22360821383744214,0.22360956834648593,0.0,0.22360821383744214,0.22360956834648593,0.0,0.0,0.0
b0a2fb669af14c0289675261bee29949,scene-0097,0.22590269350135722,0.24906060988009152,0.0,0.22590269350135722,0.24906060988009152,0.0,0.22590269350135722,0.24906060988009152,0.0,0.0,0.0
6b3c851413064994bb0babae7e74efad,scene-0097,0.2446050438785348,0.420604487781999,0.0,0.2446050438785348,0.420604487781999,0.0,0.2446050438785348,0.420604487781999,0.0,0.0,0.0
fd7fed4b72f645ad886c561410662e33,scene-0097,0.29750920208775167,0.7409238926485499,0.0,0.29750920208775167,0.7409238926485499,0.0,0.29750920208775167,0.7409238926485499,0.0,0.0,0.0
6bf8421a1f32469f99868bbbeea9a200,scene-0097,0.4195786914158204,1.3903573574921164,0.0,0.4195786914158204,1.3903573574921164,0.0,0.4195786914158204,1.3903573574921164,0.0,0.0,0.0
5c6f3a7e402c4985916cd6ed07e66f6f,scene-0097,0.6478549494928377,2.2934636158174135,0.0,0.6478549494928377,2.2934636158174135,0.0,0.6478549494928377,2.2934636158174135,0.0,0.0,0.0
4cd53db3b63b42caba9e8f6a6ea70eae,scene-0097,1.053827690267036,3.540370434697387,0.0,1.053827690267036,3.540370434697387,0.0,1.053827690267036,3.540370434697387,0.0,0.0,0.0
75ce3975720942779e8f2a56309de167,scene-0097,1.5959953761663273,4.91769989293488,0.0,1.5959953761663273,4.91769989293488,0.0,2.141799328981113,4.91769989293488,1.4249999999999992,-0.5458039528147856,-1.4249999999999992
b006ca82a2654951ae8f42300f66f3c4,scene-0097,2.337085591630321,6.577463619208994,0.0,2.049856282982891,3.0232792797596675,4.349999999999998,1.0861457800840701,2.977746444888356,2.4749999999999988,0.9637105028988209,1.8749999999999991
98a8d1c359d54ed19060d3f0f5867468,scene-0097,1.1605753688431049,2.376918682667955,0.0,1.3517740494842183,1.2237286848933508,1.0499999999999996,1.045962905356663,3.5768448760433693,0.7500000000000004,0.3058111441275553,0.29999999999999916
8ef17257025146b19306abed70229687,scene-0097,0.9890609638403637,0.21117983993890074,0.0,1.2140162698645758,0.21117983993890074,0.22499999999999987,1.3022114671649834,4.589479014868857,1.5749999999999995,-0.08819519730040759,-1.3499999999999996
b85ef7111b8c46069e51bc0d905ad8c8,scene-0097,0.750359907383409,0.5465047147534962,0.0,1.4912311055527228,1.743935838600723,1.4999999999999993,0.9913998848054256,1.743935838600723,0.6749999999999996,0.49983122074729713,0.8249999999999997
e7438081ad0545299e8c703a8dd33ffa,scene-0097,1.2876173501282764,0.1464978549379469,0.0,1.6144213519526374,3.5145976772147156,2.8499999999999996,1.230139797468222,3.5145976772147156,2.4000000000000004,0.38428155448441537,0.4499999999999993
6f6e36cd57714b92ad8a0e6dfc57f767,scene-0097,3.482572496356239,7.984694038720609,0.0,1.4136588022922216,2.8864136760386416,4.818307187732914,1.7188038146080533,2.8864136760386416,5.192893973956675,-0.3051450123158317,-0.3745867862237606
50584518abf2443da57a124020086b69,scene-0097,3.8920389205236576,6.307526895547522,0.0,1.2293416294432196,5.125165289442878,3.322413796557034,1.010935100456626,3.375446550527245,4.675328919914513,0.21840652898659352,-1.3529151233574788
92c817e6a1b4445ea8505dca77d023bf,scene-0097,2.610868336576754,3.5104709428384666,0.0,1.1918159051377377,5.031231253173433,3.4912968401350986,1.1255055974563164,3.832892155531703,3.042173944017555,0.06631030768142132,0.44912289611754375
b3d9bac351554cc98cdafe751f3d437a,scene-0097,1.3193189834019137,1.1542258318877487,0.0,1.3962377656920857,1.129420985808424,2.0740146826402728,2.0321279012852007,5.381261150660724,3.0486710530176038,-0.635890135593115,-0.974656370377331
e08e07dcca544d99b739e512f6b704ed,scene-0097,2.2051431373538426,1.0344781930502203,0.0,6.5797915726565535,11.761805454541868,8.654630381927387,7.554732746780422,16.56134316926082,9.626210937813445,-0.9749411741238685,-0.9715805558860584
453eb1d22e3147a183224ebd756a9c57,scene-0097,1.7593239503533638,3.615852618789037,0.0,3.0244038648119766,4.951468196969259,4.5601727497591815,4.147607389411334,4.951468196969259,5.675617951956884,-1.1232035245993575,-1.1154452021977024
fb879538cc574e5094ccc39fa2953ef5,scene-0097,2.295854357045136,3.139070041919703,0.0,6.163347020291186,11.3191960794733,8.350463783842947,6.095502291338578,11.3191960794733,8.270133697953037,0.06784472895260851,0.08033008588991031
f5193e87e04547808e974d88fed8159e,scene-0097,2.4162250292641954,5.228976134411931,0.0,13.533401548411234,27.171300977497513,15.827880360780394,13.533401548411234,27.171300977497513,15.827880360780394,0.0,0.0
1981ee55006c4e00823d29de105d1680,scene-0097,1.2272816129057333,3.729693689954978,0.0,14.310214770315802,28.670306407729193,15.374999999999996,14.08522482686751,28.670306407729193,15.149999999999997,0.2249899434482927,0.22499999999999964
89910914b61e442f967bea60eb5ed44f,scene-0097,1.0780031456291101,3.3870839415762566,0.0,3.4555057081213736,6.214443289685835,3.5526987657639735,6.006389590314989,9.814245682463854,6.103077569873202,-2.5508838821936157,-2.5503788041092283
fd12f683aa444ceea85633f5f72b7d3d,scene-0097,1.1910801507432562,4.315784221908117,0.0,3.7528920529772556,7.6919308745579205,4.018597405674592,5.711636456928205,8.891556741756077,5.977238447317803,-1.9587444039509494,-1.9586410416432107
185dd9f6bc6b4cffbb23ac2ed72b3bb6,scene-0097,0.9074919627093521,0.8178828751588106,0.0,3.696555857180485,9.172305004827285,2.8499999999999996,3.546545237918121,9.172305004827285,2.6999999999999997,0.15001061926236403,0.1499999999999999
50c37d323ce248219f6a4f266d41daae,scene-0097,1.9754664831744742,4.723243399536078,0.0,3.7712636934279358,7.115428390477351,1.7999999999999994,4.595551205079607,10.710264265326797,2.625,-0.8242875116516712,-0.8250000000000006
c292d90b90ec4dbd826dfd11aa361df1,scene-0098,5.054048846044905,11.003748597145695,0.0,8.558650146325917,14.60216843598703,3.5918933418281487,10.058524460558612,18.201213225405773,5.080463967686712,-1.4998743142326951,-1.4885706258585634
d5c86824b36b4dbba467399bf3123d90,scene-0098,5.630279016433009,11.222343225198314,0.0,10.189559945256134,22.019998065817024,4.6301723653363505,11.314215228542096,23.21947153833949,5.742970274037421,-1.1246552832859624,-1.1127979087010704
85b8779598cb46f89538faa1d7117404,scene-0098,6.868172946248919,12.384136104194729,0.0,9.1863264943306,15.979825213084695,2.398473328499705,11.510538304624161,21.976871081816718,4.686047449848861,-2.3242118102935603,-2.287574121349156
8584cdee278d4bf89e6620ab02d15a7b,scene-0098,5.117356198022945,5.0086620305098055,0.0,8.547852603409925,12.174670077422594,3.5168055122704946,10.196694343189874,20.570008942285142,5.150960938165138,-1.6488417397799484,-1.6341554258946434
4dfb0052fe944420acddf5d376755dff,scene-0098,4.240216952320555,6.980239935277235,0.0,9.319610103818622,18.932859797965282,5.123349354657779,10.594366798278102,21.332475865800404,6.3950142173035545,-1.2747566944594801,-1.2716648626457756
947147c686d04c168ee8604b2f43bd46,scene-0098,5.443925567756516,8.786222654130006,0.0,10.37872177169039,19.586018720105283,4.965329502902213,10.30372242900792,19.586018720105283,4.890329502902213,0.07499934268247088,0.07500000000000018
4d37ee8f85284d62a1f7465e2b005643,scene-0098,5.445900042936618,7.088710144793709,0.0,10.234779930589525,19.002718043879856,4.807481343168133,9.409795947640953,17.802734942259224,3.9838232164826968,0.8249839829485719,0.8236581266854364
60565417b2584f15965a0e22c6f6d317,scene-0098,4.467162165946622,8.892961022402003,0.0,9.306487183878012,16.024434396610772,4.910170345966405,8.631508546266621,17.224414429616942,4.240611040647794,0.6749786376113907,0.6695593053186109
2577f859f0fb47a3a21cfc7c95650d26,scene-0098,5.428590846354922,9.637338672374739,0.0,7.37830193456756,14.43731164671897,1.95,6.933260853396128,9.716650387355246,1.575,0.44504108117143204,0.375
808fabcc3ed441afbd6bdddc929887f3,scene-0098,5.755826199168517,10.593049724132591,0.0,7.180813463424029,16.59293464604458,1.4249999999999998,6.805818745729988,12.992990939038243,1.0499999999999998,0.37499471769404025,0.375
ffb68ec5043b45f499086fd8c24dc2b6,scene-0098,5.537140345997375,11.688471694923823,0.0,5.837121029427166,12.888379731792776,0.2999999999999998,6.36165014135761,14.088303434364924,0.825,-0.5245291119304438,-0.5250000000000001
16011bbf9d634b099c5ff9a352d26c9e,scene-0098,6.312945022428371,11.701823991912823,0.0,7.587857768063719,17.701490206716716,1.4250000000000003,7.437864407945644,16.5015375458874,1.275,0.14999336011807518,0.15000000000000036
3f16f295d3e44088aa24a88b740f90bd,scene-0098,7.961643736959931,14.248539355559867,0.0,6.986808451209686,14.248539355559867,0.9750000000000003,7.361728373559174,14.248539355559867,0.7499999999999998,-0.3749199223494877,0.22500000000000053
beee295d6f3645208fb6763f8c415323,scene-0098,8.822178334081702,17.864137548896313,0.0,9.4971561187186,19.064127302202895,0.675,8.67218362656785,17.864137548896313,0.15000000000000036,0.8249724921507493,0.5249999999999997
3307d1211dfd442db4a6ae544c2ae197,scene-0098,8.718923114214007,17.725461588102615,0.0,10.293905919444457,21.325419342131276,1.5750000000000004,11.643857828504729,22.525408260892743,2.925,-1.3499519090602714,-1.3499999999999994
8a0af59b07f543a0a165180a12472d04,scene-0098,8.099382679230276,14.056218769458615,0.0,9.437766896745524,17.614147667517106,1.4201748619244199,8.537784348689444,15.214200818616538,0.599302858868593,0.8999825480560801,0.8208720030558269
73ce29fbb23b4fdda87da12569830fe0,scene-0098,8.723620623214027,13.961396730098704,0.0,9.620736329674946,18.715417815325807,1.0592329219213248,8.64575520895389,17.515425887814196,0.8371708245126287,0.9749811207210559,0.2220620974086961
cdd29238803446ba84398ca3a4292c19,scene-0098,8.625283811904952,18.701822894670563,0.0,8.478875092484468,13.959283316757686,0.7592329219213244,8.403875095240863,13.959283316757686,0.6842329219213247,0.07499999724360507,0.07499999999999973
0a535567072a48a38a7213778550dcaf,scene-0098,9.178852699444885,14.02463283422859,0.0,10.759410124585692,18.80610178422196,1.6810660171779825,8.904039214567426,17.609789316531245,1.0902473292934176,1.8553709100182658,0.5908186878845649
45731d093e2e4bb590ca10bbfb198eee,scene-0098,6.635573755175665,9.156479221062526,0.0,10.851780859893857,21.203541500106528,4.239997345056938,9.588421074808243,17.61398110450516,3.033318773230748,1.2633597850856138,1.2066785718261905
19689911bd0e40adb943b0f97ea84a6a,scene-0098,6.361082206133166,9.481382543366259,0.0,6.678539776910348,14.23211086521406,0.948771115490467,6.455685288979932,14.23211086521406,1.0237711154904672,0.22285448793041596,-0.07500000000000018
1e4b165a3a904717b30f044322edfa14,scene-0098,5.574305343298112,9.969118573713375,0.0,5.863759730112214,8.791104724681173,0.45923292192132437,5.547985196663341,9.969118573713375,0.7237711154904669,0.31577453344887285,-0.26453819356914254
a3037fd8331e47d48357d5250fbd8aa6,scene-0098,5.505945156560523,10.335285552421043,0.0,5.287285045731011,9.317154119917571,0.8609031498464313,7.206682952046261,10.493101600899376,1.843945977414886,-1.9193979063152504,-0.9830428275684547
610ef5fb746c466f810f665b3e9d5b4d,scene-0098,5.651119730036183,9.590711850769607,0.0,5.649622471991268,9.750698074747708,1.0774309734552718,5.951166177869533,9.590711850769607,0.4500000000000002,-0.30154370587826484,0.6274309734552717
e4437a15cc6a4c82b8cb1e21c439baa5,scene-0098,6.458779778360444,11.317844009659254,0.0,4.917215086451057,6.536131306864445,1.6414762138029506,8.875248003234443,11.317844009659254,2.4296717349151677,-3.9580329167833863,-0.7881955211122171
7760d89f50a947d78929ae468844c25e,scene-0098,7.083564518536215,11.861262892806023,0.0,10.910483939775961,20.335268712823463,3.830330085889911,10.230521728455184,16.651813632634948,3.1500000000000004,0.6799622113207775,0.6803300858899108
674ac51c90f444ffa066c3aa15991728,scene-0098,8.396962048042475,17.259420939596055,0.0,10.720723795976301,20.856853036055746,2.3249999999999993,10.046027432790265,20.856853036055746,1.6499999999999995,0.6746963631860368,0.6749999999999998
9573d00b8d3d4ca5badde36566ed0c84,scene-0098,7.862494618557461,12.993425609248709,0.0,8.462400001793528,12.993425609248709,0.5999999999999996,12.061917759042883,26.190548856782772,4.2,-3.5995177572493553,-3.6000000000000005
51b0f4727e4748a1b48162866ea48f3a,scene-0098,7.368179097097012,12.313539442046771,0.0,7.667967595914138,12.313539442046771,0.30000000000000004,11.4928554337374,21.9129343331933,4.125,-3.8248878378232627,-3.825
7fbf9f1634a64bfea374596abdfec3d9,scene-0098,6.27990282393404,12.767872515501447,0.0,11.519648573737575,22.297339541809333,5.258823216482697,11.444657871467113,24.697293954400706,5.182481343168133,0.0749907022704619,0.07634187331456399
b9db804449d34414ba98868e9034abd3,scene-0099,4.956341415166166,11.420348662308353,0.0,9.103372614573157,21.019599898125605,4.2,9.103383507582386,21.019599898125605,4.2,-1.0893009228851724e-05,0.0
3e0c8a049c7e4cf2b1aa8a8387b045c7,scene-0099,4.534833491160761,9.37774181476112,0.0,10.010452401914897,22.619663375520275,5.559641263107888,8.427812894218594,17.776553871127234,3.9749999999999996,1.5826395076963031,1.5846412631078888
e4908d7239ad42cbafe3281cbb86b1b0,scene-0099,5.897299846337979,10.844504518222825,0.0,9.636416404520482,20.49261109868282,3.7593386622447826,9.180421971612205,19.24332379311316,3.3000000000000003,0.4559944329082768,0.45933866224478237
3078e2541d58490cb8bad9de7801b7cc,scene-0099,6.597713954642117,11.905772436147439,0.0,11.324283607191479,25.143614703767266,4.737740738533827,10.278802527553111,21.55025666238718,3.6998523440512194,1.0454810796383676,1.0378883944826072
9d0e1d796b20401a862602bb02d613b4,scene-0099,8.429289429858141,16.16675137108397,0.0,9.93468679014666,21.01673586469921,1.5166593854407833,11.662634520017228,22.21390073648615,3.2565123124797015,-1.7279477298705679,-1.7398529270389183
fe944294f6a44b87a4da95136f86bb79,scene-0099,7.2276070405624555,16.49804581872171,0.0,10.619649755294477,22.553847168697335,3.4248045954469593,10.61607957326338,22.553847168697335,3.415571673525635,0.0035701820310958254,0.009232921921324078
b32f383e87e246669013e90202455df7,scene-0099,7.238224375140303,12.786970782703685,0.0,11.154499473170201,21.177992754455655,3.9400253157510523,10.387121009366206,18.77973881278254,3.299999999999999,0.7673784638039951,0.6400253157510534
ecaea9ca526a43a984e46bff7ea85204,scene-0099,6.84314259883847,11.104068131183206,0.0,9.464613137103086,15.881980197832425,2.6249999999999996,8.78990750659127,15.881980197832425,1.9500000000000002,0.6747056305118164,0.6749999999999994
b92936f399d5405fb98d6f8a2298a504,scene-0099,6.334422862057248,9.166740554908577,0.0,8.572135553341534,18.67730645580284,2.4000000000000012,8.647707499632036,17.483140334007594,2.325000000000001,-0.07557194629050201,0.07500000000000018
9faf87fc638c492d87ccbdb48388450c,scene-0099,6.1190001330305,9.209668522323566,0.0,8.197960934724682,12.730731933036807,2.0999999999999996,8.27266514780292,13.913400589746743,2.1750000000000003,-0.07470421307823827,-0.07500000000000062
34dc0f073e864d70b6e2b09c5b3ed032,scene-0099,4.924899119583145,5.8719164087800095,0.0,9.570347139881976,17.49318754726116,4.725,8.751947278661035,13.939582062890809,3.9000000000000004,0.8183998612209411,0.8249999999999993
ba6527487d5042b2bd4fb8e503918d29,scene-0099,3.7012767753359705,5.111371230249765,0.0,6.179143489388162,8.489753802401909,7.124999999999999,7.870937463151445,17.168205882432474,11.249999999999998,-1.691793973763283,-4.124999999999999
9f3355442ce347be804a9880d086ca8f,scene-0099,3.2862962322250464,3.7670781410634824,0.0,8.604085673302261,19.16619053261241,11.19885566890877,8.605950225977985,19.16619053261241,11.423855668908768,-0.0018645526757232744,-0.22499999999999787
9124545509cb45e1b79168bead041f06,scene-0099,3.692264252447777,10.422761001360062,0.0,9.155536476719043,19.052722734723634,11.371948918287119,8.450014709525622,19.986081805457538,4.799999999999999,0.7055217671934209,6.57194891828712
2de4836c1a1e4d1a8c2d73a3af31fd47,scene-0099,6.960815623787847,23.098104866754767,0.0,10.933886619150991,23.098104866754767,4.9020869334849255,8.984150155881235,16.31048828613832,8.123357033348892,1.9497364632697565,-3.2212700998639665
a9b8176bf0b546a4bc46afc631979805,scene-0099,9.617643389926116,24.910317905415162,0.0,12.20157492875876,24.910317905415162,3.028302401426518,12.20157492875876,24.910317905415162,3.028302401426518,0.0,0.0
73620d31303a47f9a86908f6157370f9,scene-0099,8.228195007001258,35.569171566673326,0.0,13.1712321774183,26.471324248731783,15.885321848609106,13.1712321774183,26.471324248731783,15.885321848609106,0.0,0.0
515ffe0f141445ed8e0de6e674b64060,scene-0099,3.554626028584621,8.492939840229282,0.0,9.69264267252775,20.722402359857696,10.367587047058244,9.235821339378127,20.722402359857696,9.913330929712092,0.45682133314962314,0.45425611734615146
726c4eb7ce3e490e908dfc5a5ad9dd19,scene-0099,4.319058251443246,14.754603241265926,0.0,5.740588130959947,16.68643020356546,9.948898890148993,4.430224785985803,17.8835994784782,7.376747151827142,1.310363344974144,2.5721517383218506
d91511762a3649fe9977ef72f1b6982f,scene-0099,5.139225013001352,5.456336319179424,0.0,3.248984624656271,11.370334651219853,7.826658802453085,2.7015768019331707,9.049166387154699,3.012170824512628,0.5474078227231001,4.814487977940457
cb39369c45bf4fd0be41ab5fb995494b,scene-0099,3.4478420073683487,6.366047533959082,0.0,6.270249341812383,9.939136709189711,2.85,6.6492906064185835,12.329896866432138,3.2342329219213246,-0.3790412646062009,-0.3842329219213245
713882a28f2442098451f77f1362d326,scene-0099,3.2296470928825585,5.1061862939552105,0.0,3.3595333725563368,6.282979373974646,0.8250000000000006,3.105655454486811,7.46716285874399,1.0500000000000003,0.25387791806952587,-0.22499999999999964
4fbd8ca56cc942cfb092846192fb3bd3,scene-0099,3.4661800297448613,9.755040135903418,0.0,4.130530136910733,10.955006857167477,0.8249999999999997,5.242478798936266,12.154980149226347,1.8053300858899108,-1.111948662025533,-0.9803300858899111
496c5144cca24c2f86607f9d7f26e90e,scene-0099,2.9714497266876254,7.355556710825682,0.0,4.867454810985458,8.555556679577414,1.9677050983124842,3.5133516936787097,7.355556710825682,0.6000000000000001,1.3541031173067481,1.367705098312484
eaf2f8cfe79e4558900f140452f299a1,scene-0099,10.469163059135962,7.3536573939922425,0.0,4.842294603452755,9.753615000800561,13.208416989021966,4.312584479750546,6.153690990812282,12.98203763627344,0.529710123702209,0.22637935274852694
0e8782aa721545caabc7073d32fb1fb1,scene-0099,2.7201205771085966,8.430725072195909,0.0,4.6829157732493965,4.830916087343352,2.55,3.9329443355861615,4.830916087343352,1.7999999999999992,0.7499714376632349,0.7500000000000007
3bb2aa82346340a0903bf05257735f71,scene-0099,3.400596858878515,9.360478192516524,0.0,5.650346223433324,12.960360475510512,2.25,5.875334346258407,11.760391706953294,2.4749999999999996,-0.22498812282508318,-0.22499999999999964
4254e88744744d1da84ff59eb26d5e82,scene-0099,3.555374145519611,9.028209101297412,0.0,3.3797012532686845,10.22820473918139,0.5999999999999999,4.047398966938366,11.371857597115508,7.574999999999999,-0.6676977136696816,-6.975
950d6f7fe8ca41538582327bf45afcc1,scene-0099,3.6183457540626724,8.65912259844566,0.0,4.1093748146926,4.069717903161359,1.5927687027112416,3.489982205488114,7.569982520883902,0.679837132668449,0.6193926092044864,0.9129315700427926
c7686b765fcf4212a0c9f7611a2236f2,scene-0099,3.021258636218362,8.268217291658141,0.0,3.594667730988294,8.374411994097983,1.1342329219213245,3.882597985803137,8.268217291658141,0.9000000000000006,-0.2879302548148428,0.23423292192132394
56f2d967734747c181e8cac27acef265,scene-0099,3.2130480784232227,8.075254529019762,0.0,3.4250330657745165,4.6403963375825406,1.4933684035225538,4.435954823762433,11.675240504392503,1.7249999999999996,-1.0109217579879166,-0.2316315964774458
028a3f3a237e469cb099f6d9c8e7f2f4,scene-0100,0.2235906455334157,0.2235833639470455,0.0,0.2235906455334157,0.2235833639470455,0.0,0.2235906455334157,0.2235833639470455,0.0,0.0,0.0
d20b00f4db5f46d081ce884d84f39d3e,scene-0100,0.22359143484914024,0.22358409863729758,0.0,0.22359143484914024,0.22358409863729758,0.0,0.22359143484914024,0.22358409863729758,0.0,0.0,0.0
0a66d3360b3e46228e210dd6a651ded2,scene-0100,0.22358586893733776,0.22358069766683938,0.0,0.22358586893733776,0.22358069766683938,0.0,0.22358586893733776,0.22358069766683938,0.0,0.0,0.0
d8230413dcd947d8bb19287931a618d7,scene-0100,0.22359633480738106,0.22359168936156504,0.0,0.22359633480738106,0.22359168936156504,0.0,0.22359633480738106,0.22359168936156504,0.0,0.0,0.0
5791344561914f83bd244e26e95b4a2a,scene-0100,0.22359986205090754,0.2235892774573234,0.0,0.22359986205090754,0.2235892774573234,0.0,0.22359986205090754,0.2235892774573234,0.0,0.0,0.0
6e80e8ce36464a0d8002e1924f3391cb,scene-0100,0.2236035951457307,0.223587400334677,0.0,0.2236035951457307,0.223587400334677,0.0,0.2236035951457307,0.223587400334677,0.0,0.0,0.0
d22de14af8cc4007994efda8354c939b,scene-0100,0.22360241589232657,0.22358693474826097,0.0,0.22360241589232657,0.22358693474826097,0.0,0.22360241589232657,0.22358693474826097,0.0,0.0,0.0
e30706e0581348c2b5b76deed01672ec,scene-0100,0.2235935784644042,0.2235871689801159,0.0,0.2235935784644042,0.2235871689801159,0.0,0.2235935784644042,0.2235871689801159,0.0,0.0,0.0
4213954afbbf49db872817069f73ae7e,scene-0100,0.22359421307023714,0.22358959866564476,0.0,0.22359421307023714,0.22358959866564476,0.0,0.22359421307023714,0.22358959866564476,0.0,0.0,0.0
70fce5a2055144d093d21875e8da0b7e,scene-0100,0.22359516207224528,0.2235917320054073,0.0,0.22359516207224528,0.2235917320054073,0.0,0.22359516207224528,0.2235917320054073,0.0,0.0,0.0
529080134759454a8176daca17b87a15,scene-0100,0.22359405035424967,0.22359130408984573,0.0,0.22359405035424967,0.22359130408984573,0.0,0.22359405035424967,0.22359130408984573,0.0,0.0,0.0
30ad11916547467183371af9e1faf298,scene-0100,0.22359427173450924,0.22359432239272728,0.0,0.22359427173450924,0.22359432239272728,0.0,0.22359427173450924,0.22359432239272728,0.0,0.0,0.0
f965ad5d2ee94318b2dd1ac927a37856,scene-0100,0.22360374901367577,0.22361025321352926,0.0,0.22360374901367577,0.22361025321352926,0.0,0.22360374901367577,0.22361025321352926,0.0,0.0,0.0
fbbad6309f1543f78634e49c50dfb779,scene-0100,0.22361158736728998,0.22360837695056848,0.0,0.22361158736728998,0.22360837695056848,0.0,0.22361158736728998,0.22360837695056848,0.0,0.0,0.0
d09b065aa1c74e31b0742ec36052f9c9,scene-0100,0.22361205552998611,0.22360752857482136,0.0,0.22361205552998611,0.22360752857482136,0.0,0.22361205552998611,0.22360752857482136,0.0,0.0,0.0
b32fbd9e38c74aaf9ca5e733d359281c,scene-0100,0.22360324510978113,0.2236013510374137,0.0,0.22360324510978113,0.2236013510374137,0.0,0.22360324510978113,0.2236013510374137,0.0,0.0,0.0
5f88b9a41f264ebbac7976bf4c796d21,scene-0100,0.223606441547656,0.22361588947821906,0.0,0.223606441547656,0.22361588947821906,0.0,0.223606441547656,0.22361588947821906,0.0,0.0,0.0
bdcb762d6df842358056925b1143e961,scene-0100,0.22360805610214696,0.2236169381182067,0.0,0.22360805610214696,0.2236169381182067,0.0,0.22360805610214696,0.2236169381182067,0.0,0.0,0.0
41a751b9f46a4fcd8529557c46cd919e,scene-0100,0.22361089083783403,0.22361459534100372,0.0,0.22361089083783403,0.22361459534100372,0.0,0.22361089083783403,0.22361459534100372,0.0,0.0,0.0
de52afcc66d9450da5f07b10977e0493,scene-0100,0.22361070368548824,0.22361750393402707,0.0,0.22361070368548824,0.22361750393402707,0.0,0.22361070368548824,0.22361750393402707,0.0,0.0,0.0
7586016dd8d4458aba6f7a88b3ab21b4,scene-0100,0.22360521535939773,0.22361196408306033,0.0,0.22360521535939773,0.22361196408306033,0.0,0.22360521535939773,0.22361196408306033,0.0,0.0,0.0
1a9894a106fe444c9f35126426563d43,scene-0100,0.223616099044713,0.22362008455564286,0.0,0.223616099044713,0.22362008455564286,0.0,0.223616099044713,0.22362008455564286,0.0,0.0,0.0
fbc2727b0f35414f88d956bc63345af0,scene-0100,0.22361976965538427,0.22362516066436325,0.0,0.22361976965538427,0.22362516066436325,0.0,0.22361976965538427,0.22362516066436325,0.0,0.0,0.0
9fbc6ac2c75c479cbc125a7a50bbaf64,scene-0100,0.2236194793611196,0.22362428844579535,0.0,0.2236194793611196,0.22362428844579535,0.0,0.2236194793611196,0.22362428844579535,0.0,0.0,0.0
79a822a6858f451ebde3a7595252f22e,scene-0100,0.22360740667770432,0.22361035083687464,0.0,0.22360740667770432,0.22361035083687464,0.0,0.22360740667770432,0.22361035083687464,0.0,0.0,0.0
9cae01630a3c475080fedef5d59297be,scene-0100,0.2236079948238173,0.22360565904143295,0.0,0.2236079948238173,0.22360565904143295,0.0,1.3632216351536954,1.0049876118894348,1.3499999999999992,-1.1396136403298782,-1.3499999999999992
6be3fbcf5c224508adb27b4b703b6625,scene-0100,0.22361222312801649,0.22360989021102126,0.0,0.22361222312801649,0.22360989021102126,0.0,0.22361222312801649,0.22360989021102126,0.0,0.0,0.0
1c5d68d702df41fab44824a6b8e360c9,scene-0100,0.22360810049967683,0.22360898747480004,0.0,0.22360810049967683,0.22360898747480004,0.0,0.22360810049967683,0.22360898747480004,0.0,0.0,0.0
72120150a5014fa6837585f0c4429110,scene-0100,0.2236079942434554,0.22361114917901545,0.0,0.2236079942434554,0.22361114917901545,0.0,0.2236079942434554,0.22361114917901545,0.0,0.0,0.0
94b913a2bb1e4f18bc10509f644d539e,scene-0100,0.22360975058487056,0.22360972052397765,0.0,0.22360975058487056,0.22360972052397765,0.0,0.22360975058487056,0.22360972052397765,0.0,0.0,0.0
aa126aada7ec4a46b23162e57a7a023f,scene-0100,0.22360571986146038,0.22360049776641272,0.0,0.22360571986146038,0.22360049776641272,0.0,0.22360571986146038,0.22360049776641272,0.0,0.0,0.0
d5324133e1d241658a7b763831b3af2e,scene-0101,0.22402910429139708,0.2282196767795613,0.0,0.22402910429139708,0.2282196767795613,0.0,0.22402910429139708,0.2282196767795613,0.0,0.0,0.0
0f5cbb909e9544dd861dc2ff63ac4d13,scene-0101,0.23757808554659154,0.36721934332543527,0.0,0.23757808554659154,0.36721934332543527,0.0,0.23757808554659154,0.36721934332543527,0.0,0.0,0.0
da74550a10a8408299d7e6b1735963ae,scene-0101,0.2895543728603178,0.7481469569340521,0.0,0.2895543728603178,0.7481469569340521,0.0,0.2895543728603178,0.7481469569340521,0.0,0.0,0.0
cf86af90b622499b8214df0024a6ea29,scene-0101,0.4139577215701467,1.3941246351701382,0.0,0.4139577215701467,1.3941246351701382,0.0,0.4139577215701467,1.3941246351701382,0.0,0.0,0.0
901cfd30cb2a4fdba55095f9ec0fed34,scene-0101,0.6438709040373553,2.306828940575252,0.0,0.6438709040373553,2.306828940575252,0.0,0.6438709040373553,2.306828940575252,0.0,0.0,0.0
5c9d217c4af14c608c7b5f9469dd488b,scene-0101,1.0192335655487235,3.555259240256353,0.0,1.0192335655487235,3.555259240256353,0.0,1.0192335655487235,3.555259240256353,0.0,0.0,0.0
ae3d3b5cb4424e7ab501a5d6f0a4980a,scene-0101,1.5784676834788738,5.089747683125284,0.0,1.5784676834788738,5.089747683125284,0.0,1.5784676834788738,5.089747683125284,0.0,0.0,0.0
a7795dcadad44c1c85fa27eef18366f6,scene-0101,2.217371340575508,2.799651687397265,0.0,2.3452884898560384,6.800521535135957,4.499999999999998,2.3452884898560384,6.800521535135957,4.499999999999998,0.0,0.0
cffb959327ac42ad866a5f8829e18187,scene-0101,3.3448255110743665,8.765988661158138,0.0,3.3448255110743665,8.765988661158138,0.0,3.3448255110743665,8.765988661158138,0.0,0.0,0.0
7693424bd4b04229b08c578b256a7de4,scene-0101,4.456621473801565,10.811193428938045,0.0,2.0579834984956715,6.011194769928419,2.3999999999999986,2.8824538155207673,9.611193638614228,1.574999999999999,-0.8244703170250958,0.8249999999999995
48ea4572f95c47a083efa79997c4a506,scene-0101,4.6849247773929505,12.401442128652874,0.0,2.601876887134984,7.601446573834329,4.2749999999999995,2.601876887134984,7.601446573834329,4.2749999999999995,0.0,0.0
604a8ce58d0b4f94a93db370813edf94,scene-0101,1.6119239181185436,14.326006863611834,0.0,3.3263507085944015,8.326008082118314,2.8499999999999996,2.9726804231778203,8.326008082118314,2.4749999999999996,0.3536702854165812,0.375
160fa0f8e77b41409a98341093a7cace,scene-0101,0.7339165285318798,1.183851592673114,0.0,4.567614674994241,10.157031552364021,4.279669331122391,5.017393465976021,11.356906972244959,4.729153885360306,-0.44977879098177986,-0.4494845542379151
09e58f5b8acb45a9a9c8c186895efa59,scene-0101,1.1348176495319333,0.8238277750475126,0.0,5.9931469857544215,13.129279081994707,5.935544824162156,5.8432349935553205,13.129279081994707,5.785544824162155,0.149911992199101,0.15000000000000036
47fce09b77e44bb1810cedd61628ab1f,scene-0101,3.410819308577174,5.182379554667997,0.0,6.183833822779116,13.573673359121944,2.7803300858899105,6.258803112604119,13.573673359121944,2.8553300858899107,-0.0749692898250034,-0.07500000000000018
eaad6827a3c44cdab111ea7d912c9947,scene-0101,4.633122069666599,10.479989010951087,0.0,7.478747296367237,16.46074969463722,2.8499999999999996,6.804438431777065,15.26338947748928,2.1749999999999994,0.6743088645901718,0.6750000000000003
88a6b5e35eb44deba6b1065d74b0a3c4,scene-0101,6.917376937586885,15.686722044436799,0.0,2.9884697202502672,9.700463662349138,9.825,3.549315542232967,9.589163082591798,10.434454323449447,-0.5608458219826997,-0.609454323449448
8ae5818912bf4a8db24b1690d83034ac,scene-0101,5.5121569424163255,10.189927369693217,0.0,7.524607934778659,12.847634899035024,12.985543730769987,5.613588267751513,12.847634899035024,11.031380274171994,1.911019667027146,1.9541634565979926
023a58306058440988b0ca496bdf9c2e,scene-0101,8.24314683455727,18.93730017816257,0.0,8.84072924270837,18.93730017816257,0.6000000000000001,6.1947714928828885,7.706521593885319,5.1803621986256,2.645957749825482,-4.5803621986256005
9ce5d3ae2cce4a0aaea1626e752f65d9,scene-0101,5.374392557306946,13.318860705540619,0.0,10.143231056005199,20.459260600442924,4.8,9.99362233194114,20.459260600442924,4.65,0.14960872406405912,0.14999999999999947
59a27b7fc76541ea92d79f7d4c62a2ec,scene-0101,3.8068293908178963,8.891303396765192,0.0,2.952059959013502,8.204793853729377,6.375,2.5283320041311246,4.723731063804584,6.074999999999999,0.4237279548823776,0.3000000000000007
c0efe2319882495b9d13add1d352bee4,scene-0101,2.9110149322579906,2.91319005790428,0.0,3.6757262552340926,10.34478451823255,6.549061665081167,2.0616066957607684,2.1683830021235506,4.691244589498146,1.6141195594733242,1.8578170755830214
72fe05b8fd804c7eb2edba7554f1f796,scene-0101,2.417649234861922,4.077580077000671,0.0,1.8680712165839397,5.627721486365756,4.125,2.008598977666087,5.627721486365756,4.35,-0.14052776108214715,-0.22499999999999964
dce33c96ffdb4802a69f6d7d530a4f09,scene-0101,4.071170381998289,8.804225604450485,0.0,0.6929954825966789,0.8367848030177538,3.9000000000000004,0.6701135875570757,0.8367848030177538,4.575,0.02288189503960314,-0.6749999999999998
b2fecdf10a404d94a049c91f20eaddf3,scene-0101,3.380424926678327,5.074563089466445,0.0,1.4106162775690905,3.8751084910657605,2.0999999999999996,1.6355608850134988,3.8751084910657605,1.8749999999999998,-0.22494460744440836,0.22499999999999987
dac52a02f54c4677b0a6b4a28e2c56a1,scene-0101,5.204639325673439,12.024187892486022,0.0,1.5994884127197226,4.825264448021346,3.675,1.8988048384811864,4.825264448021346,3.375,-0.2993164257614638,0.2999999999999998
fd612e8660e74196af7da7e6487e5d53,scene-0101,5.077695349066641,9.271830498124851,0.0,1.542029647089619,2.0718375785697276,3.6000000000000005,1.542029647089619,2.0718375785697276,3.6000000000000005,0.0,0.0
22189c1013dc4263b23764258e8f0c21,scene-0101,3.6104803345251857,4.172486701223777,0.0,0.7523102108961099,0.7975353455657282,3.6092329219213255,1.2130154359324083,1.9466025480219868,4.282426463519458,-0.4607052250362984,-0.6731935415981329
22ce804db92749a1aee3a08ffbecfbbd,scene-0101,2.1494998673218078,3.7025932779707706,0.0,2.2512109912685236,8.380564617643877,3.7751864414806184,1.61418958476105,8.380564617643877,2.7964457698965517,0.6370214065074737,0.9787406715840667
2cdbffa384a5478babff79039cac4e75,scene-0101,1.0156377559855412,0.4548246673038757,0.0,1.5347076017721972,1.6544573876408333,1.1250000000000002,1.166449833629064,0.4548246673038757,1.3500000000000005,0.36825776814313316,-0.2250000000000003
e2c7c91b4ea2462090d866539ff6b9e5,scene-0101,1.7487260704100052,5.21533861372027,0.0,1.064702569061897,1.4981963391518909,1.074341649025257,0.9432827346529656,0.9087734184695738,2.1288302099534127,0.12141983440893134,-1.0544885609281556
aee1e33b4ca74ae4a761fa072f92b577,scene-0101,1.796184635151478,1.9437999214975725,0.0,1.2338612670823912,1.9437999214975725,0.9195972880320878,1.3030968254914275,4.229700484839864,1.219597288032087,-0.06923555840903628,-0.29999999999999905
806011e8a7114eca971fd0f6b95bcd4b,scene-0102,6.6326318700561036,12.780846797834469,0.0,6.6326318700561036,12.780846797834469,0.0,6.6326318700561036,12.780846797834469,0.0,0.0,0.0
dd0789b8c39340289a053eea9e3b16d7,scene-0102,6.789876988547018,13.066297246021579,0.0,6.789876988547018,13.066297246021579,0.0,6.789876988547018,13.066297246021579,0.0,0.0,0.0
e14dc295bf8f4cca8bbea7fa0068b6ef,scene-0102,7.090246182000051,13.400966364497716,0.0,7.090246182000051,13.400966364497716,0.0,7.090246182000051,13.400966364497716,0.0,0.0,0.0
bdc86a9c8b2742039a4d07b1074e2ae4,scene-0102,7.403937994277943,13.77563383286895,0.0,7.403937994277943,13.77563383286895,0.0,7.403937994277943,13.77563383286895,0.0,0.0,0.0
ded4f73ce5494ba89d258c0217bc50ca,scene-0102,5.243680414599329,10.799647357386045,0.0,7.323736796067477,14.31439266043134,2.1345374206136554,7.470920227881667,14.31439266043134,2.2845374206136553,-0.1471834318141898,-0.1499999999999999
bf5592d0c9e54957a9a3c627013ae32d,scene-0102,5.535030544791948,11.591356763545765,0.0,2.2324543529943304,2.3264705968822312,3.5193598060652733,2.3874655825414717,2.3264705968822312,3.2225225327725635,-0.1550112295471413,0.2968372732927098
a687809bdfff490198d3b39bfc4bd42b,scene-0102,1.856631862519314,3.3760636799363546,0.0,0.9934370301331392,1.7654508613072395,1.2674621202458756,0.9934370301331392,1.7654508613072395,1.2674621202458756,0.0,0.0
5d0fc4d327d2439db96cd66818e1862f,scene-0102,1.282999522301465,1.7731136750578502,0.0,1.2010986039423202,2.0923848613828104,0.6664762138029507,1.4327423476122834,2.0923848613828104,0.8914762138029508,-0.2316437436699632,-0.2250000000000001
47a1ea38aee04afcb5651a090a9c88fe,scene-0102,1.2984531405311115,1.3545972103468176,0.0,2.1445025278315963,4.659777820446155,1.8890184447838831,2.086154844672565,4.659777820446155,2.073166746034338,0.058347683159031494,-0.18414830125045478
d5d6c0c464bc490cb251a7f1d41c6665,scene-0102,1.5081380525509078,2.887313096072763,0.0,1.2581234474015788,2.887313096072763,0.666476213802951,1.2581234474015788,2.887313096072763,0.666476213802951,0.0,0.0
b923744651764ed194ddf7526b9b2cf6,scene-0102,1.5512626093830497,1.1894384366136823,0.0,1.5502449275281833,4.119492181825321,1.4339088263572397,1.4191404580178915,4.119492181825321,1.2163352898766988,0.13110446951029187,0.2175735364805409
62fb6b14e6a2451f96ef753672d3a381,scene-0102,0.8969250541886322,2.8632790940998656,0.0,0.8704067990793912,2.8632790940998656,0.6298759228251127,0.8214297716615762,2.8632790940998656,0.4182368416906105,0.04897702741781507,0.21163908113450225
888dd9afb9bc43e2bfbc5e92835a2b26,scene-0102,1.7671180539237432,4.88471271846061,0.0,1.1265029072044752,1.3412750102682536,1.5432368416906104,1.1265029072044752,1.3412750102682536,1.5432368416906104,0.0,0.0
95024749968b4c5db7c4830da4d2d475,scene-0102,1.012510874848945,3.053565228700306,0.0,2.2515481520978247,5.498713732135751,3.029875922825113,2.2515481520978247,5.498713732135751,3.029875922825113,0.0,0.0
7f11a83e09d4433a8b2049c739c284a7,scene-0102,1.7906325181238405,4.450489519489564,0.0,0.8622570548608346,0.35446927510389475,2.5500000000000003,0.7965248926833642,0.35446927510389475,2.4750000000000005,0.06573216217747035,0.07499999999999973
32dbf4593eee4f7384dcf576b2344059,scene-0102,2.0612177050292244,5.919871142912461,0.0,0.9318785705713954,2.324568990534389,1.3500000000000003,0.8859748049466312,2.324568990534389,1.35,0.04590376562476428,2.220446049250313e-16
6ce8c5bbf572476d84ade686fd21a09d,scene-0102,3.3666228088342027,7.34608029755418,0.0,1.1691539243158982,3.748228192862587,2.4000000000000004,1.5069397656248797,3.748228192862587,2.0250000000000004,-0.3377858413089816,0.375
53e9e509e9e94f799620e2d554356c4d,scene-0102,3.071772401425371,8.69492356690022,0.0,1.44510085666381,5.096503488841723,1.7249999999999996,1.7620638060062495,5.096503488841723,1.3499999999999996,-0.3169629493424395,0.375
1e9f7d6d4f394cbcab3dc1d83ab86536,scene-0102,3.958929325170261,9.876325414036321,0.0,2.3870420013384406,6.2781929631209845,1.5750000000000002,2.536515142418502,6.2781929631209845,1.4249999999999998,-0.14947314108006138,0.15000000000000036
1c79e219a67b4dfcb42b0628d6c76eb0,scene-0102,4.003511208063283,7.25923947754905,0.0,2.6550585605882233,7.25923947754905,1.3499999999999996,2.529353044032284,2.850101911032861,1.509232921921324,0.1257055165559393,-0.15923292192132443
2eb164aac518499f86fb04de8f9e52f2,scene-0102,4.438848182694351,7.199371275088373,0.0,2.70740667496695,3.47340795252519,1.7371708245126283,2.6067589975995977,3.7267975363151704,1.917046747337741,0.10064767736735236,-0.17987592282511278
a0cf9d95c8af48b9aa1aaedc52d1b41c,scene-0102,5.398799968640065,9.358399476331824,0.0,2.638397645636937,4.6475613288565425,2.8648529270389176,2.9341738609092167,4.6475613288565425,2.5648529270389178,-0.2957762152722796,0.2999999999999998
be3fb86ba1a846719241b051d3ec4385,scene-0102,5.73665613512082,10.320761907174196,0.0,3.2115862727175903,5.576552988998598,2.5677050983124845,3.7198940090059787,5.576552988998598,2.056066017177982,-0.5083077362883883,0.5116390811345024
d43144192b63485894f7ef174cdbecac,scene-0102,6.2521959904264595,11.058631425912203,0.0,3.0770669476892953,5.117370002519708,3.246403746433953,2.858312559831087,5.117370002519708,3.471403746433953,0.21875438785820833,-0.2250000000000001
cb8f79c86c884d07a82d6cb7fbeaf75c,scene-0102,6.3310271915338685,10.390132072069497,0.0,3.737448708606804,5.621769753257507,2.637170824512628,3.725904054061834,5.621769753257507,2.625,0.011544654544970001,0.012170824512628187
f41862469f33424eb660258e9392c4f4,scene-0102,6.9293616771631115,12.02835887970568,0.0,3.499292810777852,6.051042459672554,3.4499999999999997,5.797511161754326,12.02835887970568,1.1871320343559644,-2.2982183509764735,2.2628679656440354
c0a6034c27fe43488476d9a15140e398,scene-0102,7.279673503265743,12.358067994489408,0.0,4.953158181799985,7.57018600421778,2.354875922825112,5.396696194888966,12.358067994489408,1.922581021137597,-0.4435380130889808,0.43229490168751505
9bbe4968739d429b9e6a05b60690c67e,scene-0102,6.978136122773707,12.559115375729277,0.0,4.432793314100758,6.5695558881673675,2.562170824512628,4.432793314100758,6.5695558881673675,2.562170824512628,0.0,0.0
0e27960b86db475e9dcf750295deb1b7,scene-0102,6.599791620482461,11.47639170856262,0.0,4.876973264724435,6.68736296938505,1.906066017177982,4.876973264724435,6.68736296938505,1.906066017177982,0.0,0.0
3c7b830b41274d04a8ecf415cc802c43,scene-0102,6.535432021008239,11.42395869119688,0.0,4.433812124959651,6.630848218451508,2.1487711154904656,4.658197946415501,6.630848218451508,1.9677050983124837,-0.22438582145584984,0.18106601717798188
8b06ab55378f4342b38c3b25b115e38e,scene-0102,5.898776619911504,7.824936363121773,0.0,3.9548958574265547,6.627817027851537,1.9500000000000002,3.9548958574265547,6.627817027851537,1.9500000000000002,0.0,0.0
e93e98b63d3b40209056d129dc53ceee,scene-0001,1.04847433194932,1.657194659918143,0.0,1.0068884812154333,1.657194659918143,0.4371320343559648,1.0596491828604437,1.657194659918143,0.5121320343559643,-0.052760701645010455,-0.07499999999999951
14d5adfe50bb4445bc3aa5fe607691a8,scene-0001,1.156472451719472,1.8577818199403417,0.0,1.431373412001383,1.8577818199403417,0.39319805153394616,1.431373412001383,1.8577818199403417,0.39319805153394616,0.0,0.0
ae4e0c3aa3f24c91aab599e8b54e9264,scene-0001,1.1588932155208695,2.6275595231332485,0.0,1.300630543341409,1.7402780363492523,0.7075483800157638,1.2310965790188235,0.6277346071878879,0.6048371326684487,0.0695339643225854,0.10271124734731507
8de7ec06e1ac48c689c4d24d6cc64fd7,scene-0001,1.3881221774885577,0.6273462600562593,0.0,1.5680133801153158,1.1492101620288977,0.45483713266844816,1.5117341244159146,1.1492101620288977,0.3798371326684482,0.056279255699401176,0.07499999999999996
ba94cb79ebc74614bc2442185cb53c26,scene-0001,1.763428983277516,4.895427114924405,0.0,1.763428983277516,4.895427114924405,0.0,1.782893967278452,4.895427114924405,0.07500000000000018,-0.019464984000935992,-0.07500000000000018
4dfab70f0b3f405bbf17f7c534d2dd91,scene-0001,1.9956463493767433,3.795651819229671,0.0,13.846660451937238,29.10759017051463,12.169396911882746,13.547398316302209,29.10759017051463,11.869396911882747,0.2992621356350291,0.29999999999999893
140c678882194ae69e47136c81168b6d,scene-0001,0.8325645240007783,0.190681052374757,0.0,11.551709545866608,20.591333075122137,10.809109160711408,12.293453929124496,26.549315742456358,11.552081728298997,-0.7417443832578883,-0.7429725675875893
b8002d4effb540c0b1bb70addf423f32,scene-0001,1.152551756523177,3.201743361836654,0.0,12.660329097473644,24.424352627244446,13.665152017044097,12.810395014929778,25.623295283954274,13.815129356398497,-0.15006591745613385,-0.14997733935440039
1e19d0a5189b46f4b62aa47508f2983e,scene-0001,4.623509702050488,15.397666692857571,0.0,13.718143878070439,26.18292256215602,9.233732162178956,13.942568447105343,26.18292256215602,9.45,-0.2244245690349036,-0.21626783782104297
b7f4a3b32d654cc2b69c1c260a5f34a0,scene-0001,2.1698093661402895,5.442701842211064,0.0,12.69073260866263,26.980260076269772,14.858824039609859,14.41944924380713,25.780984631805715,16.587394270139193,-1.7287166351444991,-1.7285702305293338
917a76cd5f564387bcacc22537010630,scene-0001,2.317508886710834,5.698739481023622,0.0,14.936518221072824,29.116776056217642,17.25,15.089066599794677,27.91688512234658,17.402341465641104,-0.15254837872185334,-0.15234146564110418
c0cd427afacb4c2bb974461eec1dbd79,scene-0001,1.4646244086595637,0.6007703271668026,0.0,13.968046879670048,28.835426068283176,15.376561822419646,13.074070376571715,28.83542860878628,14.484899007793896,0.8939765030983331,0.8916628146257501
c36eb85918a84a788e236f5c9eef2b05,scene-0001,1.4213542042973912,4.075501936729299,0.0,13.455788936199685,29.6191382943941,14.786216279587265,1.5985898500933808,4.075501936729299,0.75,11.857199086106304,14.036216279587265
5d054297a2bf43638a1d37cbb2ea2365,scene-0001,1.8313927955819214,4.829555508172896,0.0,13.290836941831172,30.13329456037432,15.080989371659369,1.3565380707398424,3.675756644813998,1.4249999999999998,11.934298871091329,13.65598937165937
fcd37961086342abaf431243971cbc9b,scene-0001,1.3194534445640536,4.6142350673940795,0.0,1.3891770817508313,4.6142350673940795,0.07500000000000018,1.2660357621996123,4.6142350673940795,0.07499999999999996,0.12314131955121899,2.220446049250313e-16
6ec48adcac3b407ca77de01d2c600bf4,scene-0001,1.1090034211241373,3.4634686484724315,0.0,16.14906521579669,30.503438944522838,16.125,1.3031855680199413,4.577480006382798,0.9750000000000001,14.845879647776748,15.15
7ff1f84a3c184434a366282773ca9572,scene-0001,2.767868002864399,7.173677735834595,0.0,14.803443124485794,25.44988113663491,17.40753745062879,14.803476297504638,25.44988113663491,17.407537450628787,-3.317301884386836e-05,3.552713678800501e-15
9253e18a84404e25b1eb4433905ad579,scene-0001,1.2312873367384536,4.2350532943102825,0.0,4.981439864748252,11.39092911606986,4.05,4.544697329760262,11.39092911606986,3.675,0.43674253498798965,0.375
0037a705a2e04559b1bba6c01beca1cf,scene-0001,1.3810941133069048,2.017189227075313,0.0,3.566251237667784,1.2662438002673138,2.431066017177981,3.0321293480908142,2.017189227075313,2.14323684169061,0.5341218895769697,0.2878291754873712
2acfc4b99f084778bc484fa1eef1b79f,scene-0001,1.6014869357259527,5.0457839331089716,0.0,2.0994107725711064,3.8483684955130446,1.037132034355965,2.324418082185595,3.8483684955130446,1.2621320343559645,-0.22500730961448845,-0.22499999999999964
5c95b81d9d404c219b4393da7e020280,scene-0001,2.527703216943281,4.0481268715598295,0.0,5.902969227536513,21.71102265841707,3.4499999999999993,9.260559717561943,21.71102265841707,6.824999999999999,-3.35759049002543,-3.375
e5bb15af564245e99b4def0019b2b045,scene-0001,2.694273402868244,4.090765397579386,0.0,6.715137673919592,22.687086153571933,5.699999999999999,10.347852474397488,22.687086153571933,7.799999999999999,-3.6327148004778964,-2.0999999999999996
2d0f28162f864ad391ddeefb4aaf5b05,scene-0001,1.2446708976784167,1.526560917944708,0.0,1.3549587974453836,4.38828049101659,0.8342329219213245,1.3146324367218274,1.526560917944708,0.30000000000000004,0.04032636072355622,0.5342329219213244
026155aa1c554e2f87914ec9ba80acae,scene-0001,1.4519766763214192,2.45394329235867,0.0,1.8946478005594944,7.072187374790304,2.025,1.870263451436877,7.072187374790304,1.9500000000000002,0.024384349122617444,0.07499999999999973
ec82914025214e10b88b887d91adf6e7,scene-0001,1.2279830498084467,3.2621141381718384,0.0,5.046963563438014,8.948581763562956,4.275,4.898247124324502,8.948581763562956,4.125,0.14871643911351207,0.15000000000000036
52a22c3edca1431789ecfb9bb65a01ff,scene-0001,1.4629903204321204,2.472410046011801,0.0,7.729053205004691,16.832036930671396,6.419501398698892,7.803124273522583,16.832036930671396,6.493840643931373,-0.0740710685178918,-0.0743392452324807
2531f1309b364aa58fef2bb536d6639b,scene-0001,0.8302564943847653,2.5812863134059767,0.0,5.012781056317072,8.135996001628522,5.227171901271824,4.353057593194829,8.135996001628522,4.560638328102172,0.6597234631222433,0.6665335731696516
e380df67fa3d49c7add4657b69605cdc,scene-0001,1.0789526835246799,1.827806430193604,0.0,2.410190839534133,2.5783794172401198,3.2814411461597315,2.410190839534133,2.5783794172401198,3.2814411461597315,0.0,0.0
903d85bfc48b437ea725fe1c32bf3401,scene-0001,1.2025091093978624,2.582146159593122,0.0,1.750294276285521,2.6972015853548204,2.596535308265896,1.6765670257610805,2.6972015853548204,2.5215353082658964,0.0737272505244404,0.07499999999999973
a62e12cf09b94b25a116bf70cf35e861,scene-0001,0.9392154813009552,2.9495764975949887,0.0,2.9418096985175626,3.86080992290092,3.058335434119252,2.9418096985175626,3.86080992290092,3.058335434119252,0.0,0.0
e84aea79175942398074b3f7f93f7fea,scene-0001,1.6143669152229527,2.698066196279442,0.0,1.2976508667185556,3.508539610859573,1.3861193323492433,1.3619165265204027,3.508539610859573,1.7366898658840344,-0.06426565980184717,-0.35057053353479106
9e28820bd2ba4eb480e1b9079f17c30c,scene-0002,2.2263600972814817,2.9188635474197095,0.0,3.2082546809149814,4.563026473551951,1.0291012013803775,3.137408560997822,4.563026473551951,0.9674621202458753,0.07084611991715928,0.06163908113450223
3a9918ace7f3435ea3fe8a024cb3f181,scene-0002,2.620193555158927,3.3627303110014695,0.0,3.110906661557948,3.3627303110014695,0.8036082481589152,3.006305623928556,3.3627303110014695,0.7109031498464308,0.10460103762939177,0.09270509831248441
513cdbd6707a4bf9b7699d549ff65e6f,scene-0002,2.045442861284079,4.791664884032184,0.0,3.1738369574343417,4.791664884032184,1.286156628174678,3.1738369574343417,4.791664884032184,1.286156628174678,0.0,0.0
828a847cc7174a7d9c8058734ca6dd6e,scene-0002,2.2237898713681252,2.3693758924048534,0.0,3.1424191728358553,3.9402639336346104,1.0596742653368971,3.6144869581699166,11.493348498979595,1.5247912310987077,-0.47206778533406135,-0.4651169657618106
25fbd2d7377449aabfd2173c3a0a418f,scene-0002,3.721237915376789,12.255028853144557,0.0,4.777165735314773,12.255028853144557,1.087659196742744,4.777165735314773,12.255028853144557,1.087659196742744,0.0,0.0
244e2876a6744249814936b24b6b03ea,scene-0002,3.5102346967091025,9.30686984940772,0.0,4.452246221250861,6.649681577639642,2.1138736974038066,4.522965500782075,6.649681577639642,2.1888736974038068,-0.07071927953121371,-0.07500000000000018
cc175ce81d9448c9b797dd81e1981460,scene-0002,2.328387619279241,5.840139805635459,0.0,3.0427381162832137,5.840139805635459,0.8919691670244126,3.0427381162832137,5.840139805635459,0.8919691670244126,0.0,0.0
7778e7e99779472cbb886e43dbc9a1ea,scene-0002,2.0370379485591728,1.7977113578829593,0.0,2.1922511891787755,1.7977113578829593,0.4060660171779821,2.1922511891787755,1.7977113578829593,0.4060660171779821,0.0,0.0
0bcb08a96d264c8ca9f2119c6b0dbeb2,scene-0002,1.564730845016535,2.5603918026624153,0.0,2.5342245590348114,2.5603918026624153,1.0573089051225488,2.5342245590348114,2.5603918026624153,1.0573089051225488,0.0,0.0
a71b19643dbc488e97323303442d1a21,scene-0002,1.4291072033244252,0.7876778500092737,0.0,2.7994342668116063,5.010079987713354,1.8977068036778568,2.6185719936102942,0.7876778500092737,1.4562305898749064,0.1808622732013121,0.44147621380295043
ecc288c7de6746348af26a0b368a945d,scene-0002,1.315779402219545,0.5818047483537282,0.0,2.566578036726195,1.675297606511371,2.6564580191206892,2.566578036726195,1.675297606511371,2.6564580191206892,0.0,0.0
1f1a315571894e99a53928e74e5efcad,scene-0002,1.3500427320479793,2.8537425321390115,0.0,1.507719399103571,1.6121282117547775,1.6891088447464369,1.5397943682898165,1.6121282117547775,1.764108844746437,-0.03207496918624564,-0.07500000000000018
694bf9809dd34036b8e22b164be1f842,scene-0002,0.9185009926795454,0.8182435060537017,0.0,1.4999081352059433,2.4150151788560854,1.1249999999999991,1.3613451129243437,2.4150151788560854,0.9749999999999992,0.13856302228159967,0.1499999999999999
eac9992171c446dabf9d738c23a96cde,scene-0002,0.9063540238834117,2.649123233803832,0.0,2.0487234317001466,3.7990284806314327,1.235410196624969,1.229289431617631,2.649123233803832,0.375,0.8194340000825155,0.8604101966249691
fa88c561566341479ad9bfcd557b096b,scene-0002,0.7087694919304262,1.8148000535429454,0.0,2.1165379000007283,4.166634720213437,1.6751315618319427,2.2086176797196355,4.166634720213437,1.7921783091696843,-0.09207977971890724,-0.11704674733774167
3623e20bb2e647a280cbb6d8a0b50874,scene-0002,0.7085313086623111,2.2840801635848815,0.0,1.711256292911961,3.856862893854362,1.6666593854407834,2.5298649970036604,7.4406205392389,2.494522258161309,-0.8186087040916994,-0.8278628727205257
7616699455044566a7bf555d476f5799,scene-0002,1.7840592774547535,5.570768911464927,0.0,3.5015414736402892,7.692981797654722,5.27207940077861,3.651502616406572,7.692981797654722,5.42207940077861,-0.14996114276628258,-0.15000000000000036
6b72920576b04269ab1b929599e8dc79,scene-0002,1.0389406696237797,3.5899199565616366,0.0,4.0707199993789125,9.567161676563014,4.529179505308975,4.367549888094849,9.567161676563014,4.823994728424498,-0.2968298887159362,-0.2948152231155232
6b615c1f0be2421dbb6337ea8d5ee04e,scene-0002,1.2490859583416691,4.503009422224373,0.0,4.36211723232379,10.470197998469239,4.199999999999999,3.5403484629469975,5.690930004027731,3.375,0.8217687693767926,0.8249999999999993
bb4f4d9a36754178a62d5dfbd55998b9,scene-0002,1.2108701242779358,4.535219241044542,0.0,3.4980753285311055,6.920903003134327,2.6249999999999996,4.021593478187807,10.511656653471585,3.1499999999999995,-0.5235181496567014,-0.5249999999999999
d6515448fc1e4af98571ae1663b33efe,scene-0002,1.5279817920729655,3.3102030802938223,0.0,6.15582673336624,11.688157345387706,5.25,6.15582673336624,11.688157345387706,5.25,0.0,0.0
b143df90cc734dd780de782bdd261ab1,scene-0002,0.7192792131150332,0.1699174035039117,0.0,4.24319785076815,9.622658874684518,4.5,4.093236555601607,8.422869305155357,4.35,0.149961295166543,0.15000000000000036
4dd38dcd4e8549d6a37938285f886117,scene-0002,2.03761995816144,7.596686571229745,0.0,2.8681225882928034,8.786724668864062,0.9000000000000001,2.9431225040518125,8.786724668864062,0.9750000000000003,-0.0749999157590091,-0.07500000000000018
5b426b1475f746f7904f2bf1db929852,scene-0002,1.9236920756468505,6.404247371880002,0.0,1.0792301674311138,2.8232108766682957,0.9750000000000003,1.0792301674311138,2.8232108766682957,0.9750000000000003,0.0,0.0
40a982ccf9564c6ea574f1d75f8a7dc0,scene-0002,1.4372388551936701,2.4325135841507333,0.0,1.2403040336644273,2.4325135841507333,0.22499999999999987,1.3630367997762791,2.4325135841507333,0.07499999999999973,-0.1227327661118518,0.15000000000000013
9d601e6912d04c77951c173f6012ee6f,scene-0002,2.7134928517260373,3.7367856930333763,0.0,2.2660343003154297,3.7367856930333763,0.4499999999999995,2.4894172364498424,7.310912671183979,0.6749999999999996,-0.22338293613441262,-0.2250000000000001
a05edf71b4b14052bb477918d0997c88,scene-0002,2.439920227492154,3.260796918002161,0.0,3.433117383263455,6.835180732748705,1.05,3.433117383263455,6.835180732748705,1.05,0.0,0.0
cc0a7d86675248779f21b34ae891159c,scene-0002,3.8840854518162686,5.737060350362371,0.0,3.8840854518162686,5.737060350362371,0.0,4.4083208799646645,5.737060350362371,0.5249999999999999,-0.5242354281483959,-0.5249999999999999
5b89841bc40a436891223751749416b3,scene-0002,4.4289086292527235,5.360142580092864,0.0,4.129633899974223,4.167724622351228,0.30000000000000004,3.3820119119129792,4.167724622351228,1.05,0.747621988061244,-0.75
d8a6a5c6a7c444a9aba383526e5e1161,scene-0002,3.997253388345075,2.1070883682006034,0.0,3.6342420713530035,2.1070883682006034,0.375,3.7091952194932354,2.1070883682006034,0.30000000000000027,-0.0749531481402319,0.07499999999999973
a0c1b7a7cec84f6f8e2955ac370637ad,scene-0002,1.8242048815322311,0.40064619903016735,0.0,1.8242048815322311,0.40064619903016735,0.0,1.8242048815322311,0.40064619903016735,0.0,0.0,0.0
a0197f52509f48feb1292b78c9188d1f,scene-0002,1.146710102212638,1.8459838030126894,0.0,1.2572273126834452,1.8459838030126894,0.44999999999999996,1.2572273126834452,1.8459838030126894,0.44999999999999996,0.0,0.0
fd8420396768425eabec9bdddf7e64b6,scene-0003,0.39121286822815815,1.283296673552579,0.0,0.39121286822815815,1.283296673552579,0.0,0.39121286822815815,1.283296673552579,0.0,0.0,0.0
6eb8a3ff0abf4f3a9380a48f2a0b87ef,scene-0003,0.6240748257143686,2.1387494728661296,0.0,0.6240748257143686,2.1387494728661296,0.0,0.6240748257143686,2.1387494728661296,0.0,0.0,0.0
b10f0cd792b64d16a1a5e8349b20504c,scene-0003,0.9533620484317759,3.1005686960319734,0.0,0.9533620484317759,3.1005686960319734,0.0,0.9533620484317759,3.1005686960319734,0.0,0.0,0.0
163b70e627854893b88575caf85a56ea,scene-0003,1.4015378328451726,4.052544802034591,0.0,1.4015378328451726,4.052544802034591,0.0,1.4015378328451726,4.052544802034591,0.0,0.0,0.0
f56a544064a548a39a81f18cc8f633c5,scene-0003,1.964580594355834,4.940099262079155,0.0,1.964580594355834,4.940099262079155,0.0,1.964580594355834,4.940099262079155,0.0,0.0,0.0
f286cdaef36648cba3b6a24d2178dc8a,scene-0003,2.5453775567547163,5.614582442687629,0.0,2.5453775567547163,5.614582442687629,0.0,2.5453775567547163,5.614582442687629,0.0,0.0,0.0
877f55a6d8324fefb5e0f5e0bac3d7c1,scene-0003,3.109811515492715,6.047166630611484,0.0,3.109811515492715,6.047166630611484,0.0,3.109811515492715,6.047166630611484,0.0,0.0,0.0
49f8376cd6b34f07b20ed6d5b5b42acd,scene-0003,3.5710389560756535,6.247344034720466,0.0,1.4221699766231302,2.6635283886091647,2.174999999999999,1.3481506210843162,2.6635283886091647,2.2499999999999987,0.074019355538814,-0.07499999999999973
cc50000970584ba5aaf14760b1ced696,scene-0003,3.7318225142658283,6.1028899252165445,0.0,0.9277345837309807,1.3258593717234703,2.8499999999999983,0.7135515894759392,1.3258593717234703,3.0749999999999984,0.2141829942550415,-0.2250000000000001
21b99febc5c14f7385e787fe81e96670,scene-0003,1.0603402130290547,0.8966983939937018,0.0,0.4290131538961079,0.3851586486054392,0.8999999999999999,0.4269631469124394,0.3851586486054392,1.125,0.002050006983668473,-0.2250000000000001
cd908fdce67249f3a8a14b987f00592e,scene-0003,0.5605995747886554,0.27677170538438783,0.0,0.38128242465175866,0.27677170538438783,0.44999999999999973,0.5969667993968069,0.9676367996047041,0.9000000000000001,-0.2156843747450482,-0.4500000000000004
6b9af38cbf654171870cb14b4ae89fd6,scene-0003,0.4757038373761031,0.19993224555663533,0.0,1.1685791986245577,2.5853693619152596,1.425,1.1685791986245577,2.5853693619152596,1.425,0.0,0.0
a0edf6edd121431785948038c54e036e,scene-0003,0.44916554391412356,0.8202318014178548,0.0,2.0508553444979096,3.9829137250586153,2.25,2.489442421797963,3.9829137250586153,2.7,-0.43858707730005353,-0.4500000000000002
9281ea172d9e43528e65fca81e2006d4,scene-0003,1.6268467810789033,0.6988747231367085,0.0,2.123168700184326,4.105344161373917,3.674999999999999,2.198015172967422,4.105344161373917,3.749999999999999,-0.0748464727830962,-0.07500000000000018
6180726fc8744ea2b129ebaad6f79cee,scene-0003,2.2341210985235453,4.381997316562653,0.0,2.555192385805773,4.019732916034225,4.724999999999999,2.9287354631138047,4.019732916034225,5.099999999999999,-0.3735430773080317,-0.375
1ac0914c98b8488cb3521efeba354496,scene-0003,2.290847809309771,4.565930511567993,0.0,2.7204399785242916,3.8368086441207083,4.949999999999998,2.5706498067942345,3.8368086441207083,4.799999999999999,0.14979017173005715,0.14999999999999947
2f5de0aeca704127925cf8490ff5a21d,scene-0003,0.9252998339094779,2.5306567559122026,0.0,2.8476950081205725,3.729351444087105,2.025,2.8476950081205725,3.729351444087105,2.025,0.0,0.0
e4df3ac5874d49b7a3553035cd735902,scene-0003,0.5151427352223091,1.1180141552666016,0.0,0.5593037461675654,0.20554610178856092,0.8999999999999995,0.46454358929530304,1.1180141552666016,0.22499999999999987,0.09476015687226236,0.6749999999999996
dc878ebb5b1e43eb9442d9361854613e,scene-0003,2.7794668948080528,4.774249250553872,0.0,0.648116519323424,1.2499955827727267,3.299999999999999,0.648116519323424,1.2499955827727267,3.299999999999999,0.0,0.0
e617edf72860495abd928aaf57dfa5fa,scene-0003,2.8095922010520002,4.609764634488307,0.0,0.8090213101615185,1.0340824436531657,2.0249999999999986,0.8090213101615185,1.0340824436531657,2.0249999999999986,0.0,0.0
7c0aa537b98344bea85226ba8148ae98,scene-0003,2.6632098746014647,4.425131047219004,0.0,0.6732089601349258,0.8556240733154715,2.0249999999999986,0.6732089601349258,0.8556240733154715,2.0249999999999986,0.0,0.0
02651ca22b08484294d473d9c26cd9af,scene-0003,2.5619636112502486,4.66393709916005,0.0,0.6583935405602206,1.0882572386774063,1.9499999999999988,0.6583935405602206,1.0882572386774063,1.9499999999999988,0.0,0.0
37b3d16060b442d5b6175cbebefd09a7,scene-0003,2.4795718616031923,5.179241825422018,0.0,0.641853408285797,1.5945527533596082,1.9499999999999988,0.641853408285797,1.5945527533596082,1.9499999999999988,0.0,0.0
9c75ddb5976343c3b7b33e8148d3eeb0,scene-0003,2.5352573940179086,5.996366363132351,0.0,2.5352573940179086,5.996366363132351,0.0,2.5352573940179086,5.996366363132351,0.0,0.0,0.0
5e4e25f87ec84942ac459a55fe064330,scene-0003,2.8045040313875718,7.050670708260324,0.0,2.8045040313875718,7.050670708260324,0.0,2.8045040313875718,7.050670708260324,0.0,0.0,0.0
c1ab33c3994041ceae32b0fe1b51e611,scene-0003,3.3631484163519003,8.403348888296891,0.0,3.3631484163519003,8.403348888296891,0.0,3.3631484163519003,8.403348888296891,0.0,0.0,0.0
23dc1b528c734082b8b3bfd9757f0eb3,scene-0003,4.150614610355941,9.914738677266914,0.0,4.150614610355941,9.914738677266914,0.0,4.150614610355941,9.914738677266914,0.0,0.0,0.0
3064a6b9b3f04e5d8e51eefb4be8506a,scene-0003,5.1471307067699215,11.391480305683704,0.0,5.1471307067699215,11.391480305683704,0.0,5.1471307067699215,11.391480305683704,0.0,0.0,0.0
1c8ec6c1dd614d3fb8b8849dc8756a9a,scene-0003,5.916112539441313,12.355320276754135,0.0,5.916112539441313,12.355320276754135,0.0,5.916112539441313,12.355320276754135,0.0,0.0,0.0
57a79294b87e4b55a7bcf58f7f8c6326,scene-0003,6.748481048838661,13.192785477978784,0.0,4.803437690962223,9.599713657355716,1.9499999999999988,6.374179379928653,11.994633239344415,0.3749999999999998,-1.5707416889664296,1.574999999999999
3be45164a35e465cbfbc3c20ef060718,scene-0003,7.2545565333096516,13.45583667044013,0.0,7.2545565333096516,13.45583667044013,0.0,6.13136103576262,12.256995064605695,1.1249999999999993,1.123195497547032,-1.1249999999999993
556a590f3e1741fb87d7e4dc8ea687e4,scene-0004,1.1691306331983091,4.722702107280553,0.0,1.244128723295587,4.722702107280553,0.07499999999999996,1.1691306331983091,4.722702107280553,0.0,0.07499809009727798,0.07499999999999996
2a05c724ab044e5ab0c9edad7aa4472c,scene-0004,1.888380723685109,5.784896478682214,0.0,1.32637185985083,5.784896478682214,0.5999999999999999,1.02591356747948,2.184902779817319,1.0499999999999998,0.30045829237135013,-0.44999999999999996
0dc36bc3a7aa4b3bb221ca96d15c29ec,scene-0004,2.258628083699855,5.7113097270508675,0.0,1.5088745252071147,3.311529461956729,0.7499999999999998,2.0337445849927045,6.911257085997822,0.375,-0.5248700597855898,0.3749999999999998
d7f97118ac7846abb2172790c5aaa95b,scene-0004,2.1934956196564057,6.803238682279765,0.0,0.8992831727922861,3.2040985830927746,1.6499999999999992,1.7235535637640023,3.2040985830927746,0.9749999999999999,-0.8242703909717162,0.6749999999999994
5560b4eacfe54b1fba1364ab9458c11d,scene-0004,2.4586017581680024,6.7179880340545965,0.0,1.7855973840146788,0.7313468189227116,0.6749999999999996,1.7855973840146788,0.7313468189227116,0.6749999999999996,0.0,0.0
4e5e68d8f6c14b9685cb129fce75da81,scene-0004,1.8884822780960784,3.096786732825143,0.0,1.160978777891859,1.900780172946748,0.8250000000000004,1.1863259742991277,1.900780172946748,0.9000000000000004,-0.02534719640726868,-0.07499999999999996
f900e1dbe5c1427f9818a984feb6309e,scene-0004,3.161202577063894,4.168899396273873,0.0,2.74101514529304,4.168899396273873,0.75,2.6078184310903914,4.3977632961299165,0.8250000000000004,0.13319671420264845,-0.0750000000000004
b4c467c0d1e44b9eb0f34b553aed0b88,scene-0004,3.507604900162203,5.420634931893505,0.0,1.8831543097164092,5.420634931893505,2.2112566734728714,2.105283343094228,5.420634931893505,1.678830209953412,-0.22212903337781897,0.5324264635194593
96253fd0fbb140268a12a15c98cc8e34,scene-0004,4.067354213004971,7.438756102115129,0.0,2.79680506528818,6.240239096776552,1.477469763611936,2.5405880122650473,6.240239096776552,1.8073456864370487,0.2562170530231329,-0.3298759228251127
6563266bf0644b3f970a0575c1e58a5e,scene-0004,4.727258032016446,9.506588842485495,0.0,4.203267901563893,9.506588842485495,0.8250000000000002,4.502847930290727,7.112145629363389,0.5250000000000006,-0.299580028726834,0.2999999999999996
a9d4af56bbfc41c78f10b252380c107c,scene-0004,12.356985666128365,30.650855053932307,0.0,3.439040445232485,6.677039936567065,8.924999999999999,1.2454093096456778,1.8790007148965577,12.674999999999997,2.1936311355868074,-3.7499999999999982
25ec1486a7af4c66ad8360acf66c544a,scene-0004,3.1307266291881097,3.7741262951090127,0.0,1.2242143635018252,2.4309243851136744,3.9749999999999996,1.1535448116928526,2.4309243851136744,3.9000000000000004,0.07066955180897261,0.07499999999999929
3c4087cf9e8a43f1b8d7506a2998d3bd,scene-0004,3.3644803530584095,3.2526747247710186,0.0,2.8065164549587274,3.2526747247710186,1.6500000000000001,2.7365624745248156,3.2526747247710186,1.875,0.06995398043391177,-0.22499999999999987
a467997a0d97430aa3c55840868b97fe,scene-0004,1.8479533764838674,0.49611146712347975,0.0,1.4223708268625457,3.82641358439807,1.1999999999999993,1.8394915765435458,3.82641358439807,0.5999999999999996,-0.4171207496810001,0.5999999999999996
22cf2c4cb66d47c9878b6f9aec065ab5,scene-0004,2.811566945944522,8.089785067243467,0.0,3.3353139964152163,8.089785067243467,0.5249999999999997,3.1854600376156967,8.089785067243467,0.5249999999999997,0.14985395879951957,0.0
91212fa9ee054c10ba740448c0641a0e,scene-0004,3.5220926216516277,8.685701086551685,0.0,3.5253960937838293,5.140604353265986,0.4621708245126287,3.6003895882777264,5.140604353265986,0.5371708245126287,-0.07499349449389703,-0.07499999999999996
93615fdfcffb43e18dbf1059e20ae727,scene-0004,2.68248990702298,2.0127019911652346,0.0,1.1953618700423858,4.385353827453295,2.2917909472727276,1.206881335854488,0.8836231447178772,3.109693770103111,-0.01151946581210228,-0.8179028228303835
5c39883457854ab5994a1f32ea05d76f,scene-0004,1.2034575595380939,2.4857406331527514,0.0,1.4336571473746715,2.4857406331527514,1.1250000000000002,1.4336571473746715,2.4857406331527514,1.1250000000000002,0.0,0.0
b759dba900ae4a9e95b2ca991184c7fc,scene-0004,1.9699378250397428,5.361165368478013,0.0,2.631845997466162,7.760651583768746,1.2121708245126275,2.7801811530461467,6.560861494987539,1.212170824512628,-0.14833515557998478,-4.440892098500626e-16
df48fe7222474bc59c0e1fdfa6fdefc5,scene-0004,3.653001787084223,8.058693798774053,0.0,1.6103736252303762,2.075268529127084,2.9305392280351823,1.810227149585365,3.2670936201566256,2.4262408791024015,-0.19985352435498882,0.5042983489327808
d59d3c7fb1a1445785274b1a08b5daa1,scene-0004,2.291815705518548,5.7958156512963175,0.0,1.4836008895246606,1.501094835257361,3.2682368416906113,1.6660177978274042,2.666505855585883,3.479875922825113,-0.1824169083027436,-0.2116390811345017
062df314784749bab11d0598c1e3dc8c,scene-0004,2.761075787024303,5.766343674453709,0.0,1.1463633736058614,1.5785373492343766,3.391659385440784,1.1463633736058614,1.5785373492343766,3.391659385440784,0.0,0.0
f1bdcd378c1449999d0f3fa42fbf3730,scene-0004,3.227352100968314,3.2125400495112957,0.0,3.960946447971174,7.6788471768372775,7.075439528705993,3.960946447971174,7.6788471768372775,7.075439528705993,0.0,0.0
d8e4b034554d4fd4b6d50a2f3dfa001f,scene-0004,3.852555866164942,3.048921737274954,0.0,3.4450147152019084,7.848664557253885,7.2379553694545,3.2961969937121394,7.848664557253885,7.088470815216586,0.14881772148976902,0.1494845542379144
921f0a18faa347819d5696a600ae54b2,scene-0004,1.1290928833854907,2.1344855887795875,0.0,6.796461531589449,11.605225680860652,7.446048509254438,6.796461531589449,11.605225680860652,7.446048509254438,0.0,0.0
876b6b9b6d1e498b9cd5d7f2513431dd,scene-0004,0.9232689897887374,2.3362690464242464,0.0,7.832026621677953,13.012864399266068,7.589153302372607,7.832026621677953,13.012864399266068,7.589153302372607,0.0,0.0
b9a86512fa73430b9bae8549b1a211b7,scene-0004,1.638725991521686,0.14916379126798035,0.0,7.825843363303365,11.913746515592699,6.299999999999999,7.825843363303365,11.913746515592699,6.299999999999999,0.0,0.0
56df6efe8be541c5b36768babe32f027,scene-0004,1.2687108431368062,3.4342572696849802,0.0,7.6511150312697325,11.83275945147925,6.675,7.7261146695963125,11.83275945147925,6.749999999999999,-0.07499963832658008,-0.07499999999999929
630afa548ead41a48f53e6fb511b65ce,scene-0004,1.0108788208708512,3.22719322256196,0.0,5.680714946756379,8.024164446258167,5.3999999999999995,5.905675548261149,11.623534070334475,5.624999999999999,-0.22496060150476982,-0.22499999999999964
7f96fc627076498587e3b025f66e41ed,scene-0004,2.115257499723077,2.947522532284974,0.0,5.331600408499657,7.73272162985906,3.3,5.181640751354118,7.73272162985906,3.1499999999999995,0.14995965714553883,0.15000000000000036
015a6df7ed1846f9983d0a40005f2d8b,scene-0004,1.9234490154411206,1.5279906586690535,0.0,4.163774876510336,6.2724459898166804,2.4,4.014328637923348,6.2724459898166804,2.25,0.14944623858698858,0.1499999999999999
1668a4bb60384871aded3c88973dee31,scene-0004,1.8031800166087355,1.3139010742552262,0.0,4.23493707322908,7.22773596707066,2.924999999999999,3.935689700556758,6.031907294795497,2.624999999999999,0.29924737267232215,0.2999999999999998
633212bb7ffa4953ac240019c9de2414,scene-0005,3.048328323827269,5.3327055546066955,0.0,1.8995465590511493,4.137165100377029,1.2092329219213234,1.8995465590511493,4.137165100377029,1.2092329219213234,0.0,0.0
7411e03b5a1c47f794e20dac620d6bd2,scene-0005,1.3046227174171579,2.14616394676462,0.0,1.5225897077733501,3.3352277269463224,0.2250000000000001,1.5225897077733501,3.3352277269463224,0.2250000000000001,0.0,0.0
9f3ef9d1ec7345e4a52628b8ea64abae,scene-0005,1.1705253488357372,1.5476032783322424,0.0,1.02713313944191,2.730706732095942,0.687170824512629,1.02713313944191,2.730706732095942,0.687170824512629,0.0,0.0
43204cf8a24e4e42af7b7048cf1ebc43,scene-0005,0.8393651503295936,0.483567228275045,0.0,1.0380225802952883,2.3194878287456326,0.4621708245126289,1.0380225802952883,2.3194878287456326,0.4621708245126289,0.0,0.0
47d7743e515b4dc8aca1e81e08776cd0,scene-0005,0.8700005693920381,1.091575758888591,0.0,0.7912638196735202,1.091575758888591,0.5427050983124843,0.9803232091636147,1.091575758888591,0.4500000000000004,-0.1890593894900945,0.09270509831248386
0744a7e052bb4d008837e7344628b08b,scene-0005,1.1058324149677419,1.0050337839516832,0.0,1.1731206795551934,1.0050337839516832,0.2250000000000001,1.168832268700053,1.0050337839516832,0.30000000000000004,0.004288410855140423,-0.07499999999999996
3477ca40271d4002aa9a0330b98a2faa,scene-0005,1.3934794993629684,1.8630144236528015,0.0,2.041724672075893,1.8630144236528015,0.9298759228251131,2.8348464296035605,1.8630144236528015,1.7585745709465814,-0.7931217575276674,-0.8286986481214683
e98c37beff2b4b5bae2b01fc3a9d9e52,scene-0005,1.666474022542326,2.661200082761297,0.0,2.6576059256784657,2.661200082761297,1.3788302099534124,2.657054861047681,2.661200082761297,1.378830209953412,0.0005510646307844702,4.440892098500626e-16
c6ae5f75e4dc4a26a231af23d78666ea,scene-0005,1.9321475168522566,3.073110127555709,0.0,2.449508786100111,5.429579638351454,0.9092329219213247,2.6334611994542145,5.429579638351454,1.1342329219213252,-0.1839524133541035,-0.22500000000000053
9f7b9f0c30174ff1979dc38f5ae92766,scene-0005,1.4036176979775492,3.076871304258079,0.0,3.6753324285952793,4.494072145313559,3.45,4.169300682334262,4.494072145313559,3.9749999999999996,-0.49396825373898245,-0.5249999999999995
26642e465b5e41ee981d735021a77636,scene-0005,1.9938045745658703,6.361383566656651,0.0,4.8953840181246395,13.648907699204239,6.002341465641104,4.070215397154895,4.897801115290597,5.1,0.8251686209697446,0.9023414656411042
48dab641b0de4a018ec7d03e895c0dee,scene-0005,1.4692493551752261,2.7106178015238234,0.0,4.111462295316731,7.633425509622619,3.299999999999999,4.692110671333982,8.780292263926142,3.8999999999999995,-0.5806483760172512,-0.6000000000000005
f997cd67c185454aae80acf795175ba1,scene-0005,4.307196332696268,6.270048057164161,0.0,3.0491298517360446,7.673369666496895,6.47530462660059,2.2399635050171476,7.673369666496895,5.509277431208405,0.809166346718897,0.9660271953921846
05fa079df9534a328040c0dd2ba2103d,scene-0005,3.196693201415341,7.1382329153732105,0.0,3.0902026570249395,7.334930226628475,6.15,3.31290295745012,7.334930226628475,6.375,-0.2227003004251804,-0.22499999999999964
e9ba3027b8cf473c9a153c39f938ef84,scene-0005,0.7669871549092513,1.7867850183040395,0.0,5.7780053058378975,12.650580155610829,5.506795532019305,5.764087314438951,11.457513797782067,5.495919011124548,0.013917991398946228,0.010876520894757213
ad3a4187e72e4a29b2281c2fe1adfc4d,scene-0005,0.809315796726068,0.9969023942109189,0.0,6.345797381372267,13.183004025839566,6.561047449848861,6.121920002323287,13.183004025839566,6.33604744984886,0.22387737904898053,0.22500000000000053
87227634bd5f47f58e24ee91bbabdba7,scene-0005,1.7588431079221438,4.662245408961399,0.0,6.3362186657211605,10.605811658358865,5.121403746433954,6.6352368197261935,14.194761926150802,5.421403746433953,-0.29901815400503295,-0.29999999999999893
64f82a78b5ba4418a94a8a5c75877a3c,scene-0005,2.1227968380578552,5.73095375573928,0.0,7.564269658877521,16.56918024564781,6.005998820247147,7.50528764119916,20.130656210760062,5.9396242635300345,0.05898201767836131,0.06637455671711212
09021dd29bdc4c1c9eb834204f34197b,scene-0005,1.1774476518411947,3.43955382569438,0.0,6.578305731275442,11.83852072428318,5.85,6.728303479758306,11.83852072428318,6.0,-0.14999774848286407,-0.15000000000000036
09b340295e3f47a1960c088a1aec3062,scene-0005,1.9023296692282994,8.325536515348032,0.0,8.043010561820187,15.524280697621702,6.300000000000001,6.7685786337128295,14.324402338673343,5.025,1.274431928107358,1.2750000000000004
64019ba466cb417a94e2f147e3a1bbdd,scene-0005,0.8174024630120947,1.3355761997165854,0.0,2.1237015820124907,6.108251204673068,2.3999999999999995,2.796119779740175,6.108251204673068,3.0749999999999993,-0.6724181977276844,-0.6749999999999998
501cd7d1cd6c4540800f503172a97b73,scene-0005,2.5202664126602645,3.9246237979334304,0.0,3.2100541087772254,5.120813703940194,0.9000000000000001,2.8358086837574055,3.9246237979334304,0.37499999999999956,0.37424542501981994,0.5250000000000006
27dddc29f2bc45dfbd920fd26289a4ca,scene-0005,3.272745963922525,6.410304566855724,0.0,4.021984752088777,6.410304566855724,0.7500000000000004,7.735759639488377,12.406485323549731,4.5,-3.7137748873996,-3.7499999999999996
674a70e36a484747bea591020acf9cd7,scene-0005,2.77168946226063,4.119737847663434,0.0,7.030720867475043,10.113384651394137,4.275,8.585563376728704,23.310916526145842,5.85,-1.5548425092536604,-1.5749999999999993
3d56ba0e8de24cc58222f769c8da7f14,scene-0005,1.3444240141934125,1.560583060834251,0.0,10.022372255334798,20.746445527108833,8.7,11.072309282225788,24.346276383293322,9.75,-1.0499370268909907,-1.0500000000000007
2c8a728fe9914944964a694720d7785c,scene-0005,2.66950488087754,6.380154577175137,0.0,7.392039016547706,11.179256974018841,4.7250000000000005,9.116832595533136,20.778705797429943,6.449999999999999,-1.7247935789854303,-1.7249999999999988
1be00ab59d1d4244ad5e5b848ea4c3a3,scene-0005,3.260215382914758,7.327850276351173,0.0,8.733391584124227,13.327207926795317,5.475,8.88338472445594,13.327207926795317,5.625,-0.14999314033171274,-0.15000000000000036
3c7da1a3dd7c4e68b0d72e1b1ab256ac,scene-0005,3.5868812346125356,7.01210781853216,0.0,9.810870639007323,17.811766440600465,6.225,10.484793281238986,19.011752450892907,6.8999999999999995,-0.6739226422316626,-0.6749999999999998
4a6dcf32c2494929bb6922ec8d99b80e,scene-0005,4.40910167485562,8.963078956819011,0.0,11.909242358137348,24.590597331155024,7.502880360780397,11.684245880538217,24.590597331155024,7.277880360780397,0.22499647759913088,0.22499999999999964
eef2dd01e2994d8b8f906b699d2692bc,scene-0005,4.829843518763956,10.777838866620696,0.0,5.4869036888968905,8.422278897438979,9.0,7.5422049337145065,8.422278897438979,6.3,-2.055301244817616,2.7
1fe92624dcb54dd8b6a47537d8aa1ba9,scene-0005,5.684447788883808,11.45556134265187,0.0,8.909009253028083,17.455267727065973,3.2249999999999996,9.359000827797367,17.455267727065973,3.675,-0.44999157476928353,-0.4500000000000002
7ba9d78d92914fd5a204d3bc1233bd4e,scene-0006,0.9082971398469247,0.5796573957439748,0.0,0.9275213346147422,3.215547043313866,0.6121708245126284,0.9391195834004042,3.215547043313866,0.4621708245126287,-0.011598248785662069,0.1499999999999997
7cd4d6bcc3ec4969a70ccc2ace6880bc,scene-0006,1.2646880209569322,4.693484238774136,0.0,1.106212185175245,4.693484238774136,0.3121708245126288,0.9530908346219582,4.693484238774136,0.6993416490252569,0.1531213505532869,-0.3871708245126281
f347756c093b4c8b951fac2ec3d94160,scene-0006,2.2561577407928417,6.073385836711104,0.0,2.549855292347284,7.25674856094907,0.2999999999999994,2.2599058252582034,7.25674856094907,0.6749999999999996,0.28994946708908076,-0.3750000000000002
fa244f31dbf94b8896bc778006e2c959,scene-0006,3.367156753941316,8.616079423460034,0.0,3.475670652168117,9.807163033350628,0.2250000000000003,3.1071561560979744,6.244163704506484,0.4500000000000004,0.3685144960701425,-0.2250000000000001
8177ec02c79340fb9021cc86feec3d74,scene-0006,3.5703145107961483,8.817736157676102,0.0,4.305700201294365,8.817736157676102,0.7499999999999998,4.305700201294365,8.817736157676102,0.7499999999999998,0.0,0.0
773958eccb29489b89410d9c52579a93,scene-0006,4.530803394693637,10.313426403848581,0.0,5.235998184645321,10.313426403848581,0.9114736833812218,5.235998184645321,10.313426403848581,0.9114736833812218,0.0,0.0
81a0b7e1553a42a7a77ecfbb423df537,scene-0006,5.221999304620703,10.642932077554892,0.0,5.9115513453685615,10.642932077554892,0.7019380202338084,5.9115513453685615,10.642932077554892,0.7019380202338084,0.0,0.0
9f8df89dfa2d4eb88c79158412b5620c,scene-0006,3.4327593511793735,7.287457465628268,0.0,5.868351206643164,9.677449495863142,2.4842329219213246,5.868351206643164,9.677449495863142,2.4842329219213246,0.0,0.0
aa7c3702f1bf4c42aff7bb5159a25a53,scene-0006,1.541049319871947,1.7745948599878294,0.0,4.000557208982954,6.5270992644298165,2.937170824512628,3.1875509418488415,5.331000406590115,2.112170824512628,0.8130062671341127,0.8250000000000002
70d6fbed8dad47a3994af9e6e12f34b9,scene-0006,1.362007069953484,2.3254572391417416,0.0,3.496250181202559,4.7231874472746,2.574341649025257,3.496250181202559,4.7231874472746,2.574341649025257,0.0,0.0
27a90215d20b449a83e8b387f3cc0cb5,scene-0006,1.4752842545333507,1.4946139543452495,0.0,5.270153030531656,9.88447790554954,4.455636668355278,2.259374680374024,3.887253185425628,1.2354101966249689,3.010778350157632,3.2202264717303093
b1e4fb756521459da814aea7ba00e6d6,scene-0006,0.8443421563238054,0.6219563753413092,0.0,0.8142451270989618,0.6219563753413092,0.4060660171779823,0.8611806193402434,0.6219563753413092,0.3310660171779821,-0.04693549224128157,0.07500000000000018
8f7e389977e94c0b82e899e3eb0d0d09,scene-0006,0.8784923830560438,2.723429528673313,0.0,2.7369457976961535,3.994767819239577,2.8963652395186186,3.569565408753273,6.37811124929184,3.7989668586866627,-0.8326196110571193,-0.9026016191680442
d025f6b3b89c42a9b06189cce52b9314,scene-0006,0.9641147572166051,2.4729319112018775,0.0,5.093831309168954,11.843295268516888,4.887740738533827,4.085599396879665,14.238180606464912,3.827880360780397,1.0082319122892889,1.05986037775343
a781611242fd4ddd8a918f0149f74430,scene-0006,2.194057641505351,5.169089195830295,0.0,1.2741524355367393,3.1354062219989074,2.325,1.4436902719420708,3.1354062219989074,2.55,-0.1695378364053315,-0.22499999999999964
ec8884066f45467cbb624ad51520eb9b,scene-0006,1.5861923449716513,2.094353211927824,0.0,5.642639815880479,12.044920313324605,5.325,3.013127361923879,2.8631012917260668,2.6249999999999996,2.6295124539565995,2.7000000000000006
d2c11bf01ce94ed598e947269852c1e6,scene-0006,8.307796898317065,16.070389190056318,0.0,4.800937064848288,5.607230719739533,13.049999999999997,3.836332759016041,16.070389190056318,8.174999999999997,0.9646043058322467,4.875
5b0d75842bb1488c8a860726560cd9c1,scene-0006,1.6552971406854249,2.8429756336666467,0.0,1.6550439521677598,4.0256803993540435,0.2999999999999998,1.2915483381827455,1.6849089677193745,0.375,0.3634956139850143,-0.07500000000000018
dba472287e2046e083b75f0420793f8b,scene-0006,3.9793583611039574,23.348477944641495,0.0,0.9375166758302531,1.7040536914000899,4.32082493290648,0.8232065364989192,1.7040536914000899,4.10056929389965,0.11431013933133394,0.22025563900683043
3ce8a6b53e2a4ea08c77e76b1c75a2e9,scene-0006,1.2113062339882248,2.7359042384079664,0.0,1.1418917512936033,2.7359042384079664,0.9964037464339524,1.1418917512936033,2.7359042384079664,0.9964037464339524,0.0,0.0
09c012e5bcd54afa8968abf07bcdbf00,scene-0006,1.7459873868378688,3.9656233791687256,0.0,1.4618439051576482,3.9656233791687256,0.6092329219213242,1.3410512172876539,3.1464618552320216,1.158574570946581,0.12079268786999431,-0.5493416490252567
e87acf68070446c3a396571d68c181a8,scene-0006,1.699495877165917,3.720937531234266,0.0,1.6770224976734798,3.720937531234266,0.22499999999999987,1.6814341855317438,3.720937531234266,0.2999999999999998,-0.004411687858264068,-0.07499999999999996
cc19adcc77424fb2b3a89dd5c675f28c,scene-0006,1.7172584458494777,3.515062172585309,0.0,1.7018810386587433,3.515062172585309,0.22499999999999987,1.7018810386587433,3.515062172585309,0.22499999999999987,0.0,0.0
e25bf7049d2c403098e8a105798b02f3,scene-0006,2.51540043738326,5.3105259953469535,0.0,2.3678484449313326,6.1307120413437195,0.44999999999999996,2.2726591535112193,5.3105259953469535,0.44999999999999973,0.09518929142011334,2.220446049250313e-16
b44d321468084ecc9ff991a52608c01b,scene-0006,2.500142065500406,4.88666266338141,0.0,1.657287074419906,3.8545309302467445,1.0500000000000007,1.657287074419906,3.8545309302467445,1.0500000000000007,0.0,0.0
bfcbde973bdb4e81b7c96aab71c0b65f,scene-0006,1.180347636357518,4.359319963486543,0.0,1.353846135316043,4.359319963486543,0.5604101966249686,1.353846135316043,4.359319963486543,0.5604101966249686,0.0,0.0
4eba00e1c0cb4fd7a7571c08c542d376,scene-0006,1.367887462633768,4.987720286144216,0.0,1.3324651277744206,4.987720286144216,0.07499999999999996,1.3324651277744206,4.987720286144216,0.07499999999999996,0.0,0.0
bb851eec70624384a293050f49d00a10,scene-0006,1.762068628537989,5.792170153205141,0.0,1.1975060369902089,5.792170153205141,0.9885254915624205,1.1975060369902089,5.792170153205141,0.9885254915624205,0.0,0.0
780d51b2c9be4c8b98b52e0eb7d3ca36,scene-0006,1.5800494436020562,2.2972032209384383,0.0,1.2906048030657074,3.976611145451957,1.3377895602743486,1.3217821797362048,3.976611145451957,1.3994286414088508,-0.03117737667049747,-0.06163908113450223
77280b3c7a44441c87480e1e2e4554f3,scene-0006,1.6079580001414577,13.828656974046137,0.0,1.0922485728578906,1.300399958578344,1.220155022524255,1.189332089966043,1.300399958578344,1.5966373853620366,-0.09708351710815233,-0.3764823628377816
c1d4b38ae6db4192b6b82de121e59fbc,scene-0006,1.0616793130245699,1.486318225654628,0.0,1.0960135478927604,1.486318225654628,0.6908326913195983,1.0960135478927604,1.486318225654628,0.6908326913195983,0.0,0.0
66fa05f640b84787a630a891ab8e5d22,scene-0006,1.8950191535295873,3.481754192709035,0.0,1.8950191535295873,3.481754192709035,0.0,1.8950191535295873,3.481754192709035,0.0,0.0,0.0
568df10a9f1b48ca8f79b4b534e28b54,scene-0007,0.9545908864130203,2.79046158931712,0.0,0.9791556777912966,2.79046158931712,0.30000000000000027,0.9791556777912966,2.79046158931712,0.30000000000000027,0.0,0.0
cc897b6dcd8b4008aaefd8fdf9c93077,scene-0007,2.6161298375705244,7.23518534045036,0.0,13.375976482411524,26.433956741661714,10.874999999999998,13.375976482411524,26.433956741661714,10.874999999999998,0.0,0.0
f8a9493fb4224e38a90df10d8412b2c8,scene-0007,3.579257327453758,8.940394880211587,0.0,9.787322624413417,26.940013645796387,7.199999999999998,9.787322624413417,26.940013645796387,7.199999999999998,0.0,0.0
4a4d37eb14c442b7957d30d566387f0a,scene-0007,0.7587520695104548,0.5449921948921217,0.0,1.1609189154558255,4.255932198156571,0.9749999999999992,1.1609189154558255,4.255932198156571,0.9749999999999992,0.0,0.0
f7fa3775fc39451f8f53b972341de107,scene-0007,2.436010881147464,7.574240976972204,0.0,5.568158924948984,12.3742101590703,3.15,6.543157239233497,26.774184004589568,4.125,-0.9749983142845133,-0.9750000000000001
0d12459cd86a4e6a87b48b779d9e3469,scene-0007,1.8798134404598266,4.451128634978506,0.0,14.103947653016563,26.05044301741231,12.224999999999998,13.803993377203955,26.05044301741231,11.924999999999997,0.2999542758126079,0.3000000000000007
bff71490972b4bb48657dc23eda191fd,scene-0007,6.987214151329299,14.140301667930602,0.0,14.261948851857955,24.94009660026382,7.274999999999999,5.487261241311913,6.940792928751549,1.5,8.774687610546042,5.774999999999999
2a58cd69b34d4f0f92753ef84f02e2c8,scene-0007,8.371561817193413,14.716217398731727,0.0,9.271534769625836,15.916182628637454,0.8999999999999999,9.121536212711543,15.916182628637454,0.75,0.14999855691429254,0.1499999999999999
caa8e8a97e0448fc990115777e5b5a48,scene-0007,7.615216208786357,12.922050896635229,0.0,7.915200419542698,12.922050896635229,0.30000000000000004,7.615216208786357,12.922050896635229,0.0,0.29998421075634063,0.30000000000000004
5da7a86fabd64f899c9f60d9c72e09e7,scene-0007,7.068143203826546,19.102728523703377,0.0,4.593201864623326,8.30274770763268,2.624999999999999,4.668200912953989,8.30274770763268,2.849999999999999,-0.07499904833066307,-0.2250000000000001
7ece2f38911e40128a2f8f06a2f14ae2,scene-0007,1.074961297552258,0.9199378943509653,0.0,1.7737351261911902,0.9199378943509653,0.7500000000000002,4.368122987118248,23.716269028872834,3.675,-2.594387860927058,-2.925
10a87a628ce840bc9709495041166db2,scene-0007,3.827949317671167,15.891667165442984,0.0,2.2538158166778213,15.891667165442984,1.6500000000000006,1.282309642590977,1.5085463626529156,2.7000000000000006,0.9715061740868443,-1.05
2ed4dccaefbc49848cad29bade674344,scene-0007,6.740636031322936,18.63986756925687,0.0,8.056705652634117,19.83954555080635,1.3499999999999996,7.981711650446101,19.83954555080635,1.2749999999999995,0.07499400218801533,0.07500000000000018
519b85741bad4cb0b8c1164ac46fec6e,scene-0007,7.625242549383805,20.177595082477577,0.0,13.168862917889467,27.372902673463763,5.55,8.599121825549743,21.376593575423552,1.2749999999999997,4.569741092339724,4.275
dc6765726bb343dc9e41134e0fdaa784,scene-0007,2.7212235417158945,2.9625516688802946,0.0,3.2758068112112255,7.272264730102675,2.0064990502177897,3.162580133612792,6.353955294960624,1.8899304276101199,0.11322667759843341,0.11656862260766987
3f5da297339948158ca0366aada42af3,scene-0007,10.249901094305473,20.88797480983622,0.0,3.3241369789973625,6.425397931185045,7.930088450669237,3.2252277728145398,6.425397931185045,7.990776492186894,0.09890920618282273,-0.06068804151765761
ddbc7b3a498647389c469e8670d3aa0d,scene-0007,9.452717448725641,19.320140194492694,0.0,12.088779444314863,30.175875244784248,2.789153302372608,12.686958128826559,30.175875244784248,3.2395149604929787,-0.5981786845116961,-0.45036165812037066
561267202fe2417ba38f62cba6561b44,scene-0007,11.729689271714198,29.498678064704983,0.0,14.48447163328561,31.861055085692083,3.682426463519459,14.558423003426325,33.04427700794352,3.757426463519459,-0.07395137014071551,-0.07500000000000018
b0394142d25c429ca6f850560b8a36fe,scene-0007,4.183034780726619,8.193152577362948,0.0,10.913746273169972,33.42517025060312,9.023425584211129,3.5407735961389264,8.193152577362948,0.6454163456597992,7.372972677031045,8.37800923855133
dbac6525f76949fa9d32d9e093d57137,scene-0007,2.878840784326017,9.558290973682839,0.0,4.013458211539701,9.558290973682839,1.2198697721291607,4.013458211539701,9.558290973682839,1.2198697721291607,0.0,0.0
58494ec3aae248eeaa6189447a011b1e,scene-0007,3.5540326447747743,4.879584198070275,0.0,3.9139719650914695,4.879584198070275,0.37983713266844876,3.913718092670424,4.879584198070275,0.39319805153394627,0.0002538724210454646,-0.013360918865497506
d8cfd78508014cc280fde1f41a06c838,scene-0007,3.032793082623171,4.228005021559831,0.0,3.944510872859727,5.244060346562562,0.9946804143717279,4.146546524494074,5.244060346562562,1.1934515298621946,-0.2020356516343469,-0.19877111549046667
939194a5788e421faa6aab68cb86e6e8,scene-0007,3.237623337300081,6.491594153983291,0.0,3.7363762204232183,6.491594153983291,0.5164762138029508,3.5688679505582,6.491594153983291,0.34877111549046663,0.1675082698650181,0.1677050983124842
5c7463b0fb974be7bd2fd8c8f19c026b,scene-0007,2.0658804303556213,1.6830991437408405,0.0,3.066389514828091,1.6830991437408405,1.1453635743380388,3.2144300820336147,1.6830991437408405,1.282002655472541,-0.14804056720552383,-0.13663908113450218
c7c9643529d24492ad86130c38938c7f,scene-0007,2.4701010148059166,2.6013397595481695,0.0,2.9677687308424394,2.6013397595481695,0.6251315618319432,2.9677687308424394,2.6013397595481695,0.6251315618319432,0.0,0.0
f029d11604f147d4901c0ffb735b7cad,scene-0007,1.8289806562114244,0.9540114084286614,0.0,2.4526689811674185,0.9796941094922215,0.7810660171779824,2.4526689811674185,0.9796941094922215,0.7810660171779824,0.0,0.0
efa6d756840c43388dd78ce4aada94ff,scene-0007,1.5950912659007377,3.3329824501610408,0.0,1.5864749431504275,3.3329824501610408,0.6177050983124844,1.5864749431504275,3.3329824501610408,0.6177050983124844,0.0,0.0
45da3d8c87244cfb9ffd1ac8d94f4044,scene-0007,2.7416068029861984,5.909327244757992,0.0,2.0864546732947264,5.909327244757992,0.7810660171779823,2.0864546732947264,5.909327244757992,0.7810660171779823,0.0,0.0
e91791ac6b9143489ff9a7d787603c74,scene-0007,3.612369675145611,7.260580834709597,0.0,2.803926510339067,7.260580834709597,0.8604101966249684,3.028531607055549,7.260580834709597,0.6354101966249686,-0.22460509671648188,0.22499999999999987
aff1f09a4fcd4834af3d0fec9bc09bde,scene-0007,4.012259687738628,8.226495036921758,0.0,3.639632353453056,7.0293022440566,0.3749999999999998,4.16072660692841,8.226495036921758,0.18106601717798218,-0.5210942534753542,0.1939339828220176
cb58ac9c08e244d3a96feb126da39d0f,scene-0008,2.486516664086481,5.605834569776868,0.0,1.5497159101532467,3.99515641475936,3.9,1.599606769832296,3.99515641475936,4.05,-0.04989085967904927,-0.1499999999999999
8e91794be2c14d3ab17bd14e342daf79,scene-0008,0.7589154191516163,2.625874102821543,0.0,2.183947103267529,3.8256583199774394,2.325,2.183947103267529,3.8256583199774394,2.325,0.0,0.0
1912f794c8674817b24675985ea9388c,scene-0008,0.7797041692819877,0.06390498203796899,0.0,0.7693547725095867,2.3513919651724784,0.9000000000000004,0.7693547725095867,2.3513919651724784,0.9000000000000004,0.0,0.0
1e3d0bc68d0c493f963988f60bf5fb41,scene-0008,1.5888436071086323,2.658986291900496,0.0,0.7589833917002834,2.1479716756197518,1.6499999999999997,0.7125102195736777,2.1479716756197518,1.5749999999999995,0.04647317212660573,0.07500000000000018
8b45ac47d0594c76866434e1cfdb6f22,scene-0008,1.2825801674387116,1.7151811897408542,0.0,0.9358709677364636,3.2349517499529146,0.8342329219213246,0.8610060008149389,3.2349517499529146,0.9092329219213245,0.07486496692152467,-0.07499999999999996
a417c63ec6f345cf87e84f9386dd6ebc,scene-0008,1.3573911899275655,1.9326847707513517,0.0,0.7630465282067433,3.048552479050968,0.9750000000000003,0.7630465282067433,3.048552479050968,0.9750000000000003,0.0,0.0
4485c3d95f514d6cb9e9efd76bd4ab18,scene-0008,2.210430317686113,3.1893963772537535,0.0,1.1085912074786457,3.1893963772537535,1.1250000000000002,1.3328980152170802,3.1893963772537535,0.9000000000000006,-0.22430680773843448,0.22499999999999964
3fe32969f0ad4047957388a691e34a6b,scene-0008,2.0073668073085074,3.191639202096401,0.0,1.7076755730347553,3.191639202096401,0.30000000000000027,1.2685728054432985,3.191639202096401,0.9000000000000001,0.4391027675914567,-0.5999999999999999
40499ed2eb6744e09abf2cd59ca11975,scene-0008,1.3332417953226114,2.9646267100147092,0.0,0.5714200188398809,0.6374815648730102,1.1249999999999998,1.0340046221709311,2.9646267100147092,0.37499999999999956,-0.4625846033310502,0.7500000000000002
9ee444215a7140a8b260791711055a29,scene-0008,1.7656810816820159,2.6121348919013214,0.0,1.2227619814683424,2.6121348919013214,0.6000000000000001,1.1477898145086283,2.6121348919013214,0.6749999999999998,0.07497216695971409,-0.07499999999999973
075ea49415a6494a8ad61054226f9f1c,scene-0008,2.5703389884903736,5.645446711335404,0.0,1.2589954270637338,2.047585194951921,1.35,1.2589954270637338,2.047585194951921,1.35,0.0,0.0
bc6eda798d04456694074adfe5d25967,scene-0008,2.5844059456820334,4.7691610890329645,0.0,0.9421538339636877,1.1863270452874486,1.6500000000000001,1.6902337515474173,1.1863270452874486,0.9000000000000001,-0.7480799175837296,0.75
dc4b452d19d541db921337d1bf3f9b3a,scene-0008,2.4172038682770607,3.720269804369488,0.0,2.4917948117385,4.913724899752517,0.07499999999999973,2.4917948117385,4.913724899752517,0.07499999999999973,0.0,0.0
d4a63835cb5b4477bf2606ed5502ae92,scene-0008,2.5383134185630296,3.769260973714663,0.0,1.6769256208532846,0.760990704556599,0.8999999999999997,1.9019065690584482,0.760990704556599,0.6749999999999996,-0.22498094820516368,0.2250000000000001
dfc99c40bf764352a881af7be5e4ac29,scene-0008,2.57410264332861,2.458338747099298,0.0,2.053575564607359,2.458338747099298,0.5249999999999999,2.053575564607359,2.458338747099298,0.5249999999999999,0.0,0.0
70026bd792b44ec0a70fd7c75a267c28,scene-0008,2.509846542763077,3.330470261825974,0.0,2.7046793501708364,4.335012359002004,0.375,2.5003583648225933,3.330470261825974,0.15000000000000036,0.20432098534824306,0.22499999999999964
3c05f5fffb714dbcab7e283980e57858,scene-0008,1.9517696943266811,3.363600378520967,0.0,2.0274503024000206,4.1227159661488635,0.30000000000000004,2.0274503024000206,4.1227159661488635,0.30000000000000004,0.0,0.0
a8b69e5c2c8c4084a6a32618e8713e4d,scene-0008,2.468487155967133,5.350746246852848,0.0,2.5098433160679914,4.896228274516885,0.675,2.564786444471167,4.896228274516885,0.75,-0.054943128403175834,-0.07499999999999996
c426ca002bcf4c70b688b5d406780106,scene-0008,2.4072614786034503,1.476355400486756,0.0,2.671466251068371,0.434483384905905,0.44147621380295093,2.671466251068371,0.434483384905905,0.44147621380295093,0.0,0.0
cc8c924c3d1e45c79a3fa4de19060baa,scene-0008,1.2918193315862911,2.2679229068951363,0.0,1.447162834747368,2.2679229068951363,0.3931980515339467,1.447162834747368,2.2679229068951363,0.3931980515339467,0.0,0.0
67dee47149064324afa53e134fa40cf9,scene-0008,0.813937242715748,2.4462256178591617,0.0,0.8419587621552902,2.4462256178591617,0.24270509831248419,0.8419587621552902,2.4462256178591617,0.24270509831248419,0.0,0.0
0455b852008c4b38be278c2e7401cc08,scene-0008,1.1417781634199364,1.7010307067248218,0.0,1.0548668167890987,2.8669515431282635,0.4514823628377814,1.0548668167890987,2.8669515431282635,0.4514823628377814,0.0,0.0
9a7a1a2f40534959800512ecf3c3f132,scene-0008,1.2753882943996924,3.9669793950130137,0.0,0.9886395045121961,1.3216483909998258,0.6531152949374528,0.9886395045121961,1.3216483909998258,0.6531152949374528,0.0,0.0
66ad5282ecf24b2990cd9942744288b0,scene-0008,2.0474046340255123,2.2150682265239516,0.0,1.7737820883506503,2.2150682265239516,0.2737711154904664,1.7737820883506503,2.2150682265239516,0.2737711154904664,0.0,0.0
e6193e39dd774d00901c1c9762b09cd8,scene-0008,2.205815694144718,1.8862163795588984,0.0,1.7880901275748613,1.8862163795588984,0.6803300858899106,1.7880901275748613,1.8862163795588984,0.6803300858899106,0.0,0.0
4a40e25d4566496db0227c4eaefabb06,scene-0008,1.6402373632173117,1.4643779452470465,0.0,1.6402373632173117,1.4643779452470465,0.0,1.6402373632173117,1.4643779452470465,0.0,0.0,0.0
b2f8b7218bdf434db510621dede0fec4,scene-0008,1.503414800560893,0.8765667179675153,0.0,1.0687060413097504,0.8765667179675153,0.44147621380295066,1.2307074239584195,0.8765667179675153,0.2737711154904664,-0.16200138264866903,0.16770509831248426
b81e52b232ba4c59aeaeced962b202f0,scene-0008,0.8631112767887359,0.25380051590586566,0.0,0.8631112767887359,0.25380051590586566,0.0,0.959817650221106,0.25380051590586566,0.10606601717798192,-0.0967063734323701,-0.10606601717798192
f5a7f03d09ac43d8b124348d33e68d2f,scene-0008,0.89644686838102,1.8955422525654104,0.0,0.8585414927386326,0.7960082520397876,0.6980351842023951,0.8585414927386326,0.7960082520397876,0.6980351842023951,0.0,0.0
250567bed6a74e65af339941b8beb48f,scene-0008,0.8975922855243392,2.8738152136766857,0.0,0.9727024229519723,2.8738152136766857,0.5914762138029507,0.9727024229519723,2.8738152136766857,0.5914762138029507,0.0,0.0
b3a4211a964a45c5b3e706de30c7fcf1,scene-0008,0.9148562160759159,0.7761306114378341,0.0,1.0585990435477481,1.913228143195462,0.8313194955062299,1.0585990435477481,1.913228143195462,0.8313194955062299,0.0,0.0
29a1e9bcb75740479cd5acdfa88b2cfd,scene-0009,4.132150311120608,10.188504103462297,0.0,3.7574072813602304,6.588630873272289,0.3750000000000002,3.7574072813602304,6.588630873272289,0.3750000000000002,0.0,0.0
0976bf335f734fa3ba456f77342837b0,scene-0009,4.867429438475881,11.023230671337075,0.0,4.792434261154623,11.023230671337075,0.07500000000000018,4.792434261154623,11.023230671337075,0.07500000000000018,0.0,0.0
b1b94622b5db4a66b2eb01b3608122e1,scene-0009,4.837731186369914,7.004401112774543,0.0,4.6878055645024075,7.004401112774543,0.15000000000000036,4.6878055645024075,7.004401112774543,0.15000000000000036,0.0,0.0
337a86934b9a46a99cd1ceb489939c02,scene-0009,4.760081375578579,8.849267819870905,0.0,4.760081375578579,8.849267819870905,0.0,4.760081375578579,8.849267819870905,0.0,0.0,0.0
1076169d8ae84fbca5f00a397aea73e8,scene-0009,5.246881291786645,9.202343600833803,0.0,5.246881291786645,9.202343600833803,0.0,5.246881291786645,9.202343600833803,0.0,0.0,0.0
69d132937efa411399801c94e2d149ee,scene-0009,5.1822505565159345,9.367657216384375,0.0,5.1822505565159345,9.367657216384375,0.0,5.1822505565159345,9.367657216384375,0.0,0.0,0.0
75b5ebc0c19c4755899974e96055f705,scene-0009,7.517579736456754,15.41348067164003,0.0,7.517579736456754,15.41348067164003,0.0,7.517579736456754,15.41348067164003,0.0,0.0,0.0
a7bb7929ec0240268e34ca312e4d8881,scene-0009,6.312834113406703,9.344840375199423,0.0,6.312834113406703,9.344840375199423,0.0,6.312834113406703,9.344840375199423,0.0,0.0,0.0
dbf2877ef5314d679ca75cd99079bb61,scene-0009,6.127413602612499,12.672462854986358,0.0,6.127413602612499,12.672462854986358,0.0,6.127413602612499,12.672462854986358,0.0,0.0,0.0
1a2beb30f34247c79283f07128ebdab7,scene-0009,5.112790264212833,7.585453313332418,0.0,5.112790264212833,7.585453313332418,0.0,5.112790264212833,7.585453313332418,0.0,0.0,0.0
706d7015b80d4329b80d4a8c52139ab4,scene-0009,6.831674783640421,11.915401852259766,0.0,6.831674783640421,11.915401852259766,0.0,6.831674783640421,11.915401852259766,0.0,0.0,0.0
696f7f3c2ef2441396b803971ed5c07c,scene-0009,7.584143489250181,16.244101325487673,0.0,7.584143489250181,16.244101325487673,0.0,7.584143489250181,16.244101325487673,0.0,0.0,0.0
bb0cfd86c75841aabdec3ac10ceff907,scene-0009,9.822053873979527,20.646870218596824,0.0,9.14711818099287,19.44688866074329,0.675,9.14711818099287,19.44688866074329,0.675,0.0,0.0
5b5ebee8cf0f49ddba2e59a8227ead1a,scene-0009,8.730977517664371,14.375402218691528,0.0,7.230978783165656,10.775403033352976,1.5000000000000002,7.455978715379303,10.775403033352976,1.2750000000000001,-0.2249999322136471,0.2250000000000001
ff86307232204acc9c4b01a9031124be,scene-0009,9.152988519063928,15.421928284170136,0.0,8.328012322784591,14.221948358692677,0.8249999999999997,8.253015535010922,14.221948358692677,0.8999999999999997,0.07499678777366903,-0.07499999999999996
44e7518683e543049a19f9785ca8980a,scene-0009,8.838651276936684,15.302521324278747,0.0,7.938675336706558,14.102533188305976,0.9000000000000001,8.238665051309068,14.102533188305976,0.5999999999999999,-0.29998971460251056,0.30000000000000027
65b7811ca02e43f4a9c6b562eda11ff1,scene-0009,4.677015361560907,6.960824765473918,0.0,4.977002627929352,6.960824765473918,0.30000000000000027,4.6020154334397905,5.760825915536039,0.07499999999999973,0.3749871944895613,0.22500000000000053
a8dc966ae57440da9be82ac8ff5a9a58,scene-0009,4.410385211816219,7.174805683565599,0.0,3.7354587282354523,5.974812779023808,0.6749999999999998,3.7354587282354523,5.974812779023808,0.6749999999999998,0.0,0.0
d8457f76e94f43419a55ca49c51d1763,scene-0009,4.3704032569327165,8.681354828047246,0.0,3.6204201630211923,6.2813552362196665,0.7499999999999993,3.6204201630211923,6.2813552362196665,0.7499999999999993,0.0,0.0
473f9f706bc34cdbb6291695c708c43c,scene-0009,5.486991529490352,11.393273992953343,0.0,4.362215885931171,8.9932740108793,1.1250000000000007,4.362215885931171,8.9932740108793,1.1250000000000007,0.0,0.0
4f23e318231b402690dbbdcea385acc3,scene-0009,6.016818151824374,11.810537720509375,0.0,5.191880995764173,10.610541258271095,0.8250000000000002,5.191880995764173,10.610541258271095,0.8250000000000002,0.0,0.0
bccbb6ae62b74684bb4d86e61833c9d9,scene-0009,6.934489867969207,12.252131832636284,0.0,6.334494176608119,12.252131832636284,0.5999999999999996,6.334494176608119,12.252131832636284,0.5999999999999996,0.0,0.0
12900de6be624b15b11f08125b9aa555,scene-0009,7.212247944334731,12.559816570569145,0.0,7.0622479520472385,12.559816570569145,0.1499999999999997,6.987247961614862,12.559816570569145,0.22499999999999987,0.07499999043237615,-0.07500000000000018
1a5510a816474f1aa0961681f8eab34d,scene-0009,6.471185686748166,12.82460277960795,0.0,6.546184881146451,12.82460277960795,0.07499999999999973,6.546184881146451,12.82460277960795,0.07499999999999973,0.0,0.0
a3c6db2751a54c8590c4d8241e01ac8c,scene-0009,8.696744912628887,17.731577099164532,0.0,6.14679418713709,12.93161808690201,2.55,6.596792905251552,12.93161808690201,2.0999999999999996,-0.449998718114462,0.4500000000000002
0c10b2165f86467dae3b2d30516726e3,scene-0009,8.33410946339293,16.434726601824746,0.0,6.534216553533,11.63522889611576,1.8000000000000003,6.759199891804501,12.835068103361857,1.575,-0.2249833382715014,0.2250000000000003
e0b3ca4766254e37b3453bcd5a71f5b6,scene-0009,8.121782080273874,12.6263877596665,0.0,7.446812293284113,12.6263877596665,0.675,7.221815521228118,12.6263877596665,0.8999999999999999,0.2249967720559951,-0.22499999999999987
1e826ac20baa41bbbe2046b14897e618,scene-0009,7.789957097172325,13.540179047430904,0.0,7.714966144719371,14.739998770311734,0.375,7.939943199375508,14.739998770311734,0.1499999999999999,-0.2249770546561365,0.2250000000000001
7d25b827b18c40358656d2b30f3dd64e,scene-0009,8.379830396003666,17.782340123537217,0.0,6.959722053216987,11.81541354120995,1.4398529270389175,7.406938520547319,11.81541354120995,0.9824264635194586,-0.4472164673303327,0.4574264635194589
7381046329d9409c9d9bdd2cfaee9c5d,scene-0009,8.43940077674994,11.29308967515094,0.0,6.191728758808445,6.557198739615231,2.2684658438426486,6.862668026609306,11.29308967515094,1.5842329219213245,-0.6709392678008612,0.6842329219213241
dbca86d691bf4806a5e56a263e269b54,scene-0009,6.394331054115847,10.623378866453484,0.0,4.381857437228558,5.857816194748733,2.0312071897723665,4.528869923062754,5.857816194748733,1.8842329219213247,-0.14701248583419524,0.14697426785104173
9872af6e56ba49e39c7529fb3bbd63ce,scene-0010,1.389679287680203,1.8963504732617102,0.0,1.389679287680203,1.8963504732617102,0.0,1.389679287680203,1.8963504732617102,0.0,0.0,0.0
8bc7b94bfe134f27bf65526ca23ba1bc,scene-0010,2.1692852297883016,5.025335546260021,0.0,1.8244713066889906,3.9121738880370494,0.3842329219213242,1.8244713066889906,3.9121738880370494,0.3842329219213242,0.0,0.0
4387a9ecb3ed42fcbb95149249ee1da1,scene-0010,3.6718490660515046,8.7077796825888,0.0,4.117922778068629,8.7077796825888,0.44999999999999996,4.262297107816975,8.7077796825888,0.6000000000000001,-0.14437432974834596,-0.15000000000000013
04fdfebbf5a041edac1db9097a7e82e6,scene-0010,3.143787678593058,1.9799739072086593,0.0,2.988811181647434,1.9799739072086593,0.33106601717798256,3.592871509000009,5.578671387008131,0.4500000000000002,-0.6040603273525749,-0.11893398282201761
509eb9216c45423192fa718058acfb97,scene-0010,3.1299287755798133,5.197125543952318,0.0,3.361311819241992,4.0103396976928005,0.9871708245126284,3.665618725274947,5.197125543952318,0.8725810211375975,-0.30430690603295485,0.11458980337503089
540148e6f2dc42a2a2067d0278053664,scene-0010,1.8514848413194218,3.613836770628454,0.0,3.2003602597813146,4.813025721453326,1.35,2.907542821349008,4.92313720133143,1.0810660171779825,0.29281743843230634,0.26893398282201764
71ad8e55997f4e8ebf2fef20e46eded2,scene-0010,1.8692357838951044,2.3029662700819973,0.0,2.16907880949922,2.3029662700819973,0.2999999999999994,2.3190271858401843,2.3029662700819973,0.4499999999999993,-0.14994837634096436,-0.1499999999999999
0f160877acfe48379c9ee87ca96a86f7,scene-0010,1.0670806061615343,1.0404929904159699,0.0,1.736039487082693,2.2324240125250667,0.6749999999999998,1.316270296983165,0.24806119106185523,0.37499999999999956,0.41976919009952796,0.30000000000000027
055a989050974ba7b20ef264acfab0d7,scene-0010,0.8223976969042527,2.4790107496583476,0.0,1.5895348378539167,1.140012371886568,1.7249999999999999,1.5147310798391354,1.140012371886568,1.6499999999999997,0.07480375801478134,0.07500000000000018
c990d768d95040f2afa5393f92eb5cf4,scene-0010,0.9762215196371284,0.3105389655474838,0.0,1.0506440394089336,0.3105389655474838,0.3750000000000002,1.0656544568920001,0.3105389655474838,0.5999999999999999,-0.01501041748306653,-0.22499999999999964
3d367131d9d54495ad981f01e38677c8,scene-0010,0.5426940111474531,0.3199401757384879,0.0,0.46792755610002046,0.3199401757384879,0.07500000000000018,0.7457548071054888,0.3199401757384879,0.22499999999999987,-0.27782725100546835,-0.1499999999999997
0799ca6861ca490da7cace1abdf66dab,scene-0010,0.6931960659843883,2.0609628558032287,0.0,0.825841588779728,0.8831609640990691,0.8999999999999999,0.9306174202705069,0.8831609640990691,1.0499999999999998,-0.10477583149077885,-0.1499999999999999
165ea83183ee455e9cc4cd86bdb899ce,scene-0010,0.6740822318682634,1.1245986590164465,0.0,1.0032937771390746,0.28257474521803033,1.2000000000000002,0.9293933535605613,1.3322818130592622,1.0499999999999998,0.07390042357851334,0.15000000000000036
60b825afd7ae4e4199069130109ea025,scene-0010,1.1973769108990773,2.8003068096648507,0.0,1.0164144947307052,0.8202831636024728,2.025,1.0164144947307052,0.8202831636024728,2.025,0.0,0.0
d9cc4597ea5c444ebd14c4bf2042213f,scene-0010,1.6865778673343894,3.0366122056838027,0.0,2.1027866849275205,1.7745716407122945,3.675,2.1027866849275205,1.7745716407122945,3.675,0.0,0.0
c81e6fd5a070468e9af4ee725c342205,scene-0010,2.9718787152154347,3.1712670692727576,0.0,0.5832358593383133,0.42929102213422415,3.3,0.6044203872855773,0.42929102213422415,3.225,-0.021184527947263998,0.07499999999999973
79013ac40395493ca00ed73024f63c5c,scene-0010,1.6338485833292857,2.126411182952713,0.0,0.7649999716302971,0.28753992155238134,2.0999999999999996,1.0009935180145422,0.28753992155238134,2.4749999999999996,-0.23599354638424508,-0.375
322808c30cb7435e82b759a6ff4ad0fc,scene-0010,2.2803689801203393,4.556411707237099,0.0,0.9597053303173724,1.4491425853798348,2.3249999999999993,0.9597053303173724,1.4491425853798348,2.3249999999999993,0.0,0.0
cbcac8a74cca426ba7f4db62ca09aefd,scene-0010,1.9036004337751886,3.348661628387919,0.0,0.6216087482609275,0.2601635871189517,1.5,0.8959923916650061,0.2601635871189517,1.2,-0.2743836434040786,0.30000000000000004
a7e795e212e94d0db7215bae41556a30,scene-0010,2.8279652367517807,4.393889890100251,0.0,1.3279793699208189,1.9939076659634223,1.649999999999999,1.0362246853947394,1.9939076659634223,2.0249999999999995,0.29175468452607944,-0.37500000000000044
a0e65e293c764ccb9aeb8e6f446db631,scene-0010,2.9452390170268075,3.9993366342978964,0.0,0.7391064785546304,1.599434534105837,2.4749999999999996,1.1463206748661698,1.599434534105837,1.9499999999999993,-0.40721419631153943,0.5250000000000004
e6360520926f48d78214980e55042889,scene-0010,2.816163402792711,2.3327511529668787,0.0,1.3691693311312132,1.2790441805844803,4.05,1.3691693311312132,1.2790441805844803,4.05,0.0,0.0
65e33f94a2bf4a9a8daa6e537d2aaec5,scene-0010,2.806380821196946,1.8319889356588743,0.0,1.0709547109722317,0.6403839016021633,1.7999999999999996,0.8860143448267608,3.255473416573077,2.4842329219213246,0.18494036614547094,-0.684232921921325
9f1587258b82498a84fe96ef52a3521a,scene-0010,3.018789947035031,2.7330150269184705,0.0,1.017775574649063,1.2937843612054016,2.508574570946581,1.3077599428767266,1.769639668218061,2.133574570946581,-0.2899843682276635,0.375
aec93c9e494249018012c9f161498f0a,scene-0010,2.3923560638402996,2.4295505985405996,0.0,1.0222886062057213,1.8667288394643002,2.2085745709465816,1.1272871843693464,1.8038005254124871,1.6048759228251128,-0.10499857816362512,0.6036986481214688
8e3bba72c8a54307a9b2994fcf140d71,scene-0010,2.0742619755260137,2.3712031666412137,0.0,1.337771828877675,2.531933398191971,2.121403746433953,1.337771828877675,2.531933398191971,2.121403746433953,0.0,0.0
6470f7137b9a44c396c41a09ca5ea56b,scene-0010,1.400079748929711,1.5361569367343413,0.0,1.4138342524749354,5.129858824749353,2.1166593854407827,1.0508339168377472,3.3270826051464684,1.1427050983124842,0.36300033563718825,0.9739542871282985
f420e4f04e314c7ebfbf7cb798afbacc,scene-0010,1.2084607471122784,3.370346322097312,0.0,1.3002354839310135,3.958011934845914,1.3592329219213246,1.3002354839310135,3.958011934845914,1.3592329219213246,0.0,0.0
6fa363a1c7fc4aa2aefb9ebc5cd1d343,scene-0010,1.469288258879314,3.739755719482135,0.0,1.591636818335508,3.739755719482135,0.9354101966249686,1.591636818335508,3.739755719482135,0.9354101966249686,0.0,0.0
175e722f343f40398151b03853044719,scene-0010,2.0090548353399855,4.757304295102944,0.0,1.7295547638067594,4.009566297067541,1.381066017177983,1.7295547638067594,4.009566297067541,1.381066017177983,0.0,0.0
c8163885fad8494d83e35d8dea5a7cf0,scene-0010,2.053610386027685,4.623107795540882,0.0,1.9685734326315136,3.082590662274833,1.2298759228251126,1.9685734326315136,3.082590662274833,1.2298759228251126,0.0,0.0
538d60ddf0014c268ee1efbec35289a1,scene-0011,3.6968421914813323,6.256127188925704,0.0,4.993687372377253,8.866561986257098,1.3650043512268089,4.993687372377253,8.866561986257098,1.3650043512268089,0.0,0.0
19fdea76511c4429a60153a003634ed3,scene-0011,4.48977564434937,10.190162317213762,0.0,5.453093088250544,11.156279547159373,1.077379363649382,5.663775964433352,11.156279547159373,1.2684515298621943,-0.21068287618280834,-0.1910721662128123
cc56c5d940c24c1e9810a49b03611ac5,scene-0011,5.58352283648513,16.679488906652388,0.0,7.333948234400835,14.297974807138866,2.184638153297269,7.232032778257103,12.667327508839143,2.223454729558795,0.10191545614373254,-0.03881657626152579
c50fb8dc4c044423ae0798d854102d71,scene-0011,1.0172762565370204,2.7337358188538046,0.0,7.26711851318005,12.869120617533644,7.1115700166188915,7.194370316586522,12.869120617533644,7.04321266319617,0.07274819659352882,0.06835735342272198
f7203153a7654757b0ede063c628efa0,scene-0011,1.298829443561334,4.860005606234343,0.0,6.395755011306319,13.133433116629663,7.398204364273658,6.2678236173415875,13.133433116629663,7.274790255144545,0.1279313939647313,0.12341410912911321
16c02b4cb158498886c33bc14e813628,scene-0011,2.187451336654959,7.029224577930045,0.0,6.289355469294511,12.067393395989862,8.368249295723245,5.916065809779097,12.067393395989862,7.988939288466902,0.3732896595154145,0.37931000725634334
b01ad9a9041543058d3b52794acd0ffa,scene-0011,1.716065108778616,5.909733897215849,0.0,5.335842224849424,7.216641610275907,6.833961801574943,5.000591516954005,7.216641610275907,6.499949643147778,0.335250707895419,0.33401215842716514
a7b4a090f1824674a399e1d9033ea3ef,scene-0011,1.2497996929187218,4.058149911227915,0.0,4.9764771169054685,11.010165852354234,4.702178699521646,4.742394213660306,11.010165852354234,4.4683225390816155,0.23408290324516212,0.23385616044003044
ee7518752037464dbfb74dd11b5b76b1,scene-0011,8.312034024460434,17.116925155266664,0.0,6.429944750307315,17.116925155266664,5.3265013047467695,8.237789540076541,17.116925155266664,0.07499999999999996,-1.8078447897692262,5.251501304746769
fe95b22c7ed144319f43d0467a43e503,scene-0011,8.633060705693413,18.231538414828268,0.0,9.000718989834885,18.231538414828268,0.3749999999999998,9.000718989834885,18.231538414828268,0.3749999999999998,0.0,0.0
84e2c688487a42eba837ca31daf9ef24,scene-0011,1.3930562630734586,3.2293097643546096,0.0,2.370116705697117,4.237421690078374,2.1092329219213246,2.370116705697117,4.237421690078374,2.1092329219213246,0.0,0.0
f63865b7bef54908b12800e1de56cdf4,scene-0011,1.2110411451509795,1.8106971963535152,0.0,1.245070977844021,1.9458037961352523,0.6749999999999996,1.2366268153576623,1.8106971963535152,0.5999999999999999,0.008444162486358708,0.07499999999999973
5ccb57df1e03422bbcc9bb0d0db64474,scene-0011,1.3328549024227474,2.079323620151591,0.0,9.050344021260056,18.892298510126814,8.330350327142728,5.538062556107171,8.0307861945682,4.8,3.512281465152885,3.5303503271427283
daccce045cd14657bb502fddef453bb7,scene-0011,0.816189965269484,1.3791226851680323,0.0,8.60900037395244,15.776525998889479,7.949999999999999,3.9835807089022706,3.7773153936219726,3.3,4.62541966505017,4.6499999999999995
9ab13efd6d6f48f7bded33e83f3a5de0,scene-0011,0.782314712386301,2.1477932053101694,0.0,7.307487606832291,12.992900642137181,6.757273478769729,7.152082229279145,18.94597039523786,6.6000000000000005,0.1554053775531461,0.15727347876972875
17e2c5b3278046ed8b0dfb81871c851a,scene-0011,0.5924373414980149,1.6381962837914965,0.0,6.690914836092698,11.642668320458501,6.985206228867134,6.687235932607969,11.642668320458501,6.981804152578089,0.0036789034847295454,0.0034020762890447642
2e9716fce2b5456a97691e7f033ad1ec,scene-0011,1.9830451286272033,3.9140050664309607,0.0,8.020110004098981,16.571004859288287,9.988137090954607,7.726229075287842,16.571004859288287,9.69194034683111,0.2938809288111397,0.29619674412349717
ec93bc95ec4e4b5382176265969f19a5,scene-0011,1.5498041389498722,1.161968056991908,0.0,5.218909983184057,11.976096852705524,6.606829048931671,5.06896839400326,11.976096852705524,6.45682904893167,0.1499415891807967,0.15000000000000036
6bf3216a14194deda5a2e73df826e3e0,scene-0011,1.357036136742727,0.4625336605066372,0.0,5.247430618664803,12.089483120111117,6.5318602649934885,3.7105593275897055,10.902122626838834,4.954153885360307,1.536871291075098,1.5777063796331818
99f6bb873f054e56a351b6b33324c595,scene-0011,1.6067597017134503,2.207243927132268,0.0,4.174908652862259,12.335188695320246,5.703119593409422,4.499688440001212,12.335188695320246,6.078119593409423,-0.3247797871389535,-0.3750000000000009
7f3d621eec63476a813f7e5cbd396be1,scene-0011,0.6691790704810989,0.5945047265730113,0.0,6.995770250601151,16.234384461642925,6.675000000000001,5.721102972512849,16.234384461642925,5.4,1.2746672780883017,1.2750000000000004
5097b77126334fdfb3ed5adcfb8f067b,scene-0011,0.538940077176811,1.0804424575897071,0.0,5.838944346199834,13.077728556598078,5.55,3.740235073028924,4.678166776947143,3.4499999999999993,2.09870927317091,2.1000000000000005
d3edf20a8f97431bbd789e6601875946,scene-0011,0.7141188263600902,2.100438741516512,0.0,2.0187859233119685,5.688491281156125,1.4999999999999998,7.961540825420074,12.321667188784163,8.475,-5.942754902108105,-6.975
d443b28ebb464101a9aa2067e1f9faf9,scene-0011,1.0838583449852712,3.221163892474079,0.0,8.496085602425936,12.79155016832977,7.574999999999999,10.595580265823347,27.18631170348371,9.675,-2.0994946633974116,-2.1000000000000014
179be54cff344422be7dba430320521c,scene-0011,0.740867562375982,2.3267147026388817,0.0,13.073942158247911,25.038763635138285,13.049999999999999,12.62398088922281,28.637656707611107,12.6,0.4499612690251009,0.4499999999999993
007cbcb1390c440fb48baf3478d1b529,scene-0011,1.3596118339894203,1.4538806823415502,0.0,10.974084476092596,15.671231939243453,9.75,11.798631185199245,22.865790631882884,10.575,-0.8245467091066487,-0.8249999999999993
70f1be9db31549b4ae195cd8588cf3f1,scene-0011,0.950504971725318,0.7114130911498208,0.0,7.318959699519368,9.950193725163878,6.525,7.768868645803004,9.950193725163878,6.975,-0.4499089462836361,-0.4499999999999993
e64b7a1c15ca48348f950cef46742d2e,scene-0011,1.2394074594360815,4.034576856009074,0.0,6.5597230232456845,7.623290686791711,5.549999999999999,6.4099879501735835,6.42564995928284,5.4,0.149735073072101,0.14999999999999858
b7fec5dd9e114de599f8b12fd4b27a24,scene-0011,0.9613401480787322,1.6132525653927634,0.0,6.6977649870327545,13.657412819310764,5.862150674290525,6.6977649870327545,13.657412819310764,5.862150674290525,0.0,0.0
59af0c1a326946a78223cbfa8f5e7cc1,scene-0011,0.460834690242842,0.9956251986008575,0.0,4.721927907894185,8.846702508518804,4.514007993367173,5.310788031720997,8.846702508518804,5.124007410379475,-0.5888601238268123,-0.6099994170123022
4befbce67d4a4ec2b0fab8a9fdcfe5e9,scene-0011,1.7164402145710522,4.889587306625471,0.0,7.485031903171368,14.557624807901771,5.812424714556364,7.550520367244009,14.557624807901771,5.878822050507301,-0.06548846407264097,-0.06639733595093666
8c4fd6ef54d44533b8ae4ad8e26d1988,scene-0011,2.6133547626449363,4.683403140622178,0.0,6.146732087245057,12.95542948814197,3.599999999999999,6.146732087245057,12.95542948814197,3.599999999999999,0.0,0.0
88a090c54cc844cc878f00d08274a683,scene-0012,2.6030528099635166,4.471743310600331,0.0,2.6030528099635166,4.471743310600331,0.0,2.6030528099635166,4.471743310600331,0.0,0.0,0.0
5ee110d014374ae093565bba2e81a3fd,scene-0012,4.348939895486091,5.365382734865878,0.0,4.348939895486091,5.365382734865878,0.0,4.348939895486091,5.365382734865878,0.0,0.0,0.0
a6261bd83c5e4e1985012b6c6c51fce0,scene-0012,4.60664019077748,6.055786339748454,0.0,4.60664019077748,6.055786339748454,0.0,4.60664019077748,6.055786339748454,0.0,0.0,0.0
684acda1d78c4a959762df565cba29f5,scene-0012,4.417483046177425,10.388267800934825,0.0,4.417483046177425,10.388267800934825,0.0,4.417483046177425,10.388267800934825,0.0,0.0,0.0
20a871df4033487ab94d4d3b86f69af1,scene-0012,4.594645269934433,9.882598968624814,0.0,4.594645269934433,9.882598968624814,0.0,4.594645269934433,9.882598968624814,0.0,0.0,0.0
c51b9abd585d421b85dbf4a95eec4936,scene-0012,3.9796986232375993,5.63139294995799,0.0,3.9796986232375993,5.63139294995799,0.0,3.9796986232375993,5.63139294995799,0.0,0.0,0.0
893266afc2574e58a5abd0f29b2c1faa,scene-0012,3.637256112339566,3.83414637928705,0.0,3.637256112339566,3.83414637928705,0.0,3.637256112339566,3.83414637928705,0.0,0.0,0.0
3eef3752ea664087a0469a01cbf738a9,scene-0012,4.595368361196621,11.81916181897901,0.0,3.999122850920892,5.763849814926354,0.6812071897723667,3.999122850920892,5.763849814926354,0.6812071897723667,0.0,0.0
5dfdf5c61f95420f89b53d65fb28e6cd,scene-0012,4.879784371030803,8.656259946699764,0.0,4.732328680587584,8.656259946699764,0.1499999999999999,4.6589516088419005,8.656259946699764,0.22499999999999987,0.07337707174568386,-0.07499999999999996
745713b3baae4ea18de5c74eb4d06bb8,scene-0012,4.566516985085462,9.238486183067305,0.0,3.8685066213358974,3.974551096787291,0.7574264635194585,3.8311322716181215,4.524093270863844,0.7499999999999991,0.03737434971777587,0.007426463519459414
d34f2eec80f54b608f9b9d0a86f103bd,scene-0012,3.8860989851992467,5.01395650002049,0.0,3.591205293554303,5.01395650002049,0.30000000000000027,3.738228756365914,5.01395650002049,0.15000000000000036,-0.14702346281161072,0.1499999999999999
f33e0c3f5d5c426593af8af1c27b68b8,scene-0012,3.95811099093926,6.651742176653988,0.0,3.269381997080938,5.4776433411247405,0.7810660171779819,3.044617145077504,5.4776433411247405,0.9487711154904661,0.224764852003434,-0.16770509831248426
52592f70fce143e59b44da5e2ad06134,scene-0012,3.8642785021830304,5.838496264553862,0.0,3.56049656703432,5.838496264553862,0.3749999999999998,2.995756220108701,5.838496264553862,0.9354101966249685,0.5647403469256189,-0.5604101966249687
261e4db3a18c4c23944f61bd6e51cf0c,scene-0012,4.496063774705174,7.378906101505819,0.0,2.670617350951027,6.178906813515907,1.884232921921324,3.0074510882679815,7.378906101505819,1.5000000000000002,-0.33683373731695454,0.38423292192132386
5254163f8fcd4362b6019bbb88dc13ec,scene-0012,4.569205398622849,11.516800123870976,0.0,5.666275479764444,12.71489011744354,1.1682368416906104,5.666275479764444,12.71489011744354,1.1682368416906104,0.0,0.0
6269703390624957869e9bc071f16e17,scene-0012,3.938017426829708,7.118939774359668,0.0,4.321988784645639,7.118939774359668,0.5324264635194587,4.321988784645639,7.118939774359668,0.5324264635194587,0.0,0.0
dabfb5453ac2454d9806febac44df9f6,scene-0012,3.4809700884308903,10.008095155915205,0.0,3.609868034193298,10.008095155915205,0.1810660171779824,3.609868034193298,10.008095155915205,0.1810660171779824,0.0,0.0
848d0535939349018c41668705f60469,scene-0012,4.351807453747794,11.618730025271109,0.0,4.573758673338864,11.618730025271109,0.23717082451262844,4.573758673338864,11.618730025271109,0.23717082451262844,0.0,0.0
b1bae3685d59491baacad9d09e03becd,scene-0012,6.213015160084426,14.438826958580712,0.0,6.138161748734638,14.438826958580712,0.07499999999999996,6.138161748734638,14.438826958580712,0.07499999999999996,0.0,0.0
a2d8604904294c2fb73648830a2604aa,scene-0012,6.372860845750848,14.667236964516192,0.0,6.223999928152501,13.481835615555903,0.30000000000000004,6.223999928152501,13.481835615555903,0.30000000000000004,0.0,0.0
114d8a1f9c4a46a5b4fec1e552027213,scene-0012,6.681250734991877,14.726715186866494,0.0,6.681250734991877,14.726715186866494,0.0,6.681250734991877,14.726715186866494,0.0,0.0,0.0
c393232463364bb1ab3f264b12f6694a,scene-0012,6.0324182661211045,7.334873050123823,0.0,6.0324182661211045,7.334873050123823,0.0,6.0324182661211045,7.334873050123823,0.0,0.0,0.0
045ecf94b83648229500b23058af3117,scene-0012,5.623810689216367,6.941846896035988,0.0,5.623810689216367,6.941846896035988,0.0,5.623810689216367,6.941846896035988,0.0,0.0,0.0
6f801059ac9e4220828b59fcf10c7880,scene-0012,5.10354406427966,8.896106070515158,0.0,5.10354406427966,8.896106070515158,0.0,5.10354406427966,8.896106070515158,0.0,0.0,0.0
b76ef036cbaa450fab76e2b42f97d1d6,scene-0012,5.015152883300082,7.077304993074921,0.0,5.015152883300082,7.077304993074921,0.0,5.015152883300082,7.077304993074921,0.0,0.0,0.0
5e8e717247d143a3aa8c3239af723a9f,scene-0012,5.715656447184789,13.332754051505795,0.0,5.715656447184789,13.332754051505795,0.0,5.715656447184789,13.332754051505795,0.0,0.0,0.0
1bf0669e9da34c17a25a6362d8a3b3d1,scene-0012,5.1695528415996,7.534665667987085,0.0,5.1695528415996,7.534665667987085,0.0,5.1695528415996,7.534665667987085,0.0,0.0,0.0
7c3328b43154403cac0991fd6e967de9,scene-0012,5.651870324024145,8.918219770166536,0.0,5.651870324024145,8.918219770166536,0.0,5.651870324024145,8.918219770166536,0.0,0.0,0.0
7714fdd1943d4487ba9b9b3909352199,scene-0012,4.510306699320317,6.456247126926537,0.0,4.510306699320317,6.456247126926537,0.0,4.510306699320317,6.456247126926537,0.0,0.0,0.0
56a8812e2fae4b13960c853cebe58374,scene-0012,5.577654000522208,10.234215409613252,0.0,5.577654000522208,10.234215409613252,0.0,5.577654000522208,10.234215409613252,0.0,0.0,0.0
2e8bed7f596949d2b8777b2a856c7194,scene-0012,5.393901229829397,8.903571600468952,0.0,5.393901229829397,8.903571600468952,0.0,5.393901229829397,8.903571600468952,0.0,0.0,0.0
b9c60cfaf1814c8bb363037dec7abd35,scene-0013,12.28575356352113,23.05781282428488,0.0,12.585546524282666,23.05781282428488,0.2999999999999998,12.585546524282666,23.05781282428488,0.2999999999999998,0.0,0.0
9aa4c454c6154c069354edd8819f767a,scene-0013,6.747923192421488,12.190329953346648,0.0,6.374184809158784,12.190329953346648,0.375,6.224735062184644,12.190329953346648,0.5249999999999999,0.14944974697414004,-0.1499999999999999
4de7963785f34de7afb9e5aae3ce6f9f,scene-0013,0.7918865975896128,1.5193565125955872,0.0,0.7918865975896128,1.5193565125955872,0.0,0.8144365479603297,1.5193565125955872,0.2250000000000001,-0.022549950370716942,-0.2250000000000001
480ea4e6cd7b4fc7b46ace2b8001fd19,scene-0013,1.3568586576599329,3.0464072352133678,0.0,2.207815814219342,3.0464072352133678,1.206207189772366,1.8301317472013525,3.0464072352133678,0.7499999999999996,0.3776840670179893,0.4562071897723665
31815eedcec04d4892ae361262825ded,scene-0013,0.9606478815998267,0.66046914664056,0.0,1.0788132383376525,0.66046914664056,0.7592329219213244,1.125788455598045,0.66046914664056,0.6842329219213245,-0.046975217260392554,0.07499999999999996
b2329c1fe1714b9bb2642b257d38755d,scene-0013,1.6507038483012992,2.030168863755548,0.0,0.9826482855447416,0.9921607009821748,0.9871708245126284,0.9826482855447416,0.9921607009821748,0.9871708245126284,0.0,0.0
fdd3a6f8d68a4bf08f45881201d072ae,scene-0013,1.0922058168432973,0.6715404711681211,0.0,1.3181036509871609,0.6715404711681211,0.38717082451262874,1.3873556705899353,0.6715404711681211,0.4621708245126285,-0.06925201960277438,-0.07499999999999973
10ad8522733c4c47bcf7dc32cb38762f,scene-0013,1.3073635454642965,3.2810478827410963,0.0,1.8055642899103381,4.044684540878966,0.662132034355964,1.733720017999467,4.044684540878966,0.5871320343559638,0.07184427191087117,0.07500000000000018
5dd248af969c406f9812c24fe4498974,scene-0013,1.515658294785177,2.4963090800045333,0.0,2.113918908977504,5.761549265417247,0.9298759228251128,2.262667595799713,5.761549265417247,1.0743416490252564,-0.1487486868222092,-0.14446572620014364
e30a3a964a2e44f29009b76f096acdaa,scene-0013,0.5742586816867792,0.9154358618867393,0.0,1.8265539034286657,5.350426920105023,1.7249999999999994,1.60849768189138,1.8615273755084523,1.4999999999999998,0.21805622153728565,0.22499999999999964
613616256c904184b32ec44c23262340,scene-0013,3.5077459380863347,7.093935301749285,0.0,0.9144832100133389,0.6201055219665473,4.125,0.7874901298713062,0.6201055219665473,3.975,0.1269930801420327,0.1499999999999999
3615d82e7e8546fea5f181157f42e30b,scene-0013,3.1525803330641,7.3844547188542355,0.0,0.5524425530658086,0.6588680001969536,3.15,0.5524425530658086,0.6588680001969536,3.15,0.0,0.0
a21bf301ee63439697226895c267af08,scene-0013,3.1013283408021817,6.541899807761098,0.0,1.3032358390749352,4.327567636050223,4.2,0.8764051012687508,0.9114341051265274,3.75,0.4268307378061844,0.4500000000000002
4b65f133505445c7a2425c44b0a2f46f,scene-0013,3.9036236234216704,7.979846825698698,0.0,0.9366213854933768,4.04582530912124,4.575,1.0275034012150863,2.8530032816130384,4.725,-0.09088201572170951,-0.14999999999999947
a32eb5c0d8514895af2af5889c1f5199,scene-0013,3.5111918253971193,8.183783592949986,0.0,0.6047488064448242,1.030034169519604,3.5999999999999996,0.6848927980114279,1.030034169519604,3.825,-0.08014399156660368,-0.22500000000000053
4635c393dbdc4aa589b221fad153d427,scene-0013,3.8845729890666014,8.4390568355186,0.0,0.6632817431235597,1.2437343845862798,4.125,0.6741752858017949,1.2437343845862798,4.275,-0.010893542678235169,-0.15000000000000036
82aa58cdc18a4b03ae40861cb0ecef79,scene-0013,3.679284252774404,8.703036461134765,0.0,1.1061241287212606,3.485989494628018,4.728740671584067,0.6549041919140481,1.5043258396144419,3.375,0.4512199368072125,1.3537406715840667
97c934ef10c34ced96b35417dce1b75a,scene-0013,4.3067306770847695,10.162468335174875,0.0,0.8422164891555828,3.143966496040773,4.30572163350965,0.7811525761936231,3.143966496040773,4.670167202053285,0.06106391296195968,-0.3644455685436352
f25fac13b265470aa70b69a7ed8013cc,scene-0013,4.750870700320695,10.436299206893947,0.0,0.8243071041912522,2.854769455780471,4.678573005243147,0.6166299591052016,2.854769455780471,4.821705060703262,0.20767714508605062,-0.14313205546011432
6b506fcb72d542ed96d98270abb7aad3,scene-0013,4.921914667293843,10.838118559100621,0.0,0.8545065283904106,2.437327172668058,4.612145172396953,0.8638048250651691,2.437327172668058,4.7607526227524115,-0.009298296674758455,-0.14860745035545886
da5566fec7d841e399413ccef674c966,scene-0013,3.083175084159757,7.619385921809077,0.0,1.0837172749929556,3.2791245931551685,3.8386378566105224,1.1586315587892515,3.2791245931551685,3.9136378566105225,-0.07491428379629594,-0.07500000000000018
45761bf806734f8188b9b9297f76afc7,scene-0013,2.5037668840477654,6.8367144595406675,0.0,1.4056741527265737,5.239669598067673,3.537563888066764,1.0022999088510187,2.895303105900946,2.9338232164826974,0.403374243875555,0.6037406715840667
20a68f4f6d5e46edb6c4d9e8321ced5b,scene-0013,2.2435776863487127,0.3367623265996508,0.0,0.8998239425424108,2.508593172841239,2.4973744294348745,1.2197943730168794,2.508593172841239,1.9792423739747607,-0.3199704304744686,0.5181320554601139
8929201da6384e3a8299d9427669f735,scene-0013,1.2821547068561499,0.5445624818311926,0.0,0.8460261775691018,0.6833239329918075,0.5999999999999992,0.9180425531718048,0.6833239329918075,0.4499999999999993,-0.07201637560270302,0.1499999999999999
9a7dc9c8adce4ae68ca26ad5b5f93366,scene-0013,2.5807090450966186,0.9613853739365595,0.0,0.4597782762802588,0.24968436385779916,2.55,0.6092696197030405,1.4423670565743691,2.6999999999999997,-0.1494913434227817,-0.1499999999999999
7184209f0b664006a01f7dea4e4ed12c,scene-0013,2.014261826779257,1.3986427964966985,0.0,0.4446206367655018,0.205658508679089,1.7249999999999999,0.6107681228100361,1.0041858255283742,2.25,-0.16614748604453433,-0.5250000000000001
b3ba77a696634442a5f5a5dbcf906a39,scene-0013,1.6697658510598936,1.7464238922706214,0.0,1.5684819110489214,4.139532441395846,0.5250000000000001,1.3734705367827207,4.139532441395846,0.6000000000000001,0.19501137426620074,-0.07499999999999996
afc6a7290edb4e7ea109ef97c917fd9a,scene-0013,3.7157227424043167,9.007727561627373,0.0,1.0404704595215235,0.6312591384621716,2.7,1.0404704595215235,0.6312591384621716,2.7,0.0,0.0
3f4b0beb19874ac6b7daa0f59b714f69,scene-0013,4.017924917860133,8.964766363032915,0.0,2.0697097034125225,4.1660671542367265,1.9499999999999995,2.1444989006416257,4.1660671542367265,1.8749999999999998,-0.07478919722910327,0.07499999999999973
867689f92a82488f91fc0b7f283c0858,scene-0013,5.3951812718380445,11.12625264969474,0.0,2.0208426948072686,5.126649896622017,3.375,1.4226306982055952,3.926875015845752,3.9750000000000005,0.5982119966016735,-0.6000000000000005
2c1f8867c60b44f09ee37b5df1d1ad24,scene-0013,5.939970907362886,12.051755320227942,0.0,2.1911011753422813,4.856944518769806,3.7500000000000004,2.1911011753422813,4.856944518769806,3.7500000000000004,0.0,0.0
6253275961a54201b8ef78b33bb0a5b4,scene-0013,5.360045141310714,10.38985437160374,0.0,1.768215590286508,4.434214584654449,3.6000000000000005,1.768215590286508,4.434214584654449,3.6000000000000005,0.0,0.0
43cfc03be6f842ae8942c995f8e3f2fb,scene-0014,0.21916833693190327,0.21726234980305695,0.0,0.21916833693190327,0.21726234980305695,0.0,0.21916833693190327,0.21726234980305695,0.0,0.0,0.0
b4799bade00a402693dfa295adeea027,scene-0014,0.22178972528582785,0.2354540997205601,0.0,0.22178972528582785,0.2354540997205601,0.0,0.22178972528582785,0.2354540997205601,0.0,0.0,0.0
a3a642471c514dcaa0d1c9c349f16557,scene-0014,0.23489457406451864,0.3665540188805771,0.0,0.23489457406451864,0.3665540188805771,0.0,0.23489457406451864,0.3665540188805771,0.0,0.0,0.0
8a6f3826e95840b096096fb07cf3d22d,scene-0014,0.27006861664931886,0.6305809960301023,0.0,0.27006861664931886,0.6305809960301023,0.0,0.27006861664931886,0.6305809960301023,0.0,0.0,0.0
3fa89fab4ac04d89b9f4480c840658fd,scene-0014,0.3836311538920496,1.2935535779102167,0.0,0.3836311538920496,1.2935535779102167,0.0,0.3836311538920496,1.2935535779102167,0.0,0.0,0.0
96237b21bbed4808a2f751f17d5121f8,scene-0014,0.6029339395601825,2.2140302897503212,0.0,0.6029339395601825,2.2140302897503212,0.0,0.6029339395601825,2.2140302897503212,0.0,0.0,0.0
74dad84d279846b5a8932753efb179e1,scene-0014,0.9636874728609284,3.41593877063526,0.0,0.9636874728609284,3.41593877063526,0.0,0.9636874728609284,3.41593877063526,0.0,0.0,0.0
8e85b43ad9694b7aab05b40b4b6de65c,scene-0014,1.5050444991649496,4.960788049279724,0.0,1.5050444991649496,4.960788049279724,0.0,1.5050444991649496,4.960788049279724,0.0,0.0,0.0
7282c260eb3440539424668687a82648,scene-0014,2.2614015725919994,6.738832777942872,0.0,2.2614015725919994,6.738832777942872,0.0,2.2614015725919994,6.738832777942872,0.0,0.0,0.0
2da9ed7919024a0ca4db7a801e70d82a,scene-0014,3.2637610140375815,8.770893474994928,0.0,3.2637610140375815,8.770893474994928,0.0,3.2637610140375815,8.770893474994928,0.0,0.0,0.0
d703cae6cfcb407fa4de781c222be9b8,scene-0014,4.44918606179931,10.96316205970667,0.0,4.44918606179931,10.96316205970667,0.0,4.48587183187685,10.96316205970667,0.1499999999999999,-0.036685770077539814,-0.1499999999999999
3a1dd258a83f44b6bd97e8cc426d7057,scene-0014,2.816488542096274,8.326820398835151,0.0,1.6722869469635482,4.760751558137098,1.9500000000000002,1.4588611903089723,4.760751558137098,2.4000000000000004,0.21342575665457586,-0.4500000000000002
37f843af00b54e36b5f57c9c93943c8d,scene-0014,3.2871455903577305,9.104444800251226,0.0,3.0631516575047417,9.104444800251226,0.2250000000000001,3.137925169013799,9.104444800251226,0.15000000000000013,-0.07477351150905731,0.07499999999999996
ea1f5e0340e14464818a7c9b60564e6e,scene-0014,4.362961321376662,10.737873990208696,0.0,4.884562283074773,11.92539158950342,0.5250000000000006,3.990958839731685,10.737873990208696,0.375,0.8936034433430882,0.15000000000000058
6a53a53e9883421d8f2a50b2546f2745,scene-0014,4.7352346848434195,11.142034494244012,0.0,8.838277860794458,18.274248103013534,4.124999999999999,6.973885893126567,18.274248103013534,2.249999999999999,1.864391967667891,1.875
65e61ba2c56b486cbf594a1f382b9ac8,scene-0014,9.544806362459058,19.30910242606963,0.0,9.544806362459058,19.30910242606963,0.0,9.544806362459058,19.30910242606963,0.0,0.0,0.0
f7999aea56664077b37337c19a1950ac,scene-0014,10.259551079453539,20.39873622158043,0.0,8.838568595763595,20.39873622158043,1.4999999999999991,9.738129198602667,20.39873622158043,0.5999999999999996,-0.8995606028390721,0.8999999999999995
fee17d51d2c942e5b81767fca9993099,scene-0014,3.637546900352548,8.093930124573584,0.0,3.7122238675494112,8.093930124573584,0.07500000000000018,3.3387758347979073,8.093930124573584,0.30000000000000004,0.37344803275150396,-0.22499999999999987
f3cf684168d546328dd1bf7f4141f5e4,scene-0014,4.057121554911094,10.1304708695409,0.0,5.640299218614473,11.319202503359248,1.6178074928679058,4.578904617665412,11.319202503359248,0.5371708245126284,1.0613946009490611,1.0806366683552775
907c55da60624b3ab19750af975b96a8,scene-0014,3.557185367688292,5.956984035256416,0.0,4.381240286996092,12.066216547449025,0.8324264635194587,4.381240286996092,12.066216547449025,0.8324264635194587,0.0,0.0
23e2233434534104ab77e30f8c5289c0,scene-0014,5.368630056333227,23.469794189546803,0.0,9.581109487430242,23.469794189546803,4.24469019352266,9.287027172435446,23.469794189546803,3.9269850952101764,0.294082314994796,0.31770509831248406
60b79183ee3344c9ac1d4ca7d2d1abde,scene-0014,7.300597862342143,16.844061491456774,0.0,11.241160189134153,24.1369729124479,4.255864707951298,11.390758041068876,24.1369729124479,4.105864707951298,-0.14959785193472364,0.15000000000000036
510c3f937ce54fafa51f9c9f98f0a4a5,scene-0014,12.761009412945784,24.780008856065614,0.0,12.761009412945784,24.780008856065614,0.0,12.761009412945784,24.780008856065614,0.0,0.0,0.0
5d1c94a4e79c4ae8ab8a58977826b106,scene-0014,13.072788776396756,25.356442221272687,0.0,13.072788776396756,25.356442221272687,0.0,13.072788776396756,25.356442221272687,0.0,0.0,0.0
ce60545b3a344043881d7bfc6b5b75fc,scene-0014,3.93394358267503,26.05562028064746,0.0,2.1258002110853496,6.818336889961151,1.889512290153733,2.1258002110853496,6.818336889961151,1.889512290153733,0.0,0.0
e8953eb644e34d67a97ce72d2442baf9,scene-0014,3.8634173160259584,8.760660671566598,0.0,3.350843681295801,7.560863696587105,0.5371708245126284,3.2763647187451252,7.560863696587105,0.6121708245126282,0.07447896255067565,-0.07499999999999973
32fb01b0d61a4724a60cb38a2b03fdaf,scene-0014,4.159039647754632,9.305624253219152,0.0,2.9209147906102806,4.515094493914323,1.2750000000000001,3.2196914915521644,6.908716271170644,0.9749999999999999,-0.2987767009418838,0.30000000000000027
29f27e9e5e0f434983e9f0edfa77f144,scene-0014,4.601673013210907,7.355435534977029,0.0,1.6522013199196666,2.565696291867956,3.05047751141947,1.7262936029082037,3.7511728196845526,2.978415414010774,-0.0740922829885371,0.07206209740869607
c46eaf0c8a9d40bdb8c7112cff75f701,scene-0014,2.264319927700628,2.7941235602532806,0.0,2.1180497819515223,3.9842403476317623,0.48541019662496937,2.043136655660064,3.9842403476317623,0.4104101966249694,0.07491312629145819,0.07499999999999996
303119a4aa5647a386b9ac78f26ab362,scene-0014,4.002078054798882,7.795064222474189,0.0,3.259578944624442,5.399373007045893,0.8054076662032397,3.259578944624442,5.399373007045893,0.8054076662032397,0.0,0.0
2c0c09db419e4ae692666d7dd235594d,scene-0014,3.7006887334660687,7.935983662424897,0.0,2.5940124222112493,5.540158369277999,1.1548759228251129,2.4449327935769727,5.540158369277999,1.3048759228251128,0.1490796286342766,-0.1499999999999999
cc57b56763574b4298a1211be06666dd,scene-0014,3.5914147525141504,9.234550121577929,0.0,1.8614154414795538,2.0524650957858817,1.8964037464339527,2.0854987378486447,5.6377978376913385,1.671403746433953,-0.22408329636909086,0.22499999999999964
234b0f37af694571876a745e5bbb5e08,scene-0015,5.612157187081437,12.947376973207833,0.0,2.033250042547671,4.462322714812618,3.7834911680722714,1.9002406679704058,4.462322714812618,3.933491168072271,0.13300937457726514,-0.14999999999999947
20df43740cba4411a810e204501af71a,scene-0015,3.0399261482137074,5.409411953906935,0.0,1.0260584969216242,0.7523364086064087,2.5815123124797004,1.0260584969216242,0.7523364086064087,2.5815123124797004,0.0,0.0
6482944ffc7a4e07b6028c5797a41606,scene-0015,1.4288900207042818,3.9596647708884976,0.0,1.5084360405837276,9.759722101468919,1.4643644907456772,1.4898119759710946,0.683592951232067,2.1605983224981262,0.018624064612632996,-0.696233831752449
f133ae5862974d64aba52bf55982552b,scene-0015,1.2909248635520887,3.6571559714264987,0.0,1.8353241076748974,2.485535400524,2.362132317597294,1.8353241076748974,2.485535400524,2.362132317597294,0.0,0.0
f405bf5322cb40d3811fcbe802c0eb8d,scene-0015,1.288690476794794,3.374782686735678,0.0,2.2612773131201553,10.060098537820085,2.957489230744156,2.0395150129306914,2.787649096033728,2.8096937701031095,0.22176230018946397,0.14779546064104654
061805d66b424aa18267bdd7a955b761,scene-0015,1.0961474545516412,1.8464936478509617,0.0,2.3120421245006137,6.664643202236074,2.2677444654346433,2.226552341461276,3.192483440749416,2.205293038732609,0.08548978303933774,0.06245142670203441
1efe6efdec394a219cfda8e18e297242,scene-0015,1.2443555433649287,1.1277536872732568,0.0,2.2454877169314256,2.267729574293897,1.8886336532918255,1.9638355744378648,1.1277536872732568,1.5886336532918255,0.28165214249356074,0.30000000000000004
5e0d10b1807d4f2e882b6162e02b9f93,scene-0015,1.3787052237693131,1.9524911536067544,0.0,2.9187883945158353,4.228746261848795,2.0480351842023956,2.06705703126522,4.228746261848795,1.1250000000000009,0.8517313632506154,0.9230351842023947
ce4988f5118c4e41a1954abd638c5834,scene-0015,1.1208169096285623,2.8038456310374533,0.0,2.719892099382154,6.25707139263502,2.64250091040254,3.027969737281196,6.25707139263502,2.94783099629245,-0.30807763789904197,-0.30533008588990995
dca60e243d2d423daf320e3f6593ed96,scene-0015,0.8122295538623068,1.3057008864123527,0.0,3.7814249394451824,8.484934893757588,4.163349642392431,3.3874428523432902,8.484934893757588,3.846509486757411,0.3939820871018922,0.31684015563502
e18b1aef00754af89e937842ce6ba4be,scene-0015,1.6424173239207736,3.3907642276347967,0.0,3.794491920146006,9.508839531809228,2.2749273739219977,4.0300464884694005,9.508839531809228,2.5926324722344822,-0.2355545683233946,-0.3177050983124845
23e4bbcd10fe43e1982867dab19c79e8,scene-0015,2.3151465390117254,4.4096661008761835,0.0,4.884078082811914,10.528182144276487,2.669270321647103,4.810440518623058,10.528182144276487,2.5954895953941954,0.07363756418885625,0.07378072625290777
9ec1f5b804234e15a1ceb2484201b689,scene-0015,2.6372106178974453,9.182930714225218,0.0,5.728753467482333,9.182930714225218,3.194095301013679,5.566892510914011,9.182930714225218,3.029415934850153,0.16186095656832222,0.16467936616352574
18ad5b3aea22454398cc279f33b9a799,scene-0015,3.911428875933007,7.7471182752379795,0.0,6.02441046509781,8.925813974541704,2.193378014284995,6.406783316115319,15.043779590821847,2.5745852040573616,-0.38237285101750906,-0.38120718977236656
c99f5e4f006448babe8d48a5eb69c449,scene-0015,4.097776038813826,7.372000555872755,0.0,5.156278157855377,8.555534881461096,1.0769380202338086,5.5764178576957315,7.372000555872755,1.5343644837532677,-0.4201396998403544,-0.45742646351945915
54f30ff0370b482b823ffedbb19efc2a,scene-0015,3.547464515906571,6.773708871793119,0.0,5.334975178564655,7.958937922482493,1.8195972880320879,6.011737437086982,7.958937922482493,2.498708100174906,-0.6767622585223272,-0.679110812142818
acf618ad1ec44392941f65d04719adc7,scene-0015,3.7019954534952095,7.108458200557807,0.0,5.790494817352707,7.108458200557807,2.111537275662278,5.642757963406377,12.040527550676977,1.9654401116936921,0.14773685394632974,0.14609716396858596
20354d14175b447a93ffcd4eabd54732,scene-0015,4.116971717931808,5.91783410775975,0.0,5.663067047641317,8.294339045974779,1.575,6.194184441794542,8.294339045974779,2.105330085889911,-0.5311173941532248,-0.5303300858899112
d13f68b9973440a9b8c6c5b92f191513,scene-0015,4.935847389202348,8.156981222336844,0.0,5.8460778112496445,8.156981222336844,0.9214037464339532,5.3900366296758495,9.34851670574487,0.7592329219213245,0.45604118157379503,0.16217082451262865
07ccc9049a724e91b13610e0f849a705,scene-0015,4.636935202018834,10.19637875887698,0.0,5.639783108885728,7.81838916468189,1.7685974056745917,5.565618542867624,7.81838916468189,1.6965353082658954,0.07416456601810406,0.07206209740869629
985f2f38301745b7ae7ef88ad9de59ca,scene-0015,3.7839222239333097,2.3887258728962184,0.0,5.976189661431578,12.062452478682866,2.210130978844245,5.763116272042228,8.49806924436518,2.002155313383489,0.21307338938934972,0.20797566546075608
2945e6bfeea7425c8adf44f3225122d3,scene-0015,3.909347765486426,5.297042120894685,0.0,4.21403001598177,4.1031035966175,0.46770509831248425,4.808803958330898,5.297042120894685,0.9177050983124844,-0.5947739423491285,-0.4500000000000001
b95702eac8684e80ab65303126cc1e58,scene-0015,3.575659072009156,4.562398944852555,0.0,6.1984586590392405,8.139592784916045,2.6556366683552772,6.647549902530441,12.928893461311558,3.105636668355277,-0.44909124349120066,-0.44999999999999973
1e43672fe86540b78402473300ca4c8f,scene-0015,1.1590356138216629,1.3688647316310372,0.0,5.668706665726795,12.170722084858557,4.6034477104319524,6.787559802774739,12.170722084858557,5.728668262865587,-1.1188531370479442,-1.1252205524336345
2c63d07c2c0345539a1839bfcab22579,scene-0015,0.9352346153668176,0.7545263201841076,0.0,5.070077210887471,10.403257526888487,5.329669331122391,4.316608431128595,4.347630169741968,4.575000000000001,0.7534687797588768,0.7546693311223898
d6b547f2d5ef4f969280b550bd9ac3fb,scene-0015,0.6768192323710019,1.6319862502165263,0.0,4.182421630484269,4.031532084340601,4.3500000000000005,4.608436184770394,6.431416855813307,4.8,-0.4260145542861249,-0.4499999999999993
e50376703d6c4e6b870d6a2d7eda3402,scene-0015,1.8879925504805906,5.7107609708098295,0.0,4.303208374044427,9.951717477314626,6.152880360780397,3.6244459857273443,6.2906969224420335,5.4750000000000005,0.6787623883170828,0.6778803607803967
77558d8e009b490382605c12b7fe8d9e,scene-0015,2.357638311967475,5.558328568884276,0.0,3.993752651288969,10.095412068253326,6.302880360780398,3.9907207746961717,7.647422366251206,6.300000000000001,0.0030318765927974667,0.0028803607803968845
45d1cc714d2a4e57af1dc4683beb2bac,scene-0015,1.2315493422568422,2.0241850188387938,0.0,3.376324346789953,6.881331911161123,4.2895630078112355,3.1468765610446643,6.881331911161123,4.059232921921325,0.2294477857452888,0.23033008588991066
c9b7e76f90594a84b5a4ea6750912d02,scene-0015,1.6302196337093005,2.4750024493286906,0.0,3.7454865231578136,5.935087342067681,5.324999999999999,4.270418196345862,8.334233031585388,5.8500000000000005,-0.524931673188048,-0.5250000000000012
9a59cb6d9027481b9d5602bce9c76b4f,scene-0015,1.1373515038587734,2.6539516627275983,0.0,6.219762502251798,13.491847677744307,5.208820869539351,5.846676619541432,9.906989194482405,4.83797055158096,0.3730858827103658,0.3708503179583911
c403e0d3bccd4588b18fb4d6f1bb7eab,scene-0015,1.0084950804099766,3.0040648826912273,0.0,5.811529018478791,12.633278093655598,4.921499645517277,5.960740444621832,13.830010336643209,5.069177741353326,-0.14921142614304106,-0.1476780958360493
fbd3aa2098234fb1869d34d920e16eda,scene-0016,2.3040038345692064,3.1600630614726626,0.0,2.380457781609717,3.1600630614726626,0.3621320343559643,2.380457781609717,3.1600630614726626,0.3621320343559643,0.0,0.0
1ee6726a7f75445b8603980cb2bc20df,scene-0016,2.393491284009891,3.1663461393018757,0.0,2.3395764972849036,3.1663461393018757,0.07499999999999973,2.3395764972849036,3.1663461393018757,0.07499999999999973,0.0,0.0
7d0b70d62a3a48d4818173cab9983b63,scene-0016,2.7306399436820774,3.052068147886329,0.0,2.835735833318169,3.052068147886329,0.10606601717798192,2.835735833318169,3.052068147886329,0.10606601717798192,0.0,0.0
d64e599dc5c64226895649debdd49793,scene-0016,2.530519820763487,3.0242067930012353,0.0,2.6926997039124263,3.0242067930012353,0.18106601717798218,2.6926997039124263,3.0242067930012353,0.18106601717798218,0.0,0.0
581b3ac0f7904012b2569fb92a986640,scene-0016,2.266293375051637,5.9813222049797945,0.0,2.912122094842338,5.9813222049797945,0.7281152949374522,3.0101906777947227,5.9813222049797945,0.8208203932499367,-0.09806858295238463,-0.09270509831248452
9234bbf8c7c14d758c541f475cfa95b3,scene-0016,2.048894204864213,1.5578284717995314,0.0,2.4339833246035454,1.5578284717995314,0.4060660171779822,2.4339833246035454,1.5578284717995314,0.4060660171779822,0.0,0.0
80905606dcda4d78a5eb61e1676e1ef8,scene-0016,1.6878480643185036,1.3622983032324243,0.0,2.1069859596692826,1.3622983032324243,0.5249999999999999,1.8853587509935992,1.3622983032324243,0.2999999999999998,0.22162720867568342,0.2250000000000001
3c7491fa33b74757a8feab372f66b280,scene-0016,0.9914382737820547,0.7017377116146347,0.0,1.4550342915148227,0.7017377116146347,0.679837132668449,1.2792923482854934,0.7017377116146347,0.679837132668449,0.17574194322932923,0.0
b9ee1bc6c5a24dea896c52970bc5fa6f,scene-0016,1.7307294656850463,5.004336237623606,0.0,1.3543317137966215,5.004336237623606,0.9927050983124842,1.3543317137966215,5.004336237623606,0.9927050983124842,0.0,0.0
30b94629946e487abf5866b738790f0c,scene-0016,3.1090803277559407,7.554031015854225,0.0,2.1440848444184835,7.554031015854225,1.2048371326684486,2.1440848444184835,7.554031015854225,1.2048371326684486,0.0,0.0
7ac3bb7fba5c4852a685555407cd10f1,scene-0016,4.318745129904105,11.181619686014086,0.0,3.6840617018408297,11.181619686014086,0.7060660171779821,3.750937342677447,11.181619686014086,0.6310660171779822,-0.06687564083661712,0.07499999999999996
35eff3f6f5b84929a33c2bda269a266f,scene-0016,4.779848445972995,8.684184029670181,0.0,5.527869668104772,8.684184029670181,0.7500000000000002,5.602595037962846,9.879789947399356,0.8250000000000004,-0.07472536985807388,-0.07500000000000018
50488284203440c0b64f5e78e87aa28f,scene-0016,4.782444051775991,10.829882041986949,0.0,4.632462803512368,10.829882041986949,0.30000000000000004,4.557476705234498,10.829882041986949,0.3749999999999998,0.07498609827787028,-0.07499999999999973
410dea74acf640189bdf89c5b0f64265,scene-0016,5.38060603910886,11.52439618425114,0.0,4.923905916204992,10.324396190158886,0.7060660171779826,4.699214780198827,10.324396190158886,0.9310660171779824,0.22469113600616542,-0.22499999999999987
1fe2834ee41a4f81b8323b27d92139d1,scene-0016,4.7836255353677934,8.404978498713454,0.0,3.8176674455440147,7.20607202216576,1.0304076662032395,4.260889666077869,7.20607202216576,0.5371708245126282,-0.4432222205338543,0.4932368416906113
4d53a5c439ef43028f3d4b874adac519,scene-0016,3.801427058811278,6.309727376093964,0.0,2.758786850017753,6.309727376093964,1.0500000000000003,4.173213562562673,6.309727376093964,0.6964037464339532,-1.4144267125449206,0.35359625356604707
ac25dbfbcd3843c7b6023e59aedc5175,scene-0016,4.023814049199346,6.427436697540118,0.0,2.3989456759052876,1.7458577150047576,1.655330085889911,2.1926844148492344,1.7458577150047576,1.875,0.20626126105605325,-0.21966991411008907
842b501588f84b8bb815fce938556b32,scene-0016,3.6524662416476303,6.375561122510594,0.0,2.2720702752761524,2.2584496614825227,1.6499999999999997,3.9490831900941954,9.921388962744329,0.6121708245126286,-1.677012914818043,1.0378291754873712
3414bbcff961455ea6549ba1a2bb3b81,scene-0016,3.293248855221012,2.7540973063670857,0.0,2.77590760802296,1.4763542868372241,1.0371320343559645,2.604460644166516,2.477460793373739,1.412132034355964,0.17144696385644398,-0.37499999999999956
48de6a86245f44bdbf4921d2695cd6a8,scene-0016,10.799291915931178,21.470897566749294,0.0,1.8747704369055875,3.47094250810851,8.925,1.4997909187510123,2.2709708348585553,9.299999999999999,0.3749795181545752,-0.3749999999999982
381fe530586b4c189e10cbefbfb0e773,scene-0016,16.04349892556777,29.487632993676527,0.0,15.744030094658235,29.487632993676527,0.2999999999999998,15.744030094658235,29.487632993676527,0.2999999999999998,0.0,0.0
f54c35623097453e8adccb553b2cd2ba,scene-0016,2.1888655042046077,1.3702087548232043,0.0,1.4071210376380585,4.609470130658798,3.4592329219213243,1.1776433103386834,4.609470130658798,3.1592329219213235,0.2294777272993751,0.3000000000000007
a13c1966d657438094f1116fd27d2c1e,scene-0016,0.9009832710826751,0.48674577165586164,0.0,2.319847811003941,5.266871033111403,3.0,2.319847811003941,5.266871033111403,3.0,0.0,0.0
c94c07c0adac438d9fc5fa2e2c2b4811,scene-0016,0.6772892419661243,1.2484836955813128,0.0,1.316437366499846,4.846229675522765,1.275,1.316437366499846,4.846229675522765,1.275,0.0,0.0
49ae81f8e34c4e06bc213d925cc1ca84,scene-0016,0.959078648907923,1.0256424996363183,0.0,1.737386070340965,7.025318576861562,2.4000000000000004,1.737386070340965,7.025318576861562,2.4000000000000004,0.0,0.0
52c853ea6b55497b9cd9ddaa03f92133,scene-0016,0.7694918848587605,1.9867206244191802,0.0,1.6295696569027256,6.785118388397553,1.7999999999999996,1.7092858173454584,8.060576955481276,1.8824264635194587,-0.07971616044273278,-0.08242646351945915
32e69a777d58481ab972dbea3ff75974,scene-0016,1.1157372333240128,3.137172357475189,0.0,1.515287686385935,3.137172357475189,0.6000000000000001,2.3367861744195086,9.16805368550386,1.5074264635194592,-0.8214984880335736,-0.9074264635194591
d34984a371044f33998cde724c33a102,scene-0016,0.8809694509785028,0.8830675641291515,0.0,1.9379996743570806,4.306470355626659,1.2750000000000001,1.0604077144774195,0.8830675641291515,0.3749999999999998,0.8775919598796611,0.9000000000000004
53634328fddd46e883f7e1d6ccb7b059,scene-0016,1.2590693214452493,2.036760195666111,0.0,1.0843422504899904,1.0642459253254115,0.2250000000000001,0.6062938005881728,0.998422097358435,1.0500000000000003,0.4780484499018176,-0.8250000000000002
856952a195714be0bdd50295c561706d,scene-0016,2.6583367726480467,6.607330106108775,0.0,3.183765610009902,6.607330106108775,0.6000000000000001,3.6303550542746548,8.983226535196241,1.0500000000000003,-0.4465894442647529,-0.4500000000000002
921505c43d8140678c34d83bba358a6f,scene-0016,2.580681052277046,4.007161010813294,0.0,3.7804868889302634,5.1597690890319035,1.2749999999999997,3.9286115485940165,7.5096586089663795,1.4249999999999996,-0.1481246596637531,-0.1499999999999999
b7054aad1b4d4bc59ecde0d0d0acd369,scene-0016,3.7754680654287727,9.411284395994407,0.0,3.4330627042707613,4.7196272526718435,0.44999999999999996,3.508681654127405,4.7196272526718435,0.5250000000000006,-0.07561894985664352,-0.07500000000000062
134c7f63827c4b858a2a4ce0582d8f6e,scene-0017,2.7193122553559737,2.9125045173240194,0.0,3.2442284307296996,4.111921228146244,0.5250000000000004,3.2442284307296996,4.111921228146244,0.5250000000000004,0.0,0.0
ead426cf94b849149ff45a314c4efe2b,scene-0017,3.951590970064396,6.144042541237523,0.0,2.827139369828129,2.5448579932026982,1.1249999999999998,2.827139369828129,2.5448579932026982,1.1249999999999998,0.0,0.0
d2776ad57f7e47caa2001aea3f60b204,scene-0017,2.630929241958197,2.3042801340068375,0.0,2.035154320930368,2.3042801340068375,0.5999999999999999,2.271596700934701,2.540750381754335,0.6750000000000005,-0.23644238000433315,-0.07500000000000062
42c7b34a5f9e440baf4d8ce1cf75922c,scene-0017,2.6571141620745173,1.0512280146968616,0.0,1.2677856125040268,5.17135858373588,3.1499999999999995,1.333152445688322,5.17135858373588,3.2249999999999996,-0.06536683318429515,-0.07500000000000018
4b4c3bc538e64867a9712470e04d61cf,scene-0017,2.7753150380371583,1.1286905142385206,0.0,1.1457991937209138,1.9123876643321633,2.625,1.6035418106536674,1.1286905142385206,1.2000000000000002,-0.45774261693275364,1.4249999999999998
0966ed2dfcd744ef831f394b7933f747,scene-0017,1.4601500413512003,2.9642098139588775,0.0,1.5808047008429316,2.9642098139588775,1.5749999999999997,1.43200402072131,2.9642098139588775,0.8999999999999999,0.1488006801216215,0.6749999999999998
5c561271e7f64c42bad8343eb42043e4,scene-0017,4.53715267834316,19.286033929231074,0.0,2.3252553787967063,2.7952205708610194,3.0749999999999997,3.5018960675529778,1.9242918575532844,2.8499999999999996,-1.1766406887562715,0.2250000000000001
ddff867e8f5944869c55dfeca2151ba8,scene-0017,9.675436314743457,17.15627244756054,0.0,11.320235324521809,23.13152831532408,1.6499999999999995,2.448576507715778,2.323768003666942,8.25,8.87165881680603,-6.6000000000000005
40847c1f1fd34cf2bdf278782dba841a,scene-0017,2.03286954153305,2.2031416610388423,0.0,1.6404812938978162,2.2031416610388423,0.44999999999999973,1.7475615407765068,2.2031416610388423,0.4500000000000002,-0.10708024687869067,-4.440892098500626e-16
3adeaa8b4f5f4b32a361534424ec6c71,scene-0017,1.39051498609254,3.8279114459948897,0.0,2.1130693577289676,6.607559311254451,1.8803300858899104,2.2558062300989183,6.607559311254451,2.0303300858899105,-0.1427368723699507,-0.15000000000000013
6413a3e27b664997a08f7a0b82667d06,scene-0017,1.7323200602128686,4.917124273719631,0.0,4.67976808273744,7.6000614545949805,3.4081452100061758,4.67976808273744,7.6000614545949805,3.4081452100061758,0.0,0.0
6609fa8733f14987ab840f3467c609e3,scene-0017,2.899673084400744,1.7912235426975727,0.0,6.274580752243935,7.244657130928212,3.4954895953941945,6.274580752243935,7.244657130928212,3.4954895953941945,0.0,0.0
ef03db0d15d241bf98a72fcdb87989e2,scene-0017,9.266750370943306,23.274880626755785,0.0,11.027264946084362,23.274880626755785,1.8093022758808945,11.027264946084362,23.274880626755785,1.8093022758808945,0.0,0.0
fbac9771eca241c4b18c195395d64e22,scene-0017,4.411401954377279,9.392333785454875,0.0,9.16292717568206,17.055067154138992,13.493990125876705,9.16292717568206,17.055067154138992,13.493990125876705,0.0,0.0
ef661945febb4f4b9f11bea17dd55c63,scene-0017,2.760941323100333,4.612713913735662,0.0,5.497498701790677,15.848901190105353,8.12412742398624,5.497498701790677,15.848901190105353,8.12412742398624,0.0,0.0
f274b48b3f8245669f97556d66ce468b,scene-0017,2.6216785383769365,0.9418165479726384,0.0,8.594812820599197,23.892971347956927,7.8907120031790985,8.594812820599197,23.892971347956927,7.8907120031790985,0.0,0.0
dd8165825b8e4514aafd5b92fd9a3d6e,scene-0017,3.6341465154945016,10.179438854690872,0.0,1.644081484674804,0.6873122754828837,4.09344768602376,1.644081484674804,0.6873122754828837,4.09344768602376,0.0,0.0
603304c79ec14a318fdb1c896b8aa43f,scene-0017,1.4903284708613842,3.719786358824133,0.0,1.5857949028918217,4.902585801655975,0.9177050983124847,1.5857949028918217,4.902585801655975,0.9177050983124847,0.0,0.0
04f790baf5a44f359a8b797be0550994,scene-0017,1.702543853288515,2.98672057216049,0.0,2.2614892584070216,2.046527995808775,3.9221006492430206,2.179529778709252,2.046527995808775,3.83233345352184,0.08195947969776984,0.08976719572118075
b4bff2b0e4774147ac53fb96ff9317b5,scene-0017,1.2115490315513409,1.5988166079429158,0.0,0.9107871951756692,2.163348104089328,1.9500000000000002,0.6655501446829905,2.163348104089328,1.5,0.24523705049267874,0.4500000000000002
3425c66163af46cca4c96006d425e0eb,scene-0017,2.0113283339116195,1.135752270238347,0.0,0.9783173347918547,3.6643603778991465,1.8750000000000002,1.0645654013921522,3.6643603778991465,1.6500000000000004,-0.08624806660029749,0.22499999999999987
cdc90732e957479da6c8a80c9fad6f78,scene-0017,3.1419832021620104,4.167561719150213,0.0,2.318707925186808,2.9731574711833884,0.825,2.543028794546392,2.9731574711833884,0.6000000000000001,-0.22432086935958395,0.22499999999999987
8b66733250b94940b0e7477c8b182512,scene-0017,2.4744572274820915,2.2882675692570835,0.0,2.924616282828155,1.1579221225339613,0.6000000000000001,2.849800350570856,1.1579221225339613,0.5249999999999999,0.07481593225729899,0.07500000000000018
3d9f13edf73c4e25a484253ebf80f222,scene-0017,1.9018093907653584,3.829288084789002,0.0,2.346983307282616,3.829288084789002,0.44999999999999996,2.1988333368975033,3.829288084789002,0.30000000000000004,0.1481499703851128,0.1499999999999999
2a271f85c90a45a9a6f33d9cc281943e,scene-0017,1.8386270779462,3.037507718549287,0.0,1.3246236187208342,3.037507718549287,0.5250000000000001,1.3246236187208342,3.037507718549287,0.5250000000000001,0.0,0.0
9a476217cc324813a5760c9852643324,scene-0017,1.0877736466100822,1.2802459779956454,0.0,0.5792533616520034,1.2802459779956454,0.675,0.5167752673641505,1.2802459779956454,0.9000000000000001,0.06247809428785289,-0.2250000000000001
657b2fe881834950a629c05285b2055a,scene-0017,1.072249710577862,1.7659769647963397,0.0,0.859372754979112,1.7659769647963397,0.30000000000000004,0.952701441074065,1.7659769647963397,0.15000000000000013,-0.09332868609495293,0.1499999999999999
a7eee1088f4a43f4b1c49324e4a6803e,scene-0017,0.676782308731736,0.9577379090989246,0.0,0.6967904155314524,1.2778676178943869,0.07499999999999996,0.7479160684132775,1.2778676178943869,0.2999999999999998,-0.051125652881825134,-0.22499999999999987
93d25b8eaa46429a997327e6e333f627,scene-0017,1.1466780872777433,2.036585193910036,0.0,1.3131049160193595,2.036585193910036,0.2371708245126284,1.382769163349576,2.036585193910036,0.31217082451262834,-0.06966424733021648,-0.07499999999999996
ce130b56a60242dfb4369eb62bac9478,scene-0017,1.1518309378912344,2.48823601279404,0.0,4.570049907598273,10.470698043661047,3.824151045633845,2.9170286617004866,7.794492788681415,2.046516709324986,1.6530212458977864,1.777634336308859
789b705cdbcd4e5bb43812186d612d7d,scene-0017,1.2437542998455156,4.0500860107061065,0.0,5.319980013725069,12.452709187293221,4.451571722785943,4.420281922217482,12.452709187293221,3.531080247771433,0.8996980915075872,0.9204914750145097
f0e4797551024f9487a016ee9d9e29e1,scene-0018,1.5373512753721519,3.813184281516204,0.0,2.733545174023255,3.813184281516204,1.4279498971841724,2.400865208487528,3.813184281516204,1.092539700559204,0.33267996553572665,0.3354101966249685
6cc2a560dacc42149e0780bfb6efe682,scene-0018,1.5988083491298246,2.4389663813321496,0.0,4.419235572952635,14.082178479048643,3.363141929984624,4.419235572952635,14.082178479048643,3.363141929984624,0.0,0.0
b78605983b3543a1a70df4b3805e4dfc,scene-0018,1.5816069774929928,2.82201454175282,0.0,4.076564875840952,14.450894807039901,3.682081039697863,4.338147534500417,14.450894807039901,3.9971897668017946,-0.2615826586594645,-0.3151087271039317
f6486e3c8a90429dbf1d3d66a91239d3,scene-0018,1.4790051719982427,4.857808936078715,0.0,4.167796033846945,11.504042484317386,3.760363027990146,4.167796033846945,11.504042484317386,3.760363027990146,0.0,0.0
248f5231a8c94b5da0b58e515ad68298,scene-0018,2.7830772496326333,4.186497364895862,0.0,6.48847073873723,11.856380422478642,3.9199866740401355,6.48847073873723,11.856380422478642,3.9199866740401355,0.0,0.0
06cc9133c0684cf2b676cf5f7c49e88b,scene-0018,2.79823292181041,4.265593742886635,0.0,6.796652612802936,11.929876056987803,4.213980290635037,6.796652612802936,11.929876056987803,4.213980290635037,0.0,0.0
2ff5689a089844f0a2097b1883916003,scene-0018,3.7555283485175774,8.768291719347069,0.0,6.9530721696204,11.604913311989579,6.272351296444129,6.849501808472916,11.604913311989579,6.167116978636666,0.10357036114748386,0.10523431780746328
e22c0bbea22343e7beffd77c44679a83,scene-0018,4.426912757611907,9.35147396779569,0.0,6.9298987414267215,10.926426306256262,11.189298638908957,6.7234194066538,10.926426306256262,10.993046196299002,0.20647933477292124,0.19625244260995522
b16c13a33031451e97116a3149783fa9,scene-0018,4.714092562715495,10.259505925615926,0.0,6.302573552340389,8.9430197099169,10.844157784484462,6.302573552340389,8.9430197099169,10.844157784484462,0.0,0.0
1cc4743fc70047ad8eac0777e43cfe57,scene-0018,4.144530171632572,11.519413594173859,0.0,5.56839596359675,8.528806384818392,7.379918752855556,5.553032106030475,8.528806384818392,7.391711017798799,0.015363857566274675,-0.011792264943243147
72f030bd5dd142d497c090dc04bb5697,scene-0018,5.97321139590723,12.950132142791341,0.0,4.353082828445656,7.008232145837268,10.235388014954866,4.332648341302301,7.008232145837268,10.220586963031195,0.02043448714335483,0.014801051923670983
e8dd2a90a84142b2aa1c42126d3f135b,scene-0018,5.85427370236741,14.336877452356916,0.0,3.660133084227348,5.579075010437096,9.221828715657105,3.660133084227348,5.579075010437096,9.221828715657105,0.0,0.0
82a88b409fe4435ea678f8f89ba34b74,scene-0018,7.557763801003762,15.495143318438295,0.0,3.0859691656513886,4.424616615115305,10.591922171112218,3.420959092677017,4.424616615115305,10.92665410287139,-0.33498992702562846,-0.3347319317591726
4d53bb70174b4e8db3913f50a7bc1590,scene-0018,2.0851600884043333,3.0281389184416745,0.0,2.628671813775836,5.71141890668748,3.373554446424202,2.5583584785647266,5.71141890668748,3.3040887202240574,0.07031333521110916,0.06946572620014457
b66b4277cf6145bbabb891ea7193dfa6,scene-0018,1.1697574115376712,0.7102062653143831,0.0,1.4060831737016473,3.117347761459846,1.4451620422751938,2.0249951068119176,3.117347761459846,2.566096150148022,-0.6189119331102704,-1.120934107872828
6611e3ee45484c5d80bd4703d458e518,scene-0018,2.615259940711538,2.688466974977662,0.0,0.951974381155849,1.1209634650215876,3.048963084952084,0.930606414031524,1.1209634650215876,2.5746214359268276,0.021367967124324982,0.47434164902525655
6d0cc921b3564b00ac7925cf529310ae,scene-0018,0.971566101188037,1.5486550034301643,0.0,0.8042570611460099,1.5486550034301643,0.9475810211375967,0.8034980099154326,1.5486550034301643,0.5548759228251126,0.0007590512305772901,0.3927050983124841
80406b20df8c43ad98e4a7d6b8de00ae,scene-0018,2.2477374332965296,7.618050980007313,0.0,0.8805433889270733,0.41930764130043224,2.0249999999999995,1.544145687917485,1.6183219304913259,1.9500000000000006,-0.6636022989904118,0.07499999999999885
1232e4600cb4400db443ae7e6a710c1c,scene-0018,3.7791699504482206,8.485990675159995,0.0,4.293991374229072,7.29770233914737,1.2749999999999997,4.144241819612248,7.29770233914737,1.1249999999999998,0.1497495546168235,0.1499999999999999
81f15cced544486daa6aa4d6b6bf17d9,scene-0018,4.187475592521851,9.761576346169667,0.0,7.701370033183009,15.72207413389434,3.5250000000000004,8.300495503362516,18.113578111336743,4.125,-0.5991254701795068,-0.5999999999999996
dbffcc96729b420380ace0e08ad587d5,scene-0018,5.135509954129612,10.99567291625833,0.0,8.715790811780117,19.313585989275165,3.6000000000000005,9.090487965929658,19.313585989275165,3.975,-0.3746971541495405,-0.37499999999999956
73ac66237c854ee69fc29e9b24860e41,scene-0018,5.283045451312082,12.605998604462641,0.0,11.0094868048072,20.8806105721963,5.7749999999999995,11.0094868048072,20.8806105721963,5.7749999999999995,0.0,0.0
9fbcde13d96b43a8aee0f76aee3bfc65,scene-0018,8.267035037209537,22.663939261398625,0.0,13.695218755029995,29.789517976088277,5.475,13.695218755029995,29.789517976088277,5.475,0.0,0.0
b1c6966bd3a547ed82273d837490e63a,scene-0018,8.479155727770994,19.57808819016885,0.0,14.852424530707083,30.19136859015874,6.449999999999999,15.01348309599354,31.572829354975706,6.603740671584066,-0.16105856528645646,-0.15374067158406657
b173607014c44dfd86cfee252561315f,scene-0018,5.939580674119388,14.425929295499976,0.0,11.139049500640096,21.52993341928596,5.369403267887729,10.762116134250718,21.52993341928596,4.989733936765338,0.3769333663893786,0.37966933112239065
3c23cd7c54034c298278d81d0b3d3954,scene-0018,0.9966654663666363,2.027220798938884,0.0,1.018232843160086,2.027220798938884,0.4371320343559645,1.1102366090649323,2.027220798938884,0.3310660171779821,-0.09200376590484627,0.10606601717798236
07794b6977294d6185f1b4567cd10e4b,scene-0018,4.085340926509443,13.28136119159237,0.0,7.393476704712047,25.65605927279407,4.764173955387135,6.8882731701520274,25.65605927279407,3.787998418886451,0.5052035345600192,0.9761755365006843
f8b5e98950ed483e92ece29c264c072e,scene-0018,0.8134678089693381,2.2815280672736176,0.0,1.0695820707886898,2.2815280672736176,0.5742640687119284,1.0695820707886898,2.2815280672736176,0.5742640687119284,0.0,0.0
56b2752879d247359f620173a94838c3,scene-0018,1.2511252915304467,2.888491317822075,0.0,2.332823944169216,2.888491317822075,1.5054946585868332,2.332823944169216,2.888491317822075,1.5054946585868332,0.0,0.0
bb99cbc063344aa497ce11315ff5bf8d,scene-0018,1.1325999436770133,0.7638747482344341,0.0,1.0227388665439827,0.7638747482344341,1.5187974169951612,1.0227388665439827,0.7638747482344341,1.5187974169951612,0.0,0.0
cf5c4b437daf4bb3ad68d0f88ea7bff2,scene-0018,2.1469411734032655,5.44266579390069,0.0,1.6833263425943286,7.694352222199571,1.4572164963178311,1.5573027193217033,4.037009245784311,0.7863961030678941,0.12602362327262528,0.670820393249937
b7d39e03124a49c69083bb6b8b23ce38,scene-0019,1.2525787506163701,1.6861200823913716,0.0,1.6592445030649434,1.6861200823913716,0.44999999999999973,1.6592445030649434,1.6861200823913716,0.44999999999999973,0.0,0.0
d8a9c9c7ef7e4f9cbc03f48f94b57370,scene-0019,4.653025953323436,8.213920030844195,0.0,8.225070738485663,16.50097487569443,3.5999999999999996,8.225070738485663,16.50097487569443,3.5999999999999996,0.0,0.0
41eadff98d2649a19ba268504820c389,scene-0019,1.913574347779547,5.970275686857673,0.0,8.959802556393626,16.466229438419877,7.424999999999999,9.034688357351722,16.466229438419877,7.5,-0.07488580095809638,-0.07500000000000107
eea47cb542c6477a868e0de45c9b02c4,scene-0019,1.1875024016074551,5.418044710058697,0.0,4.17461376128233,7.530210986336949,4.136537275662277,3.981728158768555,4.444041346116543,4.368963739181736,0.1928856025137753,-0.2324264635194595
7db6aa626fe641afbd555caa132c0cb0,scene-0019,0.8444616857143166,1.2052136481359668,0.0,4.138393493710076,8.311335968756248,3.6083705154155385,4.138393493710076,8.311335968756248,3.6083705154155385,0.0,0.0
56bce8e241bd457dac12a934134b477b,scene-0019,0.7693862607716966,0.8719192431630465,0.0,3.229460691458029,0.8719192431630465,3.0140141072933044,3.1611492812497346,0.8719192431630465,2.9390141072933043,0.06831141020829445,0.07500000000000018
40599f85823f42b7b2af58331bc466f3,scene-0019,0.7039090339419203,2.2512749862026578,0.0,1.613644189734591,10.527179389273567,1.2189455105186633,1.613644189734591,10.527179389273567,1.2189455105186633,0.0,0.0
e2b98ffff9d249508e1986ea6191bcaa,scene-0019,0.7629649581570747,0.9092418032130819,0.0,1.380306619491427,0.9089201635013664,1.1767358411660291,1.380306619491427,0.9089201635013664,1.1767358411660291,0.0,0.0
7169eced1ce64fa7bd22e4a6fa193b8d,scene-0019,2.528350688438057,13.122216105295744,0.0,2.9892344780188562,11.226840496223005,0.8897389938235939,2.156281595343253,11.226840496223005,1.7324466833577525,0.8329528826756034,-0.8427076895341586
7d2e7f5c87fa49ec80b5e393c6ef7230,scene-0019,1.1510971462586166,4.037651531954712,0.0,1.6569409639611572,4.037651531954712,0.6941874611502654,1.6569409639611572,4.037651531954712,0.6941874611502654,0.0,0.0
2bb61f7343cf45ec857b602f72f2d319,scene-0019,1.5512059333449195,4.040929733462484,0.0,1.500492405144965,4.040929733462484,0.1810660171779821,1.4500412794317143,4.040929733462484,0.10606601717798192,0.05045112571325072,0.07500000000000018
c64c6c970ae94cf8bdf7e98f804eb889,scene-0019,1.3227579030798222,2.09855406064793,0.0,1.4780297366462833,2.09855406064793,0.37983713266844865,1.4780297366462833,2.09855406064793,0.37983713266844865,0.0,0.0
3082b36a962f4174aff23dd948f5ff85,scene-0019,1.0766807477622482,4.920716200649718,0.0,1.2440933860480172,4.920716200649718,0.16770509831248423,1.2440933860480172,4.920716200649718,0.16770509831248423,0.0,0.0
eded358c306b4bf9b91fb67db86310af,scene-0019,1.2926020314715143,2.143344990373876,0.0,1.6545852264208056,4.801822473534488,0.8463521366280635,1.6545852264208056,4.801822473534488,0.8463521366280635,0.0,0.0
4117c48b1ffa4667801d85643eb8291f,scene-0019,1.2557146322287283,5.101233498952987,0.0,1.2362361345774384,1.3966670461033976,1.1792175718503697,1.0822218065628733,1.3966670461033976,0.6993416490252569,0.15401432801456516,0.4798759228251128
0a597f318c934343bc353de70102be6e,scene-0019,1.2920955470745326,1.9487922207152624,0.0,1.268287837625601,1.9487922207152624,0.9092329219213244,1.268287837625601,1.9487922207152624,0.9092329219213244,0.0,0.0
b0691648cfba45c495b190ad8273a9bb,scene-0019,4.221502746544868,9.753949932045279,0.0,5.192997548799943,10.952167534080669,0.9749999999999999,5.192997548799943,10.952167534080669,0.9749999999999999,0.0,0.0
2798769c09e8461f9e9f9e93d1733001,scene-0019,6.48276056145139,11.344019231613858,0.0,7.306495699735764,12.543524518375778,0.8250000000000002,7.306495699735764,12.543524518375778,0.8250000000000002,0.0,0.0
48923c4573b44b329080f08f65f02695,scene-0019,5.52895913425279,10.224389370328172,0.0,6.278801209412066,10.224389370328172,0.75,6.128824717581953,10.224389370328172,0.6000000000000003,0.1499764918301132,0.1499999999999997
2129f7f0aa3e45a5b58df9ddd62ecab2,scene-0019,4.354610856944614,8.85448383915457,0.0,6.754301533612125,10.054477368882239,2.4000000000000004,6.529321700594374,10.054477368882239,2.1750000000000003,0.22497983301775104,0.2250000000000001
49478b7a2bf74eb98ec3a7a86047dfa8,scene-0019,1.1285056671818279,1.1628634884806262,0.0,5.175679379419357,8.362680762314923,4.049999999999999,4.125800882999975,8.362680762314923,2.9999999999999996,1.0498784964193817,1.0499999999999994
ae83482d78ee463590e10a0ad75c8a53,scene-0019,1.6560890761062548,0.508514146082963,0.0,5.105729905832597,6.507470909668702,3.4499999999999997,4.580896303442849,6.507470909668702,2.9249999999999994,0.524833602389748,0.5250000000000004
52b2a002307241b8b3c5bb025390fc19,scene-0019,1.4129096246548398,0.25201217030808803,0.0,3.884201252458552,4.54830096059221,2.5500000000000003,2.0094772905091194,3.3483068489295964,0.6749999999999998,1.8747239619494325,1.8750000000000004
d1df3366846f4aae8b1847cd810fccd1,scene-0019,1.8991689728454593,1.3714252210424034,0.0,1.9001583944308535,0.18708558224788033,0.30000000000000027,1.6763542502733282,0.18708558224788033,0.2250000000000001,0.22380414415752536,0.07500000000000018
d2524d69f0df43ef83a43b458c2af1e0,scene-0019,1.4332699680200247,1.936077594711528,0.0,1.060106834997792,1.936077594711528,0.375,1.2841859758016352,1.936077594711528,0.1499999999999999,-0.22407914080384317,0.2250000000000001
de1465b03ce54dff8f8b4e718f64a985,scene-0019,1.2459888578468128,2.772500186954825,0.0,1.3011174094128486,3.97091704174076,1.6500000000000004,1.0897843494373305,3.97091704174076,1.3500000000000003,0.2113330599755181,0.30000000000000004
40361ae68e894233bd2d6fc5faf9d915,scene-0019,1.3889934958106207,2.3746834319919707,0.0,3.794980099180206,8.366144637877362,2.775,2.5220866294313504,4.768691988591842,1.5000000000000007,1.2728934697488556,1.2749999999999992
50ada898780b4bb98e8e517287065c38,scene-0019,2.8926737591169047,5.167576025643393,0.0,3.823008294634909,9.248643029602102,6.675,3.67340252210976,9.248643029602102,6.525,0.14960577252514895,0.14999999999999947
3a69e1fd93f142b8b01e68242d284969,scene-0019,2.946864004478653,4.53945095850215,0.0,3.0966791892370136,4.53945095850215,0.1499999999999999,3.2464710831700105,4.53945095850215,0.2999999999999998,-0.14979189393299697,-0.1499999999999999
58c815975f4e401281f587f76450ede4,scene-0019,0.7967388944535674,1.7383919468973037,0.0,0.4880765132412593,0.8312667224012869,0.825,0.5587527666989227,0.8312667224012869,0.8999999999999999,-0.07067625345766343,-0.07499999999999996
ca004dced6b14fad85ae59eed00026b1,scene-0019,1.7614848744304814,1.5664340957504594,0.0,0.6373048151616669,1.192581113332103,1.7249999999999994,0.9864823159940286,0.7056789242304173,0.8249999999999997,-0.34917750083236165,0.8999999999999997
517a07a7eea34fb6b8fbee028840ec87,scene-0020,0.9829477518970904,1.0512044921055068,0.0,2.8836718480997803,1.0512044921055068,3.0749999999999993,2.8836718480997803,1.0512044921055068,3.0749999999999993,0.0,0.0
9a243822c8dd451f863c6f3e02c520f3,scene-0020,0.5007652028955489,0.5125853808337234,0.0,2.8139451139032614,0.5125853808337234,2.924999999999999,1.7418583220769976,0.5125853808337234,1.7249999999999992,1.0720867918262638,1.1999999999999997
d17367e65c5848a1b1bd13545b4588d0,scene-0020,0.25971127227280244,0.25608183454799155,0.0,1.118595628190727,0.25608183454799155,1.0499999999999994,0.8048417666030903,0.25608183454799155,0.6749999999999996,0.31375386158763674,0.3749999999999998
4687c93cca6e4135ac78d549c286f393,scene-0020,0.21311087684135166,0.3081970254811051,0.0,4.421174246325055,0.3081970254811051,4.499999999999998,5.072135597936008,0.3081970254811051,5.174999999999999,-0.6509613516109525,-0.6750000000000007
4520d73845374d60896106f41c1ef427,scene-0020,0.2715877072792629,0.660257920686049,0.0,4.310685976109913,0.660257920686049,4.349999999999999,5.027958998198924,0.660257920686049,5.099999999999998,-0.7172730220890111,-0.7499999999999991
fe602e3545924d5e9b12817b78c90ddb,scene-0020,0.3711108919811447,1.1073408053318248,0.0,4.386857316914743,1.1073408053318248,4.349999999999999,4.386857316914743,1.1073408053318248,4.349999999999999,0.0,0.0
bbba31d91e334f4abf6d1f96bf699980,scene-0020,0.542980949072364,1.7488189235552947,0.0,4.466918299041891,1.7488189235552947,4.349999999999999,4.5419144829949065,1.7488189235552947,4.424999999999999,-0.0749961839530151,-0.07500000000000018
00555b2de3954c988621617787d900f1,scene-0020,0.8180737823338273,2.637246842597754,0.0,4.545325939256437,2.637246842597754,4.349999999999999,4.545325939256437,2.637246842597754,4.349999999999999,0.0,0.0
a8904c5f0c604ec2bb7cc3e2c7ab07c5,scene-0020,1.2283465226729369,3.7891038342002483,0.0,6.13229248024029,7.011964326228298,7.349999999999998,6.13229248024029,7.011964326228298,7.349999999999998,0.0,0.0
e56aba7a91ea442dae8e7926a0d8f052,scene-0020,1.8002390009829157,5.125922886766622,0.0,6.457856365995982,8.074225255185377,8.249999999999998,6.38286004214645,8.074225255185377,8.174999999999999,0.0749963238495317,0.07499999999999929
7bee9b03539f4d1ba0e84fd64d1fd480,scene-0020,2.5536235524054813,6.6279933281358225,0.0,4.50224842822584,4.172883068672071,7.049999999999999,4.50224842822584,4.172883068672071,7.049999999999999,0.0,0.0
2bd8c7c927914921a022c2ad3b9d025f,scene-0020,3.379393237173984,8.108751688930514,0.0,4.0508280850872005,2.70554364971745,7.424999999999998,4.0508280850872005,2.70554364971745,7.424999999999998,0.0,0.0
c8d61404b70940e3aa54ceaaf5f97322,scene-0020,4.147941344648252,9.38386448678463,0.0,4.147941344648252,9.38386448678463,0.0,4.147941344648252,9.38386448678463,0.0,0.0,0.0
8e4e202ff5e14e09baad8c32fcadeae4,scene-0020,4.9469366062377595,10.466430036587022,0.0,4.2164656860718805,10.466430036587022,2.7749999999999995,4.578114829859541,10.466430036587022,1.7999999999999992,-0.3616491437876608,0.9750000000000003
247c70b9424341c2a1dc5555adce09d6,scene-0020,5.532831346359671,11.321540220467279,0.0,3.78140830295235,11.321540220467279,3.149999999999999,2.920131393337822,11.321540220467279,4.424999999999999,0.8612769096145283,-1.275
d98a0d70f184407985c6af457a36458f,scene-0020,4.872394572662996,11.899663922373092,0.0,3.6522220807792127,11.899663922373092,1.5749999999999997,5.209850876885189,11.899663922373092,0.3749999999999998,-1.557628796105976,1.2
df9929a0ddf54eb085ab793ae1e7f172,scene-0020,5.083270624425206,12.27979022632818,0.0,5.232258789847775,12.27979022632818,0.44999999999999973,5.232258789847775,12.27979022632818,0.44999999999999973,0.0,0.0
5a3cdaf698374be7a9effa6f07708c8f,scene-0020,3.3685768082450314,7.737671052069571,0.0,3.0847251687622337,7.737671052069571,0.31770509831248417,2.731075761566018,6.654959021629407,0.6927050983124851,0.35364940719621574,-0.3750000000000009
e6ad1352eca14b09aa22fc4c3d433666,scene-0020,6.75845518952846,13.021849656897405,0.0,2.919761415776705,13.021849656897405,3.940601412282061,2.919761415776705,13.021849656897405,3.940601412282061,0.0,0.0
182cbaa9d85740f68f3436acc6073ef7,scene-0020,7.0121753242961296,13.587283368870905,0.0,4.109912128810185,13.587283368870905,2.9887024963944935,5.376381743718731,13.587283368870905,1.7020404147892298,-1.2664696149085461,1.2866620816052636
d70ddfd8201b46b898e8daa5aaf081f0,scene-0020,1.130534104864241,1.5130683291729845,0.0,1.6175714040744205,8.016539081176825,1.3093044269120773,1.6356976107851187,8.016539081176825,1.1138880812522785,-0.0181262067106982,0.19541634565979882
f417088c4bf7432990df0f954ddfcd89,scene-0020,2.67983444268188,3.419400193109015,0.0,2.959767268140319,3.419400193109015,0.724453426469362,2.959767268140319,3.419400193109015,0.724453426469362,0.0,0.0
7749cae99ced4337ab5d5385c6b5516f,scene-0020,2.4735390664617367,2.7873652699586615,0.0,2.3788369336974995,2.7873652699586615,0.3181980515339461,2.219315404491529,1.2832415673381141,3.096658257492968,0.1595215292059704,-2.7784602059590218
bd56288f906041a78b9ffb0d5e20884f,scene-0020,1.6855048458377548,1.2054904088063265,0.0,1.4000337817154103,1.33297650313191,0.7109031498464307,1.2038798362778618,1.33297650313191,1.1041012013803773,0.1961539454375485,-0.3931980515339466
67ab769541f541f48cefbfd4770ec127,scene-0020,1.7255100344692313,2.9853394590290963,0.0,1.7255100344692313,2.9853394590290963,0.0,1.7255100344692313,2.9853394590290963,0.0,0.0,0.0
7836c1a8996b41e29776fb038f627235,scene-0020,1.2942410060197975,1.6816636131170248,0.0,1.6801574065612,1.6816636131170248,0.4854101966249682,1.6132699821749075,1.6816636131170248,0.41041019662496825,0.06688742438629247,0.07499999999999996
3a79189434434908b4ad669e2ab6a03b,scene-0020,2.9150383698269278,9.670811696557214,0.0,2.9018158225392416,9.670811696557214,2.284630640598132,2.9043630248315875,9.670811696557214,2.047459816085504,-0.0025472022923458404,0.23717082451262783
84ac535e89264a9492d14ecfe93d478b,scene-0020,1.042192278534138,0.3425790009766928,0.0,1.2108123817574468,0.3425790009766928,0.7751315618319432,1.2108123817574468,0.3425790009766928,0.7751315618319432,0.0,0.0
24684b9c5ad44496ad6214dae1c19581,scene-0020,1.591908474504717,3.9392832617711746,0.0,2.6214577259114065,3.9392832617711746,2.146900549058147,2.0951578173237486,3.9392832617711746,1.453434705215498,0.5262999085876578,0.6934658438426491
6627628f72fb43d78288abb283deefcd,scene-0020,0.8954740026268865,1.5215691773326256,0.0,1.0467680851294034,2.2732142206442916,0.9675784907158673,0.8400367989800979,2.2732142206442916,1.0304076662032398,0.20673128614930558,-0.06282917548737244
46f7968fb3d94da1a35cee3fd2cdd9c7,scene-0021,0.24465883369066074,0.43974375280347827,0.0,0.24465883369066074,0.43974375280347827,0.0,0.24465883369066074,0.43974375280347827,0.0,0.0,0.0
26372d156431456ea3093a3d32a0b6db,scene-0021,0.30266361310516,0.772151487601543,0.0,0.30266361310516,0.772151487601543,0.0,0.30266361310516,0.772151487601543,0.0,0.0,0.0
74c03d0f0f744bed935325b7d117a52b,scene-0021,0.41627536457774633,1.2585077547389305,0.0,10.475964026578913,19.145228666176223,10.874999999999998,10.700955950133036,19.145228666176223,11.099999999999998,-0.22499192355412312,-0.22499999999999964
63245f8ba976431da6812a29a916660a,scene-0021,0.6056146425759381,1.8934294852366755,0.0,0.6056146425759381,1.8934294852366755,0.0,0.6056146425759381,1.8934294852366755,0.0,0.0,0.0
6c9a72368c0b442bbe75f55c7a324708,scene-0021,0.8763321722927259,2.54536373353338,0.0,0.8763321722927259,2.54536373353338,0.0,0.8763321722927259,2.54536373353338,0.0,0.0,0.0
17ea8c857d884c8ebb31ae19381e4322,scene-0021,1.2232011770700604,3.153747040950382,0.0,1.2232011770700604,3.153747040950382,0.0,1.2232011770700604,3.153747040950382,0.0,0.0,0.0
739b4b73505e4d31866028ea381f415d,scene-0021,1.6461442949521399,3.7531461677724396,0.0,1.6461442949521399,3.7531461677724396,0.0,1.6461442949521399,3.7531461677724396,0.0,0.0,0.0
8eb6ed9e552c40f4b576bbe60f2cb55f,scene-0021,2.1043801124577577,4.3092307551658635,0.0,2.1043801124577577,4.3092307551658635,0.0,2.1043801124577577,4.3092307551658635,0.0,0.0,0.0
a3d4456cd792421cb22e59f1dbcb052a,scene-0021,2.406616308672959,4.617693011878455,0.0,2.406616308672959,4.617693011878455,0.0,2.406616308672959,4.617693011878455,0.0,0.0,0.0
8b6891cad27d4649bbe2a06055be4f7e,scene-0021,2.665596194760875,4.776102466000989,0.0,2.665596194760875,4.776102466000989,0.0,2.665596194760875,4.776102466000989,0.0,0.0,0.0
0b03409f980d495f8895785ec6963cb6,scene-0021,2.787634659819017,4.8343684717714135,0.0,2.787634659819017,4.8343684717714135,0.0,2.787634659819017,4.8343684717714135,0.0,0.0,0.0
2a16bef3c1494de3a582f298fea9fa0e,scene-0021,2.7256971775146286,4.707977040582393,0.0,2.7256971775146286,4.707977040582393,0.0,2.7256971775146286,4.707977040582393,0.0,0.0,0.0
b8270b9749ce4edcb45f575546ba8d37,scene-0021,2.614188273322269,4.5605278670095935,0.0,2.614188273322269,4.5605278670095935,0.0,2.614188273322269,4.5605278670095935,0.0,0.0,0.0
5750b8c5b7884ad28dc391b1c6ed5946,scene-0021,2.5383614388077635,4.4256048850370835,0.0,2.40336814785463,4.4256048850370835,0.1499999999999999,2.5383614388077635,4.4256048850370835,0.0,-0.13499329095313373,0.1499999999999999
6dc0d7f6a4594896bea4997fb8bcf013,scene-0021,6.915540245681448,19.63826869193424,0.0,2.095123335560138,4.247616532957079,8.288214526876832,2.095123335560138,4.247616532957079,8.288214526876832,0.0,0.0
cc5d111bf469460ebe535cd04542fcb1,scene-0021,6.78753156444727,19.593945202645767,0.0,4.844569467939209,19.593945202645767,1.9499999999999997,4.70049529718759,19.593945202645767,2.667053339495294,0.14407417075161888,-0.7170533394952945
8d9bbe9b03a0415a956dfbdfc8813aa2,scene-0021,8.499447074356771,19.538515522696663,0.0,8.803892648025325,19.187692497895608,4.102560740476956,8.353898293902422,19.187692497895608,3.802560740476955,0.4499943541229037,0.3000000000000007
5fb0c750bcaf4abe83072022193448c2,scene-0021,9.0336350609186,19.39965325215204,0.0,9.333608577971411,19.39965325215204,0.30000000000000027,9.558092441966604,19.39965325215204,0.5250000000000001,-0.22448386399519293,-0.22499999999999987
2bb732577bc3469faffcf42f96a56d0f,scene-0021,8.461827272860452,19.473371878680542,0.0,9.829527892302321,19.473371878680542,1.425,9.454542130271731,19.473371878680542,1.05,0.3749857620305903,0.375
31d071a119c6449dae7c9039ce8ef79d,scene-0021,4.2245905563377315,19.519282802126305,0.0,10.249610559330819,20.509325083626912,8.336393054273543,9.702314767646124,19.30932995887841,7.398658719856101,0.5472957916846948,0.937734334417442
d14217acbfbf4003a301b6d3c1ea6637,scene-0021,1.583501083412791,3.8524162223899503,0.0,10.446911332471526,20.148066006803184,11.399999999999999,10.071926915007692,18.94807090870466,11.024999999999999,0.3749844174638337,0.375
f7a2ecdc2d824aedb0b94724abed4a5b,scene-0021,1.9670447828983681,1.4702289790525278,0.0,9.939360649099642,19.46921502338557,8.024999999999999,9.864360988977575,18.2692204614325,7.95,0.07499966012206727,0.0749999999999984
e73eeb0396a1414c8a1f57a5ebafab37,scene-0021,1.057785059686192,0.3952870898044429,0.0,10.3362033222795,18.806373182873994,9.375,9.886227915078644,18.806373182873994,8.925,0.4499754072008564,0.4499999999999993
91a189c1a3ca483e98c7dd8b2fbd57b3,scene-0021,1.1171603491217703,1.1043396372619998,0.0,9.862872705207085,18.095854276905257,9.0,9.337899703983405,16.895855068994152,8.475,0.52497300122368,0.5250000000000004
4ef1587c085b43288dd70dbea9a4f60c,scene-0021,2.693726770861637,6.64257760625646,0.0,9.513535105384765,17.358908774518454,11.85,8.763570960206689,16.158939322019506,11.1,0.7499641451780761,0.75
e25bd16daa3f4782a33c6e3361d38114,scene-0021,2.5612855434961546,7.334648687887756,0.0,8.383938223048261,16.672334110587098,10.875,8.308939948969734,16.672334110587098,10.8,0.07499827407852777,0.07499999999999929
890968303c924855b8b2349649807a46,scene-0021,0.614069438519548,1.8662873002479057,0.0,8.90647324695934,22.20186359103659,9.299999999999999,7.856666987199057,16.203790212725348,8.25,1.0498062597602829,1.049999999999999
c0cc6b799a424a3cbad4bcf8a6920359,scene-0021,2.1256189444176807,9.802246081991585,0.0,8.179806517379749,19.38277597059147,6.375,7.955089609697701,15.787305447678717,6.15,0.22471690768204766,0.22499999999999964
7d3f4f121bc44f74a9cecbb2c3c645b6,scene-0021,5.242133015195012,13.078426053347703,0.0,9.33664026891596,20.245699414768016,4.200000000000001,9.261672624375807,20.245699414768016,4.125,0.0749676445401537,0.07500000000000107
2f1ea51cd0a94a4d99f3e7ba83afde28,scene-0021,6.780227860171864,14.079096562873662,0.0,9.471636453069772,20.009098572150407,2.7,9.769947127990735,20.009098572150407,3.0,-0.2983106749209625,-0.2999999999999998
f8aa9c94f6474ee2945b49802e206a8b,scene-0021,4.9816130117707775,11.689948213362888,0.0,8.91232203789189,15.138610300486075,3.9750000000000005,8.91232203789189,15.138610300486075,3.9750000000000005,0.0,0.0
1247776e94cd4c2999df4d8cf07b43ee,scene-0022,1.4738200859858699,2.280016616679368,0.0,1.2113892112574491,2.280016616679368,0.7677050983124842,1.424988538885245,2.280016616679368,0.7060660171779818,-0.21359932762779588,0.06163908113450245
0ca7e4ab1f17416b9b40a867becc746e,scene-0022,2.8892978257019797,7.205438840964109,0.0,1.5092245481233086,3.1045163459767298,2.175,1.6807113605881843,3.1045163459767298,1.8749999999999998,-0.17148681246487563,0.30000000000000004
bf0f869608744492b861152fe1a00da4,scene-0022,3.5112390555976334,8.48020805582634,0.0,2.5419968274089557,6.177750009024987,1.3810660171779823,2.630857999940495,6.177750009024987,1.2310660171779824,-0.08886117253153936,0.1499999999999999
d7f280ad9f5648cbbee4e56dc0446c00,scene-0022,4.3049264072557705,8.692255770076812,0.0,2.0187294837103895,4.354847595434873,3.3292423739747603,2.9771693169414926,5.365850424462754,1.4999999999999993,-0.958439833231103,1.829242373974761
883f8d77dc184d8480849b7ec156d496,scene-0022,4.186926794997461,13.07919391546194,0.0,2.28431561508271,1.0485925441099666,2.3598066887620495,2.864082524678539,1.0485925441099666,1.565872705940031,-0.5797669095958291,0.7939339828220184
bc928f34080143cb9f56b5b59fd71aed,scene-0022,4.186246293752497,1.8896923102464207,0.0,1.8043928874583184,1.8896923102464207,3.138194693706679,1.9535755080738588,1.8896923102464207,2.8244732108571995,-0.14918262061554044,0.31372148284947965
3057b6636fb24702802896cd944f9593,scene-0022,4.128612376431143,9.7696697579664,0.0,1.9122573579157076,1.4357347473276998,2.8116688374942203,1.441739000439713,1.4357347473276998,3.7219868394094044,0.4705183574759946,-0.9103180019151842
05b837922fbd46fbab76efda7cea2373,scene-0022,2.6184823622796896,3.273202319458643,0.0,1.3914525058189835,2.0734945254705477,1.5046693311223909,1.3914525058189835,2.0734945254705477,1.5046693311223909,0.0,0.0
9099b4918d3d462ca0fb18b41648ae1c,scene-0022,3.4731522922877818,8.659645309139309,0.0,1.8587949819106901,0.5367302439482691,1.8053300858899097,2.531900933225347,7.464401361840429,0.9750000000000001,-0.6731059513146569,0.8303300858899096
1e98565f9a204ac3bf6a7fad5b8b0530,scene-0022,4.456445601928543,7.760512279971427,0.0,2.851652055742836,5.363557184537709,1.7249999999999999,3.288763734281221,5.363557184537709,1.1999999999999997,-0.43711167853838484,0.5250000000000001
f2074d5bed79494bba092ede8dbb1a09,scene-0022,3.572142797799872,7.859567992928459,0.0,3.0521231308071295,5.459782956666225,1.3592329219213246,3.501368471451915,5.459782956666225,0.9842329219213246,-0.4492453406447856,0.375
b99b59abce4f4637bf8e00240dee961b,scene-0022,2.394853420077667,4.237319322787245,0.0,3.168493750189448,4.237319322787245,0.9230351842023948,3.4604642691510814,4.237319322787245,1.223035184202395,-0.2919705189616333,-0.30000000000000016
a1b24ae10dd1438597859611a13fe892,scene-0022,3.3025827354335693,4.042688178670443,0.0,3.4660858091858113,8.819853571630018,0.7592329219213245,3.840818400867663,8.819853571630018,0.6842329219213243,-0.3747325916818518,0.07500000000000018
8c99931fb4e14d658050bdaac6c19b8a,scene-0022,3.2329623479121556,7.299761554251289,0.0,3.505499850186167,8.499391935907841,0.46770509831248475,3.505499850186167,8.499391935907841,0.46770509831248475,0.0,0.0
d96260379fb54634b5022474c4bbf095,scene-0022,1.6336242300058412,5.5948761381063035,0.0,2.084674073326206,5.5948761381063035,0.5427050983124844,2.084674073326206,5.5948761381063035,0.5427050983124844,0.0,0.0
c8429748c8b2437b86619a02b457b09b,scene-0022,2.452392469813205,6.081899869971981,0.0,1.9640339370129267,4.881901894894343,0.7060660171779823,1.9640339370129267,4.881901894894343,0.7060660171779823,0.0,0.0
171635b86c1643e598b6e2fcb69030cd,scene-0022,1.581742328591023,5.261117601244717,0.0,1.43688829256324,1.661117704260657,0.44999999999999973,1.43688829256324,1.661117704260657,0.44999999999999973,0.0,0.0
2c5ddecd3e2048598d9e8259e9765874,scene-0022,2.096434250896369,4.32406755337008,0.0,1.7055582933121574,4.32406755337008,0.5999999999999999,1.7055582933121574,4.32406755337008,0.5999999999999999,0.0,0.0
951ac57b36f346718bbefb104e2db9f7,scene-0022,4.461994301037245,7.945947368461182,0.0,3.205774551491084,4.347371718826457,1.2871708245126285,3.205774551491084,4.347371718826457,1.2871708245126285,0.0,0.0
a9b04c513ff24c75bc4e6d9da849099a,scene-0022,3.5250605636981818,3.023377238724186,0.0,2.493759142821215,3.023377238724186,1.0621708245126285,2.493759142821215,3.023377238724186,1.0621708245126285,0.0,0.0
090cc8955ca24ab290e29ce76f3b088b,scene-0022,5.235481893628359,6.184932422732771,0.0,4.643496417376811,7.3780229858829,0.8109419400030955,4.643496417376811,7.3780229858829,0.8109419400030955,0.0,0.0
f7bce2611f5943a0bd4679fbc840f335,scene-0022,5.358151121698507,7.961869045035097,0.0,3.9515309967246526,4.407023915174601,1.458574570946582,3.9515309967246526,4.407023915174601,1.458574570946582,0.0,0.0
9e784620bd684ee28d7d72f337060b24,scene-0022,6.097474842357906,10.681304147791511,0.0,5.43937573632218,7.215421908520698,0.6993416490252571,5.43937573632218,7.215421908520698,0.6993416490252571,0.0,0.0
d0786c5a22a64d59b013096510d3d006,scene-0022,3.769404877606733,4.873174033649583,0.0,4.441885960168893,7.244881289473606,0.6749999999999998,4.441885960168893,7.244881289473606,0.6749999999999998,0.0,0.0
3f557d37d7554395b8b3dfae0be18b91,scene-0022,3.939203206067897,6.195084366902653,0.0,4.38506802536201,6.195084366902653,0.4500000000000002,4.38506802536201,6.195084366902653,0.4500000000000002,0.0,0.0
c5bb4463c2a54ae5aae09b41aefcac73,scene-0022,4.3545772660608275,7.703758103689738,0.0,4.3558753923489455,6.599026126417287,0.30000000000000027,4.3558753923489455,6.599026126417287,0.30000000000000027,0.0,0.0
c9bbf80a68e0472bb9b2ed9d9bfae35a,scene-0022,2.7572611680928123,7.211009137046448,0.0,3.323347601023909,7.211009137046448,0.5999999999999999,3.323347601023909,7.211009137046448,0.5999999999999999,0.0,0.0
66e98d5c80c6408cbb3aee9ab0c8bc73,scene-0022,2.5514208061809915,4.550103378877254,0.0,4.475275121955953,9.852326979801141,1.9823328667878228,4.475275121955953,9.852326979801141,1.9823328667878228,0.0,0.0
8293a45700074db6b77ba2c4ced413b2,scene-0022,2.3896728995945837,3.781969389229035,0.0,5.619751076028175,10.659468955239785,3.303303827638528,5.619751076028175,10.659468955239785,3.303303827638528,0.0,0.0
a9aeb015d73a40d6b90f4609f0670566,scene-0022,2.1557367713976685,4.592180909225865,0.0,8.343028802575176,15.273286897819103,6.667018469201807,8.343028802575176,15.273286897819103,6.667018469201807,0.0,0.0
5e7602fccef3460985ead6f7c81688a0,scene-0022,1.4308369825003733,1.1547458405116864,0.0,0.9526981420237473,1.1547458405116864,0.6980351842023949,0.9526981420237473,1.1547458405116864,0.6980351842023949,0.0,0.0
086488777f874869b694b023382c61f7,scene-0022,1.162230739194688,1.6487145812681518,0.0,0.9229751966564312,1.0505958125072181,0.7286082481589145,0.9229751966564312,1.0505958125072181,0.7286082481589145,0.0,0.0
a085faf3366241a095a88d527a3fdc1b,scene-0023,3.7414169761215472,4.134753599176239,0.0,3.025416603083044,5.327819253550957,1.182952427605901,4.966215851737838,5.327819253550957,2.1975422309809316,-1.9407992486547938,-1.0145898033750307
c6fae425e7694f4bb4aea5da0196d433,scene-0023,2.6349172477010736,5.18161439936209,0.0,10.366496023998868,21.719444696634415,8.174999999999999,10.366496023998868,21.719444696634415,8.174999999999999,0.0,0.0
9451ac6ed1854040903b94c284185534,scene-0023,2.0264080620912504,4.411197934039485,0.0,10.853687738482733,22.468178457316842,9.674999999999999,10.853687738482733,22.468178457316842,9.674999999999999,0.0,0.0
ef969c90f4294fc3abc0ecd7d85c49a9,scene-0023,1.7268343840499942,2.652431817810493,0.0,2.360309188955601,5.357252673325043,1.3592329219213246,2.360309188955601,5.357252673325043,1.3592329219213246,0.0,0.0
363dd5e0bec74edc958547759324c56a,scene-0023,1.8850483715265354,2.4964206404168503,0.0,4.306118546937375,8.933191292215412,2.85,4.306118546937375,8.933191292215412,2.85,0.0,0.0
3f218535b2ab49088401fcfa69cf5acc,scene-0023,1.4993768255248776,2.9970729735867154,0.0,3.901820572270831,8.85993207768609,2.624999999999999,3.901820572270831,8.85993207768609,2.624999999999999,0.0,0.0
ab806dcb71f446ec869a710f28d97727,scene-0023,1.2299021429675983,3.216307507673618,0.0,1.5779609754487223,0.8786837632463053,2.1298759228251125,1.5779609754487223,0.8786837632463053,2.1298759228251125,0.0,0.0
3bb50b821c47433ea30d1da270155d9b,scene-0023,4.562294773663666,9.199370043680172,0.0,2.871739957580396,5.535717338892432,1.7641088447464373,2.871739957580396,5.535717338892432,1.7641088447464373,0.0,0.0
5dda0a3e52524eb6b46d902ca084021d,scene-0023,7.1610400449304015,9.069361349986776,0.0,4.461067215262757,7.872523241083487,2.7642112271841577,4.461067215262757,7.872523241083487,2.7642112271841577,0.0,0.0
08adc1f8ccb941ebbcb6be4b90477b7f,scene-0023,4.801244637367733,9.21098077520818,0.0,3.2486466984399476,6.811967535487512,1.5824264635194594,3.2486466984399476,6.811967535487512,1.5824264635194594,0.0,0.0
687e601e59d44bfbb7f2fd19d98185d7,scene-0023,3.0012838037953653,8.179613972006406,0.0,1.2436023244427161,1.7148309987317616,2.4223744294348752,1.2436023244427161,1.7148309987317616,2.4223744294348752,0.0,0.0
e759245e3f1d4e51a00b1da918442e21,scene-0023,2.7470071374982377,4.6468274237348615,0.0,0.7870902206613516,1.512127400682968,2.6416593854407835,0.7870902206613516,1.512127400682968,2.6416593854407835,0.0,0.0
b8a429d70c164028ba31d8f5b3473672,scene-0023,3.3131658707701903,2.3084562458508278,0.0,1.7412839716553066,1.2776019520166555,1.6553300858899103,1.7412839716553066,1.2776019520166555,1.6553300858899103,0.0,0.0
82ae4ae20309448fb7c2ef81cd1d9b54,scene-0023,3.9926018181765888,7.953156056890853,0.0,2.7928094022432335,6.753454265213463,1.2,2.7928094022432335,6.753454265213463,1.2,0.0,0.0
bd0b19f001164853b28e37108b288d9f,scene-0023,4.47938371269931,9.909805640525454,0.0,2.8297495923125537,6.309964714112246,1.6500000000000006,2.8297495923125537,6.309964714112246,1.6500000000000006,0.0,0.0
b46130d95b9746ef985695d00325f3cf,scene-0023,3.8856610685849704,8.207259266982769,0.0,2.761022520558685,7.007259510838192,1.1250000000000004,2.761022520558685,7.007259510838192,1.1250000000000004,0.0,0.0
21396e284e314570977466255e4e96f5,scene-0023,3.831429823858475,8.79272003519399,0.0,2.781736318423358,3.992726459719669,1.05,2.781736318423358,3.992726459719669,1.05,0.0,0.0
f16f2bfce974437fa2b072bd0be0e88f,scene-0023,4.07769931255149,9.064524567175216,0.0,2.95306814348709,4.264792176485338,1.1250000000000002,2.95306814348709,4.264792176485338,1.1250000000000002,0.0,0.0
aba7b4e53d664310833fe91218581d23,scene-0023,4.091121434179681,4.459627142038419,0.0,3.269005050413542,3.302722850240073,0.825,3.269005050413542,3.302722850240073,0.825,0.0,0.0
951845487e694c63af10cca2e2384137,scene-0023,4.304945851221689,9.100112675742603,0.0,3.7121782123315423,4.4149520001074585,0.6092329219213245,3.6301583680356284,4.302349912979094,0.675,0.08201984429591391,-0.06576707807867554
bb229f2eb199473195c3b8891be4ae8d,scene-0023,3.6694763337671663,4.121320083584292,0.0,2.740388224035942,3.096312882065925,1.0134924806974415,3.3223331389435558,3.096312882065925,0.4152989390993068,-0.5819449149076137,0.5981935415981346
4113ec8b67944976bf7eb58e2b162448,scene-0023,4.079667866051215,8.658944558583327,0.0,3.704766017894107,7.4593483464298265,0.37500000000000044,2.8909107133179166,2.8354494940665944,1.207426463519459,0.8138553045761903,-0.8324264635194585
020dfd38919349dea80f90e5c326a3de,scene-0023,4.14810013791528,8.422129058371228,0.0,2.1546687839342047,2.607692905367273,2.120183012928828,2.0796808357368124,2.607692905367273,2.1951830129288283,0.0749879481973923,-0.07500000000000018
8a71d732371e4067b4dfa11953919549,scene-0023,6.697535847530251,12.909111074894456,0.0,2.0060115293491707,2.2918610467061082,4.733307770720612,2.0809281112190554,2.2918610467061082,4.6583077707206115,-0.0749165818698847,0.07500000000000018
d63c026dcf414a11b6a978f67d347dbd,scene-0023,5.141450551345112,8.995383717707423,0.0,0.8666789967175621,2.0680968978226195,4.435876520894758,0.8666789967175621,2.0680968978226195,4.435876520894758,0.0,0.0
3949e585a6064fd6a9818ef8bf09fcd8,scene-0023,3.016531242098068,2.9247229304173454,0.0,1.2377497846010348,1.8452611513764983,1.8886336532918253,1.2377497846010348,1.8452611513764983,1.8886336532918253,0.0,0.0
5fb9b70862354ca4aa833fba628c81d0,scene-0023,3.175624308547052,6.230925834081458,0.0,0.9650520438351354,1.4362038082145556,2.25,0.9650520438351354,1.4362038082145556,2.25,0.0,0.0
b56f9bb8b47f45aea938669ec9b4b645,scene-0023,3.594345266551989,7.411448645219437,0.0,2.844603331311855,7.411448645219437,0.7499999999999998,2.844603331311855,7.411448645219437,0.7499999999999998,0.0,0.0
d46356fa1ccd466c82ec47ba49e869af,scene-0023,3.3943960585868886,4.996879383301754,0.0,3.3943960585868886,4.996879383301754,0.0,3.3943960585868886,4.996879383301754,0.0,0.0,0.0
97459c70a9fe4f68a8017994922b629a,scene-0023,3.6888408496795546,6.2968697426003235,0.0,2.7139054642524156,3.8970459942187934,0.9749999999999996,2.7139054642524156,3.8970459942187934,0.9749999999999996,0.0,0.0
046f9ae6c3b14cb9a778eb7a5dd779a5,scene-0023,3.8083080935264437,7.6633365788608385,0.0,3.0584039633056253,6.4633863713354085,0.7500000000000002,3.3583431583473473,6.4633863713354085,0.4500000000000002,-0.29993919504172206,0.30000000000000004
4cf68d7ad4634653ae3f2eafddd5cdb2,scene-0023,3.5492836297890653,6.723247058621712,0.0,2.8744786352573444,5.523381551213802,0.6749999999999992,3.3992977496056143,6.723247058621712,0.14999999999999947,-0.5248191143482699,0.5249999999999997
73c04e824a214a54922b03391a1549f3,scene-0024,2.1182357335689757,0.7362512760281207,0.0,1.5184394753446018,0.7362512760281207,0.5999999999999996,1.5184394753446018,0.7362512760281207,0.5999999999999996,0.0,0.0
bdb7191edd29442ebb489370fea67d6c,scene-0024,2.669743098960234,4.050761692374,0.0,2.4449899351748297,4.050761692374,0.2250000000000001,2.369997388458916,4.050761692374,0.2999999999999998,0.07499254671591382,-0.07499999999999973
5111b855c90a4f08b3471e3432b9055c,scene-0024,3.0584526351279946,6.244181210325669,0.0,1.545753732179517,2.427174393239505,1.8053300858899104,2.3085571925571964,5.044321998484623,0.7499999999999998,-0.7628034603776794,1.0553300858899106
625cb28093bd49b2909865618b09bf30,scene-0024,3.9571265388283794,8.432079611340445,0.0,3.507245327343246,8.432079611340445,0.44999999999999996,3.5822420309166354,8.432079611340445,0.3749999999999998,-0.07499670357338939,0.07500000000000018
4bbfe2e15f654fd3821ddae62fe0c5bd,scene-0024,2.2982184934221763,3.2924532805319946,0.0,0.6888492759034144,0.8924673630639574,1.8000000000000003,0.5389889905770766,0.8924673630639574,1.9500000000000002,0.14986028532633777,-0.1499999999999999
af380e7ff5ba4de1b429309330f8f3fd,scene-0024,0.5959988090450814,0.7545234890032084,0.0,0.686770729775552,0.7545234890032084,0.15000000000000013,0.6765899188843592,0.44547759510745694,0.4500000000000004,0.010180810891192826,-0.30000000000000027
00ee093616ef4d0abaafa4d9cf12d0bd,scene-0024,0.5436529610660867,0.1838949008695542,0.0,1.6653108343893823,8.66670386059166,1.4303300858899113,1.5162246327542954,8.66670386059166,1.280330085889911,0.1490862016350869,0.15000000000000036
37b397c6f4114ce69ce15f70eb6c9340,scene-0024,0.4985883751464415,1.355893909540951,0.0,3.2866921510806177,13.105735341283228,3.531860264993489,4.189623078677983,14.3006656435787,4.434740625773886,-0.9029309275973656,-0.9028803607803968
6c7de63ed5f64275992b041550641710,scene-0024,3.758230833573572,12.956081356449003,0.0,5.179410331409367,14.151297148496413,1.5000000000000007,5.262886137057087,14.151297148496413,1.5824264635194591,-0.08347580564772006,-0.08242646351945848
a38098166d4049d1a81ff4e309415026,scene-0024,7.597677320672612,12.295748793621293,0.0,8.122549777568612,12.295748793621293,0.5249999999999997,8.347522029369202,12.295748793621293,0.7499999999999996,-0.22497225180059033,-0.22499999999999987
6708a82e3f1b453fbcec3cf279d2f0d6,scene-0024,2.942461896960108,13.019208553844408,0.0,5.765542106567559,17.80479999378512,4.668700842899762,3.9381432648174735,13.019208553844408,3.252314583119836,1.8273988417500857,1.4163862597799257
1e7cd9c4ba56457f945d1912f0e43e73,scene-0024,2.6206544078642344,11.802641852867913,0.0,6.340509698290742,18.979358787873135,4.598998931743196,3.139736060055535,11.802641852867913,1.6008923073621077,3.2007736382352068,2.9981066243810885
dbef9281c1544285a8fb09957c000e4a,scene-0024,8.925326184935656,21.036815475010695,0.0,9.81284852859476,22.234813816700076,1.050000000000001,2.999756730062539,9.085934403955365,5.9472405206595855,6.813091798532221,-4.897240520659585
fa072c58538d4600a907a0a773578c83,scene-0024,9.504039581210305,20.22036479710542,0.0,9.64837988246177,20.22036479710542,0.48106601717798236,5.7331331537601855,14.237103144888572,3.798671053017604,3.915246728701584,-3.317605035839622
dae6a9febc3447b0999dec350965e67a,scene-0024,11.530553858888354,23.518417063319227,0.0,11.970656240403896,24.71675059805237,0.7500000000000007,2.151502471104408,2.916753594294595,13.67215298096817,9.819153769299488,-12.92215298096817
6119ff02ad864cc6bbe765521f4736f9,scene-0024,13.093441313648885,23.621861919827005,0.0,12.713102476161833,24.820241831791428,0.5737711154904671,6.479396829301592,9.188533386594754,6.624546374551759,6.2337056468602405,-6.050775259061292
c4549c02dc304267baaa27b54ed1582b,scene-0024,2.521080714376391,3.470454640031158,0.0,12.71904183066619,24.160455585873024,12.605475813853792,7.987624577255311,10.9296254544262,8.774999999999999,4.731417253410879,3.830475813853793
ffec712fbe4141cd983cca71eed15650,scene-0024,12.257496955500871,20.49845441878873,0.0,13.004439017455589,22.894928195449403,0.825,8.273342971053388,14.464836770544263,3.9986330703041273,4.7310960464022,-3.1736330703041276
c1f1297352a147dd8ea73095a26f200b,scene-0024,11.140477068415468,17.5325420744903,0.0,12.336701621652665,21.126565396438057,1.2310660171779824,9.255672226278444,12.697792561654499,1.917807492867906,3.0810293953742214,-0.6867414756899237
3ccf926957e3498d8e076a582c79de7d,scene-0024,10.65402441158918,16.49597683308399,0.0,11.400888003501503,18.891953839942925,0.825,6.29548616164761,4.46786477345772,4.367893973956675,5.105401841853893,-3.5428939739566747
7d858cfead5048bc9052699b51464806,scene-0024,10.009076022932815,14.480443543957158,0.0,10.380946990621302,16.875958097880833,0.44999999999999996,5.952701348354727,15.678029323724969,4.214153302372608,4.4282456422665755,-3.764153302372608
420797414ea048f387111113df2417a9,scene-0024,8.318729913754149,11.712712173690896,0.0,5.088205957238372,12.909514940060784,3.3912066067846682,3.4106081858041337,0.4419035164281251,4.967233219189156,1.6775977714342387,-1.5760266124044877
d3dece03c4c54df7bb7e2355c9a6c6a5,scene-0024,7.0993820164624815,11.252429181680958,0.0,7.09937583040541,11.252429181680958,0.15000000000000036,3.353991653250722,2.8623055893955613,3.7499999999999996,3.7453841771546883,-3.599999999999999
8540dea94154421689f242eb4f5d51ed,scene-0024,5.710516763532588,8.634399159058745,0.0,1.8926907200305905,0.2554413165035003,3.8249999999999997,1.8177152993989987,0.2554413165035003,3.9,0.0749754206315918,-0.07500000000000018
3db7ad888728438193a53d0477ea4eff,scene-0024,3.917236398191979,2.6922502800025567,0.0,1.673368413783506,2.126901125192644,2.55,3.6173584247805737,2.6922502800025567,0.30000000000000004,-1.9439900109970676,2.25
1e443d89682740b6914727baf1e43c78,scene-0024,2.4567325034802954,0.8344479214359362,0.0,2.531704834174516,0.8344479214359362,0.07499999999999996,1.1050978633979984,3.1439853351582836,2.625000000000001,1.4266069707765177,-2.5500000000000007
d4f482225b1b4110813a81e771eb8723,scene-0024,1.1613865417142881,1.3301504542210616,0.0,2.7238808471055664,7.217572807925145,3.0749999999999997,2.275644299762263,6.022337240335619,2.624999999999999,0.44823654734330365,0.4500000000000006
274763ea86e64977a6e4c7bcc643b8c6,scene-0024,1.6590980112878801,3.9248114861100185,0.0,2.319915052679991,7.498203723619122,0.7500000000000002,3.2440551925739283,8.694214381263011,1.8000000000000005,-0.9241401398939373,-1.0500000000000003
7d1af8d9472348f2a4e848fd8832e276,scene-0024,1.9963279294556793,3.7679501261177433,0.0,1.6452971181003688,3.7679501261177433,0.675,1.7722846424656373,3.7679501261177433,0.30000000000000004,-0.1269875243652685,0.375
5f0755db013c455288b683858aea5296,scene-0024,2.4354546295532917,5.5340272306821845,0.0,2.5099961032555025,5.5340272306821845,0.07500000000000018,2.6594299962970376,5.5340272306821845,0.2250000000000001,-0.1494338930415351,-0.1499999999999999
03635bc0b8154a5790ee994192ba9017,scene-0024,2.800534248162254,4.335189880846561,0.0,2.8749143451041763,4.335189880846561,0.07499999999999996,2.949586217139088,4.335189880846561,0.1499999999999999,-0.07467187203491177,-0.07499999999999996
3e755d84f9634ee780b76847cd0f917b,scene-0025,0.219528861146006,0.21737308848622355,0.0,0.219528861146006,0.21737308848622355,0.0,0.219528861146006,0.21737308848622355,0.0,0.0,0.0
1f8ffa340b7a425fb3574477a849c3d9,scene-0025,0.22022276277027336,0.2183703238455153,0.0,0.22022276277027336,0.2183703238455153,0.0,0.22022276277027336,0.2183703238455153,0.0,0.0,0.0
a71c3dc9f5a84b72ab144c192d2cb51a,scene-0025,0.220720277291908,0.21912638788209174,0.0,0.220720277291908,0.21912638788209174,0.0,0.220720277291908,0.21912638788209174,0.0,0.0,0.0
5a1f37aea5be4500a3f36e3764f273ad,scene-0025,0.22115684273559064,0.21978242661237452,0.0,0.22115684273559064,0.21978242661237452,0.0,0.22115684273559064,0.21978242661237452,0.0,0.0,0.0
39c87a6a8a3f457c9f9d148d241cfc8d,scene-0025,0.2215267086735624,0.2203378663975417,0.0,0.2215267086735624,0.2203378663975417,0.0,0.2215267086735624,0.2203378663975417,0.0,0.0,0.0
2776d0d502e94091a3b5cfe7b42bb48d,scene-0025,0.22182722507247693,0.22080270541733157,0.0,0.22182722507247693,0.22080270541733157,0.0,0.22182722507247693,0.22080270541733157,0.0,0.0,0.0
8a2f1d422b5344bf856ac21c65f2d562,scene-0025,0.22207796760630202,0.22119742624751002,0.0,0.22207796760630202,0.22119742624751002,0.0,0.22207796760630202,0.22119742624751002,0.0,0.0,0.0
b2ec36b4311440c69a959a0e3c992177,scene-0025,0.22229574662730545,0.22153745879204298,0.0,0.22229574662730545,0.22153745879204298,0.0,0.22229574662730545,0.22153745879204298,0.0,0.0,0.0
15ab3872150347678f4efca8c640ce75,scene-0025,0.22248359456611558,0.22183044534341215,0.0,0.22248359456611558,0.22183044534341215,0.0,0.22248359456611558,0.22183044534341215,0.0,0.0,0.0
2a2d180d999843f6b2b9756b60624576,scene-0025,0.22261087050016592,0.22202998675392516,0.0,0.22261087050016592,0.22202998675392516,0.0,0.22261087050016592,0.22202998675392516,0.0,0.0,0.0
5ce36984d1124087b781cdb457d7107d,scene-0025,0.2227495501431998,0.2222540261667729,0.0,0.2227495501431998,0.2222540261667729,0.0,0.2227495501431998,0.2222540261667729,0.0,0.0,0.0
8cefab0167e14e04bbcda2f05febf1be,scene-0025,0.22287002369135778,0.22244347766457717,0.0,0.22287002369135778,0.22244347766457717,0.0,0.22287002369135778,0.22244347766457717,0.0,0.0,0.0
30fef0d4880a4412ad9f68b10d8955d1,scene-0025,0.22299346469687947,0.22282412460865816,0.0,0.22299346469687947,0.22282412460865816,0.0,0.22299346469687947,0.22282412460865816,0.0,0.0,0.0
94c6b3e562004fa58842171bd2fe5fdd,scene-0025,0.22692834778869247,0.2639474068962492,0.0,0.22692834778869247,0.2639474068962492,0.0,0.22692834778869247,0.2639474068962492,0.0,0.0,0.0
90574d0d361b4da59951e46fdaea5448,scene-0025,0.2473194592531172,0.42706104981658327,0.0,0.2473194592531172,0.42706104981658327,0.0,0.2473194592531172,0.42706104981658327,0.0,0.0,0.0
17a00680440148a495caf18f86077781,scene-0025,0.30754758939576776,0.7974460643826257,0.0,0.30754758939576776,0.7974460643826257,0.0,0.30754758939576776,0.7974460643826257,0.0,0.0,0.0
0fa318e62d0540f5a20cda4b21842eda,scene-0025,0.43689472302946075,1.4116226551613615,0.0,0.43689472302946075,1.4116226551613615,0.0,0.43689472302946075,1.4116226551613615,0.0,0.0,0.0
5d0f0c2b07044187b0552e02dfd22d92,scene-0025,0.6588759879890065,2.1972821545918886,0.0,9.083089442505333,14.548157319112645,9.662729712676043,9.083089442505333,14.548157319112645,9.662729712676043,0.0,0.0
8c4bd54a31924d7c99f9cdad2358f1ab,scene-0025,0.9893076577116157,3.0908765981861914,0.0,7.20170187996301,11.421931913425032,8.08080112468762,7.9397178001360835,13.11016297313156,8.810817431232124,-0.7380159201730736,-0.7300163065445044
3d8c74afd1874cc7af0e37632f0b258d,scene-0025,1.4431191809824842,4.114155559335027,0.0,8.450083116896053,13.246367148959246,9.655998970463667,8.450083116896053,13.246367148959246,9.655998970463667,0.0,0.0
fbd7c6f480404ebc83f7138418d79408,scene-0025,2.03261041077895,5.20943754624979,0.0,7.889148065081219,12.669189397047852,9.558134916227775,7.889148065081219,12.669189397047852,9.558134916227775,0.0,0.0
fa55911bfd0042999f97ee2741197378,scene-0025,2.70835229355648,6.220032913345281,0.0,7.318697734552737,12.326042088317386,9.484354189974868,7.158068784522796,12.326042088317386,9.338886686046504,0.16062895002994093,0.14546750392836394
98e3c44681984a688e9569e3e6ce9a73,scene-0025,3.367985434306507,7.07333893074203,0.0,3.367985434306507,7.07333893074203,0.0,3.367985434306507,7.07333893074203,0.0,0.0,0.0
2202430c861a43888255efaa7740e131,scene-0025,3.9082204626845125,7.664872780751735,0.0,3.9082204626845125,7.664872780751735,0.0,3.9082204626845125,7.664872780751735,0.0,0.0,0.0
9ce3fc6e76394d3298df0f901ff0e154,scene-0025,4.253864909265287,7.9467560712489025,0.0,4.253864909265287,7.9467560712489025,0.0,4.253864909265287,7.9467560712489025,0.0,0.0,0.0
5226c03c1e0d4ff7b96ab0b3af7dbc2d,scene-0025,2.572959193978495,6.92503955830487,0.0,3.136617422066827,6.92503955830487,1.1995190413714054,3.136617422066827,6.92503955830487,1.1995190413714054,0.0,0.0
897c8180d6e84e3e8cb47c96b8a400fc,scene-0025,5.237424304326012,12.801263765972696,0.0,3.4079575226423016,6.9685301354592255,5.678844103637278,3.4079575226423016,6.9685301354592255,5.678844103637278,0.0,0.0
b954b1f2ddba46a794ef054b99064403,scene-0025,2.3167595450846457,7.148764890231372,0.0,4.046188567772779,8.023011513056781,1.9119316876852974,4.046188567772779,8.023011513056781,1.9119316876852974,0.0,0.0
1c5c0aea435941cc85d436afd450c22b,scene-0025,1.200273747984075,3.7726512620455703,0.0,1.121724616836383,3.7726512620455703,0.22499999999999987,1.121724616836383,3.7726512620455703,0.22499999999999987,0.0,0.0
e5eae7b13199436baa2544408340d01b,scene-0025,1.4359916250418414,4.648961865862481,0.0,1.6441916008862152,4.96550271869177,0.5560660171779819,1.6441916008862152,4.96550271869177,0.5560660171779819,0.0,0.0
970f84931fb248f586d6e262c0372bb4,scene-0025,1.8811589540212053,5.863536735615889,0.0,2.233380336730442,5.863536735615889,0.6053300858899099,2.233380336730442,5.863536735615889,0.6053300858899099,0.0,0.0
4f54fd98c3e4467a91767d7bfc9f30d8,scene-0026,1.5903564592817974,2.418137268853276,0.0,1.8879171669862846,4.8168566202088705,0.3000000000000005,1.8147145224301693,4.8168566202088705,0.22500000000000053,0.07320264455611536,0.07499999999999996
9cc1da2eefe04c629b44a31a97103552,scene-0026,0.6711540858156028,0.5908300510275079,0.0,0.7010765131635682,0.5908300510275079,0.07499999999999996,0.8974665313069411,3.0450702641785754,0.4677050983124841,-0.19639001814337287,-0.3927050983124841
f9a7f3dfa4d64eadacfcb277bbc82557,scene-0026,2.146867253964979,3.4721289444474,0.0,1.1803810192823236,2.0688687039199363,1.4427050983124843,1.3798473441897245,2.0688687039199363,0.9177050983124847,-0.1994663249074009,0.5249999999999996
45224fd5dde34ac59d8682de6cc59ef2,scene-0026,2.445009680890884,5.805605374080718,0.0,10.084299262997675,19.831678785394214,7.799999999999998,9.934742749677103,19.831678785394214,7.649999999999999,0.1495565133205723,0.14999999999999947
52f07fadf76848d6a4ed57d4f3354e5a,scene-0026,1.3680407972294577,2.6369804246848867,0.0,4.260427927678077,20.555605054549204,3.1499999999999995,4.380264177104265,20.555605054549204,3.2249999999999996,-0.11983624942618754,-0.07500000000000018
853ebce6d51e459b804d1da200bae728,scene-0026,1.8554517827276058,4.09078402738561,0.0,3.826421688652242,7.04655162999893,2.667046747337741,2.9978586801618263,7.04655162999893,1.693236841690611,0.8285630084904159,0.9738099056471301
8a9da278a46c4cb8a34df981a174f95b,scene-0026,2.1971715969078542,2.8973024955530153,0.0,3.382644217750652,3.8024773637474767,1.3359419400030954,3.876907372131542,5.935299386211312,1.8531152949374534,-0.49426315438088997,-0.517173354934358
c02c429b35624ec0903c63daf01d2491,scene-0026,1.3380472921510513,2.7442236977118033,0.0,2.2569929600129957,4.8027010153586245,2.060410196624968,2.2569929600129957,4.8027010153586245,2.060410196624968,0.0,0.0
ebf1f37446f949a29491fc675218479a,scene-0026,1.7534198294451815,5.765166786010096,0.0,10.504611734302507,23.803208534265167,9.04015597614978,8.537046571026462,23.803208534265167,7.003859342916364,1.9675651632760456,2.036296633233416
55a79292e26c471e94d0c6cb9a3c6db6,scene-0026,2.5593766851283952,3.058668781578311,0.0,1.5081729209546197,3.058668781578311,1.4275721460496555,1.5831019354628615,3.058668781578311,1.3525721460496556,-0.07492901450824174,0.07499999999999996
a232ecf86c954455846c23378f850c74,scene-0026,2.1296010490561024,3.967843941633936,0.0,1.905362608311089,3.967843941633936,0.2250000000000001,1.905362608311089,3.967843941633936,0.2250000000000001,0.0,0.0
b69267d13328431cbdc43f70c398a628,scene-0026,1.6639440707883786,2.4411321645712856,0.0,1.9663870695561898,2.4411321645712856,0.6053300858899104,1.9663870695561898,2.4411321645712856,0.6053300858899104,0.0,0.0
dae47bb946e8418eb0fea1267c1ba730,scene-0026,1.2070164971881019,3.2236670308614497,0.0,2.3400098540452605,2.809552819974439,2.934232921921325,2.71412988049965,1.6227370285273233,3.309232921921325,-0.37412002645438935,-0.375
90fce8ab654e4583bb004aafed05f767,scene-0026,3.261679140458266,5.917510798977157,0.0,4.773448440553194,7.111822198890274,1.6359419400030957,4.102934476208863,5.917510798977157,0.9609419400030946,0.6705139643443312,0.675000000000001
67c796e8433a4316af7047ac10c66587,scene-0026,2.95830149770383,5.615006773961226,0.0,3.6330015470641053,11.6124738507951,1.1249999999999993,1.514678241583701,0.4550309965935805,1.5,2.1183233054804043,-0.37500000000000067
a2c946f6e37d44b992c8f4dc722f3958,scene-0026,2.5097037579968466,4.360321362694643,0.0,3.2595864619662116,5.560123541532517,0.75,3.184592235698849,5.560123541532517,0.6749999999999998,0.07499422626736241,0.07500000000000018
e2fb18a3d2b443608c26e1132cecf815,scene-0026,2.6098472555344747,4.545425234465729,0.0,2.535297032411371,4.545425234465729,0.22499999999999987,2.7595322694890534,4.545425234465729,0.1499999999999999,-0.22423523707768256,0.07499999999999996
6ff876ce29ae498a8c5c993c282084c1,scene-0026,2.685405288129907,4.948808884377977,0.0,3.3586818038469977,4.948808884377977,0.6749999999999998,11.677099291945101,27.463040023735353,14.325,-8.318417488098103,-13.649999999999999
4335dc585b004cea822fa24fb7c9d41e,scene-0026,1.2282919948785174,1.7778170401317026,0.0,2.6111517111566656,6.57104037885969,1.4250000000000003,1.3109817316559782,1.7778170401317026,1.0499999999999996,1.3001699795006874,0.37500000000000067
7b83f82e4ff1440294cd995820de6134,scene-0026,1.3467486539907039,3.5479395725615985,0.0,3.4169702681840906,5.947887436446852,2.25,3.267270006524819,5.947887436446852,2.0999999999999996,0.14970026165927175,0.15000000000000036
ec3eabaeab1043bfb762c2d31a7f3351,scene-0026,0.8244577641316155,1.5747171785675311,0.0,2.193376706678384,7.573411529515965,1.95,2.1680244235386423,6.827310963210489,2.3999999999999995,0.025352283139741694,-0.4499999999999995
f6ffa36f3865472e826a67e545d38580,scene-0026,0.8594261498300679,1.969438913288787,0.0,1.2006539384976385,1.969438913288787,0.6000000000000001,1.7104851485719683,2.8305869264200076,2.25,-0.5098312100743299,-1.65
7c3ab67349d544aa8bb493023b0837fc,scene-0026,1.5422600473536776,2.403260250584432,0.0,1.6062509136817016,3.6026876859516856,0.30000000000000027,0.5293874263934472,1.2019000127435346,1.7250000000000003,1.0768634872882545,-1.425
2ed4898428f6463dbb254de49bbf426d,scene-0026,0.4059225664660766,0.7193972442930486,0.0,0.7786423223916679,2.88631494301509,0.5250000000000001,1.4983620933182626,3.115875161969627,1.5750000000000002,-0.7197197709265948,-1.05
844ace8221a74dd4b6a621ac9aa8e740,scene-0026,0.48224088322642505,1.3502940979936897,0.0,0.7356723798996624,1.3502940979936897,0.5250000000000004,1.68647750772248,2.5488022492848312,1.6500000000000001,-0.9508051278228177,-1.1249999999999998
1814989d6d634d2ba55a8bfc453c628c,scene-0026,0.71973215631932,1.8509082320656094,0.0,0.794555438921577,3.048080753701721,0.07500000000000018,0.794555438921577,3.048080753701721,0.07500000000000018,0.0,0.0
77fb48fed340429595ce38626acda315,scene-0026,1.1439810987385526,2.166743412396657,0.0,0.602145250049858,0.9762501568142872,0.6749999999999998,0.602145250049858,0.9762501568142872,0.6749999999999998,0.0,0.0
1ac5ee6af3e847f0bf3b0626ec153179,scene-0026,1.621330340133891,2.548859263534507,0.0,1.173848011728611,2.548859263534507,0.4500000000000002,1.173848011728611,2.548859263534507,0.4500000000000002,0.0,0.0
22eab383ab9c492abeeecc4875dc9364,scene-0026,1.5489341528626528,2.5787865245583927,0.0,1.6982061359645342,2.5787865245583927,0.2999999999999998,1.6982061359645342,2.5787865245583927,0.2999999999999998,0.0,0.0
ee0ba6a0948a4f2fb100d884ea1d15b2,scene-0026,2.0225777120100235,4.949613993677051,0.0,1.9490641991675677,4.949613993677051,0.07499999999999996,1.5765021885684039,1.3633462018471996,0.44999999999999973,0.37256201059916383,-0.3749999999999998
93ff5779fccd482bb1ef839ed2a30911,scene-0026,1.9906141702277838,3.4976774210069554,0.0,1.0621112287195982,0.19922892772038114,0.9749999999999999,1.0621112287195982,0.19922892772038114,0.9749999999999999,0.0,0.0
758ed7a3a37f4b66a4e0dfcb7e16d06b,scene-0027,2.363871353585452,7.655601760913973,0.0,2.363871353585452,7.655601760913973,0.0,2.363871353585452,7.655601760913973,0.0,0.0,0.0
484fe6e84c934bc2a63b88d98e064074,scene-0027,3.5145038008761302,10.02024271635493,0.0,3.5145038008761302,10.02024271635493,0.0,3.5145038008761302,10.02024271635493,0.0,0.0,0.0
2a5b7ca84a824dc3bff2159ec8c180ac,scene-0027,4.972296306711063,12.52359750268302,0.0,4.972296306711063,12.52359750268302,0.0,4.972296306711063,12.52359750268302,0.0,0.0,0.0
6333e6cebe394ff7a37591cc567c768f,scene-0027,6.583858764617422,14.973643046195399,0.0,6.583858764617422,14.973643046195399,0.0,6.583858764617422,14.973643046195399,0.0,0.0,0.0
3a16cdd7ce82444c98dbd16d2d143643,scene-0027,7.754870758531139,16.672344362420013,0.0,7.754870758531139,16.672344362420013,0.0,7.754870758531139,16.672344362420013,0.0,0.0,0.0
01df0413f9bb47478af656d87047fd6a,scene-0027,8.91336558419306,18.31347645576775,0.0,8.91336558419306,18.31347645576775,0.0,8.91336558419306,18.31347645576775,0.0,0.0,0.0
89612e28f64b415f8fe05f396a92238d,scene-0027,9.812501322412427,19.44310789430285,0.0,9.812501322412427,19.44310789430285,0.0,9.812501322412427,19.44310789430285,0.0,0.0,0.0
bd063ae874da437ab0db3e2137be5d15,scene-0027,10.456156371800947,20.164602088405076,0.0,10.456156371800947,20.164602088405076,0.0,10.456156371800947,20.164602088405076,0.0,0.0,0.0
e8a537f34c7a4d43a56917340bbde797,scene-0027,10.953748396237621,20.650285869176813,0.0,10.953748396237621,20.650285869176813,0.0,10.953748396237621,20.650285869176813,0.0,0.0,0.0
4007e9dce59d4b9f935c770dbad5166d,scene-0027,9.681461472967971,20.681389295356478,0.0,10.356423324021405,20.681389295356478,1.1249999999999993,10.356423324021405,20.681389295356478,1.1249999999999993,0.0,0.0
d9b8ab418bcb492ca02b38941c5d4aa6,scene-0027,5.045884759249622,4.49468573237884,0.0,2.7251337788558083,4.7057648520834325,3.8629361059469565,2.7251337788558083,4.7057648520834325,3.8629361059469565,0.0,0.0
d170260e87514fa3bfd962c9bbda8fc6,scene-0027,2.619089682522593,2.9364339690151926,0.0,2.648492494888016,2.9364339690151926,1.188372446562143,2.648492494888016,2.9364339690151926,1.188372446562143,0.0,0.0
084cd90f5e4e49329d25632399b352f1,scene-0027,3.100401343676788,1.4355327616110685,0.0,2.7590659870255774,1.4355327616110685,1.3018864104279184,2.7590659870255774,1.4355327616110685,1.3018864104279184,0.0,0.0
f133d395c56f4cd696021b7a87faeedd,scene-0027,3.4403148292822974,30.977122055988524,0.0,3.4451948984145226,30.977122055988524,0.4859031498464304,3.4451948984145226,30.977122055988524,0.4859031498464304,0.0,0.0
316e6888424e41d4adb854ff00b926b6,scene-0027,1.7832169693354525,2.5036193878680564,0.0,1.7206063339866289,2.5036193878680564,0.28713203435596435,1.7206063339866289,2.5036193878680564,0.28713203435596435,0.0,0.0
eea0d4122fe8431f879d5a8242398f4b,scene-0027,1.6345763513496023,5.403408191421777,0.0,1.7714820490580716,5.403408191421777,0.15000000000000013,1.7714820490580716,5.403408191421777,0.15000000000000013,0.0,0.0
b0e3ce27d0794ee0b88431294df2059d,scene-0027,1.6284315404981817,3.845274854460566,0.0,1.6284315404981817,3.845274854460566,0.0,1.6284315404981817,3.845274854460566,0.0,0.0,0.0
6eb152276f2e4958abf8f6e38841c938,scene-0027,2.1338925796410106,4.01968797602831,0.0,2.0878518414603624,4.01968797602831,0.07499999999999973,2.0878518414603624,4.01968797602831,0.07499999999999973,0.0,0.0
e343351ade314036874d6097258ba8a3,scene-0027,3.7945803357324963,37.96954511384844,0.0,3.7945803357324963,37.96954511384844,0.0,3.799804329630896,37.96954511384844,0.2250000000000001,-0.005223993898399559,-0.2250000000000001
299d834e4afe415880ab536ee7cac84c,scene-0027,1.2514939756237327,2.632202281603565,0.0,1.2814747606490768,2.632202281603565,0.07499999999999973,1.436267083099044,2.632202281603565,0.24270509831248416,-0.1547923224499672,-0.16770509831248442
30ec9fa5b6f54b0483f9bcfaf2907fd5,scene-0027,1.9036977568179427,6.213784593271888,0.0,1.8287320275301493,6.213784593271888,0.07500000000000018,1.8287320275301493,6.213784593271888,0.07500000000000018,0.0,0.0
55974cad6c524fa9b241c0b8bdc5470c,scene-0027,2.9899132881651354,5.417841051463988,0.0,2.9899132881651354,5.417841051463988,0.0,2.9899132881651354,5.417841051463988,0.0,0.0,0.0
4a9483a8bc964b29b5aaf85399026278,scene-0027,1.4168108449006824,0.8674181962121957,0.0,1.329902310473797,0.8674181962121957,0.2250000000000003,1.2812792601772038,0.8674181962121957,0.15000000000000013,0.048623050296593195,0.07500000000000018
b736928c44d14a349b9d20b6ead6a2d6,scene-0027,0.802305371205368,1.4622803488849698,0.0,0.6686997693071116,1.3774825424202826,0.375,0.7536013120444879,1.3774825424202826,0.2250000000000001,-0.08490154273737627,0.1499999999999999
061392f48e344b279c07eb6fb875df24,scene-0027,1.1254557155701077,0.8504903957522346,0.0,0.7802989902703018,0.8504903957522346,0.44999999999999996,0.7802989902703018,0.8504903957522346,0.44999999999999996,0.0,0.0
563a609fb1fd4e69b7d4f155e6e99cbe,scene-0027,2.140255363720652,0.4790238081399101,0.0,1.7652816999947611,0.4790238081399101,0.3749999999999998,1.4276954774952257,0.4790238081399101,0.7499999999999998,0.3375862224995354,-0.375
3b74128412b54e88bd1c547ca7be57d5,scene-0027,1.4189620676568442,0.31788456600808346,0.0,1.1947310078020643,0.31788456600808346,0.2250000000000001,1.137020109194623,0.31788456600808346,0.37500000000000044,0.057710898607441274,-0.15000000000000036
fff1030f85944ffea92aaf83d507bc0a,scene-0027,0.7587113701888808,0.056973647551147866,0.0,0.982354791297003,0.056973647551147866,0.2250000000000001,0.5718156460217929,0.056973647551147866,0.3750000000000002,0.41053914527521007,-0.15000000000000013
dfae55723a4c4ec28582161e2d312734,scene-0027,1.8628975129879322,4.33452502668453,0.0,1.4186875192828048,3.134534268903607,0.45000000000000084,0.9112943062664952,1.934554976966964,0.9749999999999999,0.5073932130163096,-0.524999999999999
f47e3eebb87649a1b41cc23ab195422f,scene-0027,2.488961672369607,5.011040176830014,0.0,1.8211787741040997,3.8110773115876695,0.675,2.2711628148476546,5.011040176830014,0.2250000000000003,-0.4499840407435549,0.44999999999999973
89ebed4bf2a740ff98f20714823de858,scene-0027,1.3723160639802043,5.749539616319127,0.0,1.7291553724510718,5.749539616319127,0.375,1.0330971867446217,3.34956643850966,0.5250000000000001,0.6960581857064501,-0.15000000000000013
c4f21f2ac3744862b986ae5cdfd204a7,scene-0027,2.1992328260634544,6.308624661819548,0.0,0.6566730098922351,2.0915714982313767,2.3249999999999997,1.3371783198426728,6.8914688892393965,3.3000000000000003,-0.6805053099504377,-0.9750000000000005
e5fd1a6e14a448a1aba85e60b763f605,scene-0028,1.750466250389268,3.323768129874784,0.0,2.174314108077428,6.876429730499362,1.2749999999999997,1.5262348478774583,3.323768129874784,0.3749999999999998,0.6480792601999699,0.8999999999999999
69900a0493514f279e1d160de412f568,scene-0028,1.6776875886183864,3.307114082428011,0.0,2.2091447593114797,7.986670131815137,1.875,2.506082759808919,7.986670131815137,2.175,-0.29693800049743935,-0.2999999999999998
f4855427349f4c33998ed4bacdf74e20,scene-0028,3.7307303180598463,10.285431636171783,0.0,4.6040264968318425,10.285431636171783,1.4249999999999996,4.678990937076403,9.10159657649093,1.5,-0.07496444024456039,-0.0750000000000004
48676dfadb7e4abfacd4ec684182fbdb,scene-0028,4.54105208642776,9.86272539908919,0.0,3.5154713647315643,5.254190594348982,1.0499999999999998,5.066192706785598,8.691181963566033,0.8250000000000002,-1.5507213420540338,0.22499999999999964
e11dfc749a174c5b9c04807dd44048eb,scene-0028,4.308823302178964,10.19187034181647,0.0,4.4190979067942795,6.715224288042399,0.7499999999999998,4.022966674123232,5.591145615776795,0.4499999999999995,0.39613123267104733,0.30000000000000027
03f0ff95697543d2a63bf2ecc88c2f14,scene-0028,3.10545643385659,5.5942954669786715,0.0,3.116879593020825,4.4958621980321,0.4500000000000004,2.2099641298047494,4.4958621980321,1.125,0.9069154632160754,-0.6749999999999996
be4d6ffa6ec14e9ab422a1c6f74c8818,scene-0028,4.157975395819431,25.37344433608043,0.0,2.0006483971916134,4.228347513218562,4.524481523099465,1.3187294757659551,1.0225786970928659,4.254553039033082,0.6819189214256582,0.2699284840663827
29f1d24272df4ee289273295c188b759,scene-0028,1.9114523453833854,4.327041030665779,0.0,2.8106642755867712,7.965450823633147,1.0743416490252562,2.056521457879149,4.327041030665779,0.30000000000000004,0.7541428177076224,0.7743416490252562
accfc202aad04ab88921c3f18f472e7c,scene-0028,1.3614836523697547,2.8287987653473627,0.0,1.7424121426663306,2.8287987653473627,0.6000000000000001,1.4784429665403092,2.8287987653473627,0.22499999999999987,0.26396917612602144,0.3750000000000002
1cd5675706444c709853445988445db8,scene-0028,4.695615007491962,29.40987819293058,0.0,2.40301273041782,7.368485411035299,6.399461621168443,2.649013009067632,7.368485411035299,6.633500991945951,-0.2460002786498121,-0.23403937077750747
b34b1b14b39242bb93f588dde535d6a0,scene-0028,1.540571789146659,4.815519802873606,0.0,2.859517855935654,5.997904985210584,2.84076189763871,2.859517855935654,5.997904985210584,2.84076189763871,0.0,0.0
9b155907cdbe4825b2c9ef7d59eec965,scene-0028,2.0547925387998696,6.9425030676626935,0.0,2.913502482788203,6.9425030676626935,1.3067681125447155,2.913502482788203,6.9425030676626935,1.3067681125447155,0.0,0.0
bf6a901eb1df4fbfacb12183fc82c240,scene-0028,1.8641290740034386,3.7696766167531277,0.0,2.7699023527172533,7.984917336100188,2.946989471330694,2.7699023527172533,7.984917336100188,2.946989471330694,0.0,0.0
94ba4bb5b423408fb6a140798968e98d,scene-0028,2.013655833847493,3.9891097131228115,0.0,3.080376435784817,4.600909940424097,2.4000000000000004,3.080376435784817,4.600909940424097,2.4000000000000004,0.0,0.0
f00ff0e1da604b63b1189ee4a9f768c2,scene-0028,2.103776414792625,3.9771978426573624,0.0,4.387046504041082,8.565083916348486,2.900233956387365,4.248542753819243,7.489469309049931,2.7502339563873646,0.13850375022183936,0.15000000000000036
3d206a3f1b354cecac72da662d1cc6d4,scene-0028,1.765073246230544,3.1848970055541734,0.0,3.1265323774892173,3.1848970055541734,1.5671783091696838,3.1265323774892173,3.1848970055541734,1.5671783091696838,0.0,0.0
65b19d68b4554811a8a0ffb31d38e999,scene-0028,1.774946337001004,1.1613848585860995,0.0,1.568853052867653,1.1613848585860995,0.638492480697441,1.568853052867653,1.1613848585860995,0.638492480697441,0.0,0.0
8deec6b96f7f498da9d9517feabcb007,scene-0028,3.28163390951159,5.1869222520450045,0.0,2.249059519325704,5.1869222520450045,1.1526987657639733,1.9817409368602596,1.3874376725882964,1.6101252292834323,0.2673185824654445,-0.4574264635194589
584d6df66ae6499ab8527f8521ca32fc,scene-0028,4.117620219194631,1.1271406074751926,0.0,1.6512323248693757,1.1271406074751926,2.7680568978773654,1.6512323248693757,1.1271406074751926,2.7680568978773654,0.0,0.0
e5d3d7e6453a484daaf5f596e97570cc,scene-0028,1.7489461361010497,2.642942834468577,0.0,2.960086544528408,2.642942834468577,1.2996730336150153,2.8843729601424126,2.642942834468577,1.7570994971344742,0.07571358438599551,-0.4574264635194589
f4d031beba464ce6ad8ab92d2086d6d3,scene-0028,1.6617286142247414,3.6797592709783915,0.0,0.9155797276519517,2.490446129224623,1.9959189442168992,0.9155797276519517,2.490446129224623,1.9959189442168992,0.0,0.0
a109b976598c4460bee1b79902b787e3,scene-0028,1.6272913093929549,2.0246808224773587,0.0,0.7875276521714045,0.913000771621696,1.2927050983124846,1.0987446943498118,2.0246808224773587,0.6000000000000003,-0.3112170421784073,0.6927050983124843
def5219ae4bb4a4bb927fc798e5b7a78,scene-0028,0.8763327868948678,1.0070560375425932,0.0,0.6300813311524924,3.7214228139204724,0.9749999999999996,0.6300813311524924,3.7214228139204724,0.9749999999999996,0.0,0.0
aa73183cfd5c4501aa4b1425ce0a98f6,scene-0028,0.7221703325949829,0.13789119081042817,0.0,0.7619806082993164,1.333920090338029,1.2750000000000001,0.7619806082993164,1.333920090338029,1.2750000000000001,0.0,0.0
85fb025a1b014374a267ad70a044d148,scene-0028,1.5437544301863437,1.2522553118328918,0.0,2.6789857107525634,9.547783594335174,4.199999999999999,2.7538455545106943,9.547783594335174,4.2749999999999995,-0.07485984375813093,-0.07500000000000018
6a0391f7241546c1bcb33ee6976c68b8,scene-0028,1.618062182561717,0.3344199557963785,0.0,3.8634646757185394,10.465642281131869,5.475,3.7888162254810873,10.465642281131869,5.3999999999999995,0.07464845023745204,0.07500000000000018
849d5acd29f643ab832e6a0c12b38715,scene-0028,4.397614964910791,5.585097598293383,0.0,5.131106089130871,10.015182565365164,9.524999999999999,5.206105270141306,10.015182565365164,9.599999999999998,-0.07499918101043512,-0.07499999999999929
c210d2a3c65148019cbebe3eef0c9540,scene-0028,3.2150500241412754,3.885171733107008,0.0,6.312808253743258,10.515600618237954,9.524999999999999,6.387802166816174,10.515600618237954,9.599999999999998,-0.07499391307291603,-0.07499999999999929
2b297685ee644a94bcfebde73186796d,scene-0028,2.167776601008716,2.5068836534169145,0.0,2.167776601008716,2.5068836534169145,0.0,2.167776601008716,2.5068836534169145,0.0,0.0,0.0
386cf99395154f089c40658a1903df65,scene-0028,1.3456032829584474,1.4916645022659156,0.0,1.3456032829584474,1.4916645022659156,0.0,1.3456032829584474,1.4916645022659156,0.0,0.0,0.0
d3e10ee0920e4097ac5cfea1dd9c6176,scene-0028,0.7587319446290572,0.8081849122659748,0.0,0.7587319446290572,0.8081849122659748,0.0,0.7587319446290572,0.8081849122659748,0.0,0.0,0.0
20d3a69979874bae88d539b06e3d103a,scene-0029,0.22393914850882507,0.22413382157371786,0.0,0.22393914850882507,0.22413382157371786,0.0,0.22393914850882507,0.22413382157371786,0.0,0.0,0.0
30d2d1e393ef48b1a3f866d8519dceda,scene-0029,0.2238905247564506,0.22405714897614432,0.0,0.2238905247564506,0.22405714897614432,0.0,0.2238905247564506,0.22405714897614432,0.0,0.0,0.0
8fc2c834003544c095b1e38c78b20e72,scene-0029,0.2238497319892043,0.22399293461473793,0.0,0.2238497319892043,0.22399293461473793,0.0,0.2238497319892043,0.22399293461473793,0.0,0.0,0.0
047f8d54fab943b5b08b950bd2d1123a,scene-0029,0.22381472464635668,0.22393777342598317,0.0,0.22381472464635668,0.22393777342598317,0.0,0.22381472464635668,0.22393777342598317,0.0,0.0,0.0
d5009be182224f989fafdde7b6635032,scene-0029,0.2237852784797966,0.22389123267402156,0.0,0.2237852784797966,0.22389123267402156,0.0,0.2237852784797966,0.22389123267402156,0.0,0.0,0.0
0aa8264e9c3e4270a6bc5ee4c417946c,scene-0029,0.2237598219770491,0.2238507779949913,0.0,0.2237598219770491,0.2238507779949913,0.0,0.2237598219770491,0.2238507779949913,0.0,0.0,0.0
cd71f915b2ef4bf3be01e19f0e3b2f35,scene-0029,0.22373827251227216,0.2238165713071862,0.0,0.22373827251227216,0.2238165713071862,0.0,0.22373827251227216,0.2238165713071862,0.0,0.0,0.0
4c45aca6e9b747ebb5480f51b640d491,scene-0029,0.22371974298828753,0.22378696224715736,0.0,0.22371974298828753,0.22378696224715736,0.0,0.22371974298828753,0.22378696224715736,0.0,0.0,0.0
043dd37c4abb4970a148404098f7b7ab,scene-0029,0.22370693919746315,0.22376642131409152,0.0,0.22370693919746315,0.22376642131409152,0.0,0.22370693919746315,0.22376642131409152,0.0,0.0,0.0
c03d17123c6345f1a4626c6245b2c962,scene-0029,0.22369300884219398,0.2237439684611243,0.0,0.22369300884219398,0.2237439684611243,0.0,0.22369300884219398,0.2237439684611243,0.0,0.0,0.0
008c89588f2c409a897a8136668b363e,scene-0029,0.22367890308768495,0.22372121661926786,0.0,0.22367890308768495,0.22372121661926786,0.0,0.22367890308768495,0.22372121661926786,0.0,0.0,0.0
0c7e29325ae5462ca0fd1d45b2fcda8b,scene-0029,0.22366871873938976,0.22370518544192508,0.0,0.22366871873938976,0.22370518544192508,0.0,0.22366871873938976,0.22370518544192508,0.0,0.0,0.0
7bfb0fad8b034ca1b4542325e58b7377,scene-0029,0.2236597380414076,0.2236910730562867,0.0,0.2236597380414076,0.2236910730562867,0.0,0.2236597380414076,0.2236910730562867,0.0,0.0,0.0
f3d7cea3b7fb44f0a47a88f6223e6760,scene-0029,0.2236523657814306,0.22367913630870265,0.0,0.2236523657814306,0.22367913630870265,0.0,0.2236523657814306,0.22367913630870265,0.0,0.0,0.0
202d65a85c79410f9056991d2b8ca95e,scene-0029,0.22364574045736202,0.22366874314307386,0.0,0.22364574045736202,0.22366874314307386,0.0,0.22364574045736202,0.22366874314307386,0.0,0.0,0.0
34caa21ef8594cb188bc52649f57e4b3,scene-0029,0.2236403111987902,0.22366030170725992,0.0,0.2236403111987902,0.22366030170725992,0.0,0.2236403111987902,0.22366030170725992,0.0,0.0,0.0
6f4d050b67344de3b85303fd7801d3bb,scene-0029,0.22363657465749068,0.22365456579119664,0.0,0.22363657465749068,0.22365456579119664,0.0,0.22363657465749068,0.22365456579119664,0.0,0.0,0.0
3f6274610db64041975221d29fa44573,scene-0029,0.223632939347223,0.22364882973592942,0.0,0.223632939347223,0.22364882973592942,0.0,0.223632939347223,0.22364882973592942,0.0,0.0,0.0
c71a1f1602fb4a4cbf52d990d5d101d4,scene-0029,0.22362950058129313,0.2236432936251747,0.0,0.27246561249818996,0.2236432936251747,0.07499999999999996,3.8597151566331576,0.2236432936251747,3.899999999999999,-3.5872495441349677,-3.8249999999999993
637373c92ca04e68b604ffe4487f2cbe,scene-0029,0.22362690425953818,0.22363914855147443,0.0,0.2724630342851352,0.22363914855147443,0.07499999999999996,0.2724630342851352,0.22363914855147443,0.07499999999999996,0.0,0.0
ff51a4dad44a4fa089a20b088fb33ab9,scene-0029,0.22362395488158637,0.2236344811326597,0.0,0.22362395488158637,0.2236344811326597,0.0,0.22362395488158637,0.2236344811326597,0.0,0.0,0.0
5680e9fda9e64e4aaa54af716b1c804f,scene-0029,0.2236218848986524,0.22363077784600044,0.0,0.2236218848986524,0.22363077784600044,0.0,0.2236218848986524,0.22363077784600044,0.0,0.0,0.0
c2167aa0fa674d1da8fb84b4de4c31e3,scene-0029,0.22362007065287404,0.22362763008024408,0.0,0.22362007065287404,0.22362763008024408,0.0,0.22362007065287404,0.22362763008024408,0.0,0.0,0.0
a88de97710c144abad967a140ec9354a,scene-0029,0.22361830443751007,0.22362472507801276,0.0,0.22361830443751007,0.22362472507801276,0.0,0.22361830443751007,0.22362472507801276,0.0,0.0,0.0
c11b4b82b0cf4292b5cc446ac74d7958,scene-0029,0.22361648711661006,0.22362197114406282,0.0,0.22361648711661006,0.22362197114406282,0.0,0.22361648711661006,0.22362197114406282,0.0,0.0,0.0
a3cfa2ae8cff49eba4f9133706010c86,scene-0029,0.2236152422438154,0.22362002395327754,0.0,0.2236152422438154,0.22362002395327754,0.0,0.2236152422438154,0.22362002395327754,0.0,0.0,0.0
21264665e06c47f080828a1be4e7c242,scene-0029,0.223613825976936,0.22361793704494543,0.0,0.223613825976936,0.22361793704494543,0.0,0.223613825976936,0.22361793704494543,0.0,0.0,0.0
e43dc0bf8d214db1a9ed030c4d4b6c8a,scene-0029,0.22361277747650338,0.22361644928686872,0.0,0.22361277747650338,0.22361644928686872,0.0,0.22361277747650338,0.22361644928686872,0.0,0.0,0.0
170cf44f4b394e639564bd69ff0829c7,scene-0029,0.2236118337088407,0.22361471370319896,0.0,0.2236118337088407,0.22361471370319896,0.0,0.2236118337088407,0.22361471370319896,0.0,0.0,0.0
a87adcb824f54f29a34b07985b3d5611,scene-0029,0.22361121021417077,0.2236135407760943,0.0,0.22361121021417077,0.2236135407760943,0.0,0.22361121021417077,0.2236135407760943,0.0,0.0,0.0
d3133b05709f430f88878bb32a87677f,scene-0029,0.2236106087237497,0.22361315324238867,0.0,0.2236106087237497,0.22361315324238867,0.0,0.2236106087237497,0.22361315324238867,0.0,0.0,0.0
263fe6da3d174b45aab50a866d33a89c,scene-0029,0.22361007281271794,0.22361195872123454,0.0,0.22361007281271794,0.22361195872123454,0.0,0.22361007281271794,0.22361195872123454,0.0,0.0,0.0
bb972993952a499d8ed1a19fb2c52dd2,scene-0030,3.4181271666991773,11.204641205874424,0.0,3.666126925893413,11.204641205874424,0.3927050983124841,3.666126925893413,11.204641205874424,0.3927050983124841,0.0,0.0
ad16c683b38243f1bf1c4afaaa71cd3c,scene-0030,2.9500470297133083,9.853997528111934,0.0,3.1936407257212087,8.657369072454536,0.5427050983124838,3.1936407257212087,8.657369072454536,0.5427050983124838,0.0,0.0
663a78de1dd74f3a97e4e6c0a0b1f1dc,scene-0030,2.8911993765401323,9.664875574283775,0.0,3.2443246717565994,9.664875574283775,0.4677050983124843,3.2443246717565994,9.664875574283775,0.4677050983124843,0.0,0.0
071f9d7f2c4f48fcb72fc17756bedfa7,scene-0030,2.335858088697634,1.1636784082482712,0.0,3.208903493292608,9.450245832029172,0.9980351842023952,2.9975423300718846,9.450245832029172,0.7730351842023954,0.2113611632207233,0.22499999999999987
3f68cbbc204e42f797a5067240edcccf,scene-0030,2.498647680653726,7.808106958912249,0.0,2.6977894455381746,6.611517077124637,0.5427050983124846,2.6977894455381746,6.611517077124637,0.5427050983124846,0.0,0.0
bcb22b3f028c4e6289864df5ddbd2b4b,scene-0030,2.2921930878841588,7.239496572615297,0.0,2.7825859673743616,7.239496572615297,0.6177050983124845,2.7825859673743616,7.239496572615297,0.6177050983124845,0.0,0.0
62898c8684834ac48719edbbf9223bb2,scene-0030,2.316568511204819,5.596529862043774,0.0,2.0997696546928846,0.9308289101843964,0.3842329219213245,2.0997696546928846,0.9308289101843964,0.3842329219213245,0.0,0.0
1cff332ca9fe445aad327bdd01c29e70,scene-0030,2.6941975606240427,7.465431569025144,0.0,2.38975153895076,1.4342902056415692,0.457426463519459,2.38975153895076,1.4342902056415692,0.457426463519459,0.0,0.0
4ec4d59515d94d4697fdbb1fa33b0015,scene-0030,2.213992404391888,0.9774174229632117,0.0,2.213992404391888,0.9774174229632117,0.0,2.213992404391888,0.9774174229632117,0.0,0.0,0.0
bc9925b35d7045f59dc456b6308b102e,scene-0030,2.332927753040391,2.985178177576572,0.0,1.8101111240672303,0.585682491945557,0.6842329219213246,1.8850847725673656,1.7852608679477233,0.6092329219213248,-0.07497364850013533,0.07499999999999973
d7f960507ad941dc9f2c10e5b3936d8d,scene-0030,2.363215071179199,3.927961131696254,0.0,1.7869501596891362,2.728543925858479,0.8324264635194589,1.7869501596891362,2.728543925858479,0.8324264635194589,0.0,0.0
23f9e9c26d4c47a5afea459f1e7437a6,scene-0030,2.8063255377444962,8.82074615102958,0.0,1.5125559814881453,2.7251141712732703,1.4398529270389178,1.731600058830913,2.7251141712732703,1.2148529270389177,-0.21904407734276776,0.2250000000000001
e79cc0b4bfe54affa3b3371f83eb62ff,scene-0030,2.8771008584904547,9.030059530804913,0.0,2.2211191594140303,1.7546089606679285,0.9812071897723663,2.2179897376569215,2.9544846848974706,1.4398529270389173,0.00312942175710873,-0.458645737266551
471efc3eb8d744c7b7f36ffca98471d2,scene-0030,1.95534685898979,1.0090594907500148,0.0,1.5022039887893,1.0090594907500148,0.5999999999999999,1.1706693019750714,1.0090594907500148,1.0592329219213241,0.3315346868142286,-0.45923292192132426
5dd6067864c34caa91264e5bce18580e,scene-0030,2.0680919139389538,4.924970256966557,0.0,1.5811097784140868,4.924970256966557,0.6749999999999998,1.4521395768296632,4.924970256966557,0.6749999999999998,0.12897020158442363,0.0
3b88aaf7a61c4c25ba12d3fb2d1c33e3,scene-0030,1.602375730720618,4.046425315040337,0.0,1.180822893006166,4.046425315040337,0.9177050983124839,2.076702004153399,4.046425315040337,1.8026751635713645,-0.8958791111472331,-0.8849700652588806
e403de6d34234e4c9ff130b503eddc8a,scene-0030,1.8348308861220002,4.203005213153687,0.0,1.2470282116374993,1.8147766922932451,1.1371708245126282,1.2470282116374993,1.8147766922932451,1.1371708245126282,0.0,0.0
97df8d32f954486d8b1b47349d45e2f3,scene-0030,1.9953667072778885,4.210392042531017,0.0,1.3731084972105512,1.8118236964138155,0.6749999999999998,1.3731084972105512,1.8118236964138155,0.6749999999999998,0.0,0.0
4da483152c61425ea2d44a8fafea9380,scene-0030,2.096063557290587,5.176869133186294,0.0,1.9546610441621952,5.176869133186294,0.23717082451262858,1.9546610441621952,5.176869133186294,0.23717082451262858,0.0,0.0
85bd3055729a4abdbeaca9c2a539e4c2,scene-0030,2.2497999531151627,4.481671715694649,0.0,2.251837983849757,5.6772159411418475,0.2427050983124846,2.251837983849757,5.6772159411418475,0.2427050983124846,0.0,0.0
29924498950847cf978e6bab1c42722c,scene-0030,3.689865705650829,6.8868452305265695,0.0,3.6148749932063144,6.8868452305265695,0.07499999999999996,3.6148749932063144,6.8868452305265695,0.07499999999999996,0.0,0.0
17893294a75d4ec1918cba9c0c358de1,scene-0030,3.491071715490884,5.357616779552572,0.0,3.284195886307208,5.357616779552572,0.24270509831248419,3.284195886307208,5.357616779552572,0.24270509831248419,0.0,0.0
0d2c39d562e7477fa7b158cd1478667c,scene-0030,3.9940178491265517,5.984862147761148,0.0,3.4197081046048594,4.806726267239792,0.6177050983124838,3.564313817594926,4.806726267239792,0.46770509831248386,-0.14460571299006642,0.1499999999999999
6891260ad7c84844b5e74faf17303fff,scene-0030,3.728736108956376,6.317570630466358,0.0,3.717661488164912,6.317570630466358,0.07500000000000018,3.717661488164912,6.317570630466358,0.07500000000000018,0.0,0.0
e5f7835a5b9a48d295e3cc35760ae5ee,scene-0030,4.483942770821632,3.8414537975075618,0.0,3.095746160586327,1.7626488171510541,1.4250000000000003,3.095746160586327,1.7626488171510541,1.4250000000000003,0.0,0.0
73f682825d594fc8a0a8280a2aec0f82,scene-0030,4.105790008097169,3.677162738314359,0.0,2.81037329767115,2.650312254431711,1.35,2.81037329767115,2.650312254431711,1.35,0.0,0.0
442412fd5e5a4574bc6702fc7e469f61,scene-0030,8.6878718345742,12.667643821552533,0.0,8.6878718345742,12.667643821552533,0.0,8.6878718345742,12.667643821552533,0.0,0.0,0.0
713e6b367a92472b8ac8b6ed90062347,scene-0030,7.373468684796495,10.374782976582834,0.0,7.373468684796495,10.374782976582834,0.0,7.373468684796495,10.374782976582834,0.0,0.0,0.0
a2c2773bd2634124b441f16ecff4265b,scene-0030,6.2108239940288295,8.419531412110235,0.0,6.2108239940288295,8.419531412110235,0.0,6.2108239940288295,8.419531412110235,0.0,0.0,0.0
e9c6888ba9c542b8ad820b6e1cc2790a,scene-0030,4.8140086640801565,6.307046618760358,0.0,5.375447301946162,13.57581835961287,9.924141217282497,5.375447301946162,13.57581835961287,9.924141217282497,0.0,0.0
c60ad5d158654623ad2ff82454ea09a5,scene-0030,3.0523461312913245,4.796088036089906,0.0,5.678628695359109,11.448696239187369,7.996665086693231,5.678628695359109,11.448696239187369,7.996665086693231,0.0,0.0
655613c5a57d4ad3a3062d3110e608c2,scene-0030,3.8904851366463653,3.9971299449956534,0.0,7.570478854939902,12.141020215291276,5.8124369881043805,7.570478854939902,12.141020215291276,5.8124369881043805,0.0,0.0
64dd47bcaabc44279c9be12aab064752,scene-0031,3.061324965639699,8.127323761177946,0.0,2.9116881192069712,6.933126113840268,0.15000000000000036,2.9116881192069712,6.933126113840268,0.15000000000000036,0.0,0.0
00e3ea12ab3c40ca85b5d19afe3df599,scene-0031,2.5405651401606666,4.251341597230561,0.0,2.4704940047936974,4.251341597230561,0.07499999999999973,2.4704940047936974,4.251341597230561,0.07499999999999973,0.0,0.0
a99d085974cb44b78145e3a10ce2b510,scene-0031,3.458300772893472,7.114192243342713,0.0,2.9401253561193217,7.114192243342713,0.6927050983124845,2.7157977719291204,4.719089554819818,0.7677050983124842,0.22432758419020127,-0.07499999999999973
273ee10b061744d8a23f353cc0dd1973,scene-0031,3.3734884812158605,5.962482171092755,0.0,2.929901115393487,5.962482171092755,0.45923292192132437,3.3734884812158605,5.962482171092755,0.0,-0.4435873658223737,0.45923292192132437
c22473b6b93c4dda86c14887f2f8a2a1,scene-0031,2.553127381174212,5.705751414886923,0.0,2.3412482378828723,4.5150808119312025,0.22499999999999964,2.3280578038736612,2.1648708501524125,0.4060660171779822,0.01319043400921105,-0.18106601717798254
ae73ef54e4eb4c2ca04c2b56ed903dfe,scene-0031,1.6768251611057239,3.3936169565707823,0.0,2.112386632075956,5.672527860418282,0.4500000000000002,2.2853955368733994,5.672527860418282,0.6871708245126288,-0.17300890479744346,-0.2371708245126286
f0ef9aebf32f4ffc973bbab492c2c333,scene-0031,2.2642807242061695,7.215738742126905,0.0,2.2642807242061695,7.215738742126905,0.0,2.7087290346802293,7.215738742126905,0.44999999999999996,-0.44444831047405975,-0.44999999999999996
4770d6bde82346f5bc0549ac737fad0a,scene-0031,1.7037941146260271,3.4064201596123413,0.0,2.4363521370434666,4.4882889877658405,0.8427050983124847,3.481530838086793,9.847404472651807,1.9043671799177475,-1.0451787010433264,-1.0616620816052627
f50583c5c89240ea98ae6f977afa2260,scene-0031,2.5926113740766707,5.183010548530636,0.0,2.4970998109618634,5.183010548530636,0.6354101966249686,2.5592004966714317,6.1766215198837315,0.7104101966249687,-0.06210068570956828,-0.07500000000000018
505b846ded6c4469b2c48a6f99c1c7b1,scene-0031,3.2431148619140036,7.177454254607366,0.0,3.2811888918542778,8.093843807783413,0.8298371326684487,3.266169047285964,9.569980716408502,1.542282643736596,0.015019844568313623,-0.7124455110681472
b18eddcbf30e49a59ccb64e6ee3f7645,scene-0031,2.8790624355632874,3.193062830489563,0.0,10.059683109294255,23.035001060693766,7.411083870348804,2.655391888903309,5.661047977565437,0.5475422309809328,7.404291220390946,6.863541639367871
0723a8ca18824b5ea36ae831977f6b3c,scene-0031,4.901737646806241,10.789668929698415,0.0,4.978726103091318,8.047542792205718,1.137170824512628,4.959699572931669,10.789668929698415,0.39270509831248435,0.019026530159648836,0.7444657262001436
982d107c70d84c5294032002bf9d19f4,scene-0031,3.6165203480749897,5.486877741909635,0.0,3.329549040879932,5.486877741909635,0.5371708245126283,3.329549040879932,5.486877741909635,0.5371708245126283,0.0,0.0
3b775ef6723e416f9dcd26e116a756df,scene-0031,2.418275349416942,5.355356294965509,0.0,2.463344645794269,4.6207958397877045,0.6325483800157634,4.3573321474631594,36.61474322599602,2.2120064878978862,-1.8939875016688905,-1.5794581078821228
9426bcaf73314a55b5bfba2791ca97bf,scene-0031,2.3780985654643962,4.63237894892788,0.0,2.354920078746755,4.63237894892788,0.31217082451262823,2.280389726515655,4.63237894892788,0.5553688760465749,0.0745303522310996,-0.2431980515339467
6d9d99ad7cbb498ba899bd789d7b2283,scene-0031,2.4965333995618297,5.329500788352379,0.0,2.3061364948274194,4.6595020964778895,0.2250000000000001,2.3061364948274194,4.6595020964778895,0.2250000000000001,0.0,0.0
dc8486592de94489b1c76a379fda719b,scene-0031,2.801751040851445,6.671356907887762,0.0,2.4035672419356984,6.671356907887762,0.5914762138029511,2.4035672419356984,6.671356907887762,0.5914762138029511,0.0,0.0
c7f7190397824cc7bdb813e4947064f6,scene-0031,3.451267486867765,9.245001517948142,0.0,3.718277673596321,8.339694851742705,0.4237711154904662,3.718277673596321,8.339694851742705,0.4237711154904662,0.0,0.0
7a6b6e8af79d45c78614e2e6acf14c89,scene-0031,3.4844508846148963,6.853010948832737,0.0,3.286462231957035,8.508362938884439,0.49926406871192824,3.384124393913617,8.508362938884439,0.3931980515339463,-0.09766216195658206,0.10606601717798192
e41443d5aa9142cda7e1eae6fe5a4241,scene-0031,3.8481721700479,6.757940980748761,0.0,3.287026567229953,6.757940980748761,0.971313346471399,3.705054036044435,6.757940980748761,0.5298371326684486,-0.4180274688144823,0.44147621380295043
d94d3bb0e241476cb3ebf32cc5abe31b,scene-0031,5.883964726301311,11.54756358759021,0.0,5.263006392209231,12.92059883378095,0.8463521366280633,5.13437067854508,12.92059883378095,1.0140572349405474,0.12863571366415094,-0.16770509831248415
653aafa00f754234b9872a58f975f56b,scene-0031,6.396276855846696,13.168233648062253,0.0,5.946964796552618,11.969398265643912,0.6000000000000005,6.623874347961234,13.168233648062253,0.6824264635194592,-0.6769095514086159,-0.0824264635194587
66717a3d228f440a861fcda56e84f76a,scene-0031,6.995586048491031,13.862400655542467,0.0,5.727281515526961,12.664602286700209,1.2749999999999997,5.950623977765257,12.664602286700209,1.0499999999999998,-0.22334246223829624,0.22499999999999987
d32a87c0ddfb4421b09fc0c3460cf159,scene-0031,5.643460636346477,12.849176263423763,0.0,4.526245701797853,12.849176263423763,1.1249999999999996,4.526245701797853,12.849176263423763,1.1249999999999996,0.0,0.0
7d1bf4d4ec5648c8b932e916b1d5223c,scene-0031,3.3327944748307763,2.9939624065253536,0.0,1.7293641701209597,2.9939624065253536,1.8053300858899106,1.7293641701209597,2.9939624065253536,1.8053300858899106,0.0,0.0
c2b0757b22f748a0a8c600d6cdad8c05,scene-0031,6.157943776799221,14.498490805990391,0.0,1.4453586954312785,2.4872705736009597,6.6140030128666005,1.279914052357689,2.4872705736009597,5.635883419457178,0.16544464307358941,0.9781195934094224
401c8c710c3b4f6f9e6ef8a5de6022d0,scene-0031,4.065349470998225,9.90184021911368,0.0,1.4094745850794355,1.120735563548929,4.6583077707206115,1.1790509629998707,1.120735563548929,3.4541538853603058,0.2304236220795648,1.2041538853603058
e71f2d1521e4479c8989ee3b3db48a4a,scene-0031,4.9656495385691155,7.2430046084406685,0.0,1.2357335157717682,1.1244057832093246,4.049999999999999,2.3553377506586117,6.0603886997834575,2.7,-1.1196042348868436,1.3499999999999988
800720f7b8c44e8f81db27ca3e9d651f,scene-0031,3.6017477217326954,5.630384742474835,0.0,14.537590375549954,39.1958705290236,12.974999999999998,1.1565703149388205,0.7873857026754889,2.625,13.381020060611133,10.349999999999998
94719139ae16433bb563d9772644db0d,scene-0031,3.022589176199846,4.782129380522221,0.0,6.473669929644001,38.37621440701044,4.799999999999999,6.473669929644001,38.37621440701044,4.799999999999999,0.0,0.0
9de854f284b945df91b6f679c2593c85,scene-0031,2.7865547619695343,3.873463990570716,0.0,20.710440471976597,37.47233885602733,17.924999999999997,2.2616436788636616,3.873463990570716,0.5249999999999992,18.448796793112933,17.4
9aaa0c5d15694673871772c685fbfae5,scene-0032,2.165157491258372,6.443923389820365,0.0,2.7104459215404315,13.83101924281024,1.2749999999999997,2.7104459215404315,13.83101924281024,1.2749999999999997,0.0,0.0
3f96a29d46084f43aca1dfdd3840a98b,scene-0032,5.465797456507057,17.925389257643975,0.0,4.157190145201551,17.925389257643975,4.35733592239704,4.157190145201551,17.925389257643975,4.35733592239704,0.0,0.0
4eedf7c1cd0d49349d2c2450edd1989d,scene-0032,1.909778791563884,7.633273682036063,0.0,6.832757043710002,16.30102903831202,6.370461992806202,6.832757043710002,16.30102903831202,6.370461992806202,0.0,0.0
f069f4c2bb91479db96f8702eeaf5f85,scene-0032,0.7961740148514191,1.1129774575436198,0.0,0.8859463071865499,1.1129774575436198,0.10606601717798222,0.8395343316659412,1.1129774575436198,0.28713203435596446,0.04641197552060872,-0.18106601717798224
d538bb728f8f40698d8147a0361a6e92,scene-0032,1.2681633991010348,2.640376316108016,0.0,1.5361471748249655,2.640376316108016,0.28713203435596446,1.5361471748249655,2.640376316108016,0.28713203435596446,0.0,0.0
97f1dba070874a2996ca717b112be788,scene-0032,2.0877941721092537,4.468199578837802,0.0,2.0877941721092537,4.468199578837802,0.0,2.0877941721092537,4.468199578837802,0.0,0.0,0.0
17a9d3f4cf624ab38bee0b73ccb77e2e,scene-0032,2.5125641493183126,3.4697727194782755,0.0,2.5154651376815726,3.4697727194782755,0.18106601717798218,2.5154651376815726,3.4697727194782755,0.18106601717798218,0.0,0.0
c7ef305389fd4fa2b19ab0f7447d9206,scene-0032,2.1579760540203723,3.773477514378754,0.0,2.5127047015561903,3.773477514378754,0.4992640687119282,2.5127047015561903,3.773477514378754,0.4992640687119282,0.0,0.0
1de8245a7c92454a81b13883ae1a5eca,scene-0032,1.6354743154523994,2.312148688426659,0.0,2.127791183227955,3.9189065644992,0.7109031498464307,2.127791183227955,3.9189065644992,0.7109031498464307,0.0,0.0
81e2df0d68144fc1bca59c11e4f1c3ff,scene-0032,1.621551909951763,3.9872367960854085,0.0,2.4291890547153616,3.9872367960854085,1.0773793636493814,2.267602667236863,3.9872367960854085,0.9096742653368973,0.1615863874784984,0.16770509831248404
53adf8a1d9254baebf4e70c437551f52,scene-0032,0.9723645972579622,1.3428744251128446,0.0,1.4184726157347631,1.3428744251128446,0.8041012013803768,1.4184726157347631,1.3428744251128446,0.8041012013803768,0.0,0.0
3a6637b4d76e4008b8d6ddd19be2a833,scene-0032,2.1398770667281983,5.840699916309801,0.0,1.0829553913176095,1.4397656015751268,1.7715633216262512,1.0829553913176095,1.4397656015751268,1.7715633216262512,0.0,0.0
574868cbb9a14387b34c782533dc24ec,scene-0032,3.171872676103381,11.040775222261423,0.0,0.9517943489887833,0.36818743993193875,3.482804534799927,0.9235829637264099,1.9441846184257419,3.11355083068887,0.028211385262373434,0.3692537041110566
0fbd36207be943fa874684ffb22bf256,scene-0032,1.2150057575373654,2.434714476564145,0.0,1.132272072177362,2.0450872671877547,1.66978682661148,1.132272072177362,2.0450872671877547,1.66978682661148,0.0,0.0
5841c653b5584a9da83e9bce04634736,scene-0032,1.8594235034226698,3.401985361288651,0.0,1.3837952084830807,0.9967619867534673,2.9432066881035057,1.3837952084830807,0.9967619867534673,2.9432066881035057,0.0,0.0
7ac789bdd09e42bfaed9a5507762c888,scene-0032,1.0290072132248076,2.028041631344482,0.0,1.1802170606119566,0.3826482135609389,1.7409937608431265,1.1802170606119566,0.3826482135609389,1.7409937608431265,0.0,0.0
b55fae3bbf8e40c7810f46e7ebc202e0,scene-0032,0.8826941287291308,1.8326264828233294,0.0,1.1850190586530935,0.9512044020919377,0.848035184202395,1.1850190586530935,0.9512044020919377,0.848035184202395,0.0,0.0
3bafc04e6882499da9f2fb01883adeb8,scene-0032,1.0410018413975448,3.697336937887353,0.0,0.8720058639948318,1.0635966962463879,0.5298371326684488,0.8720058639948318,1.0635966962463879,0.5298371326684488,0.0,0.0
14c42b6999fc44b68f0322c882cb8b31,scene-0032,1.6295683497805742,5.732474237610476,0.0,1.4644105152963491,5.732474237610476,0.6053300858899104,1.4644105152963491,5.732474237610476,0.6053300858899104,0.0,0.0
a956b4d52a9e40ac922d19d292c8b2d9,scene-0032,2.9095396536772786,5.992664764988911,0.0,1.910183626022365,5.992664764988911,1.3893643319168507,1.910183626022365,5.992664764988911,1.3893643319168507,0.0,0.0
0f8910c8005d43029efa7de74e59ab44,scene-0032,4.764339844480009,12.860628919448134,0.0,4.480405193201769,12.860628919448134,0.33541019662496846,4.480405193201769,12.860628919448134,0.33541019662496846,0.0,0.0
e161fe6b9dfb4740b79775873c1f7ec6,scene-0032,6.287711896872394,13.617723740967437,0.0,6.221409874546064,12.55689138374617,0.07499999999999996,6.221409874546064,12.55689138374617,0.07499999999999996,0.0,0.0
e150a41fdffa41a68eec30dfda96bb2f,scene-0032,4.061932749396657,5.964802315928763,0.0,4.699458022361465,5.964802315928763,0.9361709421551333,4.699458022361465,5.964802315928763,0.9361709421551333,0.0,0.0
3e2583bef9e849a192c3c4ea21768237,scene-0032,4.812066420881569,11.696816723861424,0.0,3.8634260567287617,10.54449919361111,0.9824264635194588,3.8634260567287617,10.54449919361111,0.9824264635194588,0.0,0.0
57eff8c75c0b415496e47d9084888fc4,scene-0032,3.908552856090664,11.182657967389357,0.0,2.661492464809545,3.9150180936756285,1.2886336532918254,2.661492464809545,3.9150180936756285,1.2886336532918254,0.0,0.0
386e57ff5f244019a1b9bf94c82149c2,scene-0032,4.35036945856009,7.929371240332063,0.0,4.27889052914947,7.929371240332063,0.07500000000000018,4.27889052914947,7.929371240332063,0.07500000000000018,0.0,0.0
c162262f72994dbbab45c8fbb9bca442,scene-0032,4.968025748521394,10.533781463524353,0.0,4.968025748521394,10.533781463524353,0.0,4.968025748521394,10.533781463524353,0.0,0.0,0.0
fb9345e0cbf14c77bf67d30ed537df10,scene-0032,4.799709124053946,8.191816905766034,0.0,4.780988852797638,8.191816905766034,0.3177050983124841,4.780988852797638,8.191816905766034,0.3177050983124841,0.0,0.0
803e05d7ad2d4db5b7f5f0e1039bd322,scene-0032,5.190449175764083,10.459747054926233,0.0,5.044537089905571,10.459747054926233,0.15000000000000013,5.044537089905571,10.459747054926233,0.15000000000000013,0.0,0.0
e911f9e43fdc4d449b8ffa68913bb81f,scene-0032,6.863553389752822,14.802384961631518,0.0,6.6398652959728475,14.802384961631518,0.2250000000000001,6.6398652959728475,14.802384961631518,0.2250000000000001,0.0,0.0
fac5a8ceb81b45999571cf96a3562853,scene-0032,5.873904993996182,11.610627861394685,0.0,5.7989268894221855,11.610627861394685,0.07500000000000018,5.7989268894221855,11.610627861394685,0.07500000000000018,0.0,0.0
b909e2457fcb4f448e088c5c5e4c6ebf,scene-0032,5.856192673141518,10.585554705649622,0.0,5.932260051701995,9.385862973033783,0.24270509831248396,5.932260051701995,9.385862973033783,0.24270509831248396,0.0,0.0
3a77c8c2fa724db784cf3513d1a29cac,scene-0033,7.994091241162267,17.426323749584327,0.0,7.920342106900737,17.426323749584327,0.07499999999999996,8.21622473388117,17.426323749584327,0.22499999999999987,-0.29588262698043266,-0.1499999999999999
2e62af9882e144f8adc3d60bbd68804b,scene-0033,7.440557217633963,18.195835867447144,0.0,7.51493285638252,18.195835867447144,0.07500000000000018,7.66352840420241,18.195835867447144,0.22500000000000053,-0.14859554781988926,-0.15000000000000036
688f86c9082242edaa9f4b19d759e3e0,scene-0033,6.011243212294,11.507325110229209,0.0,6.011243212294,11.507325110229209,0.0,6.011243212294,11.507325110229209,0.0,0.0,0.0
96ee33f7aa5e48bbab4b36f7ceead005,scene-0033,5.960370986574668,10.676069210039197,0.0,5.885644220467923,10.676069210039197,0.07499999999999973,5.885644220467923,10.676069210039197,0.07499999999999973,0.0,0.0
ba20a7743bae4d2dabc6be640c66ccc7,scene-0033,5.076596588344008,10.827904704878717,0.0,5.076596588344008,10.827904704878717,0.0,5.076596588344008,10.827904704878717,0.0,0.0,0.0
cb8fbf228afd41fcb6e81ae7fe18ba61,scene-0033,5.461162127434586,10.902860092379248,0.0,5.461162127434586,10.902860092379248,0.0,5.461162127434586,10.902860092379248,0.0,0.0,0.0
ff701e8d5743462ba9f6bc60eff70ab9,scene-0033,6.115303672483415,12.05685376472935,0.0,6.115303672483415,12.05685376472935,0.0,6.115303672483415,12.05685376472935,0.0,0.0,0.0
672b12bead7d47d2a5cb8dc566a114a2,scene-0033,6.399558875178597,10.698447858491795,0.0,6.399558875178597,10.698447858491795,0.0,6.399558875178597,10.698447858491795,0.0,0.0,0.0
0cd37221c4724bfc8e1c369278c49d03,scene-0033,7.042304319451689,10.354039120454418,0.0,7.042304319451689,10.354039120454418,0.0,7.042304319451689,10.354039120454418,0.0,0.0,0.0
868c93c6935944fab6366fcc5de80dfb,scene-0033,7.481752032617415,11.070054066966563,0.0,6.433387966619273,11.070054066966563,1.0621708245126276,6.657979131080361,11.070054066966563,0.8427050983124836,-0.22459116446108762,0.21946572620014393
cdb3834353f14888a0ff07af5a9cf749,scene-0033,8.236054181706972,14.11070997404496,0.0,8.311000707402275,14.11070997404496,0.07500000000000018,8.311000707402275,14.11070997404496,0.07500000000000018,0.0,0.0
f48a2f3579984916b433c86bd1ed849d,scene-0033,8.47356841880518,13.46993658380817,0.0,8.098648332922854,13.46993658380817,0.375,8.098648332922854,13.46993658380817,0.375,0.0,0.0
30941de4be51439f89ed7ea9a0ae0674,scene-0033,7.742206957963926,13.962823649495544,0.0,8.117193678094441,13.962823649495544,0.3750000000000002,9.252432500951961,14.059844550024328,1.5871708245126284,-1.13523882285752,-1.2121708245126281
43d5d31802ee447e9c25966c45e7b698,scene-0033,8.298694215697754,12.209350276972062,0.0,7.550220837605711,9.823664742393952,0.7499999999999996,7.475229899719022,9.823664742393952,0.8249999999999997,0.07499093788668976,-0.07500000000000018
9ca3ae3c6a8b4776b8543bb94f76ce5f,scene-0033,7.052769115489117,11.713830204229264,0.0,8.173088804006216,12.897841718024043,1.125,8.173088804006216,12.897841718024043,1.125,0.0,0.0
0b1755bf21ba4417b5a5c63cf620d36e,scene-0033,7.957373678412947,16.023269582736525,0.0,8.478710170777433,16.023269582736525,0.5249999999999999,8.478710170777433,16.023269582736525,0.5249999999999999,0.0,0.0
a372206e09a446739e6379248264a665,scene-0033,8.456125478878207,15.485374433876446,0.0,9.284746310794798,15.485374433876446,0.8342329219213246,9.284746310794798,15.485374433876446,0.8342329219213246,0.0,0.0
92f7cfd3805042238eebd1fbff915f30,scene-0033,7.486949601033747,11.739466575489242,0.0,7.927719116972025,16.4182537868868,0.44999999999999973,8.680838649923125,16.4182537868868,1.2062071897723665,-0.7531195329511,-0.7562071897723668
803b00748c204b13a2a4cef2d017c5e4,scene-0033,7.655956909062485,15.115152932135283,0.0,7.507920219229195,15.115152932135283,0.15000000000000013,7.805356854460631,15.115152932135283,0.1499999999999999,-0.2974366352314357,2.220446049250313e-16
81917e9b83284a4a8ce0d7945215abe8,scene-0033,7.464022030213673,16.211790142752598,0.0,7.7604580795203955,16.211790142752598,0.2999999999999998,7.7604580795203955,16.211790142752598,0.2999999999999998,0.0,0.0
6d78a78c771f4ba4b1edf393f68d265c,scene-0033,7.3568091320972115,16.125009133733915,0.0,7.505686926846003,16.125009133733915,0.1499999999999999,7.505686926846003,16.125009133733915,0.1499999999999999,0.0,0.0
25cc5360f643439ebd7f0e6ca1571f23,scene-0033,6.3693827347457646,10.998541854761008,0.0,6.516673665651284,10.998541854761008,0.1499999999999999,6.516673665651284,10.998541854761008,0.1499999999999999,0.0,0.0
ffb6606ab731406797655acb2024a502,scene-0033,6.93272018333975,10.818995962004852,0.0,6.93272018333975,10.818995962004852,0.0,6.671675956554612,6.642288333442641,0.30923292192132434,0.2610442267851383,-0.30923292192132434
43d1a2820cca4cb08012305d1cc341e8,scene-0033,6.384805556567311,13.0097007582008,0.0,6.384805556567311,13.0097007582008,0.0,6.188096866623815,9.862361719104868,0.23717082451262858,0.19670868994349622,-0.23717082451262858
8d7ed8e903b5408e964a7c4e066bdf2a,scene-0033,5.4780821198683896,6.014410434066905,0.0,5.4780821198683896,6.014410434066905,0.0,5.113934725261305,6.014410434066905,0.8475422309809328,0.3641473946070848,-0.8475422309809328
870a31d3032a4a4ca166c2212d245532,scene-0033,5.267033728991883,6.259479713815765,0.0,5.267033728991883,6.259479713815765,0.0,5.193126342590073,6.259479713815765,0.07499999999999973,0.07390738640181027,-0.07499999999999973
fd9fd51be8a94204b37937f67853c055,scene-0033,4.204404904515502,4.446338466804081,0.0,4.503973443769843,8.039164022661598,0.4499999999999995,4.204487748821977,8.039164022661598,0.4499999999999995,0.29948569494786614,0.0
5ec52a5436e34d23a36295880d892f83,scene-0033,4.149744026315041,7.536024653920084,0.0,3.8497983210524325,7.536024653920084,0.2999999999999998,3.400020635928518,6.336912550707299,0.7499999999999996,0.4497776851239146,-0.44999999999999973
db0b62b89f3c4d52ac5564a67a03aa68,scene-0033,4.6435412901665085,10.57517635601463,0.0,3.1542230483982987,2.3341742254088573,1.505330085889911,3.220010731536468,3.3867771556195634,1.425,-0.0657876831381694,0.08033008588991097
ae48b4eb1df54a149d78d15286793610,scene-0033,4.382355024510883,7.778654981892022,0.0,2.8092876384097014,6.579216029042193,1.575,2.884252572962816,7.778654981892022,1.4999999999999998,-0.07496493455311448,0.07500000000000018
087066c62df340bba2e4a12936375a4e,scene-0033,2.5110476914602406,3.6608724117794336,0.0,2.2140805097472134,6.060693049731369,0.5999999999999994,2.2890776837104627,7.260647833143359,0.6749999999999996,-0.07499717396324934,-0.07500000000000018
b5b3ab1fcada4eb2a9b9d522ba2c7f44,scene-0033,3.1843088243694395,6.755410826418046,0.0,1.9158662548632481,4.355707237763809,1.2749999999999997,1.990847598321428,5.555527021570236,1.2,-0.07498134345817986,0.07499999999999973
b8aea4184f244ea1a9c9d1ed01ddcf21,scene-0034,4.428272290537635,8.950684763542428,0.0,4.428272290537635,8.950684763542428,0.0,4.428272290537635,8.950684763542428,0.0,0.0,0.0
0bc8f639dc95404ebd8195e45f72adf9,scene-0034,4.378277270455117,10.768917446428429,0.0,4.378277270455117,10.768917446428429,0.0,4.378277270455117,10.768917446428429,0.0,0.0,0.0
f3e3f5d995984303a0e32bee909dd2f6,scene-0034,5.290677041225727,12.549273876671148,0.0,5.290677041225727,12.549273876671148,0.0,5.290677041225727,12.549273876671148,0.0,0.0,0.0
de5b7c0be0764013867c5e741856fce2,scene-0034,6.472954744143716,10.773145923037047,0.0,6.472954744143716,10.773145923037047,0.0,6.472954744143716,10.773145923037047,0.0,0.0,0.0
03f54952344b4fd29253e26557b6d56f,scene-0034,3.9442602485514477,5.206727400552137,0.0,3.9442602485514477,5.206727400552137,0.0,3.9442602485514477,5.206727400552137,0.0,0.0,0.0
ccb13c286a894d1a9b9a200c89df5657,scene-0034,5.432509282016786,12.872775155198664,0.0,5.432509282016786,12.872775155198664,0.0,5.432509282016786,12.872775155198664,0.0,0.0,0.0
f6be08a0884649a1962595e505946c80,scene-0034,5.079208298448937,10.717502059150188,0.0,5.079208298448937,10.717502059150188,0.0,5.079208298448937,10.717502059150188,0.0,0.0,0.0
edc9b93f9eb14d26951a0dae6f59e0a5,scene-0034,5.4786156569338935,13.51334432229226,0.0,5.4786156569338935,13.51334432229226,0.0,5.4786156569338935,13.51334432229226,0.0,0.0,0.0
253071304afe4ae993141c9198e117ac,scene-0034,5.614241911517206,7.271198730628519,0.0,5.614241911517206,7.271198730628519,0.0,5.614241911517206,7.271198730628519,0.0,0.0,0.0
433a50cb27ce4f0086bcba8ace34ce18,scene-0034,5.880960431996239,10.42213251788654,0.0,5.880960431996239,10.42213251788654,0.0,5.880960431996239,10.42213251788654,0.0,0.0,0.0
cc6624264d1f44de9aa4bd0ebfef2d17,scene-0034,5.941182575611321,14.305756406530094,0.0,5.941182575611321,14.305756406530094,0.0,5.941182575611321,14.305756406530094,0.0,0.0,0.0
f3041fef2be544f28baf5606eb9698af,scene-0034,6.366199580929,14.22764918143415,0.0,6.366199580929,14.22764918143415,0.0,6.366199580929,14.22764918143415,0.0,0.0,0.0
1ec3cc62101d4a12afed1218ed07515a,scene-0034,5.713377374243754,7.841867928672506,0.0,6.022191045862671,13.960369661152008,0.45742646351945854,5.34583477804449,7.841867928672506,0.375,0.6763562678181811,0.08242646351945854
f05c77e8fb4e4aa69654c8174c2a9a42,scene-0034,6.246832846639188,13.477826684375762,0.0,5.6422095641033625,13.477826684375762,0.6092329219213246,5.716215963810128,13.477826684375762,0.5342329219213244,-0.07400639970676526,0.07500000000000018
6d41d5fffdda46e18c805e9fc9b4d356,scene-0034,6.1067304630994315,12.82830526637618,0.0,4.73859801378755,6.297966866332718,1.4312071897723657,4.886509370727958,6.297966866332718,1.2812071897723658,-0.14791135694040758,0.1499999999999999
13a40491dcbf420c9fd9b9ff3e44595d,scene-0034,7.269108803929814,14.185046463492872,0.0,4.4445700011987945,7.074647235267848,2.952698765763973,4.732152452695192,7.074647235267848,2.661170942155133,-0.28758245149639716,0.2915278236088401
476e42c0306a4629a3952a55ac57f08e,scene-0034,4.9465085123301815,6.954133592824749,0.0,3.919152648609133,3.447812872249452,1.0499999999999994,3.9925681851040764,5.772560427163335,0.9749999999999996,-0.07341553649494337,0.07499999999999973
ab16639a93da45dca4bfb3b421843704,scene-0034,4.356015504468855,4.109857785982265,0.0,3.25381726618599,1.7599572653012152,1.1249999999999998,3.693348232227963,1.7599572653012152,0.675,-0.43953096604197306,0.44999999999999973
0fac00de343d4c5d85109bb7b4dd4bae,scene-0034,3.8078027696428642,7.120588065477738,0.0,2.7888327901929193,0.26125083410708444,1.0562071897723664,2.7888327901929193,0.26125083410708444,1.0562071897723664,0.0,0.0
07030fd431244721b416f1ad898ffeb3,scene-0034,3.4893445643461005,6.122746311625049,0.0,2.9662810519640015,2.5332546429388496,0.5249999999999997,2.9662810519640015,2.5332546429388496,0.5249999999999997,0.0,0.0
99229622df014659a9bd93276b77e719,scene-0034,3.151169388820782,5.484847551303579,0.0,1.4329858807987392,0.7484858902061977,1.7249999999999996,1.4329858807987392,0.7484858902061977,1.7249999999999996,0.0,0.0
b47912e8abba4a70944e901ea8efecfa,scene-0034,2.01598876018645,3.874018436887745,0.0,0.8098588087838067,1.6618665974221363,1.4249999999999996,0.8098588087838067,1.6618665974221363,1.4249999999999996,0.0,0.0
8a6c52baf6e14950a7d845d6c6b9656d,scene-0034,3.204180407457488,5.999402985479587,0.0,0.9987172227692049,2.6076657541477974,2.85533008588991,1.1118807002423479,2.6076657541477974,3.2365372756622772,-0.11316347747314293,-0.381207189772367
1573c3aca0f54db0bd9b84450f879b68,scene-0034,2.1211985093186803,4.925944705884131,0.0,1.2850355713959587,3.9368270523736415,2.639563007811234,0.8787500428711286,1.6402834656615977,2.1166593854407827,0.40628552852483013,0.5229036223704515
063e9501cfd046d5a4902dad5b17f8f5,scene-0034,1.0436709991564301,1.0181854390306464,0.0,1.0838724300312628,1.0181854390306464,0.6177050983124844,1.2576729638940154,1.0181854390306464,0.9993416490252571,-0.17380053386275263,-0.3816365507127727
d6f4d5fde42542a7a4e35fc6624ba66c,scene-0034,1.3152927670017838,1.3582551507382596,0.0,1.5636735413040859,4.514283348354812,1.0500000000000005,1.7029121688987292,4.514283348354812,1.05,-0.13923862759464334,4.440892098500626e-16
d10b140e450541f9b32f8be701f3ba37,scene-0034,1.7778977550550845,4.798575168075406,0.0,1.8659629856314592,4.798575168075406,0.5560660171779825,1.5584764264820739,2.440727237799012,0.5427050983124841,0.3074865591493854,0.013360918865498395
b415966455a34227b2f316fdfa7fa51b,scene-0034,2.060959124818278,3.0188387986764518,0.0,2.2099171792241137,3.0188387986764518,0.1499999999999999,2.44662639886188,3.0188387986764518,0.3871708245126288,-0.23670921963776648,-0.23717082451262889
c084d4295ac74f82951f9f943c5e4540,scene-0034,1.3789769032592254,3.8963051649496325,0.0,1.6532194548193273,3.8963051649496325,0.418236841690611,1.6532194548193273,3.8963051649496325,0.418236841690611,0.0,0.0
801946a4e42c4408beba883e12f349c0,scene-0034,1.9479198151784516,2.8017366360976226,0.0,2.091800932685848,3.287776911285749,0.2250000000000001,2.091800932685848,3.287776911285749,0.2250000000000001,0.0,0.0
aa3fe6533db6493a97c60cf5d1de16e8,scene-0034,3.709787967995248,8.196510475442551,0.0,4.162665342517382,8.196510475442551,0.4902989390993068,3.850392067321728,8.196510475442551,0.15000000000000036,0.31227327519565407,0.3402989390993064
d62b0f9db06440c695781c52ed71909a,scene-0035,9.229378065680892,16.85363081734431,0.0,10.889094303830637,18.042853783564073,1.6843644837532674,11.112986732762748,18.042853783564073,1.9020237515515461,-0.22389242893211048,-0.2176592677982787
fe87516995a947d285cd5d815f479eaf,scene-0035,9.836024899986873,14.698024956729679,0.0,10.439764190492578,20.802633712784832,0.9561975790099255,9.53440830847823,14.698024956729679,0.4810660171779825,0.9053558820143479,0.47513156183194305
60341918a107414c9c44a9bfe169c9e4,scene-0035,9.428664385258564,14.834898395403213,0.0,9.958521687809359,13.641159320741439,0.8622732069503487,9.958521687809359,13.641159320741439,0.8622732069503487,0.0,0.0
17d6152bed1f4d97928dedad04c0d7b8,scene-0035,8.714630650468292,12.545529041094873,0.0,9.243068460972179,11.353663958101537,0.6989122880848511,9.243068460972179,11.353663958101537,0.6989122880848511,0.0,0.0
020154f4d8cd4e8582c4a02f10d70d7a,scene-0035,10.419253449022513,20.990999564771954,0.0,8.61002342890604,13.700870276303979,1.8124143795447332,8.61002342890604,13.700870276303979,1.8124143795447332,0.0,0.0
a3d2c3ca40b3455396e7ae776f523ea0,scene-0035,8.424540786542313,14.726303095797702,0.0,7.826457813018813,14.726303095797702,0.5999999999999996,7.826457813018813,14.726303095797702,0.5999999999999996,0.0,0.0
7b8f2d0d1c124c4a9b9d9d3b7509b0b7,scene-0035,8.787865617815704,15.570522172501066,0.0,7.6615040072411045,14.380444042385596,1.1312071897723661,7.6615040072411045,14.380444042385596,1.1312071897723661,0.0,0.0
c93a7e7a083848b9bf26b8438c052426,scene-0035,7.8704406352577045,12.683960292942922,0.0,6.894365428285173,12.683960292942922,1.001938020233809,9.083190156410303,12.683960292942922,1.216659385440783,-2.1888247281251303,-0.21472136520697394
c090b86c7b9c4e97a3e145a70c98c631,scene-0035,6.303031197414209,7.804367410802599,0.0,7.7289148539727615,8.98643390398702,1.4303300858899108,5.701391977557337,7.804367410802599,0.7751315618319431,2.027522876415424,0.6551985240579677
40ead2f47c8146c581917c05cfda04ea,scene-0035,6.230734608582053,9.055274356321185,0.0,6.006155762404282,9.055274356321185,0.2250000000000001,4.652699274726196,5.500816802033777,1.593465843842649,1.353456487678086,-1.368465843842649
cc71e504f560478ba9686b0ba983f1e6,scene-0035,3.8779834783381033,8.295440113367492,0.0,2.7602807715882727,1.081568291625363,1.140440111693691,2.7602807715882727,1.081568291625363,1.140440111693691,0.0,0.0
d9d546a04a9a41d8984c39e7c53689b6,scene-0035,3.0628506059109757,0.5297375683837436,0.0,2.1062043942167197,0.5297375683837436,0.9750000000000001,2.1062043942167197,0.5297375683837436,0.9750000000000001,0.0,0.0
a43d2cd8447b41858887bf536628b0b9,scene-0035,2.7668061971589606,0.36368446238474617,0.0,2.7714761204238636,0.36368446238474617,0.46217082451262875,3.0692750128443906,7.584638595888766,0.6062071897723664,-0.29779889242052704,-0.14403636525973768
997e5e6c149d4bbcb3c210335f901c3d,scene-0035,3.7963434165461187,8.00011372341568,0.0,3.4362226925782977,8.00011372341568,0.5250000000000001,3.4362226925782977,8.00011372341568,0.5250000000000001,0.0,0.0
57267f4d074b42568f79cd015d5c1a4c,scene-0035,4.656362600869153,10.027878050645434,0.0,3.4243400185560255,8.845533523800965,1.3001315618319427,2.4462176501935238,2.728771748292712,2.2905716735256343,0.9781223683625018,-0.9904401116936916
af571c22d255499db27ca444d6b9cef9,scene-0035,3.1453171015561256,3.736868430935004,0.0,2.5009789528154878,2.55419980555186,0.6842329219213248,3.303546956490394,9.851922436919487,0.6074264635194591,-0.8025680036749061,0.07680645840186573
814720ee91d54e408e6fd0dd1b356e9c,scene-0035,4.03908506262959,10.958107403089217,0.0,2.395060349779018,3.658825004115298,1.7496730336150152,2.613734450297342,3.658825004115298,1.5154401116936906,-0.21867410051832392,0.2342329219213246
13da317bc2a547f89ee12cdf67c6ce4c,scene-0035,4.232483110405586,11.929190755378585,0.0,4.125294198265086,11.929190755378585,0.15000000000000013,4.125294198265086,11.929190755378585,0.15000000000000013,0.0,0.0
cad8d994d6b14ffe963e9dc7768d0a0e,scene-0035,5.139137925042512,12.913401864197011,0.0,4.388900840252942,5.614110035366769,0.7562071897723663,4.989919381271417,12.913401864197011,0.1499999999999999,-0.6010185410184743,0.6062071897723664
5dda1ef89d98493aa39a470b21fa4ebe,scene-0035,6.5706644609393585,13.97946159950853,0.0,5.740075256878697,13.97946159950853,0.8342329219213247,5.964476151653057,13.97946159950853,0.6092329219213244,-0.22440089477435965,0.2250000000000003
7b86bda4144e46b08b5c8aea57bfa969,scene-0035,7.525373178655548,13.664580729691524,0.0,7.227334870365113,13.664580729691524,0.30000000000000004,7.227334870365113,13.664580729691524,0.30000000000000004,0.0,0.0
7f73470d1234487996a0f254b1e6c610,scene-0035,7.389433086939318,13.285058690459026,0.0,7.3155922266030196,12.103604925078244,0.07500000000000018,7.3155922266030196,12.103604925078244,0.07500000000000018,0.0,0.0
3c4a042965874822affa98f7449566b6,scene-0035,8.701894711405075,19.068751235995425,0.0,8.32884150990005,19.068751235995425,0.375,8.32884150990005,19.068751235995425,0.375,0.0,0.0
b2024b635e624a719d16d85b395447d3,scene-0035,9.434817584507321,19.950426141333065,0.0,8.615178438713187,19.950426141333065,0.8250000000000002,8.615178438713187,19.950426141333065,0.8250000000000002,0.0,0.0
50a05815453843d59bc3a77910df455d,scene-0035,10.05803217329112,22.005724248030685,0.0,9.6114547354168,20.821862738901874,0.44999999999999973,9.312251099145715,20.821862738901874,0.75,0.29920363627108415,-0.30000000000000027
25a5a54ce55347fe877f2d72b0231a37,scene-0035,12.04415796453284,24.27196527842229,0.0,10.471372811223123,24.27196527842229,1.5871708245126284,10.471372811223123,24.27196527842229,1.5871708245126284,0.0,0.0
c76efd09fff94c32b9a77b0c634856af,scene-0035,13.33342523712289,26.350301495071555,0.0,11.454957877841563,25.155899615947266,1.9048759228251124,11.454957877841563,25.155899615947266,1.9048759228251124,0.0,0.0
d4437f7299da465a9115120375104a24,scene-0035,14.827080117877669,28.61406096499204,0.0,12.202731783948597,26.22733107948295,2.6630631318747358,12.50893172751786,26.22733107948295,2.3752339563873646,-0.30619994356926306,0.2878291754873712
c4bd1994696342e386e28a05135b09ad,scene-0035,13.169034704454312,23.51992297744035,0.0,9.48867682223636,15.122984801975473,3.691206606784668,9.413897165099513,15.122984801975473,3.766206606784668,0.07477965713684753,-0.07499999999999973
c0e4b1016c09468c9b1ce496462eb1ad,scene-0035,13.446968466734267,25.60898838893222,0.0,12.77299457099717,25.617021002327988,1.2359031498464315,13.296670742091532,25.60898838893222,0.7592329219213244,-0.5236761710943618,0.47667022792510705
08078980e5564ecd80cdab0d0c71f2ac,scene-0035,11.063618385534815,21.51299071937098,0.0,10.613625333140945,16.713014865162663,0.7499999999999998,10.46362705166523,16.713014865162663,0.7499999999999996,0.1499982814757157,2.220446049250313e-16
e1b5c775be134db696ce22413d195c72,scene-0036,5.00338287505149,5.920071444684904,0.0,1.6040075058766439,2.487512108760129,6.449999999999999,1.6040075058766439,2.487512108760129,6.449999999999999,0.0,0.0
ef9b3594550a4e8a9e6442aa7b5c6be1,scene-0036,5.643772043299775,7.581419904168438,0.0,0.8483551791659384,2.2393686552119996,5.854669331122391,0.9185825012782377,2.2393686552119996,5.779669331122391,-0.07022732211229932,0.07500000000000018
723739bbe19f49cfb531585eecea1dc5,scene-0036,2.493334119653577,6.811757635010198,0.0,1.0449610842957993,1.3588875616556326,1.9574264635194591,1.0449610842957993,1.3588875616556326,1.9574264635194591,0.0,0.0
a85e915244be4644ba830af4cf4aaf45,scene-0036,4.165624558576081,7.187282694672662,0.0,2.00707995251579,2.6203863253800668,2.1842329219213243,2.00707995251579,2.6203863253800668,2.1842329219213243,0.0,0.0
856ccc626a4a4c0aaac1e62335050ac0,scene-0036,5.2080152520020935,7.716296431209646,0.0,3.1944062127766966,5.353806796650512,2.032426463519459,3.1306028046619674,5.353806796650512,2.113633653291825,0.06380340811472918,-0.0812071897723663
e63b580425fc45b5a585a45523bac035,scene-0036,4.583311883200553,5.430765360896054,0.0,2.7089036627324203,4.230767259531913,1.875,2.7089036627324203,4.230767259531913,1.875,0.0,0.0
f3599aace98a4c0890a8ea374dfd58ff,scene-0036,5.474077404488884,7.916458733725204,0.0,2.8796833364968304,4.3809680595312965,2.6398529270389175,2.8796833364968304,4.3809680595312965,2.6398529270389175,0.0,0.0
28b65b60537d4f70be13fae042ecace9,scene-0036,6.344227530980403,9.00803491963056,0.0,4.101324242136524,7.816760291394846,2.2574264635194594,4.101324242136524,7.816760291394846,2.2574264635194594,0.0,0.0
ae334a760ecd45d8a88a69014d8290ab,scene-0036,12.26225311859061,19.630848513320647,0.0,6.270934014457853,8.895015259921884,6.007034246140703,6.341758858003704,8.895015259921884,5.929153885360305,-0.07082484354585095,0.07788036078039795
7bd9965f22864e9dbff830ced43a66da,scene-0036,11.114110779446229,21.948539875080844,0.0,6.239584236847528,11.148554793600132,4.874999999999999,6.389583985251681,12.348551847327634,4.725,-0.1499997484041531,0.14999999999999947
978a078289b64db3a6a318e8547076ba,scene-0036,13.32172634245981,26.640707536037816,0.0,7.471902205317587,13.440716663442917,5.85,7.621896413255181,8.640726896618832,5.699999999999999,-0.14999420793759377,0.15000000000000036
125a63c9e5b14ebfb5839143c88e3a44,scene-0036,14.19407850712191,27.724760449341037,0.0,9.695963174220493,16.953645039458088,4.5041538853603065,9.620966262761925,16.953645039458088,4.579153885360306,0.0749969114585678,-0.07499999999999929
f82e1e7cf87b4ef1a4d6227b6851441d,scene-0036,14.742986667428864,27.538722434994117,0.0,6.793407327116055,13.139817173894281,7.949999999999999,6.793407327116055,13.139817173894281,7.949999999999999,0.0,0.0
cd7b7f9917364acc9e25e8d21e4dc297,scene-0036,14.273346302827628,26.113571477819647,0.0,7.448957081464065,17.71467289664159,6.825000000000001,7.898900482263673,17.71467289664159,6.375,-0.44994340079960793,0.45000000000000107
96d66c41d3dc42b193bf1a091ac103a3,scene-0036,11.264835504986621,21.238593828789828,0.0,9.91499259249609,21.238593828789828,1.3499999999999999,10.064967024084492,21.238593828789828,1.1999999999999995,-0.14997443158840262,0.15000000000000036
6f8d7a927c524cb8b3526b9b798a5a53,scene-0036,12.441668769793282,26.137090064647847,0.0,9.217052984459846,17.738351261193408,3.2250000000000005,11.466714696272017,26.137090064647847,0.9749999999999999,-2.2496617118121716,2.250000000000001
c2102371cbcf4d8f9eb66069a3d5b350,scene-0036,12.174104633539434,22.584109993091097,0.0,9.774184270370887,17.784432389325943,2.4000000000000004,8.874219312863838,16.584542146773995,3.3000000000000003,0.8999649575070485,-0.8999999999999999
73e7a058423243e49848fd0b9b259ce9,scene-0036,11.022870266878734,20.074227221652656,0.0,9.447907060144878,18.87426991258374,1.5749999999999997,9.522904391612862,18.87426991258374,1.4999999999999996,-0.07499733146798349,0.07500000000000018
538100c6eb164041b51302a0bd140187,scene-0036,11.816925571476052,24.704554983090084,0.0,5.742221265273265,10.305005221524443,6.074999999999999,5.442270923211242,10.305005221524443,6.375,0.2999503420620231,-0.3000000000000007
ca08ecf430ce4eceaea30a6a2a8eef95,scene-0036,10.908600867479308,30.498028406803446,0.0,4.175395232445174,6.626495014215675,7.264619733230447,4.175395232445174,6.626495014215675,7.264619733230447,0.0,0.0
f8d77275b248436794a049c74b69e9f1,scene-0036,8.696618073077584,15.928688877185325,0.0,5.097041246739932,11.129127216807529,3.6000000000000005,4.7970933139928995,7.529822710673557,3.9,0.2999479327470329,-0.2999999999999994
104e1393ff1d4d7d8d56603527a77080,scene-0036,6.71990593680022,8.703209127084788,0.0,3.421092705233425,6.303215014572185,3.3,3.421092705233425,6.303215014572185,3.3,0.0,0.0
568a082ce58a4b4e81df3974e7ff34de,scene-0036,5.36974373928237,7.438800000927315,0.0,2.6703938230397894,6.238834917484537,2.6999999999999993,2.6703938230397894,6.238834917484537,2.6999999999999993,0.0,0.0
faae4d51453c4a8e9b3fe404724ddfa8,scene-0036,3.409091392251616,6.071580271257049,0.0,2.9602370258433215,6.071580271257049,0.4500000000000002,2.9602370258433215,6.071580271257049,0.4500000000000002,0.0,0.0
07a6e4ffcd6f4d4caad66fb043435c4f,scene-0036,3.7471783391305054,7.268941933772237,0.0,3.2231961685978856,7.268941933772237,0.5249999999999999,3.2231961685978856,7.268941933772237,0.5249999999999999,0.0,0.0
139bce92199440ea8929d1a1bd10dbda,scene-0036,4.544468793868816,7.317737293237856,0.0,4.019560738661201,7.317737293237856,0.5250000000000004,4.019560738661201,7.317737293237856,0.5250000000000004,0.0,0.0
c1f344cadf354fe0b12446935e54247e,scene-0036,3.1183472183826177,2.667763045703295,0.0,2.818353654649804,2.667763045703295,0.30000000000000027,2.818353654649804,2.667763045703295,0.30000000000000027,0.0,0.0
4ea2156b82df43cb8e80a3cb344b20a3,scene-0036,2.2679288629280383,6.436512383118058,0.0,2.118222654995297,5.236735033059202,0.15000000000000013,2.118222654995297,5.236735033059202,0.15000000000000013,0.0,0.0
73b363c5332a423797a2c0728cc1a75d,scene-0036,2.18893360491968,6.655862046114276,0.0,2.18893360491968,6.655862046114276,0.0,2.18893360491968,6.655862046114276,0.0,0.0,0.0
50082a94da544d22b00110cc1bfa100f,scene-0036,3.0000007160773974,6.986691264736883,0.0,2.925255765595888,6.986691264736883,0.07499999999999996,2.925255765595888,6.986691264736883,0.07499999999999996,0.0,0.0
53b7ed3ff487465f82d3bc490ec3e5f4,scene-0036,3.257056857414912,7.18523393457935,0.0,3.107079168534617,7.18523393457935,0.15000000000000036,3.107079168534617,7.18523393457935,0.15000000000000036,0.0,0.0
0f39f34febc84a6689f08599105d1421,scene-0038,1.1907331323386994,4.418178133180759,0.0,1.1254230078654386,4.418178133180759,0.6664762138029506,1.131724898115143,4.418178133180759,0.5914762138029505,-0.0063018902497045115,0.07500000000000018
09f3a3ce512a442db7dd47f9ed39e64f,scene-0038,2.2671618357746195,7.279492527582399,0.0,1.8003806363573118,3.587123087016021,0.4743416490252569,1.3493056010255646,3.587123087016021,1.185854122563142,0.4510750353317472,-0.7115124735378852
42b565bc38af4342b79b8697ab0a45b0,scene-0038,2.5216665308310624,3.2099504765728515,0.0,1.792021006561786,1.0766431358031625,1.2518760309219352,1.866324882477997,1.0766431358031625,1.1768760309219353,-0.0743038759162109,0.07499999999999996
213ee1a50ed245eaab655babec4f15d3,scene-0038,4.2436038073066005,3.7291192298061384,0.0,1.4535342431143403,2.667447840917633,4.963492547605088,2.364212543347713,2.667447840917633,3.234338662244782,-0.9106783002333725,1.7291538853603061
e15862d8a89d4250947cad3d1eff3dfc,scene-0038,4.9314877739490885,6.870501081236377,0.0,2.3796682228050146,6.870501081236377,2.7124143795447324,2.3796682228050146,6.870501081236377,2.7124143795447324,0.0,0.0
86958f43ae42452badc0ca07c865b890,scene-0038,6.5746748339252505,11.487496407883347,0.0,4.838137899348016,10.289174905206044,1.7508923073621085,4.6889949365956305,10.289174905206044,1.9008923073621085,0.1491429627523857,-0.1499999999999999
a1a01ae0cc9f428f8ba4c545e20ee88d,scene-0038,6.996348871011861,14.942130246165176,0.0,6.2367486056660395,14.942130246165176,0.7714037464339533,6.385296197024332,14.942130246165176,0.7714037464339534,-0.14854759135829276,-1.1102230246251565e-16
f75d70a9a0074c3ea84d4c5a221fcaf4,scene-0038,3.1954563646153376,3.166020928796518,0.0,2.331886588043081,4.721168597032095,2.6289993959081523,2.1408041553003194,4.721168597032095,3.078999395908152,0.19108243274276138,-0.44999999999999973
42bb00324869498faffe17be9b403f04,scene-0038,2.3364119218893378,5.656602690361045,0.0,8.471676804412622,14.92188438947735,7.049999999999999,8.172804502224196,14.92188438947735,6.750000000000001,0.29887230218842653,0.29999999999999805
aa7d1414139344a49ba47723de8d8d3b,scene-0038,3.0920610318843176,4.215375879772385,0.0,7.693942754373277,12.695936489561904,4.614954555430975,5.675089565047827,11.50589272438586,2.596076780048969,2.0188531893254495,2.018877775382006
70b93dd31d724e7fbab2d20ade9bb4c1,scene-0038,3.408227756108805,10.085222189451647,0.0,5.734792002079219,7.992564744202352,8.867249585999561,5.197612282231805,9.115633440241979,8.334296195935828,0.5371797198474138,0.5329533900637333
3f649706222f4d83aa0a8a1b687f29fa,scene-0038,3.6969948033602966,8.682700338600952,0.0,4.676906960519844,11.770036411279968,8.339725601332766,3.118796913282161,5.718533168192897,6.6,1.5581100472376828,1.7397256013327667
fe4ad01f0ee044a6abb9f33cc1b6709d,scene-0038,5.558028872396716,9.433916832029553,0.0,3.7699577186051636,9.845550598449371,9.310737998686086,4.294856108974108,9.845550598449371,9.835737998686085,-0.5248983903689446,-0.5249999999999986
4afb1a21cfd44947b98f9d2f778657d6,scene-0038,5.071023485976491,11.145736902881959,0.0,2.4371448260975215,5.837744789243379,7.283025490714095,1.418084325833194,1.4820997169616859,5.936709847009657,1.0190605002643274,1.3463156437044388
d65e5cddfa574daeb9ea9252d66dfa97,scene-0038,5.416550706895955,12.688669682812675,0.0,1.7342049220472442,5.332935826584359,6.681239186818844,1.2280296355177835,5.332935826584359,5.475,0.5061752865294606,1.206239186818844
abe76951d0a0458d84d59e689d8ecfab,scene-0038,5.948979326957884,10.481987432536181,0.0,3.4784685079117414,8.087880049797288,2.4749999999999996,2.3096477251307133,4.508482942853694,3.6750000000000003,1.1688207827810282,-1.2000000000000006
6bbd9ea66b1544479ac212c19aa22010,scene-0038,7.123708737804767,14.013306015885373,0.0,4.2854182052103456,12.81622528776258,2.8499999999999996,5.028956354730332,12.81622528776258,2.1,-0.7435381495199866,0.7499999999999996
0da044f464b44e5d8c782a13903d6e50,scene-0038,7.667507039532806,13.894705424342563,0.0,5.080206496225325,9.311189238614629,2.639563007811235,4.706100668319596,9.311189238614629,3.014563007811236,0.374105827905729,-0.3750000000000009
2c9c230704cb4870b5dfae8b435dd0fe,scene-0038,8.696390806320608,17.060881393209893,0.0,7.435355122031445,13.560149968451064,1.596403746433953,9.00172492404096,14.751490587053572,1.3677050983124845,-1.5663698020095156,0.22869864812146856
b3537c4657784727934760188904dde8,scene-0038,8.278355686599728,14.072287445462182,0.0,9.141263157788073,17.718509523567892,1.2864736833812218,8.089497144425804,14.130351863094278,0.7104101966249693,1.0517660133622684,0.5760634867562525
398ab5422d3047dcb56b36a8f7d7ebeb,scene-0038,8.738164975517929,16.92399389884538,0.0,7.181699402713506,12.106687192555109,1.6891088447464373,7.408062531713495,13.329938064726507,1.604875922825113,-0.22636312899998856,0.08423292192132426
b2d77fbfe24e4cdb988949cc2565652b,scene-0038,8.707389189654348,16.129390581866485,0.0,8.108257362862389,16.129390581866485,0.5999999999999999,7.733422975766611,16.129390581866485,0.9749999999999996,0.37483438709577843,-0.3749999999999998
e73a59216865449ab48d31a0880664aa,scene-0038,8.322398719869682,15.315615493610997,0.0,7.710011694963602,12.673779467689288,0.6177050983124844,7.340545049477551,12.673779467689288,0.9927050983124844,0.36946664548605135,-0.375
76143fdc216840bf8e2c7b08b0dea88f,scene-0038,8.285854814830554,15.502286959204755,0.0,8.657239262023253,16.605829362371797,0.5427050983124839,9.60334865671169,20.393527259062264,1.479636785997783,-0.9461093946884365,-0.9369316876852991
ead06ddfed704c82bdb77a1da54ca79e,scene-0038,8.665916705907485,15.76968106291793,0.0,8.856945040467645,15.76968106291793,0.5427050983124847,8.856945040467645,15.76968106291793,0.5427050983124847,0.0,0.0
378dd1889800438d8851571359dbfc22,scene-0038,8.344537471305395,15.155082765521561,0.0,8.410859242213268,15.155082765521561,0.40487592282511287,8.410859242213268,15.155082765521561,0.40487592282511287,0.0,0.0
b731e3bfd7b64247b9d9708e67847933,scene-0038,6.622502140843895,12.980391698248987,0.0,7.3658186204368095,12.980391698248987,0.8252922684849118,7.3658186204368095,12.980391698248987,0.8252922684849118,0.0,0.0
0e4aea0d177c480a9ae050a01368ebde,scene-0038,7.6187198485296594,14.15363793675102,0.0,10.083840770773529,14.15363793675102,2.5157956586291768,9.55595027726245,14.15363793675102,1.9719882834037756,0.5278904935110784,0.5438073752254011
ed8368b711934a1b86f5a4ce354c39b0,scene-0038,8.987040583708362,15.279343915811909,0.0,11.998745593323102,25.686871112846166,3.240587407240656,11.614591437486897,19.54040461946688,2.840183359650519,0.38415415583620494,0.40040404759013715
740e48ba5a5a45afbc1a56b16f586054,scene-0038,9.830097236971026,15.664249555115493,0.0,12.70511715204039,27.11880811454749,2.9498095646668894,12.498831826244922,27.11880811454749,2.732293178768024,0.2062853257954682,0.21751638589886557
6060fa4c3b1e443994967da28e86132b,scene-0038,15.602611096844143,26.74105501215799,0.0,16.640374800466248,31.48247775136843,1.0776987657639738,14.986965839752726,26.74105501215799,0.6184658438426492,1.6534089607135218,0.4592329219213246
029a6b83ae1a42cbbf775fd77415745f,scene-0038,7.050140180134295,14.473042346768445,0.0,7.050140180134295,14.473042346768445,0.0,7.050140180134295,14.473042346768445,0.0,0.0,0.0
15c59626df6b4f96bb7ef7c5c1797159,scene-0039,4.294814035205292,7.0020164718526665,0.0,3.5628738020268154,9.40117744008625,1.0499999999999998,4.819532867783866,10.600900365248796,0.5249999999999997,-1.2566590657570504,0.5250000000000001
e46803a34fa744ad9372b5227798e00a,scene-0039,6.471129178235966,16.373919481918065,0.0,5.271688284940488,12.773946303556949,1.2000000000000004,5.271688284940488,12.773946303556949,1.2000000000000004,0.0,0.0
926dde8427454373a0f4b61b1b3c6e2f,scene-0039,7.799408226901458,14.681184725657262,0.0,7.724408349716217,15.881055278551097,0.5250000000000004,10.574125238048405,23.080561250314865,2.775,-2.8497168883321873,-2.2499999999999996
3219230d0e14480c9089c7c49e339a83,scene-0039,7.604045140535338,16.332767226076683,0.0,7.904018714909171,16.332767226076683,0.2999999999999998,8.728924414400499,16.332767226076683,1.1249999999999998,-0.8249056994913282,-0.825
7c8ce823cc374a8f9376df6d8f0fed89,scene-0039,9.367128860781733,19.038908550061414,0.0,8.615188041721343,15.407352535615479,0.7954163456597998,7.715530889814351,13.0123096936319,1.6788873605350885,0.8996571519069914,-0.8834710148752887
d7f3a1ff633c493a87a94ab0b39a14a7,scene-0039,11.330191209965603,19.143364869056537,0.0,10.057391128720766,16.774600765502033,1.3111709421551334,11.105195567391558,17.943412534897682,0.2250000000000003,-1.0478044386707914,1.086170942155133
4735f59f08ee4bff93c237f4df39453a,scene-0039,12.294656283492024,23.832548982959977,0.0,10.121778914209298,15.465477995086195,2.18033008588991,10.569734550552685,16.63284608849917,1.7250000000000003,-0.4479556363433872,0.45533008588990964
f20177ef6307471083339ad1a6766e2a,scene-0039,11.521876711724994,16.538920650083043,0.0,9.799878587725015,15.341806108732646,2.0303300858899105,9.799878587725015,15.341806108732646,2.0303300858899105,0.0,0.0
29560e3766b241d281b8b85cdcd790e8,scene-0039,12.459072954038614,21.8590332531603,0.0,13.656417691616614,21.8590332531603,1.235410196624969,14.480070145162182,26.637879937758445,2.0585745709465817,-0.8236524535455683,-0.8231643743216126
17dd14b176364a539463dbe99d96918a,scene-0039,10.961960353872147,17.347759776877105,0.0,10.586983009512558,17.347759776877105,0.3749999999999998,10.586983009512558,17.347759776877105,0.3749999999999998,0.0,0.0
9397c89e75ff4f49882869f914d7ddd4,scene-0039,9.578747813289205,16.29405109297268,0.0,9.953735163782007,17.493923050482,0.3750000000000002,9.953735163782007,17.493923050482,0.3750000000000002,0.0,0.0
821df5bcd0744d7280b23e6284fb8396,scene-0039,10.448601121257688,17.470762449299585,0.0,10.823597158572866,17.470762449299585,0.37499999999999956,10.823597158572866,17.470762449299585,0.37499999999999956,0.0,0.0
14f665de1fa34d0a9d12838a5b77d687,scene-0039,9.606891968202536,16.14890658529123,0.0,9.831839783365028,16.14890658529123,0.22499999999999987,9.831839783365028,16.14890658529123,0.22499999999999987,0.0,0.0
3e2926beda084f788675fb82964d17b7,scene-0039,10.674253064000515,17.03942543408328,0.0,10.674253064000515,17.03942543408328,0.0,10.674253064000515,17.03942543408328,0.0,0.0,0.0
3357eff74258482c87f90cf0749ee153,scene-0039,11.076836345831477,16.693642604615633,0.0,11.22677975576186,16.693642604615633,0.1499999999999997,11.22677975576186,16.693642604615633,0.1499999999999997,0.0,0.0
23cd0004606a4127acc8505a8de5c282,scene-0039,11.003178991707788,19.690543477156503,0.0,10.778370751288197,16.093611630443082,0.22499999999999964,10.778370751288197,16.093611630443082,0.22499999999999964,0.0,0.0
c261faeb1eb0442e98d78100827ede0b,scene-0039,10.478326024131082,15.48926458936418,0.0,10.478326024131082,15.48926458936418,0.0,10.478326024131082,15.48926458936418,0.0,0.0,0.0
ffb196e9479445ffb0de654fe62200f4,scene-0039,10.529745657654901,18.47693632817863,0.0,10.154933671458632,18.47693632817863,0.37499999999999956,10.154933671458632,18.47693632817863,0.37499999999999956,0.0,0.0
3435cdd71e3d4e9185ae6b514ae7651c,scene-0039,9.658927281916597,14.297549984367954,0.0,9.134124126517221,13.097984669452135,0.5250000000000006,8.984178131020135,13.097984669452135,0.6750000000000003,0.14994599549708632,-0.1499999999999997
b024c29991134caf93eec0576496374b,scene-0039,8.599545336325683,13.617740733187237,0.0,9.349489148637506,13.617740733187237,0.7500000000000007,8.599571312888887,13.617740733187237,0.15000000000000036,0.7499178357486187,0.6000000000000003
edc5f9bd039342cb9403a18d2cee773d,scene-0039,8.75459712063551,16.262157295588633,0.0,9.354585802529982,17.462124432371418,0.6000000000000005,9.354585802529982,17.462124432371418,0.6000000000000005,0.0,0.0
96dbf7debf4f42589d08185c32c3d67b,scene-0039,7.877452030163379,11.670515576481609,0.0,7.890782890758832,10.574810609617877,0.6432368416906106,7.890782890758832,10.574810609617877,0.6432368416906106,0.0,0.0
eb0676ccc9bd45149ae65119cb8d5e7b,scene-0039,8.743486883648195,15.439239362706765,0.0,8.668516349264221,14.239841663957465,0.3750000000000002,8.668516349264221,14.239841663957465,0.3750000000000002,0.0,0.0
c040a969ea194be38ab9d25d97c9d9fc,scene-0039,7.658334891088309,10.779809159699962,0.0,7.134038286615336,9.584021030002786,0.5250000000000004,7.134038286615336,9.584021030002786,0.5250000000000004,0.0,0.0
3c693de822714eeaae9695ae7ddb013c,scene-0039,8.606259339832654,13.274550145620472,0.0,7.632857794744962,12.08064259827047,0.9750000000000003,7.632857794744962,12.08064259827047,0.9750000000000003,0.0,0.0
02b68afcd7504587a003bffe899e4986,scene-0039,7.9765043572811,12.138044962501725,0.0,7.826886527575196,12.138044962501725,0.1499999999999999,7.901720406133541,12.138044962501725,0.07500000000000018,-0.07483387855834511,0.07499999999999973
dabb28a18e6c4a668f15511d7d77dc5b,scene-0039,6.0986650688193595,6.0428914372693,0.0,6.0986650688193595,6.0428914372693,0.0,6.248483369609729,6.0428914372693,0.1499999999999999,-0.14981830079036929,-0.1499999999999999
2073ebd27d7844d2a0379ec496b0e9fd,scene-0039,5.424538234530145,6.109532693545864,0.0,5.332925180211922,7.262346493988027,0.5371708245126284,5.332925180211922,7.262346493988027,0.5371708245126284,0.0,0.0
4f26f58e358741069b137e90cdede275,scene-0039,4.7622330839229665,8.490212584775238,0.0,4.981635259885986,8.490212584775238,0.2250000000000001,4.834702375727928,8.490212584775238,0.07500000000000018,0.14693288415805839,0.1499999999999999
4b247d4da9d44628818024275c07be5a,scene-0039,4.951226572742058,9.75556427646423,0.0,4.347367521425114,9.75556427646423,0.6092329219213244,4.877806594806898,9.75556427646423,0.07499999999999996,-0.5304390733817836,0.5342329219213244
793bebc8b4ec41bb973b791e463213da,scene-0039,4.486095743014497,8.800417668949471,0.0,4.412466678359236,8.800417668949471,0.07499999999999996,4.272571070526937,8.800417668949471,0.2250000000000003,0.13989560783229837,-0.15000000000000036
1315ebfd98fd43f4894a95eea2a41761,scene-0041,3.3048173289999703,8.315532063951753,0.0,3.3048173289999703,8.315532063951753,0.0,3.3048173289999703,8.315532063951753,0.0,0.0,0.0
b215c97ce8c845689e51aa44236bab37,scene-0041,3.8028213802234956,9.835491653696467,0.0,3.8028213802234956,9.835491653696467,0.0,3.8028213802234956,9.835491653696467,0.0,0.0,0.0
49a0f1ea18b44fe8826d4f5492ab3638,scene-0041,12.440389732963439,22.061796385477805,0.0,12.440389732963439,22.061796385477805,0.0,12.440389732963439,22.061796385477805,0.0,0.0,0.0
3ce024d9c73e406a910d688504e765e1,scene-0041,11.844600186490837,21.523206072329987,0.0,11.844600186490837,21.523206072329987,0.0,11.844600186490837,21.523206072329987,0.0,0.0,0.0
339df3b19d8d4127b2a96b6480f672a8,scene-0041,11.578851383082018,21.717009202112774,0.0,11.652331313680266,21.717009202112774,0.07499999999999996,11.652331313680266,21.717009202112774,0.07499999999999996,0.0,0.0
a8b145c416944ea29d18a4fe18ad0a77,scene-0041,1.4296119323056145,3.6518160303369562,0.0,1.423352948220256,3.6518160303369562,0.07499999999999996,1.423352948220256,3.6518160303369562,0.07499999999999996,0.0,0.0
91a1b5b5ac1b4862b6b5a7e556ca0227,scene-0041,2.4429962452918446,2.0371057320048647,0.0,2.480581216160906,2.0371057320048647,0.16770509831248415,2.659079141691864,4.893072540500193,0.3523711820961609,-0.17849792553095822,-0.18466608378367677
a87df67c031042d1bbd4e7f75f246064,scene-0041,1.6306294910660366,2.4398825135645006,0.0,1.8270132178083793,2.4398825135645006,0.33541019662496835,1.8270132178083793,2.4398825135645006,0.33541019662496835,0.0,0.0
3bae34beb13648d6822fd39c94da2749,scene-0041,2.5056204858899327,6.75784802925779,0.0,2.5056204858899327,6.75784802925779,0.0,2.5056204858899327,6.75784802925779,0.0,0.0,0.0
f3a4d70109df4c7ab94f41474dc359cf,scene-0041,3.321466855570579,7.667752595029846,0.0,3.321466855570579,7.667752595029846,0.0,3.321466855570579,7.667752595029846,0.0,0.0,0.0
671dea66d87b4cbfa7fd2e2221ce71e9,scene-0041,3.190327832560322,9.577435877711629,0.0,3.351184436197582,9.577435877711629,0.16770509831248423,3.351184436197582,9.577435877711629,0.16770509831248423,0.0,0.0
d38dc13e1d5b4293862ac935d0477b5f,scene-0041,3.831787356415122,11.850654914606185,0.0,3.531655964271928,7.048552640315077,0.30923292192132446,3.531655964271928,7.048552640315077,0.30923292192132446,0.0,0.0
7d9b577aee054da5aad6f693d64e0171,scene-0041,4.241744870086581,6.816025111642284,0.0,4.590359568102178,7.958021352077184,0.38717082451262896,4.518984803074996,6.816025111642284,0.3121708245126288,0.07137476502718165,0.07500000000000018
51a40e69d2b7418abed3e6dd6e3b78ce,scene-0041,4.717202375145259,11.135086838385284,0.0,5.562259542012002,11.135086838385284,0.9092329219213249,5.562259542012002,11.135086838385284,0.9092329219213249,0.0,0.0
44f607ad840c47ba90a40507de670a3e,scene-0041,1.383415396425376,1.7997657933444433,0.0,1.4307268822912445,1.7997657933444433,0.07500000000000018,1.4307268822912445,1.7997657933444433,0.07500000000000018,0.0,0.0
670bae1076e64d4e89252f2a3e1ba6d4,scene-0041,1.382379152560815,3.0506382160370116,0.0,1.4357071274208755,4.0556634296064376,0.15000000000000036,1.4357071274208755,4.0556634296064376,0.15000000000000036,0.0,0.0
43b561989a684685b0751975e3c22d50,scene-0041,1.1911105749391748,2.4732905378108647,0.0,1.2348432450738627,2.4732905378108647,0.30000000000000027,1.2348432450738627,2.4732905378108647,0.30000000000000027,0.0,0.0
fb907b8b05644df28d64d6e25e9a956c,scene-0041,1.9483198379300748,1.952320767868564,0.0,1.9483198379300748,1.952320767868564,0.0,1.9483198379300748,1.952320767868564,0.0,0.0,0.0
62eb6bfefeea4322aa74aec9c0a239c7,scene-0041,3.0896533004921345,6.2227378363471075,0.0,3.0896533004921345,6.2227378363471075,0.0,3.0896533004921345,6.2227378363471075,0.0,0.0,0.0
46c0110fc70e483ea7f1ea2eb4f238e8,scene-0041,2.9657577944378657,5.803846205763405,0.0,3.0407449794449115,5.803846205763405,0.07499999999999996,3.0407449794449115,5.803846205763405,0.07499999999999996,0.0,0.0
402f14fef086441eb0379b62ef63a9a6,scene-0041,4.40131275959995,6.0832145048671755,0.0,4.176762389682265,6.0832145048671755,0.2250000000000003,4.176762389682265,6.0832145048671755,0.2250000000000003,0.0,0.0
2c1cc66b06774c42ba1fdfb169a67edd,scene-0041,3.7121109824227347,5.617063656218313,0.0,3.637410870793339,5.617063656218313,0.07500000000000018,3.637410870793339,5.617063656218313,0.07500000000000018,0.0,0.0
ed5cb55854d54b9aa4aad5507b2efaf1,scene-0041,2.7845827738649263,4.523115369284276,0.0,2.6420891567153735,4.523115369284276,0.1499999999999999,2.6420891567153735,4.523115369284276,0.1499999999999999,0.0,0.0
35c8ba8efcf343d79a8fd837be0317c3,scene-0041,3.462715300638759,6.840508019731802,0.0,3.093163866929364,6.840508019731802,0.3750000000000002,3.093163866929364,6.840508019731802,0.3750000000000002,0.0,0.0
48dc3129d88c47b2a528da662ff2d8d2,scene-0041,2.2293279718193224,2.071847740347365,0.0,1.0780586360666182,1.0338048171694598,2.4749999999999996,1.0811770744822005,1.0338048171694598,2.55,-0.0031184384155822364,-0.07500000000000018
b2ec277710fd4cefbf8bdbbe870f142c,scene-0041,1.8942233356871168,3.147070492868739,0.0,1.9890735991507384,2.9810392661819556,3.4499999999999993,1.840387068482758,2.9810392661819556,3.3,0.14868653066798054,0.14999999999999947
17f302aa135e441bae78b53af27fbc0b,scene-0041,1.2898651545113053,1.9289270229484639,0.0,2.280803934604725,4.131899418350679,3.375,2.429125919000514,4.131899418350679,3.5250000000000004,-0.14832198439578903,-0.15000000000000036
03b1880912dc4590b00679eb1d363841,scene-0041,0.5986608042017039,1.5987760482163058,0.0,2.9053514608321054,6.380720540658018,2.625,3.354687979153148,6.380720540658018,3.075,-0.4493365183210427,-0.4500000000000002
0df15d68b83a49e9aa4a7474a823c61f,scene-0041,1.4639612775207271,2.5287848493449454,0.0,1.987057196537303,3.7251618019886448,0.5249999999999999,2.061945680423121,3.7251618019886448,0.5999999999999999,-0.07488848388581815,-0.07499999999999996
943c8fb105a5408c805b9e023d2bdcb5,scene-0041,1.2649492110377767,2.083499682962649,0.0,2.7963927987902113,5.678559170500917,1.9500000000000004,2.7963927987902113,5.678559170500917,1.9500000000000004,0.0,0.0
fcc1ead7c8f44d5a959fe6a08e25532a,scene-0041,0.7796831493955839,0.33782187874108727,0.0,3.0407267098865693,6.299718118659261,3.374999999999999,3.340404947150448,6.299718118659261,3.675,-0.29967823726387843,-0.3000000000000007
9f03829b02694c17a98fbcb20a9d66cc,scene-0042,1.8402364805151916,3.7335357442415895,0.0,1.9147146269465822,3.7335357442415895,0.2250000000000001,1.7563970098430763,3.7335357442415895,0.9750000000000001,0.1583176171035059,-0.75
b0dd4347abd74b6aa1b33e813b4e2d44,scene-0042,2.2548336898451695,3.9725421493925985,0.0,2.404743975253254,3.9725421493925985,0.15000000000000013,2.450970156876659,5.166943439559508,0.9749999999999996,-0.04622618162340508,-0.8249999999999995
74f1506fb3f348a28783f117d9e50ff7,scene-0042,2.774788380416876,5.307948576130228,0.0,2.8497343956140195,5.307948576130228,0.07500000000000018,1.5626939167732306,0.5377808322743144,1.4250000000000003,1.287040478840789,-1.35
1ba83cad37be40a98e3d6a04ef36e1aa,scene-0042,2.3855940291542335,5.307000498848632,0.0,1.6198308916996416,2.9113822120469424,0.9750000000000005,1.9190243562161282,4.1085520977226855,0.8250000000000006,-0.29919346451648665,0.1499999999999999
5df6081fa8114b12b0a8c7ecb83f6d4d,scene-0042,1.9770304849695541,2.755813683077657,0.0,1.9773800134665107,3.9523387030727517,0.4500000000000002,2.052428551877163,3.9523387030727517,0.6750000000000003,-0.07504853841065229,-0.2250000000000001
67dc968ea21b4644b7d3fefeb440f9e6,scene-0042,0.9977025614309678,2.350009924350223,0.0,1.92960050184279,7.356620311270877,1.654669331122391,1.9227761601772322,3.6507124049272655,1.6499999999999997,0.006824341665557787,0.004669331122391318
c901e00f77d84b79a8d7d6fc5b2f83af,scene-0042,1.6970451630038965,2.514879024825547,0.0,1.970628958772672,2.514879024825547,2.029153885360305,1.970628958772672,2.514879024825547,2.029153885360305,0.0,0.0
e55b8c84665741fdae87c6e2b6215726,scene-0042,2.127309509652383,2.045611910110139,0.0,2.3510510211487756,10.413625999426188,0.8250000000000002,2.712911458940831,10.413625999426188,0.75,-0.36186043779205557,0.07500000000000018
c631973ced6f42e0950a16d00036fe8a,scene-0042,4.6189687110492805,17.024535516177096,0.0,2.50697902411728,0.4961533877275666,2.625,4.02294834471107,8.630207926977453,1.4250000000000005,-1.5159693205937899,1.1999999999999995
20c8eae6cfaf4ccc9642a7a1cd9cd9e1,scene-0042,5.626082795124898,9.295858104920894,0.0,6.1505404742501835,9.295858104920894,0.6749999999999996,6.075560503210637,9.295858104920894,0.4499999999999995,0.07497997103954646,0.2250000000000001
38cf99c5df334164838d887d0a9db0b6,scene-0042,4.767707694471605,8.797762010432036,0.0,4.627038378092536,7.7435285226567085,0.18106601717798254,4.627038378092536,7.7435285226567085,0.18106601717798254,0.0,0.0
ee2408a3d247402faf8d56ac1c7b964b,scene-0042,5.435044216838577,12.986196283746711,0.0,3.860587946208123,5.786660683780907,1.5749999999999988,3.860587946208123,5.786660683780907,1.5749999999999988,0.0,0.0
69a89860542c4e2f9ade7ff0fc99d427,scene-0042,9.20746093458868,20.71678184617126,0.0,3.5088572494788695,5.119812484009673,5.699999999999999,3.5088572494788695,5.119812484009673,5.699999999999999,0.0,0.0
6e04634c38d24707b0105042eed605ec,scene-0042,6.092265882977089,11.774535309971652,0.0,3.546060318044264,5.77861556345656,2.55,3.546060318044264,5.77861556345656,2.55,0.0,0.0
69fac31e981e4e06b9cc397b25d8ba56,scene-0042,7.7853673869790505,15.559771164049103,0.0,6.585629832983303,15.559771164049103,1.1999999999999997,6.585629832983303,15.559771164049103,1.1999999999999997,0.0,0.0
5611e2565ede4f48bb4c8c5d6bc9fe2f,scene-0042,6.338441224701478,9.58514455560322,0.0,4.38862604794668,5.985843727604506,1.9499999999999997,4.38862604794668,5.985843727604506,1.9499999999999997,0.0,0.0
485ea9c73565406a88e42daa237dcb76,scene-0042,7.276082013945881,11.900043880814554,0.0,4.511175684096081,10.705599368642305,2.78033008588991,4.511175684096081,10.705599368642305,2.78033008588991,0.0,0.0
3b72b448d4834d31a94fdba6247b11fa,scene-0042,8.590193067815004,18.737272686596206,0.0,6.6403516247686944,16.33733702569789,1.95,6.6403516247686944,16.33733702569789,1.95,0.0,0.0
4c4556946f884a32a94f5507a45e9eef,scene-0042,8.693597172517451,14.621911452204683,0.0,8.09689099074761,14.621911452204683,0.6074264635194586,8.321576869077267,14.621911452204683,0.5342329219213239,-0.22468587832965703,0.07319354159813474
4438be4ee81b40a18b8a60492bd5ec19,scene-0042,7.2282359407330725,11.60202871684305,0.0,5.067993236658344,10.412712750572874,2.175,5.067993236658344,10.412712750572874,2.175,0.0,0.0
dda4bdc12deb4c70be456b483d1b57bc,scene-0042,5.152525930068016,8.50315134252702,0.0,4.181614298491642,5.017850824261721,1.4371708245126285,4.181614298491642,5.017850824261721,1.4371708245126285,0.0,0.0
cc0b614fd61441c4aeab282556d6d827,scene-0042,6.532443401571793,7.289007680842298,0.0,3.535373459439871,6.096033159035922,3.0,2.717519696391639,2.5568696075725015,3.825,0.8178537630482321,-0.8250000000000002
3aa496efde274e618d01c4460eeee7c9,scene-0042,6.4503119277228045,11.69833517759677,0.0,3.7329508121352633,4.854687980734565,2.8507656876477894,3.6999560216385845,4.854687980734565,2.8196996704698067,0.03299479049667875,0.03106601717798263
bd2a92cb8ae14c30832994f0681b667d,scene-0042,5.471268161385288,7.889591627196472,0.0,4.013585456008819,7.889591627196472,1.505330085889911,3.943627419665383,6.7702630457014905,1.5803300858899108,0.069958036343436,-0.07499999999999973
255fe8730d224dcf851a872231130ca2,scene-0042,9.94407129885087,21.510127149692472,0.0,7.998189204315774,19.115257965452127,1.95,8.148034047201431,17.918338249701144,1.7999999999999992,-0.14984484288565714,0.1500000000000008
1f849b9356d54294b0ad4a9045fe244c,scene-0042,8.192438587510317,16.492683970552612,0.0,7.967947975694793,16.492683970552612,0.22499999999999964,7.818313362539464,16.492683970552612,0.3749999999999998,0.149634613155329,-0.15000000000000013
33d8b84c68164bbfbfb6e04e4e2c6931,scene-0042,2.7482809796852066,4.383098644941622,0.0,1.3801708261645382,1.9973572067527663,1.425,1.3097817798088294,1.9973572067527663,1.5,0.07038904635570886,-0.07499999999999996
c691715ac1dd41dfb4ef848b6e722fdb,scene-0042,2.9274687483517545,9.136567615036304,0.0,1.1960602358903403,1.1873589215498188,2.9349994170123015,1.1960602358903403,1.1873589215498188,2.9349994170123015,0.0,0.0
bfd4da581aef4e4aacdc94e11e9a1911,scene-0042,7.385988216714461,6.790349843650297,0.0,2.104485394494299,0.7983447983987654,5.3862440931280435,2.104485394494299,0.7983447983987654,5.3862440931280435,0.0,0.0
05fee16065df4a869ed5e1ace1ff0fd5,scene-0042,9.19988539375209,11.639537436716207,0.0,2.495016077610745,5.63978379093485,6.774822587684818,2.495016077610745,5.63978379093485,6.774822587684818,0.0,0.0
c9d7e10a54e44e1fa6bb73350362d108,scene-0042,2.222799489007167,0.9369864308381771,0.0,1.4600163466581488,0.9369864308381771,1.0810660171779816,1.5242407725652498,0.9369864308381771,1.262132034355964,-0.06422442590710098,-0.18106601717798254
75e82936af3341b98f6aac627e82b3ce,scene-0042,2.3335940771840606,2.258026988194615,0.0,1.025564898383592,1.3723140369240072,2.795770197583601,0.979115427425397,1.3723140369240072,2.2683780142849947,0.04644947095819507,0.5273921832986064
7ec5350531b74c35a02877ce8314a8d5,scene-0043,0.9164241983492913,2.5663927853627526,0.0,0.9546296405088963,0.5249394078243709,0.8999999999999999,1.0145567431027045,1.483773049325301,0.856066017177982,-0.05992710259380818,0.04393398282201788
09b70515d2e9431ab772ee60b3029d0a,scene-0043,0.8694081824094287,3.140907663857596,0.0,1.4143499754389213,5.497108897076431,0.9812071897723658,1.1636816623420116,5.497108897076431,0.5999999999999999,0.2506683130969096,0.3812071897723659
5de23d331d424f1eb29d587e53158589,scene-0043,2.0507812961637213,6.042357569886197,0.0,1.8259595331684002,6.042357569886197,0.22499999999999964,1.8259595331684002,6.042357569886197,0.22499999999999964,0.0,0.0
88209e3d4c4f456da1b7165c6ead41ff,scene-0043,1.541363350493425,5.209500121454148,0.0,2.0822339645928025,6.409499978730384,0.6000000000000005,1.7072583502474348,5.209500121454148,0.22500000000000053,0.37497561434536775,0.375
194a2ed1ada14516bddf15a1e7cb407c,scene-0043,0.9250123585340202,2.170051932705511,0.0,2.2105567430195556,5.768467818380685,1.5749999999999997,1.403981782847421,3.3691478523493896,0.8250000000000002,0.8065749601721346,0.7499999999999996
448e4984d23448638fdbea8f21941ad1,scene-0043,0.8361660569431439,2.9310614785820444,0.0,0.7171217246097741,2.9310614785820444,0.15000000000000036,0.8456754859742963,2.9310614785820444,0.30000000000000004,-0.12855376136452223,-0.1499999999999997
d4f97f43798a4c989b318ea1ec60b5e8,scene-0043,0.4079826369770092,0.3739660633265801,0.0,0.6125604603816572,0.8304045314519406,0.6000000000000001,0.4818403428107643,0.8304045314519406,0.22499999999999987,0.1307201175708929,0.3750000000000002
32b75adabfb341c787960cb0216f6cb5,scene-0043,0.8912808142670572,1.3548349921943863,0.0,0.5313157638601542,1.0567525383756768,0.7500000000000002,0.5313157638601542,1.0567525383756768,0.7500000000000002,0.0,0.0
20f83156211f49fe984de945bad0450f,scene-0043,1.9993612997135246,4.795212925818755,0.0,1.6993539470152585,5.995087322868792,0.6000000000000005,0.4816867817874822,1.2079081006124814,1.8000000000000003,1.2176671652277764,-1.1999999999999997
1bce8b98bc384b38aa81257803a88eb6,scene-0043,1.6279219905664912,3.478632871796612,0.0,0.73492363081929,1.321388406490107,2.1,0.7531967304187511,1.321388406490107,2.0250000000000004,-0.018273099599461107,0.07499999999999973
3d1eb3da8dfc4059b703484a83330a07,scene-0043,1.776742411849389,4.6407299895195,0.0,0.4782389839827489,0.16005242573940273,1.7999999999999996,0.4471879107477799,0.16005242573940273,1.95,0.031051073234968973,-0.15000000000000036
68ea2a21eac4431085a5196153fa5244,scene-0043,1.4026697553197107,4.806202684824435,0.0,0.8676001217686107,1.2068491547742068,0.5999999999999999,0.8676001217686107,1.2068491547742068,0.5999999999999999,0.0,0.0
df84fac05e4d491ba69afc00231f65c3,scene-0043,0.7520016703679622,1.103421437285038,0.0,0.5617667283926112,2.30129718612474,0.8999999999999999,2.664505028519441,3.701867013526859,2.25,-2.10273830012683,-1.35
85aa2dedde914b3b8498aa9e297db375,scene-0043,0.6685755449648563,0.99971005895057,0.0,4.654012284107143,7.406575742725425,4.275,3.154163072193332,5.006933215446314,2.7750000000000004,1.4998492119138112,1.5
4b57dce76aaa48fe82ae6268a90f70a0,scene-0043,1.331610058649771,3.9511204494950314,0.0,1.1067415308648205,1.5519086224181522,0.375,0.9567788322523116,1.5519086224181522,0.375,0.14996269861250888,0.0
8e177aee749c47d8853227f6c33914c5,scene-0043,0.603405291364127,1.7615676942870708,0.0,2.416222616686349,5.361467539908943,1.8749999999999996,2.7159622431031476,6.561458577288875,2.175,-0.29973962641679863,-0.30000000000000027
1abc4343ba1543eaa63223c81ae8531e,scene-0043,1.0497420890046283,1.9749366611984214,0.0,2.4131652611641243,4.374889479499499,1.6500000000000001,2.6381635397294345,4.374889479499499,1.8750000000000002,-0.22499827856531018,-0.2250000000000001
6046f7a0b2fe436189a5ffb62d9d042c,scene-0043,1.5121216904269315,2.1732155916161147,0.0,4.745514326645023,9.372192211924208,3.3000000000000007,2.7960153997221044,3.3727416368949688,1.3500000000000005,1.9494989269229186,1.9500000000000002
5b1778c14dce4541a5430e3555668ec0,scene-0043,1.4051751537342687,2.523158457401777,0.0,5.536203469281313,8.278848267221456,6.824999999999998,5.536203469281313,8.278848267221456,6.824999999999998,0.0,0.0
ebbc6ace4b3d439193e79261c5401366,scene-0043,1.4173526337828464,3.056384417217496,0.0,5.623991807080802,12.655204581158149,4.275,5.474012028836037,12.655204581158149,4.125,0.1499797782447656,0.15000000000000036
42ceca0b2ec64051a8485456b53f389d,scene-0043,1.492331450230411,2.14536079796158,0.0,6.449267121039269,10.544052324883008,5.1,5.699389549121717,9.344095228941223,4.35,0.7498775719175521,0.75
825d52c255ca46fc9ae7a7fc43d44816,scene-0043,2.014285234416695,3.4294852903437048,0.0,4.62029030310979,9.428829005976542,2.7749999999999995,3.6642971126308552,9.428829005976542,1.9500000000000002,0.9559931904789352,0.8249999999999993
0b505a6c6c9c4e09ae50716f9581ed29,scene-0043,1.0682837456955223,2.165309882477917,0.0,0.611872209164818,0.24933610936426376,0.7499999999999996,0.5593205770430312,0.24933610936426376,0.5999999999999996,0.05255163212178682,0.1499999999999999
0bc8de2e16054030862df31f52fd1f00,scene-0043,1.5281384257559658,1.709340980797994,0.0,3.3064017302267468,1.709340980797994,3.080172391949332,1.4616632270513674,1.709340980797994,0.44999999999999973,1.8447385031753794,2.630172391949332
d6abf91b7d764a44bd62b271c9f6dca0,scene-0043,0.8789967655508341,0.9434214293757734,0.0,0.8789967655508341,0.9434214293757734,0.0,0.8789967655508341,0.9434214293757734,0.0,0.0,0.0
29a181d7191048c48e1b4b55bbdfa1e0,scene-0043,0.4845125672450604,0.49845136089581615,0.0,0.4845125672450604,0.49845136089581615,0.0,0.4845125672450604,0.49845136089581615,0.0,0.0,0.0
37ee0263ec47496fbc7ed2555b6d7003,scene-0043,0.2934765887984174,0.29264012054741667,0.0,0.2934765887984174,0.29264012054741667,0.0,0.2934765887984174,0.29264012054741667,0.0,0.0,0.0
bbae0774a59a476f9ad1445911570c5f,scene-0043,0.20976409794308512,0.20758672632906558,0.0,11.089063387498276,22.64993869314653,11.272118913556193,10.341171190206335,22.64993869314653,10.523714987125857,0.7478921972919412,0.7484039264303366
4651004ed5cc422990eb121b953552c0,scene-0043,0.21883757524422873,0.2175427189110457,0.0,0.21883757524422873,0.2175427189110457,0.0,0.21883757524422873,0.2175427189110457,0.0,0.0,0.0
689730a361924e31b626ca9725499213,scene-0043,0.2217549574869545,0.22073031105646945,0.0,0.2217549574869545,0.22073031105646945,0.0,0.2217549574869545,0.22073031105646945,0.0,0.0,0.0
a3ef62f6ceda43f0993ae7908788f623,scene-0043,0.22206190560911762,0.22118453444159897,0.0,0.2709208528485888,0.22118453444159897,0.07499999999999996,0.22206190560911762,0.22118453444159897,0.0,0.04885894723947118,0.07499999999999996
1dda3d57404f4057af294145ba7332f6,scene-0044,8.95563456741801,13.656368766411203,0.0,9.105283406348097,13.656368766411203,0.15000000000000013,9.105283406348097,13.656368766411203,0.15000000000000013,0.0,0.0
7422ecacc5c2448db49b6708c136a8c0,scene-0044,9.307707949690265,17.031318032901844,0.0,9.083448621611183,17.031318032901844,0.22499999999999987,9.083448621611183,17.031318032901844,0.22499999999999987,0.0,0.0
08d37299402f4598b2ff735a48743cd3,scene-0044,8.376755212169996,10.484681610093755,0.0,7.921129735383889,10.484681610093755,0.45620718977236624,7.921129735383889,10.484681610093755,0.45620718977236624,0.0,0.0
0d4ff8b9b8da4d75b84e61a6392743ed,scene-0044,7.302803873617756,10.820719896413381,0.0,7.2281165446502715,10.820719896413381,0.07499999999999996,7.2281165446502715,10.820719896413381,0.07499999999999996,0.0,0.0
730372a7b9724bcc8a58fef54aef6d33,scene-0044,6.402363247599743,7.631384778323098,0.0,6.475397262247732,7.631384778323098,0.07499999999999973,7.002356608053029,9.94477912169761,0.6074264635194586,-0.526959345805297,-0.5324264635194589
a62a525907c149bcb9a877131aedbfe9,scene-0044,5.941566209267359,5.510717751065834,0.0,5.941566209267359,5.510717751065834,0.0,6.085704502134963,6.6610423164312,0.1499999999999999,-0.14413829286760382,-0.1499999999999999
bf8ce5c20e0945069903f474652ce37a,scene-0044,4.445107375098002,4.4087112883589175,0.0,4.136226152195121,4.4087112883589175,0.30923292192132446,5.047176520239701,9.356377298122316,0.6092329219213247,-0.9109503680445803,-0.30000000000000027
94e8fd7330684407b1aad99692e7e5ff,scene-0044,3.534055979508205,0.5457811711000589,0.0,3.4614031971641763,0.5457811711000589,0.07500000000000018,3.958106143709682,7.330583798323683,0.45620718977236624,-0.4967029465455055,-0.38120718977236606
9be73d55ff7348c6aee1035ec6e427af,scene-0044,2.7773042804931354,0.6087967046286523,0.0,2.014035712613953,0.7760146094943928,0.9000000000000004,2.0068050188636612,2.4443944246118066,1.1427050983124842,0.007230693750291728,-0.24270509831248388
fb254b29ff3e4d2a884e605d79d5f33b,scene-0044,2.3436512983126843,5.252675174827451,0.0,1.1844279974742344,3.5787757658163826,1.8749999999999996,1.4896526970421253,3.5787757658163826,1.4249999999999998,-0.3052246995678909,0.44999999999999973
b79ad95c2bca4049bdfef8b479dddcc3,scene-0044,2.7763207234292877,5.505722280924716,0.0,1.0640876398812291,2.080369864271944,2.25,1.0640876398812291,2.080369864271944,2.25,0.0,0.0
6bf37d430d1742b282e71a0ff3304c33,scene-0044,4.286842188469844,9.733855090395473,0.0,1.1415213788794711,3.568340715970298,4.949999999999999,1.1415213788794711,3.568340715970298,4.949999999999999,0.0,0.0
12bff9ace37e47bea1dd609ca4b9a672,scene-0044,4.84860194036523,4.645857388038415,0.0,1.1644634405038223,4.983336652314752,5.3999999999999995,1.2448576299624738,4.983336652314752,5.624999999999999,-0.08039418945865151,-0.22499999999999964
076fcc0d55aa452f949f4d92e074d50d,scene-0044,3.7440646945105946,4.673940240853345,0.0,1.044514360055567,2.2762955010446366,4.2749999999999995,1.0709852771611488,2.2762955010446366,4.35,-0.026470917105581693,-0.07500000000000018
5894789560e1417cbc67d82c99464527,scene-0044,1.158164818461596,4.072821822791178,0.0,0.8455936112319586,0.5445397462652479,1.6499999999999997,0.8455936112319586,0.5445397462652479,1.6499999999999997,0.0,0.0
39dd189d44664d2bba4dccab40ce3fb9,scene-0044,0.9992605995600086,0.6925340864563736,0.0,1.2165893933125174,3.369300318710362,2.024999999999999,1.1463857016810683,3.369300318710362,1.9499999999999988,0.07020369163144902,0.07500000000000018
b3d12b24168345f48dc98620ad893552,scene-0044,0.9476536038467307,1.7485177207074643,0.0,0.9116987252477438,1.7485177207074643,0.4810660171779828,0.9116987252477438,1.7485177207074643,0.4810660171779828,0.0,0.0
4f6eb8cab70342a7840c8e5f095ba871,scene-0044,0.846121901255046,0.6303587941519329,0.0,0.911719907436961,1.2882745987744935,0.4060660171779821,0.911719907436961,1.2882745987744935,0.4060660171779821,0.0,0.0
81d0dd84c7e54c61a8a259f7d1e7bb89,scene-0044,1.2574013440484033,3.1254972871601505,0.0,0.9881437804704077,1.9279832785878164,0.5999999999999996,0.9881437804704077,1.9279832785878164,0.5999999999999996,0.0,0.0
3ca333e072cb48bbb5e34e6ec9191faa,scene-0044,2.3181236147151862,8.768494936958461,0.0,1.7939165751511201,3.9792260900673186,0.5249999999999999,1.9435823304762248,5.174679320670107,0.375,-0.14966575532510462,0.1499999999999999
f83a988f1f05475ca70bffb832a8574c,scene-0044,3.084738452376964,6.389172760233743,0.0,2.81225400947256,6.389172760233743,0.3749999999999998,2.961160082657416,6.389172760233743,0.22499999999999987,-0.14890607318485616,0.1499999999999999
0f34a8e8f3a04b4f9928d12fd57a5f2d,scene-0044,4.88033041127697,12.749992065024518,0.0,4.50813333801713,9.18308532471739,0.375,4.28442094234618,9.18308532471739,0.5999999999999999,0.22371239567095014,-0.22499999999999987
027520592f994e3887e4f8b4ba4fc099,scene-0044,6.940957662937346,16.17513649368328,0.0,6.193950915417268,12.604498057350844,0.7500000000000002,6.492364732566154,14.983362467042461,0.44999999999999996,-0.2984138171488855,0.30000000000000027
d6ef27c153e5401f995466d8f3081536,scene-0044,7.613285935569756,18.069005018494963,0.0,7.463356769924609,18.069005018494963,0.15000000000000013,7.08958686450732,18.069005018494963,0.5249999999999999,0.37376990541728894,-0.3749999999999998
053ccfde42e04975969c107a59b4c305,scene-0044,9.042710573493302,22.023356474577927,0.0,8.214025977126784,14.724122405868824,0.8312071897723663,8.214025977126784,14.724122405868824,0.8312071897723663,0.0,0.0
34205d9fa2f1422a8aba9869139c29af,scene-0044,10.905424099430086,19.510150580835628,0.0,9.182655191238664,18.32842019032762,1.7324264635194586,9.108955636818592,17.149227319606478,1.8074264635194588,0.07369955442007203,-0.07500000000000018
6a81b3fb8c9c4c3ca64cf708e6c94e40,scene-0044,10.371667083178993,21.57350854237988,0.0,10.075660023001145,20.39923508836648,0.3000000000000005,9.85363609071881,20.39923508836648,0.5250000000000001,0.22202393228233497,-0.22499999999999964
4e85f6c822fe4c32bc411c89d0e2026c,scene-0044,11.310441095902522,24.561907867479768,0.0,10.114246485213062,17.27939075516667,1.2062071897723663,10.114246485213062,17.27939075516667,1.2062071897723663,0.0,0.0
0ca68b053a8b4a2c8d3e0393262ee49d,scene-0044,12.201184338378152,24.961814894992525,0.0,11.004329535333055,18.849860515574303,1.2074264635194591,11.004329535333055,18.849860515574303,1.2074264635194591,0.0,0.0
bd6df9c463cd432fbdd6ede57f89107d,scene-0044,12.431124872355557,25.33122886228463,0.0,10.89282281650417,18.458675231932904,1.575,10.89282281650417,18.458675231932904,1.575,0.0,0.0
2d19c619a4f44cd0b50e85250a2c7f07,scene-0044,11.62879551950058,22.21653457396639,0.0,11.407540258069247,22.21653457396639,0.5250000000000006,11.407540258069247,22.21653457396639,0.5250000000000006,0.0,0.0
5bfd9c26f8364a578faf16bdb96049ea,scene-0045,11.696247070954046,16.877396441082205,0.0,20.995896580235964,34.87737348033854,9.3,21.37088168914701,37.27737209427051,9.675,-0.3749851089110443,-0.375
6807555039a64e45be594ca35deebdeb,scene-0045,10.945327325497388,16.32552493292606,0.0,19.34496140750881,31.925500685932935,8.399999999999999,19.044969934185882,34.32549891176594,8.1,0.2999914733229261,0.29999999999999893
50072598887e4ca0bd79e56f933a7d24,scene-0045,11.118294888839618,17.768245108194645,0.0,17.042913606965982,29.76817514680862,5.925000000000001,16.217915264058405,27.36818423099779,5.1000000000000005,0.8249983429075769,0.8250000000000002
36d2a0cab7c14a829342a9129ae73cf2,scene-0045,7.806937537668691,14.268096597423957,0.0,13.731374705245923,23.867783880555184,5.925000000000001,13.731376811041887,22.667808484984963,5.925,-2.105795964268964e-06,8.881784197001252e-16
c43f484292584b2d8837d673c30a075e,scene-0045,5.580393392755417,6.846648348969385,0.0,12.328912571769568,21.243335164868654,6.75,13.30387420828293,21.243335164868654,7.7250000000000005,-0.9749616365133633,-0.9750000000000005
995f6a2b2c5f4b2b92c999a2edd00032,scene-0045,3.5640552002047294,3.8281654614024974,0.0,9.781571057190227,19.410036028483397,6.225,9.856557027950902,19.410036028483397,6.3,-0.07498597076067526,-0.07500000000000018
16b9470fc196483ea76a2a02b0144c05,scene-0045,2.8751168728388983,2.958718360972383,0.0,9.447484944122582,17.33229789936601,6.6000000000000005,10.047349692925579,17.33229789936601,7.199999999999999,-0.5998647488029967,-0.5999999999999988
680c3298b4f746fa921261a21c929fa2,scene-0045,1.7390152746846355,3.9038127714442985,0.0,7.836151614581626,20.69120843966234,6.375,9.03580234107124,18.291592113457938,7.574999999999999,-1.1996507264896135,-1.1999999999999993
b529d120a9644b77ae4219636563c20d,scene-0045,3.2804902266513216,12.741503584970134,0.0,8.437929977999813,19.94030842735569,5.3999999999999995,8.9628229015584,21.140188376804577,5.924999999999999,-0.5248929235585873,-0.5249999999999995
2c73c6cba15844adac243045434eff88,scene-0045,1.044298367277717,0.7221393856608369,0.0,2.659633599560282,4.124909112320019,3.5249999999999995,4.38166306268293,17.319691030428064,5.249999999999999,-1.7220294631226478,-1.7249999999999996
5747b9d1d0f64f7a9fa2be5106bf3b0f,scene-0045,3.4475308040019756,11.432169501184967,0.0,8.44036012084483,17.431864831139794,5.1,8.290387005465815,17.431864831139794,4.949999999999999,0.14997311537901403,0.15000000000000036
4460a42bf5764b038a1c605e03a6688f,scene-0045,2.929322298740955,5.156844686838573,0.0,1.499730123156739,0.8452292473764269,3.75,1.752980512390971,2.044183345962292,4.2749999999999995,-0.25325038923423193,-0.5249999999999995
8d0763a5e11745c5ac84469982ea6e11,scene-0045,1.9528960278784298,1.3047987720346463,0.0,1.4728010469704236,0.1477827469235493,0.6000000000000001,1.1313892420060216,1.1050699729308622,1.9499999999999993,0.34141180496440193,-1.3499999999999992
a08e592f196d4f8680f63a46ad777b88,scene-0045,0.9907827648154932,1.3656591251762555,0.0,0.9221431147279631,1.3656591251762555,0.22499999999999987,1.1810755018942192,2.5631219124290654,0.22499999999999964,-0.2589323871662561,2.220446049250313e-16
23937bb1598e4f7a8954d4e070524f7b,scene-0045,0.9451626233105741,2.3578191270183235,0.0,0.7566001470174147,2.3578191270183235,0.22499999999999987,0.7566001470174147,2.3578191270183235,0.22499999999999987,0.0,0.0
001899e5cdf548fba1e27741e0d172a5,scene-0045,0.6290813136326455,1.0561117225265833,0.0,0.482605227389494,1.0561117225265833,0.15000000000000013,0.482605227389494,1.0561117225265833,0.15000000000000013,0.0,0.0
038e74a5fb5f467cb0ff08036b938dae,scene-0045,0.3504327217865195,0.7443279728077906,0.0,0.4454069413083702,0.7443279728077906,0.44999999999999973,0.4454069413083702,0.7443279728077906,0.44999999999999973,0.0,0.0
a630d170512444e6a61344987b26e7f7,scene-0045,0.5224573677886063,0.7275388374735858,0.0,0.9391006624614677,1.9241845364709025,1.05,0.9391006624614677,1.9241845364709025,1.05,0.0,0.0
60c08f0abd214a1c853e3ad73ec1927e,scene-0045,0.43249821457055515,0.30932292722823607,0.0,0.774556079623975,2.1003447789348506,0.6000000000000001,1.1093582989796171,2.1003447789348506,0.9750000000000003,-0.33480221935564214,-0.3750000000000002
ffbe9a1ca3a54a6a8988edb7bf1ff759,scene-0045,0.8268482504542168,1.0223638008312943,0.0,0.9418256741461929,1.0223638008312943,0.2999999999999998,0.9513458121647108,1.0223638008312943,0.5999999999999999,-0.00952013801851792,-0.30000000000000004
cd02458f6b5e4da88265f2a07c3fd3b3,scene-0045,0.7583253882416008,2.2889703228695093,0.0,2.2726556164858227,4.688949457652403,2.25,2.1976662325750618,4.688949457652403,2.175,0.07498938391076093,0.07500000000000018
b7f8c5c6a5554286b4a4fae650a7b799,scene-0045,1.2276425845525656,3.4460133014144074,0.0,2.9948809981673072,5.84595526113776,2.0249999999999995,2.359281482857939,5.84595526113776,1.275,0.6355995153093681,0.7499999999999996
adc8378353104d2ca3333131b32037d3,scene-0045,0.8462368416310787,0.9811653743143253,0.0,1.729927519289638,4.580275001411499,1.5749999999999995,1.729927519289638,4.580275001411499,1.5749999999999995,0.0,0.0
18c337ec8b5340f5bcc01530bfcea2d5,scene-0045,0.8679038224573995,0.5583901629940535,0.0,1.287788902817597,3.046029785336453,2.0250000000000004,1.0631710035084283,1.8464736193117057,1.8000000000000003,0.22461789930916876,0.2250000000000001
b8e04b4ef02a4cbf832bd4d486215035,scene-0045,0.39845978101416246,0.0982015497111099,0.0,0.9428991663057503,1.1299242498853401,0.8999999999999995,0.4506773431099269,0.0982015497111099,0.07499999999999996,0.4922218231958234,0.8249999999999995
a278b141b8c64962954fb6240c1a1617,scene-0045,0.4821249480821733,0.7533964474787934,0.0,0.666069573154083,0.7533964474787934,0.22499999999999987,0.39527900024059187,0.4585572378655228,0.5249999999999997,0.2707905729134911,-0.2999999999999998
ab792d241daa4a409033564c3c732e67,scene-0045,0.44233375431300487,1.0909691824693983,0.0,0.5568055439548004,1.0909691824693983,0.1499999999999999,0.517357478117353,1.0909691824693983,0.1499999999999999,0.03944806583744742,0.0
57f8bc23b08740bab795cc7cf5e4b25d,scene-0045,0.520334977881804,1.8135538210458133,0.0,0.6852192423976886,1.8135538210458133,0.22499999999999987,0.7448384397805397,0.62213150256452,0.7499999999999996,-0.05961919738285104,-0.5249999999999997
00972ce25a2142b2867ccf11fb8bffeb,scene-0045,0.830776083436325,2.8877767581220586,0.0,0.9197977449577454,1.6920186435443039,1.1249999999999998,0.7761507500996445,1.6920186435443039,0.9749999999999994,0.14364699485810084,0.15000000000000036
742ce1b2603c404fa2c6b499c1027ad3,scene-0045,1.2281478857782426,4.28283708758942,0.0,1.3221133059392172,0.7191463798543233,2.1,1.2843656187987949,4.28283708758942,0.07499999999999996,0.037747687140422315,2.0250000000000004
de78abb899bf4429a2e1a4cfe8709cc2,scene-0046,3.0397410577046466,4.800978640415307,0.0,2.740200595231248,4.800978640415307,0.30000000000000004,2.740200595231248,4.800978640415307,0.30000000000000004,0.0,0.0
31f06bd961cc4b3495cd5c01539cf55d,scene-0046,4.313114290201406,7.902001933849646,0.0,4.313089109808435,7.902001933849646,0.14999999999999947,4.46282291359038,7.902001933849646,0.1499999999999999,-0.14973380378194534,-4.440892098500626e-16
4776e574db1f4261a470d33983716cca,scene-0046,4.385837228423515,6.652225206987654,0.0,5.060225553164175,9.049985094427765,0.6750000000000003,5.359957496912041,9.049985094427765,0.9749999999999999,-0.29973194374786605,-0.2999999999999996
f31932ce754b408db390251167423dcc,scene-0046,3.255633584721557,4.973611790539038,0.0,3.180638989279383,4.973611790539038,0.07500000000000018,3.180638989279383,4.973611790539038,0.07500000000000018,0.0,0.0
11c869e882034b69b67b121c9deabd9e,scene-0046,1.9275813118357292,2.892822666250371,0.0,1.2660287926342393,0.7076200534135397,0.7499999999999996,1.2660287926342393,0.7076200534135397,0.7499999999999996,0.0,0.0
78ba8faa832d4a4197d5bd3128943327,scene-0046,1.658058754220897,1.0879840407526509,0.0,0.922072278224574,2.5121181244469057,1.5000000000000002,0.922072278224574,2.5121181244469057,1.5000000000000002,0.0,0.0
74188da251e34b25804604c1780de55f,scene-0046,1.816079461832739,1.2984778877848637,0.0,1.0824176580118081,1.1021850638209454,1.05,0.9342466951080194,1.1021850638209454,1.2,0.14817096290378873,-0.1499999999999999
e1ef13d0bc334c9eb9a2c2660df1dda8,scene-0046,1.0914246090165018,0.21177825294603647,0.0,0.8373739114171713,0.21177825294603647,1.2749999999999995,0.8373739114171713,0.21177825294603647,1.2749999999999995,0.0,0.0
2845ebeeef274d59862d9f5384368db9,scene-0046,1.0298821717741187,1.7528908362758506,0.0,2.1297392102327404,6.55274744566233,1.6499999999999992,2.504448147285561,6.55274744566233,2.024999999999999,-0.3747089370528207,-0.3749999999999998
25ace73eef48498889357c0f13315932,scene-0046,0.563157631979857,0.16958504819894296,0.0,0.7723116074400471,1.3673441630592942,0.375,1.4027391873126753,1.3673441630592942,1.425,-0.6304275798726282,-1.05
1259716cd6dd4e9c8506624cbb91b9f6,scene-0046,0.8028454930522344,1.6613287488335167,0.0,0.629235643568173,1.6613287488335167,0.2250000000000001,1.42606113764737,0.740705611898287,2.0250000000000004,-0.796825494079197,-1.8000000000000003
02c072c88359462ba2d87a8a673be1ad,scene-0046,0.9768993069927453,1.7549884175779462,0.0,2.059954120987954,0.6451114113389901,2.5499999999999994,1.9099541841024061,0.6451114113389901,2.3999999999999995,0.14999993688554802,0.1499999999999999
07ac4f2a277e4d68823954e788e4be8c,scene-0046,0.5212781065522689,0.17689401674879907,0.0,5.391193307326478,7.023540868538369,5.099999999999999,5.391193307326478,7.023540868538369,5.099999999999999,0.0,0.0
9a7de05eb42a4e5bb26f4a387711b93e,scene-0046,3.922519158257377,4.834428323389868,0.0,3.922519158257377,4.834428323389868,0.0,3.922519158257377,4.834428323389868,0.0,0.0,0.0
625922c76a1744f290b1d1eb004d9385,scene-0046,2.636822025791479,3.1269405302372766,0.0,2.636822025791479,3.1269405302372766,0.0,2.636822025791479,3.1269405302372766,0.0,0.0,0.0
990dc612e3554626b3f13c0811208e5c,scene-0046,1.483265873964726,1.6848425735720334,0.0,1.483265873964726,1.6848425735720334,0.0,1.483265873964726,1.6848425735720334,0.0,0.0,0.0
27463499352b4c1291346bf9ba3839fb,scene-0046,0.8196405200244815,0.9080359219076712,0.0,0.8196405200244815,0.9080359219076712,0.0,0.8196405200244815,0.9080359219076712,0.0,0.0,0.0
47f3f556bd304afba0b1eb139d42c2ce,scene-0046,0.5218240244872067,0.5424422059814362,0.0,0.5218240244872067,0.5424422059814362,0.0,0.5218240244872067,0.5424422059814362,0.0,0.0,0.0
fb04d801ac16498388430bf66d8ec48f,scene-0046,0.2857303221678066,0.2849163544619557,0.0,0.2857303221678066,0.2849163544619557,0.0,0.2857303221678066,0.2849163544619557,0.0,0.0,0.0
829ca2190efe4aa88f260bffb1d0697a,scene-0046,0.21909487762005853,0.21566787678411653,0.0,0.21909487762005853,0.21566787678411653,0.0,0.21909487762005853,0.21566787678411653,0.0,0.0,0.0
416b49a68dbc431d9afee16b5c8e58ae,scene-0046,0.2143223403014194,0.21164686927489462,0.0,0.2143223403014194,0.21164686927489462,0.0,0.2143223403014194,0.21164686927489462,0.0,0.0,0.0
4e3c858a371b43d99e4f0ee4b76dc8a1,scene-0046,0.21946487114118568,0.21734287789517612,0.0,0.21946487114118568,0.21734287789517612,0.0,0.21946487114118568,0.21734287789517612,0.0,0.0,0.0
c2fb158b3f7147d5a2fa2df9e58ab8c8,scene-0046,0.22029939073204102,0.21847928929504407,0.0,0.22029939073204102,0.21847928929504407,0.0,0.22029939073204102,0.21847928929504407,0.0,0.0,0.0
53a9dd587380402ab51fb929f7eeb18d,scene-0046,0.22078134904387864,0.21921139279362478,0.0,0.22078134904387864,0.21921139279362478,0.0,0.22078134904387864,0.21921139279362478,0.0,0.0,0.0
23407e5a4e854b06bda7c43a2c6aab45,scene-0046,0.22120498688554568,0.21985354619018846,0.0,0.22120498688554568,0.21985354619018846,0.0,0.22120498688554568,0.21985354619018846,0.0,0.0,0.0
8bb6c96a85c64cd6be8d5d9002ed12a0,scene-0046,0.22155960339059388,0.22039624375495956,0.0,0.22155960339059388,0.22039624375495956,0.0,0.22155960339059388,0.22039624375495956,0.0,0.0,0.0
977ca44b5bfb4762a08c9db618c0595f,scene-0046,0.2218587165120337,0.22085546955425575,0.0,0.2218587165120337,0.22085546955425575,0.0,0.2218587165120337,0.22085546955425575,0.0,0.0,0.0
8043cb6882a84dab8e4f124d31954892,scene-0046,0.22210858581333914,0.2212433008861441,0.0,0.22210858581333914,0.2212433008861441,0.0,0.22210858581333914,0.2212433008861441,0.0,0.0,0.0
a5961ac3bd524a66b31c14de1a95129d,scene-0046,0.22232041334500427,0.22157152994985965,0.0,0.22232041334500427,0.22157152994985965,0.0,0.22232041334500427,0.22157152994985965,0.0,0.0,0.0
5717e8d589fc4836a349875746fa8247,scene-0046,0.2225029858402872,0.22185860444656635,0.0,0.2225029858402872,0.22185860444656635,0.0,0.2225029858402872,0.22185860444656635,0.0,0.0,0.0
2b946a3f99fc479aac0f470b284199a0,scene-0047,3.8186451984866565,6.9838395859948905,0.0,1.0443067141160394,2.1990419237569077,4.199999999999999,1.0402868089327968,2.1990419237569077,3.2249999999999996,0.004019905183242578,0.9749999999999996
e52c90b152364accade195a6c538abf2,scene-0047,3.072187057443109,8.52344858578892,0.0,1.7202505172759812,2.5275713071159585,1.6499999999999997,1.570401610724908,2.5275713071159585,1.7999999999999996,0.1498489065510733,-0.1499999999999999
92887f8ce86e45a2ab8d417c5c39aef2,scene-0047,2.5814562211195504,6.353351611298637,0.0,1.882095819142318,3.957139887762654,0.7499999999999993,1.8072785035375527,3.957139887762654,0.8249999999999995,0.07481731560476534,-0.07500000000000018
6b9ef02e777d46c3aa2ab5f562b16ff5,scene-0047,4.200447214284132,7.81291618776389,0.0,1.8746891010319262,4.22156154075415,2.4749999999999996,1.8746891010319262,4.22156154075415,2.4749999999999996,0.0,0.0
43ab85b86bd5454cb613a51cb42274e8,scene-0047,5.074414488411774,8.151219823745947,0.0,3.65448203076122,6.97212865446442,1.4249999999999996,3.65448203076122,6.97212865446442,1.4249999999999996,0.0,0.0
49fadbef173a4828a266905a3212760d,scene-0047,3.816839060939246,8.298143877094354,0.0,3.22803542985183,7.108710814323311,0.5999999999999996,3.22803542985183,7.108710814323311,0.5999999999999996,0.0,0.0
2c5a6350ebcf46cba99dc6c37cfd3e23,scene-0047,4.330997242976,9.734136665454521,0.0,3.9879974290496074,9.734136665454521,0.3750000000000002,3.9879974290496074,9.734136665454521,0.3750000000000002,0.0,0.0
329a77b6c5494dda9a8bb0f50e5d240f,scene-0047,5.276011928712146,9.976505969831962,0.0,4.1633406457550715,8.776895153138083,1.1249999999999991,4.1633406457550715,8.776895153138083,1.1249999999999991,0.0,0.0
ff412638fb85442d8d8c4841a5adda2d,scene-0047,5.765730814568076,12.57055298865176,0.0,4.649058541563686,10.171076375094318,1.1249999999999991,4.649058541563686,10.171076375094318,1.1249999999999991,0.0,0.0
afc0243a7c1c4be0aec8effe25fd8e05,scene-0047,5.061274725737944,12.757853250804336,0.0,4.47327098956123,9.159042462335865,0.6177050983124835,4.47327098956123,9.159042462335865,0.6177050983124835,0.0,0.0
75d9b7ca576b4f6883622198c6349992,scene-0047,4.924659114158761,9.309229086179531,0.0,4.186713630803202,8.109738443942952,0.7499999999999998,4.186713630803202,8.109738443942952,0.7499999999999998,0.0,0.0
08642b2f02cf46adab1598b0ef664549,scene-0047,4.410984682920488,10.630063356247053,0.0,3.476040437384892,8.230350720547516,1.1364736833812215,3.545356671777828,8.230350720547516,1.1054076662032393,-0.06931623439293588,0.031066017177982186
313a983dcd2d47909a0f5c14334bcf11,scene-0047,5.61578956143671,10.681458989244632,0.0,4.35675582971769,8.282172441328385,1.4434658438426495,4.295455247319466,8.282172441328385,1.553876040467618,0.061300582398224,-0.11041019662496843
749244be19d64becb2d2a9c065a5be0a,scene-0047,6.164253385322503,11.860012246984981,0.0,4.4647961893989745,9.460960872731295,1.7585745709465812,4.693392392607095,9.460960872731295,1.5757091357242756,-0.22859620320812013,0.18286543522230558
c904117aac1d4b239aa6a3f703fcc295,scene-0047,8.893040765538332,14.094283492741651,0.0,5.685553051867261,12.894434177760186,3.2463287165631756,5.620396950108437,12.894434177760186,3.3305616384845,0.06515610175882447,-0.08423292192132426
6273110addf149bd844f0d15f1e95aab,scene-0047,6.429867435702748,9.064073092671284,0.0,5.031088194251536,9.064073092671284,1.7910468649802462,5.180347471549081,10.263932081156431,1.8044077838457442,-0.14925927729754473,-0.01336091886549795
2c974b12b5ad4dd8906396b705a91a1d,scene-0047,8.134886551008147,13.449498622607347,0.0,6.339547432496264,9.850013050549792,2.133574570946582,6.413883023680561,9.850013050549792,2.0641088447464377,-0.07433559118429667,0.06946572620014413
d42de3cbf3624687902c660d3980c7e0,scene-0047,10.65999804396563,15.331493545298038,0.0,4.823663494235507,10.53315216006926,5.884639089328777,5.04777062025893,11.732610297915702,5.660516193211232,-0.22410712602342286,0.224122896117545
9b53aede69f34d4f835533f641d9d733,scene-0047,12.494925964122292,18.00501986349936,0.0,6.642570921083035,12.005844470183389,5.8942099115640385,6.642570921083035,12.005844470183389,5.8942099115640385,0.0,0.0
d4e1900fe6c64112afc5d777d858f467,scene-0047,9.895403567657372,15.592116364648085,0.0,5.404315897441254,10.792588284065676,4.522775454677405,5.404315897441254,10.792588284065676,4.522775454677405,0.0,0.0
d3ab0416f5ee4f4c9a4f4d73e57923f9,scene-0047,5.980809059246514,9.308414348645176,0.0,4.1918075827147625,8.108464351598363,1.812170824512629,4.1918075827147625,8.108464351598363,1.812170824512629,0.0,0.0
5d90283c43c64ae2a2bfba49ee8cda5d,scene-0047,4.333239372082685,5.064001259780247,0.0,4.345978007118173,7.4639831721549434,0.6354101966249688,4.41966888193396,7.4639831721549434,0.710410196624969,-0.07369087481578696,-0.07500000000000018
3931c57a894c44169285a8cf0e61d829,scene-0047,3.8977723165367686,5.4478032825955545,0.0,3.2531131525551213,5.4478032825955545,1.1501315618319432,3.4655535021439423,5.4478032825955545,0.9074264635194589,-0.21244034958882096,0.24270509831248432
35c8f56cc49b42dba3d867ba004657ad,scene-0047,3.7192219025808333,3.1829064942014886,0.0,3.4918609942112426,3.1829064942014886,0.7500000000000004,3.123583152539335,3.1829064942014886,0.9750000000000001,0.3682778416719077,-0.22499999999999964
4503beca23ce47bf9e5d079f6604249b,scene-0047,1.6957988113691866,1.0136901286344495,0.0,1.7159792360057735,0.3245168827108419,0.7237711154904668,1.5903956353566118,0.3245168827108419,0.9487711154904669,0.12558360064916174,-0.2250000000000001
d56db49e196c448ea29ea2bdb54ca811,scene-0047,1.1294103724234303,1.5306749706711666,0.0,1.3088198245554477,1.5306749706711666,0.5249999999999999,1.3088198245554477,1.5306749706711666,0.5249999999999999,0.0,0.0
7400f2eec9564eaba38830ece5868820,scene-0047,1.2048065114808186,2.0509985944015705,0.0,1.1584723798989178,2.0509985944015705,0.40606601717798174,1.1584723798989178,2.0509985944015705,0.40606601717798174,0.0,0.0
3bd84dfa58ea46469a3c79466eae4110,scene-0047,1.4896471440757346,3.2090112853674246,0.0,1.987997813967256,4.40085948658113,1.3677050983124848,2.9866247401919064,5.5961929033626765,2.5093644837532687,-0.9986269262246503,-1.141659385440784
de3ae114ba884c4c9c123f827a0b8d9b,scene-0047,2.200639750793705,3.713589000795442,0.0,3.228032679859518,4.905097537588288,1.2000000000000004,4.278749691498526,6.09993610127848,2.25742646351946,-1.0507170116390085,-1.0574264635194595
62bb79e748c346cf887b1168dfa827df,scene-0047,1.3709054758593184,1.1652535033746863,0.0,1.5257874429433822,1.1652535033746863,0.7592329219213244,1.599694061644158,1.1652535033746863,0.8342329219213244,-0.07390661870077575,-0.07499999999999996
38efae75b92f467ab990b9d143ad9089,scene-0047,0.8580683607499652,0.5193362161465919,0.0,2.750191120373753,4.053368910166623,3.244840843064192,2.6167469136895884,4.053368910166623,3.019840843064192,0.13344420668416435,0.2250000000000001
914964ef6ce649c5a783014a417d3a69,scene-0047,1.186200498001186,1.6232853564175094,0.0,1.4189790713501838,1.6232853564175094,0.3871708245126283,1.5165220753235495,1.6232853564175094,0.5342329219213245,-0.0975430039733658,-0.14706209740869625
29c1c29d330746488a5ba7cfb66cdb33,scene-0048,3.200703421828612,3.504385480105617,0.0,2.3833061226787082,0.9433714914652884,1.1999999999999997,2.6603775941942387,0.9433714914652884,0.8999999999999997,-0.27707147151553047,0.30000000000000004
ce281c1d428c4bdea116ed560796de33,scene-0048,5.410374228904969,11.587221727650924,0.0,1.8448902451158649,1.8860252416202001,3.9080714074114358,1.8448902451158649,1.8860252416202001,3.9080714074114358,0.0,0.0
6a5253fa0d4641a58ae661498d9515a7,scene-0048,5.0831719091112655,10.53168210583203,0.0,1.5406714751581796,1.6409404418478712,4.357142747873111,1.5406714751581796,1.6409404418478712,4.357142747873111,0.0,0.0
5845238756da40deb28eb39cee880c97,scene-0048,3.3984981113742427,9.67319778486297,0.0,1.4081259761277074,3.684453159200618,4.20680415257809,1.4081259761277074,3.684453159200618,4.20680415257809,0.0,0.0
7981d9d42c944689affd1fa2637268a6,scene-0048,5.953354443962253,12.531633183938855,0.0,1.082412890129855,2.0097478359554652,6.531521669698467,2.1473316742109754,7.794713295205514,3.9000000000000004,-1.0649187840811203,2.6315216696984667
742c4b32ead141f5b825033c8e2f7486,scene-0048,5.108025771204806,10.683634440494846,0.0,3.854893225756363,11.873822194251765,1.5749999999999995,0.8474552300084871,1.433286072240303,5.403740671584066,3.007437995747876,-3.8287406715840664
a6afbd306d194022a3290e5806da289d,scene-0048,5.069657158783997,8.805050810096798,0.0,0.9517220126488177,2.0799927256198916,4.879153885360305,1.5893009177137045,3.27995711877976,6.532481343168133,-0.6375789050648868,-1.653327457807828
ec231d572c6f40538170b0879fb8df24,scene-0048,3.7391456661343083,6.769089444386025,0.0,0.9719421178120309,1.720210174929156,4.134999417012301,1.1530250494829408,1.720210174929156,3.834999417012301,-0.18108293167090994,0.2999999999999998
cca4562b799b4fbe84bb8599ae816638,scene-0048,3.807546362184116,10.297008570744563,0.0,1.1496186084819668,0.6596872325018719,3.537461656080918,3.360355194514451,7.906805262933186,1.4999999999999998,-2.210736586032484,2.037461656080918
f5d9a58215e64439af872923fb009ae5,scene-0048,2.3539469668371567,5.545589401810261,0.0,1.1005545703838657,4.061777856128124,2.8636336532918243,1.4673894395055553,0.7653761055857206,1.4999999999999998,-0.3668348691216896,1.3636336532918245
419a20a0dc194c22b5db52b1208357bc,scene-0048,2.8362731732662088,6.913138305530257,0.0,1.4775187515737975,3.3491203354063024,3.919338079257084,2.0884994492812625,2.4721902260359787,1.5053300858899115,-0.610980697707465,2.4140079933671728
cef8685a54774521b75d0f6ec1e07041,scene-0048,6.886530340251861,13.364663127036142,0.0,3.673903051321021,11.003585726656837,3.2249999999999996,3.7474719955234237,11.003585726656837,3.15,-0.07356894420240279,0.07499999999999973
303fd327b69941639f9d4eb064fce9e7,scene-0048,7.900322301108194,25.87802172164498,0.0,13.066992249463475,25.87802172164498,5.999999999999998,13.066992249463475,25.87802172164498,5.999999999999998,0.0,0.0
5bfa99a9366b408ab7490d2304bb99ef,scene-0048,13.538476926018344,25.61555815959362,0.0,13.538476926018344,25.61555815959362,0.0,13.538476926018344,25.61555815959362,0.0,0.0,0.0
96e38d7433e240c1b8502e9572951559,scene-0048,13.42243707774452,25.8665822391687,0.0,13.34765077829578,25.8665822391687,0.07499999999999996,13.34765077829578,25.8665822391687,0.07499999999999996,0.0,0.0
e5260341583f438a8de273c88790bacb,scene-0048,13.650581508797556,26.456500905109912,0.0,13.650581508797556,26.456500905109912,0.0,13.650581508797556,26.456500905109912,0.0,0.0,0.0
0d50b5bbfe7446319e709b2be6a9f306,scene-0048,5.783246031843063,14.75718802884568,0.0,6.221300102221253,18.711427996458617,1.0359419400030947,6.221300102221253,18.711427996458617,1.0359419400030947,0.0,0.0
035db40dd3384262bf0adc563d86bd3a,scene-0048,7.89874945437176,21.020485463252648,0.0,5.868231276196802,2.4188677331196926,2.9545222364190113,5.868231276196802,2.4188677331196926,2.9545222364190113,0.0,0.0
294d8ee4cfc844a182774bac1f12b8b4,scene-0048,5.64072468616436,0.877876393263426,0.0,5.195382916531493,5.080698791879154,1.0636531873504094,5.195382916531493,5.080698791879154,1.0636531873504094,0.0,0.0
8ed75abaed4f4e09b74a51e3d025befd,scene-0048,6.602237597934549,7.971634483774853,0.0,6.141309920465449,7.971634483774853,1.4300017053653722,6.542611237699518,7.971634483774853,1.5504180510251708,-0.4013013172340685,-0.12041634565979864
acb1948fee9b4f88a68330d1f61eda13,scene-0048,6.852049810746836,10.98887727962172,0.0,6.549095265926516,10.98887727962172,0.5408326913195984,6.549095265926516,10.98887727962172,0.5408326913195984,0.0,0.0
7dfb4dcf1ca74473a20afb059ac14d85,scene-0048,6.1137332246627105,14.212229005566622,0.0,6.096278712848092,14.212229005566622,0.5253287629591927,6.096278712848092,14.212229005566622,0.5253287629591927,0.0,0.0
b6c2447020e9487595a3bbe011906087,scene-0048,6.356787583705185,14.513546475686091,0.0,6.189144201804502,14.513546475686091,0.16770509831248415,6.189144201804502,14.513546475686091,0.16770509831248415,0.0,0.0
8800bf8236654c1b8469666fddd65d3f,scene-0048,6.002144149526827,13.706716848814821,0.0,6.002144149526827,13.706716848814821,0.0,6.002144149526827,13.706716848814821,0.0,0.0,0.0
5f1cf376016a425da1bea3567eb1c9c8,scene-0048,6.925726504307434,16.259057212411108,0.0,6.925726504307434,16.259057212411108,0.0,6.925726504307434,16.259057212411108,0.0,0.0,0.0
46d238cebc184cf199376b24c9f80e99,scene-0048,5.285408229063911,9.185761671097747,0.0,5.285408229063911,9.185761671097747,0.0,5.285408229063911,9.185761671097747,0.0,0.0,0.0
c5e52011cabc4397aa5fca4889cccd0c,scene-0048,7.37532591356217,18.309299485574776,0.0,7.50085666492055,18.309299485574776,0.45923292192132487,7.7227431988860715,18.309299485574776,0.38423292192132424,-0.22188653396552116,0.07500000000000062
4288c5ff5b754c3fb172bcd3b32e8c2c,scene-0048,6.80742935322646,12.895267465335083,0.0,7.37487907487951,12.895267465335083,0.6121708245126287,7.37487907487951,12.895267465335083,0.6121708245126287,0.0,0.0
3649d9a5c5b64e52a1df66c0fbac3482,scene-0048,6.779542466266247,14.443566467502905,0.0,6.555163074056997,13.243904884815853,0.3750000000000002,6.555163074056997,13.243904884815853,0.3750000000000002,0.0,0.0
48846267aba6435696a55f298759c35f,scene-0048,5.574551549129401,14.513508215102885,0.0,4.9202612732828515,14.513508215102885,0.6927050983124844,4.9202612732828515,14.513508215102885,0.6927050983124844,0.0,0.0
8bb60b110d1a47caa704fa8518fa8a75,scene-0048,7.584687633370516,21.782317355066596,0.0,7.038975785779046,16.995416251907024,0.8427050983124846,7.038975785779046,16.995416251907024,0.8427050983124846,0.0,0.0
923c402a3b144655858d07292ebb44c8,scene-0049,10.328329228628732,19.930799731757915,0.0,9.874659388627498,19.930799731757915,0.7677050983124849,9.650061562659845,19.930799731757915,0.9927050983124845,0.22459782596765265,-0.22499999999999964
7f66bef560d04ebea139163f21cc6cb1,scene-0049,11.448381029630049,19.736546585494825,0.0,10.255797278634986,18.54037272822962,1.2310660171779824,10.249948590342472,18.54037272822962,1.1999999999999997,0.0058486882925148365,0.03106601717798263
44621cc8effa49a0a8b1a7a58353ca61,scene-0049,11.362231899198694,19.60047186894317,0.0,10.014499370412604,19.60047186894317,1.3499999999999996,10.238947492472615,19.60047186894317,1.125,-0.22444812206001075,0.22499999999999964
0874cd8e6c714fbdb6a970cfc8d477c5,scene-0049,11.297495783989469,21.95363544604023,0.0,10.622417558647237,21.95363544604023,0.856066017177982,11.372312554573407,21.95363544604023,0.42377111549046675,-0.7498949959261694,0.4322949016875153
2a281ebb03c94461a1ba6ba7f1acba54,scene-0049,9.430009366301505,19.664551267362487,0.0,9.355046948382878,19.664551267362487,0.22499999999999987,9.879189857360457,19.664551267362487,0.4499999999999993,-0.5241429089775789,-0.22499999999999942
1a754c32909d4589bf7d75dfa6a8266f,scene-0049,8.968031317845268,18.40946949231486,0.0,8.818083768264744,18.40946949231486,0.15000000000000013,8.893060628997606,18.40946949231486,0.07499999999999996,-0.07497686073286225,0.07500000000000018
2dd4c5b2adbb4c26aed327997b9ffd62,scene-0049,7.2932982956405645,14.531110900480625,0.0,7.743223569016586,14.531110900480625,0.4499999999999995,7.518289722679521,14.531110900480625,0.2250000000000001,0.22493384633706537,0.22499999999999942
4f21583b722e4b2ba32e51bfb902595d,scene-0049,7.9419144134281865,14.064880469184862,0.0,8.315327637203987,14.064880469184862,0.3927050983124839,8.315327637203987,14.064880469184862,0.3927050983124839,0.0,0.0
f0dc7410540c4afd862dac1b76da09f0,scene-0049,8.659113680941797,13.319053788386608,0.0,9.258904131146558,16.916530047911156,0.6000000000000003,9.258904131146558,16.916530047911156,0.6000000000000003,0.0,0.0
4d1c2c7a4b4a4ed7a12890df20fc114c,scene-0049,7.695618293314177,11.938712801554264,0.0,7.699331745281022,11.938712801554264,0.4677050983124841,8.452840753116096,15.5381702100081,1.1121320343559644,-0.7535090078350741,-0.6444269360434803
2ecaf407f6284c2280ab5a7b8372e589,scene-0049,6.659151807464037,9.352733523309002,0.0,6.890506973980067,11.752048944219254,0.5427050983124844,6.890506973980067,11.752048944219254,0.5427050983124844,0.0,0.0
8dc4f09cb42a4d9b9224cd95531be568,scene-0049,5.393807993123104,10.897340255961543,0.0,5.842651396435038,12.096678883505396,0.44999999999999996,5.842651396435038,12.096678883505396,0.44999999999999996,0.0,0.0
78584cd4213443cfa3de4788088a0485,scene-0049,4.819291612596312,6.444014854258169,0.0,5.257663081614129,10.039497968449494,0.4500000000000004,5.418085795647487,11.238635005967975,0.6000000000000003,-0.16042271403335828,-0.1499999999999999
f26aa70cf71f4964943d897b63f4d17b,scene-0049,4.249483095340978,8.272605736867373,0.0,4.3290743438500865,8.272605736867373,0.5249999999999999,4.3290743438500865,8.272605736867373,0.5249999999999999,0.0,0.0
7af78c057e4f4e4182eeb8d0feb22436,scene-0049,4.855427809113233,7.236645521203813,0.0,5.226684651628445,7.236645521203813,0.375,5.076703427805434,7.236645521203813,0.2250000000000001,0.14998122382301116,0.1499999999999999
178b909fda4148d3aed88c3ef1100680,scene-0049,5.42064594784033,5.093044935161163,0.0,4.532472616249393,8.689447125975589,1.3975810211375965,4.825108252065526,5.093044935161163,0.6354101966249688,-0.29263563581613283,0.7621708245126277
24938ac704714c6a913b75e2fe91708e,scene-0049,4.899195714550009,2.959864731946155,0.0,4.825413906213238,6.517368596364009,0.6432368416906108,4.676594143649091,6.517368596364009,0.7798759228251126,0.14881976256414653,-0.13663908113450185
6f043f07ca55458498864e9c480271de,scene-0049,7.399462916763874,10.35939122624883,0.0,6.215366031948983,9.176270900428541,1.2365124735378856,6.215366031948983,9.176270900428541,1.2365124735378856,0.0,0.0
8248314544d34e79b9bbf8a039c4d558,scene-0049,5.092376265479307,4.775541741424133,0.0,5.684168945853303,7.061518441418835,0.6000000000000001,5.684168945853303,7.061518441418835,0.6000000000000001,0.0,0.0
19820217de5b4a978e4809df6fdf5b69,scene-0049,4.08814859640085,8.569299192592274,0.0,3.948834229696362,7.486398097511792,0.30000000000000004,6.226847163257762,9.679856446760814,2.1749999999999994,-2.2780129335614,-1.8749999999999993
8672b278247d4e7f857ade21f56e9e70,scene-0049,5.399132259977714,11.077650378218106,0.0,6.134520785752788,10.059849245635185,0.8999999999999999,6.263831031145138,12.128813171912768,0.8999999999999997,-0.12931024539234937,2.220446049250313e-16
d8bf165ceaa54c9397a52de87b2434fc,scene-0049,4.6744894124951095,11.019557053014381,0.0,5.508139201186044,11.019557053014381,0.8999999999999999,5.508139201186044,11.019557053014381,0.8999999999999999,0.0,0.0
279f0f7f45154cc1af8bfee068727625,scene-0049,4.854337034980973,8.289342892511204,0.0,5.647464833569819,6.721751806626006,1.0386143971937456,7.1259573378997105,14.615805372466394,2.4198697721291613,-1.4784925043298918,-1.3812553749354157
49188a7449af4b9997177d265b1294fb,scene-0049,4.699894620095589,10.227526198212137,0.0,3.415433389817323,7.62309800473555,1.3334453808273623,3.315274868596922,7.62309800473555,1.4261504791398467,0.10015852122040103,-0.09270509831248441
37dce29a4bc946778c0e54c6b6492be2,scene-0049,4.885944942476646,12.243790975216179,0.0,4.340357330495201,9.64513297224082,0.5781152949374523,3.604872514947942,7.109624649700497,1.323935688187389,0.7354848155472591,-0.7458203932499367
ad5ef7b2d0d6478e84d8aa573a004aae,scene-0049,10.738361731575344,21.25444390487514,0.0,4.193679818723902,7.900304845017349,7.10534744194964,4.193679818723902,7.900304845017349,7.10534744194964,0.0,0.0
95eebfccdb2e40e7b484d88ccdfbc023,scene-0049,4.342611885959187,11.016705692353305,0.0,3.188274077992852,8.374939787587659,1.231230589874905,3.188274077992852,8.374939787587659,1.231230589874905,0.0,0.0
347677a32f484ea1a7e4341e098f62c4,scene-0049,3.3138784082282604,9.640767247583172,0.0,2.1437272802634193,1.176330771503673,1.4461627772095091,2.1437272802634193,1.176330771503673,1.4461627772095091,0.0,0.0
fca633901f054d5e866ddfb220523564,scene-0049,4.027456628138251,5.888506105275822,0.0,2.131089253717079,0.8786635437196962,1.9970562748477139,2.131089253717079,0.8786635437196962,1.9970562748477139,0.0,0.0
075b7e583bec42a8ad2d9a902606bec5,scene-0049,6.9404069405065005,15.077717068932738,0.0,4.998515973647723,10.758055133386012,1.978661041750612,4.603817140311633,10.758055133386012,2.3801821947450574,0.3946988333360899,-0.40152115299444535
5ab9d4dbc5ec486ba1a5e95d052d72c2,scene-0049,6.279960869471857,10.717766069145728,0.0,4.788098025607377,9.572548839030642,1.504771525056239,4.788098025607377,9.572548839030642,1.504771525056239,0.0,0.0
990723056b344e0bbc58cf3faffdaecf,scene-0050,8.5102645977483,16.721121872007508,0.0,8.5102645977483,16.721121872007508,0.0,7.832138771677524,16.721121872007508,0.6871708245126283,0.6781258260707759,-0.6871708245126283
674aba4c05ac4813946e090b97624bad,scene-0050,8.600066444094615,19.25357642477153,0.0,8.30056644678751,18.055867620669545,0.2999999999999998,8.450283134744675,18.055867620669545,0.1499999999999999,-0.14971668795716475,0.1499999999999999
bd5296a480d84e7ebfae0b5eb405246a,scene-0050,7.585779615499578,14.416958749929307,0.0,7.888861979527861,15.616881238789645,0.31217082451262834,7.436319525048789,14.416958749929307,0.1499999999999999,0.4525424544790724,0.16217082451262843
8b42cdb43ffa4821b3e80a3f6b503290,scene-0050,7.438989277062437,15.73778437809402,0.0,8.563361620995583,19.336195012869418,1.1250000000000002,8.638330156530298,19.336195012869418,1.2,-0.07496853553471539,-0.07499999999999973
e89e4f527aad4a68babfb876363dc739,scene-0050,7.042182267041826,12.924495813645478,0.0,8.841881941911025,17.723953828154833,1.7999999999999998,7.342093868598457,12.924495813645478,0.30000000000000004,1.4997880733125672,1.4999999999999998
6eb7575992764142a9eb7d5757b7c6ea,scene-0050,7.975893584368216,13.440599348976782,0.0,7.225922067743105,13.440599348976782,0.7499999999999998,7.075922378019996,13.440599348976782,0.9000000000000001,0.14999968972310906,-0.15000000000000036
ab679f5fb0924fcb9b4049f7a3a27dfb,scene-0050,4.896314283106761,9.044380118911395,0.0,4.44641658711048,9.044380118911395,0.4500000000000002,4.896314262131144,9.044380118911395,0.2999999999999996,-0.44989767502066336,0.15000000000000058
b2415870ab6343b0b54b9833a8d94371,scene-0050,9.733917906918752,20.06384813969277,0.0,20.532435110268622,41.66140562882544,11.399999999999999,17.833088647877567,41.66140562882544,10.049999999999997,2.6993464623910555,1.3500000000000014
057db3b976d2449781b5e281b11db22c,scene-0050,5.33731550882412,9.239573152997576,0.0,4.064147217798617,8.040196873244524,1.2750000000000001,4.064147217798617,8.040196873244524,1.2750000000000001,0.0,0.0
1cf2f0c5745d4aa7adc8d449497e780f,scene-0050,7.581315638634368,12.701433412571973,0.0,5.712467559715721,7.99595120603076,1.884232921921325,5.712467559715721,7.99595120603076,1.884232921921325,0.0,0.0
4864664f6d414a20b08064b051d4a2c5,scene-0050,7.177976739008921,8.730527128628035,0.0,5.909081616390136,7.540710154367861,1.2812071897723667,5.909081616390136,7.540710154367861,1.2812071897723667,0.0,0.0
44d0bfc1ef784f069ba8e43d18d93185,scene-0050,6.761525103602095,8.064472513504278,0.0,5.868049398672491,6.876239084161511,0.9062071897723663,5.868049398672491,6.876239084161511,0.9062071897723663,0.0,0.0
362982ee86f64d3cb1e68071c7004e20,scene-0050,6.082194627923631,7.102270897250423,0.0,5.632214850051641,7.102270897250423,0.44999999999999996,5.632214850051641,7.102270897250423,0.44999999999999996,0.0,0.0
1b641eb7125146ab9ce3dc52715e3621,scene-0050,5.746781264292245,10.652868323497904,0.0,4.931023915466477,6.000587721497375,0.8342329219213244,4.931023915466477,6.000587721497375,0.8342329219213244,0.0,0.0
2b9f2029aaad456c94a0c2323b519865,scene-0050,4.7363142008112495,9.196545504664995,0.0,3.6116018974182635,5.599525671408653,1.125,3.6116018974182635,5.599525671408653,1.125,0.0,0.0
e6632eefcf414c5e9e16566bf3a4daee,scene-0050,5.061156272017701,9.686017472300662,0.0,4.162537119678438,7.2940692478522395,0.8999999999999997,4.162537119678438,7.2940692478522395,0.8999999999999997,0.0,0.0
8504b8f5d6f241558f87b776e8a8cd82,scene-0050,6.628947250944547,11.262847871070807,0.0,4.836639632424951,5.351343766413939,1.8,5.13185481774434,8.884019211070262,1.5000000000000002,-0.29521518531938895,0.2999999999999998
ef45bbb9c7084ced9e8e802fdf903619,scene-0050,6.102643576668914,10.326487706908033,0.0,5.287907823505513,8.008863351572732,0.8250000000000004,4.141908125100491,3.703104080450511,2.0249999999999995,1.1459996984050225,-1.199999999999999
05e3ef4be3694a318f401f275ccd3390,scene-0050,6.219650946447599,9.406072052633604,0.0,4.495754465410201,6.244476894926309,1.8000000000000003,5.499104706333718,7.253072333888862,0.7500000000000002,-1.0033502409235169,1.05
57c713e11cdb42e5a2ddd18689462577,scene-0050,4.290336320640433,7.941599271865415,0.0,4.230402611404362,7.941599271865415,0.07500000000000018,4.230402611404362,7.941599271865415,0.07500000000000018,0.0,0.0
8edfdbe3457740018462be0fc31f1284,scene-0050,5.17543934787373,10.842342846117548,0.0,4.6919130005144005,9.985643644542083,0.5249999999999999,4.884066644133815,10.842342846117548,0.2999999999999998,-0.1921536436194149,0.2250000000000001
c7b7b8c7bf7d4042988520988dacf157,scene-0050,5.055399277354509,10.555236961923944,0.0,5.1043313163914075,10.555236961923944,0.18106601717798232,4.892253271104535,10.555236961923944,0.16770509831248442,0.2120780452868729,0.013360918865497895
b2876433b54c47b394cf2494d626db99,scene-0050,3.980077102002923,8.712166142815214,0.0,3.980077102002923,8.712166142815214,0.0,3.980077102002923,8.712166142815214,0.0,0.0,0.0
50eff20d206e4d1b81a9fc2953995d91,scene-0050,3.068293879830756,7.010801702521088,0.0,3.190016314713744,0.9578503494062759,0.9256245150534053,2.5340299584060655,0.9578503494062759,0.9148529270389176,0.6559863563076784,0.010771588014487632
4df27a116f87461a8542c4bb77ff33f7,scene-0050,2.3190107382745144,4.4584737795489975,0.0,2.0491740136684995,4.4584737795489975,0.2704163456597992,2.0491740136684995,4.4584737795489975,0.2704163456597992,0.0,0.0
269954e45b834eca9f3d1fe1d3a65fa5,scene-0050,2.0158935335120187,6.851771738407322,0.0,2.273052471031512,6.851771738407322,0.2737711154904664,2.273052471031512,6.851771738407322,0.2737711154904664,0.0,0.0
6418c381346245459a53cdff48e1a6ae,scene-0050,3.3155559888402064,8.279201293261243,0.0,3.6376288804080024,8.279201293261243,0.34877111549046613,3.47157506828462,8.279201293261243,0.18106601717798188,0.16605381212338255,0.16770509831248426
4d0a2988f7444d4da4538259907ae3df,scene-0050,3.886648355656618,9.918127276000751,0.0,3.7208962054711097,9.918127276000751,0.16770509831248415,3.9882077040590938,9.918127276000751,0.10606601717798222,-0.2673114985879841,0.06163908113450192
37d80011ce994955ad4d9a176d52cdff,scene-0050,5.071672483438711,11.864462018421976,0.0,4.871113264048281,11.864462018421976,0.21213203435596445,4.871113264048281,11.864462018421976,0.21213203435596445,0.0,0.0
15a9394391874187a22c9bc977d1dca1,scene-0050,5.105520777379203,13.337469393444243,0.0,4.836753108635529,11.67924869479917,0.2871320343559646,4.836753108635529,11.67924869479917,0.2871320343559646,0.0,0.0
03298f08b51b40f2bf78400cb92975aa,scene-0050,5.127211769416904,14.016482481135998,0.0,5.287340440077047,14.016482481135998,0.16770509831248404,5.287340440077047,14.016482481135998,0.16770509831248404,0.0,0.0
bc14cdca19c748bc8b409812ba1f86f0,scene-0051,10.044044753659456,18.580355965254086,0.0,9.587682809104328,13.798714181019168,0.9931980515339464,9.590278938448874,13.798714181019168,0.9487711154904664,-0.0025961293445462275,0.044426936043479914
f51dea38067344389327a2b40c381a4a,scene-0051,9.901321580612924,17.04005841751184,0.0,9.52813164600149,15.848574279490528,0.5249999999999995,9.826796007025134,17.04005841751184,0.22499999999999987,-0.29866436102364347,0.2999999999999996
a475df2663484288942be40c8b53a3c3,scene-0051,9.858469677353048,20.149692685870843,0.0,9.165617491139498,15.246776898635593,0.8774697636119355,9.78418304861199,20.149692685870843,0.07499999999999973,-0.6185655574724915,0.8024697636119358
080571d24642475e9b895fe72fa0ccfc,scene-0051,8.759975714808709,17.06989010241704,0.0,7.041849412214899,12.307663456124414,1.7249999999999999,7.490934043911712,12.307663456124414,1.5749999999999995,-0.4490846316968131,0.15000000000000036
14cfbc93523b417b977e6c1dcdbcb370,scene-0051,10.07311383668595,18.91299808778394,0.0,8.506419133468157,16.532860163153213,1.5749999999999993,8.879586193737126,17.72225947562694,1.1999999999999993,-0.37316706026896895,0.375
f42873863b7e4695ae84f609377755f2,scene-0051,7.694949088476568,11.167369935019995,0.0,6.211450439452486,11.167369935019995,1.5000000000000002,6.360142482697386,11.167369935019995,1.3499999999999999,-0.1486920432448997,0.15000000000000036
4d83b92996f04642913271e309322901,scene-0051,8.755400022696444,13.000774780037004,0.0,6.513993224760472,9.549886952425025,2.3555488387976236,6.588565805744861,9.549886952425025,2.280548838797624,-0.07457258098438935,0.07499999999999973
5b86952691d44018b4c1d7b41303779b,scene-0051,7.101553338911865,9.744915882305891,0.0,6.2595193739966355,8.590908048918656,0.9531152949374533,6.464576658563829,8.590908048918656,0.7104101966249687,-0.20505728456719385,0.24270509831248455
e58a0347983a474aac3285643634499d,scene-0051,9.570885150175311,16.853241199808696,0.0,8.67165299256841,16.853241199808696,0.8999999999999995,8.67165299256841,16.853241199808696,0.8999999999999995,0.0,0.0
7b532fc1fcab4fa6a83fdf28142ab59b,scene-0051,8.536109728978198,15.608495203376082,0.0,7.953293857715106,12.029974629170292,0.9743028588685931,7.953293857715106,12.029974629170292,0.9743028588685931,0.0,0.0
34801195772643398d62604284d7d529,scene-0051,7.809543162132397,9.237219389779606,0.0,7.060116830252453,9.237219389779606,0.7562071897723666,7.060116830252453,9.237219389779606,0.7562071897723666,0.0,0.0
bce8635878634f83b1b3d3cb004638a1,scene-0051,7.900444725620938,13.304700427503874,0.0,7.900444725620938,13.304700427503874,0.0,7.900444725620938,13.304700427503874,0.0,0.0,0.0
98eac39300bf48bc9b5637567a21ae07,scene-0051,6.090125310064895,9.835182607263517,0.0,6.090125310064895,9.835182607263517,0.0,6.090125310064895,9.835182607263517,0.0,0.0,0.0
17ada19142c74efcb26c874df31daf2c,scene-0051,7.081019302386357,10.75661025902016,0.0,7.1559233184663125,10.75661025902016,0.07499999999999996,7.1559233184663125,10.75661025902016,0.07499999999999996,0.0,0.0
2b234992e641469590ee2d2e362e5a2b,scene-0051,5.765059894154979,7.64917406799145,0.0,5.916756169970574,7.64917406799145,0.2250000000000003,5.916756169970574,7.64917406799145,0.2250000000000003,0.0,0.0
00efc10ef0e3438480dc7ac6d0df60b2,scene-0051,5.285131349704595,6.450646661418636,0.0,6.032507513188128,7.644754987105452,0.7499999999999991,6.032507513188128,7.644754987105452,0.7499999999999991,0.0,0.0
b05e696771fb420b98cd35e211e385f9,scene-0051,4.578863870479041,6.146149201241543,0.0,4.653827698898061,6.146149201241543,0.07499999999999996,4.653827698898061,6.146149201241543,0.07499999999999996,0.0,0.0
6849da83768e415286b136009dfb819f,scene-0051,3.441742422451105,3.5738882915627808,0.0,3.816702750419447,3.5738882915627808,0.3750000000000002,3.816702750419447,3.5738882915627808,0.3750000000000002,0.0,0.0
13478b4305e74bf7a8f477bdf83300bc,scene-0051,2.088446038430166,0.06385315507650102,0.0,2.5239971284788085,0.06385315507650102,0.44999999999999996,2.5239971284788085,0.06385315507650102,0.44999999999999996,0.0,0.0
336446ad881a4fe6afc3e9a35c1c924d,scene-0051,2.0804907437253166,1.0007922079466232,0.0,2.5553603366937923,1.4026911206364945,0.5999999999999999,2.5553603366937923,1.4026911206364945,0.5999999999999999,0.0,0.0
25da4c10701c4d83abe023c2343440f2,scene-0051,1.2833573298904795,1.4521606663502415,0.0,2.0633527677571655,0.9527398211541003,1.2749999999999997,2.0633527677571655,0.9527398211541003,1.2749999999999997,0.0,0.0
844d52090d1742f890ff0e7cd550bc40,scene-0051,3.8699403786658917,5.062459637083059,0.0,3.8699403786658917,5.062459637083059,0.0,3.8699403786658917,5.062459637083059,0.0,0.0,0.0
60464084d08d46d6b92e2e2edf6f937b,scene-0051,2.5573796137488314,4.429335460024416,0.0,2.5573796137488314,4.429335460024416,0.0,2.5573796137488314,4.429335460024416,0.0,0.0,0.0
e3cd30b8aef74f2493969be12d12b594,scene-0051,1.9520779268782444,5.1201811109706465,0.0,1.9520779268782444,5.1201811109706465,0.0,1.9520779268782444,5.1201811109706465,0.0,0.0,0.0
1fa03a86a1e54a259e338d54577747d8,scene-0051,2.0680257169412046,7.0785174464557405,0.0,2.0680257169412046,7.0785174464557405,0.0,2.0680257169412046,7.0785174464557405,0.0,0.0,0.0
c654192f7ea4401da4daf46f29a78bc0,scene-0051,2.845419707185914,9.54145154959796,0.0,2.845419707185914,9.54145154959796,0.0,2.845419707185914,9.54145154959796,0.0,0.0,0.0
9668165e9a9343a3a78be8a3dfff5910,scene-0051,4.182929587390957,12.554411876191391,0.0,4.182929587390957,12.554411876191391,0.0,4.182929587390957,12.554411876191391,0.0,0.0,0.0
edda51243660471e800cfec1ec82934d,scene-0051,6.027987046494777,15.852205689258959,0.0,6.027987046494777,15.852205689258959,0.0,6.027987046494777,15.852205689258959,0.0,0.0,0.0
9ebffd5f9a30410caa23485d9fde00b5,scene-0051,8.190746176699031,19.02837526308228,0.0,8.190746176699031,19.02837526308228,0.0,8.190746176699031,19.02837526308228,0.0,0.0,0.0
f068e1152fef4a3e879cb8d5586ce3b1,scene-0051,10.198402570151057,21.639773662101263,0.0,10.198402570151057,21.639773662101263,0.0,10.198402570151057,21.639773662101263,0.0,0.0,0.0
e6ec5db421554ffd81c68d2106925712,scene-0051,11.659544624607907,23.35157381470378,0.0,11.659544624607907,23.35157381470378,0.0,11.659544624607907,23.35157381470378,0.0,0.0,0.0
171c637d2681463fad3bf01068fab647,scene-0052,3.7963510277572654,9.741066186777175,0.0,3.0308690192373744,2.64464400998482,0.7810660171779822,2.900562542651171,2.64464400998482,0.9310660171779821,0.13030647658620342,-0.1499999999999999
4cda0d4b317948459fffae1c2c9c27b9,scene-0052,2.853294231657249,3.2090206829169783,0.0,2.4989552800865322,1.0235591641569124,0.375,2.571640750517684,1.0235591641569124,0.2999999999999998,-0.0726854704311517,0.07500000000000018
7ed1a166f9bd4a56b24f6c8bb7fe3c93,scene-0052,1.946824384398133,2.7493310961474955,0.0,1.8720621514744271,1.6080959736053184,0.22499999999999987,1.937343600149881,1.6080959736053184,0.30000000000000004,-0.06528144867545382,-0.07500000000000018
765ae3a4e1104e7b97ff0d752809291d,scene-0052,1.7189011934592857,3.973111542935755,0.0,1.7145131052698037,1.074311121297592,0.8427050983124847,1.693846264310249,0.7014357576856873,0.7060660171779821,0.020666840959554733,0.13663908113450263
8f314d8b2fd44cdd9ce172545db50283,scene-0052,1.885215090054092,6.504135661995204,0.0,1.7606178696157027,6.504135661995204,0.4677050983124838,1.796645145962736,6.504135661995204,0.48106601717798236,-0.03602727634703329,-0.013360918865498561
3fa896ec033d435e8d4c6e1d53dca2df,scene-0052,2.235722633657181,5.318461667336111,0.0,2.2360119319498244,5.318461667336111,0.49877111549046665,1.4251495474073457,0.5676688170314182,0.9749999999999992,0.8108623845424787,-0.47622888450953255
cd1e3935cdc940b397670c0f6b6822a5,scene-0052,3.3410940593411524,5.27034916543309,0.0,1.8924085507042259,1.681939298286446,1.5298759228251129,1.8924085507042259,1.681939298286446,1.5298759228251129,0.0,0.0
e8bce203cdcd474fb6945f0b592a0747,scene-0052,3.3120421320079574,4.694625121828021,0.0,2.945763798691165,4.694625121828021,0.40606601717798185,3.1798932784777083,4.694625121828021,0.3621320343559648,-0.2341294797865432,0.04393398282201705
1b63a37d82ed4debbfdad9791a693d84,scene-0052,4.789536220577096,9.4999975593077,0.0,4.345961249954678,7.162045194704714,0.4499999999999995,4.345961249954678,7.162045194704714,0.4499999999999995,0.0,0.0
5be8479a1c6c41f49e53ea7f0ff1793c,scene-0052,5.2551550697315,8.11441886142479,0.0,5.545844807344835,10.378024114594236,0.2999999999999998,5.545844807344835,10.378024114594236,0.2999999999999998,0.0,0.0
21f2ff28eb5549f2ad4814959447f639,scene-0052,6.328855759670449,12.525669609160587,0.0,5.9437999598803195,12.525669609160587,0.39270509831248457,6.328855759670449,12.525669609160587,0.0,-0.3850557997901296,0.39270509831248457
96e7e940879f4869b9d0b5c9222e7fdf,scene-0052,7.1257788295920825,11.81734133040665,0.0,7.217029574787596,15.569245075128887,0.38717082451262813,7.075758663489394,15.569245075128887,0.5371708245126279,0.14127091129820268,-0.14999999999999974
44e2da007f4f4732ae3aa67a102e36d8,scene-0052,7.743199326996555,14.476905695099546,0.0,7.603313314160257,14.476905695099546,0.1499999999999999,7.459715599169856,14.476905695099546,0.30000000000000004,0.14359771499040086,-0.15000000000000013
53d9c48fc4274bd08673e313c4d51328,scene-0052,8.160048722624635,14.707279913194082,0.0,7.649021709668601,14.707279913194082,0.5342329219213242,7.854560790356361,14.707279913194082,0.4592329219213245,-0.2055390806877604,0.07499999999999973
a716026544254fcba377e84304b74800,scene-0052,9.25189548423769,19.67638613615123,0.0,9.113290618194855,19.67638613615123,0.1499999999999999,8.510606319058233,14.830056791339146,0.8342329219213245,0.6026842991366212,-0.6842329219213246
511a16b47c1e476db2e7d222b8859e45,scene-0052,9.061889725583967,18.41516408437343,0.0,8.562219542253086,11.646668175170188,0.6750000000000003,8.562219542253086,11.646668175170188,0.6750000000000003,0.0,0.0
2d7f70ae7e57406386a6075dc3258928,scene-0052,10.108126072042339,21.41211822093647,0.0,9.530658071839701,13.424275876411077,0.8999999999999997,9.338252030201438,16.46440162021918,0.7714037464339533,0.1924060416382627,0.12859625356604643
92e2bb23837247fbb241a955584210df,scene-0052,9.25738545989886,11.671328564456752,0.0,8.181699329678356,11.671328564456752,1.1058253807688962,8.106826508967751,11.671328564456752,1.1808253807688962,0.07487282071060442,-0.07499999999999996
644bf26a7c0940638bf1c332b1191935,scene-0052,7.748137435911984,11.354013653668796,0.0,8.777994354676471,8.701328944869756,1.3769380202338084,8.48622310759538,11.354013653668796,1.067705098312484,0.2917712470810905,0.30923292192132434
941efe7033b2416dac76ffe1f9bc2e20,scene-0052,6.428749023040071,9.317043439760864,0.0,5.441813505013761,8.156533452413717,1.0714037464339534,5.441813505013761,8.156533452413717,1.0714037464339534,0.0,0.0
49596a9edad246b686dbd9be30336bb9,scene-0052,6.767573872215602,8.305769938056082,0.0,5.852749916935972,7.12184663678055,0.9214037464339525,5.778498737853066,7.12184663678055,0.9964037464339522,0.07425117908290613,-0.07499999999999973
e52b112755dc44c4a1fa01ef9a0907a2,scene-0052,8.350385615921148,13.022765191148244,0.0,7.500896620844502,9.286872637651863,1.0425784907158677,7.500896620844502,9.286872637651863,1.0425784907158677,0.0,0.0
e40c3304a456411890252d29b33b5356,scene-0052,6.709918577211187,8.392498466773704,0.0,6.859050914240921,9.590487236412507,0.15000000000000013,6.710460912519212,9.590487236412507,0.15000000000000013,0.14859000172170944,0.0
1299fa6151d54cffabb2042092ed946b,scene-0052,5.501791529938475,4.826543886681157,0.0,5.725556464584564,6.010085625228547,0.2250000000000001,5.651585105925351,4.826543886681157,0.1499999999999999,0.07397135865921278,0.07500000000000018
a63cf601e87e4aef88e8696851ecc034,scene-0052,4.299080641652353,4.603555275165257,0.0,4.668693537967156,4.603555275165257,0.375,4.668693537967156,4.603555275165257,0.375,0.0,0.0
23bc6b9799784ae5a447563ce3ab89b7,scene-0052,2.58736034931517,1.825322440393693,0.0,3.314320465510395,1.825322440393693,0.7499999999999998,3.314320465510395,1.825322440393693,0.7499999999999998,0.0,0.0
3918adb289d645e1b7ae768a44919afc,scene-0052,1.4161030747171988,1.6343153653049471,0.0,1.9679514291377547,1.6343153653049471,0.6000000000000001,1.8240037336239747,1.6343153653049471,0.4500000000000002,0.14394769551377995,0.1499999999999999
3c3973f25b8c400fbae8df9e6fe520f5,scene-0052,1.6971771077145426,2.92959507557445,0.0,0.9574847324403426,1.522876584841244,1.9642525528116237,0.9574847324403426,1.522876584841244,1.9642525528116237,0.0,0.0
0a910d54005c4c2ca577180762860017,scene-0052,1.1431541376495835,2.317183791507035,0.0,1.8591623724543238,3.35313643036552,0.8250000000000004,1.8591623724543238,3.35313643036552,0.8250000000000004,0.0,0.0
f6aa1f65c521445291a201a3d48e35e0,scene-0052,1.2517084319852645,3.194377720434821,0.0,3.839368239591752,7.638428953153445,2.6999999999999984,3.839368239591752,7.638428953153445,2.6999999999999984,0.0,0.0
1e991dc8de014422a05c234a9cdeef1d,scene-0052,1.5050918644449909,5.754361394013466,0.0,3.3349663772428686,7.990187227032278,2.0999999999999988,3.3349663772428686,7.990187227032278,2.0999999999999988,0.0,0.0
b0762511e91e4af6996f5474e2c11873,scene-0052,2.2905951109644715,6.830498880696263,0.0,3.3009331516730382,8.941304869153493,4.448346655611955,3.3009331516730382,8.941304869153493,4.448346655611955,0.0,0.0
2cc9075f8e4348fb922c712ffd3fee12,scene-0053,11.0002843998285,24.407201967088504,0.0,11.748291484651771,24.407201967088504,0.7499999999999996,11.972065539030837,25.5983216031326,0.9749999999999994,-0.2237740543790654,-0.22499999999999987
dfdd53ac5a6e464abc187ee789b2e5ff,scene-0053,12.711762810389008,27.52226609423578,0.0,13.011412166374939,27.52226609423578,0.2999999999999998,13.385270633369817,27.52226609423578,0.6749999999999996,-0.37385846699487857,-0.3749999999999998
f589ce80644d46c0ab3c6e764321d5ef,scene-0053,3.3306638135600037,9.752098715613572,0.0,10.16420737706663,17.049881306109768,7.634685195448772,9.85251062237247,17.049881306109768,7.322179920650445,0.31169675469415914,0.312505274798327
fa227d3a783a4d86908d55adc94da3c6,scene-0053,4.008383053873014,6.17591412716709,0.0,12.833634946633383,28.037784032859236,16.776434058829558,9.286274515747552,18.36599662068692,13.235895056694005,3.5473604308858313,3.540539002135553
11eeb4453b844cca84a5e5a6d6e54558,scene-0053,6.434957274618704,20.11779315981637,0.0,6.04775028769095,14.773347049091395,4.960688573281765,6.917166506104768,19.39309264154198,6.486106779855316,-0.8694162184138179,-1.5254182065735504
abef64ffeac14a93932d9940ce1071e0,scene-0053,4.525668551482758,15.335856908521004,0.0,5.364609094013123,15.335856908521004,1.4654046794227646,3.9328203937609203,4.066666475460623,4.849379159569854,1.431788700252203,-3.3839744801470895
f332e0493def4d719237a43dbd7c667f,scene-0053,1.7064007548873934,3.7360602958466482,0.0,3.2027816137067804,3.7360602958466482,1.7742019337285777,4.633127358252542,11.272265571710177,3.8369765203132244,-1.430345744545762,-2.0627745865846467
9aeed065acc54f9fb6a7b50b8d4058c9,scene-0053,1.318122821554387,0.47846747177075827,0.0,1.8294366253729646,0.47846747177075827,0.6842329219213242,2.2031889478077913,4.7462872098904025,1.1404401116936913,-0.3737523224348267,-0.45620718977236707
12e97a45b04f4f77bc0f921e7a29db4f,scene-0053,3.14769301033785,4.557232693419637,0.0,2.68603088685934,3.644121582877165,1.7093635935749012,2.453687620298432,4.093952547195872,1.7223104900372188,0.23234326656090776,-0.012946896462317614
7fbff5b845284e48b1fbf2332f5f0a44,scene-0053,3.610716392408828,0.7352680402693169,0.0,3.8659351052160247,4.127528379125318,2.0098154500489818,3.81990512624962,4.127528379125318,2.14636670162583,0.046029978966404705,-0.1365512515768481
aafb3cca7c7d4ff0b96191814f9eb2ed,scene-0053,2.35026950385085,4.290105789411874,0.0,2.6401245583759394,4.290105789411874,0.30000000000000027,2.5934557030037957,3.5434041034575707,0.37500000000000044,0.046668855372143714,-0.07500000000000018
65854e84d8f048f3bf19fadc1f3828d3,scene-0053,1.976452475803702,4.328606810309732,0.0,1.16407554666502,0.706967951619628,1.5494072622661794,1.6282719078464654,3.6722404120767895,1.187075731100582,-0.46419636118144547,0.36233153116559746
f3050a67720940cb879d116965cc3d26,scene-0053,3.3578467395154665,4.950890038972533,0.0,1.8212405109743948,1.27105137294694,1.846794281717595,1.9666462980416903,1.27105137294694,1.996794281717595,-0.14540578706729557,-0.1499999999999999
14b6236609b440faa461db2880d53626,scene-0053,2.911245470586845,0.8218687413543933,0.0,1.916959859271507,0.8218687413543933,2.2222960537960614,2.269857136004407,0.8218687413543933,2.3002339563873644,-0.35289727673289994,-0.07793790259130295
21b2fc13af384c6199da048d47ac8979,scene-0053,2.701975962684963,4.777926373581603,0.0,2.1464357062748736,4.966725841801283,2.1269380202338084,1.9369805327765466,4.966725841801283,2.3519380202338085,0.20945517349832699,-0.2250000000000001
24bb6cc83ffd479093964ccdd975cb06,scene-0053,2.429726598612823,13.093871184349855,0.0,2.646888140033824,13.093871184349855,0.9062071897723663,2.619615067502654,13.093871184349855,0.6000000000000003,0.02727307253117006,0.30620718977236594
b8634025891f423eba1cdf0a74efd3dd,scene-0053,3.2290012717080794,4.491645283786547,0.0,3.1787734630794775,9.99996316701667,3.6737096847468678,3.1984073690239763,9.99996316701667,2.932523392520779,-0.019633905944498764,0.7411862922260886
0766b067db7e4c44be9b6a9d6d4ca9c1,scene-0053,3.208820061478706,5.425992751204194,0.0,2.519092526866455,5.425992751204194,1.1736832980505136,2.587168536084959,5.425992751204194,1.173683298050514,-0.06807600921850376,-4.440892098500626e-16
e54d05405d1b4a27be95f152fc9fed95,scene-0053,3.0843248858373133,0.7670739878977135,0.0,2.602108380715022,0.807430345401345,1.5774378962643953,2.57015383739495,0.807430345401345,1.9163655239290334,0.03195454332007186,-0.338927627664638
6cb06bdce96441719f6af10b4180354e,scene-0053,2.412054361489701,6.41510983443742,0.0,2.92821476319477,6.186875751656551,1.937898910993404,2.785764337200506,6.186875751656551,1.981135752684014,0.14245042599426405,-0.04323684169061015
1e65fa62bee34256809a762821cae323,scene-0053,3.4406349605468254,4.407638686496479,0.0,3.3851187858938347,4.407638686496479,1.4377737262748491,3.3851187858938347,4.407638686496479,1.4377737262748491,0.0,0.0
2a6cf3941cfb4e87b687f4129c44ba7a,scene-0053,3.3015683387438504,3.3919266718449004,0.0,2.377522461486619,3.3919266718449004,2.3862549694438484,2.579354960158304,3.3919266718449004,2.461254969443848,-0.20183249867168485,-0.07499999999999973
94552ddf33f6440da826f7932dd7a47b,scene-0053,2.3293921152526678,4.723984528164703,0.0,1.8543589183797229,3.615243492604064,2.3833354341192505,1.8688443653542721,6.400443109952312,2.942506366728701,-0.014485446974549232,-0.5591709326094505
ae9578965cda403cb1203ec3bb65acc7,scene-0053,2.0419797319985005,6.18227879022515,0.0,2.131500302983768,0.44325049740145994,2.288534338145567,2.118928182054021,1.398647001600932,2.290340796547432,0.012572120929746688,-0.0018064584018651075
c0445a9aa4a2413996e8eb7b0b3c75e9,scene-0053,1.6771716017540272,4.731150658495954,0.0,1.7335096170312436,4.731150658495954,0.6092329219213249,1.6826286319352848,4.731150658495954,0.6842329219213249,0.05088098509595884,-0.07499999999999996
ea6cabba3a024639b223b292a3f745bc,scene-0053,2.7190959512725987,8.38380330235007,0.0,2.28043129553052,7.19058157275809,1.1416593854407828,2.4765937908229807,7.19058157275809,1.0654401116936905,-0.19616249529246055,0.07621927374709236
bd8fc1eb0141489ca48d269882f65fe1,scene-0053,4.469885069846037,12.975477758963276,0.0,4.215997129156689,12.975477758963276,0.9927050983124844,4.033413600536562,12.975477758963276,0.8427050983124847,0.1825835286201265,0.1499999999999997
46fb61ae3cd047fa831e5c4f656a551d,scene-0053,6.482148737179351,12.707422322731269,0.0,5.9727972901307265,15.193784174745907,0.9177050983124831,5.959254201887623,15.193784174745907,1.0548371326684478,0.013543088243103796,-0.13713203435596466
c7daade97f0f4d0c958c69497205b02e,scene-0053,5.5776022224957345,12.13597507212388,0.0,3.3390374302308534,6.140258971202982,2.324999999999999,3.3390374302308534,6.140258971202982,2.324999999999999,0.0,0.0
1c3c31a5c1a2451890354821a0954d7b,scene-0053,3.990363178372663,5.913141720821563,0.0,2.945447149330385,8.284406216980337,1.4371708245126271,2.9632800539021185,8.284406216980337,1.4682368416906095,-0.017832904571733366,-0.031066017177982408
5a90f3de10f246a49abc1035cda648be,scene-0054,6.652145133111229,14.23264617223685,0.0,4.2570973380430015,10.64462996908931,2.4642112393018603,4.2570973380430015,10.64462996908931,2.4642112393018603,0.0,0.0
ac55bd5b07364b9587c9b698883259b2,scene-0054,9.140953230008336,17.927225176682526,0.0,5.464236413570608,7.7006384454225945,3.899067250019332,5.464236413570608,7.7006384454225945,3.899067250019332,0.0,0.0
da4e11131fc443f3b2455aadac826e91,scene-0054,13.436530227469548,24.857421024299008,0.0,12.257980444451789,24.857421024299008,1.1999999999999993,3.9888127398112205,6.115832208282678,9.828233417436596,8.26916770464057,-8.628233417436597
3bb55d87e3fd425f91446f05268bbaa1,scene-0054,13.46459186922765,25.52067726764555,0.0,13.46459186922765,25.52067726764555,0.0,13.46459186922765,25.52067726764555,0.0,0.0,0.0
e2b7056f139e4f72934397ed8b471464,scene-0054,5.48800997682452,11.391580370666249,0.0,4.599310070347817,11.391580370666249,0.9230351842023953,4.599310070347817,11.391580370666249,0.9230351842023953,0.0,0.0
cde470f5d4ff4b6c885f1c01a0dbcea6,scene-0054,4.735911264384524,7.991418525027748,0.0,4.463893392500491,6.29656881414149,1.344933892699975,4.67600817570181,6.29656881414149,1.1328018583440107,-0.2121147832013186,0.21213203435596428
6baa5c09dc964ccc803878dd9d8a4b82,scene-0054,5.267740693039828,8.242272980069638,0.0,4.011603583990515,8.242272980069638,1.5417261889578033,4.011603583990515,8.242272980069638,1.5417261889578033,0.0,0.0
7c3d2578720841a28120b69bf76609df,scene-0054,5.829440761489357,14.124546155032624,0.0,6.402953320760227,12.493239058157016,1.2140184447838842,6.807723695697978,14.124546155032624,1.001886410427919,-0.40477037493775025,0.21213203435596517
0e9f2062b7bb42979dd8f309b044bc62,scene-0054,6.17293199876161,8.598358330832673,0.0,4.112437012010484,7.435873533361738,2.3039301709851854,4.252657911453122,8.598358330832673,1.9862250726727004,-0.14022089944263794,0.31770509831248495
f2f16d0699aa409ca8d660eb192d127f,scene-0054,6.3118573224946815,9.14536606681789,0.0,4.540332245904167,10.014991943868583,2.1822507054831473,4.179099610449692,10.014991943868583,2.619572097596545,0.36123263545447504,-0.4373213921133976
1adcd3266749425cb6d5cebc00984441,scene-0054,13.524651482651704,28.09219356185287,0.0,5.9474374908763,5.993462606430358,7.630458568438273,5.873793338341691,5.993462606430358,7.70423929469118,0.07364415253460965,-0.07378072625290688
6afd692cb1604a75bc04ca28d3efe628,scene-0054,9.64816190833536,17.550458845242062,0.0,7.882809938195361,17.4080829675151,1.939640588124563,8.14401264557345,15.182879423955242,1.524341649025257,-0.26120270737808937,0.41529893909930604
6a3914f5a934494395692cd70c177fa4,scene-0054,7.2314763841866965,14.519184986287051,0.0,7.3791049544089455,15.705918629767906,1.2000000000000002,7.896131965102015,15.705918629767906,0.8250000000000004,-0.5170270106930692,0.3749999999999998
698621511a9746db9efcf9f12332ae0d,scene-0054,1.9650042562483327,5.240110227225344,0.0,1.1535992165100146,0.9268155841727124,1.7249999999999994,2.2648564124049155,9.268195670908815,2.775,-1.111257195894901,-1.0500000000000005
1884894a0bd844908f63eaabb34d9846,scene-0054,4.118790698523509,6.833534997472073,0.0,2.454423378969364,5.263461498230891,6.545119849716114,2.084579047025959,5.263461498230891,6.167893973956675,0.36984433194340527,0.37722587575943933
65895f5f5f99459eae9315de4e02b1cc,scene-0054,6.013287402823912,12.258799619315996,0.0,3.0918857912237145,4.584040679961405,9.083469920552151,3.175205306141151,4.584040679961405,9.152675163571365,-0.08331951491743661,-0.06920524301921382
531037629f8d4933aa0055e20a222969,scene-0054,4.8682734682801385,9.305078265773655,0.0,5.045692235701496,7.688925353058616,9.825,1.270532974510128,2.386169835394177,4.575000000000001,3.7751592611913685,5.249999999999998
d0c55f09f1c44647b2d6b2cd6b7ac7fd,scene-0054,4.01740009655216,8.619286046719049,0.0,4.094579187913595,10.999504479343749,0.8250000000000002,1.274084937570887,2.5914399845350267,3.8249999999999997,2.8204942503427084,-2.9999999999999996
022185f5d8fe463590f4963c820513a6,scene-0054,6.986244522102336,13.854543509545229,0.0,0.9380794500155787,2.091379947616223,6.909684513358485,0.9408158418140118,1.2745879455707936,6.609923745987512,-0.002736391798433102,0.299760767370973
a47ac32a27d54a8cb7dc19e0fcd44984,scene-0054,4.610619714854962,9.474823618895627,0.0,1.1612474951759388,1.3730907880789975,5.174999999999999,1.1112047581921858,3.6390888177723193,4.199999999999999,0.050042736983753056,0.9749999999999996
64633adf44fb4188891d295f7d2e5a05,scene-0054,4.306100581717135,7.3098259068689035,0.0,1.1266722571584424,1.3516709146045847,3.5250000000000004,1.1266722571584424,1.3516709146045847,3.5250000000000004,0.0,0.0
701afdcf89e84705bb3b69c355c1b6cc,scene-0054,3.5655091527220515,4.779181151589859,0.0,1.1878646793026348,3.6046473663815917,2.4749999999999996,1.1187131707330689,3.6046473663815917,2.55,0.06915150856956598,-0.07500000000000018
9a657c33e3624b9babb722e818ca0260,scene-0054,6.225324554115331,7.890382380093998,0.0,2.38426008751561,3.4505941938485445,8.21902352383687,2.38426008751561,3.4505941938485445,8.21902352383687,0.0,0.0
804cdcf15edb4b089110a14e50f541b2,scene-0054,3.4112182380216267,2.73271545380623,0.0,1.175633222326487,1.9544309662564214,3.4865124735378856,1.175633222326487,1.9544309662564214,3.4865124735378856,0.0,0.0
6150b0a38c3d41ca8d7a109905c7a9bd,scene-0054,2.9732164087528066,2.6891988007016097,0.0,1.9076999585459458,2.6891988007016097,1.2,1.9076999585459458,2.6891988007016097,1.2,0.0,0.0
e0605e77648c4b7ba3b46eef929aac9a,scene-0054,6.056566565700975,11.015828898448857,0.0,3.0063315695591637,5.020229765753323,3.167705098312484,3.0063315695591637,5.020229765753323,3.167705098312484,0.0,0.0
2851f65209b545228b0842fc59456e29,scene-0054,4.44837655552052,8.734129102215508,0.0,3.8735483287617853,8.734129102215508,0.6000000000000008,3.939106300293714,8.734129102215508,0.5250000000000008,-0.06555797153192877,0.07499999999999996
f6183159b30a4553affbd7b4dd94e1df,scene-0054,4.3673090313494205,9.037490448122288,0.0,4.014537654280553,9.037490448122288,0.4060660171779825,3.545706276956942,5.286665931664472,0.9609419400030945,0.46883137732361124,-0.554875922825112
11400db8e2114dd7b57574202ad5dff8,scene-0054,4.510797016725546,10.638757816625692,0.0,3.30901327653749,6.8449324751639775,1.2864736833812214,3.30901327653749,6.8449324751639775,1.2864736833812214,0.0,0.0
aa384728eba641d0add151549c041739,scene-0054,5.414315383261942,11.37307709421438,0.0,3.645453236310663,2.7991025780258623,2.5727949751388346,3.5762326179631825,2.7991025780258623,2.634434056273337,0.06922061834748039,-0.06163908113450223
9e5c937cc7d74b3ca32eba79df6912c9,scene-0054,6.721614629631678,15.64843943605698,0.0,3.895205313479824,4.9644095732911415,3.2979699273417413,4.5649130786666685,10.607183168139361,2.431066017177982,-0.6697077651868444,0.8669039101637592
f3e1d807c1784a2c8adfb80952ca5098,scene-0055,8.399468047933794,18.21497905099105,0.0,7.854671646863591,13.291629524283563,0.5464037464339532,7.854671646863591,13.291629524283563,0.5464037464339532,0.0,0.0
79a6d2fb415945d6ac4b115bb5286bd5,scene-0055,8.393393735678677,10.61459270959198,0.0,8.248161366085364,11.765004451052985,0.2999999999999998,8.465294469519991,11.765004451052985,0.07499999999999973,-0.21713310343462666,0.2250000000000001
476d5bd336fa4364992b3990c59030e3,scene-0055,9.171249452752463,18.853253638510502,0.0,8.643170735564404,18.853253638510502,0.5371708245126285,8.643170735564404,18.853253638510502,0.5371708245126285,0.0,0.0
ee535106a1c546d2b99f9eeacc41066e,scene-0055,9.345005198685033,19.369384363424743,0.0,9.271134066193992,19.369384363424743,0.07499999999999973,9.271134066193992,19.369384363424743,0.07499999999999973,0.0,0.0
823b2c6c3cee473dade9aa562208f2c7,scene-0055,9.180148800344819,13.042676577497955,0.0,7.420615761034031,11.87200481143407,1.8301194778572176,7.84933932351355,11.87200481143407,1.3739122880848509,-0.4287235624795187,0.45620718977236674
2d38b7e9e79a4977aa350c22610db49e,scene-0055,8.49009093157747,13.528534075792178,0.0,6.689639715378286,12.234859358720314,1.831066017177982,6.539842446302087,12.234859358720314,1.981066017177982,0.14979726907619906,-0.1499999999999999
7bb66f35e840473aa0db7c125f5e007b,scene-0055,8.68600551411918,15.219954010825933,0.0,7.416954950192414,14.02007338979823,1.287170824512628,7.712059080556845,14.02007338979823,0.9750000000000001,-0.2951041303644306,0.312170824512628
96154cae04c0495d8cc8102213913149,scene-0055,9.75937808380487,21.841184416771707,0.0,9.164251801102798,21.841184416771707,0.6310660171779825,9.164251801102798,21.841184416771707,0.6310660171779825,0.0,0.0
f2abde3ddc34440d938c1db50d330c23,scene-0055,11.271251323025773,23.64148279506453,0.0,9.695996717746212,16.362013897229637,1.612273206950349,9.695996717746212,16.362013897229637,1.612273206950349,0.0,0.0
52d9eda5e6a44844b67d4a963cdaf65f,scene-0055,11.069049586404716,16.9043084412227,0.0,8.214379316017562,16.9043084412227,2.8830346012146975,8.214379316017562,16.9043084412227,2.8830346012146975,0.0,0.0
8de875be724a41118632ef61adeea136,scene-0055,12.053156414533952,22.178086569329782,0.0,8.731081765678178,14.878772419971975,3.3456453208686447,9.109615033700535,14.878772419971975,3.115657404843371,-0.3785332680223572,0.2299879160252738
e8aa04df14b64938965cc7a73393df31,scene-0055,14.614022735577485,26.140825605217486,0.0,9.628899147981468,17.663448074325583,5.005776445072023,9.628899147981468,17.663448074325583,5.005776445072023,0.0,0.0
83b04a3064b144c3a6bb552c422dfb4d,scene-0055,13.120624781523754,25.344022888274786,0.0,11.01309275066868,18.049847880827564,2.1237081001749054,11.01309275066868,18.049847880827564,2.1237081001749054,0.0,0.0
ded49efd14be47f99c8deb5158530c24,scene-0055,12.082509595206604,23.09939881325129,0.0,10.720578799192715,15.803972714220416,1.3776109362063194,10.720578799192715,15.803972714220416,1.3776109362063194,0.0,0.0
4d1d136d8e804d2189f796dfe3bb9f99,scene-0055,10.428244027320982,15.668566039122584,0.0,10.428244027320982,15.668566039122584,0.0,10.428244027320982,15.668566039122584,0.0,0.0,0.0
0170ade2cf354eec9044a5993ba1c7ee,scene-0055,9.567264876277957,15.325541608934968,0.0,9.642251308137078,15.325541608934968,0.07499999999999996,9.642251308137078,15.325541608934968,0.07499999999999996,0.0,0.0
d222a17846904181a82db1a44b0761f6,scene-0055,9.89505515325856,20.93666844062309,0.0,9.89505515325856,20.93666844062309,0.0,9.89505515325856,20.93666844062309,0.0,0.0,0.0
7c9b7e476f1349119e13ac771a0965a3,scene-0055,10.491969435203142,21.625891802069464,0.0,10.491969435203142,21.625891802069464,0.0,10.491969435203142,21.625891802069464,0.0,0.0,0.0
f63bd0e94d8b4b349908bddb91b1aa6f,scene-0055,10.451967380839722,18.566792859321893,0.0,10.751428147424116,18.566792859321893,0.2999999999999998,10.451967380839722,18.566792859321893,0.0,0.299460766584394,0.2999999999999998
b673d4f934064e73b9374d1e0fd97cc1,scene-0055,11.174118062237884,21.441771983916244,0.0,12.074227538999805,23.83033948971397,0.9310660171779824,12.074227538999805,23.83033948971397,0.9310660171779824,0.0,0.0
dada535ff38248c38348a7ebb861ec0e,scene-0055,10.121909179753406,17.383809166725705,0.0,10.722309460803464,17.383809166725705,0.8999999999999997,10.722309460803464,17.383809166725705,0.8999999999999997,0.0,0.0
40cdddaa9dab4c11860eda66c842f437,scene-0055,10.423556132416877,22.029757718196663,0.0,10.644240437465001,22.029757718196663,0.22499999999999942,10.644240437465001,22.029757718196663,0.22499999999999942,0.0,0.0
7f9a33e1054345c294389f55569cbc71,scene-0055,10.952331292412875,23.043294490783747,0.0,11.025423971787777,23.043294490783747,0.07499999999999996,11.096603052697713,23.043294490783747,0.1499999999999997,-0.07117908090993552,-0.07499999999999973
37f84b694bbf4ba3b357a6060fe1fbc0,scene-0055,11.053720391064253,23.258831007368016,0.0,11.053720391064253,23.258831007368016,0.0,11.262698306638821,24.34713637250217,0.22500000000000053,-0.20897791557456813,-0.22500000000000053
c8e80af0d5ee403c8561f9dd07977a79,scene-0055,12.252835898596054,24.659838361906917,0.0,12.70756732204567,27.336542406911455,0.4677050983124841,12.70756732204567,27.336542406911455,0.4677050983124841,0.0,0.0
b9b043cec19743359291005c707b700e,scene-0055,13.359456468937314,27.912909009774094,0.0,13.982111089636197,27.912909009774094,0.6298759228251127,13.982111089636197,27.912909009774094,0.6298759228251127,0.0,0.0
f2a379a8293749f29889ab1db71e62f4,scene-0055,15.097142270757363,29.80111874640691,0.0,16.397781201253117,37.876449266083476,1.5749022243298072,16.397781201253117,37.876449266083476,1.5749022243298072,0.0,0.0
7f0209cdd5a24c27bdcf1d5d85851b88,scene-0055,21.325187866554913,44.15801355073751,0.0,21.473876438646407,44.15801355073751,0.15000000000000013,21.473876438646407,44.15801355073751,0.15000000000000013,0.0,0.0
e340333a39c94fb09648506fc26f73dc,scene-0055,26.499244433524424,51.25962513409642,0.0,26.499244433524424,51.25962513409642,0.0,26.499244433524424,51.25962513409642,0.0,0.0,0.0
8e43dc1ce788412fbe47201a487d61a7,scene-0055,20.015417579586096,40.47123196983115,0.0,18.82575386265642,38.10961851241419,1.2000000000000004,18.82575386265642,38.10961851241419,1.2000000000000004,0.0,0.0
f21aa90105d140ddaf6c4b152fe8f594,scene-0055,14.615745921985223,26.933649731186712,0.0,14.76338924621852,26.933649731186712,0.15000000000000036,14.76338924621852,26.933649731186712,0.15000000000000036,0.0,0.0
2c0f9d4e41b544d59ba5d26185c5f546,scene-0056,4.981184029027325,10.571310407256227,0.0,5.206157690107388,10.571310407256227,0.2250000000000001,5.6554931727556035,14.171271067651375,0.675,-0.4493354826482152,-0.44999999999999996
d73e325015dc4fad8f3a6539d17ec7ca,scene-0056,3.7470751262547255,8.924973812368696,0.0,4.1116916153866345,8.924973812368696,0.39270509831248435,3.673459676906213,8.924973812368696,0.22499999999999964,0.4382319384804214,0.1677050983124847
5eeb50baffe44767a40518bdf89b22b9,scene-0056,4.8679731418141365,9.019339446329619,0.0,5.467552729686359,11.409082810268096,1.0677050983124836,4.79581846525546,9.019339446329619,0.537170824512628,0.6717342644308992,0.5305342737998556
071d9eda004d43b8975015fc4c66695a,scene-0056,5.279588394659064,7.431234831426845,0.0,5.215340954304017,8.613545724209844,0.7048759228251122,4.986660571185331,8.613545724209844,0.6074264635194591,0.22868038311868588,0.09744945930565319
85117e5e98a748b9b7198107ea989442,scene-0056,5.191284378698949,7.666022874961402,0.0,4.730306375384691,7.486114169355879,0.5250000000000004,4.730306375384691,7.486114169355879,0.5250000000000004,0.0,0.0
f4e4ed7f393d4ae3a996b5b84e967ab8,scene-0056,3.5942265169375336,3.896970023559603,0.0,3.662490883856152,6.19100897765438,0.5249999999999995,3.662490883856152,6.19100897765438,0.5249999999999995,0.0,0.0
afca3e2f248341a194a4f40caf3dfb0b,scene-0056,3.612770192178847,5.908954904017328,0.0,3.7539518367917286,4.819578652718684,0.2999999999999998,3.9697254857426065,5.908954904017328,0.375,-0.21577364895087792,-0.07500000000000018
65296506768e4dd8927545af4e9cbb6e,scene-0056,3.968542467847499,5.708952892369416,0.0,4.310397826788605,8.945823753804289,0.375,4.310397826788605,8.945823753804289,0.375,0.0,0.0
7693132e62914aaaaecc194d605573f7,scene-0056,4.493886864656383,7.738957818512557,0.0,4.764989376946813,8.803403520871175,0.30000000000000027,5.492418200766934,8.803403520871175,1.0499999999999996,-0.7274288238201212,-0.7499999999999993
ceed7d69f5f949f28cd6761b6897861a,scene-0056,5.910283640517108,10.444634366539391,0.0,5.971168657365114,10.444634366539391,0.37500000000000044,6.180103449982273,11.540739927158949,0.4500000000000006,-0.20893479261715875,-0.07500000000000018
63bc780621f04be4afb9b1fd44c2c3ab,scene-0056,7.493753920937582,14.410240205244277,0.0,6.537726970643396,14.410240205244277,0.9750000000000001,6.968941382138553,15.532382423642678,0.8250000000000002,-0.4312144114951568,0.1499999999999999
5eb1ab56ed9348a2bf4bd2f756313364,scene-0056,4.107323305300433,9.145049511162226,0.0,3.7534847614426283,9.145049511162226,0.3871708245126283,3.7534847614426283,9.145049511162226,0.3871708245126283,0.0,0.0
72cca535a7144f8dba281f7758318a9a,scene-0056,4.440596835078886,4.461595031848831,0.0,3.950736963198679,4.461595031848831,1.0504640642102037,3.950736963198679,4.461595031848831,1.0504640642102037,0.0,0.0
b3f6e7cefcad4c92bd567478f1274845,scene-0056,1.7353418839286021,5.531500105650704,0.0,2.351635599477716,0.7946304239145133,2.4551022979151953,1.7590804044526913,5.531500105650704,0.41041019662496825,0.5925551950250245,2.0446921012902273
d4a55f7c1a43426fa6f28a165547c3ea,scene-0056,2.6755051582420806,5.515370714828027,0.0,2.446621606205392,3.8443843367466837,0.5919691670244126,2.5197449299580548,3.8443843367466837,0.6669691670244126,-0.07312332375266273,-0.07499999999999996
571e1100c7a64590a8d70dd6d8b4e064,scene-0056,4.763411580533964,9.869115509527932,0.0,5.586780132853999,9.869115509527932,0.8485316405972514,5.586780132853999,9.869115509527932,0.8485316405972514,0.0,0.0
eb49043dafb749588792545a05fd05a5,scene-0056,4.497192301416904,10.146086095043884,0.0,4.661739128882653,10.146086095043884,0.16770509831248423,4.661739128882653,10.146086095043884,0.16770509831248423,0.0,0.0
2988e2487c924c49b58740cb6e397cad,scene-0056,4.237353920860103,9.793017315179457,0.0,4.803321423508161,9.793017315179457,0.6048371326684487,4.803321423508161,9.793017315179457,0.6048371326684487,0.0,0.0
268859283fda446cb7b73a0eac297f9f,scene-0056,5.659601563547792,12.716520389083229,0.0,5.161387744303418,8.392724695692587,0.5131214439722832,5.161387744303418,8.392724695692587,0.5131214439722832,0.0,0.0
eec59dd1a71246eaa1ec726bf7a84745,scene-0056,5.359203008942952,9.848240082522864,0.0,4.836854174499402,9.848240082522864,0.5303300858899112,5.312615432928981,9.848240082522864,0.18106601717798188,-0.4757612584295785,0.3492640687119293
c2ef5483f46b4cb4a6a75c2525312cc9,scene-0056,4.668036516724245,9.924728274120248,0.0,4.668036516724245,9.924728274120248,0.0,4.668036516724245,9.924728274120248,0.0,0.0,0.0
1b726cf34a21469cbe3b57aad21a1bfe,scene-0056,5.009580940714436,10.955281430979316,0.0,4.783278702242643,10.955281430979316,0.28713203435596446,4.85047041962061,10.955281430979316,0.3621320343559644,-0.06719171737796703,-0.07499999999999996
0535c443366c403288dcf15cb56fc4d6,scene-0056,4.874830738162892,5.8111946112922475,0.0,4.97367493399511,7.39270174460773,0.10606601717798238,4.675395871174512,7.39270174460773,0.4242640687119289,0.2982790628205976,-0.31819805153394654
697c0c8955b54a2f887a55585d00b0aa,scene-0056,6.836325554836208,12.71552225988488,0.0,6.738671861735525,12.71552225988488,0.10606601717798192,6.738671861735525,12.71552225988488,0.10606601717798192,0.0,0.0
5b8a01569738483e97690ce81d2d6f1e,scene-0056,7.74982974531947,15.66281566610983,0.0,7.810179510547737,15.66281566610983,0.15000000000000013,7.810179510547737,15.66281566610983,0.15000000000000013,0.0,0.0
10a9b869e81c48f6a401e5bf985d98d5,scene-0056,7.821384682524782,14.053758774813033,0.0,7.821384682524782,14.053758774813033,0.0,7.692455567852499,14.053758774813033,0.23717082451262858,0.12892911467228263,-0.23717082451262858
97915d59900b472687a7baed3280dddf,scene-0056,6.104842482882139,10.821043403770398,0.0,5.868759242257868,10.821043403770398,0.23717082451262858,5.868759242257868,10.821043403770398,0.23717082451262858,0.0,0.0
bf355433bdfd4af4856da63351bce029,scene-0056,7.580658992861634,13.830285894418829,0.0,5.178383078113478,8.947125865415723,2.4457453954592103,5.7051173070915535,8.947125865415723,1.9085745709465816,-0.5267342289780759,0.5371708245126288
65b8c23b14e24c5eb621958f5e96c83e,scene-0056,6.603005812763417,12.321884870556898,0.0,1.8949867305725476,1.391908759826152,4.8,0.7140189251834981,1.391908759826152,6.375,1.1809678053890496,-1.5750000000000002
01d0f2b18e56473d872fc2f36e99d908,scene-0056,5.423544490863647,10.88447370487329,0.0,1.3829166320775719,3.9029939098091972,4.875,1.4411675251252465,3.9029939098091972,5.325,-0.05825089304767461,-0.4500000000000002
cd8f34536e0e430b8e967d0939b9e6ca,scene-0056,5.472736906847394,8.258348194050525,0.0,2.8582473309562975,6.126366333702584,2.9999999999999996,2.3718203357540144,6.126366333702584,3.5999999999999996,0.48642699520228305,-0.6000000000000001
da33819e179f41d9922b9216ee7d7646,scene-0056,3.8285875678484387,9.332433567980367,0.0,3.0128751937861242,8.892280293619743,1.4999999999999996,3.0128751937861242,8.892280293619743,1.4999999999999996,0.0,0.0
07900d5585594008b24500c059f30677,scene-0057,4.30511777782548,11.246383993282073,0.0,4.30511777782548,11.246383993282073,0.0,4.30511777782548,11.246383993282073,0.0,0.0,0.0
a01ab509e6944e788f1a30120213f941,scene-0057,5.171353805527773,11.312475118336838,0.0,5.171353805527773,11.312475118336838,0.0,5.171353805527773,11.312475118336838,0.0,0.0,0.0
51be19b45ee844d7b70f577df4b01c58,scene-0057,2.404542876488377,5.777072625971113,0.0,3.219726354225841,5.777072625971113,0.9927050983124844,3.0140843798547925,5.777072625971113,0.7677050983124846,0.2056419743710487,0.22499999999999987
0503c1c5e89b423f964322fa046b2824,scene-0057,3.443684894191587,8.723662167308351,0.0,3.2209592529644824,8.723662167308351,0.2250000000000003,3.3682490429565934,8.723662167308351,0.3750000000000002,-0.14728978999211106,-0.1499999999999999
b01197abfe0a4b9eabed74f578a53b35,scene-0057,4.583693444249072,10.719485187054614,0.0,5.022310601480163,10.719485187054614,0.4500000000000006,4.94963018172744,10.719485187054614,0.37500000000000044,0.07268041975272244,0.07500000000000018
d6ae8dceddb74764ac10cac4ae1681c6,scene-0057,4.904713655141448,6.2207477558981745,0.0,5.06791488131511,7.3620055679383976,0.6177050983124847,4.706846994640301,6.2207477558981745,0.5427050983124845,0.3610678866748085,0.07500000000000018
d8ffd0f9b62f467584fb7f5b16681d49,scene-0057,5.045483906704455,7.701135836046577,0.0,5.358264600527251,6.571696253751301,0.6092329219213248,5.14014137622344,6.571696253751301,0.38717082451262896,0.21812322430381137,0.22206209740869587
440f83dbc92c4ba8910cc44d2cc3ec71,scene-0057,6.796652677357583,16.310871726356307,0.0,5.672939174273866,4.175452517055453,1.1398529270389173,6.649900805429872,16.310871726356307,0.1499999999999999,-0.9769616311560059,0.9898529270389174
c518e13716c94ea68094c6173ee586b1,scene-0057,6.9827431429750995,14.995705635445667,0.0,6.9103172036464535,14.995705635445667,0.07499999999999973,7.273658417610008,16.151758219588313,0.3000000000000005,-0.36334121396355457,-0.22500000000000075
d68346673a064d2cbf80f56c29e8fae6,scene-0057,5.4868641084920835,11.582126761725382,0.0,6.017073469727212,11.582126761725382,0.542705098312484,6.041502805830163,11.582126761725382,0.7048759228251125,-0.024429336102951282,-0.16217082451262843
7749fb76f70f4ee0924abb5995481fd7,scene-0057,5.933495388220399,10.694620762858142,0.0,5.509309248332547,9.598204314054017,0.44999999999999996,6.007568229276012,10.694620762858142,0.2250000000000001,-0.498258980943465,0.22499999999999987
6dadd978682b4ead936b487a1b27b916,scene-0057,5.171609116667226,8.875578586034914,0.0,3.8930067685242316,8.875578586034914,1.3562071897723664,4.240610883231229,8.875578586034914,0.981207189772366,-0.34760411470699726,0.37500000000000044
be529d309a774444928de219a12d77c2,scene-0057,4.739498743168454,9.281517236737734,0.0,6.203149256929349,10.32427880038534,1.5803300858899099,5.922369407977893,10.32427880038534,1.28033008588991,0.2807798489514557,0.2999999999999998
cff4105cdafd4c04b104ba30fe0de2c4,scene-0057,7.674967448616346,16.71370430787235,0.0,7.088052515262451,9.677204104245158,0.7562071897723663,7.8870914771117935,17.838466536548516,0.375,-0.7990389618493428,0.38120718977236634
e30b68f98e5a45cca49dd7696096eead,scene-0057,8.417690544216423,18.46136167603239,0.0,5.69059315585694,11.86540766696194,2.9250000000000003,5.620485139054701,11.86540766696194,3.0000000000000004,0.07010801680223899,-0.07500000000000018
c8f3812a684a449196db85217fb3a873,scene-0057,10.106076430349496,20.00199775957627,0.0,4.519799079121485,7.227462605916365,5.932788924531812,3.6086925852844325,6.410476256271767,7.055999954189819,0.9111064938370528,-1.1232110296580062
6a2531efea33474c800246c34e2a5bef,scene-0057,10.329881494290426,17.149662369774017,0.0,6.832299752245652,14.794401075619968,3.5349994170123025,6.832299752245652,14.794401075619968,3.5349994170123025,0.0,0.0
946aac5d664b4e7085fd966ab502fa6c,scene-0057,8.905543460242006,17.768621920250105,0.0,8.60989155077422,17.768621920250105,0.30000000000000004,8.60989155077422,17.768621920250105,0.30000000000000004,0.0,0.0
97320ce78c6640e5827e66806b5d5656,scene-0057,12.096137809374952,25.50489410176463,0.0,12.468512052435404,26.69341210582141,0.3750000000000002,12.468512052435404,26.69341210582141,0.3750000000000002,0.0,0.0
baaee9a584c44599a35cfa0502930c51,scene-0057,14.443837460803431,30.59418222464156,0.0,14.369040430112406,30.59418222464156,0.07499999999999996,14.593168832050722,30.59418222464156,0.15000000000000013,-0.22412840193831585,-0.07500000000000018
763dafaff2924e2899184c0cc9f3cfdc,scene-0057,15.040322422116436,30.731205821183973,0.0,15.275095460436983,30.731205821183973,0.2737711154904666,15.275095460436983,30.731205821183973,0.2737711154904666,0.0,0.0
d613b7d559f24f35a4fed9b6e7e75fb5,scene-0057,24.15256652382452,45.27830102966607,0.0,24.15256652382452,45.27830102966607,0.0,24.15256652382452,45.27830102966607,0.0,0.0,0.0
5624b784c7ec44029e3e284cae9d1cdc,scene-0057,14.92732574642675,22.43094379370843,0.0,20.630484827480785,45.168181167060226,6.056515599158364,20.630484827480785,45.168181167060226,6.056515599158364,0.0,0.0
0d5f3abf3f73428fb363ba873b09af3a,scene-0057,8.626363936088794,14.818588458787486,0.0,8.626363936088794,14.818588458787486,0.0,8.626363936088794,14.818588458787486,0.0,0.0,0.0
8bd370ed97a942febfb1dd211ea5717c,scene-0057,8.525299236869675,17.715670140877833,0.0,8.225725583078644,18.913362160731957,0.44999999999999996,8.225725583078644,18.913362160731957,0.44999999999999996,0.0,0.0
44b28f27871a48a4ab36477d2f70bd6d,scene-0057,9.62837209716696,19.247299014210526,0.0,9.478450052352567,19.247299014210526,0.15000000000000013,9.478450052352567,19.247299014210526,0.15000000000000013,0.0,0.0
8bceded5e2cc45178d75212822f4eea1,scene-0057,9.636971082911769,18.26913297305266,0.0,9.636937665640032,18.26913297305266,0.15000000000000013,9.412045987010574,18.26913297305266,0.22499999999999987,0.22489167862945791,-0.07499999999999973
afdb5d616fac4092a23c9f2646ec8e05,scene-0057,9.588309495130723,17.18754204039221,0.0,8.539017603962733,13.592095708378388,1.0499999999999996,8.613951155313778,13.592095708378388,0.9749999999999999,-0.07493355135104451,0.07499999999999973
3276bd8f296d46979e20bbbbd1a89778,scene-0057,8.221432704334052,12.384260295544035,0.0,8.296193367804113,14.779493635457298,0.22499999999999964,8.296193367804113,14.779493635457298,0.22499999999999964,0.0,0.0
ee33f5ba153742b28b6f8267a87a6c64,scene-0057,7.875690304269527,15.277173086632446,0.0,7.426181104929162,14.079541724788479,0.5999999999999999,6.079779951139681,5.723970545695475,1.7999999999999994,1.3464011537894809,-1.1999999999999995
4e27bbc3fbd54fdbade085e2f46a3b35,scene-0057,9.805499329387086,20.46143634223422,0.0,5.394071974182944,3.786824240948403,4.425,6.436046102995016,13.276518596189266,3.375000000000001,-1.0419741288120719,1.049999999999999
325b2cf83d0948cbbe968de2bad19578,scene-0058,6.469725108568035,10.38218963928587,0.0,8.107997437953124,17.488626455774344,1.649999999999999,8.482362720037553,16.29851802186397,2.174999999999999,-0.37436528208442965,-0.5249999999999999
5c1ebb91d57c4d2d98e9931d5ecc0a0b,scene-0058,6.710655774340703,11.329938981533862,0.0,8.798279339348877,17.259352568677915,2.100000000000001,9.32201701560773,17.259352568677915,2.625000000000001,-0.5237376762588539,-0.5249999999999999
f78b5540459741c6aadcf6d00a62864f,scene-0058,4.603924601988322,7.338146092946163,0.0,6.981221769420772,14.412096263092865,2.3999999999999995,7.57945273872598,14.412096263092865,2.999999999999999,-0.5982309693052077,-0.5999999999999996
2fa38fc35fc84171aa236d7d90fa4a05,scene-0058,4.363082078649482,8.065291734031224,0.0,5.991628051528455,11.57618304999474,1.6500000000000001,6.139440364006136,12.757522294355194,1.8,-0.14781231247768112,-0.1499999999999999
1e14d1cc3abf42038014608edf3c67a9,scene-0058,4.124043170575309,7.626538320871028,0.0,5.902711781616589,8.778244340310355,1.7999999999999994,5.529112352998638,8.778244340310355,1.4249999999999994,0.37359942861795137,0.375
88d8593746884a89a899292b226e6bbc,scene-0058,2.9185003683447084,5.181104888880449,0.0,4.206119122180541,6.250718579273605,1.35,4.4998813367576,6.250718579273605,1.6499999999999997,-0.2937622145770584,-0.2999999999999996
10e1b1d85b45424c8ba1a65ecdad7507,scene-0058,2.377631897643854,4.9485350935912376,0.0,3.613926872370328,5.989010601559322,1.3499999999999996,3.613926872370328,5.989010601559322,1.3499999999999996,0.0,0.0
cb7a7ed1777d4913ade22ffd12218505,scene-0058,3.274202168374246,5.644650923545641,0.0,3.547894025483886,5.644650923545641,0.3000000000000005,3.547894025483886,5.644650923545641,0.3000000000000005,0.0,0.0
9c46c3692402474e84e5c084b7e0b8ba,scene-0058,3.1200865745765736,6.793929512740388,0.0,3.32758051757368,6.793929512740388,0.587132034355965,3.425248164149323,6.793929512740388,0.5560660171779828,-0.09766764657564275,0.031066017177982186
1c0722dead1e4d2fb9fe764b91fb3206,scene-0058,4.325619975036645,6.198259502566393,0.0,3.237910776346085,5.105705076475866,1.341476213802951,3.237910776346085,5.105705076475866,1.341476213802951,0.0,0.0
282f9289bfb64b9b9a249e3708300e49,scene-0058,3.3158383350878546,2.9857857544781345,0.0,1.2149344480774733,1.7935625567252282,2.325000000000001,1.4182745101436458,2.9857857544781345,1.9500000000000006,-0.2033400620661725,0.37500000000000044
602c6c472ae34854a1eaca432e1d479f,scene-0058,3.3303294120564724,6.084641739405247,0.0,1.42731427299293,2.315562026648451,4.125,1.42731427299293,2.315562026648451,4.125,0.0,0.0
8f0c5692184146af9e79b0358a642264,scene-0058,2.4889209213206342,0.7906117113289338,0.0,1.4826471559468892,0.6345835426653516,2.55,1.4826471559468892,0.6345835426653516,2.55,0.0,0.0
8d7099dd64a14370a895cc227c4b5f47,scene-0058,1.4508843168684773,6.189501241726962,0.0,2.065719664344548,8.824337691199588,1.9723744294348757,1.8036300802214438,7.688024933319179,1.2357353483003737,0.2620895841231041,0.736639081134502
2bd49cfb966e4da69047b0899fa3fac1,scene-0058,4.081031276355966,8.07049774960983,0.0,2.642628722069193,9.21608384529715,5.075781132659955,2.1196564139749157,9.21608384529715,4.250781132659956,0.5229723080942774,0.8249999999999993
17d2a758f5294a5aa6e1b22f18d2fb95,scene-0058,2.5684938905399646,7.702759398890492,0.0,2.9014403627978025,6.7598379759938005,1.5000000000000009,2.5011758212505617,7.702759398890492,0.07500000000000018,0.4002645415472408,1.4250000000000007
bfdab450e20c42d7be9c8e334b927e2f,scene-0058,4.0866642209989585,10.175601074577433,0.0,3.6638465242413174,10.175601074577433,1.7249999999999999,4.478824547831973,10.175601074577433,1.2749999999999997,-0.8149780235906556,0.4500000000000002
6e49c3d3987c408b8997207832f79a49,scene-0058,4.862268334075698,14.01493831974792,0.0,13.973893575447054,24.19633440387957,14.624999999999996,13.973893575447054,24.19633440387957,14.624999999999996,0.0,0.0
359929755d264d4c853cc0e74ba01699,scene-0058,6.3261351968406245,19.464942706468843,0.0,7.368577789811532,22.13112236113604,1.3499999999999999,7.341009442112828,22.13112236113604,1.237273206950349,0.027568347698704088,0.11272679304965094
f7f87561b68f42d586bc462ddc643080,scene-0058,4.3038435540069635,18.022568235694727,0.0,3.9129365014523003,18.022568235694727,0.7681980515339467,3.9129365014523003,18.022568235694727,0.7681980515339467,0.0,0.0
62ccf62dbee24209a89cdf9d1d60c148,scene-0058,4.246521040495594,12.286898203160218,0.0,4.181371757414222,12.286898203160218,0.2871320343559641,3.9799802996776457,12.286898203160218,0.49926406871192874,0.20139145773657674,-0.21213203435596462
e31cc88e46394f499de98258d5a5a51f,scene-0058,3.809822057656431,5.968401062072651,0.0,3.410643138239502,10.292058932510516,1.312385512684212,3.410643138239502,10.292058932510516,1.312385512684212,0.0,0.0
975986d3c8664be8818a5cae9bc30e09,scene-0058,4.873961104811724,13.336977920368026,0.0,4.605971057933447,13.336977920368026,0.28713203435596424,4.605971057933447,13.336977920368026,0.28713203435596424,0.0,0.0
f90fa768036b477ebe3fc81978e7ef63,scene-0058,7.599635534611899,18.305893609878694,0.0,6.999552911243166,15.638436094544456,0.6191874611502655,6.999552911243166,15.638436094544456,0.6191874611502655,0.0,0.0
aae8c0fb2b314607821dd222f9ca8eb8,scene-0058,7.1232373922261765,13.588416863157763,0.0,6.912769927306982,15.109167195815285,0.4237711154904661,6.982521670739562,15.109167195815285,0.34877111549046635,-0.06975174343257962,0.07499999999999973
7aaca7a0b30548da8dcedb13482fbbab,scene-0058,7.470417853366432,17.87236203717432,0.0,6.79388106357681,16.685195364259112,0.687170824512629,6.79388106357681,16.685195364259112,0.687170824512629,0.0,0.0
7c4502faf6c9481cbd85a9d87c27b613,scene-0058,7.438610180549182,15.014301841721894,0.0,7.363526525570591,12.614511985263828,0.375,7.513513391599219,15.014301841721894,0.2250000000000001,-0.14998686602862854,0.1499999999999999
1fbe45d3db4849d29c8c201786139109,scene-0058,8.725026673414085,17.031946498294538,0.0,7.90183448472573,12.235127365805658,0.8249999999999995,8.721296376241332,17.031946498294538,0.33106601717798223,-0.8194618915156022,0.4939339828220173
6ee58012d69c4d19b628cc7afde5e9d1,scene-0058,7.740783449513881,12.10670461589447,0.0,7.670049403053907,12.10670461589447,0.8427050983124843,8.115556746584543,12.10670461589447,0.3749999999999998,-0.44550734353063604,0.4677050983124845
9a0b6780927e4735bf705887565ba9a1,scene-0058,6.750486355773395,10.024650698420812,0.0,6.451579306110318,10.024650698420812,0.30000000000000027,6.451579306110318,10.024650698420812,0.30000000000000027,0.0,0.0
cf48ec22ab4e4d6e9eddb46f0fbb0b9e,scene-0059,0.22250761110037623,0.22187087840832906,0.0,0.22250761110037623,0.22187087840832906,0.0,0.22250761110037623,0.22187087840832906,0.0,0.0,0.0
c349904781124544a5a7f5bffd4455bb,scene-0059,0.22263447778657675,0.22206978027470883,0.0,0.22263447778657675,0.22206978027470883,0.0,0.22263447778657675,0.22206978027470883,0.0,0.0,0.0
1b06707dc2534ce985413fdc9e2a7eec,scene-0059,0.22276060376903306,0.2222691356340159,0.0,0.22276060376903306,0.2222691356340159,0.0,0.22276060376903306,0.2222691356340159,0.0,0.0,0.0
c2e4a0674d584dec95eb316d56e73e1f,scene-0059,0.22288084781903267,0.22245784038247804,0.0,0.22288084781903267,0.22245784038247804,0.0,0.22288084781903267,0.22245784038247804,0.0,0.0,0.0
3a110d209dde44d1a23054893b9f7f34,scene-0059,0.22299395445232278,0.22263671309738367,0.0,0.22299395445232278,0.22263671309738367,0.0,0.22299395445232278,0.22263671309738367,0.0,0.0,0.0
5dd1cbb6bbf54bb69ee3a7448c1beb43,scene-0059,0.2230808488573785,0.2227733577966531,0.0,0.2230808488573785,0.2227733577966531,0.0,0.2230808488573785,0.2227733577966531,0.0,0.0,0.0
56888924189446b9b30152ef766101d8,scene-0059,0.2231477917293872,0.22287829111597338,0.0,0.2231477917293872,0.22287829111597338,0.0,0.2231477917293872,0.22287829111597338,0.0,0.0,0.0
16e8481c9b204778902892a483a6dc01,scene-0059,0.22321478587338386,0.22298327441913082,0.0,0.22321478587338386,0.22298327441913082,0.0,0.22321478587338386,0.22298327441913082,0.0,0.0,0.0
97c1e2a0fae14d998e1b987aa139ddcf,scene-0059,0.22326937030001467,0.22307005982225056,0.0,0.22326937030001467,0.22307005982225056,0.0,0.22326937030001467,0.22307005982225056,0.0,0.0,0.0
0c52a1e71f6642f9aa24710e8826f225,scene-0059,0.223317320630567,0.22314587824451723,0.0,0.223317320630567,0.22314587824451723,0.0,0.223317320630567,0.22314587824451723,0.0,0.0,0.0
534755146ad34d2684d79c1bb7b9d531,scene-0059,0.2233601291720994,0.22321518852150365,0.0,0.2233601291720994,0.22321518852150365,0.0,0.2233601291720994,0.22321518852150365,0.0,0.0,0.0
bbf91dbaf1ad4c49ad3906d58fbc6dfe,scene-0059,0.2233914776005112,0.22326500024739468,0.0,0.2233914776005112,0.22326500024739468,0.0,0.2233914776005112,0.22326500024739468,0.0,0.0,0.0
d3aac60c494e4f53952b09ec47ecad3f,scene-0059,0.22342076411070427,0.22331223884156268,0.0,0.22342076411070427,0.22331223884156268,0.0,0.22342076411070427,0.22331223884156268,0.0,0.0,0.0
4c86d3f2f3ee4cfe9a244412fc417eb2,scene-0059,0.22344222998644783,0.2233459595146363,0.0,0.22344222998644783,0.2233459595146363,0.0,0.22344222998644783,0.2233459595146363,0.0,0.0,0.0
43d44c2ab1f645779376769982dc7c24,scene-0059,0.22346649174149946,0.2233828250047923,0.0,0.22346649174149946,0.2233828250047923,0.0,0.22346649174149946,0.2233828250047923,0.0,0.0,0.0
b60ae74da29d46a89f5160a03f6282e2,scene-0059,0.223482631154657,0.2234072710809541,0.0,0.223482631154657,0.2234072710809541,0.0,0.223482631154657,0.2234072710809541,0.0,0.0,0.0
267ea0c39d91431ea64fa8e618d68ca6,scene-0059,0.22349906683656212,0.2234347957978896,0.0,0.22349906683656212,0.2234347957978896,0.0,0.22349906683656212,0.2234347957978896,0.0,0.0,0.0
909b6078894f472ea7e0349927534abb,scene-0059,0.22351347212555595,0.22345642052347453,0.0,0.22351347212555595,0.22345642052347453,0.0,0.22351347212555595,0.22345642052347453,0.0,0.0,0.0
877699b35d664dfbbb9772e164b20439,scene-0059,0.2235266061767339,0.22347776953535867,0.0,0.2235266061767339,0.22347776953535867,0.0,0.2235266061767339,0.22347776953535867,0.0,0.0,0.0
7c004b27f85042dd9fc3dccc008d2750,scene-0059,0.2235372931908643,0.2234955410665863,0.0,0.2235372931908643,0.2234955410665863,0.0,0.2235372931908643,0.2234955410665863,0.0,0.0,0.0
7a77da9e59c44b41a78a3eb28167023b,scene-0059,0.2235465142073936,0.22351195850818564,0.0,0.2235465142073936,0.22351195850818564,0.0,0.2235465142073936,0.22351195850818564,0.0,0.0,0.0
0be6cd38d36d463fbb5eb4207047aeb5,scene-0059,0.2235542622521225,0.22352451088537556,0.0,0.2235542622521225,0.22352451088537556,0.0,0.2235542622521225,0.22352451088537556,0.0,0.0,0.0
056f20ab990f40cd875233deeeb11d5c,scene-0059,0.2235618812581179,0.22353588161556873,0.0,0.2235618812581179,0.22353588161556873,0.0,0.2235618812581179,0.22353588161556873,0.0,0.0,0.0
b740e40f61c7410980beec6492167e0c,scene-0059,0.22356924941086007,0.2235467600531837,0.0,0.22356924941086007,0.2235467600531837,0.0,0.22356924941086007,0.2235467600531837,0.0,0.0,0.0
842613ca7b6c4235bb879e994af4876d,scene-0059,0.22357372346929316,0.223554548690008,0.0,0.22357372346929316,0.223554548690008,0.0,0.22357372346929316,0.223554548690008,0.0,0.0,0.0
985c290106b74a9b9b2496ed92c1c148,scene-0059,0.22357938418753692,0.22356350738435596,0.0,0.22357938418753692,0.22356350738435596,0.0,0.22357938418753692,0.22356350738435596,0.0,0.0,0.0
6d1c8ee2c155425aa3b1a81c0f5c5e6e,scene-0059,0.2235838949914125,0.22357086504683685,0.0,0.2235838949914125,0.22357086504683685,0.0,0.2235838949914125,0.22357086504683685,0.0,0.0,0.0
64e1df25b5fe4f0ba654d4d0e627d406,scene-0059,0.2235871105937533,0.22357545015631036,0.0,0.2235871105937533,0.22357545015631036,0.0,0.2235871105937533,0.22357545015631036,0.0,0.0,0.0
721c067a1a234cfbb73d6c6bfa7d601f,scene-0059,0.2235885669343487,0.22357854999387428,0.0,0.2235885669343487,0.22357854999387428,0.0,0.2235885669343487,0.22357854999387428,0.0,0.0,0.0
a2c60954ebd24c029e53afc3eb1e5482,scene-0059,0.2235911866955454,0.22358132315062135,0.0,0.2235911866955454,0.22358132315062135,0.0,0.2235911866955454,0.22358132315062135,0.0,0.0,0.0
c3e27aa694f84402a46dad5022030dca,scene-0059,0.22359396282755808,0.22358538983498763,0.0,0.22359396282755808,0.22358538983498763,0.0,0.22359396282755808,0.22358538983498763,0.0,0.0,0.0
de048f72dde64714a5fd7d8c2dedc89e,scene-0059,0.22359607435466472,0.2235892669396955,0.0,0.22359607435466472,0.2235892669396955,0.0,0.22359607435466472,0.2235892669396955,0.0,0.0,0.0
be4da7572df94b7cace70800d4171cb6,scene-0060,0.2236039275190413,0.22360261660652606,0.0,0.2236039275190413,0.22360261660652606,0.0,0.2236039275190413,0.22360261660652606,0.0,0.0,0.0
79c62505f1454feda0e837025688af1f,scene-0060,0.223604022143287,0.223604270182572,0.0,0.223604022143287,0.223604270182572,0.0,0.223604022143287,0.223604270182572,0.0,0.0,0.0
4817d561b47e4e6398f1ef5ad69cded9,scene-0060,0.22360495103855837,0.223605226948056,0.0,0.22360495103855837,0.223605226948056,0.0,0.22360495103855837,0.223605226948056,0.0,0.0,0.0
97bb6a06786f4120905d79fcc29c9820,scene-0060,0.22360529778202232,0.22360472624927707,0.0,0.22360529778202232,0.22360472624927707,0.0,0.22360529778202232,0.22360472624927707,0.0,0.0,0.0
f7e70c93e7b947d9b2d543e3037940ab,scene-0060,0.22360522129005606,0.2236044218366189,0.0,0.22360522129005606,0.2236044218366189,0.0,0.22360522129005606,0.2236044218366189,0.0,0.0,0.0
8749a1d9f17f466ea535cb88fe0b8a86,scene-0060,0.2236066947966665,0.22360498788969926,0.0,0.2236066947966665,0.22360498788969926,0.0,0.2236066947966665,0.22360498788969926,0.0,0.0,0.0
a42221fa885a4ec596a01c25e239f7eb,scene-0060,0.22360668876984424,0.2236045697877889,0.0,0.22360668876984424,0.2236045697877889,0.0,0.22360668876984424,0.2236045697877889,0.0,0.0,0.0
8eb626e3ac6f49f6a728dc0637f86555,scene-0060,0.22360664480613957,0.22360497568937768,0.0,0.22360664480613957,0.22360497568937768,0.0,0.22360664480613957,0.22360497568937768,0.0,0.0,0.0
311108d7caa44309903ab2f908057f8b,scene-0060,0.22360635173051555,0.22360491929599485,0.0,0.22360635173051555,0.22360491929599485,0.0,0.22360635173051555,0.22360491929599485,0.0,0.0,0.0
d2dc9326a1a74fac886774de316ac3e1,scene-0060,0.2236044923445257,0.22360328683905747,0.0,0.2236044923445257,0.22360328683905747,0.0,0.2236044923445257,0.22360328683905747,0.0,0.0,0.0
96406762d31746db86534f9b561456aa,scene-0060,0.22360372518484534,0.22360112773342802,0.0,0.22360372518484534,0.22360112773342802,0.0,0.22360372518484534,0.22360112773342802,0.0,0.0,0.0
47c7303b6d0f43258bff8bcf5d1f7f9d,scene-0060,0.2236044318024479,0.2236019224822094,0.0,0.2236044318024479,0.2236019224822094,0.0,0.2236044318024479,0.2236019224822094,0.0,0.0,0.0
a27b318e928144f69c1d7ad0bae24d5d,scene-0060,0.223604266049234,0.22360330969607867,0.0,0.223604266049234,0.22360330969607867,0.0,0.223604266049234,0.22360330969607867,0.0,0.0,0.0
daa082c64c39469c857fd38f59c6273a,scene-0060,0.22360535614812604,0.22360662415191537,0.0,0.22360535614812604,0.22360662415191537,0.0,0.22360535614812604,0.22360662415191537,0.0,0.0,0.0
476667635ddc4ee6968ac090a5d64cf2,scene-0060,0.2236062973714832,0.22360717202166291,0.0,0.2236062973714832,0.22360717202166291,0.0,0.2236062973714832,0.22360717202166291,0.0,0.0,0.0
28c7650d4f4c4c0cb3e70ec1fa2f6427,scene-0060,0.22360608188898942,0.2236069955289718,0.0,0.22360608188898942,0.2236069955289718,0.0,0.22360608188898942,0.2236069955289718,0.0,0.0,0.0
a30918be475345c583ee7311a62119f5,scene-0060,0.22360588093303035,0.22360529608598648,0.0,0.22360588093303035,0.22360529608598648,0.0,0.22360588093303035,0.22360529608598648,0.0,0.0,0.0
6671f055d31840569bf12893719cdf36,scene-0060,0.22360601309400835,0.2236069810268683,0.0,0.22360601309400835,0.2236069810268683,0.0,0.22360601309400835,0.2236069810268683,0.0,0.0,0.0
aa53cebd833445c6a2af7692b3e8134f,scene-0060,0.22360814093795706,0.22360846170020543,0.0,0.22360814093795706,0.22360846170020543,0.0,0.22360814093795706,0.22360846170020543,0.0,0.0,0.0
54e599157bd64cc5b984e59a9022aef1,scene-0060,0.22360904490887423,0.22360922720602985,0.0,0.22360904490887423,0.22360922720602985,0.0,0.22360904490887423,0.22360922720602985,0.0,0.0,0.0
362b37e8011d4ce69dbdb250f3279b38,scene-0060,0.22360836719552896,0.2236102393660986,0.0,0.22360836719552896,0.2236102393660986,0.0,0.22360836719552896,0.2236102393660986,0.0,0.0,0.0
4c47a65383cc4102810f4118a27ebd86,scene-0060,0.22360629502015125,0.22360594145433882,0.0,0.22360629502015125,0.22360594145433882,0.0,0.22360629502015125,0.22360594145433882,0.0,0.0,0.0
bb7cda83b32d44fe99111fcc0af5e225,scene-0060,0.2236066446915579,0.2236067643302458,0.0,0.2236066446915579,0.2236067643302458,0.0,0.2236066446915579,0.2236067643302458,0.0,0.0,0.0
88006196f9a84b569e7507d9e2e14d62,scene-0060,0.22360640941889648,0.223605351312248,0.0,0.22360640941889648,0.223605351312248,0.0,0.22360640941889648,0.223605351312248,0.0,0.0,0.0
bc9ab90d6f0b410e81bf7a20d93a1bf5,scene-0060,0.223608213699438,0.2236089830738543,0.0,0.223608213699438,0.2236089830738543,0.0,0.223608213699438,0.2236089830738543,0.0,0.0,0.0
2b608d16a84a4a4daa2550840f1fbe27,scene-0060,0.2236069808076353,0.22360923576748626,0.0,0.2236069808076353,0.22360923576748626,0.0,0.2236069808076353,0.22360923576748626,0.0,0.0,0.0
06cb58f2250844178023fce182fee869,scene-0060,0.22360788894707992,0.22360968893225663,0.0,0.22360788894707992,0.22360968893225663,0.0,0.22360788894707992,0.22360968893225663,0.0,0.0,0.0
7e6d57a01c2e4a19b1b685b276926747,scene-0060,0.2236078481048896,0.22360769487822804,0.0,0.2236078481048896,0.22360769487822804,0.0,0.2236078481048896,0.22360769487822804,0.0,0.0,0.0
02b77820e04f4624aa31597716f9f886,scene-0060,0.22360558335258107,0.2236046791279686,0.0,0.22360558335258107,0.2236046791279686,0.0,0.22360558335258107,0.2236046791279686,0.0,0.0,0.0
804b00dac454430095f53da0112fbe1a,scene-0060,0.22360772878037016,0.22360691413220807,0.0,0.22360772878037016,0.22360691413220807,0.0,0.22360772878037016,0.22360691413220807,0.0,0.0,0.0
850965917a2e461c832c3dcdc65efa74,scene-0060,0.22360722600948368,0.22360609232792997,0.0,0.22360722600948368,0.22360609232792997,0.0,0.22360722600948368,0.22360609232792997,0.0,0.0,0.0
ca9a282c9e77460f8360f564131a8af5,scene-0061,3.8983959299356292,6.922929774612677,0.0,3.7485901963071195,9.310976365718512,0.5999999999999999,3.229560817931287,8.116071634331092,0.8250000000000004,0.5190293783758326,-0.22500000000000053
39586f9d59004284a7114a68825e8eec,scene-0061,2.112818991069403,3.4702541721880293,0.0,2.4812063558732813,3.4702541721880293,0.5250000000000001,1.4110230245202322,3.4702541721880293,0.75,1.070183331353049,-0.22499999999999987
356d81f38dd9473ba590f39e266f54e5,scene-0061,3.862784168296355,6.962118966668754,0.0,3.7137318271769235,6.962118966668754,0.2999999999999998,4.534705965341146,9.3491638811477,0.6750000000000005,-0.8209741381642228,-0.37500000000000067
e0845f5322254dafadbbed75aaa07969,scene-0061,4.3186881975031195,9.494859448196621,0.0,2.267627875404635,2.184260203126707,2.204671734915168,1.719315813344627,2.184260203126707,2.9570639182137746,0.5483120620600082,-0.7523921832986065
c923fe08b2ff4e27975d2bf30934383b,scene-0061,4.080381245278643,8.406195308182868,0.0,4.349582355877768,5.183737359642454,1.0048759228251127,3.109261425826029,4.108311510566661,1.4678074928679066,1.2403209300517388,-0.46293157004279384
f1e3d9d08f044c439ce86a2d6fcca57b,scene-0061,3.703926892568754,7.536665530004025,0.0,3.8592438323311677,5.16932047624742,1.0499999999999998,3.7094435006053335,5.16932047624742,0.8999999999999999,0.1498003317258343,0.1499999999999999
4f545737bf3347fbbc9af60b0be9a963,scene-0061,2.743557627253253,5.433922613381765,0.0,4.685413823445346,1.496122414039696,6.599999999999999,4.771107576023175,1.496122414039696,6.975,-0.08569375257782852,-0.3750000000000009
7626dde27d604ac28a0240bdd54eba7a,scene-0061,4.031548044041308,6.7310220597963335,0.0,4.038055073622001,6.7310220597963335,0.7500000000000002,4.482876436873935,6.7310220597963335,0.9000000000000001,-0.44482136325193444,-0.1499999999999999
be99ffc878b24aca8956bbb4e0f97d0c,scene-0061,3.9597327107395044,9.27735065980183,0.0,4.476242838891257,9.27735065980183,0.5250000000000001,4.5509081165171406,9.27735065980183,0.6000000000000001,-0.0746652776258836,-0.07499999999999996
9813c23a5f1448b09bb7910fea9baf20,scene-0061,4.105922602903767,9.494735900987807,0.0,4.471819704722393,9.494735900987807,0.375,4.471819704722393,9.494735900987807,0.375,0.0,0.0
023c4df2d451409881d8e6ea82f14704,scene-0061,3.870854482653483,7.213566502143035,0.0,3.8483080624995,7.213566502143035,0.31770509831248434,4.013727160800398,7.213566502143035,0.1499999999999999,-0.16541909830089807,0.16770509831248442
c235638ed66145988d17f9d0601923f2,scene-0061,3.2798737068862387,7.456449913347047,0.0,4.3884357260089235,7.456449913347047,1.149341649025257,4.517846211682856,8.527663114450172,1.2993416490252572,-0.1294104856739322,-0.15000000000000013
bc3c8a953f6b4dcdb77b521d89f3d9d5,scene-0061,3.215726904142823,5.19161489271302,0.0,3.112360753207307,2.5739102129498397,0.8298371326684488,3.50711797175476,8.89002570970908,0.899302858868593,-0.3947572185474528,-0.06946572620014413
1e3d79dae62742a0ad64c91679863358,scene-0061,2.079857674256488,4.1095284229939955,0.0,2.6157725313267766,3.2291250390157766,1.4385254915624208,4.466654375993048,8.433152199072174,2.4959472639815674,-1.8508818446662718,-1.0574217724191466
2afb9d32310e4546a71cbe432911eca2,scene-0061,7.354008925810962,17.971618885653537,0.0,9.35136305747998,17.971618885653537,2.0999999999999996,9.421562293392352,17.971618885653537,2.175,-0.0701992359123711,-0.07500000000000018
cd21dbfc3bd749c7b10a5c42562e0c42,scene-0061,7.56286708675007,17.469246040051534,0.0,9.747065444625003,17.469246040051534,2.2606601717798203,8.949507263678871,17.469246040051534,1.435660171779821,0.7975581809461314,0.8249999999999993
88449a5cb1644a199c1c11f6ac034867,scene-0061,2.699043809445506,4.728782590281797,0.0,1.2613046701170947,2.955294221654217,3.5486745206905406,1.3667629543165694,2.955294221654217,3.0347530248593713,-0.10545828419947467,0.5139214958311693
2ff86dc19c4644a1a88ce5ba848f56e5,scene-0061,1.4264333188442446,4.208602489628086,0.0,1.5641915772268553,1.7182703567049868,1.6067235430963671,1.5641915772268553,1.7182703567049868,1.6067235430963671,0.0,0.0
bf2938e43c6f487497cda76b51bfc406,scene-0061,7.471461918542589,16.009542019369068,0.0,2.2946540832732927,3.937039374768066,9.343234819455532,3.0649569764150213,8.129196099531079,10.286334589446245,-0.7703028931417286,-0.9430997699907131
b26e791522294bec90f86fd72226e35c,scene-0061,7.116286969027319,15.499441912301315,0.0,2.5400266256753508,4.502230206891314,9.528006492388219,2.3727165305614406,4.502230206891314,9.362346182505995,0.16731009511391015,0.1656603098822238
c844bf5a9f2243ff8f4bf2c85fe218ff,scene-0061,2.0526313062003783,3.620408884884977,0.0,1.870862131815544,5.309488335677776,2.3030756797244303,1.870862131815544,5.309488335677776,2.3030756797244303,0.0,0.0
fedfb3a6cb804635a0f47143f9ca8d6f,scene-0061,1.6827118037420012,3.938629445246214,0.0,2.3465661799818966,3.938629445246214,2.4392218076374705,2.248003996269799,3.938629445246214,2.3465167093249866,0.0985621837120978,0.09270509831248397
965f6af5a92449348409029a5f048a38,scene-0061,2.0465523580071796,4.285270032998556,0.0,3.089334748246761,5.858748789665779,3.0199447205264454,3.089334748246761,5.858748789665779,3.0199447205264454,0.0,0.0
4711bcd34644420da8bc77163431888e,scene-0061,2.2680479524914756,6.320098683877773,0.0,2.8392917071543717,3.6676249179473794,1.2475810211375966,2.9318831050890277,3.6676249179473794,1.3402861194500808,-0.09259139793465598,-0.09270509831248419
a34fabc7aa674713b71f98ec541eb2d4,scene-0061,2.941329134225355,6.915225570142753,0.0,2.8175785398130175,4.332725609258128,0.5914762138029506,2.6333555262156674,5.759316606431219,0.49877111549046615,0.18422301359735016,0.09270509831248441
c78067571d104caba7c568a847d56971,scene-0061,1.246440125767188,5.007179127382026,0.0,2.5834455785541737,6.186323624360522,1.7929682219763705,2.729753545121776,6.186323624360522,2.0301390464889995,-0.14630796656760214,-0.23717082451262894
4246e57f018745c9b2bc68feb3d71b58,scene-0061,1.4945819888629988,4.245766370524706,0.0,2.2885114422117603,5.459981252535083,3.486389619713496,2.261994239564042,5.459981252535083,3.2626088934605884,0.026517202647718285,0.22378072625290768
a7acb150914b40bdad9a2dc4e657cbf9,scene-0061,1.9740217911204145,3.880581928863938,0.0,1.608359550725071,5.797833196238489,2.9296693311223905,1.608359550725071,5.797833196238489,2.9296693311223905,0.0,0.0
0cd661df01aa40c3bb3a773ba86f753a,scene-0061,2.273372001348391,4.718258752618878,0.0,2.4167157403103303,4.718258752618878,0.5250000000000001,2.1467208948640657,4.718258752618878,0.6000000000000001,0.2699948454462646,-0.07499999999999996
378a3a3e9af346308ab9dff8ced46d9c,scene-0061,1.4056543144567268,1.2814102906700595,0.0,4.107895568778764,10.790513612656701,5.474999999999998,2.7025698790911163,8.392648550162857,3.299999999999999,1.4053256896876474,2.174999999999999
eef55c3b48f34d949959b45130ee293a,scene-0061,0.9094033701156847,3.4724301676846943,0.0,3.9682902860723894,6.192373024276759,4.574999999999998,4.374781179761493,9.446054785887169,3.6749999999999994,-0.40649089368910385,0.899999999999999
